{
"type": "FeatureCollection",
"name": "places-PA",
"crs": { "type": "name", "properties": { "name": "urn:ogc:def:crs:OGC:1.3:CRS84" } },
"features": [
{ "type": "Feature", "properties": { "GEOID": "4260000", "NAME": "Philadelphia city, Pennsylvania", "population": 1574281.0 }, "geometry": { "type": "Polygon", "coordinates": [ [ [ -75.27754, 39.971127 ], [ -75.275394, 39.969575 ], [ -75.270598, 39.96866 ], [ -75.270002, 39.967479 ], [ -75.267386, 39.966215 ], [ -75.265448, 39.965257 ], [ -75.260491, 39.966313 ], [ -75.259078, 39.965692 ], [ -75.25711, 39.963719 ], [ -75.25414, 39.965404 ], [ -75.250313, 39.965069 ], [ -75.248056, 39.964074 ], [ -75.247688, 39.962817 ], [ -75.248546, 39.960269 ], [ -75.250883, 39.959024 ], [ -75.249499, 39.957189 ], [ -75.249006, 39.956907 ], [ -75.250816, 39.953475 ], [ -75.251577, 39.952127 ], [ -75.251609, 39.951466 ], [ -75.250118, 39.94697 ], [ -75.247208, 39.943904 ], [ -75.247028, 39.943414 ], [ -75.240367, 39.942171 ], [ -75.239903, 39.940035 ], [ -75.240626, 39.939191 ], [ -75.23957, 39.938039 ], [ -75.236878, 39.938432 ], [ -75.234868, 39.937456 ], [ -75.23492, 39.936333 ], [ -75.236647, 39.933897 ], [ -75.237436, 39.932557 ], [ -75.241909, 39.933544 ], [ -75.243369, 39.931908 ], [ -75.243643, 39.930897 ], [ -75.244336, 39.92625 ], [ -75.247511, 39.921709 ], [ -75.247484, 39.919242 ], [ -75.247341, 39.918541 ], [ -75.24694, 39.916871 ], [ -75.2472, 39.913578 ], [ -75.251498, 39.910051 ], [ -75.249929, 39.909352 ], [ -75.250319, 39.907626 ], [ -75.2525, 39.906614 ], [ -75.253492, 39.905585 ], [ -75.251288, 39.904403 ], [ -75.255597, 39.899596 ], [ -75.255093, 39.898756 ], [ -75.257362, 39.895844 ], [ -75.256789, 39.895189 ], [ -75.259112, 39.892436 ], [ -75.261743, 39.891774 ], [ -75.262485, 39.888406 ], [ -75.264878, 39.887927 ], [ -75.26273, 39.885554 ], [ -75.264602, 39.884737 ], [ -75.261965, 39.88324 ], [ -75.264563, 39.882123 ], [ -75.265003, 39.880983 ], [ -75.262528, 39.876561 ], [ -75.261245, 39.876484 ], [ -75.253515, 39.876015 ], [ -75.248431, 39.876485 ], [ -75.246824, 39.875142 ], [ -75.241746, 39.872585 ], [ -75.24047, 39.872381 ], [ -75.23637, 39.876187 ], [ -75.234122, 39.877181 ], [ -75.229985, 39.876847 ], [ -75.223763, 39.875858 ], [ -75.21977, 39.875479 ], [ -75.215722, 39.876087 ], [ -75.215787, 39.875052 ], [ -75.216039, 39.871115 ], [ -75.2116901, 39.8669542 ], [ -75.204087, 39.871204 ], [ -75.199931, 39.8731867 ], [ -75.199857, 39.873222 ], [ -75.1952314, 39.8773314 ], [ -75.195018, 39.877521 ], [ -75.189323, 39.880713 ], [ -75.1884663, 39.8808898 ], [ -75.184944, 39.8816166 ], [ -75.183023, 39.882013 ], [ -75.1745346, 39.8824393 ], [ -75.1653943, 39.8828983 ], [ -75.148893, 39.883727 ], [ -75.1453492, 39.8846021 ], [ -75.1444135, 39.8848332 ], [ -75.143746, 39.884998 ], [ -75.141522, 39.886891 ], [ -75.1394045, 39.8884318 ], [ -75.137296, 39.889966 ], [ -75.1354146, 39.8929982 ], [ -75.13342, 39.896213 ], [ -75.13082, 39.900213 ], [ -75.1302605, 39.9024511 ], [ -75.1295488, 39.9052979 ], [ -75.1290052, 39.9074723 ], [ -75.12792, 39.911813 ], [ -75.1292772, 39.9150209 ], [ -75.13012, 39.917013 ], [ -75.132344, 39.921666 ], [ -75.1343276, 39.925851 ], [ -75.1349749, 39.9272169 ], [ -75.13502, 39.927312 ], [ -75.1358765, 39.9324509 ], [ -75.13612, 39.933912 ], [ -75.1360399, 39.9365541 ], [ -75.1360127, 39.9374517 ], [ -75.135836, 39.9432851 ], [ -75.13572, 39.947112 ], [ -75.1342172, 39.9528371 ], [ -75.1341938, 39.9529264 ], [ -75.133855, 39.954217 ], [ -75.1322946, 39.9560949 ], [ -75.1302181, 39.958594 ], [ -75.13012, 39.958712 ], [ -75.12692, 39.961112 ], [ -75.1254391, 39.961939 ], [ -75.1238828, 39.9628081 ], [ -75.11922, 39.965412 ], [ -75.119026, 39.9654918 ], [ -75.1127061, 39.9680913 ], [ -75.102287, 39.972377 ], [ -75.0940173, 39.9743409 ], [ -75.093718, 39.974412 ], [ -75.085831, 39.975102 ], [ -75.075605, 39.978041 ], [ -75.068802, 39.98224 ], [ -75.0686137, 39.9823941 ], [ -75.0677013, 39.9831409 ], [ -75.0654428, 39.984989399999989 ], [ -75.064175, 39.986027 ], [ -75.0601125, 39.991516 ], [ -75.059647, 39.992145 ], [ -75.058089, 39.997404 ], [ -75.0537705, 40.0040089 ], [ -75.053405, 40.004568 ], [ -75.052265, 40.005538 ], [ -75.04709, 40.009941 ], [ -75.0429559, 40.0119987 ], [ -75.042889, 40.012032 ], [ -75.0353057, 40.0148186 ], [ -75.034216, 40.015219 ], [ -75.0304411, 40.0160524 ], [ -75.0207232, 40.0181979 ], [ -75.019645, 40.018436 ], [ -75.0138689, 40.0201943 ], [ -75.0137798, 40.0202214 ], [ -75.012214, 40.020698 ], [ -75.008568, 40.023883 ], [ -75.0034202, 40.0273889 ], [ -74.9900961, 40.0364635 ], [ -74.988884, 40.037289 ], [ -74.9868143, 40.038812 ], [ -74.984879, 40.0402362 ], [ -74.9827962, 40.0417688 ], [ -74.9816115, 40.0426406 ], [ -74.9777037, 40.045516299999989 ], [ -74.977435, 40.045714 ], [ -74.9739353, 40.048038 ], [ -74.974784, 40.049316 ], [ -74.979695, 40.053399 ], [ -74.982022, 40.053727 ], [ -74.983194, 40.054223 ], [ -74.983904, 40.054994 ], [ -74.984302, 40.05585 ], [ -74.985163, 40.056932 ], [ -74.980437, 40.060304 ], [ -74.981023, 40.064939 ], [ -74.980878, 40.066028 ], [ -74.977124, 40.06825 ], [ -74.9748, 40.070821 ], [ -74.971063, 40.073966 ], [ -74.971466, 40.074355 ], [ -74.971086, 40.076007 ], [ -74.967063, 40.076378 ], [ -74.964842, 40.077148 ], [ -74.963604, 40.077105 ], [ -74.962014, 40.079584 ], [ -74.959085, 40.082349 ], [ -74.958421, 40.08392 ], [ -74.958629, 40.084294 ], [ -74.9576, 40.087094 ], [ -74.957747, 40.089844 ], [ -74.956447, 40.092757 ], [ -74.955777, 40.095103 ], [ -74.958623, 40.096872 ], [ -74.958749, 40.096929 ], [ -74.95994, 40.09737 ], [ -74.961766, 40.097752 ], [ -74.961088, 40.102777 ], [ -74.961156, 40.103446 ], [ -74.963926, 40.105589 ], [ -74.963682, 40.107047 ], [ -74.965431, 40.107886 ], [ -74.96377, 40.109753 ], [ -74.964137, 40.113462 ], [ -74.963174, 40.116675 ], [ -74.96426, 40.117558 ], [ -74.964991, 40.118635 ], [ -74.967122, 40.117943 ], [ -74.969202, 40.116817 ], [ -74.970178, 40.117004 ], [ -74.972961, 40.119803 ], [ -74.975724, 40.120252 ], [ -74.979132, 40.119343 ], [ -74.980058, 40.119883 ], [ -74.982371, 40.119942 ], [ -74.983432, 40.12362 ], [ -74.986907, 40.123375 ], [ -74.989156, 40.126162 ], [ -74.994167, 40.126094 ], [ -74.994407, 40.127278 ], [ -74.992751, 40.130606 ], [ -74.993894, 40.131883 ], [ -74.997885, 40.127816 ], [ -75.003255, 40.131012 ], [ -75.005946, 40.132524 ], [ -75.009117, 40.134355 ], [ -75.015066, 40.137992 ], [ -75.020571, 40.132274 ], [ -75.024891, 40.129216 ], [ -75.033263, 40.123385 ], [ -75.037842, 40.120213 ], [ -75.043856, 40.115997 ], [ -75.044263, 40.115713 ], [ -75.048542, 40.112729 ], [ -75.054321, 40.108692 ], [ -75.058342, 40.105892 ], [ -75.069456, 40.094411 ], [ -75.07127, 40.092532 ], [ -75.077805, 40.08577 ], [ -75.082456, 40.082884 ], [ -75.086906, 40.078648 ], [ -75.090193, 40.075238 ], [ -75.090317, 40.075115 ], [ -75.096733, 40.068989 ], [ -75.087425, 40.063599 ], [ -75.093644, 40.057429 ], [ -75.093504, 40.057241 ], [ -75.095078, 40.056091 ], [ -75.100896, 40.052723 ], [ -75.100935, 40.052699 ], [ -75.102413, 40.051792 ], [ -75.10323, 40.051355 ], [ -75.10789, 40.048195 ], [ -75.109406, 40.04584 ], [ -75.109431, 40.045874 ], [ -75.110985, 40.046769 ], [ -75.112363, 40.047563 ], [ -75.117104, 40.050304 ], [ -75.118553, 40.051132 ], [ -75.118652, 40.051186 ], [ -75.122147, 40.053177 ], [ -75.124916, 40.054684 ], [ -75.12632, 40.055481 ], [ -75.129021, 40.057091 ], [ -75.130135, 40.057796 ], [ -75.135124, 40.060989 ], [ -75.136719, 40.061821 ], [ -75.139427, 40.063358 ], [ -75.140897, 40.064239 ], [ -75.143117, 40.065493 ], [ -75.146683, 40.067547 ], [ -75.148331, 40.068485 ], [ -75.151596, 40.070328 ], [ -75.154076, 40.071732 ], [ -75.158417, 40.074169 ], [ -75.161285, 40.075764 ], [ -75.163399, 40.07695 ], [ -75.169914, 40.080818 ], [ -75.171601, 40.081813 ], [ -75.172951, 40.082581 ], [ -75.176438, 40.084649 ], [ -75.179756, 40.081333 ], [ -75.180901, 40.080219 ], [ -75.182053, 40.079102 ], [ -75.186096, 40.075123 ], [ -75.188461, 40.07275 ], [ -75.189203, 40.073174 ], [ -75.190831, 40.074114 ], [ -75.197601, 40.077991 ], [ -75.209396, 40.084927 ], [ -75.211868, 40.086086 ], [ -75.212375, 40.085995 ], [ -75.21357, 40.087154 ], [ -75.22361, 40.092907 ], [ -75.2305, 40.086022 ], [ -75.232952, 40.083618 ], [ -75.243288, 40.073494 ], [ -75.252209, 40.065278 ], [ -75.264431, 40.054094 ], [ -75.257655, 40.047611 ], [ -75.255098, 40.046122 ], [ -75.254678, 40.045924 ], [ -75.251298, 40.043505 ], [ -75.247919, 40.040762 ], [ -75.245598, 40.037655 ], [ -75.242414, 40.035923 ], [ -75.2404, 40.033899 ], [ -75.234765, 40.030162 ], [ -75.232042, 40.028037 ], [ -75.228149, 40.026031 ], [ -75.226652, 40.025267 ], [ -75.223694, 40.023712 ], [ -75.222153, 40.022614 ], [ -75.219617, 40.021908 ], [ -75.216276, 40.019564 ], [ -75.214631, 40.017835 ], [ -75.212219, 40.015461 ], [ -75.208008, 40.012997 ], [ -75.207599, 40.012719 ], [ -75.205978, 40.011723 ], [ -75.207376, 40.01048 ], [ -75.208221, 40.009947 ], [ -75.213745, 40.00716 ], [ -75.220665, 40.003944 ], [ -75.226402, 40.001255 ], [ -75.227462, 40.000746 ], [ -75.235298, 39.99707 ], [ -75.237331, 39.996128 ], [ -75.245689, 39.992191 ], [ -75.247948, 39.991138 ], [ -75.25, 39.99018 ], [ -75.251438, 39.989504 ], [ -75.253999, 39.988304 ], [ -75.263687, 39.982658 ], [ -75.265566, 39.981832 ], [ -75.267973, 39.980757 ], [ -75.269257, 39.980186 ], [ -75.271309, 39.979275 ], [ -75.273552, 39.978279 ], [ -75.275871, 39.977245 ], [ -75.276482, 39.976959 ], [ -75.280266, 39.974964 ], [ -75.27754, 39.971127 ] ] ] } },
{ "type": "Feature", "properties": { "GEOID": "4261000", "NAME": "Pittsburgh city, Pennsylvania", "population": 307632.0 }, "geometry": { "type": "Polygon", "coordinates": [ [ [ -80.095328, 40.457495 ], [ -80.0945, 40.451331 ], [ -80.093375, 40.450754 ], [ -80.090713, 40.451421 ], [ -80.089517, 40.450427 ], [ -80.091024, 40.44905 ], [ -80.090108, 40.446579 ], [ -80.090165, 40.444162 ], [ -80.089237, 40.443333 ], [ -80.084068, 40.441929 ], [ -80.082883, 40.440437 ], [ -80.080749, 40.439738 ], [ -80.080612, 40.440118 ], [ -80.080136, 40.440682 ], [ -80.076352, 40.441808 ], [ -80.077437, 40.444188 ], [ -80.078505, 40.446527 ], [ -80.076534, 40.448007 ], [ -80.073149, 40.448653 ], [ -80.072945, 40.448325 ], [ -80.068616, 40.447845 ], [ -80.066194, 40.449381 ], [ -80.064007, 40.447625 ], [ -80.062611, 40.447233 ], [ -80.061901, 40.447807 ], [ -80.060935, 40.446707 ], [ -80.058497, 40.444588 ], [ -80.055371, 40.443936 ], [ -80.060664, 40.442081 ], [ -80.061216, 40.440632 ], [ -80.057596, 40.437534 ], [ -80.059123, 40.437135 ], [ -80.057285, 40.431572 ], [ -80.057907, 40.431459 ], [ -80.059154, 40.429331 ], [ -80.062166, 40.429049 ], [ -80.063141, 40.427914 ], [ -80.065546, 40.430349 ], [ -80.06858, 40.431358 ], [ -80.070567, 40.428629 ], [ -80.073207, 40.426039 ], [ -80.073882, 40.425463 ], [ -80.080519, 40.423723 ], [ -80.085542, 40.423842 ], [ -80.085412, 40.421243 ], [ -80.084507, 40.420522 ], [ -80.079594, 40.420038 ], [ -80.074859, 40.420602 ], [ -80.07603, 40.417947 ], [ -80.078659, 40.416462 ], [ -80.075831, 40.41472 ], [ -80.073862, 40.413399 ], [ -80.071908, 40.415617 ], [ -80.066552, 40.416665 ], [ -80.0661, 40.417301 ], [ -80.066882, 40.420621 ], [ -80.067164, 40.422884 ], [ -80.065514, 40.425117 ], [ -80.063726, 40.426375 ], [ -80.057235, 40.426439 ], [ -80.053773, 40.427938 ], [ -80.047381, 40.425957 ], [ -80.046592, 40.427031 ], [ -80.046643, 40.42942 ], [ -80.042705, 40.428674 ], [ -80.04315, 40.428044 ], [ -80.04169, 40.428987 ], [ -80.038371, 40.427846 ], [ -80.034827, 40.428358 ], [ -80.039617, 40.42067 ], [ -80.043725, 40.414052 ], [ -80.047599, 40.40778 ], [ -80.051202, 40.401943 ], [ -80.044882, 40.39906 ], [ -80.044625, 40.399088 ], [ -80.041853, 40.399433 ], [ -80.039818, 40.401279 ], [ -80.036343, 40.404261 ], [ -80.035583, 40.40429 ], [ -80.035622, 40.401698 ], [ -80.036579, 40.400809 ], [ -80.032482, 40.401729 ], [ -80.031976, 40.401043 ], [ -80.031757, 40.400089 ], [ -80.02939, 40.397205 ], [ -80.031144, 40.396613 ], [ -80.030698, 40.395351 ], [ -80.030767, 40.395007 ], [ -80.028696, 40.391296 ], [ -80.027778, 40.39155 ], [ -80.026478, 40.39085 ], [ -80.021313, 40.388118 ], [ -80.018159, 40.38645 ], [ -80.017108, 40.386314 ], [ -80.016418, 40.385129 ], [ -80.013819, 40.386562 ], [ -80.012579, 40.380889 ], [ -80.007632, 40.381122 ], [ -80.007356, 40.380898 ], [ -80.006326, 40.383472 ], [ -80.005121, 40.383883 ], [ -80.001728, 40.379699 ], [ -80.005361, 40.377133 ], [ -80.006708, 40.374861 ], [ -80.00457, 40.374218 ], [ -80.001586, 40.374841 ], [ -79.999123, 40.377344 ], [ -79.998051, 40.376472 ], [ -79.993999, 40.375839 ], [ -79.993508, 40.378343 ], [ -79.992796, 40.378609 ], [ -79.991127, 40.378924 ], [ -79.986032, 40.377822 ], [ -79.984828, 40.37955 ], [ -79.983342, 40.381516 ], [ -79.981947, 40.380642 ], [ -79.977645, 40.381743 ], [ -79.976142, 40.381301 ], [ -79.976845, 40.382844 ], [ -79.97765, 40.384143 ], [ -79.976472, 40.385386 ], [ -79.974081, 40.384792 ], [ -79.975756, 40.387212 ], [ -79.973083, 40.388717 ], [ -79.973226, 40.392778 ], [ -79.975788, 40.393122 ], [ -79.978109, 40.39697 ], [ -79.979739, 40.399462 ], [ -79.979994, 40.400695 ], [ -79.979577, 40.401637 ], [ -79.976555, 40.40392 ], [ -79.969312, 40.405479 ], [ -79.96283, 40.409671 ], [ -79.956366, 40.410631 ], [ -79.955098, 40.410546 ], [ -79.952955, 40.410659 ], [ -79.950849, 40.403751 ], [ -79.948135, 40.400422 ], [ -79.9455, 40.398462 ], [ -79.94259, 40.397328 ], [ -79.937729, 40.396786 ], [ -79.937112, 40.395267 ], [ -79.938793, 40.395026 ], [ -79.938185, 40.393079 ], [ -79.94387, 40.394168 ], [ -79.950608, 40.399618 ], [ -79.95284, 40.401705 ], [ -79.95492, 40.406845 ], [ -79.956032, 40.406617 ], [ -79.956644, 40.408229 ], [ -79.956131, 40.410309 ], [ -79.959048, 40.40974 ], [ -79.960393, 40.407761 ], [ -79.96303, 40.407881 ], [ -79.963884, 40.408737 ], [ -79.970106, 40.404756 ], [ -79.970865, 40.402811 ], [ -79.969054, 40.400468 ], [ -79.963904, 40.399715 ], [ -79.963476, 40.398325 ], [ -79.959512, 40.397556 ], [ -79.959924, 40.395598 ], [ -79.958046, 40.39539 ], [ -79.957735, 40.389914 ], [ -79.957195, 40.389895 ], [ -79.952436, 40.390183 ], [ -79.949502, 40.39124 ], [ -79.947282, 40.390049 ], [ -79.944395, 40.390177 ], [ -79.942093, 40.388214 ], [ -79.936531, 40.388764 ], [ -79.935384, 40.383613 ], [ -79.935473, 40.38095 ], [ -79.936448, 40.380662 ], [ -79.942535, 40.37967 ], [ -79.943332, 40.378157 ], [ -79.9455, 40.376079 ], [ -79.943666, 40.374965 ], [ -79.942734, 40.375965 ], [ -79.940625, 40.374666 ], [ -79.939439, 40.373941 ], [ -79.926577, 40.374999 ], [ -79.924982, 40.375091 ], [ -79.924682, 40.373062 ], [ -79.92235, 40.369707 ], [ -79.920665, 40.365361 ], [ -79.91373, 40.365514 ], [ -79.911898, 40.365008 ], [ -79.910821, 40.362849 ], [ -79.908208, 40.363572 ], [ -79.907438, 40.362028 ], [ -79.907181, 40.361514 ], [ -79.90083, 40.364996 ], [ -79.900295, 40.365255 ], [ -79.903438, 40.371889 ], [ -79.908604, 40.370523 ], [ -79.911818, 40.372805 ], [ -79.908844, 40.376692 ], [ -79.908347, 40.378153 ], [ -79.910679, 40.378715 ], [ -79.911689, 40.380541 ], [ -79.915668, 40.380277 ], [ -79.916241, 40.380079 ], [ -79.917314, 40.381597 ], [ -79.916084, 40.382113 ], [ -79.917866, 40.388033 ], [ -79.918466, 40.388475 ], [ -79.9149, 40.39339 ], [ -79.916912, 40.393921 ], [ -79.913306, 40.396972 ], [ -79.9164, 40.398784 ], [ -79.918244, 40.399306 ], [ -79.929619, 40.389731 ], [ -79.932357, 40.391499 ], [ -79.932971, 40.397317 ], [ -79.933008, 40.397631 ], [ -79.929157, 40.399256 ], [ -79.927225, 40.400926 ], [ -79.921112, 40.408298 ], [ -79.9196, 40.409766 ], [ -79.918572, 40.410757 ], [ -79.915403, 40.413226 ], [ -79.911464, 40.414838 ], [ -79.905972, 40.415707 ], [ -79.901512, 40.415879 ], [ -79.899623, 40.41545 ], [ -79.898872, 40.41885 ], [ -79.897203, 40.42606 ], [ -79.896712, 40.42646 ], [ -79.894194, 40.425554 ], [ -79.891006, 40.427197 ], [ -79.89218, 40.427888 ], [ -79.893762, 40.426922 ], [ -79.895096, 40.428166 ], [ -79.897083, 40.427785 ], [ -79.895568, 40.434962 ], [ -79.895142, 40.437192 ], [ -79.895038, 40.437668 ], [ -79.894363, 40.441175 ], [ -79.893751, 40.443837 ], [ -79.893225, 40.446494 ], [ -79.892423, 40.450266 ], [ -79.890444, 40.449459 ], [ -79.888184, 40.447659 ], [ -79.88593, 40.446907 ], [ -79.884087, 40.449144 ], [ -79.879255, 40.449756 ], [ -79.877128, 40.449803 ], [ -79.872685, 40.449367 ], [ -79.867561, 40.449389 ], [ -79.866477, 40.452766 ], [ -79.865843, 40.455745 ], [ -79.868278, 40.456351 ], [ -79.872608, 40.45753 ], [ -79.871695, 40.460565 ], [ -79.869102, 40.460973 ], [ -79.870573, 40.46119 ], [ -79.874504, 40.459263 ], [ -79.875607, 40.460686 ], [ -79.875531, 40.461549 ], [ -79.879241, 40.459152 ], [ -79.888502, 40.46143 ], [ -79.889992, 40.461829 ], [ -79.887735, 40.473067 ], [ -79.887081, 40.47592 ], [ -79.886561, 40.478184 ], [ -79.884665, 40.479312 ], [ -79.883807, 40.483212 ], [ -79.8882, 40.483948 ], [ -79.888175, 40.48644 ], [ -79.884592, 40.487329 ], [ -79.884484, 40.488949 ], [ -79.884604, 40.490922 ], [ -79.889832, 40.491527 ], [ -79.896912, 40.492614 ], [ -79.897604, 40.487879 ], [ -79.901626, 40.488985 ], [ -79.901424, 40.486189 ], [ -79.905354, 40.486726 ], [ -79.907352, 40.4872 ], [ -79.912483, 40.488273 ], [ -79.915182, 40.488835 ], [ -79.923567, 40.490717 ], [ -79.927922, 40.491538 ], [ -79.93218, 40.491689 ], [ -79.935572, 40.491491 ], [ -79.938012, 40.491067 ], [ -79.938355, 40.490983 ], [ -79.947617, 40.488758 ], [ -79.95127, 40.487586 ], [ -79.955351, 40.485907 ], [ -79.96069, 40.482055 ], [ -79.963175, 40.479766 ], [ -79.964756, 40.477917 ], [ -79.968685, 40.47275 ], [ -79.970036, 40.471108 ], [ -79.970767, 40.470658 ], [ -79.974678, 40.469436 ], [ -79.977193, 40.470848 ], [ -79.978815, 40.471527 ], [ -79.980313, 40.47039 ], [ -79.981813, 40.469343 ], [ -79.98296, 40.467263 ], [ -79.983868, 40.466322 ], [ -79.987519, 40.475543 ], [ -79.987879, 40.476303 ], [ -79.988092, 40.476763 ], [ -79.995023, 40.477361 ], [ -79.993414, 40.476661 ], [ -79.992274, 40.473556 ], [ -79.99186, 40.473134 ], [ -79.997545, 40.472982 ], [ -79.997611, 40.474591 ], [ -79.995833, 40.474536 ], [ -79.995346, 40.477361 ], [ -79.996517, 40.479186 ], [ -80.001683, 40.480082 ], [ -80.001767, 40.482428 ], [ -80.00322, 40.482939 ], [ -80.003932, 40.496285 ], [ -80.010681, 40.499096 ], [ -80.01102, 40.50089 ], [ -80.012258, 40.498879 ], [ -80.013033, 40.498731 ], [ -80.016984, 40.499834 ], [ -80.01783, 40.497353 ], [ -80.020079, 40.497709 ], [ -80.02014, 40.49594 ], [ -80.021983, 40.493839 ], [ -80.022906, 40.495292 ], [ -80.025426, 40.495332 ], [ -80.025898, 40.4968 ], [ -80.027795, 40.496124 ], [ -80.027784, 40.4911 ], [ -80.035447, 40.490931 ], [ -80.03749, 40.490065 ], [ -80.040712, 40.491455 ], [ -80.043251, 40.489569 ], [ -80.045594, 40.487804 ], [ -80.046444, 40.487163 ], [ -80.049903, 40.485523 ], [ -80.0511, 40.483782 ], [ -80.053179, 40.48217 ], [ -80.051722, 40.481287 ], [ -80.048394, 40.477106 ], [ -80.047862, 40.475814 ], [ -80.046841, 40.472395 ], [ -80.050265, 40.469281 ], [ -80.051178, 40.465599 ], [ -80.053359, 40.464964 ], [ -80.058485, 40.463447 ], [ -80.060835, 40.464184 ], [ -80.066203, 40.461635 ], [ -80.068551, 40.460787 ], [ -80.07189, 40.461252 ], [ -80.074234, 40.463127 ], [ -80.074891, 40.463685 ], [ -80.076707, 40.464695 ], [ -80.077697, 40.464736 ], [ -80.079934, 40.463366 ], [ -80.081453, 40.460619 ], [ -80.083913, 40.459466 ], [ -80.086782, 40.459856 ], [ -80.094684, 40.45967 ], [ -80.095139, 40.459269 ], [ -80.095328, 40.457495 ] ], [ [ -79.991908, 40.407172 ], [ -79.991635, 40.407611 ], [ -79.990762, 40.409508 ], [ -79.989608, 40.412054 ], [ -79.98922, 40.412691 ], [ -79.988039, 40.414434 ], [ -79.988107, 40.415913 ], [ -79.988183, 40.41851 ], [ -79.986362, 40.417556 ], [ -79.982259, 40.417667 ], [ -79.981795, 40.414111 ], [ -79.981571, 40.410415 ], [ -79.980801, 40.409485 ], [ -79.981091, 40.40784 ], [ -79.981452, 40.405855 ], [ -79.985357, 40.405995 ], [ -79.987322, 40.406036 ], [ -79.991942, 40.407126 ], [ -79.991908, 40.407172 ] ] ] } },
{ "type": "Feature", "properties": { "GEOID": "4202000", "NAME": "Allentown city, Pennsylvania", "population": 126044.0 }, "geometry": { "type": "MultiPolygon", "coordinates": [ [ [ [ -75.528518, 40.600165 ], [ -75.528272, 40.599326 ], [ -75.528167, 40.599256 ], [ -75.527684, 40.599391 ], [ -75.52492, 40.600151 ], [ -75.522459, 40.594972 ], [ -75.523968, 40.594687 ], [ -75.525461, 40.592168 ], [ -75.524027, 40.593318 ], [ -75.522345, 40.589783 ], [ -75.523467, 40.589525 ], [ -75.524927, 40.589338 ], [ -75.525121, 40.588547 ], [ -75.5245, 40.587808 ], [ -75.521452, 40.588352 ], [ -75.523253, 40.58534 ], [ -75.521911, 40.581066 ], [ -75.519528, 40.581707 ], [ -75.514033, 40.586113 ], [ -75.513851, 40.585991 ], [ -75.517006, 40.583666 ], [ -75.511286, 40.582519 ], [ -75.506226, 40.583522 ], [ -75.503028, 40.584133 ], [ -75.501189, 40.584276 ], [ -75.49928, 40.585893 ], [ -75.497855, 40.586554 ], [ -75.497638, 40.586622 ], [ -75.497667, 40.586672 ], [ -75.497682, 40.586697 ], [ -75.496901, 40.587466 ], [ -75.495651, 40.587135 ], [ -75.490278, 40.588836 ], [ -75.489303, 40.587076 ], [ -75.485291, 40.586476 ], [ -75.48439, 40.584691 ], [ -75.488114, 40.58146 ], [ -75.495165, 40.579909 ], [ -75.495885, 40.578027 ], [ -75.497257, 40.576332 ], [ -75.49785, 40.576418 ], [ -75.498892, 40.575351 ], [ -75.499148, 40.574837 ], [ -75.499482, 40.574161 ], [ -75.498988, 40.57367 ], [ -75.499902, 40.56966 ], [ -75.508243, 40.566864 ], [ -75.514337, 40.565338 ], [ -75.514479, 40.565256 ], [ -75.515679, 40.564027 ], [ -75.516742, 40.562352 ], [ -75.513772, 40.562584 ], [ -75.513449, 40.561245 ], [ -75.509648, 40.559337 ], [ -75.508461, 40.557997 ], [ -75.509393, 40.557055 ], [ -75.508073, 40.555961 ], [ -75.50325, 40.554246 ], [ -75.504923, 40.55263 ], [ -75.504141, 40.551017 ], [ -75.501815, 40.550139 ], [ -75.499417, 40.551084 ], [ -75.498164, 40.553337 ], [ -75.501608, 40.555945 ], [ -75.505089, 40.556438 ], [ -75.505726, 40.555728 ], [ -75.507497, 40.556298 ], [ -75.506934, 40.557832 ], [ -75.505996, 40.557119 ], [ -75.505677, 40.558737 ], [ -75.507575, 40.559568 ], [ -75.510604, 40.562008 ], [ -75.511223, 40.563612 ], [ -75.505794, 40.564765 ], [ -75.498809, 40.567814 ], [ -75.498555, 40.563906 ], [ -75.501487, 40.561752 ], [ -75.499681, 40.560771 ], [ -75.498334, 40.561373 ], [ -75.498166, 40.559486 ], [ -75.488983, 40.556785 ], [ -75.487737, 40.558763 ], [ -75.486025, 40.557959 ], [ -75.483272, 40.556681 ], [ -75.483216, 40.556541 ], [ -75.478985, 40.5549 ], [ -75.475173, 40.55343 ], [ -75.462109, 40.562256 ], [ -75.457935, 40.565125 ], [ -75.460588, 40.568135 ], [ -75.462659, 40.572431 ], [ -75.46149, 40.572999 ], [ -75.459573, 40.573784 ], [ -75.454173, 40.567677 ], [ -75.450353, 40.57027 ], [ -75.448114, 40.571788 ], [ -75.445859, 40.571342 ], [ -75.447247, 40.572377 ], [ -75.445932, 40.573266 ], [ -75.446371, 40.577143 ], [ -75.447703, 40.581069 ], [ -75.447817, 40.581577 ], [ -75.449535, 40.581739 ], [ -75.450176, 40.586146 ], [ -75.448327, 40.586278 ], [ -75.443435, 40.586605 ], [ -75.443594, 40.588184 ], [ -75.438456, 40.588567 ], [ -75.437819, 40.588608 ], [ -75.438268, 40.591978 ], [ -75.436107, 40.592512 ], [ -75.436662, 40.596488 ], [ -75.44032, 40.595771 ], [ -75.441411, 40.598716 ], [ -75.441822, 40.599914 ], [ -75.441012, 40.600182 ], [ -75.437688, 40.601963 ], [ -75.427822, 40.607241 ], [ -75.426815, 40.608242 ], [ -75.422247, 40.615143 ], [ -75.421616, 40.615517 ], [ -75.419638, 40.616097 ], [ -75.419839, 40.617489 ], [ -75.420621, 40.623944 ], [ -75.420654, 40.62428 ], [ -75.421376, 40.629375 ], [ -75.422054, 40.634333 ], [ -75.422459, 40.634716 ], [ -75.423197, 40.635442 ], [ -75.423658, 40.635917 ], [ -75.425255, 40.635613 ], [ -75.425366, 40.635592 ], [ -75.425679, 40.635532 ], [ -75.44111, 40.632572 ], [ -75.462601, 40.62847 ], [ -75.459468, 40.623984 ], [ -75.465413, 40.622802 ], [ -75.465912, 40.623278 ], [ -75.467301, 40.622411 ], [ -75.467321, 40.622399 ], [ -75.46728, 40.62236 ], [ -75.464231, 40.619102 ], [ -75.468854, 40.619418 ], [ -75.472781, 40.61939 ], [ -75.474132, 40.618984 ], [ -75.475723, 40.619473 ], [ -75.476028, 40.621245 ], [ -75.477028, 40.623008 ], [ -75.484653, 40.623895 ], [ -75.487009, 40.625048 ], [ -75.488338, 40.6246 ], [ -75.489027, 40.624073 ], [ -75.485515, 40.622812 ], [ -75.482574, 40.623058 ], [ -75.479919, 40.622183 ], [ -75.477319, 40.617614 ], [ -75.478645, 40.616869 ], [ -75.482605, 40.614715 ], [ -75.487104, 40.61216 ], [ -75.488538, 40.615311 ], [ -75.489295, 40.615425 ], [ -75.49468, 40.616428 ], [ -75.500884, 40.618412 ], [ -75.498676, 40.613817 ], [ -75.500061, 40.613433 ], [ -75.500256, 40.613527 ], [ -75.506516, 40.616214 ], [ -75.506445, 40.615715 ], [ -75.506055, 40.612792 ], [ -75.506928, 40.612551 ], [ -75.511125, 40.611397 ], [ -75.513328, 40.610786 ], [ -75.512581, 40.609186 ], [ -75.51667, 40.60806 ], [ -75.521921, 40.606607 ], [ -75.52507, 40.605739 ], [ -75.529835, 40.604417 ], [ -75.528518, 40.600165 ] ], [ [ -75.498296, 40.613021 ], [ -75.498092, 40.612598 ], [ -75.498024, 40.612462 ], [ -75.498895, 40.612858 ], [ -75.498296, 40.613021 ] ] ], [ [ [ -75.548038, 40.595516 ], [ -75.544259, 40.594765 ], [ -75.54537, 40.592785 ], [ -75.545671, 40.592703 ], [ -75.545537, 40.59243 ], [ -75.546506, 40.589972 ], [ -75.541946, 40.589112 ], [ -75.533798, 40.586718 ], [ -75.531914, 40.58629 ], [ -75.531381, 40.585637 ], [ -75.530449, 40.586246 ], [ -75.531711, 40.587071 ], [ -75.530506, 40.58901 ], [ -75.528532, 40.588544 ], [ -75.527939, 40.589171 ], [ -75.526548, 40.588746 ], [ -75.524927, 40.589338 ], [ -75.525764, 40.592388 ], [ -75.528046, 40.597572 ], [ -75.529586, 40.6027 ], [ -75.539841, 40.602143 ], [ -75.545736, 40.601767 ], [ -75.545543, 40.600884 ], [ -75.547083, 40.600362 ], [ -75.546317, 40.598446 ], [ -75.548038, 40.595516 ] ] ] ] } },
{ "type": "Feature", "properties": { "GEOID": "4263624", "NAME": "Reading city, Pennsylvania", "population": 95832.0 }, "geometry": { "type": "Polygon", "coordinates": [ [ [ -75.959759, 40.354105 ], [ -75.957887, 40.351183 ], [ -75.956986, 40.350629 ], [ -75.95084, 40.344603 ], [ -75.950495, 40.342381 ], [ -75.947692, 40.340587 ], [ -75.947612, 40.340574 ], [ -75.944998, 40.339671 ], [ -75.940496, 40.337871 ], [ -75.937662, 40.335442 ], [ -75.939553, 40.3319 ], [ -75.939301, 40.33093 ], [ -75.939149, 40.330401 ], [ -75.940255, 40.329081 ], [ -75.941307, 40.328604 ], [ -75.942757, 40.328549 ], [ -75.94393, 40.328393 ], [ -75.946656, 40.326892 ], [ -75.948676, 40.326662 ], [ -75.95279, 40.328333 ], [ -75.954464, 40.32769 ], [ -75.956448, 40.327041 ], [ -75.959487, 40.322423 ], [ -75.956382, 40.317927 ], [ -75.955539, 40.316636 ], [ -75.951841, 40.310546 ], [ -75.947742, 40.312707 ], [ -75.947368, 40.312155 ], [ -75.940802, 40.314719 ], [ -75.939641, 40.314716 ], [ -75.937263, 40.313474 ], [ -75.937159, 40.313512 ], [ -75.936309, 40.31204 ], [ -75.93961, 40.31015 ], [ -75.934578, 40.305176 ], [ -75.935329, 40.304659 ], [ -75.933554, 40.305155 ], [ -75.929462, 40.308842 ], [ -75.927466, 40.30753 ], [ -75.925666, 40.308551 ], [ -75.924034, 40.30784 ], [ -75.924629, 40.303007 ], [ -75.921576, 40.300145 ], [ -75.918178, 40.297403 ], [ -75.914126, 40.296401 ], [ -75.915882, 40.298237 ], [ -75.918356, 40.302372 ], [ -75.920081, 40.304357 ], [ -75.922075, 40.305565 ], [ -75.922597, 40.307841 ], [ -75.921148, 40.309242 ], [ -75.920329, 40.311162 ], [ -75.920525, 40.313398 ], [ -75.919992, 40.319361 ], [ -75.920876, 40.320827 ], [ -75.921252, 40.321592 ], [ -75.918078, 40.322647 ], [ -75.91616, 40.323286 ], [ -75.913147, 40.323205 ], [ -75.910584, 40.323144 ], [ -75.909132, 40.323107 ], [ -75.905039, 40.323007 ], [ -75.899812, 40.322893 ], [ -75.899748, 40.325351 ], [ -75.899633, 40.328329 ], [ -75.899601, 40.329353 ], [ -75.894866, 40.329211 ], [ -75.890362, 40.333861 ], [ -75.891376, 40.334526 ], [ -75.894227, 40.336321 ], [ -75.893762, 40.336699 ], [ -75.894362, 40.340312 ], [ -75.892968, 40.340973 ], [ -75.891132, 40.342677 ], [ -75.895665, 40.345587 ], [ -75.904504, 40.345652 ], [ -75.907102, 40.345671 ], [ -75.907261, 40.351109 ], [ -75.904315, 40.35455 ], [ -75.903176, 40.35587 ], [ -75.898635, 40.366852 ], [ -75.901149, 40.366901 ], [ -75.915283, 40.367174 ], [ -75.919527, 40.367258 ], [ -75.921561, 40.367274 ], [ -75.920037, 40.370007 ], [ -75.920522, 40.371156 ], [ -75.926922, 40.368982 ], [ -75.927783, 40.367438 ], [ -75.932778, 40.367557 ], [ -75.93459, 40.367587 ], [ -75.940627, 40.367572 ], [ -75.94305, 40.370943 ], [ -75.947161, 40.369635 ], [ -75.948043, 40.370763 ], [ -75.953338, 40.368338 ], [ -75.951947, 40.367368 ], [ -75.950572, 40.366744 ], [ -75.943591, 40.365581 ], [ -75.941372, 40.36437 ], [ -75.951563, 40.359222 ], [ -75.960708, 40.354583 ], [ -75.959759, 40.354105 ] ], [ [ -75.930525, 40.314356 ], [ -75.926247, 40.313329 ], [ -75.929031, 40.312076 ], [ -75.930316, 40.314018 ], [ -75.93087, 40.314218 ], [ -75.930525, 40.314356 ] ] ] } },
{ "type": "Feature", "properties": { "GEOID": "4224000", "NAME": "Erie city, Pennsylvania", "population": 91838.0 }, "geometry": { "type": "Polygon", "coordinates": [ [ [ -80.137877, 42.115454 ], [ -80.1336, 42.109096 ], [ -80.131013, 42.105194 ], [ -80.126751, 42.09893 ], [ -80.12318, 42.093633 ], [ -80.119917, 42.088745 ], [ -80.116582, 42.083683 ], [ -80.112313, 42.077191 ], [ -80.11072, 42.077728 ], [ -80.103228, 42.080543 ], [ -80.093431, 42.08419 ], [ -80.08732, 42.086463 ], [ -80.079176, 42.089498 ], [ -80.076943, 42.086154 ], [ -80.073395, 42.087299 ], [ -80.072388, 42.085731 ], [ -80.072014, 42.085147 ], [ -80.068085, 42.087726 ], [ -80.06717, 42.090831 ], [ -80.069878, 42.093067 ], [ -80.059653, 42.09673 ], [ -80.04866, 42.100772 ], [ -80.047355, 42.101352 ], [ -80.04119, 42.103538 ], [ -80.035956, 42.105476 ], [ -80.033957, 42.106216 ], [ -80.028952, 42.10807 ], [ -80.020781, 42.111098 ], [ -80.012136, 42.114127 ], [ -80.003376, 42.117256 ], [ -80.006753, 42.122665 ], [ -80.007311, 42.123556 ], [ -80.007365, 42.125622 ], [ -80.009396, 42.128492 ], [ -80.009581, 42.128913 ], [ -80.012717, 42.133429 ], [ -80.015692, 42.132705 ], [ -80.019524, 42.138237 ], [ -80.021619, 42.141317 ], [ -80.021929, 42.14173 ], [ -80.031404, 42.138244 ], [ -80.032851, 42.140719 ], [ -80.037326, 42.147487 ], [ -80.0414097, 42.1536666 ], [ -80.0416846, 42.1535435 ], [ -80.044948, 42.1520819 ], [ -80.0498191, 42.1499003 ], [ -80.0610571, 42.1448672 ], [ -80.06108, 42.144857 ], [ -80.0652204, 42.1450858 ], [ -80.0654721, 42.1450997 ], [ -80.0655259, 42.1451026 ], [ -80.070799, 42.145394 ], [ -80.074317, 42.146698 ], [ -80.078258, 42.151587 ], [ -80.0782841, 42.151774 ], [ -80.079926, 42.150371 ], [ -80.084583, 42.148514 ], [ -80.084542, 42.145916 ], [ -80.086813, 42.143413 ], [ -80.088251, 42.141829 ], [ -80.092181, 42.139757 ], [ -80.091628, 42.138821 ], [ -80.090907, 42.137528 ], [ -80.093005, 42.136646 ], [ -80.094221, 42.137956 ], [ -80.095952, 42.135457 ], [ -80.095082, 42.134148 ], [ -80.098139, 42.133364 ], [ -80.097597, 42.132525 ], [ -80.100426, 42.130434 ], [ -80.102336, 42.133256 ], [ -80.110261, 42.130306 ], [ -80.109913, 42.127419 ], [ -80.110513, 42.1274 ], [ -80.112682, 42.130173 ], [ -80.113323, 42.129979 ], [ -80.11225, 42.128318 ], [ -80.114081, 42.127037 ], [ -80.113395, 42.126148 ], [ -80.114719, 42.12552 ], [ -80.119885, 42.123253 ], [ -80.123724, 42.122338 ], [ -80.126111, 42.121343 ], [ -80.128095, 42.121256 ], [ -80.129842, 42.123662 ], [ -80.132557, 42.122838 ], [ -80.12878, 42.121708 ], [ -80.131146, 42.121739 ], [ -80.130201, 42.12037 ], [ -80.131285, 42.119984 ], [ -80.133419, 42.122557 ], [ -80.131879, 42.120301 ], [ -80.132145, 42.118817 ], [ -80.138518, 42.116712 ], [ -80.137877, 42.115454 ] ] ] } },
{ "type": "Feature", "properties": { "GEOID": "4206088", "NAME": "Bethlehem city, Pennsylvania", "population": 79644.0 }, "geometry": { "type": "Polygon", "coordinates": [ [ [ -75.431256, 40.644215 ], [ -75.430127, 40.643837 ], [ -75.426516, 40.642627 ], [ -75.425632, 40.638037 ], [ -75.423658, 40.635917 ], [ -75.423197, 40.635442 ], [ -75.422459, 40.634716 ], [ -75.422054, 40.634333 ], [ -75.421376, 40.629375 ], [ -75.420654, 40.62428 ], [ -75.420621, 40.623944 ], [ -75.419839, 40.617489 ], [ -75.419638, 40.616097 ], [ -75.417336, 40.616835 ], [ -75.41152, 40.616443 ], [ -75.409382, 40.61524 ], [ -75.407307, 40.612276 ], [ -75.406584, 40.612196 ], [ -75.395258, 40.613515 ], [ -75.393412, 40.61377 ], [ -75.388559, 40.614423 ], [ -75.389966, 40.605163 ], [ -75.390243, 40.603338 ], [ -75.390635, 40.600677 ], [ -75.388625, 40.600681 ], [ -75.373396, 40.600674 ], [ -75.367519, 40.600663 ], [ -75.367319, 40.599664 ], [ -75.363509, 40.59347 ], [ -75.363099, 40.592839 ], [ -75.3617, 40.585308 ], [ -75.364261, 40.585048 ], [ -75.363682, 40.580236 ], [ -75.363216, 40.579978 ], [ -75.360415, 40.579304 ], [ -75.358821, 40.578004 ], [ -75.344987, 40.578961 ], [ -75.344133, 40.582299 ], [ -75.347209, 40.584175 ], [ -75.348227, 40.585767 ], [ -75.346772, 40.587315 ], [ -75.344241, 40.588017 ], [ -75.344465, 40.590775 ], [ -75.34452, 40.593083 ], [ -75.343645, 40.59639 ], [ -75.340413, 40.596157 ], [ -75.340085, 40.5932 ], [ -75.330804, 40.593757 ], [ -75.324086, 40.598147 ], [ -75.319478, 40.601361 ], [ -75.314023, 40.603573 ], [ -75.307832, 40.604824 ], [ -75.302996, 40.606191 ], [ -75.303421, 40.617282 ], [ -75.306063, 40.616875 ], [ -75.305689, 40.61512 ], [ -75.307544, 40.614773 ], [ -75.308885, 40.616104 ], [ -75.31204, 40.616292 ], [ -75.311224, 40.619719 ], [ -75.312267, 40.620074 ], [ -75.316582, 40.618485 ], [ -75.323949, 40.617759 ], [ -75.326295, 40.616365 ], [ -75.326799, 40.616664 ], [ -75.327636, 40.622324 ], [ -75.333955, 40.622174 ], [ -75.335624, 40.620602 ], [ -75.342305, 40.620798 ], [ -75.347004, 40.620342 ], [ -75.347284, 40.622176 ], [ -75.349391, 40.622796 ], [ -75.350192, 40.629146 ], [ -75.346072, 40.629393 ], [ -75.342292, 40.629714 ], [ -75.342927, 40.634228 ], [ -75.343018, 40.634711 ], [ -75.344602, 40.644529 ], [ -75.344563, 40.644748 ], [ -75.337846, 40.65029 ], [ -75.336346, 40.652135 ], [ -75.338239, 40.65393 ], [ -75.340213, 40.659165 ], [ -75.341403, 40.662023 ], [ -75.342712, 40.667198 ], [ -75.348359, 40.668773 ], [ -75.362385, 40.672732 ], [ -75.373046, 40.66778 ], [ -75.37283, 40.666271 ], [ -75.375613, 40.666257 ], [ -75.377336, 40.66415 ], [ -75.381186, 40.661085 ], [ -75.379701, 40.657141 ], [ -75.381087, 40.654142 ], [ -75.381606, 40.651331 ], [ -75.379539, 40.648401 ], [ -75.381644, 40.647324 ], [ -75.385195, 40.6474 ], [ -75.387272, 40.645921 ], [ -75.396869, 40.644551 ], [ -75.395938, 40.639569 ], [ -75.39258, 40.639373 ], [ -75.387631, 40.634004 ], [ -75.387464, 40.633122 ], [ -75.392476, 40.634124 ], [ -75.395841, 40.636856 ], [ -75.399791, 40.640108 ], [ -75.4109, 40.650135 ], [ -75.419067, 40.658342 ], [ -75.420288, 40.658684 ], [ -75.423061, 40.657989 ], [ -75.422704, 40.656983 ], [ -75.42605, 40.655864 ], [ -75.428835, 40.654968 ], [ -75.430028, 40.651103 ], [ -75.428856, 40.650894 ], [ -75.430258, 40.64926 ], [ -75.430335, 40.647198 ], [ -75.431256, 40.644215 ] ] ] } },
{ "type": "Feature", "properties": { "GEOID": "4269000", "NAME": "Scranton city, Pennsylvania", "population": 75514.0 }, "geometry": { "type": "Polygon", "coordinates": [ [ [ -75.720016, 41.419221 ], [ -75.705986, 41.412624 ], [ -75.701676, 41.410626 ], [ -75.700517, 41.410103 ], [ -75.693699, 41.406723 ], [ -75.694682, 41.405609 ], [ -75.696966, 41.402972 ], [ -75.699934, 41.404401 ], [ -75.701689, 41.402356 ], [ -75.68916, 41.39626 ], [ -75.688097, 41.398646 ], [ -75.685838, 41.397536 ], [ -75.678102, 41.393712 ], [ -75.682586, 41.392139 ], [ -75.686697, 41.389032 ], [ -75.691593, 41.389866 ], [ -75.693067, 41.389214 ], [ -75.694159, 41.388042 ], [ -75.693949, 41.386179 ], [ -75.694318, 41.385747 ], [ -75.703194, 41.384558 ], [ -75.706364, 41.383637 ], [ -75.707236, 41.383196 ], [ -75.703619, 41.379504 ], [ -75.700434, 41.377169 ], [ -75.698766, 41.376131 ], [ -75.695786, 41.374243 ], [ -75.691375, 41.371459 ], [ -75.689177, 41.375629 ], [ -75.683295, 41.372723 ], [ -75.68187, 41.37204 ], [ -75.676443, 41.36948 ], [ -75.674484, 41.371904 ], [ -75.668224, 41.3691 ], [ -75.683242, 41.338942 ], [ -75.639367, 41.341558 ], [ -75.604439, 41.342562 ], [ -75.652043, 41.36614 ], [ -75.637154, 41.383468 ], [ -75.633933, 41.38238 ], [ -75.624872, 41.392721 ], [ -75.619628, 41.399392 ], [ -75.618065, 41.40116 ], [ -75.620604, 41.40251 ], [ -75.628143, 41.406284 ], [ -75.629399, 41.406903 ], [ -75.638252, 41.411222 ], [ -75.640315, 41.412242 ], [ -75.643437, 41.413786 ], [ -75.646032, 41.414993 ], [ -75.649704, 41.416794 ], [ -75.651636, 41.417739 ], [ -75.648672, 41.420399 ], [ -75.647197, 41.421707 ], [ -75.645454, 41.423743 ], [ -75.643164, 41.427071 ], [ -75.641292, 41.42923 ], [ -75.640267, 41.430396 ], [ -75.639613, 41.430844 ], [ -75.637633, 41.43219 ], [ -75.622291, 41.442733 ], [ -75.622918, 41.443002 ], [ -75.636353, 41.449725 ], [ -75.636311, 41.449764 ], [ -75.641058, 41.452165 ], [ -75.662269, 41.462546 ], [ -75.667003, 41.464887 ], [ -75.67673, 41.469569 ], [ -75.676941, 41.469306 ], [ -75.684542, 41.459837 ], [ -75.686206, 41.458135 ], [ -75.713924, 41.426255 ], [ -75.720016, 41.419221 ] ] ] } },
{ "type": "Feature", "properties": { "GEOID": "4241216", "NAME": "Lancaster city, Pennsylvania", "population": 58366.0 }, "geometry": { "type": "Polygon", "coordinates": [ [ [ -76.346041, 40.065416 ], [ -76.343185, 40.065191 ], [ -76.340208, 40.063885 ], [ -76.337878, 40.063972 ], [ -76.338585, 40.062958 ], [ -76.334947, 40.05985 ], [ -76.332598, 40.061281 ], [ -76.329273, 40.062448 ], [ -76.328581, 40.061772 ], [ -76.334381, 40.059298 ], [ -76.332064, 40.057458 ], [ -76.325349, 40.056838 ], [ -76.322462, 40.055541 ], [ -76.322936, 40.052633 ], [ -76.321217, 40.054761 ], [ -76.319844, 40.053493 ], [ -76.321129, 40.051695 ], [ -76.319991, 40.051033 ], [ -76.321372, 40.051714 ], [ -76.321677, 40.051035 ], [ -76.326925, 40.050264 ], [ -76.325399, 40.041593 ], [ -76.325274, 40.040842 ], [ -76.326138, 40.038537 ], [ -76.324882, 40.038354 ], [ -76.324347, 40.035359 ], [ -76.324, 40.033418 ], [ -76.323303, 40.029524 ], [ -76.32273, 40.026304 ], [ -76.324751, 40.024858 ], [ -76.322385, 40.024485 ], [ -76.323676, 40.022416 ], [ -76.322963, 40.020382 ], [ -76.321141, 40.019216 ], [ -76.320278, 40.021183 ], [ -76.319352, 40.020954 ], [ -76.315125, 40.01753 ], [ -76.311872, 40.021115 ], [ -76.308997, 40.021919 ], [ -76.309626, 40.022896 ], [ -76.304962, 40.023416 ], [ -76.298941, 40.024037 ], [ -76.298593, 40.024074 ], [ -76.291861, 40.024757 ], [ -76.288221, 40.02259 ], [ -76.288451, 40.022252 ], [ -76.290242, 40.021158 ], [ -76.290397, 40.019264 ], [ -76.289113, 40.017927 ], [ -76.286814, 40.018024 ], [ -76.286729, 40.016295 ], [ -76.284446, 40.016114 ], [ -76.283006, 40.0128 ], [ -76.282379, 40.006767 ], [ -76.279131, 40.0074 ], [ -76.277959, 40.008285 ], [ -76.278857, 40.01064 ], [ -76.280452, 40.009794 ], [ -76.281052, 40.013717 ], [ -76.282213, 40.015121 ], [ -76.281592, 40.015318 ], [ -76.283952, 40.019453 ], [ -76.278442, 40.020628 ], [ -76.279784, 40.024134 ], [ -76.279183, 40.024381 ], [ -76.279101, 40.024563 ], [ -76.279046, 40.02474 ], [ -76.279407, 40.025376 ], [ -76.279088, 40.025677 ], [ -76.278414, 40.025527 ], [ -76.277904, 40.025549 ], [ -76.277888, 40.026015 ], [ -76.276448, 40.02591 ], [ -76.275386, 40.025739 ], [ -76.275042, 40.026572 ], [ -76.271573, 40.02567 ], [ -76.26742, 40.027199 ], [ -76.267002, 40.026771 ], [ -76.258106, 40.028823 ], [ -76.258397, 40.029392 ], [ -76.258499, 40.029593 ], [ -76.260669, 40.033803 ], [ -76.259152, 40.034812 ], [ -76.25815, 40.036509 ], [ -76.261288, 40.037005 ], [ -76.261703, 40.036122 ], [ -76.263962, 40.036542 ], [ -76.265866, 40.036029 ], [ -76.266153, 40.033974 ], [ -76.266171, 40.033838 ], [ -76.269514, 40.03394 ], [ -76.266034, 40.032411 ], [ -76.263737, 40.029581 ], [ -76.267594, 40.027338 ], [ -76.2687, 40.028233 ], [ -76.271063, 40.027939 ], [ -76.271249, 40.02915 ], [ -76.274436, 40.028939 ], [ -76.278042, 40.028527 ], [ -76.276417, 40.029019 ], [ -76.275697, 40.032402 ], [ -76.279238, 40.033164 ], [ -76.281552, 40.032182 ], [ -76.281585, 40.035245 ], [ -76.282432, 40.036489 ], [ -76.284254, 40.03674 ], [ -76.285866, 40.034626 ], [ -76.286341, 40.036145 ], [ -76.287043, 40.040009 ], [ -76.287355, 40.041454 ], [ -76.287617, 40.043064 ], [ -76.286087, 40.044252 ], [ -76.286187, 40.044801 ], [ -76.28538, 40.044493 ], [ -76.284765, 40.044807 ], [ -76.283658, 40.044778 ], [ -76.283647, 40.044161 ], [ -76.28009, 40.044421 ], [ -76.278988, 40.045585 ], [ -76.28071, 40.047287 ], [ -76.282459, 40.047036 ], [ -76.282318, 40.048877 ], [ -76.28699, 40.049423 ], [ -76.287156, 40.050245 ], [ -76.283601, 40.050845 ], [ -76.279536, 40.050253 ], [ -76.278073, 40.04969 ], [ -76.277908, 40.049649 ], [ -76.264123, 40.045855 ], [ -76.265381, 40.043969 ], [ -76.262846, 40.041685 ], [ -76.26317, 40.03961 ], [ -76.260309, 40.040104 ], [ -76.258821, 40.040976 ], [ -76.258353, 40.042565 ], [ -76.261, 40.042723 ], [ -76.26079, 40.044651 ], [ -76.258661, 40.044323 ], [ -76.254038, 40.043778 ], [ -76.258655, 40.044839 ], [ -76.26167, 40.045526 ], [ -76.261335, 40.046231 ], [ -76.258704, 40.046527 ], [ -76.255288, 40.046907 ], [ -76.256536, 40.050304 ], [ -76.254054, 40.052824 ], [ -76.258455, 40.055825 ], [ -76.26119, 40.053895 ], [ -76.262015, 40.052571 ], [ -76.26815, 40.055238 ], [ -76.272864, 40.057715 ], [ -76.273005, 40.057736 ], [ -76.272193, 40.053149 ], [ -76.272738, 40.052037 ], [ -76.276346, 40.051466 ], [ -76.278025, 40.052026 ], [ -76.278195, 40.051671 ], [ -76.2788, 40.055133 ], [ -76.280828, 40.057862 ], [ -76.287406, 40.053423 ], [ -76.290341, 40.055153 ], [ -76.291471, 40.054039 ], [ -76.295846, 40.053569 ], [ -76.297201, 40.05441 ], [ -76.297602, 40.053455 ], [ -76.301779, 40.054149 ], [ -76.29713, 40.059024 ], [ -76.298194, 40.06025 ], [ -76.301907, 40.05987 ], [ -76.301374, 40.05656 ], [ -76.305609, 40.056236 ], [ -76.30533, 40.054705 ], [ -76.316864, 40.05637 ], [ -76.318345, 40.057768 ], [ -76.317614, 40.058395 ], [ -76.321092, 40.060916 ], [ -76.321621, 40.061372 ], [ -76.320928, 40.061842 ], [ -76.319993, 40.060123 ], [ -76.318299, 40.058934 ], [ -76.316196, 40.05851 ], [ -76.315989, 40.05744 ], [ -76.314068, 40.057172 ], [ -76.314603, 40.058631 ], [ -76.315715, 40.058205 ], [ -76.314969, 40.059163 ], [ -76.312623, 40.059798 ], [ -76.313824, 40.062623 ], [ -76.316321, 40.062658 ], [ -76.316624, 40.063365 ], [ -76.314172, 40.063468 ], [ -76.315859, 40.064217 ], [ -76.316609, 40.065701 ], [ -76.315348, 40.066437 ], [ -76.316127, 40.068334 ], [ -76.318282, 40.070432 ], [ -76.319564, 40.070612 ], [ -76.323798, 40.069468 ], [ -76.324425, 40.070967 ], [ -76.325335, 40.072939 ], [ -76.326151, 40.072728 ], [ -76.326996, 40.071819 ], [ -76.325995, 40.06863 ], [ -76.328747, 40.067306 ], [ -76.328525, 40.066335 ], [ -76.331843, 40.065603 ], [ -76.330982, 40.064749 ], [ -76.328276, 40.065349 ], [ -76.328005, 40.064464 ], [ -76.330203, 40.063977 ], [ -76.326143, 40.059987 ], [ -76.331951, 40.065447 ], [ -76.334989, 40.068 ], [ -76.337883, 40.070659 ], [ -76.341795, 40.072657 ], [ -76.343524, 40.066976 ], [ -76.345185, 40.067243 ], [ -76.346041, 40.065416 ] ], [ [ -76.325835, 40.064878 ], [ -76.324688, 40.063983 ], [ -76.324191, 40.064331 ], [ -76.323626, 40.06385 ], [ -76.32415, 40.063483 ], [ -76.325721, 40.063491 ], [ -76.326578, 40.064235 ], [ -76.325835, 40.064878 ] ], [ [ -76.323769, 40.062138 ], [ -76.323104, 40.06261 ], [ -76.322645, 40.062222 ], [ -76.322531, 40.062126 ], [ -76.323203, 40.061651 ], [ -76.323769, 40.062138 ] ], [ [ -76.319971, 40.021901 ], [ -76.318281, 40.021988 ], [ -76.318346, 40.021915 ], [ -76.319, 40.021298 ], [ -76.319971, 40.021901 ] ], [ [ -76.317682, 40.022017 ], [ -76.317264, 40.022039 ], [ -76.316068, 40.02106 ], [ -76.316486, 40.020771 ], [ -76.317992, 40.022002 ], [ -76.317682, 40.022017 ] ], [ [ -76.313778, 40.055655 ], [ -76.310797, 40.055152 ], [ -76.310357, 40.053459 ], [ -76.305192, 40.053845 ], [ -76.303072, 40.053636 ], [ -76.302816, 40.05389 ], [ -76.302366, 40.053571 ], [ -76.30323, 40.052829 ], [ -76.304902, 40.052647 ], [ -76.310262, 40.05205 ], [ -76.313462, 40.052176 ], [ -76.313645, 40.053332 ], [ -76.312316, 40.05488 ], [ -76.313778, 40.055655 ] ], [ [ -76.289201, 40.051893 ], [ -76.285619, 40.051328 ], [ -76.285482, 40.05094 ], [ -76.2872, 40.050497 ], [ -76.288911, 40.050057 ], [ -76.289201, 40.051893 ] ], [ [ -76.287222, 40.025271 ], [ -76.284574, 40.02555 ], [ -76.283557, 40.023537 ], [ -76.286089, 40.023639 ], [ -76.287907, 40.024992 ], [ -76.287222, 40.025271 ] ], [ [ -76.264601, 40.050123 ], [ -76.263475, 40.049388 ], [ -76.261818, 40.048604 ], [ -76.263986, 40.046218 ], [ -76.26757, 40.047264 ], [ -76.264601, 40.050123 ] ] ] } },
{ "type": "Feature", "properties": { "GEOID": "4232800", "NAME": "Harrisburg city, Pennsylvania", "population": 50522.0 }, "geometry": { "type": "Polygon", "coordinates": [ [ [ -76.924291, 40.289642 ], [ -76.922063, 40.285482 ], [ -76.920159, 40.28301 ], [ -76.917348, 40.280974 ], [ -76.916306, 40.28021 ], [ -76.914112, 40.274466 ], [ -76.913651, 40.272141 ], [ -76.913911, 40.271938 ], [ -76.913752, 40.271129 ], [ -76.908525, 40.265181 ], [ -76.904577, 40.260572 ], [ -76.898852, 40.25556 ], [ -76.892413, 40.251358 ], [ -76.89233, 40.251085 ], [ -76.890684, 40.250112 ], [ -76.890052, 40.249489 ], [ -76.88886, 40.249019 ], [ -76.884765, 40.247201 ], [ -76.882016, 40.245779 ], [ -76.880634, 40.244956 ], [ -76.878871, 40.244 ], [ -76.878707, 40.243889 ], [ -76.873936, 40.238438 ], [ -76.873477, 40.237993 ], [ -76.873248, 40.237681 ], [ -76.85598, 40.241684 ], [ -76.850547, 40.242945 ], [ -76.853212, 40.248328 ], [ -76.853075, 40.248593 ], [ -76.852275, 40.24947 ], [ -76.850769, 40.251378 ], [ -76.852417, 40.254756 ], [ -76.851551, 40.257618 ], [ -76.839638, 40.258495 ], [ -76.840424, 40.262779 ], [ -76.841401, 40.267762 ], [ -76.836867, 40.267318 ], [ -76.83871, 40.270907 ], [ -76.838284, 40.271738 ], [ -76.845021, 40.273213 ], [ -76.847648, 40.272581 ], [ -76.84859, 40.272785 ], [ -76.85113, 40.273152 ], [ -76.850655, 40.27192 ], [ -76.852763, 40.272354 ], [ -76.857941, 40.2711 ], [ -76.859312, 40.273922 ], [ -76.859977, 40.275522 ], [ -76.860178, 40.276003 ], [ -76.86107, 40.27785 ], [ -76.867034, 40.276173 ], [ -76.869015, 40.280237 ], [ -76.869439, 40.281091 ], [ -76.873648, 40.280082 ], [ -76.876134, 40.279484 ], [ -76.878088, 40.283636 ], [ -76.880697, 40.283072 ], [ -76.8821, 40.289589 ], [ -76.88117, 40.29308 ], [ -76.880453, 40.298433 ], [ -76.879653, 40.300105 ], [ -76.877107, 40.301832 ], [ -76.879088, 40.304124 ], [ -76.879007, 40.304588 ], [ -76.878114, 40.308608 ], [ -76.880321, 40.309921 ], [ -76.881567, 40.315547 ], [ -76.882305, 40.318627 ], [ -76.880893, 40.31864 ], [ -76.881112, 40.320984 ], [ -76.883737, 40.321295 ], [ -76.887842, 40.324501 ], [ -76.888859, 40.32624 ], [ -76.889787, 40.326192 ], [ -76.893415, 40.325984 ], [ -76.895235, 40.325751 ], [ -76.893805, 40.322094 ], [ -76.893957, 40.311125 ], [ -76.894413, 40.308295 ], [ -76.893908, 40.308223 ], [ -76.89455, 40.305826 ], [ -76.893499, 40.299754 ], [ -76.896044, 40.299857 ], [ -76.897106, 40.300331 ], [ -76.9216, 40.302682 ], [ -76.923196, 40.300196 ], [ -76.924468, 40.292225 ], [ -76.924291, 40.289642 ] ] ] } },
{ "type": "Feature", "properties": { "GEOID": "4287048", "NAME": "York city, Pennsylvania", "population": 45342.0 }, "geometry": { "type": "Polygon", "coordinates": [ [ [ -76.761971, 39.961908 ], [ -76.758048, 39.960922 ], [ -76.752412, 39.958981 ], [ -76.751553, 39.958709 ], [ -76.75126, 39.956166 ], [ -76.751179, 39.956007 ], [ -76.749938, 39.95401 ], [ -76.749121, 39.952607 ], [ -76.748779, 39.9523 ], [ -76.747148, 39.951008 ], [ -76.746036, 39.949441 ], [ -76.743118, 39.951446 ], [ -76.738364, 39.952863 ], [ -76.736364, 39.953264 ], [ -76.73383, 39.950778 ], [ -76.732252, 39.949364 ], [ -76.731625, 39.948619 ], [ -76.73113, 39.948163 ], [ -76.723487, 39.949179 ], [ -76.721897, 39.949416 ], [ -76.719551, 39.944917 ], [ -76.718256, 39.945704 ], [ -76.716784, 39.942756 ], [ -76.715814, 39.943411 ], [ -76.717118, 39.946787 ], [ -76.711919, 39.948324 ], [ -76.708749, 39.949171 ], [ -76.712401, 39.952785 ], [ -76.706064, 39.949954 ], [ -76.706651, 39.949655 ], [ -76.705511, 39.949727 ], [ -76.705348, 39.950096 ], [ -76.703797, 39.948502 ], [ -76.701799, 39.949163 ], [ -76.701907, 39.951369 ], [ -76.703847, 39.951275 ], [ -76.704749, 39.954878 ], [ -76.707283, 39.961307 ], [ -76.699448, 39.961824 ], [ -76.699737, 39.964831 ], [ -76.699954, 39.967434 ], [ -76.702695, 39.9714 ], [ -76.703063, 39.971984 ], [ -76.700765, 39.972246 ], [ -76.701851, 39.97648 ], [ -76.703394, 39.9762 ], [ -76.703388, 39.978405 ], [ -76.706254, 39.978693 ], [ -76.706793, 39.975578 ], [ -76.708961, 39.975137 ], [ -76.712315, 39.974244 ], [ -76.717541, 39.972371 ], [ -76.724079, 39.968807 ], [ -76.72568, 39.971011 ], [ -76.726281, 39.974062 ], [ -76.729793, 39.97268 ], [ -76.731002, 39.971056 ], [ -76.73085, 39.968559 ], [ -76.731133, 39.969136 ], [ -76.731814, 39.971822 ], [ -76.732823, 39.971919 ], [ -76.735278, 39.971563 ], [ -76.737077, 39.97195 ], [ -76.743117, 39.973047 ], [ -76.743592, 39.975373 ], [ -76.743923, 39.976901 ], [ -76.74488, 39.981822 ], [ -76.745177, 39.9847 ], [ -76.743399, 39.987802 ], [ -76.746686, 39.992584 ], [ -76.750756, 39.988184 ], [ -76.755844, 39.989433 ], [ -76.759305, 39.985565 ], [ -76.759675, 39.981776 ], [ -76.76107, 39.980961 ], [ -76.759753, 39.980021 ], [ -76.757917, 39.978513 ], [ -76.757356, 39.977859 ], [ -76.760797, 39.978123 ], [ -76.762602, 39.976591 ], [ -76.761987, 39.973998 ], [ -76.757036, 39.975235 ], [ -76.756822, 39.977225 ], [ -76.754324, 39.974349 ], [ -76.751303, 39.970614 ], [ -76.751337, 39.969613 ], [ -76.755832, 39.969321 ], [ -76.755146, 39.966116 ], [ -76.762814, 39.965288 ], [ -76.761971, 39.961908 ] ] ] } },
{ "type": "Feature", "properties": { "GEOID": "4285152", "NAME": "Wilkes-Barre city, Pennsylvania", "population": 44523.0 }, "geometry": { "type": "Polygon", "coordinates": [ [ [ -75.929095, 41.241484 ], [ -75.918815, 41.235686 ], [ -75.91751, 41.23496 ], [ -75.917031, 41.23468 ], [ -75.912895, 41.232338 ], [ -75.904123, 41.227404 ], [ -75.902089, 41.226257 ], [ -75.8945, 41.221974 ], [ -75.889616, 41.224797 ], [ -75.888758, 41.225296 ], [ -75.884965, 41.22749 ], [ -75.883409, 41.228384 ], [ -75.877479, 41.231816 ], [ -75.873957, 41.23385 ], [ -75.871651, 41.231645 ], [ -75.871488, 41.231415 ], [ -75.867125, 41.233599 ], [ -75.865126, 41.23495 ], [ -75.864711, 41.235999 ], [ -75.862919, 41.238187 ], [ -75.8627, 41.240547 ], [ -75.861928, 41.241751 ], [ -75.860317, 41.242626 ], [ -75.854345, 41.248896 ], [ -75.850578, 41.251098 ], [ -75.848233, 41.25198 ], [ -75.839383, 41.246944 ], [ -75.83192, 41.25471 ], [ -75.829266, 41.257481 ], [ -75.833339, 41.260238 ], [ -75.830449, 41.264537 ], [ -75.827853, 41.266807 ], [ -75.826852, 41.268106 ], [ -75.83476, 41.270953 ], [ -75.839438, 41.272992 ], [ -75.842391, 41.271504 ], [ -75.844179, 41.271554 ], [ -75.844862, 41.271819 ], [ -75.846505, 41.272443 ], [ -75.850164, 41.270715 ], [ -75.853413, 41.266929 ], [ -75.854082, 41.26338 ], [ -75.857473, 41.261581 ], [ -75.858988, 41.261126 ], [ -75.861259, 41.260683 ], [ -75.861286, 41.26064 ], [ -75.862056, 41.260765 ], [ -75.867487, 41.260197 ], [ -75.869539, 41.260276 ], [ -75.871184, 41.261226 ], [ -75.878147, 41.255587 ], [ -75.879177, 41.256611 ], [ -75.880969, 41.25488 ], [ -75.886643, 41.250774 ], [ -75.89033, 41.254504 ], [ -75.893681, 41.252637 ], [ -75.892716, 41.251662 ], [ -75.894579, 41.250316 ], [ -75.89675, 41.251746 ], [ -75.90187, 41.247906 ], [ -75.906453, 41.249461 ], [ -75.911844, 41.249953 ], [ -75.914552, 41.249172 ], [ -75.918034, 41.246874 ], [ -75.921046, 41.243579 ], [ -75.92466, 41.241804 ], [ -75.92616, 41.241435 ], [ -75.929095, 41.241484 ] ] ] } },
{ "type": "Feature", "properties": { "GEOID": "4202184", "NAME": "Altoona city, Pennsylvania", "population": 42347.0 }, "geometry": { "type": "Polygon", "coordinates": [ [ [ -78.432978, 40.47906 ], [ -78.426913, 40.47065 ], [ -78.426544, 40.470162 ], [ -78.418774, 40.466661 ], [ -78.416907, 40.466153 ], [ -78.415408, 40.467446 ], [ -78.418014, 40.469447 ], [ -78.408091, 40.475214 ], [ -78.407086, 40.473315 ], [ -78.406093, 40.47257 ], [ -78.402668, 40.470823 ], [ -78.401153, 40.468212 ], [ -78.398487, 40.469358 ], [ -78.398412, 40.469411 ], [ -78.39907, 40.470738 ], [ -78.398504, 40.47129 ], [ -78.396592, 40.476741 ], [ -78.397451, 40.477483 ], [ -78.39665, 40.479981 ], [ -78.395753, 40.478781 ], [ -78.39315, 40.484461 ], [ -78.389895, 40.48612 ], [ -78.39104, 40.48755 ], [ -78.394059, 40.489652 ], [ -78.392157, 40.493442 ], [ -78.395556, 40.494243 ], [ -78.39414, 40.496379 ], [ -78.392535, 40.49587 ], [ -78.390771, 40.499705 ], [ -78.385232, 40.496221 ], [ -78.383157, 40.497881 ], [ -78.382488, 40.497455 ], [ -78.37671, 40.502388 ], [ -78.380327, 40.505092 ], [ -78.375935, 40.50887 ], [ -78.369532, 40.513979 ], [ -78.371106, 40.514851 ], [ -78.369389, 40.516777 ], [ -78.369708, 40.517342 ], [ -78.367306, 40.520669 ], [ -78.364695, 40.524418 ], [ -78.368981, 40.526252 ], [ -78.369796, 40.526656 ], [ -78.371845, 40.527632 ], [ -78.374936, 40.52913 ], [ -78.380964, 40.522556 ], [ -78.382419, 40.523326 ], [ -78.384216, 40.524306 ], [ -78.382261, 40.526551 ], [ -78.385668, 40.525093 ], [ -78.387875, 40.526375 ], [ -78.387177, 40.527657 ], [ -78.389167, 40.528782 ], [ -78.386479, 40.53237 ], [ -78.383897, 40.535375 ], [ -78.380167, 40.535924 ], [ -78.37856, 40.537417 ], [ -78.372378, 40.548853 ], [ -78.370954, 40.552074 ], [ -78.36995, 40.552071 ], [ -78.369977, 40.552369 ], [ -78.370252, 40.553967 ], [ -78.370955, 40.553368 ], [ -78.381786, 40.554785 ], [ -78.382295, 40.553792 ], [ -78.384103, 40.553999 ], [ -78.384605, 40.551404 ], [ -78.381686, 40.550995 ], [ -78.38209, 40.549598 ], [ -78.380583, 40.549701 ], [ -78.38289, 40.546212 ], [ -78.38168, 40.54571 ], [ -78.381645, 40.544393 ], [ -78.384078, 40.541144 ], [ -78.384221, 40.541165 ], [ -78.388728, 40.541273 ], [ -78.391274, 40.540561 ], [ -78.393029, 40.538547 ], [ -78.39534, 40.538251 ], [ -78.396424, 40.537956 ], [ -78.398278, 40.538645 ], [ -78.403954, 40.541865 ], [ -78.407967, 40.54257 ], [ -78.40947, 40.543281 ], [ -78.411537, 40.541334 ], [ -78.411346, 40.539427 ], [ -78.409669, 40.538383 ], [ -78.408024, 40.537924 ], [ -78.410669, 40.535289 ], [ -78.411743, 40.531229 ], [ -78.413174, 40.528612 ], [ -78.412394, 40.528265 ], [ -78.413798, 40.527061 ], [ -78.417991, 40.523255 ], [ -78.416266, 40.522076 ], [ -78.415727, 40.520287 ], [ -78.416613, 40.519524 ], [ -78.418512, 40.518232 ], [ -78.41958, 40.51685 ], [ -78.419978, 40.51645 ], [ -78.416347, 40.514034 ], [ -78.424785, 40.509476 ], [ -78.422079, 40.506678 ], [ -78.418584, 40.504916 ], [ -78.42339, 40.501285 ], [ -78.423592, 40.501216 ], [ -78.42598, 40.497604 ], [ -78.424272, 40.496403 ], [ -78.423368, 40.4971 ], [ -78.425073, 40.494705 ], [ -78.427775, 40.48803 ], [ -78.425153, 40.487338 ], [ -78.429122, 40.484339 ], [ -78.430551, 40.484297 ], [ -78.429477, 40.482944 ], [ -78.432978, 40.47906 ] ], [ [ -78.404497, 40.488581 ], [ -78.404856, 40.49198 ], [ -78.401891, 40.494859 ], [ -78.404502, 40.496262 ], [ -78.403602, 40.497953 ], [ -78.402601, 40.49752 ], [ -78.399181, 40.496649 ], [ -78.398474, 40.494353 ], [ -78.398978, 40.492855 ], [ -78.400986, 40.493857 ], [ -78.401988, 40.493464 ], [ -78.401887, 40.491866 ], [ -78.403407, 40.490387 ], [ -78.402329, 40.489282 ], [ -78.401127, 40.488684 ], [ -78.399946, 40.491184 ], [ -78.400032, 40.489654 ], [ -78.398876, 40.490664 ], [ -78.397687, 40.490364 ], [ -78.397168, 40.491408 ], [ -78.394753, 40.489857 ], [ -78.395458, 40.487461 ], [ -78.398656, 40.488365 ], [ -78.400155, 40.485272 ], [ -78.397261, 40.484368 ], [ -78.39706, 40.482876 ], [ -78.397914, 40.480732 ], [ -78.401697, 40.482109 ], [ -78.401228, 40.483071 ], [ -78.402273, 40.483084 ], [ -78.40505, 40.486807 ], [ -78.404497, 40.488581 ] ], [ [ -78.391667, 40.532702 ], [ -78.389427, 40.533631 ], [ -78.387812, 40.533047 ], [ -78.387945, 40.532785 ], [ -78.389188, 40.531356 ], [ -78.392491, 40.532556 ], [ -78.391667, 40.532702 ] ] ] } },
{ "type": "Feature", "properties": { "GEOID": "4273808", "NAME": "State College borough, Pennsylvania", "population": 40844.0 }, "geometry": { "type": "Polygon", "coordinates": [ [ [ -77.885701, 40.797317 ], [ -77.882877, 40.796778 ], [ -77.883374, 40.79516 ], [ -77.881429, 40.792572 ], [ -77.877953, 40.789784 ], [ -77.875593, 40.787512 ], [ -77.873377, 40.787734 ], [ -77.87262, 40.788134 ], [ -77.871256, 40.787076 ], [ -77.86948, 40.785694 ], [ -77.874836, 40.780957 ], [ -77.872441, 40.780978 ], [ -77.870987, 40.779475 ], [ -77.868303, 40.776703 ], [ -77.870132, 40.775653 ], [ -77.866747, 40.772272 ], [ -77.866643, 40.772178 ], [ -77.862898, 40.768427 ], [ -77.858219, 40.770366 ], [ -77.855235, 40.771834 ], [ -77.854283, 40.772726 ], [ -77.851887, 40.773167 ], [ -77.854965, 40.776054 ], [ -77.851268, 40.778242 ], [ -77.853069, 40.780073 ], [ -77.849521, 40.781977 ], [ -77.846921, 40.780676 ], [ -77.84359, 40.777477 ], [ -77.834988, 40.782647 ], [ -77.832757, 40.783591 ], [ -77.834193, 40.786532 ], [ -77.837527, 40.785782 ], [ -77.837744, 40.785919 ], [ -77.833819, 40.789835 ], [ -77.833952, 40.791682 ], [ -77.832737, 40.792021 ], [ -77.827132, 40.790002 ], [ -77.822749, 40.790995 ], [ -77.821394, 40.788493 ], [ -77.818927, 40.789876 ], [ -77.820151, 40.79107 ], [ -77.819669, 40.792292 ], [ -77.820271, 40.794664 ], [ -77.822605, 40.793592 ], [ -77.823494, 40.792356 ], [ -77.827016, 40.791292 ], [ -77.83129, 40.792599 ], [ -77.830967, 40.793342 ], [ -77.833524, 40.794729 ], [ -77.831428, 40.797242 ], [ -77.831136, 40.798852 ], [ -77.832824, 40.799203 ], [ -77.834459, 40.796181 ], [ -77.836426, 40.799463 ], [ -77.840621, 40.79874 ], [ -77.842146, 40.803734 ], [ -77.843518, 40.805018 ], [ -77.843945, 40.805419 ], [ -77.85907, 40.806815 ], [ -77.863802, 40.807253 ], [ -77.867251, 40.807572 ], [ -77.869207, 40.804505 ], [ -77.874084, 40.805621 ], [ -77.875329, 40.804351 ], [ -77.87607, 40.804555 ], [ -77.876865, 40.801833 ], [ -77.879032, 40.800868 ], [ -77.882004, 40.799498 ], [ -77.882392, 40.800482 ], [ -77.882423, 40.800995 ], [ -77.886211, 40.799336 ], [ -77.885701, 40.797317 ] ] ] } },
{ "type": "Feature", "properties": { "GEOID": "4259040", "NAME": "Penn Hills municipality, Pennsylvania", "population": 39452.0 }, "geometry": { "type": "GeometryCollection", "geometries": [ ] } },
{ "type": "Feature", "properties": { "GEOID": "4254656", "NAME": "Norristown borough, Pennsylvania", "population": 35911.0 }, "geometry": { "type": "Polygon", "coordinates": [ [ [ -75.365479, 40.116401 ], [ -75.360455, 40.116169 ], [ -75.356287, 40.115321 ], [ -75.354866, 40.114915 ], [ -75.352118, 40.113775 ], [ -75.349342, 40.112536 ], [ -75.346892, 40.111097 ], [ -75.344317, 40.110331 ], [ -75.340184, 40.109336 ], [ -75.333068, 40.106608 ], [ -75.327346, 40.105365 ], [ -75.326924, 40.105214 ], [ -75.326188, 40.105467 ], [ -75.324773, 40.108553 ], [ -75.321952, 40.114183 ], [ -75.321894, 40.1143 ], [ -75.318853, 40.120378 ], [ -75.316659, 40.124794 ], [ -75.319313, 40.126351 ], [ -75.322533, 40.128288 ], [ -75.324651, 40.129559 ], [ -75.326539, 40.130706 ], [ -75.332663, 40.134436 ], [ -75.343411, 40.141068 ], [ -75.344533, 40.141754 ], [ -75.353824, 40.132412 ], [ -75.358332, 40.127807 ], [ -75.359802, 40.126327 ], [ -75.362506, 40.123595 ], [ -75.365128, 40.120954 ], [ -75.362251, 40.119223 ], [ -75.364449, 40.117301 ], [ -75.365479, 40.116401 ] ] ] } },
{ "type": "Feature", "properties": { "GEOID": "4213208", "NAME": "Chester city, Pennsylvania", "population": 33996.0 }, "geometry": { "type": "Polygon", "coordinates": [ [ [ -75.408102, 39.843701 ], [ -75.403703, 39.838322 ], [ -75.404875, 39.837763 ], [ -75.403133, 39.835744 ], [ -75.401463, 39.832827 ], [ -75.398937, 39.833812 ], [ -75.397914, 39.831481 ], [ -75.396622, 39.8284 ], [ -75.396208, 39.82762 ], [ -75.3897645, 39.8158195 ], [ -75.371835, 39.827612 ], [ -75.3544, 39.839917 ], [ -75.3456553, 39.844183799999989 ], [ -75.341765, 39.846082 ], [ -75.3414654, 39.8461595 ], [ -75.346288, 39.853468 ], [ -75.347011, 39.854457 ], [ -75.347338, 39.855357 ], [ -75.346595, 39.859282 ], [ -75.346562, 39.86101 ], [ -75.347245, 39.861705 ], [ -75.348601, 39.86302 ], [ -75.348827, 39.86444 ], [ -75.351522, 39.866593 ], [ -75.351628, 39.867105 ], [ -75.351367, 39.868095 ], [ -75.356579, 39.869655 ], [ -75.356371, 39.871646 ], [ -75.356501, 39.872136 ], [ -75.355828, 39.873837 ], [ -75.361303, 39.872321 ], [ -75.366203, 39.873231 ], [ -75.366571, 39.872751 ], [ -75.365761, 39.871522 ], [ -75.36639, 39.870238 ], [ -75.368692, 39.870502 ], [ -75.373032, 39.872312 ], [ -75.371569, 39.87314 ], [ -75.368949, 39.872931 ], [ -75.370346, 39.87343 ], [ -75.373803, 39.874688 ], [ -75.373497, 39.875346 ], [ -75.374789, 39.875793 ], [ -75.378262, 39.875122 ], [ -75.378389, 39.874882 ], [ -75.376738, 39.873906 ], [ -75.376161, 39.87358 ], [ -75.375105, 39.866218 ], [ -75.374455, 39.865928 ], [ -75.376212, 39.861518 ], [ -75.373733, 39.860559 ], [ -75.370921, 39.859666 ], [ -75.370426, 39.857513 ], [ -75.367739, 39.857302 ], [ -75.365006, 39.857332 ], [ -75.366175, 39.855165 ], [ -75.369964, 39.852294 ], [ -75.373271, 39.854526 ], [ -75.376561, 39.855792 ], [ -75.378331, 39.854562 ], [ -75.380625, 39.851599 ], [ -75.381047, 39.850368 ], [ -75.384334, 39.850596 ], [ -75.386377, 39.85007 ], [ -75.386385, 39.849609 ], [ -75.384911, 39.847774 ], [ -75.385828, 39.84709 ], [ -75.387496, 39.846311 ], [ -75.384894, 39.843227 ], [ -75.389557, 39.84076 ], [ -75.388829, 39.839924 ], [ -75.390124, 39.839231 ], [ -75.392625, 39.840155 ], [ -75.396143, 39.843313 ], [ -75.396648, 39.844553 ], [ -75.402156, 39.842992 ], [ -75.403253, 39.843331 ], [ -75.404444, 39.843827 ], [ -75.408102, 39.843701 ] ] ] } },
{ "type": "Feature", "properties": { "GEOID": "4251794", "NAME": "Mount Lebanon municipality, Pennsylvania", "population": 32552.0 }, "geometry": { "type": "GeometryCollection", "geometries": [ ] } },
{ "type": "Feature", "properties": { "GEOID": "4206064", "NAME": "Bethel Park municipality, Pennsylvania", "population": 32074.0 }, "geometry": { "type": "Polygon", "coordinates": [ [ [ -80.072381, 40.299236 ], [ -80.069202, 40.298298 ], [ -80.047271, 40.291777 ], [ -80.033699, 40.287674 ], [ -80.033269, 40.28754 ], [ -80.03041, 40.292006 ], [ -80.026827, 40.294834 ], [ -80.025048, 40.297786 ], [ -80.023822, 40.298437 ], [ -80.023297, 40.300515 ], [ -80.021147, 40.302342 ], [ -80.021085, 40.30352 ], [ -80.016248, 40.310653 ], [ -80.009341, 40.32112 ], [ -80.003034, 40.330695 ], [ -80.001323, 40.333292 ], [ -79.998059, 40.338248 ], [ -79.998826, 40.338736 ], [ -80.005624, 40.342983 ], [ -80.006658, 40.344751 ], [ -80.007731, 40.346118 ], [ -80.010669, 40.350452 ], [ -80.01152, 40.351743 ], [ -80.011622, 40.351993 ], [ -80.017084, 40.359027 ], [ -80.022896, 40.359083 ], [ -80.022841, 40.358614 ], [ -80.022673, 40.35745 ], [ -80.028482, 40.357064 ], [ -80.028218, 40.355858 ], [ -80.033428, 40.355139 ], [ -80.03377, 40.354447 ], [ -80.037838, 40.353625 ], [ -80.039688, 40.351783 ], [ -80.042661, 40.352723 ], [ -80.050809, 40.351114 ], [ -80.05117, 40.351043 ], [ -80.052877, 40.350735 ], [ -80.054273, 40.34741 ], [ -80.05463, 40.34665 ], [ -80.056514, 40.34282 ], [ -80.05835, 40.33708 ], [ -80.061584, 40.328961 ], [ -80.063327, 40.324796 ], [ -80.067693, 40.314137 ], [ -80.07096, 40.306084 ], [ -80.07396, 40.299837 ], [ -80.072381, 40.299236 ] ] ] } },
{ "type": "Feature", "properties": { "GEOID": "4221648", "NAME": "Easton city, Pennsylvania", "population": 30402.0 }, "geometry": { "type": "MultiPolygon", "coordinates": [ [ [ [ -75.245498, 40.697253 ], [ -75.244955, 40.69368 ], [ -75.24341, 40.693946 ], [ -75.24295, 40.691536 ], [ -75.239122, 40.692361 ], [ -75.238429, 40.694303 ], [ -75.238497, 40.698097 ], [ -75.238496, 40.699578 ], [ -75.245687, 40.698888 ], [ -75.245498, 40.697253 ] ] ], [ [ [ -75.282692, 40.642328 ], [ -75.282207, 40.641052 ], [ -75.274066, 40.641764 ], [ -75.27087, 40.642758 ], [ -75.268883, 40.644277 ], [ -75.267597, 40.645346 ], [ -75.252106, 40.65066 ], [ -75.250793, 40.651332 ], [ -75.246363, 40.654987 ], [ -75.242555, 40.658665 ], [ -75.237284, 40.662886 ], [ -75.236724, 40.66394 ], [ -75.236771, 40.666219 ], [ -75.231826, 40.672813 ], [ -75.231168, 40.67104 ], [ -75.227435, 40.672816 ], [ -75.227189, 40.672836 ], [ -75.221901, 40.673324 ], [ -75.221637, 40.671488 ], [ -75.216627, 40.671839 ], [ -75.215439, 40.67396 ], [ -75.215358, 40.674007 ], [ -75.211877, 40.674241 ], [ -75.211526, 40.672436 ], [ -75.209143, 40.672432 ], [ -75.20947, 40.674537 ], [ -75.207442, 40.674717 ], [ -75.199323, 40.675438 ], [ -75.199402, 40.67647 ], [ -75.19781, 40.676652 ], [ -75.194482, 40.67933 ], [ -75.194409, 40.67675 ], [ -75.196959, 40.676662 ], [ -75.197028, 40.675829 ], [ -75.194582, 40.6764 ], [ -75.194127, 40.675639 ], [ -75.190429, 40.678308 ], [ -75.1901586, 40.6794201 ], [ -75.19058, 40.679379 ], [ -75.19692, 40.681299 ], [ -75.20092, 40.685498 ], [ -75.2021235, 40.6879051 ], [ -75.2029, 40.689458 ], [ -75.2039071, 40.6914721 ], [ -75.2039076, 40.6914732 ], [ -75.20392, 40.691498 ], [ -75.2027746, 40.6945378 ], [ -75.2024385, 40.6954296 ], [ -75.19872, 40.705298 ], [ -75.1981087, 40.7065377 ], [ -75.19442, 40.714018 ], [ -75.1928569, 40.7156226 ], [ -75.1944, 40.716659 ], [ -75.19675, 40.714488 ], [ -75.197903, 40.715698 ], [ -75.200972, 40.714434 ], [ -75.202926, 40.713208 ], [ -75.20183, 40.712229 ], [ -75.206366, 40.709314 ], [ -75.208975, 40.710273 ], [ -75.210719, 40.709557 ], [ -75.209099, 40.707459 ], [ -75.211508, 40.705867 ], [ -75.220452, 40.704715 ], [ -75.22012, 40.705594 ], [ -75.223604, 40.704264 ], [ -75.2333, 40.70309 ], [ -75.233386, 40.702752 ], [ -75.233365, 40.702537 ], [ -75.233354, 40.702433 ], [ -75.231816, 40.688627 ], [ -75.23155, 40.686356 ], [ -75.231353, 40.684979 ], [ -75.231442, 40.684499 ], [ -75.230794, 40.678389 ], [ -75.230726, 40.678194 ], [ -75.234278, 40.673608 ], [ -75.236696, 40.669836 ], [ -75.237954, 40.666769 ], [ -75.238121, 40.666298 ], [ -75.239431, 40.664811 ], [ -75.242455, 40.661508 ], [ -75.243863, 40.661914 ], [ -75.245234, 40.659852 ], [ -75.246932, 40.658744 ], [ -75.255407, 40.655197 ], [ -75.263199, 40.649389 ], [ -75.270087, 40.646154 ], [ -75.273637, 40.644602 ], [ -75.283699, 40.642218 ], [ -75.282692, 40.642328 ] ] ] ] } },
{ "type": "Feature", "properties": { "GEOID": "4233408", "NAME": "Hazleton city, Pennsylvania", "population": 30286.0 }, "geometry": { "type": "Polygon", "coordinates": [ [ [ -75.995124, 40.95143 ], [ -75.990498, 40.93404 ], [ -75.988923, 40.928166 ], [ -75.971497, 40.930794 ], [ -75.946233, 40.9346 ], [ -75.947862, 40.940409 ], [ -75.951415, 40.953064 ], [ -75.95439, 40.963275 ], [ -75.956034, 40.969166 ], [ -75.966854, 40.96747 ], [ -75.967705, 40.967348 ], [ -75.970651, 40.974723 ], [ -75.97315, 40.974324 ], [ -75.978136, 40.973517 ], [ -75.983974, 40.972566 ], [ -75.989803, 40.971616 ], [ -75.990218, 40.971463 ], [ -75.988993, 40.967261 ], [ -75.995426, 40.966081 ], [ -75.992246, 40.962872 ], [ -75.98975, 40.960394 ], [ -75.987306, 40.957916 ], [ -75.988342, 40.957542 ], [ -75.988876, 40.957656 ], [ -75.989203, 40.957444 ], [ -75.996332, 40.95637 ], [ -75.995124, 40.95143 ] ] ] } },
{ "type": "Feature", "properties": { "GEOID": "4250528", "NAME": "Monroeville municipality, Pennsylvania", "population": 27685.0 }, "geometry": { "type": "Polygon", "coordinates": [ [ [ -79.821804, 40.416307 ], [ -79.818514, 40.415483 ], [ -79.81378, 40.418119 ], [ -79.811658, 40.417861 ], [ -79.810652, 40.416389 ], [ -79.812275, 40.413778 ], [ -79.809728, 40.412131 ], [ -79.811037, 40.411262 ], [ -79.81187, 40.409699 ], [ -79.815433, 40.40563 ], [ -79.813048, 40.405494 ], [ -79.811775, 40.403355 ], [ -79.812723, 40.402341 ], [ -79.814993, 40.401185 ], [ -79.813606, 40.401038 ], [ -79.80917, 40.397036 ], [ -79.806452, 40.396805 ], [ -79.805433, 40.398631 ], [ -79.804364, 40.398431 ], [ -79.804533, 40.396796 ], [ -79.801488, 40.395131 ], [ -79.801448, 40.394117 ], [ -79.797249, 40.394074 ], [ -79.793515, 40.395801 ], [ -79.792032, 40.397859 ], [ -79.788861, 40.397952 ], [ -79.788539, 40.396479 ], [ -79.784001, 40.396326 ], [ -79.781527, 40.396865 ], [ -79.778871, 40.398946 ], [ -79.777091, 40.398873 ], [ -79.774853, 40.396732 ], [ -79.768172, 40.386566 ], [ -79.765426, 40.385311 ], [ -79.764939, 40.38721 ], [ -79.765829, 40.389217 ], [ -79.765865, 40.389422 ], [ -79.762839, 40.392684 ], [ -79.760025, 40.393706 ], [ -79.754519, 40.389916 ], [ -79.753515, 40.389728 ], [ -79.751869, 40.389181 ], [ -79.751004, 40.389076 ], [ -79.750682, 40.390863 ], [ -79.748024, 40.390757 ], [ -79.744634, 40.396163 ], [ -79.742891, 40.396731 ], [ -79.738648, 40.395545 ], [ -79.738736, 40.397716 ], [ -79.735723, 40.399405 ], [ -79.734895, 40.397852 ], [ -79.732523, 40.399599 ], [ -79.73232, 40.400235 ], [ -79.731981, 40.406646 ], [ -79.730431, 40.408473 ], [ -79.729193, 40.408827 ], [ -79.727776, 40.408315 ], [ -79.722397, 40.408569 ], [ -79.722187, 40.409077 ], [ -79.726018, 40.412156 ], [ -79.727228, 40.412194 ], [ -79.727646, 40.412887 ], [ -79.726826, 40.414473 ], [ -79.722338, 40.414919 ], [ -79.720423, 40.413982 ], [ -79.717231, 40.413789 ], [ -79.716157, 40.415728 ], [ -79.716028, 40.417413 ], [ -79.712545, 40.418647 ], [ -79.711833, 40.419684 ], [ -79.706939, 40.422319 ], [ -79.706978, 40.424016 ], [ -79.704783, 40.426324 ], [ -79.70473, 40.427562 ], [ -79.703973, 40.443652 ], [ -79.707379, 40.446266 ], [ -79.708142, 40.447673 ], [ -79.709526, 40.448113 ], [ -79.711351, 40.445884 ], [ -79.713846, 40.445839 ], [ -79.717132, 40.446495 ], [ -79.719506, 40.447265 ], [ -79.724494, 40.450139 ], [ -79.730423, 40.453058 ], [ -79.731651, 40.453453 ], [ -79.735356, 40.455374 ], [ -79.73641, 40.456529 ], [ -79.738863, 40.457761 ], [ -79.744611, 40.456627 ], [ -79.748201, 40.457248 ], [ -79.753513, 40.460279 ], [ -79.756386, 40.459675 ], [ -79.758598, 40.459863 ], [ -79.759567, 40.460388 ], [ -79.762074, 40.461814 ], [ -79.76814, 40.461953 ], [ -79.769403, 40.460865 ], [ -79.771424, 40.460229 ], [ -79.773906, 40.459653 ], [ -79.779298, 40.460953 ], [ -79.77985, 40.459802 ], [ -79.782154, 40.456904 ], [ -79.787204, 40.453137 ], [ -79.792878, 40.451566 ], [ -79.796321, 40.449855 ], [ -79.79667, 40.448677 ], [ -79.796342, 40.446163 ], [ -79.797059, 40.443775 ], [ -79.797606, 40.44249 ], [ -79.79789, 40.441933 ], [ -79.801973, 40.440187 ], [ -79.80035, 40.439509 ], [ -79.802667, 40.43858 ], [ -79.802959, 40.436493 ], [ -79.804535, 40.434152 ], [ -79.802067, 40.431957 ], [ -79.803448, 40.4269 ], [ -79.808009, 40.425088 ], [ -79.809617, 40.423501 ], [ -79.81081, 40.422825 ], [ -79.816057, 40.41981 ], [ -79.818164, 40.417647 ], [ -79.820865, 40.416793 ], [ -79.821305, 40.416739 ], [ -79.821804, 40.416307 ] ], [ [ -79.783256, 40.402649 ], [ -79.782725, 40.403928 ], [ -79.78309, 40.404343 ], [ -79.779883, 40.407606 ], [ -79.77888, 40.410572 ], [ -79.777045, 40.416771 ], [ -79.777479, 40.41585 ], [ -79.778361, 40.416131 ], [ -79.777527, 40.418115 ], [ -79.781298, 40.419025 ], [ -79.779861, 40.422399 ], [ -79.775869, 40.419039 ], [ -79.776763, 40.417302 ], [ -79.775666, 40.413974 ], [ -79.772754, 40.414545 ], [ -79.775818, 40.410433 ], [ -79.773712, 40.409813 ], [ -79.771486, 40.410405 ], [ -79.769868, 40.408022 ], [ -79.769499, 40.40547 ], [ -79.772291, 40.401698 ], [ -79.771664, 40.399859 ], [ -79.772674, 40.400693 ], [ -79.775376, 40.402217 ], [ -79.774181, 40.400566 ], [ -79.777553, 40.40033 ], [ -79.777957, 40.401779 ], [ -79.785057, 40.400418 ], [ -79.783256, 40.402649 ] ] ] } },
{ "type": "Feature", "properties": { "GEOID": "4285312", "NAME": "Williamsport city, Pennsylvania", "population": 27384.0 }, "geometry": { "type": "Polygon", "coordinates": [ [ [ -77.092423, 41.241977 ], [ -77.089647, 41.237884 ], [ -77.090572, 41.234133 ], [ -77.091571, 41.230083 ], [ -77.091778, 41.229242 ], [ -77.093741, 41.221295 ], [ -77.08743, 41.219944 ], [ -77.078492, 41.218818 ], [ -77.074744, 41.219044 ], [ -77.066277, 41.219564 ], [ -77.053905, 41.222305 ], [ -77.04989, 41.223617 ], [ -77.045052, 41.225485 ], [ -77.044035, 41.225673 ], [ -77.037245, 41.22851 ], [ -77.034685, 41.228986 ], [ -77.028156, 41.228241 ], [ -77.02455, 41.228067 ], [ -77.015654, 41.229606 ], [ -77.003663, 41.234411 ], [ -76.997688, 41.237517 ], [ -76.990922, 41.24145 ], [ -76.983351, 41.244161 ], [ -76.981874, 41.244715 ], [ -76.98219, 41.248389 ], [ -76.982337, 41.250013 ], [ -76.982647, 41.253483 ], [ -76.981873, 41.253523 ], [ -76.982604, 41.261664 ], [ -76.985733, 41.261986 ], [ -76.985625, 41.264295 ], [ -76.988358, 41.263719 ], [ -76.988047, 41.261912 ], [ -77.004634, 41.261867 ], [ -77.01572, 41.261483 ], [ -77.019752, 41.261344 ], [ -77.021454, 41.258859 ], [ -77.025638, 41.259246 ], [ -77.026396, 41.257975 ], [ -77.025999, 41.253915 ], [ -77.024612, 41.253977 ], [ -77.0239, 41.247436 ], [ -77.027224, 41.247253 ], [ -77.033088, 41.246881 ], [ -77.043578, 41.246286 ], [ -77.046743, 41.246111 ], [ -77.050745, 41.246094 ], [ -77.0519, 41.24609 ], [ -77.055107, 41.245796 ], [ -77.095058, 41.243201 ], [ -77.092423, 41.241977 ] ] ] } },
{ "type": "Feature", "properties": { "GEOID": "4242168", "NAME": "Lebanon city, Pennsylvania", "population": 26479.0 }, "geometry": { "type": "Polygon", "coordinates": [ [ [ -76.449797, 40.34856 ], [ -76.447309, 40.348202 ], [ -76.444898, 40.346935 ], [ -76.442794, 40.347369 ], [ -76.440454, 40.34221 ], [ -76.440428, 40.342021 ], [ -76.439462, 40.338251 ], [ -76.438658, 40.335231 ], [ -76.438361, 40.332923 ], [ -76.441326, 40.332723 ], [ -76.440661, 40.331549 ], [ -76.443049, 40.331296 ], [ -76.442415, 40.329525 ], [ -76.447582, 40.327321 ], [ -76.448101, 40.327054 ], [ -76.447754, 40.325287 ], [ -76.441497, 40.328113 ], [ -76.43995, 40.327194 ], [ -76.440361, 40.325847 ], [ -76.436088, 40.327737 ], [ -76.434497, 40.329288 ], [ -76.433588, 40.327855 ], [ -76.434682, 40.326263 ], [ -76.430659, 40.323694 ], [ -76.426874, 40.321567 ], [ -76.425112, 40.322565 ], [ -76.424023, 40.319915 ], [ -76.419884, 40.321725 ], [ -76.421751, 40.324238 ], [ -76.418652, 40.324596 ], [ -76.418535, 40.322525 ], [ -76.416448, 40.322549 ], [ -76.415907, 40.322552 ], [ -76.416747, 40.324637 ], [ -76.418891, 40.326821 ], [ -76.419475, 40.331639 ], [ -76.411679, 40.333058 ], [ -76.409862, 40.33339 ], [ -76.408979, 40.332378 ], [ -76.406253, 40.33266 ], [ -76.405554, 40.331641 ], [ -76.399339, 40.334769 ], [ -76.403466, 40.337717 ], [ -76.40366, 40.338571 ], [ -76.404115, 40.340544 ], [ -76.400501, 40.341838 ], [ -76.397258, 40.342845 ], [ -76.392139, 40.34461 ], [ -76.391965, 40.344692 ], [ -76.393029, 40.346171 ], [ -76.393345, 40.348282 ], [ -76.393525, 40.349641 ], [ -76.404407, 40.349062 ], [ -76.406916, 40.349004 ], [ -76.406664, 40.350603 ], [ -76.404437, 40.349568 ], [ -76.402561, 40.34973 ], [ -76.402771, 40.352196 ], [ -76.41041, 40.353459 ], [ -76.411088, 40.353584 ], [ -76.417875, 40.354848 ], [ -76.421637, 40.355548 ], [ -76.423773, 40.355601 ], [ -76.431868, 40.355802 ], [ -76.433655, 40.3556 ], [ -76.439248, 40.354991 ], [ -76.443597, 40.352324 ], [ -76.445923, 40.352147 ], [ -76.448803, 40.351482 ], [ -76.450758, 40.350861 ], [ -76.449797, 40.34856 ] ] ] } },
{ "type": "Feature", "properties": { "GEOID": "4261536", "NAME": "Plum borough, Pennsylvania", "population": 26225.0 }, "geometry": { "type": "Polygon", "coordinates": [ [ [ -79.83669, 40.530259 ], [ -79.833164, 40.529857 ], [ -79.828061, 40.527952 ], [ -79.827926, 40.524571 ], [ -79.821474, 40.526015 ], [ -79.820868, 40.526167 ], [ -79.819218, 40.5233 ], [ -79.820344, 40.518101 ], [ -79.819916, 40.517628 ], [ -79.819707, 40.517397 ], [ -79.818158, 40.518391 ], [ -79.816653, 40.517711 ], [ -79.816749, 40.51486 ], [ -79.815186, 40.514361 ], [ -79.813733, 40.516277 ], [ -79.812823, 40.516492 ], [ -79.810186, 40.51574 ], [ -79.808745, 40.516116 ], [ -79.808357, 40.517499 ], [ -79.806979, 40.518148 ], [ -79.80675, 40.513607 ], [ -79.805062, 40.514085 ], [ -79.802312, 40.514332 ], [ -79.800599, 40.51312 ], [ -79.79916, 40.510455 ], [ -79.794001, 40.511849 ], [ -79.791794, 40.507943 ], [ -79.791446, 40.505808 ], [ -79.792442, 40.503474 ], [ -79.791851, 40.502285 ], [ -79.789301, 40.500974 ], [ -79.788161, 40.499547 ], [ -79.788874, 40.498362 ], [ -79.788652, 40.495689 ], [ -79.787131, 40.49528 ], [ -79.784472, 40.495246 ], [ -79.783995, 40.49455 ], [ -79.785101, 40.493313 ], [ -79.78536, 40.491756 ], [ -79.783363, 40.489876 ], [ -79.784044, 40.487172 ], [ -79.781025, 40.483926 ], [ -79.780812, 40.482179 ], [ -79.77874, 40.480864 ], [ -79.77992, 40.478466 ], [ -79.778107, 40.478246 ], [ -79.778866, 40.476175 ], [ -79.778398, 40.475976 ], [ -79.776853, 40.465746 ], [ -79.777878, 40.463541 ], [ -79.779202, 40.462767 ], [ -79.779298, 40.460953 ], [ -79.773906, 40.459653 ], [ -79.771424, 40.460229 ], [ -79.769403, 40.460865 ], [ -79.76814, 40.461953 ], [ -79.762074, 40.461814 ], [ -79.759567, 40.460388 ], [ -79.758598, 40.459863 ], [ -79.756386, 40.459675 ], [ -79.753513, 40.460279 ], [ -79.748201, 40.457248 ], [ -79.744611, 40.456627 ], [ -79.738863, 40.457761 ], [ -79.73641, 40.456529 ], [ -79.735356, 40.455374 ], [ -79.731651, 40.453453 ], [ -79.730423, 40.453058 ], [ -79.724494, 40.450139 ], [ -79.719506, 40.447265 ], [ -79.717132, 40.446495 ], [ -79.713846, 40.445839 ], [ -79.711351, 40.445884 ], [ -79.709526, 40.448113 ], [ -79.708142, 40.447673 ], [ -79.707379, 40.446266 ], [ -79.703973, 40.443652 ], [ -79.703237, 40.456068 ], [ -79.703038, 40.463592 ], [ -79.702485, 40.477326 ], [ -79.702142, 40.489523 ], [ -79.701985, 40.523787 ], [ -79.701624, 40.525449 ], [ -79.705101, 40.527111 ], [ -79.707902, 40.530663 ], [ -79.710234, 40.532299 ], [ -79.712848, 40.532934 ], [ -79.714373, 40.532878 ], [ -79.718707, 40.537399 ], [ -79.721128, 40.541162 ], [ -79.722367, 40.542198 ], [ -79.724608, 40.542191 ], [ -79.728666, 40.543435 ], [ -79.730552, 40.544717 ], [ -79.731934, 40.545066 ], [ -79.732582, 40.546561 ], [ -79.734044, 40.546836 ], [ -79.735714, 40.549012 ], [ -79.739269, 40.549497 ], [ -79.741419, 40.549371 ], [ -79.742656, 40.548523 ], [ -79.745879, 40.549809 ], [ -79.748493, 40.551264 ], [ -79.751701, 40.551823 ], [ -79.754254, 40.550431 ], [ -79.758132, 40.550337 ], [ -79.760069, 40.551064 ], [ -79.76509, 40.549238 ], [ -79.763698, 40.546025 ], [ -79.764172, 40.544264 ], [ -79.766091, 40.540713 ], [ -79.768478, 40.538779 ], [ -79.772762, 40.536327 ], [ -79.776618, 40.534934 ], [ -79.778908, 40.534488 ], [ -79.783753, 40.534108 ], [ -79.788162, 40.534623 ], [ -79.794789, 40.535785 ], [ -79.805012, 40.537455 ], [ -79.807566, 40.537284 ], [ -79.813647, 40.536624 ], [ -79.820606, 40.536364 ], [ -79.828537, 40.535004 ], [ -79.835272, 40.532634 ], [ -79.83669, 40.530259 ] ] ] } },
{ "type": "Feature", "properties": { "GEOID": "4212536", "NAME": "Chambersburg borough, Pennsylvania", "population": 23376.0 }, "geometry": { "type": "Polygon", "coordinates": [ [ [ -77.685564, 39.927239 ], [ -77.684207, 39.924828 ], [ -77.682293, 39.925976 ], [ -77.680517, 39.925761 ], [ -77.678263, 39.92263 ], [ -77.679984, 39.922285 ], [ -77.680539, 39.918177 ], [ -77.681828, 39.9162 ], [ -77.683552, 39.914785 ], [ -77.683865, 39.913538 ], [ -77.682039, 39.912918 ], [ -77.683238, 39.910754 ], [ -77.676701, 39.908499 ], [ -77.675843, 39.909986 ], [ -77.669135, 39.907882 ], [ -77.66822, 39.908901 ], [ -77.661631, 39.908535 ], [ -77.661919, 39.907335 ], [ -77.657181, 39.907489 ], [ -77.656341, 39.905803 ], [ -77.651705, 39.907905 ], [ -77.649082, 39.909324 ], [ -77.646364, 39.911231 ], [ -77.642512, 39.916427 ], [ -77.639594, 39.920467 ], [ -77.638275, 39.922735 ], [ -77.634249, 39.931232 ], [ -77.632546, 39.933543 ], [ -77.630145, 39.935765 ], [ -77.62369, 39.940536 ], [ -77.639646, 39.947761 ], [ -77.639346, 39.948431 ], [ -77.62571, 39.954379 ], [ -77.633113, 39.956917 ], [ -77.631553, 39.958439 ], [ -77.634623, 39.960649 ], [ -77.639538, 39.9568 ], [ -77.641629, 39.957803 ], [ -77.643111, 39.955465 ], [ -77.64561, 39.953738 ], [ -77.646342, 39.954096 ], [ -77.646361, 39.954073 ], [ -77.64593, 39.957617 ], [ -77.646793, 39.957799 ], [ -77.652657, 39.953869 ], [ -77.655796, 39.951737 ], [ -77.662085, 39.948929 ], [ -77.669884, 39.948083 ], [ -77.670978, 39.947959 ], [ -77.673345, 39.941858 ], [ -77.675013, 39.937438 ], [ -77.674405, 39.935485 ], [ -77.673527, 39.932699 ], [ -77.669058, 39.930013 ], [ -77.669888, 39.92894 ], [ -77.670819, 39.927842 ], [ -77.671835, 39.9283 ], [ -77.6749, 39.932553 ], [ -77.676163, 39.933715 ], [ -77.679966, 39.932063 ], [ -77.682196, 39.933904 ], [ -77.683653, 39.933779 ], [ -77.684772, 39.932513 ], [ -77.682843, 39.931248 ], [ -77.683166, 39.929696 ], [ -77.68565, 39.929698 ], [ -77.685564, 39.927239 ] ] ] } },
{ "type": "Feature", "properties": { "GEOID": "4262416", "NAME": "Pottstown borough, Pennsylvania", "population": 23322.0 }, "geometry": { "type": "Polygon", "coordinates": [ [ [ -75.678085, 40.247051 ], [ -75.676059, 40.242551 ], [ -75.670751, 40.244687 ], [ -75.664911, 40.245065 ], [ -75.664036, 40.2449 ], [ -75.659409, 40.242344 ], [ -75.658615, 40.241903 ], [ -75.656037, 40.241167 ], [ -75.65275, 40.242001 ], [ -75.650887, 40.24202 ], [ -75.643311, 40.238402 ], [ -75.640254, 40.237054 ], [ -75.634496, 40.235746 ], [ -75.633989, 40.235303 ], [ -75.630264, 40.234074 ], [ -75.627958, 40.232924 ], [ -75.623226, 40.237368 ], [ -75.616708, 40.237846 ], [ -75.610527, 40.243105 ], [ -75.61076, 40.243939 ], [ -75.610458, 40.243952 ], [ -75.611735, 40.24841 ], [ -75.614014, 40.247074 ], [ -75.620562, 40.251076 ], [ -75.62012, 40.251516 ], [ -75.623466, 40.252844 ], [ -75.62828, 40.255824 ], [ -75.625114, 40.257029 ], [ -75.621986, 40.259915 ], [ -75.627049, 40.262999 ], [ -75.629015, 40.264196 ], [ -75.63446, 40.267522 ], [ -75.637601, 40.263727 ], [ -75.640304, 40.260619 ], [ -75.64349, 40.261463 ], [ -75.649302, 40.262979 ], [ -75.650807, 40.263373 ], [ -75.6511, 40.263452 ], [ -75.661423, 40.265676 ], [ -75.662706, 40.265917 ], [ -75.663627, 40.263892 ], [ -75.665426, 40.26427 ], [ -75.662992, 40.267333 ], [ -75.667594, 40.267061 ], [ -75.669048, 40.265769 ], [ -75.670114, 40.261122 ], [ -75.67675, 40.259163 ], [ -75.678098, 40.258148 ], [ -75.675547, 40.256959 ], [ -75.668389, 40.259331 ], [ -75.671861, 40.255343 ], [ -75.676555, 40.249935 ], [ -75.678463, 40.247891 ], [ -75.678085, 40.247051 ] ] ] } },
{ "type": "Feature", "properties": { "GEOID": "4211272", "NAME": "Carlisle borough, Pennsylvania", "population": 22693.0 }, "geometry": { "type": "Polygon", "coordinates": [ [ [ -77.244018, 40.190077 ], [ -77.242584, 40.185399 ], [ -77.241977, 40.185719 ], [ -77.239889, 40.186822 ], [ -77.231029, 40.187697 ], [ -77.231455, 40.189749 ], [ -77.226881, 40.192992 ], [ -77.222357, 40.194678 ], [ -77.217549, 40.19339 ], [ -77.213456, 40.187249 ], [ -77.208288, 40.187767 ], [ -77.208474, 40.186967 ], [ -77.209762, 40.186149 ], [ -77.207479, 40.183687 ], [ -77.2073, 40.184656 ], [ -77.205645, 40.1846 ], [ -77.206235, 40.180684 ], [ -77.20228, 40.181084 ], [ -77.202449, 40.183048 ], [ -77.191876, 40.182043 ], [ -77.187161, 40.181591 ], [ -77.18743, 40.184449 ], [ -77.189389, 40.186587 ], [ -77.187274, 40.186456 ], [ -77.186923, 40.188081 ], [ -77.186027, 40.194049 ], [ -77.185094, 40.194069 ], [ -77.182306, 40.194008 ], [ -77.172793, 40.197467 ], [ -77.171497, 40.196828 ], [ -77.171095, 40.200042 ], [ -77.172344, 40.200137 ], [ -77.172114, 40.204616 ], [ -77.174172, 40.20568 ], [ -77.181187, 40.209304 ], [ -77.182905, 40.21019 ], [ -77.180215, 40.212578 ], [ -77.180301, 40.211599 ], [ -77.179234, 40.210409 ], [ -77.178052, 40.210948 ], [ -77.178083, 40.212783 ], [ -77.177229, 40.214891 ], [ -77.178337, 40.217046 ], [ -77.181573, 40.215833 ], [ -77.183187, 40.21865 ], [ -77.186668, 40.219406 ], [ -77.189304, 40.219296 ], [ -77.192444, 40.219162 ], [ -77.199477, 40.217369 ], [ -77.200282, 40.215859 ], [ -77.200377, 40.217138 ], [ -77.202177, 40.216678 ], [ -77.201899, 40.214069 ], [ -77.203581, 40.212501 ], [ -77.206029, 40.214201 ], [ -77.209771, 40.209844 ], [ -77.212454, 40.213828 ], [ -77.225755, 40.210534 ], [ -77.226142, 40.208602 ], [ -77.22, 40.208787 ], [ -77.220014, 40.205242 ], [ -77.214762, 40.207158 ], [ -77.212659, 40.206504 ], [ -77.208528, 40.206667 ], [ -77.209014, 40.203311 ], [ -77.24664, 40.200379 ], [ -77.244018, 40.190077 ] ] ] } },
{ "type": "Feature", "properties": { "GEOID": "4253368", "NAME": "New Castle city, Pennsylvania", "population": 21175.0 }, "geometry": { "type": "Polygon", "coordinates": [ [ [ -80.39449, 40.98406 ], [ -80.388995, 40.982341 ], [ -80.384237, 40.979911 ], [ -80.382854, 40.978667 ], [ -80.381423, 40.975152 ], [ -80.38261, 40.971882 ], [ -80.384242, 40.970765 ], [ -80.383843, 40.970321 ], [ -80.382986, 40.968781 ], [ -80.390761, 40.968351 ], [ -80.388895, 40.965884 ], [ -80.383152, 40.964232 ], [ -80.381522, 40.962828 ], [ -80.379151, 40.957895 ], [ -80.377308, 40.959227 ], [ -80.37648, 40.96197 ], [ -80.377036, 40.964019 ], [ -80.375914, 40.966525 ], [ -80.372609, 40.967752 ], [ -80.368509, 40.970526 ], [ -80.36499, 40.973311 ], [ -80.361521, 40.975129 ], [ -80.355524, 40.979563 ], [ -80.352256, 40.979621 ], [ -80.350418, 40.979735 ], [ -80.343133, 40.979881 ], [ -80.341704, 40.979952 ], [ -80.340371, 40.979969 ], [ -80.336439, 40.979628 ], [ -80.336197, 40.973371 ], [ -80.335803, 40.972739 ], [ -80.324924, 40.972666 ], [ -80.321557, 40.976032 ], [ -80.318202, 40.977144 ], [ -80.320892, 40.980237 ], [ -80.323793, 40.980116 ], [ -80.323796, 40.978525 ], [ -80.325829, 40.978473 ], [ -80.32579, 40.977023 ], [ -80.333629, 40.976961 ], [ -80.333705, 40.979793 ], [ -80.320986, 40.980313 ], [ -80.316711, 40.980405 ], [ -80.316833, 40.983788 ], [ -80.315938, 40.983809 ], [ -80.316962, 40.988792 ], [ -80.317394, 40.998248 ], [ -80.318269, 41.015272 ], [ -80.317327, 41.015447 ], [ -80.315406, 41.018499 ], [ -80.318712, 41.019954 ], [ -80.328869, 41.019647 ], [ -80.32892, 41.020819 ], [ -80.326991, 41.020875 ], [ -80.327794, 41.023882 ], [ -80.332005, 41.023796 ], [ -80.332094, 41.025603 ], [ -80.327969, 41.024731 ], [ -80.328015, 41.025761 ], [ -80.329278, 41.026564 ], [ -80.338308, 41.026238 ], [ -80.338381, 41.027698 ], [ -80.346636, 41.027507 ], [ -80.346566, 41.025356 ], [ -80.346221, 41.015578 ], [ -80.352198, 41.015315 ], [ -80.35672, 41.015182 ], [ -80.358739, 41.014679 ], [ -80.359032, 41.014607 ], [ -80.361071, 41.014161 ], [ -80.364776, 41.013359 ], [ -80.367259, 41.012821 ], [ -80.366257, 40.999948 ], [ -80.365891, 40.997277 ], [ -80.363798, 40.997178 ], [ -80.3632, 40.995571 ], [ -80.357401, 40.995763 ], [ -80.353368, 40.99527 ], [ -80.353058, 40.995003 ], [ -80.354652, 40.993607 ], [ -80.353809, 40.987638 ], [ -80.353794, 40.986433 ], [ -80.355468, 40.986429 ], [ -80.358563, 40.983548 ], [ -80.361576, 40.983298 ], [ -80.369144, 40.98308 ], [ -80.369262, 40.986313 ], [ -80.376955, 40.986153 ], [ -80.379532, 40.9861 ], [ -80.397501, 40.985748 ], [ -80.39449, 40.98406 ] ] ] } },
{ "type": "Feature", "properties": { "GEOID": "4252432", "NAME": "Murrysville municipality, Pennsylvania", "population": 20636.0 }, "geometry": { "type": "Polygon", "coordinates": [ [ [ -79.727228, 40.412194 ], [ -79.726018, 40.412156 ], [ -79.722187, 40.409077 ], [ -79.715591, 40.405635 ], [ -79.713414, 40.405833 ], [ -79.710605, 40.405582 ], [ -79.708472, 40.404514 ], [ -79.70846, 40.403348 ], [ -79.703865, 40.401697 ], [ -79.702052, 40.401628 ], [ -79.698047, 40.399485 ], [ -79.696932, 40.397772 ], [ -79.693695, 40.397173 ], [ -79.691365, 40.397601 ], [ -79.689105, 40.399883 ], [ -79.687844, 40.402195 ], [ -79.686622, 40.402787 ], [ -79.677273, 40.403342 ], [ -79.672165, 40.401075 ], [ -79.655689, 40.399372 ], [ -79.641758, 40.400543 ], [ -79.625359, 40.402201 ], [ -79.624332, 40.402298 ], [ -79.609555, 40.405701 ], [ -79.60482, 40.40203 ], [ -79.59589, 40.39852 ], [ -79.592278, 40.3982 ], [ -79.584815, 40.402659 ], [ -79.578764, 40.406316 ], [ -79.577893, 40.406862 ], [ -79.576726, 40.407559 ], [ -79.578491, 40.408923 ], [ -79.579491, 40.408224 ], [ -79.581764, 40.406693 ], [ -79.583027, 40.406888 ], [ -79.582714, 40.410917 ], [ -79.585799, 40.412393 ], [ -79.588248, 40.411235 ], [ -79.58908, 40.413785 ], [ -79.591839, 40.413805 ], [ -79.589537, 40.415875 ], [ -79.589319, 40.415872 ], [ -79.588344, 40.416453 ], [ -79.585863, 40.415806 ], [ -79.585425, 40.41424 ], [ -79.580277, 40.415372 ], [ -79.5794, 40.417152 ], [ -79.571589, 40.420381 ], [ -79.570795, 40.420424 ], [ -79.571879, 40.421694 ], [ -79.57213, 40.422746 ], [ -79.573246, 40.422992 ], [ -79.574969, 40.425696 ], [ -79.576047, 40.427244 ], [ -79.582219, 40.430418 ], [ -79.58543, 40.429443 ], [ -79.588932, 40.429122 ], [ -79.594165, 40.434181 ], [ -79.59409, 40.438015 ], [ -79.598108, 40.441711 ], [ -79.600684, 40.442634 ], [ -79.598765, 40.445096 ], [ -79.598929, 40.446221 ], [ -79.601333, 40.446763 ], [ -79.600985, 40.450636 ], [ -79.602752, 40.452502 ], [ -79.608471, 40.455842 ], [ -79.612669, 40.461085 ], [ -79.615158, 40.465395 ], [ -79.616001, 40.468165 ], [ -79.613191, 40.469724 ], [ -79.614779, 40.473227 ], [ -79.614815, 40.476034 ], [ -79.621687, 40.477743 ], [ -79.625855, 40.48067 ], [ -79.630205, 40.481542 ], [ -79.633935, 40.482961 ], [ -79.635293, 40.484878 ], [ -79.636589, 40.488052 ], [ -79.640042, 40.489346 ], [ -79.643719, 40.489707 ], [ -79.648037, 40.491505 ], [ -79.651114, 40.493307 ], [ -79.65623, 40.495443 ], [ -79.658669, 40.49591 ], [ -79.661138, 40.497399 ], [ -79.665911, 40.496994 ], [ -79.671563, 40.498149 ], [ -79.67318, 40.500012 ], [ -79.67621, 40.503838 ], [ -79.67627, 40.504823 ], [ -79.679421, 40.506437 ], [ -79.679571, 40.507355 ], [ -79.682312, 40.509644 ], [ -79.685442, 40.511177 ], [ -79.690198, 40.516064 ], [ -79.691975, 40.516294 ], [ -79.693183, 40.517727 ], [ -79.694076, 40.520934 ], [ -79.695803, 40.521944 ], [ -79.69907, 40.525502 ], [ -79.701624, 40.525449 ], [ -79.701985, 40.523787 ], [ -79.702142, 40.489523 ], [ -79.702485, 40.477326 ], [ -79.703038, 40.463592 ], [ -79.703237, 40.456068 ], [ -79.703973, 40.443652 ], [ -79.70473, 40.427562 ], [ -79.704783, 40.426324 ], [ -79.706978, 40.424016 ], [ -79.706939, 40.422319 ], [ -79.711833, 40.419684 ], [ -79.712545, 40.418647 ], [ -79.716028, 40.417413 ], [ -79.716157, 40.415728 ], [ -79.717231, 40.413789 ], [ -79.720423, 40.413982 ], [ -79.722338, 40.414919 ], [ -79.726826, 40.414473 ], [ -79.727646, 40.412887 ], [ -79.727228, 40.412194 ] ], [ [ -79.637042, 40.420983 ], [ -79.635429, 40.420328 ], [ -79.631629, 40.418742 ], [ -79.629349, 40.418664 ], [ -79.629304, 40.420028 ], [ -79.630932, 40.420049 ], [ -79.630568, 40.421346 ], [ -79.628447, 40.421797 ], [ -79.626428, 40.421169 ], [ -79.622907, 40.421092 ], [ -79.622497, 40.422504 ], [ -79.620504, 40.422272 ], [ -79.619915, 40.421225 ], [ -79.621531, 40.418978 ], [ -79.619356, 40.41826 ], [ -79.618497, 40.419782 ], [ -79.616764, 40.419056 ], [ -79.617849, 40.41725 ], [ -79.615653, 40.41549 ], [ -79.612999, 40.411007 ], [ -79.615491, 40.41269 ], [ -79.619418, 40.410486 ], [ -79.621564, 40.41289 ], [ -79.625205, 40.414064 ], [ -79.627704, 40.416142 ], [ -79.634796, 40.41901 ], [ -79.637079, 40.419273 ], [ -79.637042, 40.420983 ] ] ] } },
{ "type": "Feature", "properties": { "GEOID": "4203928", "NAME": "Baldwin borough, Pennsylvania", "population": 20516.0 }, "geometry": { "type": "Polygon", "coordinates": [ [ [ -80.010669, 40.350452 ], [ -80.007731, 40.346118 ], [ -80.006658, 40.344751 ], [ -80.005624, 40.342983 ], [ -79.998826, 40.338736 ], [ -79.998059, 40.338248 ], [ -79.996631, 40.337199 ], [ -79.988814, 40.332467 ], [ -79.986659, 40.331191 ], [ -79.985425, 40.329527 ], [ -79.984709, 40.332878 ], [ -79.985254, 40.333412 ], [ -79.979856, 40.336446 ], [ -79.976951, 40.336331 ], [ -79.97808, 40.337205 ], [ -79.974742, 40.337308 ], [ -79.972039, 40.338767 ], [ -79.969086, 40.340383 ], [ -79.968278, 40.341808 ], [ -79.966889, 40.3418 ], [ -79.966266, 40.342015 ], [ -79.964, 40.344991 ], [ -79.965376, 40.345745 ], [ -79.961291, 40.350167 ], [ -79.960623, 40.351614 ], [ -79.958977, 40.352306 ], [ -79.955965, 40.356941 ], [ -79.954472, 40.358558 ], [ -79.952255, 40.359364 ], [ -79.950259, 40.3607 ], [ -79.948144, 40.368165 ], [ -79.947868, 40.368861 ], [ -79.945768, 40.369527 ], [ -79.942391, 40.372784 ], [ -79.940625, 40.374666 ], [ -79.942734, 40.375965 ], [ -79.943666, 40.374965 ], [ -79.9455, 40.376079 ], [ -79.943332, 40.378157 ], [ -79.942535, 40.37967 ], [ -79.936448, 40.380662 ], [ -79.935473, 40.38095 ], [ -79.935384, 40.383613 ], [ -79.936531, 40.388764 ], [ -79.942093, 40.388214 ], [ -79.944395, 40.390177 ], [ -79.947282, 40.390049 ], [ -79.949502, 40.39124 ], [ -79.952436, 40.390183 ], [ -79.957195, 40.389895 ], [ -79.957735, 40.389914 ], [ -79.958046, 40.39539 ], [ -79.959924, 40.395598 ], [ -79.959512, 40.397556 ], [ -79.963476, 40.398325 ], [ -79.963904, 40.399715 ], [ -79.969054, 40.400468 ], [ -79.970865, 40.402811 ], [ -79.970106, 40.404756 ], [ -79.963884, 40.408737 ], [ -79.96303, 40.407881 ], [ -79.960393, 40.407761 ], [ -79.959048, 40.40974 ], [ -79.956131, 40.410309 ], [ -79.956644, 40.408229 ], [ -79.956032, 40.406617 ], [ -79.95492, 40.406845 ], [ -79.95284, 40.401705 ], [ -79.950608, 40.399618 ], [ -79.94387, 40.394168 ], [ -79.938185, 40.393079 ], [ -79.938793, 40.395026 ], [ -79.937112, 40.395267 ], [ -79.937729, 40.396786 ], [ -79.94259, 40.397328 ], [ -79.9455, 40.398462 ], [ -79.948135, 40.400422 ], [ -79.950849, 40.403751 ], [ -79.952955, 40.410659 ], [ -79.955098, 40.410546 ], [ -79.956366, 40.410631 ], [ -79.96283, 40.409671 ], [ -79.969312, 40.405479 ], [ -79.976555, 40.40392 ], [ -79.979577, 40.401637 ], [ -79.979994, 40.400695 ], [ -79.979739, 40.399462 ], [ -79.978109, 40.39697 ], [ -79.975788, 40.393122 ], [ -79.973226, 40.392778 ], [ -79.973083, 40.388717 ], [ -79.975756, 40.387212 ], [ -79.974081, 40.384792 ], [ -79.97124, 40.385734 ], [ -79.96982, 40.385788 ], [ -79.969257, 40.385796 ], [ -79.968449, 40.381883 ], [ -79.966577, 40.381216 ], [ -79.966755, 40.380589 ], [ -79.962774, 40.378856 ], [ -79.965061, 40.375638 ], [ -79.961621, 40.371529 ], [ -79.962624, 40.37047 ], [ -79.964472, 40.369701 ], [ -79.958908, 40.364305 ], [ -79.96429, 40.363429 ], [ -79.966, 40.365081 ], [ -79.968117, 40.363483 ], [ -79.966764, 40.360854 ], [ -79.965409, 40.35773 ], [ -79.968443, 40.35632 ], [ -79.969455, 40.357692 ], [ -79.969821, 40.357288 ], [ -79.972836, 40.353786 ], [ -79.97142, 40.352067 ], [ -79.97416, 40.350374 ], [ -79.976711, 40.350503 ], [ -79.973966, 40.347423 ], [ -79.973493, 40.346452 ], [ -79.973103, 40.345575 ], [ -79.977753, 40.344415 ], [ -79.985071, 40.345372 ], [ -79.985625, 40.345658 ], [ -79.98645, 40.346568 ], [ -79.988258, 40.348757 ], [ -79.98946, 40.349465 ], [ -79.990771, 40.349862 ], [ -79.994914, 40.350446 ], [ -79.99974, 40.35019 ], [ -80.004122, 40.348162 ], [ -80.003103, 40.35079 ], [ -80.005369, 40.352851 ], [ -80.007388, 40.352873 ], [ -80.010923, 40.351343 ], [ -80.010669, 40.350452 ] ] ] } },
{ "type": "Feature", "properties": { "GEOID": "4260120", "NAME": "Phoenixville borough, Pennsylvania", "population": 20356.0 }, "geometry": { "type": "Polygon", "coordinates": [ [ [ -75.547244, 40.128567 ], [ -75.537859, 40.123009 ], [ -75.53682, 40.123488 ], [ -75.534422, 40.124915 ], [ -75.535969, 40.123408 ], [ -75.531097, 40.120295 ], [ -75.52939, 40.121936 ], [ -75.527197, 40.120623 ], [ -75.525753, 40.121062 ], [ -75.524898, 40.119603 ], [ -75.522119, 40.119375 ], [ -75.518542, 40.117524 ], [ -75.517007, 40.119061 ], [ -75.512903, 40.116694 ], [ -75.507842, 40.121685 ], [ -75.502323, 40.127369 ], [ -75.499728, 40.129585 ], [ -75.505624, 40.132634 ], [ -75.508201, 40.135521 ], [ -75.509237, 40.136619 ], [ -75.5097, 40.137059 ], [ -75.510836, 40.140531 ], [ -75.509325, 40.14559 ], [ -75.506439, 40.148316 ], [ -75.503301, 40.151095 ], [ -75.500975, 40.154479 ], [ -75.501076, 40.157436 ], [ -75.503804, 40.159726 ], [ -75.506233, 40.16011 ], [ -75.508966, 40.160091 ], [ -75.513214, 40.158296 ], [ -75.515669, 40.154863 ], [ -75.517279, 40.15168 ], [ -75.517757, 40.149744 ], [ -75.519155, 40.147957 ], [ -75.521072, 40.147075 ], [ -75.524324, 40.14772 ], [ -75.526838, 40.149552 ], [ -75.53114, 40.145222 ], [ -75.532113, 40.144044 ], [ -75.537189, 40.138989 ], [ -75.541276, 40.134908 ], [ -75.541716, 40.134444 ], [ -75.537749, 40.133225 ], [ -75.534943, 40.133435 ], [ -75.536477, 40.131781 ], [ -75.536829, 40.129383 ], [ -75.537053, 40.12888 ], [ -75.538689, 40.130579 ], [ -75.546315, 40.129572 ], [ -75.547244, 40.128567 ] ] ] } },
{ "type": "Feature", "properties": { "GEOID": "4282704", "NAME": "West Chester borough, Pennsylvania", "population": 19591.0 }, "geometry": { "type": "Polygon", "coordinates": [ [ [ -75.619556, 39.960654 ], [ -75.618453, 39.959122 ], [ -75.615881, 39.955885 ], [ -75.613656, 39.953018 ], [ -75.613547, 39.952904 ], [ -75.611696, 39.950615 ], [ -75.608344, 39.94636 ], [ -75.60226, 39.949099 ], [ -75.59601, 39.951911 ], [ -75.593488, 39.953088 ], [ -75.588142, 39.955583 ], [ -75.592619, 39.961355 ], [ -75.59534, 39.964904 ], [ -75.596793, 39.96425 ], [ -75.598981, 39.967238 ], [ -75.601306, 39.97041 ], [ -75.603943, 39.97401 ], [ -75.605029, 39.973777 ], [ -75.612339, 39.970084 ], [ -75.62312, 39.965173 ], [ -75.619556, 39.960654 ] ] ] } },
{ "type": "Feature", "properties": { "GEOID": "4241432", "NAME": "Lansdale borough, Pennsylvania", "population": 18986.0 }, "geometry": { "type": "Polygon", "coordinates": [ [ [ -75.303337, 40.243428 ], [ -75.30139, 40.242296 ], [ -75.292031, 40.236414 ], [ -75.290074, 40.235167 ], [ -75.291932, 40.233233 ], [ -75.287927, 40.230851 ], [ -75.280618, 40.226505 ], [ -75.279633, 40.223004 ], [ -75.277991, 40.223454 ], [ -75.274105, 40.227715 ], [ -75.27151, 40.230557 ], [ -75.267427, 40.231854 ], [ -75.262477, 40.228908 ], [ -75.260884, 40.230696 ], [ -75.254324, 40.233396 ], [ -75.262385, 40.238229 ], [ -75.26122, 40.239784 ], [ -75.262437, 40.240536 ], [ -75.264061, 40.241526 ], [ -75.265038, 40.240948 ], [ -75.267148, 40.242213 ], [ -75.272576, 40.245615 ], [ -75.272181, 40.245999 ], [ -75.271693, 40.246475 ], [ -75.278336, 40.250646 ], [ -75.274803, 40.25331 ], [ -75.281209, 40.257525 ], [ -75.286986, 40.261329 ], [ -75.289753, 40.258781 ], [ -75.298663, 40.250412 ], [ -75.297319, 40.24965 ], [ -75.298139, 40.248736 ], [ -75.299822, 40.247184 ], [ -75.301641, 40.245402 ], [ -75.303445, 40.243623 ], [ -75.303337, 40.243428 ] ] ] } },
{ "type": "Feature", "properties": { "GEOID": "4283512", "NAME": "West Mifflin borough, Pennsylvania", "population": 18707.0 }, "geometry": { "type": "Polygon", "coordinates": [ [ [ -79.964, 40.344991 ], [ -79.955938, 40.34043 ], [ -79.950691, 40.337446 ], [ -79.947937, 40.336273 ], [ -79.937307, 40.329938 ], [ -79.931465, 40.32685 ], [ -79.930913, 40.325202 ], [ -79.929135, 40.325885 ], [ -79.927056, 40.324479 ], [ -79.925802, 40.325599 ], [ -79.898627, 40.319526 ], [ -79.896675, 40.319746 ], [ -79.897432, 40.321127 ], [ -79.897623, 40.321845 ], [ -79.896489, 40.330435 ], [ -79.895813, 40.332782 ], [ -79.893851, 40.33646 ], [ -79.891884, 40.33899 ], [ -79.893858, 40.339983 ], [ -79.895911, 40.341451 ], [ -79.895009, 40.344338 ], [ -79.897288, 40.346241 ], [ -79.906232, 40.352448 ], [ -79.902519, 40.352496 ], [ -79.899463, 40.356057 ], [ -79.898218, 40.356016 ], [ -79.894362, 40.357617 ], [ -79.885887, 40.359296 ], [ -79.884817, 40.357396 ], [ -79.87724, 40.357706 ], [ -79.87694, 40.355891 ], [ -79.876676, 40.354337 ], [ -79.870638, 40.355436 ], [ -79.863389, 40.356311 ], [ -79.853111, 40.356448 ], [ -79.847944, 40.356932 ], [ -79.846969, 40.360337 ], [ -79.849049, 40.360718 ], [ -79.85331, 40.361426 ], [ -79.854323, 40.361126 ], [ -79.854877, 40.362215 ], [ -79.855674, 40.36397 ], [ -79.856795, 40.365627 ], [ -79.859474, 40.367013 ], [ -79.857804, 40.369329 ], [ -79.857288, 40.370852 ], [ -79.860723, 40.374634 ], [ -79.861674, 40.376095 ], [ -79.866401, 40.379857 ], [ -79.868856, 40.381928 ], [ -79.866563, 40.383001 ], [ -79.862863, 40.384764 ], [ -79.862823, 40.384792 ], [ -79.854501, 40.38877 ], [ -79.864108, 40.392268 ], [ -79.868994, 40.395133 ], [ -79.87285, 40.398245 ], [ -79.87674, 40.402196 ], [ -79.885402, 40.398718 ], [ -79.88455, 40.397481 ], [ -79.889789, 40.395232 ], [ -79.891401, 40.396307 ], [ -79.893679, 40.395393 ], [ -79.894273, 40.39398 ], [ -79.893607, 40.391525 ], [ -79.894848, 40.387861 ], [ -79.894527, 40.385069 ], [ -79.894597, 40.384212 ], [ -79.890914, 40.382961 ], [ -79.890013, 40.383682 ], [ -79.890819, 40.381681 ], [ -79.889376, 40.380808 ], [ -79.890952, 40.379381 ], [ -79.891307, 40.376352 ], [ -79.892937, 40.376406 ], [ -79.894283, 40.376678 ], [ -79.896031, 40.3764 ], [ -79.897878, 40.375197 ], [ -79.905715, 40.375486 ], [ -79.908844, 40.376692 ], [ -79.911818, 40.372805 ], [ -79.908604, 40.370523 ], [ -79.903438, 40.371889 ], [ -79.900295, 40.365255 ], [ -79.90083, 40.364996 ], [ -79.907181, 40.361514 ], [ -79.907438, 40.362028 ], [ -79.908208, 40.363572 ], [ -79.910821, 40.362849 ], [ -79.911898, 40.365008 ], [ -79.91373, 40.365514 ], [ -79.920665, 40.365361 ], [ -79.92235, 40.369707 ], [ -79.924682, 40.373062 ], [ -79.924982, 40.375091 ], [ -79.926577, 40.374999 ], [ -79.939439, 40.373941 ], [ -79.940625, 40.374666 ], [ -79.942391, 40.372784 ], [ -79.945768, 40.369527 ], [ -79.947868, 40.368861 ], [ -79.948144, 40.368165 ], [ -79.950259, 40.3607 ], [ -79.952255, 40.359364 ], [ -79.954472, 40.358558 ], [ -79.955965, 40.356941 ], [ -79.958977, 40.352306 ], [ -79.960623, 40.351614 ], [ -79.961291, 40.350167 ], [ -79.965376, 40.345745 ], [ -79.964, 40.344991 ] ] ] } },
{ "type": "Feature", "properties": { "GEOID": "4238288", "NAME": "Johnstown city, Pennsylvania", "population": 17654.0 }, "geometry": { "type": "Polygon", "coordinates": [ [ [ -78.955231, 40.345755 ], [ -78.954737, 40.345628 ], [ -78.952487, 40.344625 ], [ -78.952017, 40.343238 ], [ -78.943556, 40.343492 ], [ -78.943902, 40.341973 ], [ -78.940448, 40.340436 ], [ -78.938955, 40.342122 ], [ -78.935272, 40.340124 ], [ -78.933932, 40.341016 ], [ -78.930114, 40.338807 ], [ -78.927522, 40.336646 ], [ -78.927117, 40.335331 ], [ -78.926767, 40.333685 ], [ -78.926359, 40.331912 ], [ -78.928445, 40.33194 ], [ -78.928287, 40.330294 ], [ -78.929088, 40.328616 ], [ -78.928136, 40.323862 ], [ -78.925791, 40.319933 ], [ -78.924831, 40.319386 ], [ -78.924435, 40.317524 ], [ -78.923202, 40.317854 ], [ -78.923191, 40.316391 ], [ -78.921956, 40.314326 ], [ -78.918606, 40.314693 ], [ -78.915949, 40.313333 ], [ -78.91659, 40.311117 ], [ -78.917629, 40.310335 ], [ -78.919294, 40.306969 ], [ -78.926572, 40.305343 ], [ -78.927524, 40.306136 ], [ -78.928392, 40.305307 ], [ -78.93274, 40.299502 ], [ -78.933789, 40.298311 ], [ -78.930525, 40.296598 ], [ -78.927895, 40.296445 ], [ -78.92697, 40.296989 ], [ -78.927624, 40.293314 ], [ -78.926984, 40.293152 ], [ -78.921053, 40.291588 ], [ -78.92066, 40.293022 ], [ -78.920426, 40.295587 ], [ -78.920415, 40.295664 ], [ -78.919746, 40.295168 ], [ -78.91927, 40.295102 ], [ -78.91927, 40.295082 ], [ -78.918928, 40.293687 ], [ -78.917362, 40.29217 ], [ -78.912253, 40.289927 ], [ -78.910561, 40.289729 ], [ -78.910142, 40.290303 ], [ -78.908274, 40.292204 ], [ -78.907262, 40.29182 ], [ -78.906808, 40.291606 ], [ -78.906224, 40.291389 ], [ -78.904948, 40.293453 ], [ -78.905453, 40.293644 ], [ -78.905266, 40.29392 ], [ -78.904455, 40.294206 ], [ -78.900821, 40.295503 ], [ -78.902646, 40.296029 ], [ -78.900383, 40.296633 ], [ -78.899456, 40.29931 ], [ -78.90015, 40.299351 ], [ -78.90192, 40.301038 ], [ -78.902275, 40.304918 ], [ -78.899345, 40.308866 ], [ -78.897061, 40.306355 ], [ -78.894264, 40.304222 ], [ -78.892322, 40.305517 ], [ -78.891419, 40.306159 ], [ -78.891996, 40.30667 ], [ -78.888351, 40.309172 ], [ -78.888233, 40.309196 ], [ -78.882756, 40.310995 ], [ -78.882361, 40.312769 ], [ -78.885501, 40.313098 ], [ -78.895988, 40.313087 ], [ -78.897816, 40.314346 ], [ -78.898751, 40.315103 ], [ -78.897807, 40.317227 ], [ -78.90268, 40.316273 ], [ -78.904545, 40.316813 ], [ -78.907256, 40.319687 ], [ -78.913013, 40.322575 ], [ -78.91336, 40.323033 ], [ -78.911127, 40.323615 ], [ -78.909314, 40.32388 ], [ -78.904005, 40.327329 ], [ -78.903117, 40.331761 ], [ -78.901436, 40.33295 ], [ -78.896924, 40.334318 ], [ -78.895747, 40.335939 ], [ -78.893608, 40.338894 ], [ -78.89282, 40.339773 ], [ -78.90686, 40.337325 ], [ -78.908618, 40.336187 ], [ -78.908901, 40.336007 ], [ -78.913962, 40.33901 ], [ -78.916532, 40.337874 ], [ -78.916371, 40.342608 ], [ -78.913722, 40.340769 ], [ -78.909363, 40.341008 ], [ -78.907291, 40.342306 ], [ -78.905541, 40.345626 ], [ -78.90725, 40.349266 ], [ -78.906924, 40.350772 ], [ -78.904036, 40.352564 ], [ -78.904223, 40.35753 ], [ -78.902378, 40.359938 ], [ -78.903235, 40.360415 ], [ -78.90555, 40.36161 ], [ -78.909506, 40.356309 ], [ -78.907748, 40.353847 ], [ -78.90898, 40.352411 ], [ -78.910592, 40.34617 ], [ -78.913, 40.345088 ], [ -78.916305, 40.344558 ], [ -78.928331, 40.344129 ], [ -78.929337, 40.342599 ], [ -78.939181, 40.346309 ], [ -78.939957, 40.347504 ], [ -78.939902, 40.349363 ], [ -78.938378, 40.349782 ], [ -78.935427, 40.348988 ], [ -78.931849, 40.354408 ], [ -78.931756, 40.359615 ], [ -78.935402, 40.359413 ], [ -78.937429, 40.360085 ], [ -78.941506, 40.363724 ], [ -78.943125, 40.364193 ], [ -78.950196, 40.358775 ], [ -78.951714, 40.356926 ], [ -78.951757, 40.35292 ], [ -78.952854, 40.348842 ], [ -78.95508, 40.34646 ], [ -78.955231, 40.345755 ] ], [ [ -78.91276, 40.320196 ], [ -78.906973, 40.315445 ], [ -78.900931, 40.313455 ], [ -78.900966, 40.310089 ], [ -78.900979, 40.308768 ], [ -78.905336, 40.306122 ], [ -78.90618, 40.309048 ], [ -78.906467, 40.311358 ], [ -78.906592, 40.312486 ], [ -78.91302, 40.319864 ], [ -78.91276, 40.320196 ] ] ] } },
{ "type": "Feature", "properties": { "GEOID": "4246256", "NAME": "McKeesport city, Pennsylvania", "population": 16907.0 }, "geometry": { "type": "Polygon", "coordinates": [ [ [ -79.883773, 40.344302 ], [ -79.881796, 40.343386 ], [ -79.880966, 40.341771 ], [ -79.877285, 40.344685 ], [ -79.87344, 40.347605 ], [ -79.869958, 40.348765 ], [ -79.868509, 40.344772 ], [ -79.866876, 40.342219 ], [ -79.864895, 40.340631 ], [ -79.861405, 40.338816 ], [ -79.858882, 40.337351 ], [ -79.858269, 40.336766 ], [ -79.85502, 40.333487 ], [ -79.846979, 40.328721 ], [ -79.844543, 40.326536 ], [ -79.84117, 40.320149 ], [ -79.840466, 40.3203 ], [ -79.836993, 40.321586 ], [ -79.832792, 40.324236 ], [ -79.831703, 40.320859 ], [ -79.82718, 40.320419 ], [ -79.823576, 40.323034 ], [ -79.820007, 40.318095 ], [ -79.818398, 40.3189 ], [ -79.816069, 40.319611 ], [ -79.817696, 40.322001 ], [ -79.816189, 40.324422 ], [ -79.815948, 40.327528 ], [ -79.817146, 40.328632 ], [ -79.818122, 40.32764 ], [ -79.818201, 40.327471 ], [ -79.8196, 40.330098 ], [ -79.820293, 40.337924 ], [ -79.818827, 40.338166 ], [ -79.818964, 40.340376 ], [ -79.819121, 40.34378 ], [ -79.821767, 40.34469 ], [ -79.826522, 40.344801 ], [ -79.828611, 40.344703 ], [ -79.830971, 40.347913 ], [ -79.82969, 40.351839 ], [ -79.82632, 40.352065 ], [ -79.824398, 40.354168 ], [ -79.829259, 40.356846 ], [ -79.831678, 40.357586 ], [ -79.831976, 40.358039 ], [ -79.829426, 40.360524 ], [ -79.82918, 40.361184 ], [ -79.830473, 40.3622 ], [ -79.833204, 40.362674 ], [ -79.834186, 40.361458 ], [ -79.836374, 40.364988 ], [ -79.837186, 40.362117 ], [ -79.840026, 40.359643 ], [ -79.84408, 40.35774 ], [ -79.846151, 40.357241 ], [ -79.847944, 40.356932 ], [ -79.853111, 40.356448 ], [ -79.863389, 40.356311 ], [ -79.870638, 40.355436 ], [ -79.876676, 40.354337 ], [ -79.878293, 40.353641 ], [ -79.880846, 40.351649 ], [ -79.881408, 40.351046 ], [ -79.885612, 40.345168 ], [ -79.883773, 40.344302 ] ] ] } },
{ "type": "Feature", "properties": { "GEOID": "4232448", "NAME": "Hanover borough, Pennsylvania", "population": 16684.0 }, "geometry": { "type": "Polygon", "coordinates": [ [ [ -76.999616, 39.812124 ], [ -76.999613, 39.808785 ], [ -76.999598, 39.805044 ], [ -76.999595, 39.803319 ], [ -76.999576, 39.794987 ], [ -76.994832, 39.798956 ], [ -76.993991, 39.799447 ], [ -76.993319, 39.796557 ], [ -76.990069, 39.794592 ], [ -76.989338, 39.794259 ], [ -76.988975, 39.793912 ], [ -76.988044, 39.792522 ], [ -76.986391, 39.791156 ], [ -76.982547, 39.793158 ], [ -76.980892, 39.793315 ], [ -76.975424, 39.793295 ], [ -76.975909, 39.79476 ], [ -76.973858, 39.79802 ], [ -76.971686, 39.798402 ], [ -76.971577, 39.799462 ], [ -76.971481, 39.8004 ], [ -76.970956, 39.805564 ], [ -76.970283, 39.80807 ], [ -76.969141, 39.809155 ], [ -76.966027, 39.813227 ], [ -76.963061, 39.814767 ], [ -76.96696, 39.820523 ], [ -76.964729, 39.820288 ], [ -76.963451, 39.821746 ], [ -76.969317, 39.824421 ], [ -76.969765, 39.825847 ], [ -76.972665, 39.827437 ], [ -76.976314, 39.82574 ], [ -76.980226, 39.827698 ], [ -76.984647, 39.831769 ], [ -76.985241, 39.830581 ], [ -76.991719, 39.83066 ], [ -76.992686, 39.829743 ], [ -76.992216, 39.825636 ], [ -76.995949, 39.825349 ], [ -76.998973, 39.826037 ], [ -76.997598, 39.823417 ], [ -76.995633, 39.819845 ], [ -76.996559, 39.817801 ], [ -76.999047, 39.817678 ], [ -76.99965, 39.819634 ], [ -76.999616, 39.812124 ] ] ] } },
{ "type": "Feature", "properties": { "GEOID": "4234064", "NAME": "Hermitage city, Pennsylvania", "population": 16308.0 }, "geometry": { "type": "MultiPolygon", "coordinates": [ [ [ [ -80.491393, 41.205539 ], [ -80.489381, 41.206627 ], [ -80.485345, 41.206703 ], [ -80.484869, 41.208951 ], [ -80.486012, 41.209334 ], [ -80.490748, 41.20594 ], [ -80.491393, 41.205539 ] ] ], [ [ [ -80.518893, 41.265155 ], [ -80.518693, 41.248855 ], [ -80.5187637, 41.2430926 ], [ -80.512956, 41.242834 ], [ -80.51062, 41.24569 ], [ -80.508437, 41.244779 ], [ -80.508952, 41.246395 ], [ -80.508534, 41.247671 ], [ -80.503873, 41.253687 ], [ -80.502961, 41.2555 ], [ -80.500295, 41.254209 ], [ -80.5007, 41.253278 ], [ -80.497953, 41.253187 ], [ -80.496641, 41.252025 ], [ -80.496644, 41.249487 ], [ -80.492458, 41.24908 ], [ -80.492313, 41.244943 ], [ -80.489951, 41.24495 ], [ -80.489982, 41.246753 ], [ -80.487625, 41.246816 ], [ -80.487469, 41.242487 ], [ -80.475537, 41.242378 ], [ -80.475464, 41.239229 ], [ -80.480112, 41.239135 ], [ -80.480816, 41.236664 ], [ -80.48166, 41.233199 ], [ -80.481441, 41.229646 ], [ -80.482988, 41.228676 ], [ -80.482887, 41.225616 ], [ -80.482778, 41.221195 ], [ -80.486952, 41.221127 ], [ -80.486941, 41.218189 ], [ -80.479147, 41.214004 ], [ -80.478287, 41.214551 ], [ -80.470996, 41.210703 ], [ -80.471017, 41.212159 ], [ -80.468803, 41.212209 ], [ -80.467777, 41.211464 ], [ -80.46846, 41.209506 ], [ -80.468586, 41.206489 ], [ -80.47083, 41.207718 ], [ -80.470937, 41.209432 ], [ -80.473948, 41.209412 ], [ -80.470952, 41.207308 ], [ -80.470908, 41.204453 ], [ -80.485368, 41.204594 ], [ -80.485477, 41.20265 ], [ -80.486625, 41.20279 ], [ -80.486307, 41.199309 ], [ -80.48962, 41.199783 ], [ -80.489617, 41.189246 ], [ -80.497955, 41.187782 ], [ -80.471509, 41.189326 ], [ -80.471517, 41.189307 ], [ -80.461514, 41.189398 ], [ -80.461333, 41.189492 ], [ -80.394291, 41.192794 ], [ -80.392156, 41.19282 ], [ -80.392375, 41.200755 ], [ -80.386117, 41.201069 ], [ -80.386242, 41.235266 ], [ -80.386309, 41.237371 ], [ -80.386542, 41.251935 ], [ -80.38689, 41.271272 ], [ -80.423478, 41.270706 ], [ -80.458062, 41.270222 ], [ -80.458819, 41.268914 ], [ -80.469685, 41.268761 ], [ -80.472302, 41.266017 ], [ -80.471508, 41.264128 ], [ -80.47345, 41.263284 ], [ -80.472236, 41.262241 ], [ -80.46901, 41.261533 ], [ -80.467605, 41.257162 ], [ -80.472047, 41.257116 ], [ -80.471823, 41.249895 ], [ -80.477422, 41.249872 ], [ -80.48775, 41.24979 ], [ -80.487921, 41.256725 ], [ -80.495287, 41.256563 ], [ -80.495377, 41.254574 ], [ -80.497911, 41.253981 ], [ -80.500131, 41.254353 ], [ -80.498338, 41.257292 ], [ -80.49334, 41.263627 ], [ -80.483987, 41.265875 ], [ -80.48006, 41.268589 ], [ -80.497054, 41.268133 ], [ -80.518988, 41.2680042 ], [ -80.518893, 41.265155 ] ] ], [ [ [ -80.51901, 41.1874254 ], [ -80.498501, 41.187761 ], [ -80.49898, 41.18806 ], [ -80.500427, 41.190484 ], [ -80.506771, 41.191308 ], [ -80.506367, 41.193827 ], [ -80.505505, 41.198831 ], [ -80.505962, 41.200557 ], [ -80.50801, 41.201328 ], [ -80.509615, 41.202752 ], [ -80.509715, 41.203113 ], [ -80.509463, 41.203724 ], [ -80.509083, 41.204367 ], [ -80.508972, 41.205172 ], [ -80.510104, 41.207025 ], [ -80.512025, 41.208013 ], [ -80.514161, 41.207558 ], [ -80.515588, 41.20839 ], [ -80.517191, 41.209652 ], [ -80.5188345, 41.209929699999989 ], [ -80.51883, 41.209213 ], [ -80.51883620000001, 41.2084616 ], [ -80.5188842, 41.2026485 ], [ -80.5189595, 41.1935374 ], [ -80.51901, 41.1874254 ] ] ] ] } },
{ "type": "Feature", "properties": { "GEOID": "4227552", "NAME": "Franklin Park borough, Pennsylvania", "population": 14978.0 }, "geometry": { "type": "Polygon", "coordinates": [ [ [ -80.158645, 40.605241 ], [ -80.133763, 40.588242 ], [ -80.134502, 40.588227 ], [ -80.129174, 40.585352 ], [ -80.124085, 40.582201 ], [ -80.113907, 40.57546 ], [ -80.086184, 40.556911 ], [ -80.084993, 40.556124 ], [ -80.081221, 40.553516 ], [ -80.064048, 40.542246 ], [ -80.064723, 40.552712 ], [ -80.065605, 40.566567 ], [ -80.06655, 40.581427 ], [ -80.066701, 40.584012 ], [ -80.067395, 40.595126 ], [ -80.067424, 40.59585 ], [ -80.068057, 40.612536 ], [ -80.068301, 40.616286 ], [ -80.093162, 40.615822 ], [ -80.095701, 40.615772 ], [ -80.145188, 40.614749 ], [ -80.145144, 40.614028 ], [ -80.14511, 40.613447 ], [ -80.150872, 40.611615 ], [ -80.152062, 40.609399 ], [ -80.155013, 40.608013 ], [ -80.158691, 40.609232 ], [ -80.158645, 40.605241 ] ] ] } },
{ "type": "Feature", "properties": { "GEOID": "4236816", "NAME": "Indiana borough, Pennsylvania", "population": 14697.0 }, "geometry": { "type": "Polygon", "coordinates": [ [ [ -79.174018, 40.623463 ], [ -79.173956, 40.621459 ], [ -79.167726, 40.615048 ], [ -79.165998, 40.614926 ], [ -79.166087, 40.614259 ], [ -79.158943, 40.614361 ], [ -79.157332, 40.613476 ], [ -79.158154, 40.612572 ], [ -79.15029, 40.612493 ], [ -79.150134, 40.614819 ], [ -79.148339, 40.614858 ], [ -79.145147, 40.614989 ], [ -79.145124, 40.615927 ], [ -79.141052, 40.615996 ], [ -79.140787, 40.619802 ], [ -79.138343, 40.619977 ], [ -79.138388, 40.622675 ], [ -79.138407, 40.623799 ], [ -79.138423, 40.631553 ], [ -79.14059, 40.631535 ], [ -79.14286, 40.630646 ], [ -79.144186, 40.631338 ], [ -79.145574, 40.628912 ], [ -79.148115, 40.62895 ], [ -79.148001, 40.629877 ], [ -79.150708, 40.629045 ], [ -79.155906, 40.62919 ], [ -79.155938, 40.62821 ], [ -79.158342, 40.627829 ], [ -79.160572, 40.627795 ], [ -79.173983, 40.628052 ], [ -79.174018, 40.623463 ] ] ] } },
{ "type": "Feature", "properties": { "GEOID": "4284512", "NAME": "Whitehall borough, Pennsylvania", "population": 14521.0 }, "geometry": { "type": "Polygon", "coordinates": [ [ [ -80.017084, 40.359027 ], [ -80.011622, 40.351993 ], [ -80.01152, 40.351743 ], [ -80.010669, 40.350452 ], [ -80.010923, 40.351343 ], [ -80.007388, 40.352873 ], [ -80.005369, 40.352851 ], [ -80.003103, 40.35079 ], [ -80.004122, 40.348162 ], [ -79.99974, 40.35019 ], [ -79.994914, 40.350446 ], [ -79.990771, 40.349862 ], [ -79.98946, 40.349465 ], [ -79.988258, 40.348757 ], [ -79.98645, 40.346568 ], [ -79.985625, 40.345658 ], [ -79.985071, 40.345372 ], [ -79.977753, 40.344415 ], [ -79.973103, 40.345575 ], [ -79.973493, 40.346452 ], [ -79.973966, 40.347423 ], [ -79.976711, 40.350503 ], [ -79.97416, 40.350374 ], [ -79.97142, 40.352067 ], [ -79.972836, 40.353786 ], [ -79.969821, 40.357288 ], [ -79.969455, 40.357692 ], [ -79.968443, 40.35632 ], [ -79.965409, 40.35773 ], [ -79.966764, 40.360854 ], [ -79.968117, 40.363483 ], [ -79.966, 40.365081 ], [ -79.96429, 40.363429 ], [ -79.958908, 40.364305 ], [ -79.964472, 40.369701 ], [ -79.964883, 40.369537 ], [ -79.971406, 40.366555 ], [ -79.974847, 40.364294 ], [ -79.982341, 40.360872 ], [ -79.983385, 40.362562 ], [ -79.987958, 40.362379 ], [ -79.98886, 40.363945 ], [ -79.985051, 40.368162 ], [ -79.986171, 40.370241 ], [ -79.984762, 40.372116 ], [ -79.98693, 40.375081 ], [ -79.986032, 40.377822 ], [ -79.991127, 40.378924 ], [ -79.992796, 40.378609 ], [ -79.993508, 40.378343 ], [ -79.993999, 40.375839 ], [ -79.998051, 40.376472 ], [ -79.999123, 40.377344 ], [ -80.001586, 40.374841 ], [ -80.001063, 40.370918 ], [ -80.001547, 40.370599 ], [ -80.007897, 40.366614 ], [ -80.004877, 40.36479 ], [ -80.008826, 40.361046 ], [ -80.012733, 40.361987 ], [ -80.015425, 40.360296 ], [ -80.016409, 40.358997 ], [ -80.017084, 40.359027 ] ] ] } },
{ "type": "Feature", "properties": { "GEOID": "4231200", "NAME": "Greensburg city, Pennsylvania", "population": 14462.0 }, "geometry": { "type": "Polygon", "coordinates": [ [ [ -79.57545, 40.2998 ], [ -79.572204, 40.299863 ], [ -79.57222, 40.300987 ], [ -79.568836, 40.300761 ], [ -79.567054, 40.298332 ], [ -79.563283, 40.299749 ], [ -79.562311, 40.296365 ], [ -79.561332, 40.296436 ], [ -79.557999, 40.296644 ], [ -79.557871, 40.296624 ], [ -79.556854, 40.296274 ], [ -79.555039, 40.293357 ], [ -79.554069, 40.294094 ], [ -79.55272, 40.295194 ], [ -79.546883, 40.298572 ], [ -79.543886, 40.296385 ], [ -79.543264, 40.296173 ], [ -79.543227, 40.29611 ], [ -79.542133, 40.294087 ], [ -79.54306, 40.28937 ], [ -79.543875, 40.287986 ], [ -79.538382, 40.285198 ], [ -79.535495, 40.291004 ], [ -79.533408, 40.293464 ], [ -79.536377, 40.297325 ], [ -79.535577, 40.298607 ], [ -79.533224, 40.295757 ], [ -79.530854, 40.297258 ], [ -79.530517, 40.295849 ], [ -79.528643, 40.294436 ], [ -79.530098, 40.293757 ], [ -79.528516, 40.290069 ], [ -79.526937, 40.289833 ], [ -79.525268, 40.289606 ], [ -79.524836, 40.290109 ], [ -79.522966, 40.290308 ], [ -79.527587, 40.294681 ], [ -79.524872, 40.295714 ], [ -79.523502, 40.297614 ], [ -79.524565, 40.298184 ], [ -79.525408, 40.296847 ], [ -79.526782, 40.297461 ], [ -79.527073, 40.297824 ], [ -79.527079, 40.299766 ], [ -79.524792, 40.301369 ], [ -79.52539, 40.302264 ], [ -79.523599, 40.30217 ], [ -79.524431, 40.305674 ], [ -79.525891, 40.30767 ], [ -79.529313, 40.305007 ], [ -79.531987, 40.304806 ], [ -79.533107, 40.306 ], [ -79.536136, 40.305008 ], [ -79.538136, 40.305094 ], [ -79.539259, 40.306439 ], [ -79.539177, 40.307586 ], [ -79.536463, 40.308756 ], [ -79.530596, 40.3086 ], [ -79.530817, 40.311163 ], [ -79.534282, 40.310446 ], [ -79.532286, 40.313116 ], [ -79.532877, 40.315518 ], [ -79.537709, 40.315063 ], [ -79.536378, 40.31831 ], [ -79.536367, 40.321699 ], [ -79.536869, 40.32237 ], [ -79.536108, 40.322739 ], [ -79.535248, 40.328352 ], [ -79.53708, 40.328504 ], [ -79.537262, 40.330027 ], [ -79.535143, 40.33008 ], [ -79.534481, 40.336938 ], [ -79.53291, 40.337912 ], [ -79.529123, 40.336778 ], [ -79.526622, 40.336608 ], [ -79.526224, 40.340782 ], [ -79.530158, 40.34201 ], [ -79.531982, 40.33928 ], [ -79.532976, 40.339546 ], [ -79.532914, 40.342299 ], [ -79.546773, 40.342225 ], [ -79.546639, 40.336623 ], [ -79.545157, 40.336602 ], [ -79.543112, 40.33318 ], [ -79.541307, 40.3325 ], [ -79.541765, 40.330055 ], [ -79.5391, 40.330152 ], [ -79.539085, 40.329189 ], [ -79.542008, 40.328976 ], [ -79.542274, 40.327957 ], [ -79.545987, 40.326871 ], [ -79.546315, 40.326886 ], [ -79.548327, 40.326703 ], [ -79.550401, 40.326143 ], [ -79.550586, 40.318786 ], [ -79.554514, 40.318653 ], [ -79.553842, 40.317779 ], [ -79.555434, 40.317553 ], [ -79.555428, 40.315008 ], [ -79.556123, 40.313812 ], [ -79.558543, 40.313546 ], [ -79.560133, 40.314975 ], [ -79.558928, 40.315956 ], [ -79.560183, 40.318068 ], [ -79.562419, 40.316498 ], [ -79.560354, 40.315538 ], [ -79.560156, 40.314601 ], [ -79.558806, 40.313514 ], [ -79.561312, 40.313199 ], [ -79.562017, 40.310642 ], [ -79.561222, 40.307716 ], [ -79.558899, 40.305937 ], [ -79.560866, 40.306658 ], [ -79.56159, 40.305212 ], [ -79.559894, 40.30132 ], [ -79.561054, 40.300832 ], [ -79.562485, 40.300714 ], [ -79.56417, 40.303174 ], [ -79.568603, 40.302723 ], [ -79.56945, 40.306272 ], [ -79.57061, 40.306872 ], [ -79.57537, 40.306313 ], [ -79.57545, 40.2998 ] ], [ [ -79.545858, 40.32479 ], [ -79.542964, 40.324899 ], [ -79.543253, 40.323642 ], [ -79.545872, 40.323583 ], [ -79.545858, 40.32479 ] ], [ [ -79.53829, 40.312441 ], [ -79.536821, 40.31207 ], [ -79.536885, 40.31141 ], [ -79.538412, 40.311661 ], [ -79.53829, 40.312441 ] ] ] } },
{ "type": "Feature", "properties": { "GEOID": "4220352", "NAME": "Dunmore borough, Pennsylvania", "population": 14249.0 }, "geometry": { "type": "Polygon", "coordinates": [ [ [ -75.649704, 41.416794 ], [ -75.646032, 41.414993 ], [ -75.643437, 41.413786 ], [ -75.640315, 41.412242 ], [ -75.638252, 41.411222 ], [ -75.629399, 41.406903 ], [ -75.628143, 41.406284 ], [ -75.620604, 41.40251 ], [ -75.618065, 41.40116 ], [ -75.619628, 41.399392 ], [ -75.624872, 41.392721 ], [ -75.582241, 41.394077 ], [ -75.560303, 41.41279 ], [ -75.582137, 41.42323 ], [ -75.622291, 41.442733 ], [ -75.637633, 41.43219 ], [ -75.639613, 41.430844 ], [ -75.640267, 41.430396 ], [ -75.641292, 41.42923 ], [ -75.643164, 41.427071 ], [ -75.645454, 41.423743 ], [ -75.647197, 41.421707 ], [ -75.648672, 41.420399 ], [ -75.651636, 41.417739 ], [ -75.649704, 41.416794 ] ] ] } },
{ "type": "Feature", "properties": { "GEOID": "4223832", "NAME": "Ephrata borough, Pennsylvania", "population": 13647.0 }, "geometry": { "type": "Polygon", "coordinates": [ [ [ -76.206275, 40.199735 ], [ -76.203544, 40.197455 ], [ -76.20483, 40.196785 ], [ -76.203759, 40.195329 ], [ -76.205785, 40.193467 ], [ -76.200805, 40.190239 ], [ -76.201506, 40.187946 ], [ -76.200196, 40.187664 ], [ -76.200302, 40.183669 ], [ -76.198079, 40.183678 ], [ -76.198591, 40.182003 ], [ -76.194052, 40.182293 ], [ -76.195358, 40.180399 ], [ -76.195033, 40.18031 ], [ -76.193855, 40.18002 ], [ -76.194749, 40.178329 ], [ -76.197503, 40.177996 ], [ -76.197363, 40.175664 ], [ -76.199765, 40.175533 ], [ -76.201818, 40.171807 ], [ -76.202171, 40.169269 ], [ -76.198707, 40.169385 ], [ -76.198167, 40.168868 ], [ -76.200695, 40.164577 ], [ -76.199524, 40.164267 ], [ -76.200735, 40.163696 ], [ -76.19984, 40.162236 ], [ -76.196286, 40.162631 ], [ -76.197605, 40.164629 ], [ -76.198521, 40.16442 ], [ -76.198865, 40.165151 ], [ -76.195908, 40.166065 ], [ -76.194825, 40.16853 ], [ -76.194705, 40.168801 ], [ -76.193953, 40.17091 ], [ -76.189799, 40.172361 ], [ -76.189634, 40.170584 ], [ -76.190928, 40.169662 ], [ -76.188747, 40.168701 ], [ -76.186294, 40.170013 ], [ -76.183794, 40.1698 ], [ -76.183255, 40.168988 ], [ -76.181729, 40.169549 ], [ -76.180693, 40.16784 ], [ -76.177741, 40.16759 ], [ -76.178354, 40.169086 ], [ -76.176948, 40.169527 ], [ -76.17759, 40.170532 ], [ -76.181066, 40.169295 ], [ -76.180187, 40.170196 ], [ -76.180947, 40.171215 ], [ -76.17711, 40.171724 ], [ -76.176357, 40.170793 ], [ -76.173965, 40.168006 ], [ -76.172666, 40.168682 ], [ -76.17097, 40.165564 ], [ -76.168662, 40.16532 ], [ -76.165684, 40.167092 ], [ -76.165872, 40.1672 ], [ -76.165426, 40.16747 ], [ -76.164225, 40.168363 ], [ -76.167863, 40.168948 ], [ -76.166129, 40.170576 ], [ -76.167215, 40.171622 ], [ -76.170031, 40.171695 ], [ -76.16901, 40.173939 ], [ -76.165156, 40.177137 ], [ -76.163228, 40.178434 ], [ -76.160349, 40.178998 ], [ -76.158592, 40.174527 ], [ -76.157696, 40.174689 ], [ -76.151437, 40.177611 ], [ -76.151774, 40.178349 ], [ -76.147631, 40.179432 ], [ -76.148816, 40.18346 ], [ -76.151253, 40.18383 ], [ -76.158874, 40.182392 ], [ -76.161008, 40.185477 ], [ -76.164053, 40.187554 ], [ -76.167795, 40.185915 ], [ -76.170173, 40.186772 ], [ -76.169221, 40.18803 ], [ -76.17052, 40.191284 ], [ -76.170238, 40.194164 ], [ -76.167651, 40.19484 ], [ -76.168478, 40.195835 ], [ -76.172361, 40.194635 ], [ -76.17731, 40.191293 ], [ -76.176722, 40.189158 ], [ -76.181721, 40.18861 ], [ -76.180621, 40.189191 ], [ -76.18351, 40.192513 ], [ -76.182745, 40.190433 ], [ -76.186797, 40.192277 ], [ -76.187458, 40.196109 ], [ -76.187726, 40.194076 ], [ -76.192718, 40.192528 ], [ -76.196811, 40.195386 ], [ -76.198446, 40.195406 ], [ -76.197315, 40.198675 ], [ -76.199853, 40.199111 ], [ -76.20275, 40.198807 ], [ -76.2052, 40.201177 ], [ -76.205855, 40.200326 ], [ -76.205773, 40.200277 ], [ -76.208438, 40.198591 ], [ -76.206275, 40.199735 ] ] ] } },
{ "type": "Feature", "properties": { "GEOID": "4285188", "NAME": "Wilkinsburg borough, Pennsylvania", "population": 13602.0 }, "geometry": { "type": "Polygon", "coordinates": [ [ [ -79.895568, 40.434962 ], [ -79.894563, 40.43353 ], [ -79.885782, 40.436843 ], [ -79.882656, 40.436087 ], [ -79.879181, 40.43399 ], [ -79.877533, 40.435505 ], [ -79.87418, 40.435264 ], [ -79.872194, 40.43375 ], [ -79.868845, 40.432211 ], [ -79.86675, 40.431325 ], [ -79.865552, 40.432888 ], [ -79.861498, 40.438222 ], [ -79.863438, 40.43782 ], [ -79.865108, 40.437452 ], [ -79.861605, 40.439392 ], [ -79.862095, 40.44153 ], [ -79.857886, 40.442868 ], [ -79.858501, 40.445163 ], [ -79.854044, 40.445815 ], [ -79.854219, 40.452819 ], [ -79.854238, 40.453613 ], [ -79.855472, 40.453606 ], [ -79.855537, 40.457386 ], [ -79.857127, 40.45729 ], [ -79.858016, 40.459408 ], [ -79.860629, 40.458594 ], [ -79.865381, 40.458561 ], [ -79.867028, 40.458547 ], [ -79.868278, 40.456351 ], [ -79.865843, 40.455745 ], [ -79.866477, 40.452766 ], [ -79.867561, 40.449389 ], [ -79.872685, 40.449367 ], [ -79.877128, 40.449803 ], [ -79.879255, 40.449756 ], [ -79.884087, 40.449144 ], [ -79.88593, 40.446907 ], [ -79.888184, 40.447659 ], [ -79.890444, 40.449459 ], [ -79.892423, 40.450266 ], [ -79.893225, 40.446494 ], [ -79.893751, 40.443837 ], [ -79.894363, 40.441175 ], [ -79.895038, 40.437668 ], [ -79.895142, 40.437192 ], [ -79.895568, 40.434962 ] ] ] } },
{ "type": "Feature", "properties": { "GEOID": "4239784", "NAME": "Kingston borough, Pennsylvania", "population": 13462.0 }, "geometry": { "type": "Polygon", "coordinates": [ [ [ -75.904241, 41.263329 ], [ -75.900109, 41.259153 ], [ -75.896163, 41.255166 ], [ -75.893681, 41.252637 ], [ -75.89033, 41.254504 ], [ -75.886643, 41.250774 ], [ -75.880969, 41.25488 ], [ -75.879177, 41.256611 ], [ -75.878147, 41.255587 ], [ -75.871184, 41.261226 ], [ -75.870809, 41.261667 ], [ -75.868623, 41.264151 ], [ -75.876454, 41.272037 ], [ -75.880913, 41.276725 ], [ -75.881225, 41.276442 ], [ -75.885024, 41.28036 ], [ -75.890477, 41.27553 ], [ -75.892594, 41.273646 ], [ -75.894074, 41.272385 ], [ -75.898067, 41.276333 ], [ -75.899818, 41.274823 ], [ -75.904688, 41.272068 ], [ -75.900334, 41.26748 ], [ -75.903319, 41.266641 ], [ -75.9061, 41.265242 ], [ -75.904241, 41.263329 ] ] ] } },
{ "type": "Feature", "properties": { "GEOID": "4281328", "NAME": "Washington city, Pennsylvania", "population": 13377.0 }, "geometry": { "type": "Polygon", "coordinates": [ [ [ -80.26817, 40.16662 ], [ -80.257788, 40.170013 ], [ -80.254667, 40.169605 ], [ -80.253267, 40.169624 ], [ -80.252667, 40.166627 ], [ -80.246966, 40.164837 ], [ -80.24686, 40.162721 ], [ -80.247759, 40.159567 ], [ -80.244287, 40.157515 ], [ -80.243175, 40.15644 ], [ -80.240119, 40.159011 ], [ -80.240085, 40.161104 ], [ -80.23706, 40.160705 ], [ -80.234025, 40.160459 ], [ -80.22948, 40.161463 ], [ -80.223475, 40.160677 ], [ -80.222949, 40.163016 ], [ -80.217912, 40.168502 ], [ -80.216065, 40.167663 ], [ -80.215237, 40.170535 ], [ -80.222469, 40.174204 ], [ -80.225584, 40.172158 ], [ -80.228715, 40.172033 ], [ -80.230021, 40.172039 ], [ -80.233742, 40.16667 ], [ -80.236553, 40.168087 ], [ -80.237788, 40.172074 ], [ -80.240726, 40.172213 ], [ -80.241411, 40.174691 ], [ -80.237632, 40.175457 ], [ -80.235695, 40.179329 ], [ -80.235527, 40.180271 ], [ -80.242516, 40.182454 ], [ -80.247241, 40.183958 ], [ -80.249943, 40.184024 ], [ -80.24947, 40.181946 ], [ -80.250078, 40.181959 ], [ -80.253391, 40.183246 ], [ -80.252215, 40.185306 ], [ -80.254481, 40.185533 ], [ -80.256137, 40.187254 ], [ -80.259882, 40.191881 ], [ -80.262863, 40.195111 ], [ -80.262936, 40.195243 ], [ -80.265071, 40.196504 ], [ -80.267432, 40.194933 ], [ -80.268485, 40.192684 ], [ -80.269802, 40.187815 ], [ -80.269805, 40.187188 ], [ -80.269444, 40.18592 ], [ -80.265195, 40.181912 ], [ -80.264143, 40.181063 ], [ -80.257923, 40.175943 ], [ -80.258208, 40.175815 ], [ -80.266753, 40.172567 ], [ -80.267815, 40.168743 ], [ -80.269924, 40.168967 ], [ -80.26817, 40.16662 ] ] ] } },
{ "type": "Feature", "properties": { "GEOID": "4207128", "NAME": "Bloomsburg town, Pennsylvania", "population": 13375.0 }, "geometry": { "type": "Polygon", "coordinates": [ [ [ -76.477276, 40.990035 ], [ -76.474508, 40.986415 ], [ -76.47443, 40.984599 ], [ -76.473844, 40.981916 ], [ -76.472839, 40.98146 ], [ -76.470821, 40.981056 ], [ -76.466384, 40.976332 ], [ -76.464342, 40.978901 ], [ -76.458696, 40.983048 ], [ -76.455652, 40.984925 ], [ -76.439265, 40.992525 ], [ -76.428066, 40.996547 ], [ -76.431646, 41.000789 ], [ -76.435134, 41.004866 ], [ -76.437098, 41.007257 ], [ -76.442258, 41.01417 ], [ -76.447989, 41.021305 ], [ -76.4503, 41.024009 ], [ -76.451037, 41.024835 ], [ -76.453074, 41.024509 ], [ -76.456354, 41.022312 ], [ -76.458933, 41.023105 ], [ -76.460096, 41.024648 ], [ -76.465489, 41.02517 ], [ -76.469032, 41.024945 ], [ -76.473334, 41.022873 ], [ -76.475707, 41.018352 ], [ -76.474266, 41.014465 ], [ -76.472661, 41.013027 ], [ -76.469876, 41.012335 ], [ -76.470511, 41.009751 ], [ -76.46836, 41.008449 ], [ -76.462237, 41.006304 ], [ -76.460754, 41.004922 ], [ -76.461229, 41.003937 ], [ -76.465821, 41.000923 ], [ -76.473432, 40.995231 ], [ -76.473873, 40.994769 ], [ -76.477334, 40.991557 ], [ -76.477276, 40.990035 ] ] ] } },
{ "type": "Feature", "properties": { "GEOID": "4214712", "NAME": "Coatesville city, Pennsylvania", "population": 13283.0 }, "geometry": { "type": "Polygon", "coordinates": [ [ [ -75.841075, 39.974807 ], [ -75.833276, 39.977118 ], [ -75.832301, 39.975717 ], [ -75.823041, 39.978433 ], [ -75.822674, 39.975839 ], [ -75.810831, 39.97867 ], [ -75.797819, 39.98174 ], [ -75.798164, 39.984067 ], [ -75.79864, 39.987282 ], [ -75.806372, 39.988638 ], [ -75.80658, 39.989527 ], [ -75.806615, 39.990601 ], [ -75.811683, 39.989642 ], [ -75.812463, 39.992097 ], [ -75.820557, 39.990152 ], [ -75.820844, 39.993974 ], [ -75.819856, 39.997217 ], [ -75.821175, 39.999683 ], [ -75.821001, 40.004116 ], [ -75.823841, 40.004886 ], [ -75.825047, 40.005211 ], [ -75.826921, 40.004728 ], [ -75.824776, 40.003122 ], [ -75.825349, 40.000274 ], [ -75.821404, 39.997916 ], [ -75.820917, 39.996555 ], [ -75.82268, 39.993035 ], [ -75.824481, 39.993116 ], [ -75.82387, 39.992142 ], [ -75.826014, 39.991137 ], [ -75.826964, 39.992653 ], [ -75.829994, 39.99105 ], [ -75.82711, 39.988498 ], [ -75.827116, 39.98584 ], [ -75.830797, 39.984614 ], [ -75.831004, 39.987971 ], [ -75.828949, 39.987549 ], [ -75.829681, 39.989162 ], [ -75.831449, 39.989231 ], [ -75.831709, 39.987713 ], [ -75.83604, 39.988341 ], [ -75.837926, 39.987954 ], [ -75.838951, 39.985769 ], [ -75.840362, 39.984132 ], [ -75.837512, 39.983716 ], [ -75.835266, 39.980214 ], [ -75.835098, 39.979941 ], [ -75.841504, 39.977089 ], [ -75.841075, 39.974807 ] ] ] } },
{ "type": "Feature", "properties": { "GEOID": "4262432", "NAME": "Pottsville city, Pennsylvania", "population": 13170.0 }, "geometry": { "type": "Polygon", "coordinates": [ [ [ -76.241471, 40.673868 ], [ -76.235878, 40.673748 ], [ -76.23597, 40.672954 ], [ -76.236269, 40.672483 ], [ -76.235934, 40.667854 ], [ -76.235645, 40.664337 ], [ -76.234063, 40.661921 ], [ -76.232552, 40.661575 ], [ -76.218085, 40.666644 ], [ -76.217659, 40.665811 ], [ -76.207815, 40.668975 ], [ -76.209853, 40.672371 ], [ -76.200624, 40.6754 ], [ -76.198836, 40.672342 ], [ -76.200414, 40.67149 ], [ -76.200222, 40.670051 ], [ -76.201362, 40.669714 ], [ -76.202263, 40.66776 ], [ -76.19946, 40.6644 ], [ -76.193508, 40.667136 ], [ -76.19328, 40.670418 ], [ -76.191138, 40.667887 ], [ -76.18897, 40.668712 ], [ -76.188079, 40.66776 ], [ -76.186445, 40.669942 ], [ -76.189098, 40.67374 ], [ -76.191035, 40.672952 ], [ -76.190589, 40.672195 ], [ -76.193046, 40.671289 ], [ -76.193514, 40.672001 ], [ -76.195871, 40.671052 ], [ -76.196671, 40.672158 ], [ -76.193067, 40.673805 ], [ -76.189617, 40.675329 ], [ -76.187788, 40.675974 ], [ -76.187523, 40.676059 ], [ -76.189128, 40.678737 ], [ -76.188879, 40.679896 ], [ -76.187451, 40.682664 ], [ -76.185069, 40.68493 ], [ -76.184656, 40.68549 ], [ -76.185793, 40.687706 ], [ -76.185987, 40.691616 ], [ -76.18597, 40.692909 ], [ -76.186502, 40.698393 ], [ -76.191941, 40.696705 ], [ -76.192193, 40.698775 ], [ -76.199683, 40.696513 ], [ -76.200204, 40.697322 ], [ -76.20346, 40.69631 ], [ -76.21912, 40.691204 ], [ -76.216756, 40.687138 ], [ -76.221895, 40.68437 ], [ -76.224811, 40.682803 ], [ -76.235493, 40.677041 ], [ -76.238923, 40.675892 ], [ -76.240902, 40.675242 ], [ -76.241471, 40.673868 ] ] ] } },
{ "type": "Feature", "properties": { "GEOID": "4210464", "NAME": "Butler city, Pennsylvania", "population": 12879.0 }, "geometry": { "type": "Polygon", "coordinates": [ [ [ -79.913561, 40.868626 ], [ -79.912664, 40.868052 ], [ -79.911178, 40.866265 ], [ -79.913537, 40.863847 ], [ -79.91183, 40.863138 ], [ -79.912216, 40.862705 ], [ -79.91214, 40.86057 ], [ -79.910803, 40.860412 ], [ -79.912133, 40.85013 ], [ -79.907109, 40.8503 ], [ -79.897756, 40.850617 ], [ -79.896213, 40.850385 ], [ -79.896164, 40.848199 ], [ -79.890424, 40.848379 ], [ -79.889846, 40.850091 ], [ -79.887993, 40.848881 ], [ -79.883336, 40.849046 ], [ -79.879726, 40.848351 ], [ -79.879812, 40.851127 ], [ -79.876523, 40.853922 ], [ -79.877912, 40.855011 ], [ -79.878007, 40.853838 ], [ -79.881008, 40.853996 ], [ -79.88125, 40.859222 ], [ -79.881433, 40.862515 ], [ -79.880499, 40.863192 ], [ -79.878916, 40.866268 ], [ -79.881572, 40.865233 ], [ -79.881688, 40.867802 ], [ -79.881935, 40.873236 ], [ -79.888972, 40.873044 ], [ -79.893545, 40.872811 ], [ -79.894775, 40.87513 ], [ -79.895014, 40.87267 ], [ -79.905829, 40.87238 ], [ -79.905099, 40.875564 ], [ -79.900864, 40.879074 ], [ -79.903463, 40.879168 ], [ -79.908523, 40.87832 ], [ -79.908884, 40.875445 ], [ -79.910195, 40.875384 ], [ -79.909916, 40.869798 ], [ -79.909015, 40.868125 ], [ -79.909392, 40.867766 ], [ -79.91263, 40.869752 ], [ -79.914509, 40.869646 ], [ -79.913561, 40.868626 ] ] ] } },
{ "type": "Feature", "properties": { "GEOID": "4269720", "NAME": "Sharon city, Pennsylvania", "population": 12648.0 }, "geometry": { "type": "Polygon", "coordinates": [ [ [ -80.518893, 41.219356 ], [ -80.517494, 41.220676 ], [ -80.51682, 41.220643 ], [ -80.508615, 41.220793 ], [ -80.507882, 41.217658 ], [ -80.506622, 41.220764 ], [ -80.496926, 41.221013 ], [ -80.496796, 41.214767 ], [ -80.496792, 41.214496 ], [ -80.493287, 41.214785 ], [ -80.493362, 41.219761 ], [ -80.486887, 41.216131 ], [ -80.486941, 41.218189 ], [ -80.486952, 41.221127 ], [ -80.482778, 41.221195 ], [ -80.482887, 41.225616 ], [ -80.482988, 41.228676 ], [ -80.481441, 41.229646 ], [ -80.48166, 41.233199 ], [ -80.480816, 41.236664 ], [ -80.480112, 41.239135 ], [ -80.475464, 41.239229 ], [ -80.475537, 41.242378 ], [ -80.487469, 41.242487 ], [ -80.487625, 41.246816 ], [ -80.489982, 41.246753 ], [ -80.489951, 41.24495 ], [ -80.492313, 41.244943 ], [ -80.492458, 41.24908 ], [ -80.496644, 41.249487 ], [ -80.496641, 41.252025 ], [ -80.497953, 41.253187 ], [ -80.5007, 41.253278 ], [ -80.500295, 41.254209 ], [ -80.502961, 41.2555 ], [ -80.503873, 41.253687 ], [ -80.508534, 41.247671 ], [ -80.508952, 41.246395 ], [ -80.508437, 41.244779 ], [ -80.51062, 41.24569 ], [ -80.512956, 41.242834 ], [ -80.5187637, 41.2430926 ], [ -80.5187681, 41.2427338 ], [ -80.5188905, 41.2327581 ], [ -80.5188906, 41.2327546 ], [ -80.518893, 41.232556 ], [ -80.518893, 41.227854699999988 ], [ -80.518893, 41.219356 ] ] ] } },
{ "type": "Feature", "properties": { "GEOID": "4223584", "NAME": "Emmaus borough, Pennsylvania", "population": 12514.0 }, "geometry": { "type": "Polygon", "coordinates": [ [ [ -75.518788, 40.5371 ], [ -75.515541, 40.535311 ], [ -75.515094, 40.537111 ], [ -75.513065, 40.537441 ], [ -75.510593, 40.537835 ], [ -75.507132, 40.53598 ], [ -75.51036, 40.53191 ], [ -75.512517, 40.531719 ], [ -75.514272, 40.532521 ], [ -75.516884, 40.529704 ], [ -75.512866, 40.527404 ], [ -75.514755, 40.525214 ], [ -75.515781, 40.524013 ], [ -75.513576, 40.521693 ], [ -75.516432, 40.519389 ], [ -75.512979, 40.518764 ], [ -75.511712, 40.519736 ], [ -75.510041, 40.51767 ], [ -75.508011, 40.517293 ], [ -75.505122, 40.51678 ], [ -75.504401, 40.516658 ], [ -75.493727, 40.525458 ], [ -75.488984, 40.528692 ], [ -75.487896, 40.529421 ], [ -75.485131, 40.527769 ], [ -75.484283, 40.52873 ], [ -75.480144, 40.528938 ], [ -75.484494, 40.531029 ], [ -75.482373, 40.533135 ], [ -75.481745, 40.534224 ], [ -75.480885, 40.53888 ], [ -75.481443, 40.545304 ], [ -75.481696, 40.550884 ], [ -75.478985, 40.5549 ], [ -75.483216, 40.556541 ], [ -75.485901, 40.552069 ], [ -75.489572, 40.553138 ], [ -75.496747, 40.545899 ], [ -75.497406, 40.545233 ], [ -75.499162, 40.545764 ], [ -75.501129, 40.543893 ], [ -75.505689, 40.54352 ], [ -75.508787, 40.540525 ], [ -75.510119, 40.541249 ], [ -75.513039, 40.53988 ], [ -75.517103, 40.542062 ], [ -75.517917, 40.540918 ], [ -75.520143, 40.540179 ], [ -75.518788, 40.5371 ] ] ] } },
{ "type": "Feature", "properties": { "GEOID": "4237955", "NAME": "Jefferson Hills borough, Pennsylvania", "population": 12357.0 }, "geometry": { "type": "Polygon", "coordinates": [ [ [ -79.985071, 40.328396 ], [ -79.980291, 40.323278 ], [ -79.979017, 40.316743 ], [ -79.979022, 40.311685 ], [ -79.978301, 40.311002 ], [ -79.976368, 40.309194 ], [ -79.976372, 40.306044 ], [ -79.973879, 40.301571 ], [ -79.972784, 40.299738 ], [ -79.972961, 40.29762 ], [ -79.971043, 40.292324 ], [ -79.965495, 40.288772 ], [ -79.965208, 40.285262 ], [ -79.963945, 40.282273 ], [ -79.964966, 40.281093 ], [ -79.959829, 40.279486 ], [ -79.956147, 40.278035 ], [ -79.963093, 40.272761 ], [ -79.969113, 40.268637 ], [ -79.944732, 40.261398 ], [ -79.94047, 40.260127 ], [ -79.922428, 40.254806 ], [ -79.918164, 40.253541 ], [ -79.914461, 40.252443 ], [ -79.911444, 40.256757 ], [ -79.909652, 40.25846 ], [ -79.902754, 40.262914 ], [ -79.897369, 40.267161 ], [ -79.89987, 40.269201 ], [ -79.901535, 40.26803 ], [ -79.90453, 40.26984 ], [ -79.89655, 40.273876 ], [ -79.893815, 40.274528 ], [ -79.890873, 40.276119 ], [ -79.887886, 40.278288 ], [ -79.886293, 40.276917 ], [ -79.884189, 40.278682 ], [ -79.88272, 40.279409 ], [ -79.880538, 40.280631 ], [ -79.877761, 40.28263 ], [ -79.876178, 40.283596 ], [ -79.878161, 40.284927 ], [ -79.880129, 40.285376 ], [ -79.883042, 40.283122 ], [ -79.888347, 40.283189 ], [ -79.892702, 40.28091 ], [ -79.897918, 40.281 ], [ -79.900475, 40.283211 ], [ -79.899901, 40.291813 ], [ -79.900026, 40.292853 ], [ -79.900139, 40.293801 ], [ -79.90037, 40.29563 ], [ -79.898308, 40.296182 ], [ -79.896882, 40.296957 ], [ -79.89402, 40.296997 ], [ -79.883666, 40.298136 ], [ -79.884388, 40.298462 ], [ -79.889186, 40.300709 ], [ -79.895365, 40.29889 ], [ -79.899548, 40.301929 ], [ -79.896985, 40.303279 ], [ -79.895072, 40.306012 ], [ -79.900763, 40.312059 ], [ -79.899589, 40.312099 ], [ -79.8973, 40.314253 ], [ -79.898853, 40.316569 ], [ -79.900467, 40.317195 ], [ -79.900468, 40.318973 ], [ -79.899392, 40.318679 ], [ -79.898627, 40.319526 ], [ -79.925802, 40.325599 ], [ -79.927056, 40.324479 ], [ -79.929135, 40.325885 ], [ -79.930913, 40.325202 ], [ -79.931465, 40.32685 ], [ -79.937307, 40.329938 ], [ -79.940415, 40.323374 ], [ -79.93688, 40.31854 ], [ -79.940482, 40.317215 ], [ -79.942554, 40.31645 ], [ -79.95298, 40.320427 ], [ -79.956919, 40.321181 ], [ -79.956973, 40.320138 ], [ -79.95964, 40.317689 ], [ -79.961959, 40.319884 ], [ -79.963967, 40.320624 ], [ -79.97521, 40.324698 ], [ -79.976259, 40.327549 ], [ -79.97916, 40.327471 ], [ -79.982611, 40.329388 ], [ -79.985071, 40.328396 ] ] ] } },
{ "type": "Feature", "properties": { "GEOID": "4286968", "NAME": "Yeadon borough, Pennsylvania", "population": 12320.0 }, "geometry": { "type": "Polygon", "coordinates": [ [ [ -75.273086, 39.93036 ], [ -75.272383, 39.929187 ], [ -75.272253, 39.926758 ], [ -75.271517, 39.926054 ], [ -75.268266, 39.927362 ], [ -75.262724, 39.928219 ], [ -75.259033, 39.93028 ], [ -75.25844, 39.930679 ], [ -75.257387, 39.92465 ], [ -75.257464, 39.924615 ], [ -75.256481, 39.923404 ], [ -75.255657, 39.923104 ], [ -75.253793, 39.920396 ], [ -75.250792, 39.919992 ], [ -75.248777, 39.919779 ], [ -75.247484, 39.919242 ], [ -75.247511, 39.921709 ], [ -75.244336, 39.92625 ], [ -75.243643, 39.930897 ], [ -75.243369, 39.931908 ], [ -75.241909, 39.933544 ], [ -75.237436, 39.932557 ], [ -75.236647, 39.933897 ], [ -75.23492, 39.936333 ], [ -75.234868, 39.937456 ], [ -75.236878, 39.938432 ], [ -75.23957, 39.938039 ], [ -75.240626, 39.939191 ], [ -75.239903, 39.940035 ], [ -75.240367, 39.942171 ], [ -75.247028, 39.943414 ], [ -75.247208, 39.943904 ], [ -75.250737, 39.942142 ], [ -75.255387, 39.939789 ], [ -75.256351, 39.939334 ], [ -75.2644, 39.93559 ], [ -75.27326, 39.931534 ], [ -75.273086, 39.93036 ] ] ] } },
{ "type": "Feature", "properties": { "GEOID": "4267344", "NAME": "St. Marys city, Pennsylvania", "population": 12253.0 }, "geometry": { "type": "Polygon", "coordinates": [ [ [ -78.648511, 41.440932 ], [ -78.648178, 41.433509 ], [ -78.648298, 41.390433 ], [ -78.612873, 41.39059 ], [ -78.612915, 41.393488 ], [ -78.596102, 41.393634 ], [ -78.596132, 41.395611 ], [ -78.559755, 41.395913 ], [ -78.559766, 41.396791 ], [ -78.556978, 41.396814 ], [ -78.538121, 41.396967 ], [ -78.535125, 41.39699 ], [ -78.535129, 41.397292 ], [ -78.420056, 41.398104 ], [ -78.420028, 41.405046 ], [ -78.419608, 41.468165 ], [ -78.419566, 41.473724 ], [ -78.421154, 41.473845 ], [ -78.420172, 41.51529 ], [ -78.483951, 41.516008 ], [ -78.483903, 41.521496 ], [ -78.591128, 41.522915 ], [ -78.610983, 41.523252 ], [ -78.610965, 41.518159 ], [ -78.642221, 41.518117 ], [ -78.641158, 41.442757 ], [ -78.64852, 41.442754 ], [ -78.648511, 41.440932 ] ] ] } },
{ "type": "Feature", "properties": { "GEOID": "4248360", "NAME": "Meadville city, Pennsylvania", "population": 12230.0 }, "geometry": { "type": "Polygon", "coordinates": [ [ [ -80.171215, 41.646963 ], [ -80.167164, 41.646423 ], [ -80.167672, 41.645658 ], [ -80.165326, 41.646148 ], [ -80.16586, 41.64732 ], [ -80.16284, 41.64756 ], [ -80.163694, 41.646482 ], [ -80.16254, 41.64333 ], [ -80.163251, 41.64067 ], [ -80.161919, 41.638812 ], [ -80.162121, 41.637812 ], [ -80.162163, 41.636884 ], [ -80.160865, 41.633309 ], [ -80.159163, 41.629852 ], [ -80.158016, 41.625801 ], [ -80.155101, 41.625763 ], [ -80.152472, 41.625128 ], [ -80.153016, 41.623322 ], [ -80.142143, 41.625403 ], [ -80.139702, 41.624675 ], [ -80.142131, 41.630063 ], [ -80.143448, 41.631476 ], [ -80.133709, 41.629319 ], [ -80.135793, 41.63036 ], [ -80.135024, 41.632713 ], [ -80.132601, 41.632344 ], [ -80.132136, 41.633513 ], [ -80.127823, 41.63119 ], [ -80.125032, 41.634067 ], [ -80.125511, 41.634814 ], [ -80.125467, 41.634911 ], [ -80.124, 41.635182 ], [ -80.123679, 41.635508 ], [ -80.126184, 41.636253 ], [ -80.126135, 41.636037 ], [ -80.125597, 41.634941 ], [ -80.127265, 41.635307 ], [ -80.126685, 41.636406 ], [ -80.123483, 41.640991 ], [ -80.131899, 41.641324 ], [ -80.131314, 41.642136 ], [ -80.132801, 41.642798 ], [ -80.13574, 41.641748 ], [ -80.137519, 41.641459 ], [ -80.137488, 41.643742 ], [ -80.138782, 41.644754 ], [ -80.13863, 41.647492 ], [ -80.139199, 41.649664 ], [ -80.135712, 41.650257 ], [ -80.13564, 41.65151 ], [ -80.137127, 41.655913 ], [ -80.13498, 41.654028 ], [ -80.133725, 41.655467 ], [ -80.133651, 41.65929 ], [ -80.132804, 41.661394 ], [ -80.127776, 41.659558 ], [ -80.125504, 41.661254 ], [ -80.127881, 41.662667 ], [ -80.127365, 41.663322 ], [ -80.130605, 41.665074 ], [ -80.132128, 41.664962 ], [ -80.132039, 41.666084 ], [ -80.135512, 41.666285 ], [ -80.133393, 41.67066 ], [ -80.131789, 41.670924 ], [ -80.136882, 41.671543 ], [ -80.138281, 41.673206 ], [ -80.138261, 41.674157 ], [ -80.139757, 41.674174 ], [ -80.139707, 41.671553 ], [ -80.143007, 41.670686 ], [ -80.15272, 41.669915 ], [ -80.153012, 41.662665 ], [ -80.157887, 41.663717 ], [ -80.159024, 41.663125 ], [ -80.160264, 41.66432 ], [ -80.165784, 41.665733 ], [ -80.16636, 41.66451 ], [ -80.1681, 41.664846 ], [ -80.165129, 41.661295 ], [ -80.16198, 41.658458 ], [ -80.160386, 41.659512 ], [ -80.16072, 41.657206 ], [ -80.158139, 41.656489 ], [ -80.158511, 41.657115 ], [ -80.155484, 41.658038 ], [ -80.154303, 41.655584 ], [ -80.1506, 41.654168 ], [ -80.14689, 41.654902 ], [ -80.147767, 41.652669 ], [ -80.150631, 41.652174 ], [ -80.149962, 41.650584 ], [ -80.155951, 41.649373 ], [ -80.157485, 41.64906 ], [ -80.159443, 41.653103 ], [ -80.166423, 41.651786 ], [ -80.169925, 41.651136 ], [ -80.169563, 41.648823 ], [ -80.171464, 41.64844 ], [ -80.171215, 41.646963 ] ] ] } },
{ "type": "Feature", "properties": { "GEOID": "4223016", "NAME": "Elizabethtown borough, Pennsylvania", "population": 11961.0 }, "geometry": { "type": "Polygon", "coordinates": [ [ [ -76.615485, 40.146387 ], [ -76.613802, 40.144883 ], [ -76.612965, 40.14385 ], [ -76.610838, 40.143076 ], [ -76.612837, 40.139236 ], [ -76.608934, 40.140253 ], [ -76.607052, 40.142326 ], [ -76.5969, 40.13988 ], [ -76.593783, 40.141981 ], [ -76.589903, 40.140013 ], [ -76.588145, 40.139256 ], [ -76.587602, 40.14018 ], [ -76.583838, 40.138929 ], [ -76.584412, 40.137974 ], [ -76.582459, 40.137882 ], [ -76.581448, 40.139041 ], [ -76.583739, 40.141748 ], [ -76.586333, 40.142683 ], [ -76.587081, 40.143886 ], [ -76.584466, 40.145616 ], [ -76.580511, 40.149259 ], [ -76.581591, 40.14992 ], [ -76.583733, 40.148011 ], [ -76.584657, 40.148503 ], [ -76.582378, 40.1507 ], [ -76.582962, 40.15086 ], [ -76.589463, 40.153393 ], [ -76.592304, 40.151872 ], [ -76.590224, 40.153484 ], [ -76.591249, 40.155359 ], [ -76.581428, 40.15936 ], [ -76.583082, 40.162009 ], [ -76.582025, 40.16362 ], [ -76.584899, 40.166549 ], [ -76.590051, 40.164589 ], [ -76.589173, 40.160992 ], [ -76.589913, 40.162184 ], [ -76.59129, 40.16453 ], [ -76.590877, 40.166713 ], [ -76.596044, 40.164663 ], [ -76.595302, 40.166068 ], [ -76.599211, 40.171877 ], [ -76.601275, 40.172752 ], [ -76.602125, 40.171829 ], [ -76.600046, 40.170515 ], [ -76.601969, 40.170441 ], [ -76.601454, 40.168841 ], [ -76.603514, 40.167506 ], [ -76.603456, 40.164933 ], [ -76.607745, 40.163906 ], [ -76.609288, 40.161862 ], [ -76.609663, 40.161628 ], [ -76.612167, 40.162078 ], [ -76.613567, 40.161008 ], [ -76.612656, 40.158046 ], [ -76.611322, 40.15772 ], [ -76.614038, 40.15557 ], [ -76.618559, 40.148767 ], [ -76.615485, 40.146387 ] ], [ [ -76.591583, 40.147306 ], [ -76.590634, 40.148809 ], [ -76.5894, 40.147284 ], [ -76.588363, 40.145998 ], [ -76.589856, 40.144276 ], [ -76.591006, 40.146324 ], [ -76.591583, 40.147306 ] ] ] } },
{ "type": "Feature", "properties": { "GEOID": "4253736", "NAME": "New Kensington city, Pennsylvania", "population": 11759.0 }, "geometry": { "type": "Polygon", "coordinates": [ [ [ -79.774131, 40.568376 ], [ -79.772052, 40.562955 ], [ -79.770807, 40.560257 ], [ -79.768543, 40.554996 ], [ -79.766119, 40.55083 ], [ -79.761522, 40.553225 ], [ -79.757373, 40.553389 ], [ -79.75172, 40.55289 ], [ -79.74786, 40.55146 ], [ -79.747466, 40.553074 ], [ -79.744703, 40.55371 ], [ -79.744098, 40.556572 ], [ -79.737706, 40.555559 ], [ -79.734292, 40.556402 ], [ -79.734197, 40.557896 ], [ -79.732358, 40.56068 ], [ -79.733382, 40.56423 ], [ -79.73089, 40.56914 ], [ -79.73032, 40.5706 ], [ -79.73272, 40.57083 ], [ -79.73424, 40.57306 ], [ -79.735774, 40.577203 ], [ -79.7411, 40.57973 ], [ -79.74172, 40.580573 ], [ -79.737389, 40.582253 ], [ -79.739045, 40.584537 ], [ -79.739693, 40.585438 ], [ -79.74414, 40.58361 ], [ -79.74661, 40.58764 ], [ -79.749524, 40.594049 ], [ -79.749391, 40.596691 ], [ -79.749192, 40.598919 ], [ -79.749437, 40.598867 ], [ -79.757578, 40.596254 ], [ -79.761999, 40.594336 ], [ -79.764043, 40.59287 ], [ -79.76807, 40.589544 ], [ -79.77079, 40.586698 ], [ -79.769154, 40.585685 ], [ -79.766797, 40.585243 ], [ -79.762448, 40.586211 ], [ -79.758334, 40.585878 ], [ -79.759485, 40.58412 ], [ -79.75802, 40.58346 ], [ -79.75572, 40.58297 ], [ -79.751951, 40.582562 ], [ -79.750593, 40.580311 ], [ -79.757155, 40.581077 ], [ -79.756851, 40.577778 ], [ -79.754599, 40.577958 ], [ -79.756507, 40.576646 ], [ -79.760342, 40.574382 ], [ -79.76127, 40.57367 ], [ -79.765631, 40.572315 ], [ -79.768915, 40.571308 ], [ -79.770049, 40.570952 ], [ -79.774455, 40.569742 ], [ -79.774131, 40.568376 ] ] ] } },
{ "type": "Feature", "properties": { "GEOID": "4244864", "NAME": "Lower Burrell city, Pennsylvania", "population": 11470.0 }, "geometry": { "type": "Polygon", "coordinates": [ [ [ -79.76509, 40.549238 ], [ -79.760069, 40.551064 ], [ -79.758132, 40.550337 ], [ -79.754254, 40.550431 ], [ -79.751701, 40.551823 ], [ -79.748493, 40.551264 ], [ -79.745879, 40.549809 ], [ -79.742656, 40.548523 ], [ -79.741419, 40.549371 ], [ -79.739269, 40.549497 ], [ -79.735714, 40.549012 ], [ -79.734044, 40.546836 ], [ -79.732582, 40.546561 ], [ -79.731934, 40.545066 ], [ -79.730552, 40.544717 ], [ -79.728666, 40.543435 ], [ -79.724608, 40.542191 ], [ -79.722367, 40.542198 ], [ -79.721939, 40.543236 ], [ -79.715176, 40.548645 ], [ -79.698742, 40.563523 ], [ -79.671155, 40.588541 ], [ -79.679109, 40.595796 ], [ -79.680054, 40.596765 ], [ -79.681047, 40.597356 ], [ -79.683303, 40.598892 ], [ -79.703966, 40.613435 ], [ -79.70877, 40.616631 ], [ -79.712073, 40.619131 ], [ -79.714576, 40.61701 ], [ -79.717702, 40.613295 ], [ -79.719992, 40.60949 ], [ -79.721339, 40.608157 ], [ -79.723154, 40.606989 ], [ -79.733169, 40.603135 ], [ -79.736087, 40.602043 ], [ -79.741275, 40.600758 ], [ -79.749192, 40.598919 ], [ -79.749391, 40.596691 ], [ -79.749524, 40.594049 ], [ -79.74661, 40.58764 ], [ -79.74414, 40.58361 ], [ -79.739693, 40.585438 ], [ -79.739045, 40.584537 ], [ -79.737389, 40.582253 ], [ -79.74172, 40.580573 ], [ -79.7411, 40.57973 ], [ -79.735774, 40.577203 ], [ -79.73424, 40.57306 ], [ -79.73272, 40.57083 ], [ -79.73032, 40.5706 ], [ -79.73089, 40.56914 ], [ -79.733382, 40.56423 ], [ -79.732358, 40.56068 ], [ -79.734197, 40.557896 ], [ -79.734292, 40.556402 ], [ -79.737706, 40.555559 ], [ -79.744098, 40.556572 ], [ -79.744703, 40.55371 ], [ -79.747466, 40.553074 ], [ -79.74786, 40.55146 ], [ -79.75172, 40.55289 ], [ -79.757373, 40.553389 ], [ -79.761522, 40.553225 ], [ -79.766119, 40.55083 ], [ -79.76509, 40.549238 ] ] ] } },
{ "type": "Feature", "properties": { "GEOID": "4286880", "NAME": "Wyomissing borough, Pennsylvania", "population": 11285.0 }, "geometry": { "type": "Polygon", "coordinates": [ [ [ -75.994789, 40.332935 ], [ -75.994602, 40.331464 ], [ -75.990178, 40.331762 ], [ -75.986458, 40.32767 ], [ -75.983353, 40.327924 ], [ -75.982889, 40.327835 ], [ -75.977656, 40.323691 ], [ -75.988716, 40.321137 ], [ -75.988227, 40.32041 ], [ -75.987613, 40.319563 ], [ -75.981816, 40.31302 ], [ -75.983007, 40.312186 ], [ -75.981601, 40.310679 ], [ -75.984351, 40.309464 ], [ -75.980552, 40.307941 ], [ -75.976734, 40.306101 ], [ -75.9752, 40.305693 ], [ -75.973493, 40.30839 ], [ -75.969819, 40.314159 ], [ -75.96508, 40.310735 ], [ -75.961093, 40.310889 ], [ -75.96029, 40.311254 ], [ -75.960489, 40.314244 ], [ -75.956382, 40.317927 ], [ -75.959487, 40.322423 ], [ -75.956448, 40.327041 ], [ -75.954464, 40.32769 ], [ -75.954334, 40.328517 ], [ -75.953949, 40.332635 ], [ -75.953875, 40.333343 ], [ -75.953742, 40.334809 ], [ -75.953334, 40.339155 ], [ -75.950634, 40.339646 ], [ -75.947692, 40.340587 ], [ -75.950495, 40.342381 ], [ -75.95084, 40.344603 ], [ -75.956986, 40.350629 ], [ -75.957887, 40.351183 ], [ -75.959759, 40.354105 ], [ -75.960708, 40.354583 ], [ -75.963655, 40.356225 ], [ -75.965835, 40.356539 ], [ -75.966188, 40.35618 ], [ -75.968355, 40.354046 ], [ -75.973936, 40.348773 ], [ -75.977473, 40.345461 ], [ -75.978171, 40.345907 ], [ -75.983508, 40.340848 ], [ -75.984174, 40.341 ], [ -75.989691, 40.341734 ], [ -75.99127, 40.336806 ], [ -75.991276, 40.336263 ], [ -75.991262, 40.334755 ], [ -75.995004, 40.334914 ], [ -75.994789, 40.332935 ] ] ] } },
{ "type": "Feature", "properties": { "GEOID": "4281824", "NAME": "Waynesboro borough, Pennsylvania", "population": 11190.0 }, "geometry": { "type": "Polygon", "coordinates": [ [ [ -77.605184, 39.760014 ], [ -77.604914, 39.757102 ], [ -77.605321, 39.755476 ], [ -77.604223, 39.755055 ], [ -77.602549, 39.758396 ], [ -77.600855, 39.75867 ], [ -77.597479, 39.757554 ], [ -77.597186, 39.753515 ], [ -77.597158, 39.749846 ], [ -77.598924, 39.747108 ], [ -77.596924, 39.746734 ], [ -77.595919, 39.741045 ], [ -77.594626, 39.740213 ], [ -77.59241, 39.738789 ], [ -77.59431, 39.736688 ], [ -77.592936, 39.736915 ], [ -77.591532, 39.733027 ], [ -77.585281, 39.733566 ], [ -77.58612, 39.737731 ], [ -77.58215, 39.74158 ], [ -77.579295, 39.741045 ], [ -77.576161, 39.741932 ], [ -77.576564, 39.742678 ], [ -77.573393, 39.742203 ], [ -77.569511, 39.73762 ], [ -77.561479, 39.73576 ], [ -77.561378, 39.735934 ], [ -77.559524, 39.738979 ], [ -77.563123, 39.740202 ], [ -77.564746, 39.739617 ], [ -77.566902, 39.74007 ], [ -77.564998, 39.744882 ], [ -77.562023, 39.747967 ], [ -77.564682, 39.749507 ], [ -77.565569, 39.749927 ], [ -77.563196, 39.752881 ], [ -77.56824, 39.761293 ], [ -77.572037, 39.762814 ], [ -77.574007, 39.765512 ], [ -77.577145, 39.764633 ], [ -77.577214, 39.764685 ], [ -77.578461, 39.767638 ], [ -77.577123, 39.768139 ], [ -77.578418, 39.769889 ], [ -77.576719, 39.770717 ], [ -77.577844, 39.772108 ], [ -77.583703, 39.768531 ], [ -77.585254, 39.76835 ], [ -77.587791, 39.769189 ], [ -77.591488, 39.76559 ], [ -77.594105, 39.767908 ], [ -77.596837, 39.767332 ], [ -77.594584, 39.765538 ], [ -77.596798, 39.762581 ], [ -77.59785, 39.760871 ], [ -77.605973, 39.7628 ], [ -77.605184, 39.760014 ] ] ] } },
{ "type": "Feature", "properties": { "GEOID": "4241440", "NAME": "Lansdowne borough, Pennsylvania", "population": 11141.0 }, "geometry": { "type": "Polygon", "coordinates": [ [ [ -75.289289, 39.942355 ], [ -75.28845, 39.940839 ], [ -75.288311, 39.940592 ], [ -75.287995, 39.940038 ], [ -75.286618, 39.937634 ], [ -75.286369, 39.936999 ], [ -75.286027, 39.93545 ], [ -75.28487, 39.935422 ], [ -75.284321, 39.934599 ], [ -75.283748, 39.933127 ], [ -75.283448, 39.931773 ], [ -75.282544, 39.930741 ], [ -75.281806, 39.930474 ], [ -75.279476, 39.933048 ], [ -75.276969, 39.934643 ], [ -75.275093, 39.93459 ], [ -75.275615, 39.933508 ], [ -75.27326, 39.931534 ], [ -75.2644, 39.93559 ], [ -75.265645, 39.939456 ], [ -75.266795, 39.944353 ], [ -75.267726, 39.948875 ], [ -75.268096, 39.950609 ], [ -75.268457, 39.951183 ], [ -75.270496, 39.95141 ], [ -75.275125, 39.949443 ], [ -75.278453, 39.948017 ], [ -75.281495, 39.946702 ], [ -75.283561, 39.945814 ], [ -75.286414, 39.944584 ], [ -75.289743, 39.94311 ], [ -75.289289, 39.942355 ] ] ] } },
{ "type": "Feature", "properties": { "GEOID": "4252584", "NAME": "Nanticoke city, Pennsylvania", "population": 10712.0 }, "geometry": { "type": "Polygon", "coordinates": [ [ [ -76.023771, 41.21872 ], [ -76.016103, 41.201869 ], [ -76.014124, 41.197248 ], [ -76.013323, 41.196354 ], [ -76.012912, 41.195875 ], [ -76.01253, 41.194475 ], [ -76.012027, 41.189193 ], [ -76.010979, 41.1873 ], [ -76.010357, 41.186863 ], [ -76.009537, 41.186529 ], [ -76.004395, 41.185692 ], [ -76.001494, 41.185219 ], [ -75.996934, 41.184931 ], [ -75.993962, 41.184134 ], [ -75.992595, 41.184008 ], [ -75.975666, 41.186379 ], [ -75.984285, 41.200738 ], [ -75.988945, 41.208501 ], [ -75.992794, 41.214914 ], [ -75.996006, 41.21529 ], [ -75.998926, 41.215381 ], [ -76.003315, 41.214481 ], [ -76.009645, 41.214982 ], [ -76.015446, 41.218582 ], [ -76.024345, 41.220382 ], [ -76.023771, 41.21872 ] ] ] } },
{ "type": "Feature", "properties": { "GEOID": "4218152", "NAME": "Darby borough, Pennsylvania", "population": 10666.0 }, "geometry": { "type": "Polygon", "coordinates": [ [ [ -75.275311, 39.923225 ], [ -75.267591, 39.918532 ], [ -75.264678, 39.918361 ], [ -75.263145, 39.918189 ], [ -75.263134, 39.918178 ], [ -75.264245, 39.917323 ], [ -75.264884, 39.914798 ], [ -75.26413, 39.914599 ], [ -75.260043, 39.913519 ], [ -75.258465, 39.91307 ], [ -75.257062, 39.91281 ], [ -75.254116, 39.912373 ], [ -75.252872, 39.91712 ], [ -75.248428, 39.916387 ], [ -75.24694, 39.916871 ], [ -75.247341, 39.918541 ], [ -75.247484, 39.919242 ], [ -75.248777, 39.919779 ], [ -75.250792, 39.919992 ], [ -75.253793, 39.920396 ], [ -75.255657, 39.923104 ], [ -75.256481, 39.923404 ], [ -75.257464, 39.924615 ], [ -75.257387, 39.92465 ], [ -75.25844, 39.930679 ], [ -75.259033, 39.93028 ], [ -75.262724, 39.928219 ], [ -75.268266, 39.927362 ], [ -75.271517, 39.926054 ], [ -75.270738, 39.925164 ], [ -75.275311, 39.923225 ] ] ] } },
{ "type": "Feature", "properties": { "GEOID": "4254696", "NAME": "Northampton borough, Pennsylvania", "population": 10570.0 }, "geometry": { "type": "Polygon", "coordinates": [ [ [ -75.511912, 40.696999 ], [ -75.508495, 40.693046 ], [ -75.503598, 40.690185 ], [ -75.503053, 40.689715 ], [ -75.497979, 40.679155 ], [ -75.49534, 40.677787 ], [ -75.491127, 40.676996 ], [ -75.489364, 40.676065 ], [ -75.487329, 40.674497 ], [ -75.486137, 40.672999 ], [ -75.485027, 40.671496 ], [ -75.483628, 40.666873 ], [ -75.48081, 40.666911 ], [ -75.476868, 40.668729 ], [ -75.473796, 40.669058 ], [ -75.473829, 40.669742 ], [ -75.472131, 40.670225 ], [ -75.474595, 40.681054 ], [ -75.474381, 40.690576 ], [ -75.478405, 40.692712 ], [ -75.478579, 40.694667 ], [ -75.485505, 40.693887 ], [ -75.485254, 40.692034 ], [ -75.487701, 40.691915 ], [ -75.489758, 40.692305 ], [ -75.490987, 40.693951 ], [ -75.494588, 40.695991 ], [ -75.493715, 40.697115 ], [ -75.495236, 40.70121 ], [ -75.499675, 40.702018 ], [ -75.500536, 40.704408 ], [ -75.505585, 40.703989 ], [ -75.510248, 40.702348 ], [ -75.515628, 40.702196 ], [ -75.511912, 40.696999 ] ] ] } },
{ "type": "Feature", "properties": { "GEOID": "4215384", "NAME": "Columbia borough, Pennsylvania", "population": 10314.0 }, "geometry": { "type": "Polygon", "coordinates": [ [ [ -76.516609, 40.039138 ], [ -76.509967, 40.031546 ], [ -76.507719, 40.029393 ], [ -76.504914, 40.027965 ], [ -76.503756, 40.026788 ], [ -76.497361, 40.024688 ], [ -76.494761, 40.024088 ], [ -76.491121, 40.021322 ], [ -76.487252, 40.022633 ], [ -76.48199, 40.022916 ], [ -76.482682, 40.02213 ], [ -76.489026, 40.020654 ], [ -76.488421, 40.018951 ], [ -76.485427, 40.019568 ], [ -76.476773, 40.020169 ], [ -76.477086, 40.021644 ], [ -76.477051, 40.022514 ], [ -76.473013, 40.022834 ], [ -76.474033, 40.024461 ], [ -76.472521, 40.026003 ], [ -76.474949, 40.025847 ], [ -76.477829, 40.023554 ], [ -76.485784, 40.023124 ], [ -76.483842, 40.023772 ], [ -76.483003, 40.027446 ], [ -76.480293, 40.028098 ], [ -76.480524, 40.029814 ], [ -76.482146, 40.030675 ], [ -76.477876, 40.031034 ], [ -76.477954, 40.031581 ], [ -76.482411, 40.031348 ], [ -76.479865, 40.031517 ], [ -76.479805, 40.033197 ], [ -76.474049, 40.035727 ], [ -76.480042, 40.035144 ], [ -76.483944, 40.036276 ], [ -76.486205, 40.036154 ], [ -76.486085, 40.035059 ], [ -76.484177, 40.035189 ], [ -76.483931, 40.032386 ], [ -76.48701, 40.036072 ], [ -76.483989, 40.036517 ], [ -76.482016, 40.035831 ], [ -76.482333, 40.044428 ], [ -76.484251, 40.044306 ], [ -76.486178, 40.046657 ], [ -76.488431, 40.046173 ], [ -76.48985, 40.047892 ], [ -76.490838, 40.04682 ], [ -76.493912, 40.045385 ], [ -76.494173, 40.046115 ], [ -76.497869, 40.046635 ], [ -76.498056, 40.048512 ], [ -76.501857, 40.048097 ], [ -76.502746, 40.050002 ], [ -76.505597, 40.049863 ], [ -76.50679, 40.04922 ], [ -76.507338, 40.046714 ], [ -76.506979, 40.044516 ], [ -76.50546, 40.04424 ], [ -76.505026, 40.041689 ], [ -76.506077, 40.039653 ], [ -76.507082, 40.039472 ], [ -76.510815, 40.039343 ], [ -76.516609, 40.039138 ] ] ] } },
{ "type": "Feature", "properties": { "GEOID": "4205888", "NAME": "Berwick borough, Pennsylvania", "population": 10297.0 }, "geometry": { "type": "Polygon", "coordinates": [ [ [ -76.270904, 41.053186 ], [ -76.270251, 41.043939 ], [ -76.270502, 41.038486 ], [ -76.261923, 41.038938 ], [ -76.259307, 41.039364 ], [ -76.257726, 41.039622 ], [ -76.254372, 41.040668 ], [ -76.249657, 41.043589 ], [ -76.23794, 41.049681 ], [ -76.230462, 41.053431 ], [ -76.228478, 41.053632 ], [ -76.228518, 41.06029 ], [ -76.228537, 41.063652 ], [ -76.228544, 41.065022 ], [ -76.228578, 41.07078 ], [ -76.22859, 41.072514 ], [ -76.234318, 41.069629 ], [ -76.237827, 41.074339 ], [ -76.240679, 41.074764 ], [ -76.246622, 41.071713 ], [ -76.250626, 41.069647 ], [ -76.250467, 41.067311 ], [ -76.248841, 41.066931 ], [ -76.246127, 41.063882 ], [ -76.250579, 41.061949 ], [ -76.255022, 41.060874 ], [ -76.271032, 41.056916 ], [ -76.270904, 41.053186 ] ] ] } },
{ "type": "Feature", "properties": { "GEOID": "4252320", "NAME": "Munhall borough, Pennsylvania", "population": 10253.0 }, "geometry": { "type": "Polygon", "coordinates": [ [ [ -79.916084, 40.382113 ], [ -79.917314, 40.381597 ], [ -79.916241, 40.380079 ], [ -79.915668, 40.380277 ], [ -79.911689, 40.380541 ], [ -79.910679, 40.378715 ], [ -79.908347, 40.378153 ], [ -79.908844, 40.376692 ], [ -79.905715, 40.375486 ], [ -79.897878, 40.375197 ], [ -79.896031, 40.3764 ], [ -79.894283, 40.376678 ], [ -79.892937, 40.376406 ], [ -79.891307, 40.376352 ], [ -79.890952, 40.379381 ], [ -79.889376, 40.380808 ], [ -79.890819, 40.381681 ], [ -79.890013, 40.383682 ], [ -79.890914, 40.382961 ], [ -79.894597, 40.384212 ], [ -79.894527, 40.385069 ], [ -79.894848, 40.387861 ], [ -79.893607, 40.391525 ], [ -79.894273, 40.39398 ], [ -79.893679, 40.395393 ], [ -79.895898, 40.398123 ], [ -79.890286, 40.400805 ], [ -79.884246, 40.403017 ], [ -79.884363, 40.403941 ], [ -79.887509, 40.4064 ], [ -79.887053, 40.407037 ], [ -79.884511, 40.407191 ], [ -79.889878, 40.409886 ], [ -79.890624, 40.4104 ], [ -79.897893, 40.414954 ], [ -79.899623, 40.41545 ], [ -79.901512, 40.415879 ], [ -79.905972, 40.415707 ], [ -79.903332, 40.409024 ], [ -79.907451, 40.408744 ], [ -79.904478, 40.405316 ], [ -79.902702, 40.403273 ], [ -79.901424, 40.403761 ], [ -79.900734, 40.402267 ], [ -79.899629, 40.399394 ], [ -79.900624, 40.400029 ], [ -79.902638, 40.401315 ], [ -79.905093, 40.400074 ], [ -79.907037, 40.400057 ], [ -79.907373, 40.399583 ], [ -79.907416, 40.396847 ], [ -79.902984, 40.394885 ], [ -79.905311, 40.393161 ], [ -79.907867, 40.38809 ], [ -79.908808, 40.387596 ], [ -79.91059, 40.389592 ], [ -79.913464, 40.390137 ], [ -79.917866, 40.388033 ], [ -79.916084, 40.382113 ] ] ] } },
{ "type": "Feature", "properties": { "GEOID": "4248376", "NAME": "Mechanicsburg borough, Pennsylvania", "population": 10037.0 }, "geometry": { "type": "Polygon", "coordinates": [ [ [ -77.032245, 40.210764 ], [ -77.030743, 40.208679 ], [ -77.022499, 40.209123 ], [ -77.02259, 40.20893 ], [ -77.019712, 40.202984 ], [ -77.019572, 40.202078 ], [ -77.019328, 40.20138 ], [ -77.014011, 40.202751 ], [ -77.004091, 40.20573 ], [ -77.001093, 40.206649 ], [ -76.997771, 40.207518 ], [ -76.99644, 40.205071 ], [ -77.000087, 40.203524 ], [ -76.996998, 40.199968 ], [ -76.990511, 40.202735 ], [ -76.990209, 40.201515 ], [ -76.985664, 40.199158 ], [ -76.98491, 40.199662 ], [ -76.986704, 40.204434 ], [ -76.9863, 40.207598 ], [ -76.987498, 40.209886 ], [ -76.984435, 40.211185 ], [ -76.979286, 40.213214 ], [ -76.978733, 40.213471 ], [ -76.984366, 40.217364 ], [ -76.993931, 40.215564 ], [ -76.996603, 40.214611 ], [ -76.997104, 40.214414 ], [ -76.99823, 40.216438 ], [ -76.999519, 40.215924 ], [ -77.001419, 40.219096 ], [ -76.999849, 40.219922 ], [ -77.000901, 40.222209 ], [ -77.005354, 40.221099 ], [ -77.007934, 40.22431 ], [ -77.011917, 40.223896 ], [ -77.013743, 40.220674 ], [ -77.014243, 40.218968 ], [ -77.025954, 40.215724 ], [ -77.02577, 40.213774 ], [ -77.027236, 40.214356 ], [ -77.027604, 40.216975 ], [ -77.028328, 40.216888 ], [ -77.031229, 40.216541 ], [ -77.032245, 40.210764 ] ] ] } },
{ "type": "Feature", "properties": { "GEOID": "4208760", "NAME": "Bristol borough, Pennsylvania", "population": 9970.0 }, "geometry": { "type": "Polygon", "coordinates": [ [ [ -74.874197, 40.09928 ], [ -74.873866, 40.098529 ], [ -74.866075, 40.100938 ], [ -74.869468, 40.09732 ], [ -74.869883, 40.096397 ], [ -74.869058, 40.095303 ], [ -74.865283, 40.094819 ], [ -74.867185, 40.093948 ], [ -74.865771, 40.091631 ], [ -74.860309, 40.090721 ], [ -74.8573976, 40.0900033 ], [ -74.856509, 40.09131 ], [ -74.854609, 40.09327 ], [ -74.851126, 40.0951 ], [ -74.8478574, 40.0963327 ], [ -74.8444053, 40.0976346 ], [ -74.843431, 40.098002 ], [ -74.838008, 40.10091 ], [ -74.8379825, 40.1009364 ], [ -74.835108, 40.10391 ], [ -74.8341218, 40.1078754 ], [ -74.836957, 40.109202 ], [ -74.836737, 40.109957 ], [ -74.840012, 40.114229 ], [ -74.841312, 40.115973 ], [ -74.841647, 40.115539 ], [ -74.843555, 40.117586 ], [ -74.848847, 40.112412 ], [ -74.849667, 40.109941 ], [ -74.85316, 40.111327 ], [ -74.8569, 40.110255 ], [ -74.86089, 40.108039 ], [ -74.861302, 40.104788 ], [ -74.861314, 40.102015 ], [ -74.864745, 40.104446 ], [ -74.867312, 40.104048 ], [ -74.870932, 40.106565 ], [ -74.872071, 40.103711 ], [ -74.874896, 40.102375 ], [ -74.874197, 40.09928 ] ] ] } },
{ "type": "Feature", "properties": { "GEOID": "4249128", "NAME": "Middletown borough, Pennsylvania", "population": 9776.0 }, "geometry": { "type": "Polygon", "coordinates": [ [ [ -76.745124, 40.187577 ], [ -76.738515, 40.18647 ], [ -76.733053, 40.18502 ], [ -76.73293, 40.185007 ], [ -76.733332, 40.187643 ], [ -76.731912, 40.19095 ], [ -76.730452, 40.191556 ], [ -76.728071, 40.191788 ], [ -76.724907, 40.191472 ], [ -76.722893, 40.1916 ], [ -76.716825, 40.192726 ], [ -76.714761, 40.194263 ], [ -76.714569, 40.194754 ], [ -76.716446, 40.199155 ], [ -76.716108, 40.200023 ], [ -76.714235, 40.203077 ], [ -76.713764, 40.204553 ], [ -76.713932, 40.205661 ], [ -76.71739, 40.209734 ], [ -76.718047, 40.209597 ], [ -76.722734, 40.209647 ], [ -76.723431, 40.211068 ], [ -76.723076, 40.21335 ], [ -76.725379, 40.214611 ], [ -76.725638, 40.217309 ], [ -76.729671, 40.217273 ], [ -76.734346, 40.21617 ], [ -76.735704, 40.214283 ], [ -76.736065, 40.210185 ], [ -76.736284, 40.208789 ], [ -76.735421, 40.20673 ], [ -76.741273, 40.204569 ], [ -76.735935, 40.19788 ], [ -76.738428, 40.196783 ], [ -76.739164, 40.196616 ], [ -76.741586, 40.1966 ], [ -76.745124, 40.187577 ] ] ] } },
{ "type": "Feature", "properties": { "GEOID": "4243816", "NAME": "Lititz borough, Pennsylvania", "population": 9689.0 }, "geometry": { "type": "Polygon", "coordinates": [ [ [ -76.32303, 40.157443 ], [ -76.319923, 40.156786 ], [ -76.316278, 40.153442 ], [ -76.318142, 40.153577 ], [ -76.319237, 40.151464 ], [ -76.322134, 40.149004 ], [ -76.315023, 40.145118 ], [ -76.312483, 40.147469 ], [ -76.308618, 40.144975 ], [ -76.306699, 40.141712 ], [ -76.306752, 40.139784 ], [ -76.303842, 40.140958 ], [ -76.30393, 40.141217 ], [ -76.301715, 40.141703 ], [ -76.298587, 40.140716 ], [ -76.298097, 40.139421 ], [ -76.293333, 40.13855 ], [ -76.290714, 40.138824 ], [ -76.292836, 40.142845 ], [ -76.295228, 40.141647 ], [ -76.296409, 40.142329 ], [ -76.293523, 40.144196 ], [ -76.295494, 40.147982 ], [ -76.295539, 40.149305 ], [ -76.289528, 40.151703 ], [ -76.290787, 40.154097 ], [ -76.290521, 40.15686 ], [ -76.285746, 40.155989 ], [ -76.284191, 40.160038 ], [ -76.286866, 40.16097 ], [ -76.290284, 40.160687 ], [ -76.290902, 40.164872 ], [ -76.294627, 40.164703 ], [ -76.294526, 40.162551 ], [ -76.295338, 40.162403 ], [ -76.297286, 40.164836 ], [ -76.302141, 40.163766 ], [ -76.304453, 40.164312 ], [ -76.303906, 40.163216 ], [ -76.307031, 40.162244 ], [ -76.308057, 40.165634 ], [ -76.308033, 40.165181 ], [ -76.313051, 40.166248 ], [ -76.312997, 40.164967 ], [ -76.318551, 40.166434 ], [ -76.317921, 40.160859 ], [ -76.322587, 40.161087 ], [ -76.32303, 40.157443 ] ] ] } },
{ "type": "Feature", "properties": { "GEOID": "4251144", "NAME": "Morrisville borough, Pennsylvania", "population": 9665.0 }, "geometry": { "type": "Polygon", "coordinates": [ [ [ -74.803093, 40.207481 ], [ -74.800259, 40.206476 ], [ -74.799767, 40.204302 ], [ -74.800653, 40.202997 ], [ -74.798179, 40.202477 ], [ -74.793247, 40.203102 ], [ -74.78868, 40.200795 ], [ -74.787274, 40.201577 ], [ -74.783814, 40.203586 ], [ -74.778646, 40.198639 ], [ -74.778444, 40.198406 ], [ -74.776258, 40.196362 ], [ -74.774713, 40.19398 ], [ -74.76406, 40.198164 ], [ -74.762283, 40.198681 ], [ -74.7611648, 40.1991113 ], [ -74.7644301, 40.2034438 ], [ -74.767677, 40.207752 ], [ -74.768509, 40.21019 ], [ -74.7716787, 40.215223 ], [ -74.771719, 40.215287 ], [ -74.7784128, 40.2196764 ], [ -74.781206, 40.221508 ], [ -74.7819526, 40.2219263 ], [ -74.784756, 40.21998 ], [ -74.78896, 40.217072 ], [ -74.787011, 40.214626 ], [ -74.788989, 40.213711 ], [ -74.791664, 40.212463 ], [ -74.791459, 40.211986 ], [ -74.792228, 40.211787 ], [ -74.792379, 40.212129 ], [ -74.791504, 40.209689 ], [ -74.793804, 40.211475 ], [ -74.794301, 40.209495 ], [ -74.797855, 40.209682 ], [ -74.79704, 40.207674 ], [ -74.798465, 40.207433 ], [ -74.800176, 40.208763 ], [ -74.802764, 40.207735 ], [ -74.803093, 40.207481 ] ] ] } },
{ "type": "Feature", "properties": { "GEOID": "4208416", "NAME": "Brentwood borough, Pennsylvania", "population": 9597.0 }, "geometry": { "type": "Polygon", "coordinates": [ [ [ -79.987958, 40.362379 ], [ -79.983385, 40.362562 ], [ -79.982341, 40.360872 ], [ -79.974847, 40.364294 ], [ -79.971406, 40.366555 ], [ -79.964883, 40.369537 ], [ -79.964472, 40.369701 ], [ -79.962624, 40.37047 ], [ -79.961621, 40.371529 ], [ -79.965061, 40.375638 ], [ -79.962774, 40.378856 ], [ -79.966755, 40.380589 ], [ -79.966577, 40.381216 ], [ -79.968449, 40.381883 ], [ -79.969257, 40.385796 ], [ -79.96982, 40.385788 ], [ -79.97124, 40.385734 ], [ -79.974081, 40.384792 ], [ -79.976472, 40.385386 ], [ -79.97765, 40.384143 ], [ -79.976845, 40.382844 ], [ -79.976142, 40.381301 ], [ -79.977645, 40.381743 ], [ -79.981947, 40.380642 ], [ -79.983342, 40.381516 ], [ -79.984828, 40.37955 ], [ -79.986032, 40.377822 ], [ -79.98693, 40.375081 ], [ -79.984762, 40.372116 ], [ -79.986171, 40.370241 ], [ -79.985051, 40.368162 ], [ -79.98886, 40.363945 ], [ -79.987958, 40.362379 ] ] ] } },
{ "type": "Feature", "properties": { "GEOID": "4211152", "NAME": "Canonsburg borough, Pennsylvania", "population": 9529.0 }, "geometry": { "type": "Polygon", "coordinates": [ [ [ -80.206187, 40.255316 ], [ -80.205759, 40.25413 ], [ -80.20656, 40.25268 ], [ -80.204804, 40.251142 ], [ -80.20279, 40.252919 ], [ -80.197984, 40.254523 ], [ -80.195731, 40.255125 ], [ -80.1945, 40.253975 ], [ -80.190735, 40.254373 ], [ -80.191914, 40.250322 ], [ -80.187699, 40.248117 ], [ -80.184228, 40.248795 ], [ -80.181313, 40.248838 ], [ -80.180659, 40.258118 ], [ -80.17887, 40.258205 ], [ -80.176582, 40.259572 ], [ -80.174431, 40.261556 ], [ -80.171349, 40.263333 ], [ -80.172561, 40.264695 ], [ -80.171054, 40.266081 ], [ -80.169779, 40.268582 ], [ -80.169987, 40.270678 ], [ -80.168627, 40.271766 ], [ -80.172485, 40.273042 ], [ -80.173904, 40.272598 ], [ -80.175152, 40.275678 ], [ -80.176291, 40.279206 ], [ -80.180977, 40.278085 ], [ -80.185586, 40.282469 ], [ -80.187755, 40.281245 ], [ -80.189218, 40.280422 ], [ -80.189619, 40.277414 ], [ -80.191769, 40.274916 ], [ -80.192502, 40.2739 ], [ -80.189976, 40.272942 ], [ -80.18761, 40.270628 ], [ -80.185438, 40.269662 ], [ -80.185474, 40.268126 ], [ -80.183577, 40.266885 ], [ -80.185494, 40.265767 ], [ -80.186997, 40.267751 ], [ -80.189333, 40.266705 ], [ -80.189709, 40.266752 ], [ -80.194031, 40.269319 ], [ -80.197908, 40.270822 ], [ -80.198099, 40.269224 ], [ -80.201478, 40.268052 ], [ -80.201158, 40.266198 ], [ -80.20218, 40.265668 ], [ -80.19912, 40.263028 ], [ -80.201303, 40.261556 ], [ -80.200531, 40.260417 ], [ -80.202565, 40.260064 ], [ -80.206635, 40.256362 ], [ -80.206187, 40.255316 ] ] ] } },
{ "type": "Feature", "properties": { "GEOID": "4275304", "NAME": "Sunbury city, Pennsylvania", "population": 9495.0 }, "geometry": { "type": "Polygon", "coordinates": [ [ [ -76.805502, 40.842074 ], [ -76.803808, 40.843336 ], [ -76.79872, 40.845539 ], [ -76.796463, 40.847383 ], [ -76.797295, 40.848752 ], [ -76.797276, 40.85042 ], [ -76.79392, 40.852052 ], [ -76.789022, 40.852407 ], [ -76.780013, 40.853806 ], [ -76.77603, 40.853977 ], [ -76.775108, 40.854484 ], [ -76.776397, 40.859113 ], [ -76.773269, 40.859408 ], [ -76.772849, 40.859045 ], [ -76.76577, 40.860805 ], [ -76.766431, 40.865908 ], [ -76.772499, 40.865755 ], [ -76.774613, 40.864853 ], [ -76.773921, 40.86659 ], [ -76.777603, 40.867473 ], [ -76.776796, 40.868298 ], [ -76.780293, 40.869722 ], [ -76.781232, 40.870818 ], [ -76.780358, 40.874667 ], [ -76.779295, 40.87673 ], [ -76.780345, 40.877056 ], [ -76.783242, 40.876257 ], [ -76.783673, 40.875434 ], [ -76.786436, 40.876959 ], [ -76.788676, 40.878193 ], [ -76.791497, 40.876842 ], [ -76.792603, 40.875721 ], [ -76.793319, 40.874296 ], [ -76.794488, 40.868814 ], [ -76.795164, 40.866323 ], [ -76.79765, 40.862387 ], [ -76.797825, 40.862147 ], [ -76.801498, 40.854696 ], [ -76.802889, 40.851058 ], [ -76.804958, 40.845897 ], [ -76.804833, 40.845087 ], [ -76.805502, 40.842074 ] ] ] } },
{ "type": "Feature", "properties": { "GEOID": "4221872", "NAME": "East Stroudsburg borough, Pennsylvania", "population": 9438.0 }, "geometry": { "type": "Polygon", "coordinates": [ [ [ -75.195662, 41.017904 ], [ -75.192344, 41.011389 ], [ -75.193441, 41.00743 ], [ -75.195501, 41.007634 ], [ -75.194318, 41.006029 ], [ -75.192287, 41.005231 ], [ -75.191169, 41.003158 ], [ -75.191841, 41.000973 ], [ -75.191855, 40.999311 ], [ -75.189143, 40.997542 ], [ -75.187617, 40.995847 ], [ -75.187021, 40.992022 ], [ -75.184266, 40.988145 ], [ -75.18353, 40.987055 ], [ -75.181534, 40.98432 ], [ -75.1809, 40.984156 ], [ -75.175625, 40.9857 ], [ -75.173331, 40.986167 ], [ -75.168015, 40.986577 ], [ -75.165108, 40.987273 ], [ -75.163518, 40.98813 ], [ -75.162312, 40.993571 ], [ -75.163771, 40.99548 ], [ -75.166648, 40.999252 ], [ -75.165906, 40.999398 ], [ -75.161748, 41.00015 ], [ -75.162183, 41.00415 ], [ -75.166307, 41.007519 ], [ -75.163329, 41.008556 ], [ -75.164707, 41.01072 ], [ -75.165476, 41.01195 ], [ -75.168141, 41.01125 ], [ -75.169538, 41.01288 ], [ -75.174925, 41.010053 ], [ -75.178622, 41.015137 ], [ -75.17432, 41.017264 ], [ -75.17284, 41.01894 ], [ -75.175777, 41.022094 ], [ -75.178143, 41.024624 ], [ -75.181153, 41.020937 ], [ -75.183039, 41.018749 ], [ -75.184353, 41.015813 ], [ -75.18675, 41.015809 ], [ -75.189795, 41.014397 ], [ -75.193866, 41.01887 ], [ -75.195662, 41.017904 ] ] ] } },
{ "type": "Feature", "properties": { "GEOID": "4278528", "NAME": "Uniontown city, Pennsylvania", "population": 9434.0 }, "geometry": { "type": "MultiPolygon", "coordinates": [ [ [ [ -79.727642, 39.890709 ], [ -79.727506, 39.890701 ], [ -79.727395, 39.891174 ], [ -79.727522, 39.891198 ], [ -79.727642, 39.890709 ] ] ], [ [ [ -79.744243, 39.900652 ], [ -79.73889, 39.90078 ], [ -79.73646, 39.89883 ], [ -79.73876, 39.89745 ], [ -79.740869, 39.900497 ], [ -79.741985, 39.900172 ], [ -79.741346, 39.899192 ], [ -79.737842, 39.895172 ], [ -79.737196, 39.895218 ], [ -79.735092, 39.895984 ], [ -79.733966, 39.895067 ], [ -79.73534, 39.89332 ], [ -79.73816, 39.88855 ], [ -79.736002, 39.888748 ], [ -79.734826, 39.887398 ], [ -79.73546, 39.88399 ], [ -79.7337, 39.88268 ], [ -79.732063, 39.883816 ], [ -79.731964, 39.886682 ], [ -79.730403, 39.88766 ], [ -79.732202, 39.888987 ], [ -79.731626, 39.889926 ], [ -79.728331, 39.889357 ], [ -79.72747, 39.89169 ], [ -79.725848, 39.892191 ], [ -79.726472, 39.889957 ], [ -79.726056, 39.887492 ], [ -79.72133, 39.88724 ], [ -79.72149, 39.89053 ], [ -79.72296, 39.890717 ], [ -79.72328, 39.89372 ], [ -79.721325, 39.894266 ], [ -79.720392, 39.892958 ], [ -79.71819, 39.89261 ], [ -79.716482, 39.894371 ], [ -79.7146, 39.89438 ], [ -79.7141, 39.893567 ], [ -79.712569, 39.892785 ], [ -79.708144, 39.894011 ], [ -79.704775, 39.898336 ], [ -79.703338, 39.898523 ], [ -79.703403, 39.898995 ], [ -79.7037, 39.90086 ], [ -79.70502, 39.90115 ], [ -79.705141, 39.902719 ], [ -79.705614, 39.902717 ], [ -79.708941, 39.903848 ], [ -79.711576, 39.90347 ], [ -79.715374, 39.905925 ], [ -79.714234, 39.907016 ], [ -79.71568, 39.90809 ], [ -79.72012, 39.91131 ], [ -79.721767, 39.910948 ], [ -79.722453, 39.909308 ], [ -79.721553, 39.908734 ], [ -79.724115, 39.908435 ], [ -79.722975, 39.910264 ], [ -79.727644, 39.90609 ], [ -79.72745, 39.90914 ], [ -79.72716, 39.90955 ], [ -79.731269, 39.9113 ], [ -79.730883, 39.911761 ], [ -79.733534, 39.9112 ], [ -79.734938, 39.907902 ], [ -79.736682, 39.908353 ], [ -79.73884, 39.905947 ], [ -79.736024, 39.903895 ], [ -79.73598, 39.90233 ], [ -79.742054, 39.902208 ], [ -79.743107, 39.903768 ], [ -79.745218, 39.903011 ], [ -79.743967, 39.902975 ], [ -79.745494, 39.901244 ], [ -79.744243, 39.900652 ] ] ] ] } },
{ "type": "Feature", "properties": { "GEOID": "4259384", "NAME": "Perkasie borough, Pennsylvania", "population": 9312.0 }, "geometry": { "type": "Polygon", "coordinates": [ [ [ -75.311732, 40.371708 ], [ -75.309709, 40.370117 ], [ -75.303829, 40.365089 ], [ -75.302908, 40.365801 ], [ -75.294565, 40.355643 ], [ -75.296652, 40.35348 ], [ -75.294926, 40.352478 ], [ -75.292787, 40.354621 ], [ -75.28451, 40.359909 ], [ -75.283667, 40.359307 ], [ -75.282089, 40.361679 ], [ -75.281645, 40.362345 ], [ -75.274714, 40.367817 ], [ -75.275327, 40.368202 ], [ -75.28273, 40.372806 ], [ -75.278877, 40.376397 ], [ -75.282964, 40.379113 ], [ -75.282076, 40.379697 ], [ -75.274674, 40.383744 ], [ -75.28253, 40.388603 ], [ -75.30729, 40.377788 ], [ -75.311387, 40.375323 ], [ -75.311732, 40.371708 ] ] ] } },
{ "type": "Feature", "properties": { "GEOID": "4256456", "NAME": "Oil City city, Pennsylvania", "population": 9301.0 }, "geometry": { "type": "Polygon", "coordinates": [ [ [ -79.733269, 41.406875 ], [ -79.731434, 41.40629 ], [ -79.727618, 41.405071 ], [ -79.726175, 41.407681 ], [ -79.725462, 41.407727 ], [ -79.722375, 41.409301 ], [ -79.717603, 41.409054 ], [ -79.716222, 41.41001 ], [ -79.720309, 41.413047 ], [ -79.717501, 41.414223 ], [ -79.71498, 41.418099 ], [ -79.713373, 41.418072 ], [ -79.712146, 41.420365 ], [ -79.710154, 41.420401 ], [ -79.706703, 41.419822 ], [ -79.705552, 41.420353 ], [ -79.705149, 41.420574 ], [ -79.703263, 41.420432 ], [ -79.701712, 41.420319 ], [ -79.69849, 41.423867 ], [ -79.697342, 41.422597 ], [ -79.694851, 41.416521 ], [ -79.693485, 41.415141 ], [ -79.689688, 41.413972 ], [ -79.688136, 41.413978 ], [ -79.685035, 41.414311 ], [ -79.681321, 41.416678 ], [ -79.675677, 41.422635 ], [ -79.674414, 41.424808 ], [ -79.67552, 41.429569 ], [ -79.67318, 41.430494 ], [ -79.67316, 41.434125 ], [ -79.673135, 41.437458 ], [ -79.676244, 41.438026 ], [ -79.675577, 41.439081 ], [ -79.676694, 41.439359 ], [ -79.678295, 41.436737 ], [ -79.683043, 41.436509 ], [ -79.687693, 41.43668 ], [ -79.688928, 41.43868 ], [ -79.685802, 41.440171 ], [ -79.686132, 41.442156 ], [ -79.692894, 41.442221 ], [ -79.697398, 41.442264 ], [ -79.697283, 41.444266 ], [ -79.696204, 41.447117 ], [ -79.700482, 41.446801 ], [ -79.704027, 41.447163 ], [ -79.714264, 41.43907 ], [ -79.727524, 41.438258 ], [ -79.730872, 41.435598 ], [ -79.728647, 41.428654 ], [ -79.728108, 41.428 ], [ -79.725999, 41.424808 ], [ -79.725277, 41.423717 ], [ -79.72787, 41.419258 ], [ -79.729903, 41.413533 ], [ -79.732794, 41.407322 ], [ -79.733269, 41.406875 ] ] ] } },
{ "type": "Feature", "properties": { "GEOID": "4249728", "NAME": "Millersville borough, Pennsylvania", "population": 9280.0 }, "geometry": { "type": "Polygon", "coordinates": [ [ [ -76.367213, 39.998642 ], [ -76.365599, 39.998773 ], [ -76.364257, 39.995335 ], [ -76.364961, 39.995167 ], [ -76.362936, 39.992611 ], [ -76.361789, 39.992967 ], [ -76.358251, 39.987111 ], [ -76.356513, 39.98546 ], [ -76.354109, 39.984896 ], [ -76.352353, 39.98695 ], [ -76.355033, 39.993156 ], [ -76.352462, 39.9937 ], [ -76.345452, 39.995174 ], [ -76.344581, 39.997849 ], [ -76.343119, 39.998536 ], [ -76.342114, 39.99866 ], [ -76.342738, 40.000648 ], [ -76.343885, 40.00038 ], [ -76.345209, 40.003232 ], [ -76.3467, 40.00561 ], [ -76.345828, 40.007848 ], [ -76.342911, 40.008691 ], [ -76.337794, 40.011107 ], [ -76.334782, 40.013025 ], [ -76.336906, 40.015087 ], [ -76.338122, 40.017574 ], [ -76.337973, 40.017533 ], [ -76.339361, 40.018968 ], [ -76.340054, 40.018672 ], [ -76.341274, 40.019429 ], [ -76.342574, 40.018995 ], [ -76.34532, 40.01771 ], [ -76.347679, 40.018523 ], [ -76.352164, 40.022996 ], [ -76.352975, 40.022593 ], [ -76.353629, 40.022216 ], [ -76.352978, 40.018671 ], [ -76.352541, 40.018366 ], [ -76.350465, 40.016487 ], [ -76.352163, 40.014918 ], [ -76.355827, 40.015189 ], [ -76.356572, 40.013432 ], [ -76.364063, 40.008946 ], [ -76.363, 40.006904 ], [ -76.363797, 40.004958 ], [ -76.362352, 40.005586 ], [ -76.361891, 40.004551 ], [ -76.363534, 40.002472 ], [ -76.36217, 39.999343 ], [ -76.36426, 39.998759 ], [ -76.366238, 39.999894 ], [ -76.367213, 39.998642 ] ], [ [ -76.349895, 40.012995 ], [ -76.349591, 40.012804 ], [ -76.34837, 40.01288 ], [ -76.348907, 40.012381 ], [ -76.349404, 40.012687 ], [ -76.349992, 40.012114 ], [ -76.349895, 40.012995 ] ] ] } },
{ "type": "Feature", "properties": { "GEOID": "4215848", "NAME": "Conshohocken borough, Pennsylvania", "population": 9266.0 }, "geometry": { "type": "Polygon", "coordinates": [ [ [ -75.315655, 40.074623 ], [ -75.309584, 40.070442 ], [ -75.306264, 40.069016 ], [ -75.305614, 40.068965 ], [ -75.301036, 40.069041 ], [ -75.298624, 40.069502 ], [ -75.295443, 40.072831 ], [ -75.292921, 40.075473 ], [ -75.289979, 40.078574 ], [ -75.294865, 40.081513 ], [ -75.293815, 40.082553 ], [ -75.295279, 40.083391 ], [ -75.295318, 40.083082 ], [ -75.295752, 40.082638 ], [ -75.2951, 40.082255 ], [ -75.295506, 40.081816 ], [ -75.297373, 40.082903 ], [ -75.305068, 40.087467 ], [ -75.310826, 40.081774 ], [ -75.311181, 40.081069 ], [ -75.314613, 40.077645 ], [ -75.316395, 40.075868 ], [ -75.315655, 40.074623 ] ] ] } },
{ "type": "Feature", "properties": { "GEOID": "4263048", "NAME": "Quakertown borough, Pennsylvania", "population": 9235.0 }, "geometry": { "type": "Polygon", "coordinates": [ [ [ -75.369262, 40.437285 ], [ -75.366413, 40.437561 ], [ -75.366178, 40.436252 ], [ -75.362962, 40.436912 ], [ -75.358143, 40.43731 ], [ -75.35727, 40.434828 ], [ -75.354264, 40.435051 ], [ -75.354781, 40.434051 ], [ -75.353327, 40.433574 ], [ -75.353656, 40.431228 ], [ -75.351094, 40.430499 ], [ -75.351376, 40.429034 ], [ -75.350807, 40.42617 ], [ -75.348899, 40.427128 ], [ -75.348676, 40.426682 ], [ -75.345707, 40.42721 ], [ -75.343221, 40.429228 ], [ -75.344335, 40.430367 ], [ -75.340985, 40.43153 ], [ -75.340665, 40.433356 ], [ -75.336565, 40.434076 ], [ -75.336455, 40.435503 ], [ -75.33085, 40.436518 ], [ -75.321078, 40.43737 ], [ -75.319169, 40.436463 ], [ -75.319025, 40.438519 ], [ -75.320478, 40.438963 ], [ -75.323692, 40.438816 ], [ -75.325444, 40.439967 ], [ -75.326119, 40.440195 ], [ -75.32811, 40.44368 ], [ -75.32838, 40.443653 ], [ -75.327933, 40.445544 ], [ -75.328718, 40.446908 ], [ -75.329074, 40.449891 ], [ -75.33247, 40.449663 ], [ -75.333576, 40.451618 ], [ -75.334827, 40.450148 ], [ -75.334153, 40.448567 ], [ -75.33539, 40.447445 ], [ -75.339423, 40.446942 ], [ -75.341986, 40.446622 ], [ -75.342428, 40.448872 ], [ -75.346188, 40.448456 ], [ -75.34542, 40.446233 ], [ -75.352582, 40.445374 ], [ -75.352711, 40.4462 ], [ -75.355751, 40.445959 ], [ -75.355936, 40.447228 ], [ -75.359031, 40.447294 ], [ -75.359398, 40.449515 ], [ -75.361916, 40.449379 ], [ -75.359599, 40.445519 ], [ -75.360128, 40.443236 ], [ -75.361176, 40.444003 ], [ -75.36701, 40.4436 ], [ -75.369891, 40.441127 ], [ -75.369262, 40.437285 ] ], [ [ -75.360946, 40.441295 ], [ -75.359071, 40.441227 ], [ -75.359083, 40.44078 ], [ -75.359087, 40.44071 ], [ -75.360906, 40.440771 ], [ -75.360946, 40.441295 ] ] ] } },
{ "type": "Feature", "properties": { "GEOID": "4222264", "NAME": "Economy borough, Pennsylvania", "population": 9098.0 }, "geometry": { "type": "Polygon", "coordinates": [ [ [ -80.242882, 40.654666 ], [ -80.239807, 40.649964 ], [ -80.22267, 40.656751 ], [ -80.221913, 40.655675 ], [ -80.226666, 40.65359 ], [ -80.224896, 40.650971 ], [ -80.220217, 40.652678 ], [ -80.217701, 40.65361 ], [ -80.208756, 40.641534 ], [ -80.207639, 40.640025 ], [ -80.20755, 40.637968 ], [ -80.207088, 40.627456 ], [ -80.207271, 40.605264 ], [ -80.207341, 40.604682 ], [ -80.206786, 40.588153 ], [ -80.204163, 40.588568 ], [ -80.202121, 40.590936 ], [ -80.198464, 40.592655 ], [ -80.195345, 40.59585 ], [ -80.194986, 40.59672 ], [ -80.193281, 40.596933 ], [ -80.190228, 40.596182 ], [ -80.186519, 40.596126 ], [ -80.18454, 40.596834 ], [ -80.185188, 40.598118 ], [ -80.188002, 40.599181 ], [ -80.18848, 40.600046 ], [ -80.184044, 40.601132 ], [ -80.184753, 40.603585 ], [ -80.183821, 40.604753 ], [ -80.18186, 40.605831 ], [ -80.180534, 40.60759 ], [ -80.180755, 40.609107 ], [ -80.177874, 40.609482 ], [ -80.176025, 40.608113 ], [ -80.173721, 40.607705 ], [ -80.172018, 40.608152 ], [ -80.169972, 40.607723 ], [ -80.169376, 40.606618 ], [ -80.166812, 40.606677 ], [ -80.165784, 40.60603 ], [ -80.160825, 40.609491 ], [ -80.158691, 40.609232 ], [ -80.155013, 40.608013 ], [ -80.152062, 40.609399 ], [ -80.150872, 40.611615 ], [ -80.14511, 40.613447 ], [ -80.145144, 40.614028 ], [ -80.145188, 40.614749 ], [ -80.146708, 40.642093 ], [ -80.147786, 40.661158 ], [ -80.148379, 40.670284 ], [ -80.148497, 40.673769 ], [ -80.148677, 40.673848 ], [ -80.180371, 40.6737 ], [ -80.186991, 40.673663 ], [ -80.187055, 40.675436 ], [ -80.209869, 40.675191 ], [ -80.216686, 40.675124 ], [ -80.233112, 40.674954 ], [ -80.224958, 40.663977 ], [ -80.237731, 40.658645 ], [ -80.237398, 40.657728 ], [ -80.243563, 40.655362 ], [ -80.242882, 40.654666 ] ] ] } },
{ "type": "Feature", "properties": { "GEOID": "4281000", "NAME": "Warren city, Pennsylvania", "population": 9046.0 }, "geometry": { "type": "Polygon", "coordinates": [ [ [ -79.175937, 41.836153 ], [ -79.169546, 41.83136 ], [ -79.16532, 41.830569 ], [ -79.162849, 41.832353 ], [ -79.163024, 41.837856 ], [ -79.162068, 41.838016 ], [ -79.156966, 41.838189 ], [ -79.153179, 41.83748 ], [ -79.153226, 41.838924 ], [ -79.14969, 41.838889 ], [ -79.148895, 41.838911 ], [ -79.145716, 41.839348 ], [ -79.144072, 41.839264 ], [ -79.134901, 41.833599 ], [ -79.131225, 41.831804 ], [ -79.125709, 41.827846 ], [ -79.123757, 41.826999 ], [ -79.122547, 41.826263 ], [ -79.118784, 41.825138 ], [ -79.115799, 41.825054 ], [ -79.112073, 41.825603 ], [ -79.11177, 41.8264 ], [ -79.117179, 41.82618 ], [ -79.119959, 41.828949 ], [ -79.11861, 41.83211 ], [ -79.11655, 41.832289 ], [ -79.11737, 41.836219 ], [ -79.118043, 41.836332 ], [ -79.121759, 41.83695 ], [ -79.12612, 41.840974 ], [ -79.127746, 41.842435 ], [ -79.12731, 41.842777 ], [ -79.128222, 41.843083 ], [ -79.130729, 41.844109 ], [ -79.130665, 41.848261 ], [ -79.132369, 41.84818 ], [ -79.132989, 41.8521 ], [ -79.13439, 41.854746 ], [ -79.132969, 41.856537 ], [ -79.13496, 41.855287 ], [ -79.135728, 41.855825 ], [ -79.137384, 41.854607 ], [ -79.13937, 41.857827 ], [ -79.14233, 41.86172 ], [ -79.139042, 41.862097 ], [ -79.139033, 41.863276 ], [ -79.1354, 41.863749 ], [ -79.1362, 41.864884 ], [ -79.150772, 41.863421 ], [ -79.150717, 41.863189 ], [ -79.150379, 41.860511 ], [ -79.147062, 41.856599 ], [ -79.147516, 41.856349 ], [ -79.148329, 41.855979 ], [ -79.146979, 41.854309 ], [ -79.148811, 41.851024 ], [ -79.15194, 41.84925 ], [ -79.15647, 41.84837 ], [ -79.157009, 41.853249 ], [ -79.163159, 41.852589 ], [ -79.161399, 41.848769 ], [ -79.163198, 41.848054 ], [ -79.163349, 41.84658 ], [ -79.166227, 41.844963 ], [ -79.1662, 41.84353 ], [ -79.1682, 41.84192 ], [ -79.169, 41.84269 ], [ -79.17176, 41.8397 ], [ -79.17385, 41.839159 ], [ -79.173004, 41.837832 ], [ -79.176173, 41.837475 ], [ -79.175937, 41.836153 ] ] ] } },
{ "type": "Feature", "properties": { "GEOID": "4200820", "NAME": "Aliquippa city, Pennsylvania", "population": 9002.0 }, "geometry": { "type": "Polygon", "coordinates": [ [ [ -80.289067, 40.603793 ], [ -80.286416, 40.606618 ], [ -80.285842, 40.606879 ], [ -80.284794, 40.60519 ], [ -80.282336, 40.605948 ], [ -80.277436, 40.60216 ], [ -80.27481, 40.600911 ], [ -80.270846, 40.60351 ], [ -80.264562, 40.604115 ], [ -80.262267, 40.604348 ], [ -80.262085, 40.603072 ], [ -80.257289, 40.60307 ], [ -80.254933, 40.597796 ], [ -80.253244, 40.597809 ], [ -80.251709, 40.603176 ], [ -80.252441, 40.605848 ], [ -80.247039, 40.606574 ], [ -80.246549, 40.606989 ], [ -80.244273, 40.608901 ], [ -80.244284, 40.60986 ], [ -80.242459, 40.609928 ], [ -80.242358, 40.603887 ], [ -80.241319, 40.594823 ], [ -80.239975, 40.591643 ], [ -80.237829, 40.584841 ], [ -80.234963, 40.585231 ], [ -80.235182, 40.585867 ], [ -80.236044, 40.59236 ], [ -80.236599, 40.598861 ], [ -80.235682, 40.603867 ], [ -80.234682, 40.615466 ], [ -80.232983, 40.626249 ], [ -80.233082, 40.631766 ], [ -80.23335, 40.63227 ], [ -80.23563, 40.632843 ], [ -80.24046, 40.637825 ], [ -80.242681, 40.64307 ], [ -80.242985, 40.645766 ], [ -80.244431, 40.646343 ], [ -80.247007, 40.650714 ], [ -80.24867, 40.65007 ], [ -80.250425, 40.649399 ], [ -80.24717, 40.644567 ], [ -80.246905, 40.633944 ], [ -80.245688, 40.631992 ], [ -80.247057, 40.631221 ], [ -80.246963, 40.630041 ], [ -80.249085, 40.629991 ], [ -80.252083, 40.631265 ], [ -80.252913, 40.6307 ], [ -80.252142, 40.625878 ], [ -80.253297, 40.62431 ], [ -80.25373, 40.623854 ], [ -80.256295, 40.622969 ], [ -80.262606, 40.621592 ], [ -80.262874, 40.620105 ], [ -80.271582, 40.617394 ], [ -80.276662, 40.61796 ], [ -80.278272, 40.618115 ], [ -80.281657, 40.616396 ], [ -80.282576, 40.618117 ], [ -80.285037, 40.617239 ], [ -80.285628, 40.617026 ], [ -80.28777, 40.6202 ], [ -80.289894, 40.617364 ], [ -80.28655, 40.615056 ], [ -80.285529, 40.613017 ], [ -80.287878, 40.610142 ], [ -80.292488, 40.608152 ], [ -80.289067, 40.603793 ] ] ] } },
{ "type": "Feature", "properties": { "GEOID": "4215232", "NAME": "Collingdale borough, Pennsylvania", "population": 8898.0 }, "geometry": { "type": "Polygon", "coordinates": [ [ [ -75.291567, 39.913807 ], [ -75.286065, 39.91384 ], [ -75.287346, 39.912819 ], [ -75.285174, 39.909957 ], [ -75.28719, 39.909049 ], [ -75.286565, 39.907621 ], [ -75.286502, 39.907575 ], [ -75.285069, 39.905804 ], [ -75.281355, 39.907475 ], [ -75.276117, 39.909846 ], [ -75.26902, 39.912755 ], [ -75.265343, 39.914152 ], [ -75.264884, 39.914798 ], [ -75.264245, 39.917323 ], [ -75.263134, 39.918178 ], [ -75.263145, 39.918189 ], [ -75.264678, 39.918361 ], [ -75.267591, 39.918532 ], [ -75.275311, 39.923225 ], [ -75.282255, 39.920015 ], [ -75.284412, 39.919014 ], [ -75.286037, 39.918374 ], [ -75.28905, 39.916992 ], [ -75.288015, 39.915482 ], [ -75.291567, 39.913807 ] ] ] } },
{ "type": "Feature", "properties": { "GEOID": "4204792", "NAME": "Beaver Falls city, Pennsylvania", "population": 8832.0 }, "geometry": { "type": "Polygon", "coordinates": [ [ [ -80.335212, 40.7883 ], [ -80.331853, 40.783752 ], [ -80.331266, 40.782569 ], [ -80.330609, 40.779927 ], [ -80.330602, 40.778003 ], [ -80.330763, 40.77364 ], [ -80.330632, 40.772761 ], [ -80.330013, 40.771317 ], [ -80.325573, 40.766046 ], [ -80.324168, 40.764215 ], [ -80.323433, 40.762136 ], [ -80.328392, 40.762069 ], [ -80.332111, 40.761753 ], [ -80.331895, 40.751266 ], [ -80.331842, 40.749056 ], [ -80.329914, 40.747422 ], [ -80.32408, 40.742396 ], [ -80.319954, 40.73884 ], [ -80.319341, 40.739071 ], [ -80.318672, 40.740374 ], [ -80.315522, 40.744775 ], [ -80.312964, 40.74789 ], [ -80.309539, 40.750968 ], [ -80.308582, 40.753152 ], [ -80.308936, 40.756129 ], [ -80.309832, 40.757672 ], [ -80.312785, 40.760765 ], [ -80.31332, 40.761203 ], [ -80.316183, 40.763967 ], [ -80.316613, 40.766361 ], [ -80.316581, 40.766968 ], [ -80.317596, 40.77213 ], [ -80.319113, 40.779081 ], [ -80.323983, 40.782567 ], [ -80.326184, 40.784866 ], [ -80.329263, 40.790335 ], [ -80.332732, 40.789677 ], [ -80.333587, 40.789357 ], [ -80.335212, 40.7883 ] ] ] } },
{ "type": "Feature", "properties": { "GEOID": "4211232", "NAME": "Carbondale city, Pennsylvania", "population": 8731.0 }, "geometry": { "type": "Polygon", "coordinates": [ [ [ -75.522477, 41.558105 ], [ -75.514284, 41.558566 ], [ -75.500004, 41.55961 ], [ -75.492206, 41.559232 ], [ -75.489078, 41.565475 ], [ -75.484522, 41.573164 ], [ -75.487434, 41.574492 ], [ -75.48864, 41.575038 ], [ -75.481442, 41.586382 ], [ -75.481666, 41.586356 ], [ -75.491173, 41.585507 ], [ -75.49505, 41.585229 ], [ -75.502836, 41.584784 ], [ -75.513254, 41.584256 ], [ -75.513735, 41.584229 ], [ -75.530744, 41.557692 ], [ -75.522477, 41.558105 ] ] ] } },
{ "type": "Feature", "properties": { "GEOID": "4256576", "NAME": "Old Forge borough, Pennsylvania", "population": 8640.0 }, "geometry": { "type": "Polygon", "coordinates": [ [ [ -75.760837, 41.360838 ], [ -75.754001, 41.356424 ], [ -75.753517, 41.356108 ], [ -75.742224, 41.348812 ], [ -75.741916, 41.348311 ], [ -75.741419, 41.355155 ], [ -75.742524, 41.356619 ], [ -75.742087, 41.356717 ], [ -75.740856, 41.356221 ], [ -75.736965, 41.357288 ], [ -75.735917, 41.358042 ], [ -75.734633, 41.359169 ], [ -75.7298, 41.358756 ], [ -75.728115, 41.356935 ], [ -75.72688, 41.355918 ], [ -75.726043, 41.355685 ], [ -75.72532, 41.356082 ], [ -75.723837, 41.359561 ], [ -75.724426, 41.36348 ], [ -75.722022, 41.367499 ], [ -75.721982, 41.370116 ], [ -75.722325, 41.371638 ], [ -75.725244, 41.37543 ], [ -75.728532, 41.379733 ], [ -75.729501, 41.380965 ], [ -75.73379, 41.384152 ], [ -75.733416, 41.385369 ], [ -75.743459, 41.392797 ], [ -75.749429, 41.386121 ], [ -75.755155, 41.379723 ], [ -75.756258, 41.361431 ], [ -75.761064, 41.360985 ], [ -75.760837, 41.360838 ] ] ] } },
{ "type": "Feature", "properties": { "GEOID": "4233088", "NAME": "Hatboro borough, Pennsylvania", "population": 8593.0 }, "geometry": { "type": "Polygon", "coordinates": [ [ [ -75.122399, 40.170961 ], [ -75.11928, 40.16915 ], [ -75.110335, 40.166913 ], [ -75.107794, 40.164387 ], [ -75.106427, 40.164822 ], [ -75.104705, 40.166294 ], [ -75.098126, 40.173779 ], [ -75.09851, 40.174132 ], [ -75.096174, 40.176477 ], [ -75.090209, 40.182489 ], [ -75.094556, 40.185051 ], [ -75.096836, 40.186395 ], [ -75.102081, 40.189472 ], [ -75.103081, 40.190063 ], [ -75.104874, 40.191109 ], [ -75.110801, 40.185293 ], [ -75.111037, 40.183129 ], [ -75.112534, 40.180832 ], [ -75.112637, 40.177251 ], [ -75.114516, 40.176177 ], [ -75.116064, 40.17323 ], [ -75.11745, 40.173686 ], [ -75.123001, 40.171328 ], [ -75.122399, 40.170961 ] ] ] } },
{ "type": "Feature", "properties": { "GEOID": "4244128", "NAME": "Lock Haven city, Pennsylvania", "population": 8500.0 }, "geometry": { "type": "Polygon", "coordinates": [ [ [ -77.474207, 41.141798 ], [ -77.47242, 41.139261 ], [ -77.469124, 41.134583 ], [ -77.47317, 41.134677 ], [ -77.470726, 41.130818 ], [ -77.470095, 41.130634 ], [ -77.466574, 41.131499 ], [ -77.465378, 41.129797 ], [ -77.462056, 41.125056 ], [ -77.461036, 41.12371 ], [ -77.457843, 41.125634 ], [ -77.454607, 41.126398 ], [ -77.448881, 41.124848 ], [ -77.444956, 41.126726 ], [ -77.444131, 41.12934 ], [ -77.439103, 41.128714 ], [ -77.438556, 41.131364 ], [ -77.437331, 41.131235 ], [ -77.432313, 41.130795 ], [ -77.425764, 41.130979 ], [ -77.425636, 41.131905 ], [ -77.419765, 41.132097 ], [ -77.420269, 41.134203 ], [ -77.413616, 41.134842 ], [ -77.413821, 41.136032 ], [ -77.416473, 41.138278 ], [ -77.424768, 41.137507 ], [ -77.426557, 41.136587 ], [ -77.426471, 41.138928 ], [ -77.434336, 41.138545 ], [ -77.437258, 41.138779 ], [ -77.442045, 41.139483 ], [ -77.445366, 41.140359 ], [ -77.449904, 41.141722 ], [ -77.45231, 41.141674 ], [ -77.453682, 41.141515 ], [ -77.456937, 41.142084 ], [ -77.459014, 41.143142 ], [ -77.460613, 41.145483 ], [ -77.468543, 41.153875 ], [ -77.471778, 41.152992 ], [ -77.470284, 41.150799 ], [ -77.47525, 41.150672 ], [ -77.474207, 41.141798 ] ] ] } },
{ "type": "Feature", "properties": { "GEOID": "4237784", "NAME": "Jeannette city, Pennsylvania", "population": 8489.0 }, "geometry": { "type": "Polygon", "coordinates": [ [ [ -79.636352, 40.328664 ], [ -79.632656, 40.329991 ], [ -79.630259, 40.328625 ], [ -79.630577, 40.326594 ], [ -79.628805, 40.325431 ], [ -79.62903, 40.32502 ], [ -79.62986, 40.3241 ], [ -79.62746, 40.3227 ], [ -79.625109, 40.321035 ], [ -79.62081, 40.3193 ], [ -79.623872, 40.315994 ], [ -79.618586, 40.315738 ], [ -79.619255, 40.312912 ], [ -79.614321, 40.3125 ], [ -79.61288, 40.310364 ], [ -79.611345, 40.310405 ], [ -79.604986, 40.311382 ], [ -79.601922, 40.313204 ], [ -79.602625, 40.31596 ], [ -79.607498, 40.317459 ], [ -79.604537, 40.318418 ], [ -79.603607, 40.319652 ], [ -79.608529, 40.321964 ], [ -79.609953, 40.32382 ], [ -79.609744, 40.324035 ], [ -79.611399, 40.325386 ], [ -79.60722, 40.32811 ], [ -79.603206, 40.328233 ], [ -79.60102, 40.327413 ], [ -79.599275, 40.328267 ], [ -79.59946, 40.3286 ], [ -79.5997, 40.33323 ], [ -79.59835, 40.33561 ], [ -79.595849, 40.334468 ], [ -79.595494, 40.335202 ], [ -79.597821, 40.336286 ], [ -79.5971, 40.33718 ], [ -79.599335, 40.341865 ], [ -79.60207, 40.34172 ], [ -79.602061, 40.342814 ], [ -79.606052, 40.342597 ], [ -79.60544, 40.34157 ], [ -79.60818, 40.340605 ], [ -79.609822, 40.340071 ], [ -79.610095, 40.3421 ], [ -79.613302, 40.341781 ], [ -79.612892, 40.339348 ], [ -79.616328, 40.339497 ], [ -79.617866, 40.337283 ], [ -79.62021, 40.33708 ], [ -79.62162, 40.33735 ], [ -79.624948, 40.335922 ], [ -79.629532, 40.336297 ], [ -79.629537, 40.335062 ], [ -79.625868, 40.334369 ], [ -79.626607, 40.332872 ], [ -79.629562, 40.33349 ], [ -79.62957, 40.331466 ], [ -79.63551, 40.330518 ], [ -79.636179, 40.330281 ], [ -79.636352, 40.328664 ] ] ] } },
{ "type": "Feature", "properties": { "GEOID": "4243000", "NAME": "Lewistown borough, Pennsylvania", "population": 8385.0 }, "geometry": { "type": "Polygon", "coordinates": [ [ [ -77.602803, 40.587803 ], [ -77.598656, 40.586199 ], [ -77.597752, 40.587621 ], [ -77.592067, 40.590862 ], [ -77.581816, 40.594966 ], [ -77.578278, 40.594669 ], [ -77.574745, 40.594272 ], [ -77.573371, 40.591639 ], [ -77.573631, 40.588312 ], [ -77.571852, 40.58667 ], [ -77.566092, 40.584718 ], [ -77.559759, 40.583692 ], [ -77.557909, 40.584086 ], [ -77.556163, 40.584756 ], [ -77.552214, 40.587699 ], [ -77.551771, 40.589702 ], [ -77.560655, 40.592681 ], [ -77.559035, 40.594533 ], [ -77.563062, 40.597179 ], [ -77.561957, 40.601557 ], [ -77.562994, 40.602498 ], [ -77.5639, 40.604636 ], [ -77.56499, 40.605426 ], [ -77.559866, 40.607861 ], [ -77.558949, 40.61008 ], [ -77.55945, 40.610459 ], [ -77.562741, 40.612372 ], [ -77.567882, 40.612946 ], [ -77.568352, 40.613219 ], [ -77.569209, 40.613259 ], [ -77.569788, 40.613075 ], [ -77.569593, 40.611728 ], [ -77.570515, 40.60959 ], [ -77.577982, 40.604299 ], [ -77.57682, 40.602771 ], [ -77.578742, 40.601572 ], [ -77.580966, 40.600204 ], [ -77.578835, 40.599439 ], [ -77.580844, 40.599426 ], [ -77.581622, 40.599585 ], [ -77.58404, 40.598729 ], [ -77.588241, 40.598796 ], [ -77.596389, 40.597163 ], [ -77.597411, 40.595744 ], [ -77.595837, 40.593596 ], [ -77.604087, 40.589873 ], [ -77.602803, 40.587803 ] ] ] } },
{ "type": "Feature", "properties": { "GEOID": "4219752", "NAME": "Downingtown borough, Pennsylvania", "population": 8384.0 }, "geometry": { "type": "Polygon", "coordinates": [ [ [ -75.727044, 39.998768 ], [ -75.723981, 39.998807 ], [ -75.723702, 39.996787 ], [ -75.715524, 39.996969 ], [ -75.715345, 39.995422 ], [ -75.7112, 39.996553 ], [ -75.708953, 39.997259 ], [ -75.708875, 39.99732 ], [ -75.704439, 40.000787 ], [ -75.700165, 40.001135 ], [ -75.700354, 40.002602 ], [ -75.69406, 40.003054 ], [ -75.693907, 40.001628 ], [ -75.690906, 40.002075 ], [ -75.6827, 40.004245 ], [ -75.675758, 40.005376 ], [ -75.6761, 40.007283 ], [ -75.680605, 40.006892 ], [ -75.682201, 40.011383 ], [ -75.683903, 40.015637 ], [ -75.68422, 40.01644 ], [ -75.690019, 40.013955 ], [ -75.691097, 40.014442 ], [ -75.692126, 40.019148 ], [ -75.694345, 40.018973 ], [ -75.695356, 40.019624 ], [ -75.694801, 40.021323 ], [ -75.705542, 40.020341 ], [ -75.704521, 40.017233 ], [ -75.701235, 40.017803 ], [ -75.700057, 40.013812 ], [ -75.705834, 40.013371 ], [ -75.705994, 40.013359 ], [ -75.718468, 40.012408 ], [ -75.719432, 40.01046 ], [ -75.717205, 40.009607 ], [ -75.716557, 40.004319 ], [ -75.719225, 40.003561 ], [ -75.724555, 40.003101 ], [ -75.724453, 40.002308 ], [ -75.7269, 40.000994 ], [ -75.727044, 39.998768 ] ] ] } },
{ "type": "Feature", "properties": { "GEOID": "4228960", "NAME": "Gettysburg borough, Pennsylvania", "population": 8365.0 }, "geometry": { "type": "Polygon", "coordinates": [ [ [ -77.246064, 39.835218 ], [ -77.244837, 39.833824 ], [ -77.246036, 39.833116 ], [ -77.24579, 39.829082 ], [ -77.244069, 39.829615 ], [ -77.245762, 39.82654 ], [ -77.24479, 39.823619 ], [ -77.24177, 39.821743 ], [ -77.239697, 39.821399 ], [ -77.241772, 39.81834 ], [ -77.23699, 39.815928 ], [ -77.232833, 39.820156 ], [ -77.229527, 39.819467 ], [ -77.228944, 39.820574 ], [ -77.227999, 39.821508 ], [ -77.228857, 39.823708 ], [ -77.226972, 39.825816 ], [ -77.217771, 39.829303 ], [ -77.217717, 39.830647 ], [ -77.219097, 39.831998 ], [ -77.219845, 39.835123 ], [ -77.219952, 39.835656 ], [ -77.221501, 39.836949 ], [ -77.229588, 39.838938 ], [ -77.231135, 39.839638 ], [ -77.231158, 39.843147 ], [ -77.237002, 39.840006 ], [ -77.240907, 39.843713 ], [ -77.240208, 39.841218 ], [ -77.242397, 39.839535 ], [ -77.245057, 39.835874 ], [ -77.246064, 39.835218 ] ] ] } },
{ "type": "Feature", "properties": { "GEOID": "4209080", "NAME": "Brookhaven borough, Pennsylvania", "population": 8362.0 }, "geometry": { "type": "Polygon", "coordinates": [ [ [ -75.408715, 39.869296 ], [ -75.407006, 39.866066 ], [ -75.398447, 39.865752 ], [ -75.397314, 39.864454 ], [ -75.396147, 39.86348 ], [ -75.394958, 39.863516 ], [ -75.394456, 39.863153 ], [ -75.392606, 39.859965 ], [ -75.389165, 39.858342 ], [ -75.388854, 39.859327 ], [ -75.383681, 39.85852 ], [ -75.38368, 39.862331 ], [ -75.382019, 39.862149 ], [ -75.379645, 39.86189 ], [ -75.379141, 39.864791 ], [ -75.382167, 39.865882 ], [ -75.382225, 39.867195 ], [ -75.381238, 39.868851 ], [ -75.380524, 39.868554 ], [ -75.379398, 39.870138 ], [ -75.381353, 39.870907 ], [ -75.376738, 39.873906 ], [ -75.378389, 39.874882 ], [ -75.38215, 39.873957 ], [ -75.38503, 39.875992 ], [ -75.384267, 39.877808 ], [ -75.383817, 39.881098 ], [ -75.385458, 39.884476 ], [ -75.38671, 39.885953 ], [ -75.386351, 39.887107 ], [ -75.386079, 39.888085 ], [ -75.387155, 39.88755 ], [ -75.391254, 39.884009 ], [ -75.398337, 39.880047 ], [ -75.398119, 39.878882 ], [ -75.403084, 39.875352 ], [ -75.405596, 39.872045 ], [ -75.408545, 39.870554 ], [ -75.408715, 39.869296 ] ] ] } },
{ "type": "Feature", "properties": { "GEOID": "4219784", "NAME": "Doylestown borough, Pennsylvania", "population": 8330.0 }, "geometry": { "type": "Polygon", "coordinates": [ [ [ -75.148583, 40.309516 ], [ -75.142269, 40.305614 ], [ -75.142913, 40.305145 ], [ -75.136169, 40.301518 ], [ -75.134607, 40.302142 ], [ -75.131823, 40.304702 ], [ -75.130406, 40.303773 ], [ -75.129955, 40.301661 ], [ -75.128468, 40.301789 ], [ -75.127969, 40.298042 ], [ -75.123685, 40.298555 ], [ -75.122534, 40.299599 ], [ -75.122462, 40.301771 ], [ -75.1213, 40.303522 ], [ -75.122876, 40.305691 ], [ -75.121489, 40.307518 ], [ -75.123587, 40.308642 ], [ -75.12164, 40.31052 ], [ -75.118673, 40.308914 ], [ -75.115069, 40.312275 ], [ -75.110154, 40.312762 ], [ -75.110319, 40.313569 ], [ -75.109266, 40.313736 ], [ -75.109105, 40.312913 ], [ -75.105904, 40.313735 ], [ -75.105509, 40.313882 ], [ -75.115893, 40.320065 ], [ -75.114996, 40.32096 ], [ -75.113414, 40.319807 ], [ -75.108916, 40.324306 ], [ -75.113492, 40.327514 ], [ -75.115009, 40.325998 ], [ -75.116845, 40.327146 ], [ -75.119044, 40.325022 ], [ -75.117149, 40.323858 ], [ -75.119058, 40.321969 ], [ -75.118776, 40.321804 ], [ -75.12334, 40.319141 ], [ -75.124505, 40.318092 ], [ -75.125941, 40.319033 ], [ -75.128618, 40.320727 ], [ -75.124079, 40.325012 ], [ -75.128766, 40.327776 ], [ -75.130718, 40.324228 ], [ -75.130699, 40.322022 ], [ -75.138449, 40.32682 ], [ -75.143622, 40.322141 ], [ -75.141377, 40.320296 ], [ -75.135921, 40.316679 ], [ -75.136704, 40.315858 ], [ -75.135461, 40.315022 ], [ -75.136492, 40.314075 ], [ -75.140032, 40.31634 ], [ -75.143069, 40.317828 ], [ -75.143554, 40.316551 ], [ -75.137577, 40.313102 ], [ -75.140678, 40.310244 ], [ -75.143823, 40.312187 ], [ -75.14449, 40.31153 ], [ -75.145023, 40.311852 ], [ -75.148583, 40.309516 ] ] ] } },
{ "type": "Feature", "properties": { "GEOID": "4251656", "NAME": "Mount Joy borough, Pennsylvania", "population": 8319.0 }, "geometry": { "type": "Polygon", "coordinates": [ [ [ -76.532713, 40.106655 ], [ -76.525686, 40.107257 ], [ -76.524037, 40.103651 ], [ -76.524362, 40.100602 ], [ -76.52318, 40.099158 ], [ -76.521622, 40.099269 ], [ -76.52249, 40.101938 ], [ -76.517486, 40.101413 ], [ -76.516154, 40.105148 ], [ -76.511423, 40.104233 ], [ -76.512274, 40.102923 ], [ -76.505721, 40.102345 ], [ -76.501784, 40.104059 ], [ -76.492936, 40.104531 ], [ -76.491071, 40.105563 ], [ -76.49025, 40.107487 ], [ -76.490122, 40.108072 ], [ -76.486443, 40.107973 ], [ -76.458689, 40.107994 ], [ -76.461461, 40.111015 ], [ -76.470269, 40.110521 ], [ -76.468295, 40.111187 ], [ -76.468605, 40.112793 ], [ -76.475597, 40.113777 ], [ -76.477643, 40.113066 ], [ -76.477814, 40.109974 ], [ -76.484041, 40.109398 ], [ -76.483905, 40.112077 ], [ -76.485497, 40.112837 ], [ -76.488841, 40.112465 ], [ -76.490126, 40.114319 ], [ -76.492817, 40.116474 ], [ -76.495592, 40.114199 ], [ -76.498255, 40.115339 ], [ -76.499816, 40.115843 ], [ -76.501927, 40.114584 ], [ -76.509161, 40.114583 ], [ -76.5096, 40.115205 ], [ -76.51553, 40.115016 ], [ -76.515404, 40.11856 ], [ -76.514663, 40.120301 ], [ -76.518774, 40.122058 ], [ -76.521246, 40.119366 ], [ -76.526032, 40.121245 ], [ -76.527481, 40.118647 ], [ -76.529991, 40.119589 ], [ -76.532061, 40.116805 ], [ -76.532106, 40.115625 ], [ -76.532319, 40.108388 ], [ -76.532713, 40.106655 ] ] ] } },
{ "type": "Feature", "properties": { "GEOID": "4261328", "NAME": "Pleasant Hills borough, Pennsylvania", "population": 8212.0 }, "geometry": { "type": "Polygon", "coordinates": [ [ [ -79.985071, 40.328396 ], [ -79.982611, 40.329388 ], [ -79.97916, 40.327471 ], [ -79.976259, 40.327549 ], [ -79.97521, 40.324698 ], [ -79.963967, 40.320624 ], [ -79.961959, 40.319884 ], [ -79.95964, 40.317689 ], [ -79.956973, 40.320138 ], [ -79.956919, 40.321181 ], [ -79.95298, 40.320427 ], [ -79.942554, 40.31645 ], [ -79.940482, 40.317215 ], [ -79.93688, 40.31854 ], [ -79.940415, 40.323374 ], [ -79.937307, 40.329938 ], [ -79.947937, 40.336273 ], [ -79.950691, 40.337446 ], [ -79.955938, 40.34043 ], [ -79.964, 40.344991 ], [ -79.966266, 40.342015 ], [ -79.966889, 40.3418 ], [ -79.968278, 40.341808 ], [ -79.969086, 40.340383 ], [ -79.972039, 40.338767 ], [ -79.974742, 40.337308 ], [ -79.97808, 40.337205 ], [ -79.976951, 40.336331 ], [ -79.979856, 40.336446 ], [ -79.985254, 40.333412 ], [ -79.984709, 40.332878 ], [ -79.985425, 40.329527 ], [ -79.985071, 40.328396 ] ] ] } },
{ "type": "Feature", "properties": { "GEOID": "4211000", "NAME": "Camp Hill borough, Pennsylvania", "population": 8199.0 }, "geometry": { "type": "Polygon", "coordinates": [ [ [ -76.942306, 40.23054 ], [ -76.937628, 40.232252 ], [ -76.933018, 40.232846 ], [ -76.932844, 40.232371 ], [ -76.932233, 40.229781 ], [ -76.91735, 40.233041 ], [ -76.911332, 40.235966 ], [ -76.907115, 40.238329 ], [ -76.907273, 40.238423 ], [ -76.910345, 40.240988 ], [ -76.916289, 40.246056 ], [ -76.91509, 40.246847 ], [ -76.91671, 40.250417 ], [ -76.922716, 40.24914 ], [ -76.924121, 40.253795 ], [ -76.925817, 40.2549 ], [ -76.925211, 40.255502 ], [ -76.925184, 40.255688 ], [ -76.925621, 40.255831 ], [ -76.926176, 40.255808 ], [ -76.926492, 40.255583 ], [ -76.926814, 40.25549 ], [ -76.927612, 40.255395 ], [ -76.930683, 40.256031 ], [ -76.934046, 40.259291 ], [ -76.9347, 40.259046 ], [ -76.940001, 40.256672 ], [ -76.932904, 40.247469 ], [ -76.93469, 40.246995 ], [ -76.936922, 40.24658 ], [ -76.936048, 40.244736 ], [ -76.942784, 40.242894 ], [ -76.942575, 40.242378 ], [ -76.940147, 40.236468 ], [ -76.943614, 40.235275 ], [ -76.942306, 40.23054 ] ] ] } },
{ "type": "Feature", "properties": { "GEOID": "4275816", "NAME": "Swissvale borough, Pennsylvania", "population": 8197.0 }, "geometry": { "type": "Polygon", "coordinates": [ [ [ -79.899623, 40.41545 ], [ -79.897893, 40.414954 ], [ -79.890624, 40.4104 ], [ -79.888684, 40.415087 ], [ -79.887258, 40.416874 ], [ -79.887085, 40.41684 ], [ -79.882165, 40.415913 ], [ -79.876606, 40.414082 ], [ -79.874351, 40.413713 ], [ -79.872022, 40.412568 ], [ -79.87013, 40.413713 ], [ -79.869512, 40.414043 ], [ -79.86769, 40.415125 ], [ -79.869512, 40.416183 ], [ -79.871983, 40.416683 ], [ -79.872794, 40.418578 ], [ -79.873995, 40.420692 ], [ -79.873517, 40.422841 ], [ -79.875826, 40.428079 ], [ -79.879852, 40.428519 ], [ -79.881494, 40.426073 ], [ -79.882968, 40.426757 ], [ -79.885212, 40.426901 ], [ -79.886001, 40.424518 ], [ -79.886185, 40.423963 ], [ -79.886645, 40.424645 ], [ -79.88801, 40.424678 ], [ -79.890923, 40.42756 ], [ -79.892032, 40.428111 ], [ -79.892386, 40.428475 ], [ -79.892102, 40.429576 ], [ -79.894563, 40.43353 ], [ -79.895568, 40.434962 ], [ -79.897083, 40.427785 ], [ -79.895096, 40.428166 ], [ -79.893762, 40.426922 ], [ -79.89218, 40.427888 ], [ -79.891006, 40.427197 ], [ -79.894194, 40.425554 ], [ -79.896712, 40.42646 ], [ -79.897203, 40.42606 ], [ -79.898872, 40.41885 ], [ -79.899623, 40.41545 ] ] ] } },
{ "type": "Feature", "properties": { "GEOID": "4285592", "NAME": "Wilson borough, Pennsylvania", "population": 8159.0 }, "geometry": { "type": "Polygon", "coordinates": [ [ [ -75.251815, 40.686431 ], [ -75.248081, 40.681873 ], [ -75.247471, 40.681019 ], [ -75.246137, 40.675172 ], [ -75.24653, 40.670472 ], [ -75.240039, 40.667194 ], [ -75.239431, 40.664811 ], [ -75.238121, 40.666298 ], [ -75.237954, 40.666769 ], [ -75.239236, 40.670924 ], [ -75.237351, 40.672816 ], [ -75.239736, 40.678672 ], [ -75.241925, 40.678634 ], [ -75.240389, 40.680853 ], [ -75.236046, 40.68447 ], [ -75.235055, 40.683975 ], [ -75.231442, 40.684499 ], [ -75.231353, 40.684979 ], [ -75.23155, 40.686356 ], [ -75.231816, 40.688627 ], [ -75.233354, 40.702433 ], [ -75.238497, 40.698097 ], [ -75.238429, 40.694303 ], [ -75.239122, 40.692361 ], [ -75.24295, 40.691536 ], [ -75.24341, 40.693946 ], [ -75.248477, 40.689444 ], [ -75.248873, 40.687823 ], [ -75.250979, 40.687152 ], [ -75.252374, 40.687084 ], [ -75.251815, 40.686431 ] ] ] } },
{ "type": "Feature", "properties": { "GEOID": "4211680", "NAME": "Castle Shannon borough, Pennsylvania", "population": 8006.0 }, "geometry": { "type": "Polygon", "coordinates": [ [ [ -80.03787, 40.368292 ], [ -80.032549, 40.363546 ], [ -80.030367, 40.362236 ], [ -80.030997, 40.361162 ], [ -80.033602, 40.362611 ], [ -80.034179, 40.362143 ], [ -80.035722, 40.3608 ], [ -80.037086, 40.356366 ], [ -80.036687, 40.354879 ], [ -80.033428, 40.355139 ], [ -80.028218, 40.355858 ], [ -80.028482, 40.357064 ], [ -80.022673, 40.35745 ], [ -80.022841, 40.358614 ], [ -80.022896, 40.359083 ], [ -80.017084, 40.359027 ], [ -80.016409, 40.358997 ], [ -80.015425, 40.360296 ], [ -80.012733, 40.361987 ], [ -80.008826, 40.361046 ], [ -80.004877, 40.36479 ], [ -80.007897, 40.366614 ], [ -80.001547, 40.370599 ], [ -80.001063, 40.370918 ], [ -80.001586, 40.374841 ], [ -80.00457, 40.374218 ], [ -80.006708, 40.374861 ], [ -80.00786, 40.374996 ], [ -80.007899, 40.378237 ], [ -80.012738, 40.379517 ], [ -80.014981, 40.378934 ], [ -80.016823, 40.376845 ], [ -80.013676, 40.376601 ], [ -80.010758, 40.375365 ], [ -80.011879, 40.374366 ], [ -80.014037, 40.372323 ], [ -80.015932, 40.37429 ], [ -80.019113, 40.376021 ], [ -80.021214, 40.376594 ], [ -80.022459, 40.375226 ], [ -80.018476, 40.371748 ], [ -80.021714, 40.369568 ], [ -80.027921, 40.367983 ], [ -80.030216, 40.369276 ], [ -80.031935, 40.370415 ], [ -80.038411, 40.368771 ], [ -80.03787, 40.368292 ] ] ] } },
{ "type": "Feature", "properties": { "GEOID": "4205312", "NAME": "Bellevue borough, Pennsylvania", "population": 7888.0 }, "geometry": { "type": "Polygon", "coordinates": [ [ [ -80.063596, 40.488932 ], [ -80.054641, 40.48297 ], [ -80.053179, 40.48217 ], [ -80.0511, 40.483782 ], [ -80.049903, 40.485523 ], [ -80.046444, 40.487163 ], [ -80.045127, 40.489047 ], [ -80.045545, 40.490165 ], [ -80.044623, 40.49166 ], [ -80.046014, 40.494865 ], [ -80.047112, 40.494977 ], [ -80.051321, 40.496462 ], [ -80.050573, 40.497742 ], [ -80.047948, 40.502249 ], [ -80.050849, 40.503839 ], [ -80.058289, 40.508183 ], [ -80.059832, 40.506512 ], [ -80.061592, 40.505803 ], [ -80.06145, 40.502909 ], [ -80.061378, 40.501576 ], [ -80.061124, 40.498304 ], [ -80.060932, 40.495549 ], [ -80.062093, 40.494442 ], [ -80.062621, 40.49383 ], [ -80.066235, 40.490968 ], [ -80.063596, 40.488932 ] ] ] } },
{ "type": "Feature", "properties": { "GEOID": "4241680", "NAME": "Latrobe borough, Pennsylvania", "population": 7826.0 }, "geometry": { "type": "Polygon", "coordinates": [ [ [ -79.403849, 40.318842 ], [ -79.400561, 40.31528 ], [ -79.396584, 40.317166 ], [ -79.392958, 40.317901 ], [ -79.391752, 40.316053 ], [ -79.389296, 40.314884 ], [ -79.393614, 40.313215 ], [ -79.396894, 40.314981 ], [ -79.398627, 40.314476 ], [ -79.400835, 40.312737 ], [ -79.401459, 40.31145 ], [ -79.396543, 40.310369 ], [ -79.391961, 40.312926 ], [ -79.393734, 40.308081 ], [ -79.390351, 40.307033 ], [ -79.389642, 40.306828 ], [ -79.387249, 40.305676 ], [ -79.382805, 40.306789 ], [ -79.381558, 40.30651 ], [ -79.38157, 40.303357 ], [ -79.385731, 40.303331 ], [ -79.385559, 40.302506 ], [ -79.382868, 40.30004 ], [ -79.377796, 40.297332 ], [ -79.375769, 40.295027 ], [ -79.376549, 40.29397 ], [ -79.373966, 40.29231 ], [ -79.373423, 40.293568 ], [ -79.371513, 40.292135 ], [ -79.372308, 40.297032 ], [ -79.371431, 40.295694 ], [ -79.365241, 40.297262 ], [ -79.368401, 40.298732 ], [ -79.37034, 40.299674 ], [ -79.371104, 40.30023 ], [ -79.368524, 40.302712 ], [ -79.371222, 40.306528 ], [ -79.367463, 40.306903 ], [ -79.369513, 40.308161 ], [ -79.367603, 40.310026 ], [ -79.369085, 40.310336 ], [ -79.369135, 40.312935 ], [ -79.371118, 40.31292 ], [ -79.371229, 40.31534 ], [ -79.370078, 40.315783 ], [ -79.371245, 40.316169 ], [ -79.371288, 40.320672 ], [ -79.374332, 40.322876 ], [ -79.375441, 40.323004 ], [ -79.378456, 40.321715 ], [ -79.378746, 40.32267 ], [ -79.378097, 40.325229 ], [ -79.382456, 40.324491 ], [ -79.383952, 40.325372 ], [ -79.384655, 40.328034 ], [ -79.386417, 40.328885 ], [ -79.387745, 40.32848 ], [ -79.391611, 40.324731 ], [ -79.393985, 40.323148 ], [ -79.399996, 40.322876 ], [ -79.401488, 40.32243 ], [ -79.40099, 40.320336 ], [ -79.403849, 40.318842 ] ] ] } },
{ "type": "Feature", "properties": { "GEOID": "4219576", "NAME": "Dormont borough, Pennsylvania", "population": 7816.0 }, "geometry": { "type": "Polygon", "coordinates": [ [ [ -80.04625, 40.393789 ], [ -80.043133, 40.389879 ], [ -80.041598, 40.389548 ], [ -80.04292, 40.388366 ], [ -80.040593, 40.38673 ], [ -80.040918, 40.385939 ], [ -80.038864, 40.383017 ], [ -80.036762, 40.384342 ], [ -80.03511, 40.386471 ], [ -80.034506, 40.388402 ], [ -80.032792, 40.388242 ], [ -80.033625, 40.389801 ], [ -80.031095, 40.390567 ], [ -80.028696, 40.391296 ], [ -80.030767, 40.395007 ], [ -80.030698, 40.395351 ], [ -80.031144, 40.396613 ], [ -80.02939, 40.397205 ], [ -80.031757, 40.400089 ], [ -80.031976, 40.401043 ], [ -80.032482, 40.401729 ], [ -80.036579, 40.400809 ], [ -80.035622, 40.401698 ], [ -80.035583, 40.40429 ], [ -80.036343, 40.404261 ], [ -80.039818, 40.401279 ], [ -80.041853, 40.399433 ], [ -80.044625, 40.399088 ], [ -80.044882, 40.39906 ], [ -80.046476, 40.395739 ], [ -80.04625, 40.393789 ] ] ] } },
{ "type": "Feature", "properties": { "GEOID": "4211336", "NAME": "Carnegie borough, Pennsylvania", "population": 7777.0 }, "geometry": { "type": "Polygon", "coordinates": [ [ [ -80.099895, 40.411031 ], [ -80.099004, 40.403927 ], [ -80.09854, 40.399976 ], [ -80.096882, 40.400433 ], [ -80.090585, 40.401444 ], [ -80.088615, 40.402195 ], [ -80.086979, 40.403258 ], [ -80.08668, 40.398683 ], [ -80.082596, 40.398991 ], [ -80.079881, 40.399872 ], [ -80.074259, 40.399181 ], [ -80.069667, 40.398562 ], [ -80.067424, 40.400977 ], [ -80.068241, 40.402673 ], [ -80.069057, 40.404612 ], [ -80.070257, 40.406397 ], [ -80.073282, 40.407789 ], [ -80.078901, 40.411303 ], [ -80.080529, 40.412909 ], [ -80.079472, 40.41482 ], [ -80.084422, 40.417505 ], [ -80.085948, 40.41695 ], [ -80.088463, 40.418885 ], [ -80.092073, 40.4202 ], [ -80.09883, 40.418162 ], [ -80.098004, 40.417357 ], [ -80.097883, 40.415111 ], [ -80.099985, 40.411649 ], [ -80.099895, 40.411031 ] ] ] } },
{ "type": "Feature", "properties": { "GEOID": "4257720", "NAME": "Palmyra borough, Pennsylvania", "population": 7762.0 }, "geometry": { "type": "Polygon", "coordinates": [ [ [ -76.610036, 40.300968 ], [ -76.609787, 40.29999 ], [ -76.607807, 40.295704 ], [ -76.605901, 40.297039 ], [ -76.594398, 40.300939 ], [ -76.592718, 40.301766 ], [ -76.592054, 40.300489 ], [ -76.595801, 40.298658 ], [ -76.595203, 40.297745 ], [ -76.591653, 40.29959 ], [ -76.589249, 40.298761 ], [ -76.590929, 40.302536 ], [ -76.589237, 40.303367 ], [ -76.582203, 40.30635 ], [ -76.579232, 40.307007 ], [ -76.578666, 40.306211 ], [ -76.573754, 40.308903 ], [ -76.572317, 40.309702 ], [ -76.57274, 40.310707 ], [ -76.574377, 40.310536 ], [ -76.576709, 40.309216 ], [ -76.580814, 40.31474 ], [ -76.581224, 40.315241 ], [ -76.578349, 40.316634 ], [ -76.574691, 40.317318 ], [ -76.575929, 40.31997 ], [ -76.589156, 40.315697 ], [ -76.590751, 40.320113 ], [ -76.592203, 40.322638 ], [ -76.599628, 40.319383 ], [ -76.603118, 40.32279 ], [ -76.604455, 40.321742 ], [ -76.607794, 40.320806 ], [ -76.607178, 40.319132 ], [ -76.603268, 40.311072 ], [ -76.601343, 40.308721 ], [ -76.611365, 40.304361 ], [ -76.610036, 40.300968 ] ] ] } },
{ "type": "Feature", "properties": { "GEOID": "4261048", "NAME": "Pittston city, Pennsylvania", "population": 7715.0 }, "geometry": { "type": "Polygon", "coordinates": [ [ [ -75.807728, 41.316179 ], [ -75.798318, 41.312579 ], [ -75.79269, 41.310415 ], [ -75.786092, 41.318117 ], [ -75.785314, 41.318623 ], [ -75.77971, 41.318559 ], [ -75.777143, 41.319688 ], [ -75.779717, 41.321877 ], [ -75.781459, 41.323439 ], [ -75.78045, 41.324617 ], [ -75.779839, 41.325834 ], [ -75.779102, 41.331123 ], [ -75.778634, 41.334471 ], [ -75.778083, 41.338519 ], [ -75.777539, 41.342536 ], [ -75.783382, 41.343799 ], [ -75.783822, 41.343901 ], [ -75.786087, 41.34439 ], [ -75.790236, 41.343106 ], [ -75.794438, 41.340479 ], [ -75.794404, 41.338699 ], [ -75.794144, 41.337439 ], [ -75.793745, 41.336814 ], [ -75.790782, 41.33144 ], [ -75.790419, 41.329727 ], [ -75.791475, 41.326787 ], [ -75.793927, 41.323585 ], [ -75.796065, 41.32243 ], [ -75.800444, 41.32104 ], [ -75.804221, 41.319023 ], [ -75.807728, 41.316179 ] ] ] } },
{ "type": "Feature", "properties": { "GEOID": "4231656", "NAME": "Grove City borough, Pennsylvania", "population": 7694.0 }, "geometry": { "type": "Polygon", "coordinates": [ [ [ -80.115721, 41.158999 ], [ -80.112673, 41.158198 ], [ -80.09988, 41.157831 ], [ -80.099757, 41.154396 ], [ -80.100407, 41.153126 ], [ -80.100191, 41.147934 ], [ -80.09875, 41.14404 ], [ -80.09863, 41.140826 ], [ -80.098648, 41.140602 ], [ -80.098561, 41.139046 ], [ -80.097122, 41.139067 ], [ -80.097135, 41.135831 ], [ -80.094312, 41.135063 ], [ -80.094308, 41.138231 ], [ -80.091046, 41.138343 ], [ -80.091769, 41.139545 ], [ -80.094337, 41.140419 ], [ -80.094208, 41.144844 ], [ -80.090542, 41.145981 ], [ -80.089154, 41.147346 ], [ -80.087893, 41.147084 ], [ -80.086886, 41.148394 ], [ -80.088336, 41.149342 ], [ -80.087063, 41.150577 ], [ -80.085859, 41.149484 ], [ -80.083829, 41.150156 ], [ -80.08312, 41.148713 ], [ -80.081199, 41.148748 ], [ -80.08143, 41.146089 ], [ -80.080945, 41.143399 ], [ -80.074831, 41.143682 ], [ -80.074993, 41.145717 ], [ -80.073773, 41.145798 ], [ -80.073427, 41.15015 ], [ -80.076, 41.151378 ], [ -80.076215, 41.157152 ], [ -80.071854, 41.157317 ], [ -80.068399, 41.155422 ], [ -80.067122, 41.158143 ], [ -80.067856, 41.158254 ], [ -80.066638, 41.158223 ], [ -80.067001, 41.161661 ], [ -80.068172, 41.161034 ], [ -80.068046, 41.163584 ], [ -80.066374, 41.164415 ], [ -80.06637, 41.166612 ], [ -80.070653, 41.166551 ], [ -80.072631, 41.16803 ], [ -80.07185, 41.16624 ], [ -80.074209, 41.166066 ], [ -80.074934, 41.167574 ], [ -80.07709, 41.166296 ], [ -80.077892, 41.16794 ], [ -80.080486, 41.168359 ], [ -80.082193, 41.168633 ], [ -80.088416, 41.170505 ], [ -80.087992, 41.165648 ], [ -80.090868, 41.162772 ], [ -80.092091, 41.162295 ], [ -80.094207, 41.163178 ], [ -80.098102, 41.166418 ], [ -80.098839, 41.164846 ], [ -80.101509, 41.165985 ], [ -80.103407, 41.166146 ], [ -80.100728, 41.16924 ], [ -80.103828, 41.172305 ], [ -80.105009, 41.172254 ], [ -80.105956, 41.170835 ], [ -80.102493, 41.169501 ], [ -80.104502, 41.166706 ], [ -80.108181, 41.168138 ], [ -80.107503, 41.167138 ], [ -80.10762, 41.166044 ], [ -80.115283, 41.166379 ], [ -80.115559, 41.165069 ], [ -80.1143, 41.163647 ], [ -80.112655, 41.163706 ], [ -80.115528, 41.161388 ], [ -80.115721, 41.158999 ] ], [ [ -80.106228, 41.165217 ], [ -80.106056, 41.165459 ], [ -80.104976, 41.165143 ], [ -80.105558, 41.164094 ], [ -80.106785, 41.164133 ], [ -80.106228, 41.165217 ] ], [ [ -80.095023, 41.153141 ], [ -80.094218, 41.153179 ], [ -80.094191, 41.151146 ], [ -80.092901, 41.150263 ], [ -80.093296, 41.148972 ], [ -80.094848, 41.148746 ], [ -80.095023, 41.153141 ] ], [ [ -80.090432, 41.153227 ], [ -80.088815, 41.152574 ], [ -80.088728, 41.151312 ], [ -80.090448, 41.151223 ], [ -80.090432, 41.153227 ] ] ] } },
{ "type": "Feature", "properties": { "GEOID": "4202832", "NAME": "Archbald borough, Pennsylvania", "population": 7598.0 }, "geometry": { "type": "Polygon", "coordinates": [ [ [ -75.606554, 41.497808 ], [ -75.602721, 41.500996 ], [ -75.592566, 41.494051 ], [ -75.586347, 41.490198 ], [ -75.585692, 41.489713 ], [ -75.583979, 41.488527 ], [ -75.579292, 41.491881 ], [ -75.561302, 41.480116 ], [ -75.560446, 41.47957 ], [ -75.552133, 41.486437 ], [ -75.549661, 41.488507 ], [ -75.543628, 41.484375 ], [ -75.541824, 41.482918 ], [ -75.525113, 41.471558 ], [ -75.496076, 41.496144 ], [ -75.504707, 41.501914 ], [ -75.482454, 41.520757 ], [ -75.499153, 41.531749 ], [ -75.501526, 41.531646 ], [ -75.534847, 41.528928 ], [ -75.535449, 41.526917 ], [ -75.539152, 41.525014 ], [ -75.544105, 41.522469 ], [ -75.542766, 41.515881 ], [ -75.546672, 41.515321 ], [ -75.549638, 41.519475 ], [ -75.5503, 41.523579 ], [ -75.552638, 41.526921 ], [ -75.556749, 41.527652 ], [ -75.552021, 41.533311 ], [ -75.557627, 41.536751 ], [ -75.570421, 41.544599 ], [ -75.584483, 41.527343 ], [ -75.585318, 41.523358 ], [ -75.605249, 41.507844 ], [ -75.6061, 41.508399 ], [ -75.613305, 41.502083 ], [ -75.606554, 41.497808 ] ] ] } },
{ "type": "Feature", "properties": { "GEOID": "4253464", "NAME": "New Cumberland borough, Pennsylvania", "population": 7590.0 }, "geometry": { "type": "Polygon", "coordinates": [ [ [ -76.89377, 40.234743 ], [ -76.89104, 40.231296 ], [ -76.891487, 40.229924 ], [ -76.891518, 40.229413 ], [ -76.889662, 40.22898 ], [ -76.88896, 40.227999 ], [ -76.883132, 40.220102 ], [ -76.88222, 40.219567 ], [ -76.880464, 40.223917 ], [ -76.877956, 40.225016 ], [ -76.875105, 40.224688 ], [ -76.873522, 40.22316 ], [ -76.871449, 40.218641 ], [ -76.869136, 40.219017 ], [ -76.868374, 40.215851 ], [ -76.866719, 40.216098 ], [ -76.865684, 40.2176 ], [ -76.861263, 40.218919 ], [ -76.860901, 40.219281 ], [ -76.861989, 40.222651 ], [ -76.860737, 40.224254 ], [ -76.858992, 40.225956 ], [ -76.859023, 40.226328 ], [ -76.866473, 40.231157 ], [ -76.867476, 40.232231 ], [ -76.868111, 40.232952 ], [ -76.873248, 40.237681 ], [ -76.873477, 40.237993 ], [ -76.873936, 40.238438 ], [ -76.878707, 40.243889 ], [ -76.878871, 40.244 ], [ -76.888144, 40.237666 ], [ -76.892668, 40.234588 ], [ -76.89377, 40.234743 ] ] ] } },
{ "type": "Feature", "properties": { "GEOID": "4208040", "NAME": "Bradford city, Pennsylvania", "population": 7442.0 }, "geometry": { "type": "Polygon", "coordinates": [ [ [ -78.669063, 41.948027 ], [ -78.666247, 41.950759 ], [ -78.662086, 41.95298 ], [ -78.661882, 41.95264 ], [ -78.657133, 41.954469 ], [ -78.657047, 41.948307 ], [ -78.654317, 41.948414 ], [ -78.655939, 41.94158 ], [ -78.652121, 41.941684 ], [ -78.649107, 41.942518 ], [ -78.648143, 41.943095 ], [ -78.644482, 41.94319 ], [ -78.63717, 41.943391 ], [ -78.637339, 41.948375 ], [ -78.63546, 41.948473 ], [ -78.635423, 41.953013 ], [ -78.635473, 41.957648 ], [ -78.63366, 41.957693 ], [ -78.621744, 41.957994 ], [ -78.619522, 41.961998 ], [ -78.618828, 41.963386 ], [ -78.615112, 41.971081 ], [ -78.619249, 41.972457 ], [ -78.623647, 41.973917 ], [ -78.62452, 41.976928 ], [ -78.625727, 41.976921 ], [ -78.627078, 41.973804 ], [ -78.626242, 41.976908 ], [ -78.630182, 41.976781 ], [ -78.630742, 41.976184 ], [ -78.635897, 41.974988 ], [ -78.635823, 41.97371 ], [ -78.641807, 41.973613 ], [ -78.643214, 41.973146 ], [ -78.643202, 41.974216 ], [ -78.648088, 41.976802 ], [ -78.647834, 41.970648 ], [ -78.647718, 41.967715 ], [ -78.646117, 41.968309 ], [ -78.641714, 41.968438 ], [ -78.641657, 41.966211 ], [ -78.663058, 41.965475 ], [ -78.663032, 41.963169 ], [ -78.66293, 41.961944 ], [ -78.666973, 41.963 ], [ -78.667672, 41.95943 ], [ -78.663214, 41.960183 ], [ -78.662384, 41.957182 ], [ -78.664024, 41.957139 ], [ -78.66365, 41.956907 ], [ -78.663497, 41.952503 ], [ -78.666288, 41.950919 ], [ -78.670803, 41.946426 ], [ -78.669063, 41.948027 ] ] ] } },
{ "type": "Feature", "properties": { "GEOID": "4223304", "NAME": "Ellwood City borough, Pennsylvania", "population": 7362.0 }, "geometry": { "type": "Polygon", "coordinates": [ [ [ -80.300813, 40.855091 ], [ -80.298722, 40.855104 ], [ -80.298655, 40.853494 ], [ -80.29823, 40.853442 ], [ -80.298177, 40.852261 ], [ -80.296248, 40.852234 ], [ -80.296119, 40.850964 ], [ -80.292833, 40.850662 ], [ -80.293567, 40.851908 ], [ -80.287054, 40.851914 ], [ -80.285059, 40.85133 ], [ -80.284951, 40.849478 ], [ -80.288877, 40.846977 ], [ -80.28867, 40.845537 ], [ -80.285397, 40.84567 ], [ -80.285028, 40.842183 ], [ -80.283161, 40.843539 ], [ -80.282065, 40.845815 ], [ -80.282199, 40.848902 ], [ -80.278329, 40.849618 ], [ -80.2786, 40.852281 ], [ -80.276416, 40.852333 ], [ -80.272788, 40.853108 ], [ -80.271696, 40.853839 ], [ -80.270981, 40.854349 ], [ -80.269673, 40.858101 ], [ -80.27359, 40.859267 ], [ -80.273977, 40.858543 ], [ -80.278225, 40.858591 ], [ -80.277526, 40.86248 ], [ -80.280013, 40.864126 ], [ -80.277824, 40.863766 ], [ -80.274803, 40.860779 ], [ -80.271532, 40.859951 ], [ -80.265602, 40.859806 ], [ -80.265228, 40.861023 ], [ -80.268189, 40.86269 ], [ -80.269128, 40.864457 ], [ -80.269347, 40.866325 ], [ -80.26799, 40.867367 ], [ -80.264732, 40.867931 ], [ -80.265718, 40.869785 ], [ -80.263827, 40.874964 ], [ -80.265838, 40.871944 ], [ -80.267513, 40.871897 ], [ -80.268997, 40.876097 ], [ -80.271037, 40.876044 ], [ -80.272508, 40.874648 ], [ -80.272792, 40.875885 ], [ -80.274594, 40.875834 ], [ -80.27517, 40.874094 ], [ -80.277733, 40.873949 ], [ -80.277772, 40.871436 ], [ -80.278857, 40.871403 ], [ -80.284379, 40.871513 ], [ -80.285033, 40.874653 ], [ -80.292911, 40.874403 ], [ -80.293794, 40.867244 ], [ -80.297041, 40.867138 ], [ -80.29677, 40.865078 ], [ -80.296541, 40.862041 ], [ -80.298613, 40.861977 ], [ -80.298538, 40.859382 ], [ -80.300847, 40.859344 ], [ -80.300813, 40.855091 ] ] ] } },
{ "type": "Feature", "properties": { "GEOID": "4271856", "NAME": "Souderton borough, Pennsylvania", "population": 7288.0 }, "geometry": { "type": "Polygon", "coordinates": [ [ [ -75.335076, 40.314098 ], [ -75.333784, 40.313284 ], [ -75.33031, 40.311162 ], [ -75.332831, 40.308695 ], [ -75.332953, 40.308168 ], [ -75.331535, 40.304607 ], [ -75.330647, 40.304101 ], [ -75.330605, 40.303917 ], [ -75.32677, 40.301733 ], [ -75.322821, 40.30442 ], [ -75.319377, 40.301328 ], [ -75.315071, 40.305519 ], [ -75.307674, 40.312688 ], [ -75.311234, 40.314884 ], [ -75.316998, 40.31838 ], [ -75.319217, 40.316479 ], [ -75.326435, 40.320694 ], [ -75.329449, 40.317639 ], [ -75.330518, 40.318683 ], [ -75.332959, 40.316229 ], [ -75.333856, 40.315327 ], [ -75.335076, 40.314098 ] ] ] } },
{ "type": "Feature", "properties": { "GEOID": "4284704", "NAME": "White Oak borough, Pennsylvania", "population": 7286.0 }, "geometry": { "type": "Polygon", "coordinates": [ [ [ -79.831678, 40.357586 ], [ -79.829259, 40.356846 ], [ -79.824398, 40.354168 ], [ -79.82632, 40.352065 ], [ -79.82969, 40.351839 ], [ -79.830971, 40.347913 ], [ -79.828611, 40.344703 ], [ -79.826522, 40.344801 ], [ -79.821767, 40.34469 ], [ -79.819121, 40.34378 ], [ -79.818964, 40.340376 ], [ -79.818827, 40.338166 ], [ -79.820293, 40.337924 ], [ -79.8196, 40.330098 ], [ -79.818201, 40.327471 ], [ -79.818122, 40.32764 ], [ -79.817146, 40.328632 ], [ -79.815948, 40.327528 ], [ -79.816189, 40.324422 ], [ -79.817696, 40.322001 ], [ -79.816069, 40.319611 ], [ -79.814419, 40.319875 ], [ -79.810506, 40.320165 ], [ -79.803281, 40.319804 ], [ -79.796318, 40.318244 ], [ -79.793563, 40.320197 ], [ -79.792237, 40.319472 ], [ -79.791898, 40.318463 ], [ -79.787952, 40.315344 ], [ -79.783806, 40.315441 ], [ -79.783332, 40.317251 ], [ -79.782194, 40.322068 ], [ -79.781991, 40.323821 ], [ -79.778249, 40.341186 ], [ -79.774412, 40.359673 ], [ -79.79601, 40.360217 ], [ -79.796711, 40.360202 ], [ -79.813019, 40.36085 ], [ -79.828108, 40.361183 ], [ -79.82918, 40.361184 ], [ -79.829426, 40.360524 ], [ -79.831976, 40.358039 ], [ -79.831678, 40.357586 ] ] ] } },
{ "type": "Feature", "properties": { "GEOID": "4264832", "NAME": "Ridley Park borough, Pennsylvania", "population": 7255.0 }, "geometry": { "type": "Polygon", "coordinates": [ [ [ -75.337199, 39.878263 ], [ -75.335418, 39.877836 ], [ -75.335937, 39.877085 ], [ -75.336489, 39.875553 ], [ -75.337026, 39.873979 ], [ -75.334589, 39.871287 ], [ -75.333193, 39.868255 ], [ -75.332312, 39.867078 ], [ -75.330338, 39.867931 ], [ -75.327517, 39.869188 ], [ -75.319288, 39.874313 ], [ -75.321506, 39.876264 ], [ -75.320247, 39.876937 ], [ -75.317234, 39.877919 ], [ -75.310989, 39.879918 ], [ -75.310412, 39.880187 ], [ -75.314404, 39.885217 ], [ -75.316218, 39.887421 ], [ -75.317422, 39.888588 ], [ -75.320563, 39.887172 ], [ -75.321871, 39.888509 ], [ -75.32929, 39.883714 ], [ -75.336788, 39.878603 ], [ -75.337199, 39.878263 ] ] ] } },
{ "type": "Feature", "properties": { "GEOID": "4220136", "NAME": "DuBois city, Pennsylvania", "population": 7254.0 }, "geometry": { "type": "Polygon", "coordinates": [ [ [ -78.785199, 41.117755 ], [ -78.775398, 41.113411 ], [ -78.774138, 41.112858 ], [ -78.769525, 41.111627 ], [ -78.765559, 41.110569 ], [ -78.76186, 41.109583 ], [ -78.762135, 41.102714 ], [ -78.760239, 41.102695 ], [ -78.760003, 41.106891 ], [ -78.759454, 41.107554 ], [ -78.761343, 41.109495 ], [ -78.749733, 41.112524 ], [ -78.746384, 41.115528 ], [ -78.74353, 41.115685 ], [ -78.744812, 41.113247 ], [ -78.740761, 41.112804 ], [ -78.740623, 41.11479 ], [ -78.738171, 41.115019 ], [ -78.737722, 41.117442 ], [ -78.734545, 41.117963 ], [ -78.731774, 41.116939 ], [ -78.72921, 41.122528 ], [ -78.740572, 41.12465 ], [ -78.73923, 41.125606 ], [ -78.739611, 41.127496 ], [ -78.739305, 41.131449 ], [ -78.736631, 41.133406 ], [ -78.736772, 41.135477 ], [ -78.757748, 41.135607 ], [ -78.762577, 41.134631 ], [ -78.763237, 41.13309 ], [ -78.76643, 41.131524 ], [ -78.76728, 41.129339 ], [ -78.77011, 41.1278 ], [ -78.771568, 41.128699 ], [ -78.777007, 41.124351 ], [ -78.785199, 41.117755 ] ] ] } },
{ "type": "Feature", "properties": { "GEOID": "4229720", "NAME": "Glenolden borough, Pennsylvania", "population": 7217.0 }, "geometry": { "type": "Polygon", "coordinates": [ [ [ -75.305746, 39.902918 ], [ -75.303623, 39.900042 ], [ -75.302202, 39.898086 ], [ -75.301164, 39.897708 ], [ -75.299488, 39.895281 ], [ -75.296346, 39.893666 ], [ -75.295451, 39.893451 ], [ -75.292493, 39.892627 ], [ -75.289835, 39.888827 ], [ -75.289617, 39.888737 ], [ -75.28808, 39.8914 ], [ -75.285841, 39.891682 ], [ -75.284507, 39.893593 ], [ -75.285095, 39.895556 ], [ -75.283131, 39.897239 ], [ -75.280376, 39.89892 ], [ -75.279521, 39.89942 ], [ -75.282754, 39.90378 ], [ -75.285069, 39.905804 ], [ -75.286502, 39.907575 ], [ -75.286565, 39.907621 ], [ -75.288257, 39.907881 ], [ -75.292948, 39.905709 ], [ -75.2945, 39.907038 ], [ -75.297859, 39.905554 ], [ -75.299758, 39.904814 ], [ -75.300476, 39.904611 ], [ -75.304236, 39.903529 ], [ -75.305746, 39.902918 ] ] ] } },
{ "type": "Feature", "properties": { "GEOID": "4202288", "NAME": "Ambridge borough, Pennsylvania", "population": 6944.0 }, "geometry": { "type": "Polygon", "coordinates": [ [ [ -80.236044, 40.59236 ], [ -80.235182, 40.585867 ], [ -80.234963, 40.585231 ], [ -80.233366, 40.580573 ], [ -80.230674, 40.57577 ], [ -80.228579, 40.573072 ], [ -80.224051, 40.575268 ], [ -80.224006, 40.577329 ], [ -80.220133, 40.579909 ], [ -80.219175, 40.579453 ], [ -80.218977, 40.581995 ], [ -80.218075, 40.581903 ], [ -80.220585, 40.585319 ], [ -80.221182, 40.586142 ], [ -80.221267, 40.58931 ], [ -80.221378, 40.595021 ], [ -80.220781, 40.595902 ], [ -80.220179, 40.597365 ], [ -80.221494, 40.599354 ], [ -80.221528, 40.601855 ], [ -80.21453, 40.600737 ], [ -80.208838, 40.601992 ], [ -80.20877, 40.603336 ], [ -80.209126, 40.604629 ], [ -80.211761, 40.602731 ], [ -80.2123, 40.606204 ], [ -80.217757, 40.607593 ], [ -80.220534, 40.60586 ], [ -80.22323, 40.605347 ], [ -80.222653, 40.605133 ], [ -80.226275, 40.605038 ], [ -80.226836, 40.603958 ], [ -80.235682, 40.603867 ], [ -80.236599, 40.598861 ], [ -80.236044, 40.59236 ] ] ] } },
{ "type": "Feature", "properties": { "GEOID": "4276032", "NAME": "Tamaqua borough, Pennsylvania", "population": 6929.0 }, "geometry": { "type": "Polygon", "coordinates": [ [ [ -75.979249, 40.797514 ], [ -75.978975, 40.796379 ], [ -75.978914, 40.795849 ], [ -75.978845, 40.795515 ], [ -75.976572, 40.786691 ], [ -75.968183, 40.789931 ], [ -75.966455, 40.790592 ], [ -75.963373, 40.786584 ], [ -75.962572, 40.783817 ], [ -75.96094, 40.781106 ], [ -75.961991, 40.777533 ], [ -75.96117, 40.776087 ], [ -75.960401, 40.776356 ], [ -75.881684, 40.803977 ], [ -75.871249, 40.807192 ], [ -75.886037, 40.816267 ], [ -75.891671, 40.821083 ], [ -75.934361, 40.805188 ], [ -75.934873, 40.809072 ], [ -75.936157, 40.818812 ], [ -75.906242, 40.833736 ], [ -75.908336, 40.835554 ], [ -75.973822, 40.811638 ], [ -75.974176, 40.811507 ], [ -75.974867, 40.811251 ], [ -75.972501, 40.810304 ], [ -75.972391, 40.809281 ], [ -75.981199, 40.806145 ], [ -75.979249, 40.797514 ] ] ] } },
{ "type": "Feature", "properties": { "GEOID": "4239352", "NAME": "Kennett Square borough, Pennsylvania", "population": 6893.0 }, "geometry": { "type": "Polygon", "coordinates": [ [ [ -75.721211, 39.845389 ], [ -75.720958, 39.844414 ], [ -75.719423, 39.838512 ], [ -75.718312, 39.834101 ], [ -75.708335, 39.836364 ], [ -75.700425, 39.838196 ], [ -75.702268, 39.847008 ], [ -75.703342, 39.852645 ], [ -75.714438, 39.85113 ], [ -75.722217, 39.850119 ], [ -75.721211, 39.845389 ] ] ] } },
{ "type": "Feature", "properties": { "GEOID": "4236368", "NAME": "Huntingdon borough, Pennsylvania", "population": 6862.0 }, "geometry": { "type": "Polygon", "coordinates": [ [ [ -78.02676, 40.493107 ], [ -78.02589, 40.491391 ], [ -78.023029, 40.488167 ], [ -78.019025, 40.485491 ], [ -78.011609, 40.482722 ], [ -78.012285, 40.480339 ], [ -78.009145, 40.479174 ], [ -78.005717, 40.479331 ], [ -78.002722, 40.477715 ], [ -78.001571, 40.476949 ], [ -77.9999, 40.478288 ], [ -78.001912, 40.482542 ], [ -78.002288, 40.482934 ], [ -77.994774, 40.488537 ], [ -77.995036, 40.489867 ], [ -77.996024, 40.490792 ], [ -77.995009, 40.49147 ], [ -77.997401, 40.493728 ], [ -78.000176, 40.498734 ], [ -77.996988, 40.50295 ], [ -77.986969, 40.502625 ], [ -77.986145, 40.505536 ], [ -77.988365, 40.509575 ], [ -77.989988, 40.510184 ], [ -77.995033, 40.512078 ], [ -77.998505, 40.513859 ], [ -77.998093, 40.512635 ], [ -77.999474, 40.511525 ], [ -78.00142, 40.512639 ], [ -78.000312, 40.514027 ], [ -78.00417, 40.516084 ], [ -78.005816, 40.514592 ], [ -78.006797, 40.51533 ], [ -78.008441, 40.514056 ], [ -78.009796, 40.515267 ], [ -78.008823, 40.516972 ], [ -78.013216, 40.516139 ], [ -78.013074, 40.517502 ], [ -78.015508, 40.518918 ], [ -78.02496, 40.518361 ], [ -78.022059, 40.515924 ], [ -78.023951, 40.514302 ], [ -78.025779, 40.513985 ], [ -78.024735, 40.509537 ], [ -78.025083, 40.506112 ], [ -78.025939, 40.504315 ], [ -78.025886, 40.501621 ], [ -78.025731, 40.500714 ], [ -78.025706, 40.499337 ], [ -78.025808, 40.498096 ], [ -78.026722, 40.494563 ], [ -78.02676, 40.493107 ] ] ] } },
{ "type": "Feature", "properties": { "GEOID": "4202264", "NAME": "Ambler borough, Pennsylvania", "population": 6840.0 }, "geometry": { "type": "Polygon", "coordinates": [ [ [ -75.231609, 40.159729 ], [ -75.229019, 40.158258 ], [ -75.227495, 40.157119 ], [ -75.227356, 40.156635 ], [ -75.226588, 40.154949 ], [ -75.228251, 40.153544 ], [ -75.226016, 40.148575 ], [ -75.220583, 40.145362 ], [ -75.219948, 40.145954 ], [ -75.219269, 40.146625 ], [ -75.218952, 40.146179 ], [ -75.215323, 40.150472 ], [ -75.213791, 40.151965 ], [ -75.213059, 40.152061 ], [ -75.213782, 40.154451 ], [ -75.21394, 40.156642 ], [ -75.214385, 40.159078 ], [ -75.214929, 40.159424 ], [ -75.21584, 40.160123 ], [ -75.216998, 40.162661 ], [ -75.217598, 40.163866 ], [ -75.218713, 40.165351 ], [ -75.220951, 40.1681 ], [ -75.226075, 40.163065 ], [ -75.227394, 40.163857 ], [ -75.230554, 40.160761 ], [ -75.231609, 40.159729 ] ] ] } },
{ "type": "Feature", "properties": { "GEOID": "4214264", "NAME": "Clifton Heights borough, Pennsylvania", "population": 6835.0 }, "geometry": { "type": "Polygon", "coordinates": [ [ [ -75.308231, 39.925574 ], [ -75.302754, 39.927295 ], [ -75.301424, 39.925704 ], [ -75.299219, 39.926665 ], [ -75.297573, 39.924913 ], [ -75.295844, 39.922993 ], [ -75.293689, 39.924235 ], [ -75.290838, 39.926294 ], [ -75.283448, 39.931773 ], [ -75.283748, 39.933127 ], [ -75.284321, 39.934599 ], [ -75.28487, 39.935422 ], [ -75.286027, 39.93545 ], [ -75.288203, 39.934783 ], [ -75.289999, 39.933441 ], [ -75.292523, 39.932205 ], [ -75.295159, 39.934547 ], [ -75.299202, 39.93417 ], [ -75.300721, 39.935849 ], [ -75.30111, 39.935448 ], [ -75.301955, 39.9344 ], [ -75.306758, 39.932748 ], [ -75.306189, 39.930526 ], [ -75.305987, 39.927235 ], [ -75.308258, 39.925623 ], [ -75.308231, 39.925574 ] ] ] } },
{ "type": "Feature", "properties": { "GEOID": "4226408", "NAME": "Folcroft borough, Pennsylvania", "population": 6780.0 }, "geometry": { "type": "Polygon", "coordinates": [ [ [ -75.288878, 39.886443 ], [ -75.287476, 39.886897 ], [ -75.2863, 39.885278 ], [ -75.289327, 39.881982 ], [ -75.288386, 39.880858 ], [ -75.287947, 39.880454 ], [ -75.28196, 39.881573 ], [ -75.279951, 39.880848 ], [ -75.276398, 39.880686 ], [ -75.275273, 39.879353 ], [ -75.274795, 39.877413 ], [ -75.272485, 39.876715 ], [ -75.269685, 39.879155 ], [ -75.267702, 39.879715 ], [ -75.264563, 39.882123 ], [ -75.261965, 39.88324 ], [ -75.264602, 39.884737 ], [ -75.26273, 39.885554 ], [ -75.264878, 39.887927 ], [ -75.266064, 39.888331 ], [ -75.266545, 39.891737 ], [ -75.268139, 39.892142 ], [ -75.270246, 39.891342 ], [ -75.271808, 39.892479 ], [ -75.274703, 39.892799 ], [ -75.275975, 39.894689 ], [ -75.275717, 39.895707 ], [ -75.274545, 39.896318 ], [ -75.27359, 39.896625 ], [ -75.271819, 39.897309 ], [ -75.274214, 39.900087 ], [ -75.275606, 39.899172 ], [ -75.276789, 39.900768 ], [ -75.278038, 39.902357 ], [ -75.278237, 39.904306 ], [ -75.278518, 39.90436 ], [ -75.281355, 39.907475 ], [ -75.285069, 39.905804 ], [ -75.282754, 39.90378 ], [ -75.279521, 39.89942 ], [ -75.280376, 39.89892 ], [ -75.283131, 39.897239 ], [ -75.285095, 39.895556 ], [ -75.284507, 39.893593 ], [ -75.285841, 39.891682 ], [ -75.28808, 39.8914 ], [ -75.289617, 39.888737 ], [ -75.288878, 39.886443 ] ] ] } },
{ "type": "Feature", "properties": { "GEOID": "4269600", "NAME": "Shamokin city, Pennsylvania", "population": 6764.0 }, "geometry": { "type": "Polygon", "coordinates": [ [ [ -76.564913, 40.78972 ], [ -76.564859, 40.789066 ], [ -76.564753, 40.787488 ], [ -76.564638, 40.785816 ], [ -76.564454, 40.783593 ], [ -76.564343, 40.782402 ], [ -76.560555, 40.782581 ], [ -76.559622, 40.782286 ], [ -76.562472, 40.779829 ], [ -76.562346, 40.779163 ], [ -76.558896, 40.780581 ], [ -76.552868, 40.780798 ], [ -76.552783, 40.782873 ], [ -76.551226, 40.782179 ], [ -76.549798, 40.782251 ], [ -76.550158, 40.782928 ], [ -76.548554, 40.782971 ], [ -76.54759, 40.783031 ], [ -76.546601, 40.787559 ], [ -76.546166, 40.78933 ], [ -76.545796, 40.791249 ], [ -76.546397, 40.792147 ], [ -76.545917, 40.793015 ], [ -76.545829, 40.795709 ], [ -76.549226, 40.796415 ], [ -76.552688, 40.796484 ], [ -76.552756, 40.79519 ], [ -76.555636, 40.795188 ], [ -76.556238, 40.793571 ], [ -76.564281, 40.791095 ], [ -76.564937, 40.790277 ], [ -76.564913, 40.78972 ] ] ] } },
{ "type": "Feature", "properties": { "GEOID": "4250344", "NAME": "Monessen city, Pennsylvania", "population": 6657.0 }, "geometry": { "type": "Polygon", "coordinates": [ [ [ -79.90489, 40.154231 ], [ -79.90417, 40.151967 ], [ -79.90249, 40.151435 ], [ -79.89655, 40.147681 ], [ -79.889058, 40.141834 ], [ -79.887654, 40.141357 ], [ -79.885518, 40.138944 ], [ -79.884185, 40.140148 ], [ -79.880835, 40.139526 ], [ -79.877349, 40.137241 ], [ -79.87794, 40.133369 ], [ -79.876139, 40.133094 ], [ -79.87415, 40.13723 ], [ -79.87244, 40.13949 ], [ -79.871964, 40.141954 ], [ -79.8708, 40.141321 ], [ -79.872098, 40.140065 ], [ -79.869064, 40.137826 ], [ -79.86375, 40.14297 ], [ -79.86236, 40.14394 ], [ -79.86278, 40.14525 ], [ -79.861518, 40.145154 ], [ -79.866131, 40.148105 ], [ -79.86458, 40.14873 ], [ -79.86221, 40.14917 ], [ -79.86199, 40.15073 ], [ -79.86855, 40.15647 ], [ -79.86998, 40.15895 ], [ -79.868906, 40.159323 ], [ -79.871463, 40.160094 ], [ -79.870668, 40.162127 ], [ -79.876025, 40.163159 ], [ -79.887337, 40.164983 ], [ -79.893306, 40.164983 ], [ -79.897226, 40.163991 ], [ -79.900346, 40.162503 ], [ -79.903146, 40.160183 ], [ -79.904426, 40.158215 ], [ -79.904778, 40.157255 ], [ -79.904874, 40.154807 ], [ -79.90489, 40.154231 ] ] ] } },
{ "type": "Feature", "properties": { "GEOID": "4206928", "NAME": "Blakely borough, Pennsylvania", "population": 6611.0 }, "geometry": { "type": "Polygon", "coordinates": [ [ [ -75.63207, 41.487445 ], [ -75.619785, 41.479428 ], [ -75.607545, 41.47139 ], [ -75.606611, 41.47072 ], [ -75.60378, 41.473042 ], [ -75.600261, 41.474434 ], [ -75.596292, 41.475864 ], [ -75.595009, 41.476104 ], [ -75.592955, 41.47662 ], [ -75.587883, 41.475268 ], [ -75.583695, 41.475638 ], [ -75.57912, 41.475839 ], [ -75.576452, 41.477955 ], [ -75.572883, 41.480589 ], [ -75.569165, 41.481431 ], [ -75.565105, 41.481972 ], [ -75.561302, 41.480116 ], [ -75.579292, 41.491881 ], [ -75.583979, 41.488527 ], [ -75.585692, 41.489713 ], [ -75.586347, 41.490198 ], [ -75.592566, 41.494051 ], [ -75.602721, 41.500996 ], [ -75.606554, 41.497808 ], [ -75.613305, 41.502083 ], [ -75.622324, 41.494778 ], [ -75.63207, 41.487445 ] ] ] } },
{ "type": "Feature", "properties": { "GEOID": "4211720", "NAME": "Catasauqua borough, Pennsylvania", "population": 6590.0 }, "geometry": { "type": "Polygon", "coordinates": [ [ [ -75.481469, 40.655744 ], [ -75.478197, 40.652575 ], [ -75.472734, 40.647699 ], [ -75.470444, 40.647058 ], [ -75.466764, 40.645365 ], [ -75.46389, 40.641945 ], [ -75.459412, 40.64273 ], [ -75.459269, 40.644343 ], [ -75.456814, 40.644827 ], [ -75.457655, 40.647296 ], [ -75.454669, 40.647929 ], [ -75.451659, 40.650034 ], [ -75.450547, 40.6492 ], [ -75.451297, 40.653475 ], [ -75.449115, 40.653569 ], [ -75.449527, 40.656173 ], [ -75.45183, 40.655541 ], [ -75.452327, 40.657252 ], [ -75.455669, 40.65601 ], [ -75.457827, 40.660535 ], [ -75.45705, 40.661597 ], [ -75.459489, 40.663726 ], [ -75.466157, 40.661305 ], [ -75.47128, 40.659449 ], [ -75.479142, 40.656591 ], [ -75.481469, 40.655744 ] ] ] } },
{ "type": "Feature", "properties": { "GEOID": "4256088", "NAME": "Oakmont borough, Pennsylvania", "population": 6576.0 }, "geometry": { "type": "Polygon", "coordinates": [ [ [ -79.850969, 40.515864 ], [ -79.849451, 40.507425 ], [ -79.846527, 40.50819 ], [ -79.843768, 40.511282 ], [ -79.843409, 40.511297 ], [ -79.841897, 40.511855 ], [ -79.838652, 40.511824 ], [ -79.835635, 40.511483 ], [ -79.83402, 40.512712 ], [ -79.833797, 40.513162 ], [ -79.8323, 40.513516 ], [ -79.827854, 40.512044 ], [ -79.826058, 40.512857 ], [ -79.824531, 40.515576 ], [ -79.822388, 40.514507 ], [ -79.819707, 40.517397 ], [ -79.819916, 40.517628 ], [ -79.820344, 40.518101 ], [ -79.819218, 40.5233 ], [ -79.820868, 40.526167 ], [ -79.821474, 40.526015 ], [ -79.827926, 40.524571 ], [ -79.828061, 40.527952 ], [ -79.833164, 40.529857 ], [ -79.83669, 40.530259 ], [ -79.835272, 40.532634 ], [ -79.842302, 40.529804 ], [ -79.846321, 40.527073 ], [ -79.848426, 40.525126 ], [ -79.849434, 40.523553 ], [ -79.850196, 40.521716 ], [ -79.850494, 40.520508 ], [ -79.850969, 40.515864 ] ] ] } },
{ "type": "Feature", "properties": { "GEOID": "4215776", "NAME": "Connellsville city, Pennsylvania", "population": 6574.0 }, "geometry": { "type": "Polygon", "coordinates": [ [ [ -79.607645, 40.019049 ], [ -79.605536, 40.013912 ], [ -79.603514, 40.008358 ], [ -79.601471, 40.00832 ], [ -79.602645, 40.003894 ], [ -79.600479, 40.003441 ], [ -79.599906, 40.003337 ], [ -79.597549, 40.007111 ], [ -79.595683, 40.009283 ], [ -79.596578, 40.006601 ], [ -79.595303, 40.001587 ], [ -79.594926, 40.002028 ], [ -79.58771, 40.00306 ], [ -79.581362, 40.003076 ], [ -79.58163, 40.008142 ], [ -79.581158, 40.008128 ], [ -79.58439, 40.01164 ], [ -79.583662, 40.013132 ], [ -79.580416, 40.014532 ], [ -79.579315, 40.013156 ], [ -79.575794, 40.015131 ], [ -79.575025, 40.014186 ], [ -79.573534, 40.014611 ], [ -79.574225, 40.01578 ], [ -79.57183, 40.01591 ], [ -79.573, 40.016267 ], [ -79.57383, 40.01871 ], [ -79.572743, 40.020622 ], [ -79.574503, 40.021251 ], [ -79.571458, 40.021899 ], [ -79.57102, 40.02004 ], [ -79.568072, 40.020744 ], [ -79.566765, 40.023744 ], [ -79.564245, 40.025587 ], [ -79.566021, 40.026687 ], [ -79.566014, 40.027685 ], [ -79.569027, 40.026267 ], [ -79.572409, 40.027614 ], [ -79.572497, 40.028175 ], [ -79.57392, 40.027856 ], [ -79.576238, 40.023633 ], [ -79.575514, 40.021511 ], [ -79.576922, 40.020774 ], [ -79.58047, 40.02451 ], [ -79.5919, 40.02728 ], [ -79.59588, 40.027627 ], [ -79.597644, 40.026787 ], [ -79.599526, 40.023353 ], [ -79.602089, 40.021859 ], [ -79.602163, 40.021901 ], [ -79.60652, 40.01967 ], [ -79.607645, 40.019049 ] ] ] } },
{ "type": "Feature", "properties": { "GEOID": "4275648", "NAME": "Swarthmore borough, Pennsylvania", "population": 6561.0 }, "geometry": { "type": "Polygon", "coordinates": [ [ [ -75.36183, 39.902545 ], [ -75.360595, 39.901378 ], [ -75.357144, 39.901344 ], [ -75.356898, 39.899002 ], [ -75.355317, 39.898691 ], [ -75.356177, 39.89531 ], [ -75.357093, 39.894341 ], [ -75.358856, 39.893049 ], [ -75.356775, 39.891307 ], [ -75.355023, 39.892645 ], [ -75.350289, 39.890771 ], [ -75.348575, 39.889414 ], [ -75.34105, 39.894344 ], [ -75.340776, 39.894485 ], [ -75.339636, 39.894794 ], [ -75.340725, 39.895698 ], [ -75.338106, 39.896612 ], [ -75.338618, 39.898307 ], [ -75.338942, 39.898544 ], [ -75.339952, 39.901146 ], [ -75.338143, 39.902398 ], [ -75.340574, 39.903549 ], [ -75.337642, 39.905698 ], [ -75.339239, 39.906706 ], [ -75.343096, 39.914232 ], [ -75.347043, 39.912978 ], [ -75.351692, 39.913328 ], [ -75.353789, 39.910971 ], [ -75.355072, 39.911727 ], [ -75.357776, 39.910352 ], [ -75.359698, 39.908679 ], [ -75.358053, 39.907332 ], [ -75.358214, 39.904539 ], [ -75.361389, 39.903155 ], [ -75.36183, 39.902545 ] ] ] } },
{ "type": "Feature", "properties": { "GEOID": "4263840", "NAME": "Red Lion borough, Pennsylvania", "population": 6523.0 }, "geometry": { "type": "MultiPolygon", "coordinates": [ [ [ [ -76.621018, 39.898886 ], [ -76.620779, 39.896575 ], [ -76.6203, 39.895895 ], [ -76.618139, 39.895671 ], [ -76.615417, 39.894736 ], [ -76.61356, 39.894401 ], [ -76.615596, 39.893126 ], [ -76.617911, 39.893412 ], [ -76.61918, 39.891819 ], [ -76.615008, 39.887272 ], [ -76.611156, 39.890245 ], [ -76.604507, 39.891679 ], [ -76.603298, 39.891654 ], [ -76.601117, 39.894058 ], [ -76.598118, 39.888935 ], [ -76.596591, 39.889728 ], [ -76.595241, 39.887267 ], [ -76.593692, 39.887723 ], [ -76.595358, 39.888781 ], [ -76.594695, 39.889966 ], [ -76.598484, 39.896607 ], [ -76.597193, 39.900158 ], [ -76.591484, 39.900902 ], [ -76.59167, 39.902027 ], [ -76.594488, 39.90174 ], [ -76.59336, 39.902986 ], [ -76.596539, 39.902814 ], [ -76.596689, 39.904622 ], [ -76.601054, 39.906187 ], [ -76.603082, 39.905474 ], [ -76.605319, 39.904043 ], [ -76.608177, 39.905241 ], [ -76.606596, 39.906354 ], [ -76.610211, 39.909535 ], [ -76.609007, 39.910947 ], [ -76.609899, 39.911313 ], [ -76.612361, 39.911066 ], [ -76.614894, 39.910249 ], [ -76.61476, 39.907844 ], [ -76.613026, 39.905297 ], [ -76.616582, 39.903727 ], [ -76.615346, 39.902227 ], [ -76.617073, 39.901496 ], [ -76.621526, 39.89964 ], [ -76.621018, 39.898886 ] ] ], [ [ [ -76.622429, 39.895528 ], [ -76.622034, 39.895414 ], [ -76.621721, 39.896026 ], [ -76.622302, 39.896083 ], [ -76.622468, 39.895732 ], [ -76.622429, 39.895528 ] ] ] ] } },
{ "type": "Feature", "properties": { "GEOID": "4250016", "NAME": "Milton borough, Pennsylvania", "population": 6457.0 }, "geometry": { "type": "Polygon", "coordinates": [ [ [ -76.867389, 41.007939 ], [ -76.861749, 41.007905 ], [ -76.856093, 41.008028 ], [ -76.856781, 41.006066 ], [ -76.8551, 41.006036 ], [ -76.854562, 41.007784 ], [ -76.85189, 41.006194 ], [ -76.851754, 41.003657 ], [ -76.855879, 41.003557 ], [ -76.858108, 40.996169 ], [ -76.858605, 40.991971 ], [ -76.856067, 40.9918 ], [ -76.857196, 40.990505 ], [ -76.858594, 40.990425 ], [ -76.85856, 40.988489 ], [ -76.857104, 40.987682 ], [ -76.856898, 40.986474 ], [ -76.854354, 40.983522 ], [ -76.854578, 40.98163 ], [ -76.852993, 40.981693 ], [ -76.851585, 40.980359 ], [ -76.851141, 40.978815 ], [ -76.848668, 40.97862 ], [ -76.852687, 40.976182 ], [ -76.858119, 40.975311 ], [ -76.858088, 40.972381 ], [ -76.853753, 40.97077 ], [ -76.853833, 40.971679 ], [ -76.85118, 40.971595 ], [ -76.851274, 40.969849 ], [ -76.850561, 40.96878 ], [ -76.84761, 40.96842 ], [ -76.845692, 40.968185 ], [ -76.84583, 40.970269 ], [ -76.848174, 40.9728 ], [ -76.839891, 40.977616 ], [ -76.839729, 40.9789 ], [ -76.842442, 40.982382 ], [ -76.843993, 40.984491 ], [ -76.847163, 40.985931 ], [ -76.848524, 40.985358 ], [ -76.849831, 40.986491 ], [ -76.851117, 40.988859 ], [ -76.848472, 40.99068 ], [ -76.847663, 40.992575 ], [ -76.849526, 40.99484 ], [ -76.849055, 40.995601 ], [ -76.85, 40.998315 ], [ -76.851018, 40.998252 ], [ -76.849874, 41.003197 ], [ -76.848225, 41.004214 ], [ -76.840801, 41.001491 ], [ -76.837452, 41.001319 ], [ -76.834769, 41.004177 ], [ -76.835135, 41.005317 ], [ -76.837618, 41.005209 ], [ -76.837779, 41.006814 ], [ -76.841235, 41.006149 ], [ -76.841361, 41.007325 ], [ -76.839168, 41.007414 ], [ -76.839783, 41.014772 ], [ -76.832055, 41.01517 ], [ -76.834276, 41.01984 ], [ -76.836044, 41.018702 ], [ -76.838574, 41.018682 ], [ -76.83844, 41.017606 ], [ -76.84002, 41.017453 ], [ -76.840281, 41.02075 ], [ -76.840593, 41.025627 ], [ -76.842361, 41.030612 ], [ -76.83984, 41.031031 ], [ -76.841296, 41.034497 ], [ -76.840109, 41.034845 ], [ -76.841195, 41.037308 ], [ -76.8429, 41.037345 ], [ -76.842999, 41.036221 ], [ -76.84459, 41.035238 ], [ -76.850766, 41.035111 ], [ -76.850822, 41.033278 ], [ -76.853157, 41.033692 ], [ -76.861503, 41.033952 ], [ -76.861471, 41.033566 ], [ -76.861433, 41.033387 ], [ -76.861249, 41.028489 ], [ -76.864544, 41.019795 ], [ -76.865103, 41.018582 ], [ -76.866122, 41.013234 ], [ -76.867389, 41.007939 ] ], [ [ -76.851218, 41.026083 ], [ -76.848945, 41.026036 ], [ -76.848113, 41.024475 ], [ -76.84811, 41.024369 ], [ -76.850515, 41.024295 ], [ -76.851425, 41.024376 ], [ -76.851218, 41.026083 ] ], [ [ -76.844562, 41.005672 ], [ -76.844863, 41.006059 ], [ -76.843481, 41.006107 ], [ -76.843372, 41.004953 ], [ -76.843889, 41.004562 ], [ -76.844986, 41.0053 ], [ -76.844562, 41.005672 ] ], [ [ -76.843765, 41.004479 ], [ -76.842815, 41.003825 ], [ -76.843263, 41.003389 ], [ -76.844411, 41.003805 ], [ -76.843765, 41.004479 ] ] ] } },
{ "type": "Feature", "properties": { "GEOID": "4262792", "NAME": "Prospect Park borough, Pennsylvania", "population": 6409.0 }, "geometry": { "type": "Polygon", "coordinates": [ [ [ -75.316218, 39.887421 ], [ -75.314404, 39.885217 ], [ -75.310412, 39.880187 ], [ -75.308064, 39.876478 ], [ -75.305844, 39.875164 ], [ -75.304708, 39.876389 ], [ -75.299819, 39.877424 ], [ -75.298319, 39.876792 ], [ -75.298619, 39.877941 ], [ -75.301856, 39.882164 ], [ -75.30357, 39.884342 ], [ -75.300294, 39.88803 ], [ -75.302616, 39.891043 ], [ -75.306493, 39.896149 ], [ -75.31388, 39.892827 ], [ -75.315759, 39.887628 ], [ -75.316218, 39.887421 ] ] ] } },
{ "type": "Feature", "properties": { "GEOID": "4284144", "NAME": "West View borough, Pennsylvania", "population": 6355.0 }, "geometry": { "type": "Polygon", "coordinates": [ [ [ -80.048085, 40.521136 ], [ -80.047808, 40.518741 ], [ -80.047358, 40.513877 ], [ -80.047321, 40.513005 ], [ -80.04158, 40.514831 ], [ -80.039946, 40.515294 ], [ -80.035094, 40.515891 ], [ -80.03272, 40.516701 ], [ -80.030367, 40.513994 ], [ -80.030176, 40.513789 ], [ -80.031353, 40.511567 ], [ -80.030629, 40.511367 ], [ -80.028258, 40.509542 ], [ -80.026654, 40.509035 ], [ -80.023883, 40.509766 ], [ -80.021481, 40.511569 ], [ -80.017765, 40.514417 ], [ -80.02303, 40.520775 ], [ -80.025286, 40.520986 ], [ -80.02881, 40.522239 ], [ -80.028951, 40.524265 ], [ -80.032287, 40.524109 ], [ -80.034956, 40.523906 ], [ -80.035597, 40.525748 ], [ -80.036996, 40.527426 ], [ -80.039644, 40.527433 ], [ -80.040904, 40.52851 ], [ -80.042243, 40.527051 ], [ -80.039969, 40.522256 ], [ -80.041152, 40.522063 ], [ -80.042395, 40.521705 ], [ -80.048117, 40.521891 ], [ -80.048085, 40.521136 ] ] ] } },
{ "type": "Feature", "properties": { "GEOID": "4273888", "NAME": "Steelton borough, Pennsylvania", "population": 6328.0 }, "geometry": { "type": "Polygon", "coordinates": [ [ [ -76.852248, 40.235024 ], [ -76.846071, 40.231776 ], [ -76.840052, 40.228226 ], [ -76.836412, 40.226371 ], [ -76.813288, 40.21346 ], [ -76.803362, 40.209419 ], [ -76.802969, 40.208771 ], [ -76.800102, 40.208214 ], [ -76.797361, 40.212033 ], [ -76.796498, 40.213261 ], [ -76.79594, 40.214348 ], [ -76.801792, 40.217489 ], [ -76.806541, 40.220097 ], [ -76.807228, 40.221328 ], [ -76.815746, 40.221788 ], [ -76.8167, 40.223818 ], [ -76.815444, 40.228362 ], [ -76.814341, 40.229511 ], [ -76.814567, 40.231793 ], [ -76.816582, 40.23033 ], [ -76.817393, 40.229404 ], [ -76.818017, 40.228812 ], [ -76.822473, 40.223987 ], [ -76.824678, 40.224963 ], [ -76.824151, 40.225915 ], [ -76.824171, 40.227171 ], [ -76.825591, 40.226412 ], [ -76.826161, 40.22633 ], [ -76.83136, 40.230667 ], [ -76.832305, 40.231522 ], [ -76.828657, 40.23487 ], [ -76.832312, 40.237817 ], [ -76.833203, 40.236748 ], [ -76.835272, 40.236099 ], [ -76.836516, 40.236842 ], [ -76.837624, 40.238091 ], [ -76.835202, 40.239986 ], [ -76.833208, 40.241103 ], [ -76.835158, 40.240578 ], [ -76.838602, 40.242696 ], [ -76.839736, 40.243385 ], [ -76.844084, 40.238655 ], [ -76.85054, 40.241543 ], [ -76.852383, 40.239768 ], [ -76.853056, 40.239077 ], [ -76.850752, 40.237841 ], [ -76.853483, 40.236168 ], [ -76.852248, 40.235024 ] ] ] } },
{ "type": "Feature", "properties": { "GEOID": "4276184", "NAME": "Taylor borough, Pennsylvania", "population": 6232.0 }, "geometry": { "type": "Polygon", "coordinates": [ [ [ -75.733416, 41.385369 ], [ -75.73379, 41.384152 ], [ -75.729501, 41.380965 ], [ -75.728532, 41.379733 ], [ -75.725244, 41.37543 ], [ -75.722325, 41.371638 ], [ -75.721418, 41.374084 ], [ -75.720352, 41.375244 ], [ -75.717783, 41.376614 ], [ -75.707164, 41.377437 ], [ -75.707397, 41.378517 ], [ -75.707622, 41.382815 ], [ -75.707236, 41.383196 ], [ -75.706364, 41.383637 ], [ -75.703194, 41.384558 ], [ -75.694318, 41.385747 ], [ -75.693949, 41.386179 ], [ -75.694159, 41.388042 ], [ -75.693067, 41.389214 ], [ -75.691593, 41.389866 ], [ -75.686697, 41.389032 ], [ -75.682586, 41.392139 ], [ -75.678102, 41.393712 ], [ -75.685838, 41.397536 ], [ -75.688097, 41.398646 ], [ -75.68916, 41.39626 ], [ -75.701689, 41.402356 ], [ -75.699934, 41.404401 ], [ -75.696966, 41.402972 ], [ -75.694682, 41.405609 ], [ -75.693699, 41.406723 ], [ -75.700517, 41.410103 ], [ -75.701676, 41.410626 ], [ -75.705986, 41.412624 ], [ -75.720016, 41.419221 ], [ -75.743459, 41.392797 ], [ -75.733416, 41.385369 ] ] ] } },
{ "type": "Feature", "properties": { "GEOID": "4233744", "NAME": "Hellertown borough, Pennsylvania", "population": 6138.0 }, "geometry": { "type": "Polygon", "coordinates": [ [ [ -75.347209, 40.584175 ], [ -75.344133, 40.582299 ], [ -75.344987, 40.578961 ], [ -75.345109, 40.578497 ], [ -75.343994, 40.574395 ], [ -75.344587, 40.571136 ], [ -75.34292, 40.568265 ], [ -75.339529, 40.567076 ], [ -75.33321, 40.567425 ], [ -75.333545, 40.571075 ], [ -75.339711, 40.571067 ], [ -75.339754, 40.572521 ], [ -75.332515, 40.572994 ], [ -75.330679, 40.573089 ], [ -75.327261, 40.573263 ], [ -75.327918, 40.58084 ], [ -75.328067, 40.583293 ], [ -75.333415, 40.583424 ], [ -75.333589, 40.585392 ], [ -75.333788, 40.58836 ], [ -75.333194, 40.589435 ], [ -75.330804, 40.593757 ], [ -75.340085, 40.5932 ], [ -75.340413, 40.596157 ], [ -75.343645, 40.59639 ], [ -75.34452, 40.593083 ], [ -75.344465, 40.590775 ], [ -75.344241, 40.588017 ], [ -75.346772, 40.587315 ], [ -75.348227, 40.585767 ], [ -75.347209, 40.584175 ] ] ] } },
{ "type": "Feature", "properties": { "GEOID": "4272648", "NAME": "South Williamsport borough, Pennsylvania", "population": 6124.0 }, "geometry": { "type": "Polygon", "coordinates": [ [ [ -77.028917, 41.221859 ], [ -77.02709, 41.219017 ], [ -77.017076, 41.220779 ], [ -77.013857, 41.220827 ], [ -77.006002, 41.221934 ], [ -77.002362, 41.22247 ], [ -76.988598, 41.224511 ], [ -76.987333, 41.223726 ], [ -76.987528, 41.22298 ], [ -76.986698, 41.223078 ], [ -76.983549, 41.226003 ], [ -76.9787, 41.226251 ], [ -76.981712, 41.234836 ], [ -76.982502, 41.238945 ], [ -76.983351, 41.244161 ], [ -76.990922, 41.24145 ], [ -76.997688, 41.237517 ], [ -77.003663, 41.234411 ], [ -77.015654, 41.229606 ], [ -77.02455, 41.228067 ], [ -77.028156, 41.228241 ], [ -77.027572, 41.225444 ], [ -77.027207, 41.223613 ], [ -77.027684, 41.223555 ], [ -77.029784, 41.223267 ], [ -77.028917, 41.221859 ] ] ] } },
{ "type": "Feature", "properties": { "GEOID": "4226592", "NAME": "Forest Hills borough, Pennsylvania", "population": 6116.0 }, "geometry": { "type": "Polygon", "coordinates": [ [ [ -79.872347, 40.426906 ], [ -79.869307, 40.425527 ], [ -79.867706, 40.423346 ], [ -79.865089, 40.422642 ], [ -79.863879, 40.422419 ], [ -79.861456, 40.421608 ], [ -79.859701, 40.420722 ], [ -79.858203, 40.421105 ], [ -79.851519, 40.418367 ], [ -79.852382, 40.417125 ], [ -79.852614, 40.416783 ], [ -79.851126, 40.416085 ], [ -79.850594, 40.415774 ], [ -79.849896, 40.415543 ], [ -79.849042, 40.411725 ], [ -79.844219, 40.412245 ], [ -79.843126, 40.409233 ], [ -79.838974, 40.414873 ], [ -79.841521, 40.419014 ], [ -79.841424, 40.420133 ], [ -79.843042, 40.422163 ], [ -79.843183, 40.422717 ], [ -79.843346, 40.423492 ], [ -79.843593, 40.424496 ], [ -79.847161, 40.428566 ], [ -79.848868, 40.430708 ], [ -79.848451, 40.433598 ], [ -79.852007, 40.43689 ], [ -79.853646, 40.435616 ], [ -79.856261, 40.43391 ], [ -79.856772, 40.434364 ], [ -79.861498, 40.438222 ], [ -79.865552, 40.432888 ], [ -79.86675, 40.431325 ], [ -79.868845, 40.432211 ], [ -79.871094, 40.432052 ], [ -79.87046, 40.429936 ], [ -79.871047, 40.427586 ], [ -79.872347, 40.426906 ] ] ] } },
{ "type": "Feature", "properties": { "GEOID": "4252808", "NAME": "Nazareth borough, Pennsylvania", "population": 6091.0 }, "geometry": { "type": "Polygon", "coordinates": [ [ [ -75.328886, 40.732187 ], [ -75.325135, 40.73155 ], [ -75.312751, 40.732566 ], [ -75.311891, 40.731218 ], [ -75.306252, 40.731654 ], [ -75.30478, 40.730455 ], [ -75.297526, 40.73094 ], [ -75.297744, 40.733873 ], [ -75.301526, 40.735647 ], [ -75.301104, 40.737305 ], [ -75.300905, 40.738065 ], [ -75.297908, 40.741322 ], [ -75.300451, 40.742542 ], [ -75.300279, 40.74397 ], [ -75.302539, 40.746697 ], [ -75.303598, 40.746107 ], [ -75.305844, 40.746748 ], [ -75.306527, 40.748776 ], [ -75.308664, 40.749163 ], [ -75.309845, 40.750797 ], [ -75.310532, 40.751346 ], [ -75.31492, 40.75148 ], [ -75.323094, 40.750773 ], [ -75.3217, 40.742488 ], [ -75.321464, 40.741077 ], [ -75.325241, 40.741298 ], [ -75.330709, 40.733303 ], [ -75.328886, 40.732187 ] ] ] } },
{ "type": "Feature", "properties": { "GEOID": "4269752", "NAME": "Sharon Hill borough, Pennsylvania", "population": 5995.0 }, "geometry": { "type": "Polygon", "coordinates": [ [ [ -75.278518, 39.90436 ], [ -75.278237, 39.904306 ], [ -75.278038, 39.902357 ], [ -75.276789, 39.900768 ], [ -75.275606, 39.899172 ], [ -75.274214, 39.900087 ], [ -75.272318, 39.901983 ], [ -75.269535, 39.903231 ], [ -75.265001, 39.905292 ], [ -75.263803, 39.903846 ], [ -75.259691, 39.904626 ], [ -75.257242, 39.902826 ], [ -75.254972, 39.905849 ], [ -75.255322, 39.909654 ], [ -75.259841, 39.909578 ], [ -75.26004, 39.911256 ], [ -75.260043, 39.913519 ], [ -75.26413, 39.914599 ], [ -75.264884, 39.914798 ], [ -75.265343, 39.914152 ], [ -75.26902, 39.912755 ], [ -75.276117, 39.909846 ], [ -75.281355, 39.907475 ], [ -75.278518, 39.90436 ] ] ] } },
{ "type": "Feature", "properties": { "GEOID": "4216296", "NAME": "Corry city, Pennsylvania", "population": 5993.0 }, "geometry": { "type": "Polygon", "coordinates": [ [ [ -79.65877, 41.908245 ], [ -79.63252, 41.907709 ], [ -79.611171, 41.907576 ], [ -79.611139, 41.915955 ], [ -79.611098, 41.930563 ], [ -79.611042, 41.939825 ], [ -79.631609, 41.940058 ], [ -79.639867, 41.947327 ], [ -79.644098, 41.947392 ], [ -79.645137, 41.948988 ], [ -79.644842, 41.955277 ], [ -79.652709, 41.954993 ], [ -79.652102, 41.954161 ], [ -79.649309, 41.953306 ], [ -79.647804, 41.951727 ], [ -79.650664, 41.951674 ], [ -79.650726, 41.949617 ], [ -79.652248, 41.949547 ], [ -79.653799, 41.945201 ], [ -79.646044, 41.940203 ], [ -79.658489, 41.940332 ], [ -79.658725, 41.925394 ], [ -79.658839, 41.916949 ], [ -79.65877, 41.908245 ] ] ] } },
{ "type": "Feature", "properties": { "GEOID": "4250880", "NAME": "Moosic borough, Pennsylvania", "population": 5989.0 }, "geometry": { "type": "Polygon", "coordinates": [ [ [ -75.742524, 41.356619 ], [ -75.741419, 41.355155 ], [ -75.741916, 41.348311 ], [ -75.729371, 41.346256 ], [ -75.727524, 41.345886 ], [ -75.72415, 41.345353 ], [ -75.688606, 41.339446 ], [ -75.685631, 41.338835 ], [ -75.683242, 41.338942 ], [ -75.668224, 41.3691 ], [ -75.674484, 41.371904 ], [ -75.676443, 41.36948 ], [ -75.68187, 41.37204 ], [ -75.683295, 41.372723 ], [ -75.689177, 41.375629 ], [ -75.691375, 41.371459 ], [ -75.695786, 41.374243 ], [ -75.698766, 41.376131 ], [ -75.700434, 41.377169 ], [ -75.703619, 41.379504 ], [ -75.707236, 41.383196 ], [ -75.707622, 41.382815 ], [ -75.707397, 41.378517 ], [ -75.707164, 41.377437 ], [ -75.717783, 41.376614 ], [ -75.720352, 41.375244 ], [ -75.721418, 41.374084 ], [ -75.722325, 41.371638 ], [ -75.721982, 41.370116 ], [ -75.722022, 41.367499 ], [ -75.724426, 41.36348 ], [ -75.723837, 41.359561 ], [ -75.72532, 41.356082 ], [ -75.726043, 41.355685 ], [ -75.72688, 41.355918 ], [ -75.728115, 41.356935 ], [ -75.7298, 41.358756 ], [ -75.734633, 41.359169 ], [ -75.735917, 41.358042 ], [ -75.736965, 41.357288 ], [ -75.740856, 41.356221 ], [ -75.742087, 41.356717 ], [ -75.742524, 41.356619 ] ] ] } },
{ "type": "Feature", "properties": { "GEOID": "4219160", "NAME": "Dickson City borough, Pennsylvania", "population": 5976.0 }, "geometry": { "type": "Polygon", "coordinates": [ [ [ -75.662269, 41.462546 ], [ -75.641058, 41.452165 ], [ -75.636311, 41.449764 ], [ -75.634753, 41.450884 ], [ -75.628846, 41.450764 ], [ -75.625486, 41.450465 ], [ -75.623453, 41.452533 ], [ -75.620584, 41.457016 ], [ -75.620393, 41.457568 ], [ -75.619858, 41.458876 ], [ -75.615827, 41.461626 ], [ -75.614216, 41.46367 ], [ -75.612527, 41.463889 ], [ -75.610085, 41.463653 ], [ -75.60768, 41.464688 ], [ -75.604598, 41.467605 ], [ -75.60763, 41.46848 ], [ -75.606611, 41.47072 ], [ -75.607545, 41.47139 ], [ -75.619785, 41.479428 ], [ -75.63207, 41.487445 ], [ -75.662199, 41.47592 ], [ -75.662269, 41.462546 ] ] ] } },
{ "type": "Feature", "properties": { "GEOID": "4255664", "NAME": "Norwood borough, Pennsylvania", "population": 5927.0 }, "geometry": { "type": "Polygon", "coordinates": [ [ [ -75.302616, 39.891043 ], [ -75.300294, 39.88803 ], [ -75.30357, 39.884342 ], [ -75.301856, 39.882164 ], [ -75.298619, 39.877941 ], [ -75.298319, 39.876792 ], [ -75.297313, 39.875204 ], [ -75.294922, 39.876134 ], [ -75.288386, 39.880858 ], [ -75.289327, 39.881982 ], [ -75.2863, 39.885278 ], [ -75.287476, 39.886897 ], [ -75.288878, 39.886443 ], [ -75.289617, 39.888737 ], [ -75.289835, 39.888827 ], [ -75.292493, 39.892627 ], [ -75.295451, 39.893451 ], [ -75.296346, 39.893666 ], [ -75.299488, 39.895281 ], [ -75.301164, 39.897708 ], [ -75.302202, 39.898086 ], [ -75.306493, 39.896149 ], [ -75.302616, 39.891043 ] ] ] } },
{ "type": "Feature", "properties": { "GEOID": "4248480", "NAME": "Media borough, Pennsylvania", "population": 5920.0 }, "geometry": { "type": "Polygon", "coordinates": [ [ [ -75.399685, 39.915495 ], [ -75.391888, 39.914545 ], [ -75.384634, 39.913523 ], [ -75.383231, 39.911963 ], [ -75.379196, 39.912821 ], [ -75.378087, 39.912663 ], [ -75.381105, 39.918987 ], [ -75.381591, 39.920024 ], [ -75.381481, 39.922443 ], [ -75.383068, 39.923202 ], [ -75.385036, 39.927328 ], [ -75.385795, 39.929568 ], [ -75.387086, 39.929183 ], [ -75.395079, 39.924759 ], [ -75.396285, 39.92317 ], [ -75.397053, 39.921759 ], [ -75.398575, 39.919147 ], [ -75.399626, 39.916852 ], [ -75.399685, 39.915495 ] ] ] } },
{ "type": "Feature", "properties": { "GEOID": "4227456", "NAME": "Franklin city, Pennsylvania", "population": 5899.0 }, "geometry": { "type": "Polygon", "coordinates": [ [ [ -79.872536, 41.399956 ], [ -79.870893, 41.39933 ], [ -79.858645, 41.398326 ], [ -79.857667, 41.399954 ], [ -79.854965, 41.398308 ], [ -79.851392, 41.399663 ], [ -79.844906, 41.401081 ], [ -79.840873, 41.401472 ], [ -79.840788, 41.400881 ], [ -79.840038, 41.400313 ], [ -79.839961, 41.390532 ], [ -79.841423, 41.389382 ], [ -79.841357, 41.388628 ], [ -79.841176, 41.3866 ], [ -79.843629, 41.386585 ], [ -79.843609, 41.383486 ], [ -79.849949, 41.382415 ], [ -79.853961, 41.382586 ], [ -79.856373, 41.383542 ], [ -79.856497, 41.385231 ], [ -79.858995, 41.383847 ], [ -79.859891, 41.38223 ], [ -79.862816, 41.382205 ], [ -79.862668, 41.380867 ], [ -79.866913, 41.381723 ], [ -79.867669, 41.379641 ], [ -79.863715, 41.3787 ], [ -79.863423, 41.373991 ], [ -79.86333, 41.373255 ], [ -79.860494, 41.373246 ], [ -79.858857, 41.374167 ], [ -79.856577, 41.376514 ], [ -79.853325, 41.376527 ], [ -79.849552, 41.374315 ], [ -79.847831, 41.373102 ], [ -79.836571, 41.372918 ], [ -79.836541, 41.372178 ], [ -79.823183, 41.372414 ], [ -79.821631, 41.37454 ], [ -79.82032, 41.372496 ], [ -79.817461, 41.374709 ], [ -79.818385, 41.375264 ], [ -79.819654, 41.378449 ], [ -79.819961, 41.381831 ], [ -79.820734, 41.384235 ], [ -79.820151, 41.386168 ], [ -79.820447, 41.389352 ], [ -79.821913, 41.393014 ], [ -79.82083, 41.393218 ], [ -79.818582, 41.396112 ], [ -79.81904, 41.397631 ], [ -79.821761, 41.395159 ], [ -79.825156, 41.400031 ], [ -79.826093, 41.400881 ], [ -79.826022, 41.40222 ], [ -79.83232, 41.404954 ], [ -79.836035, 41.409187 ], [ -79.833194, 41.412284 ], [ -79.833512, 41.414925 ], [ -79.83669, 41.417879 ], [ -79.847571, 41.416923 ], [ -79.847397, 41.415737 ], [ -79.849733, 41.415938 ], [ -79.850602, 41.413311 ], [ -79.85232, 41.413596 ], [ -79.852835, 41.410309 ], [ -79.854604, 41.408313 ], [ -79.855877, 41.40176 ], [ -79.856902, 41.402232 ], [ -79.856539, 41.407314 ], [ -79.853821, 41.410123 ], [ -79.853885, 41.411498 ], [ -79.856031, 41.411903 ], [ -79.862739, 41.413612 ], [ -79.869277, 41.413939 ], [ -79.87073, 41.408746 ], [ -79.86741, 41.407993 ], [ -79.867976, 41.406403 ], [ -79.871202, 41.406533 ], [ -79.87272, 41.40067 ], [ -79.872536, 41.399956 ] ] ] } },
{ "type": "Feature", "properties": { "GEOID": "4257480", "NAME": "Oxford borough, Pennsylvania", "population": 5887.0 }, "geometry": { "type": "Polygon", "coordinates": [ [ [ -75.999458, 39.78307 ], [ -75.9979, 39.778734 ], [ -75.981406, 39.777233 ], [ -75.98346, 39.774671 ], [ -75.982371, 39.774127 ], [ -75.981042, 39.777198 ], [ -75.977885, 39.776913 ], [ -75.97299, 39.778006 ], [ -75.96305, 39.780203 ], [ -75.963448, 39.78261 ], [ -75.964196, 39.787139 ], [ -75.965297, 39.788093 ], [ -75.962182, 39.790869 ], [ -75.95992, 39.792885 ], [ -75.961086, 39.795781 ], [ -75.964669, 39.793569 ], [ -75.970312, 39.796337 ], [ -75.971347, 39.795053 ], [ -75.975359, 39.796579 ], [ -75.976439, 39.795223 ], [ -75.977715, 39.792318 ], [ -75.977982, 39.791027 ], [ -75.982801, 39.78975 ], [ -75.984299, 39.791342 ], [ -75.986316, 39.791677 ], [ -75.987289, 39.792935 ], [ -75.98829, 39.792508 ], [ -75.990391, 39.794296 ], [ -75.995672, 39.79315 ], [ -75.995335, 39.788691 ], [ -75.99071, 39.788233 ], [ -75.991132, 39.787493 ], [ -75.998253, 39.788433 ], [ -76.000295, 39.785397 ], [ -75.999458, 39.78307 ] ] ] } },
{ "type": "Feature", "properties": { "GEOID": "4213704", "NAME": "Clairton municipality, Pennsylvania", "population": 5876.0 }, "geometry": { "type": "Polygon", "coordinates": [ [ [ -79.900763, 40.312059 ], [ -79.895072, 40.306012 ], [ -79.896985, 40.303279 ], [ -79.899548, 40.301929 ], [ -79.895365, 40.29889 ], [ -79.889186, 40.300709 ], [ -79.884388, 40.298462 ], [ -79.883666, 40.298136 ], [ -79.89402, 40.296997 ], [ -79.896882, 40.296957 ], [ -79.898308, 40.296182 ], [ -79.90037, 40.29563 ], [ -79.900139, 40.293801 ], [ -79.900026, 40.292853 ], [ -79.899901, 40.291813 ], [ -79.900475, 40.283211 ], [ -79.897918, 40.281 ], [ -79.892702, 40.28091 ], [ -79.888347, 40.283189 ], [ -79.883042, 40.283122 ], [ -79.880129, 40.285376 ], [ -79.878161, 40.284927 ], [ -79.876178, 40.283596 ], [ -79.875027, 40.284195 ], [ -79.870686, 40.287896 ], [ -79.86832, 40.291141 ], [ -79.8671, 40.295992 ], [ -79.86778, 40.300231 ], [ -79.868453, 40.302003 ], [ -79.871528, 40.305112 ], [ -79.876862, 40.30906 ], [ -79.884177, 40.311453 ], [ -79.89139, 40.314728 ], [ -79.895009, 40.317783 ], [ -79.896675, 40.319746 ], [ -79.898627, 40.319526 ], [ -79.899392, 40.318679 ], [ -79.900468, 40.318973 ], [ -79.900467, 40.317195 ], [ -79.898853, 40.316569 ], [ -79.8973, 40.314253 ], [ -79.899589, 40.312099 ], [ -79.900763, 40.312059 ] ] ] } },
{ "type": "Feature", "properties": { "GEOID": "4205256", "NAME": "Bellefonte borough, Pennsylvania", "population": 5862.0 }, "geometry": { "type": "Polygon", "coordinates": [ [ [ -77.786349, 40.906112 ], [ -77.784844, 40.906123 ], [ -77.783187, 40.906508 ], [ -77.78248, 40.905737 ], [ -77.784059, 40.904756 ], [ -77.781031, 40.902218 ], [ -77.778768, 40.904495 ], [ -77.780642, 40.907085 ], [ -77.776714, 40.907983 ], [ -77.775942, 40.906509 ], [ -77.769776, 40.909453 ], [ -77.766739, 40.907424 ], [ -77.765151, 40.908833 ], [ -77.766162, 40.909706 ], [ -77.763054, 40.911221 ], [ -77.755072, 40.906065 ], [ -77.751262, 40.909663 ], [ -77.749621, 40.908667 ], [ -77.748521, 40.909372 ], [ -77.75059, 40.910693 ], [ -77.748898, 40.91197 ], [ -77.749822, 40.914497 ], [ -77.749887, 40.915876 ], [ -77.747488, 40.917498 ], [ -77.747321, 40.919379 ], [ -77.745468, 40.920728 ], [ -77.748334, 40.924572 ], [ -77.76238, 40.918079 ], [ -77.763425, 40.919156 ], [ -77.764236, 40.91881 ], [ -77.765753, 40.920673 ], [ -77.772954, 40.923495 ], [ -77.771924, 40.920739 ], [ -77.772739, 40.920576 ], [ -77.777611, 40.919581 ], [ -77.785599, 40.91795 ], [ -77.790506, 40.916949 ], [ -77.786349, 40.906112 ] ] ] } },
{ "type": "Feature", "properties": { "GEOID": "4271776", "NAME": "Somerset borough, Pennsylvania", "population": 5815.0 }, "geometry": { "type": "Polygon", "coordinates": [ [ [ -79.104721, 39.996878 ], [ -79.102145, 39.998044 ], [ -79.100001, 39.996656 ], [ -79.094972, 39.997149 ], [ -79.09184, 39.998012 ], [ -79.092631, 39.999196 ], [ -79.092913, 40.003016 ], [ -79.089019, 40.003062 ], [ -79.088863, 39.997492 ], [ -79.092211, 39.995323 ], [ -79.093791, 39.992007 ], [ -79.091115, 39.989599 ], [ -79.088287, 39.990002 ], [ -79.089611, 39.992716 ], [ -79.088219, 39.991996 ], [ -79.085054, 39.99297 ], [ -79.084735, 39.991638 ], [ -79.081422, 39.992832 ], [ -79.08094, 39.994113 ], [ -79.08085, 40.001277 ], [ -79.078643, 40.002965 ], [ -79.072704, 40.002986 ], [ -79.074534, 40.002085 ], [ -79.075237, 40.000653 ], [ -79.071921, 40.00001 ], [ -79.068958, 39.998451 ], [ -79.066964, 39.999692 ], [ -79.065894, 39.999181 ], [ -79.06142, 40.000413 ], [ -79.058497, 40.001059 ], [ -79.058017, 40.002468 ], [ -79.055998, 40.002162 ], [ -79.055972, 40.003299 ], [ -79.053305, 40.003054 ], [ -79.052414, 40.002069 ], [ -79.052278, 39.994189 ], [ -79.049861, 39.992775 ], [ -79.04617, 39.993022 ], [ -79.046036, 39.990288 ], [ -79.042489, 39.990133 ], [ -79.038757, 39.997599 ], [ -79.041155, 39.998382 ], [ -79.042763, 39.996765 ], [ -79.048079, 39.998279 ], [ -79.048813, 40.000779 ], [ -79.052741, 40.00457 ], [ -79.05488, 40.00563 ], [ -79.05934, 40.00663 ], [ -79.061855, 40.006505 ], [ -79.066414, 40.007563 ], [ -79.073572, 40.010027 ], [ -79.073919, 40.01188 ], [ -79.075276, 40.014375 ], [ -79.075922, 40.016884 ], [ -79.077779, 40.018623 ], [ -79.081252, 40.019974 ], [ -79.081039, 40.022162 ], [ -79.077331, 40.021756 ], [ -79.078554, 40.023315 ], [ -79.076791, 40.025307 ], [ -79.077819, 40.025062 ], [ -79.078493, 40.027843 ], [ -79.082631, 40.026866 ], [ -79.08354, 40.02514 ], [ -79.08239, 40.023263 ], [ -79.085606, 40.022144 ], [ -79.08321, 40.01906 ], [ -79.083202, 40.013819 ], [ -79.085033, 40.013781 ], [ -79.089829, 40.016943 ], [ -79.091027, 40.01645 ], [ -79.093717, 40.012289 ], [ -79.096117, 40.010721 ], [ -79.101132, 40.01219 ], [ -79.101998, 40.008939 ], [ -79.098549, 40.008641 ], [ -79.097057, 40.0059 ], [ -79.095517, 40.003099 ], [ -79.102031, 40.001 ], [ -79.102054, 39.999584 ], [ -79.10459, 40.000476 ], [ -79.104721, 39.996878 ] ] ] } },
{ "type": "Feature", "properties": { "GEOID": "4274888", "NAME": "Stroudsburg borough, Pennsylvania", "population": 5809.0 }, "geometry": { "type": "Polygon", "coordinates": [ [ [ -75.215493, 40.98246 ], [ -75.214706, 40.9762 ], [ -75.214278, 40.97615 ], [ -75.208091, 40.975417 ], [ -75.202491, 40.974765 ], [ -75.201049, 40.975367 ], [ -75.197369, 40.975203 ], [ -75.179355, 40.979432 ], [ -75.1809, 40.984156 ], [ -75.181534, 40.98432 ], [ -75.18353, 40.987055 ], [ -75.184266, 40.988145 ], [ -75.187021, 40.992022 ], [ -75.187617, 40.995847 ], [ -75.189143, 40.997542 ], [ -75.192837, 40.995746 ], [ -75.19719, 40.993559 ], [ -75.196418, 40.992141 ], [ -75.200086, 40.991027 ], [ -75.204862, 40.988105 ], [ -75.207076, 40.987378 ], [ -75.208071, 40.987755 ], [ -75.20863, 40.987674 ], [ -75.214553, 40.984286 ], [ -75.215792, 40.984711 ], [ -75.215493, 40.98246 ] ] ] } },
{ "type": "Feature", "properties": { "GEOID": "4261648", "NAME": "Plymouth borough, Pennsylvania", "population": 5801.0 }, "geometry": { "type": "Polygon", "coordinates": [ [ [ -75.96431, 41.234216 ], [ -75.960651, 41.23037 ], [ -75.951684, 41.235536 ], [ -75.950979, 41.234918 ], [ -75.947511, 41.236692 ], [ -75.943485, 41.237549 ], [ -75.942118, 41.237658 ], [ -75.936408, 41.238355 ], [ -75.931667, 41.240249 ], [ -75.938774, 41.247743 ], [ -75.93915, 41.249646 ], [ -75.941618, 41.248238 ], [ -75.946395, 41.245511 ], [ -75.949909, 41.245649 ], [ -75.950781, 41.24658 ], [ -75.952183, 41.24592 ], [ -75.95834, 41.245547 ], [ -75.961515, 41.244479 ], [ -75.962617, 41.243038 ], [ -75.964685, 41.241951 ], [ -75.96359, 41.241007 ], [ -75.966008, 41.240121 ], [ -75.963249, 41.238702 ], [ -75.967328, 41.236617 ], [ -75.96431, 41.234216 ] ] ] } },
{ "type": "Feature", "properties": { "GEOID": "4216848", "NAME": "Crafton borough, Pennsylvania", "population": 5790.0 }, "geometry": { "type": "Polygon", "coordinates": [ [ [ -80.086698, 40.425484 ], [ -80.084993, 40.424585 ], [ -80.085542, 40.423842 ], [ -80.080519, 40.423723 ], [ -80.073882, 40.425463 ], [ -80.073207, 40.426039 ], [ -80.070567, 40.428629 ], [ -80.06858, 40.431358 ], [ -80.065546, 40.430349 ], [ -80.063141, 40.427914 ], [ -80.062166, 40.429049 ], [ -80.059154, 40.429331 ], [ -80.057907, 40.431459 ], [ -80.057285, 40.431572 ], [ -80.059123, 40.437135 ], [ -80.057596, 40.437534 ], [ -80.061216, 40.440632 ], [ -80.062681, 40.441886 ], [ -80.066092, 40.442016 ], [ -80.073172, 40.441084 ], [ -80.074064, 40.440335 ], [ -80.076352, 40.441808 ], [ -80.080136, 40.440682 ], [ -80.080612, 40.440118 ], [ -80.080749, 40.439738 ], [ -80.080375, 40.439637 ], [ -80.078129, 40.43863 ], [ -80.075374, 40.434219 ], [ -80.076386, 40.431686 ], [ -80.080377, 40.432072 ], [ -80.083765, 40.430866 ], [ -80.085297, 40.429894 ], [ -80.086335, 40.428388 ], [ -80.086698, 40.425484 ] ] ] } },
{ "type": "Feature", "properties": { "GEOID": "4222608", "NAME": "Edinboro borough, Pennsylvania", "population": 5790.0 }, "geometry": { "type": "Polygon", "coordinates": [ [ [ -80.146462, 41.882529 ], [ -80.14354, 41.880511 ], [ -80.144373, 41.880693 ], [ -80.144395, 41.870341 ], [ -80.134005, 41.870387 ], [ -80.136893, 41.869256 ], [ -80.135933, 41.868349 ], [ -80.131206, 41.868321 ], [ -80.130614, 41.868794 ], [ -80.128705, 41.866023 ], [ -80.127892, 41.863143 ], [ -80.125701, 41.862874 ], [ -80.12735, 41.865599 ], [ -80.125912, 41.866498 ], [ -80.124779, 41.867035 ], [ -80.122052, 41.866451 ], [ -80.12186, 41.863189 ], [ -80.119164, 41.862399 ], [ -80.119135, 41.863697 ], [ -80.115869, 41.863955 ], [ -80.115883, 41.865792 ], [ -80.105873, 41.866381 ], [ -80.101958, 41.866498 ], [ -80.101854, 41.871915 ], [ -80.105788, 41.871882 ], [ -80.105882, 41.870302 ], [ -80.110897, 41.870305 ], [ -80.110786, 41.877256 ], [ -80.114015, 41.877276 ], [ -80.113978, 41.879387 ], [ -80.112549, 41.87979 ], [ -80.110718, 41.88008 ], [ -80.110618, 41.885526 ], [ -80.113706, 41.88552 ], [ -80.113705, 41.886549 ], [ -80.117394, 41.886555 ], [ -80.117357, 41.89099 ], [ -80.127415, 41.891066 ], [ -80.12835, 41.882143 ], [ -80.129089, 41.880804 ], [ -80.12941, 41.880803 ], [ -80.138795, 41.880789 ], [ -80.140686, 41.882876 ], [ -80.139701, 41.886542 ], [ -80.144705, 41.885985 ], [ -80.146821, 41.884482 ], [ -80.146462, 41.882529 ] ] ] } },
{ "type": "Feature", "properties": { "GEOID": "4208568", "NAME": "Bridgeport borough, Pennsylvania", "population": 5758.0 }, "geometry": { "type": "Polygon", "coordinates": [ [ [ -75.353642, 40.099864 ], [ -75.352147, 40.097975 ], [ -75.348216, 40.099506 ], [ -75.340801, 40.099358 ], [ -75.339605, 40.09996 ], [ -75.335778, 40.101674 ], [ -75.327346, 40.105365 ], [ -75.333068, 40.106608 ], [ -75.340184, 40.109336 ], [ -75.344317, 40.110331 ], [ -75.346892, 40.111097 ], [ -75.347487, 40.109508 ], [ -75.348221, 40.107589 ], [ -75.349532, 40.107176 ], [ -75.351357, 40.106426 ], [ -75.35162, 40.106314 ], [ -75.352798, 40.105816 ], [ -75.356909, 40.104105 ], [ -75.353642, 40.099864 ] ] ] } },
{ "type": "Feature", "properties": { "GEOID": "4253696", "NAME": "New Holland borough, Pennsylvania", "population": 5754.0 }, "geometry": { "type": "Polygon", "coordinates": [ [ [ -76.112464, 40.09096 ], [ -76.111166, 40.086596 ], [ -76.102748, 40.087257 ], [ -76.103043, 40.0864 ], [ -76.098929, 40.087107 ], [ -76.09876, 40.090813 ], [ -76.098075, 40.090063 ], [ -76.096388, 40.090795 ], [ -76.097183, 40.093232 ], [ -76.098634, 40.09221 ], [ -76.098999, 40.094857 ], [ -76.094744, 40.095137 ], [ -76.093127, 40.09644 ], [ -76.088908, 40.097283 ], [ -76.087688, 40.095567 ], [ -76.083705, 40.097208 ], [ -76.083121, 40.096383 ], [ -76.080052, 40.097617 ], [ -76.075024, 40.100109 ], [ -76.076408, 40.101613 ], [ -76.066073, 40.10555 ], [ -76.068583, 40.10725 ], [ -76.064165, 40.109148 ], [ -76.065587, 40.111271 ], [ -76.066739, 40.110674 ], [ -76.069925, 40.113659 ], [ -76.073997, 40.112044 ], [ -76.075036, 40.11308 ], [ -76.078048, 40.112201 ], [ -76.083711, 40.109611 ], [ -76.089143, 40.107271 ], [ -76.08873, 40.106445 ], [ -76.094055, 40.104552 ], [ -76.095543, 40.104085 ], [ -76.098315, 40.107589 ], [ -76.099393, 40.107139 ], [ -76.100692, 40.109113 ], [ -76.102367, 40.108454 ], [ -76.101079, 40.10654 ], [ -76.102256, 40.106074 ], [ -76.100335, 40.103284 ], [ -76.103442, 40.102237 ], [ -76.102984, 40.101331 ], [ -76.109085, 40.099083 ], [ -76.108379, 40.09777 ], [ -76.109893, 40.097664 ], [ -76.108056, 40.094454 ], [ -76.108418, 40.093725 ], [ -76.112022, 40.092624 ], [ -76.112464, 40.09096 ] ] ] } },
{ "type": "Feature", "properties": { "GEOID": "4214064", "NAME": "Clearfield borough, Pennsylvania", "population": 5753.0 }, "geometry": { "type": "Polygon", "coordinates": [ [ [ -78.452751, 41.02948 ], [ -78.452367, 41.02245 ], [ -78.449434, 41.022492 ], [ -78.448602, 41.019449 ], [ -78.446388, 41.019482 ], [ -78.44605, 41.017354 ], [ -78.44335, 41.017318 ], [ -78.443288, 41.014745 ], [ -78.44865, 41.014485 ], [ -78.447906, 41.009431 ], [ -78.447301, 41.005427 ], [ -78.434301, 41.005754 ], [ -78.437829, 41.010219 ], [ -78.436684, 41.011024 ], [ -78.434662, 41.009426 ], [ -78.433579, 41.01015 ], [ -78.432071, 41.00905 ], [ -78.431436, 41.011183 ], [ -78.433578, 41.014228 ], [ -78.430962, 41.022723 ], [ -78.4296, 41.023865 ], [ -78.424977, 41.023144 ], [ -78.424156, 41.024762 ], [ -78.420742, 41.024839 ], [ -78.420383, 41.025452 ], [ -78.420918, 41.027482 ], [ -78.42038, 41.02853 ], [ -78.423018, 41.030186 ], [ -78.429512, 41.033367 ], [ -78.431344, 41.033414 ], [ -78.433451, 41.032579 ], [ -78.436492, 41.030728 ], [ -78.437617, 41.029187 ], [ -78.439859, 41.029272 ], [ -78.439865, 41.029804 ], [ -78.440811, 41.031193 ], [ -78.444228, 41.030886 ], [ -78.444183, 41.032764 ], [ -78.450859, 41.034107 ], [ -78.452819, 41.033305 ], [ -78.452751, 41.02948 ] ] ] } },
{ "type": "Feature", "properties": { "GEOID": "4246264", "NAME": "McKees Rocks borough, Pennsylvania", "population": 5624.0 }, "geometry": { "type": "Polygon", "coordinates": [ [ [ -80.083464, 40.467646 ], [ -80.07981, 40.466689 ], [ -80.079498, 40.465035 ], [ -80.077649, 40.4658 ], [ -80.077697, 40.464736 ], [ -80.076707, 40.464695 ], [ -80.074891, 40.463685 ], [ -80.074234, 40.463127 ], [ -80.07189, 40.461252 ], [ -80.068551, 40.460787 ], [ -80.066203, 40.461635 ], [ -80.060835, 40.464184 ], [ -80.058485, 40.463447 ], [ -80.053359, 40.464964 ], [ -80.051178, 40.465599 ], [ -80.050265, 40.469281 ], [ -80.046841, 40.472395 ], [ -80.047862, 40.475814 ], [ -80.060451, 40.475728 ], [ -80.061877, 40.475756 ], [ -80.065205, 40.475723 ], [ -80.065261, 40.475723 ], [ -80.065692, 40.470956 ], [ -80.067571, 40.470485 ], [ -80.068946, 40.470132 ], [ -80.070994, 40.469599 ], [ -80.073161, 40.468918 ], [ -80.076095, 40.470348 ], [ -80.078144, 40.470097 ], [ -80.079147, 40.471038 ], [ -80.079659, 40.469179 ], [ -80.081912, 40.470045 ], [ -80.083464, 40.467646 ] ] ] } },
{ "type": "Feature", "properties": { "GEOID": "4257696", "NAME": "Palmerton borough, Pennsylvania", "population": 5615.0 }, "geometry": { "type": "Polygon", "coordinates": [ [ [ -75.657523, 40.793308 ], [ -75.652705, 40.79135 ], [ -75.650938, 40.789544 ], [ -75.649809, 40.789194 ], [ -75.646617, 40.789096 ], [ -75.644836, 40.790879 ], [ -75.640048, 40.790696 ], [ -75.634803, 40.792222 ], [ -75.62851, 40.7938 ], [ -75.623982, 40.795412 ], [ -75.622259, 40.797538 ], [ -75.618499, 40.797706 ], [ -75.618272, 40.796694 ], [ -75.616616, 40.796671 ], [ -75.608875, 40.799436 ], [ -75.606949, 40.798564 ], [ -75.605628, 40.800449 ], [ -75.603281, 40.802322 ], [ -75.602873, 40.8025 ], [ -75.60073, 40.799926 ], [ -75.586445, 40.805204 ], [ -75.583417, 40.806503 ], [ -75.576558, 40.807639 ], [ -75.577286, 40.810695 ], [ -75.57841, 40.810587 ], [ -75.578487, 40.812239 ], [ -75.581202, 40.81328 ], [ -75.586426, 40.810949 ], [ -75.589548, 40.810758 ], [ -75.591314, 40.809658 ], [ -75.593028, 40.811289 ], [ -75.592591, 40.812134 ], [ -75.593877, 40.813862 ], [ -75.597796, 40.812623 ], [ -75.598992, 40.811464 ], [ -75.599074, 40.811614 ], [ -75.602733, 40.81017 ], [ -75.606269, 40.811355 ], [ -75.610753, 40.80982 ], [ -75.612529, 40.812134 ], [ -75.616137, 40.811728 ], [ -75.615795, 40.810586 ], [ -75.618848, 40.810166 ], [ -75.619241, 40.810995 ], [ -75.622346, 40.810136 ], [ -75.620591, 40.806496 ], [ -75.626433, 40.804992 ], [ -75.625142, 40.803394 ], [ -75.63102, 40.801164 ], [ -75.635634, 40.799404 ], [ -75.637321, 40.801204 ], [ -75.639442, 40.799645 ], [ -75.653281, 40.795386 ], [ -75.6556, 40.794681 ], [ -75.657523, 40.793308 ] ] ] } },
{ "type": "Feature", "properties": { "GEOID": "4270352", "NAME": "Shippensburg borough, Pennsylvania", "population": 5615.0 }, "geometry": { "type": "Polygon", "coordinates": [ [ [ -77.548962, 40.045404 ], [ -77.545341, 40.043862 ], [ -77.548414, 40.042068 ], [ -77.544768, 40.038066 ], [ -77.54445, 40.036474 ], [ -77.532912, 40.044044 ], [ -77.531617, 40.044154 ], [ -77.526357, 40.045768 ], [ -77.526271, 40.04568 ], [ -77.525407, 40.044809 ], [ -77.524045, 40.04564 ], [ -77.523829, 40.045328 ], [ -77.522907, 40.045752 ], [ -77.521535, 40.044096 ], [ -77.520536, 40.04464 ], [ -77.519991, 40.043961 ], [ -77.518891, 40.044386 ], [ -77.520062, 40.045978 ], [ -77.52054, 40.046666 ], [ -77.516635, 40.048099 ], [ -77.514798, 40.045224 ], [ -77.517107, 40.044359 ], [ -77.518031, 40.042994 ], [ -77.517508, 40.043336 ], [ -77.516409, 40.039304 ], [ -77.514892, 40.038549 ], [ -77.502253, 40.043545 ], [ -77.500219, 40.045088 ], [ -77.504731, 40.048701 ], [ -77.505478, 40.048203 ], [ -77.505114, 40.049013 ], [ -77.505448, 40.049744 ], [ -77.501197, 40.050727 ], [ -77.504715, 40.051721 ], [ -77.499167, 40.056438 ], [ -77.500968, 40.057963 ], [ -77.502751, 40.05744 ], [ -77.503702, 40.058792 ], [ -77.50873, 40.057785 ], [ -77.508406, 40.05662 ], [ -77.513954, 40.058731 ], [ -77.515872, 40.056907 ], [ -77.51765, 40.05491 ], [ -77.52025, 40.053954 ], [ -77.52197, 40.053519 ], [ -77.521497, 40.055799 ], [ -77.523138, 40.054862 ], [ -77.526886, 40.05531 ], [ -77.531267, 40.054205 ], [ -77.531976, 40.052813 ], [ -77.53493, 40.053028 ], [ -77.536838, 40.051566 ], [ -77.539151, 40.051872 ], [ -77.537756, 40.0539 ], [ -77.539351, 40.054689 ], [ -77.54112, 40.052468 ], [ -77.539471, 40.051778 ], [ -77.543335, 40.050187 ], [ -77.542863, 40.049198 ], [ -77.540584, 40.047995 ], [ -77.544243, 40.049176 ], [ -77.546154, 40.048907 ], [ -77.548962, 40.045404 ] ] ] } },
{ "type": "Feature", "properties": { "GEOID": "4224392", "NAME": "Exeter borough, Pennsylvania", "population": 5587.0 }, "geometry": { "type": "Polygon", "coordinates": [ [ [ -75.850927, 41.336285 ], [ -75.839006, 41.324649 ], [ -75.831786, 41.317718 ], [ -75.831762, 41.317695 ], [ -75.827233, 41.313316 ], [ -75.822311, 41.308613 ], [ -75.816437, 41.311868 ], [ -75.807728, 41.316179 ], [ -75.804221, 41.319023 ], [ -75.806182, 41.320922 ], [ -75.81023, 41.324842 ], [ -75.810055, 41.324966 ], [ -75.80776, 41.328089 ], [ -75.806828, 41.330147 ], [ -75.805477, 41.335895 ], [ -75.805063, 41.337743 ], [ -75.800702, 41.340386 ], [ -75.799426, 41.339946 ], [ -75.794144, 41.337439 ], [ -75.794404, 41.338699 ], [ -75.794438, 41.340479 ], [ -75.795738, 41.343979 ], [ -75.80064, 41.350274 ], [ -75.804071, 41.353085 ], [ -75.806132, 41.35545 ], [ -75.809874, 41.352628 ], [ -75.815003, 41.3527 ], [ -75.822136, 41.349642 ], [ -75.824995, 41.351889 ], [ -75.838062, 41.344168 ], [ -75.840362, 41.346376 ], [ -75.843146, 41.344729 ], [ -75.838112, 41.339838 ], [ -75.843264, 41.33679 ], [ -75.845866, 41.33928 ], [ -75.850927, 41.336285 ] ] ] } },
{ "type": "Feature", "properties": { "GEOID": "4251496", "NAME": "Mount Carmel borough, Pennsylvania", "population": 5579.0 }, "geometry": { "type": "Polygon", "coordinates": [ [ [ -76.422419, 40.79843 ], [ -76.421542, 40.795473 ], [ -76.420907, 40.793332 ], [ -76.419853, 40.789782 ], [ -76.410881, 40.791238 ], [ -76.400749, 40.792889 ], [ -76.401164, 40.794419 ], [ -76.40189, 40.796546 ], [ -76.402079, 40.797126 ], [ -76.405167, 40.799799 ], [ -76.407159, 40.80238 ], [ -76.410072, 40.80173 ], [ -76.417976, 40.799934 ], [ -76.418907, 40.799723 ], [ -76.422556, 40.798894 ], [ -76.422419, 40.79843 ] ] ] } },
{ "type": "Feature", "properties": { "GEOID": "4262920", "NAME": "Punxsutawney borough, Pennsylvania", "population": 5558.0 }, "geometry": { "type": "Polygon", "coordinates": [ [ [ -79.004159, 40.934375 ], [ -78.981384, 40.934309 ], [ -78.981292, 40.932399 ], [ -78.970512, 40.93256 ], [ -78.955695, 40.932779 ], [ -78.955654, 40.942852 ], [ -78.955671, 40.948601 ], [ -78.95688, 40.948623 ], [ -78.956686, 40.951845 ], [ -78.952453, 40.952065 ], [ -78.952487, 40.954931 ], [ -78.956801, 40.954246 ], [ -78.956849, 40.956085 ], [ -78.956837, 40.956632 ], [ -78.981414, 40.956039 ], [ -78.981345, 40.950937 ], [ -78.981328, 40.949529 ], [ -78.983562, 40.949536 ], [ -78.998016, 40.95261 ], [ -79.001265, 40.951659 ], [ -79.00162, 40.948545 ], [ -78.998809, 40.947324 ], [ -78.998595, 40.944108 ], [ -79.000107, 40.941707 ], [ -79.001637, 40.941664 ], [ -79.002178, 40.939767 ], [ -79.004104, 40.939701 ], [ -79.004159, 40.934375 ] ] ] } },
{ "type": "Feature", "properties": { "GEOID": "4270248", "NAME": "Shillington borough, Pennsylvania", "population": 5542.0 }, "geometry": { "type": "Polygon", "coordinates": [ [ [ -75.978499, 40.295745 ], [ -75.976815, 40.294831 ], [ -75.972152, 40.295127 ], [ -75.970611, 40.29813 ], [ -75.968906, 40.297872 ], [ -75.960768, 40.296588 ], [ -75.960596, 40.295204 ], [ -75.964925, 40.286602 ], [ -75.960684, 40.288237 ], [ -75.961829, 40.289915 ], [ -75.960641, 40.292291 ], [ -75.958193, 40.293485 ], [ -75.956875, 40.295202 ], [ -75.957746, 40.296419 ], [ -75.957396, 40.29846 ], [ -75.958682, 40.296595 ], [ -75.96072, 40.297389 ], [ -75.960994, 40.300274 ], [ -75.961252, 40.30168 ], [ -75.959132, 40.301636 ], [ -75.959001, 40.305861 ], [ -75.959019, 40.307219 ], [ -75.95511, 40.30887 ], [ -75.955248, 40.310658 ], [ -75.96029, 40.311254 ], [ -75.961093, 40.310889 ], [ -75.96508, 40.310735 ], [ -75.969819, 40.314159 ], [ -75.973493, 40.30839 ], [ -75.9752, 40.305693 ], [ -75.978134, 40.300804 ], [ -75.977524, 40.299645 ], [ -75.976983, 40.300021 ], [ -75.975881, 40.299953 ], [ -75.977732, 40.296986 ], [ -75.97834, 40.296127 ], [ -75.978499, 40.295745 ] ] ] } },
{ "type": "Feature", "properties": { "GEOID": "4253288", "NAME": "New Brighton borough, Pennsylvania", "population": 5503.0 }, "geometry": { "type": "Polygon", "coordinates": [ [ [ -80.319839, 40.737686 ], [ -80.319005, 40.736476 ], [ -80.317939, 40.735376 ], [ -80.315631, 40.733506 ], [ -80.31016, 40.727531 ], [ -80.305858, 40.719709 ], [ -80.300711, 40.719895 ], [ -80.300636, 40.719892 ], [ -80.300863, 40.721234 ], [ -80.301446, 40.724806 ], [ -80.302788, 40.732846 ], [ -80.303461, 40.736881 ], [ -80.304689, 40.744226 ], [ -80.304814, 40.74498 ], [ -80.302297, 40.748112 ], [ -80.312964, 40.74789 ], [ -80.315522, 40.744775 ], [ -80.318672, 40.740374 ], [ -80.319341, 40.739071 ], [ -80.319954, 40.73884 ], [ -80.319839, 40.737686 ] ] ] } },
{ "type": "Feature", "properties": { "GEOID": "4269216", "NAME": "Selinsgrove borough, Pennsylvania", "population": 5488.0 }, "geometry": { "type": "Polygon", "coordinates": [ [ [ -76.880095, 40.794945 ], [ -76.880123, 40.790665 ], [ -76.879009, 40.791948 ], [ -76.876664, 40.792347 ], [ -76.875589, 40.788716 ], [ -76.866292, 40.790272 ], [ -76.865039, 40.789992 ], [ -76.856674, 40.788378 ], [ -76.856094, 40.791211 ], [ -76.854461, 40.795598 ], [ -76.851459, 40.801959 ], [ -76.848912, 40.805989 ], [ -76.849329, 40.809666 ], [ -76.855324, 40.809876 ], [ -76.857721, 40.811716 ], [ -76.860857, 40.812418 ], [ -76.866827, 40.811769 ], [ -76.868144, 40.812488 ], [ -76.869636, 40.811907 ], [ -76.867567, 40.809587 ], [ -76.874802, 40.808075 ], [ -76.87605, 40.801224 ], [ -76.876458, 40.798814 ], [ -76.880019, 40.799526 ], [ -76.880808, 40.797763 ], [ -76.880095, 40.794945 ] ] ] } },
{ "type": "Feature", "properties": { "GEOID": "4235224", "NAME": "Hollidaysburg borough, Pennsylvania", "population": 5470.0 }, "geometry": { "type": "Polygon", "coordinates": [ [ [ -78.416945, 40.426779 ], [ -78.413324, 40.421638 ], [ -78.410529, 40.423272 ], [ -78.403114, 40.423616 ], [ -78.4022, 40.422613 ], [ -78.400686, 40.422858 ], [ -78.399089, 40.418556 ], [ -78.393967, 40.419526 ], [ -78.393157, 40.419678 ], [ -78.388755, 40.420987 ], [ -78.385649, 40.422874 ], [ -78.384546, 40.421777 ], [ -78.386649, 40.419883 ], [ -78.384765, 40.420332 ], [ -78.377222, 40.425349 ], [ -78.379331, 40.42755 ], [ -78.375219, 40.428243 ], [ -78.372695, 40.429411 ], [ -78.372202, 40.429941 ], [ -78.372007, 40.430429 ], [ -78.373211, 40.432823 ], [ -78.377531, 40.433235 ], [ -78.376532, 40.438123 ], [ -78.374441, 40.44028 ], [ -78.378087, 40.441157 ], [ -78.380279, 40.439879 ], [ -78.389086, 40.438725 ], [ -78.388607, 40.440216 ], [ -78.386555, 40.444821 ], [ -78.387481, 40.444137 ], [ -78.388592, 40.444547 ], [ -78.389528, 40.44443 ], [ -78.389768, 40.441543 ], [ -78.390924, 40.441943 ], [ -78.392492, 40.439424 ], [ -78.395147, 40.441834 ], [ -78.396773, 40.44594 ], [ -78.39912, 40.444558 ], [ -78.402128, 40.444461 ], [ -78.402223, 40.440571 ], [ -78.405029, 40.437588 ], [ -78.406149, 40.435075 ], [ -78.408126, 40.43388 ], [ -78.41222, 40.433002 ], [ -78.406688, 40.431546 ], [ -78.402618, 40.431489 ], [ -78.401077, 40.432754 ], [ -78.400155, 40.432296 ], [ -78.401515, 40.431592 ], [ -78.400739, 40.429359 ], [ -78.402616, 40.428191 ], [ -78.402725, 40.428144 ], [ -78.413754, 40.428723 ], [ -78.416945, 40.426779 ] ] ] } },
{ "type": "Feature", "properties": { "GEOID": "4250320", "NAME": "Monaca borough, Pennsylvania", "population": 5456.0 }, "geometry": { "type": "Polygon", "coordinates": [ [ [ -80.29585, 40.690392 ], [ -80.288064, 40.689757 ], [ -80.287101, 40.688197 ], [ -80.288791, 40.685901 ], [ -80.291351, 40.68443 ], [ -80.290716, 40.683829 ], [ -80.288484, 40.681717 ], [ -80.285965, 40.681307 ], [ -80.287274, 40.677546 ], [ -80.285929, 40.674924 ], [ -80.282945, 40.673665 ], [ -80.283037, 40.674954 ], [ -80.280666, 40.674598 ], [ -80.279212, 40.672268 ], [ -80.275492, 40.672072 ], [ -80.272139, 40.671896 ], [ -80.27188, 40.67318 ], [ -80.267729, 40.672754 ], [ -80.266121, 40.670929 ], [ -80.263463, 40.670929 ], [ -80.259116, 40.672935 ], [ -80.255383, 40.673366 ], [ -80.254711, 40.675978 ], [ -80.256666, 40.683142 ], [ -80.260103, 40.687298 ], [ -80.266081, 40.691772 ], [ -80.267213, 40.692542 ], [ -80.276, 40.69558 ], [ -80.281793, 40.696165 ], [ -80.287584, 40.695466 ], [ -80.290939, 40.692948 ], [ -80.293224, 40.69141 ], [ -80.29585, 40.690392 ] ] ] } },
{ "type": "Feature", "properties": { "GEOID": "4231328", "NAME": "Greenville borough, Pennsylvania", "population": 5406.0 }, "geometry": { "type": "Polygon", "coordinates": [ [ [ -80.405898, 41.40061 ], [ -80.397748, 41.400629 ], [ -80.395743, 41.399467 ], [ -80.39902, 41.398897 ], [ -80.396437, 41.398408 ], [ -80.395477, 41.396473 ], [ -80.395397, 41.393221 ], [ -80.391981, 41.394832 ], [ -80.390883, 41.399849 ], [ -80.388394, 41.400536 ], [ -80.386876, 41.401349 ], [ -80.38597, 41.39976 ], [ -80.382728, 41.397014 ], [ -80.382345, 41.395161 ], [ -80.380623, 41.395029 ], [ -80.379752, 41.397348 ], [ -80.37505, 41.39492 ], [ -80.374354, 41.396044 ], [ -80.377722, 41.398261 ], [ -80.376637, 41.39798 ], [ -80.374145, 41.397051 ], [ -80.367752, 41.397397 ], [ -80.367647, 41.394657 ], [ -80.36329, 41.395025 ], [ -80.362286, 41.392973 ], [ -80.361358, 41.395089 ], [ -80.36152, 41.397567 ], [ -80.367729, 41.397622 ], [ -80.367733, 41.398984 ], [ -80.373497, 41.398878 ], [ -80.373802, 41.401428 ], [ -80.372474, 41.400929 ], [ -80.36778, 41.401011 ], [ -80.367817, 41.402373 ], [ -80.369786, 41.402392 ], [ -80.369863, 41.404336 ], [ -80.368811, 41.404367 ], [ -80.368284, 41.410628 ], [ -80.370766, 41.412725 ], [ -80.37369, 41.412484 ], [ -80.378574, 41.410741 ], [ -80.380641, 41.412952 ], [ -80.379793, 41.414817 ], [ -80.374042, 41.414723 ], [ -80.37417, 41.417849 ], [ -80.379977, 41.418091 ], [ -80.380059, 41.416177 ], [ -80.381258, 41.415304 ], [ -80.381486, 41.416917 ], [ -80.385896, 41.41606 ], [ -80.383952, 41.415046 ], [ -80.394793, 41.412193 ], [ -80.393356, 41.410479 ], [ -80.394545, 41.40916 ], [ -80.39887, 41.41091 ], [ -80.3991, 41.408209 ], [ -80.399008, 41.407899 ], [ -80.3988, 41.407184 ], [ -80.398286, 41.40703 ], [ -80.40331, 41.40554 ], [ -80.403873, 41.405373 ], [ -80.404228, 41.401841 ], [ -80.405934, 41.401747 ], [ -80.405898, 41.40061 ] ] ] } },
{ "type": "Feature", "properties": { "GEOID": "4256792", "NAME": "Olyphant borough, Pennsylvania", "population": 5390.0 }, "geometry": { "type": "Polygon", "coordinates": [ [ [ -75.614216, 41.46367 ], [ -75.606256, 41.458658 ], [ -75.605015, 41.457821 ], [ -75.601209, 41.455333 ], [ -75.550339, 41.421434 ], [ -75.543209, 41.427616 ], [ -75.535823, 41.433912 ], [ -75.579712, 41.463362 ], [ -75.573349, 41.468869 ], [ -75.583695, 41.475638 ], [ -75.587883, 41.475268 ], [ -75.592955, 41.47662 ], [ -75.595009, 41.476104 ], [ -75.596292, 41.475864 ], [ -75.600261, 41.474434 ], [ -75.60378, 41.473042 ], [ -75.606611, 41.47072 ], [ -75.60763, 41.46848 ], [ -75.604598, 41.467605 ], [ -75.60768, 41.464688 ], [ -75.610085, 41.463653 ], [ -75.612527, 41.463889 ], [ -75.614216, 41.46367 ] ] ] } },
{ "type": "Feature", "properties": { "GEOID": "4268096", "NAME": "Sayre borough, Pennsylvania", "population": 5328.0 }, "geometry": { "type": "Polygon", "coordinates": [ [ [ -76.534625, 41.983432 ], [ -76.532901, 41.983391 ], [ -76.532986, 41.980725 ], [ -76.529058, 41.980185 ], [ -76.529502, 41.97294 ], [ -76.523572, 41.972779 ], [ -76.515811, 41.972575 ], [ -76.511746, 41.972469 ], [ -76.51092, 41.976205 ], [ -76.507213, 41.982111 ], [ -76.506456, 41.987224 ], [ -76.507861, 41.988157 ], [ -76.508153, 41.99004 ], [ -76.505443, 41.990071 ], [ -76.507092, 41.990918 ], [ -76.504673, 41.992788 ], [ -76.510562, 41.994516 ], [ -76.519203, 41.995064 ], [ -76.518924, 41.99673 ], [ -76.521079, 41.99725 ], [ -76.523468, 41.998707 ], [ -76.5232701, 41.999725 ], [ -76.5243134, 41.9997379 ], [ -76.53213980000001, 41.9998344 ], [ -76.530509, 41.997629 ], [ -76.528699, 41.990793 ], [ -76.536786, 41.991045 ], [ -76.534625, 41.983432 ] ] ] } },
{ "type": "Feature", "properties": { "GEOID": "4215192", "NAME": "Collegeville borough, Pennsylvania", "population": 5287.0 }, "geometry": { "type": "Polygon", "coordinates": [ [ [ -75.475717, 40.185504 ], [ -75.460435, 40.176482 ], [ -75.459014, 40.177844 ], [ -75.451322, 40.173284 ], [ -75.448074, 40.178067 ], [ -75.447369, 40.182131 ], [ -75.447902, 40.184295 ], [ -75.450273, 40.195658 ], [ -75.450445, 40.198311 ], [ -75.450057, 40.199733 ], [ -75.44979, 40.200144 ], [ -75.450125, 40.200403 ], [ -75.45245, 40.201643 ], [ -75.458736, 40.202082 ], [ -75.460281, 40.201343 ], [ -75.459115, 40.19831 ], [ -75.460666, 40.197967 ], [ -75.460319, 40.195304 ], [ -75.461966, 40.195754 ], [ -75.464294, 40.19388 ], [ -75.464514, 40.193976 ], [ -75.471386, 40.18645 ], [ -75.473551, 40.187716 ], [ -75.475717, 40.185504 ] ] ] } },
{ "type": "Feature", "properties": { "GEOID": "4283136", "NAME": "West Hazleton borough, Pennsylvania", "population": 5284.0 }, "geometry": { "type": "Polygon", "coordinates": [ [ [ -76.036699, 40.973065 ], [ -76.035178, 40.967835 ], [ -76.029868, 40.968716 ], [ -76.013588, 40.971435 ], [ -76.011283, 40.963482 ], [ -75.999078, 40.965499 ], [ -75.998775, 40.964496 ], [ -75.998142, 40.962167 ], [ -76.001654, 40.962568 ], [ -76.001001, 40.959906 ], [ -76.004482, 40.95936 ], [ -76.00377, 40.956767 ], [ -75.996761, 40.957871 ], [ -75.996332, 40.95637 ], [ -75.989203, 40.957444 ], [ -75.988876, 40.957656 ], [ -75.988342, 40.957542 ], [ -75.987306, 40.957916 ], [ -75.98975, 40.960394 ], [ -75.992246, 40.962872 ], [ -75.995426, 40.966081 ], [ -75.997822, 40.966483 ], [ -75.997946, 40.96694 ], [ -75.9999, 40.973715 ], [ -76.011078, 40.971854 ], [ -76.011493, 40.975933 ], [ -76.013682, 40.977146 ], [ -76.016833, 40.977822 ], [ -76.017176, 40.978983 ], [ -76.024784, 40.980308 ], [ -76.035043, 40.978597 ], [ -76.038117, 40.978089 ], [ -76.036699, 40.973065 ] ] ] } },
{ "type": "Feature", "properties": { "GEOID": "4216144", "NAME": "Coraopolis borough, Pennsylvania", "population": 5280.0 }, "geometry": { "type": "Polygon", "coordinates": [ [ [ -80.178128, 40.517856 ], [ -80.176293, 40.517603 ], [ -80.173444, 40.511915 ], [ -80.174375, 40.510525 ], [ -80.171566, 40.509748 ], [ -80.172226, 40.510792 ], [ -80.161124, 40.506225 ], [ -80.15453, 40.504588 ], [ -80.150301, 40.503551 ], [ -80.147904, 40.505663 ], [ -80.147066, 40.506255 ], [ -80.146286, 40.506889 ], [ -80.148747, 40.508885 ], [ -80.149637, 40.514918 ], [ -80.152402, 40.516161 ], [ -80.154309, 40.517278 ], [ -80.159474, 40.521037 ], [ -80.16148, 40.523803 ], [ -80.162393, 40.52418 ], [ -80.162683, 40.524299 ], [ -80.171257, 40.527397 ], [ -80.17522, 40.521856 ], [ -80.1766, 40.520046 ], [ -80.178128, 40.517856 ] ] ] } },
{ "type": "Feature", "properties": { "GEOID": "4268312", "NAME": "Schuylkill Haven borough, Pennsylvania", "population": 5253.0 }, "geometry": { "type": "Polygon", "coordinates": [ [ [ -76.184471, 40.628057 ], [ -76.182991, 40.628464 ], [ -76.182554, 40.625242 ], [ -76.181362, 40.622911 ], [ -76.18276, 40.621932 ], [ -76.18164, 40.619253 ], [ -76.183373, 40.618836 ], [ -76.181871, 40.615811 ], [ -76.178865, 40.616252 ], [ -76.168831, 40.61887 ], [ -76.16762, 40.620964 ], [ -76.165853, 40.623946 ], [ -76.162349, 40.626098 ], [ -76.162712, 40.626838 ], [ -76.15691, 40.628584 ], [ -76.159935, 40.631312 ], [ -76.162604, 40.633071 ], [ -76.161344, 40.634299 ], [ -76.164096, 40.634409 ], [ -76.164517, 40.635603 ], [ -76.163514, 40.636271 ], [ -76.168702, 40.636875 ], [ -76.170582, 40.636068 ], [ -76.171288, 40.637847 ], [ -76.174815, 40.638305 ], [ -76.176846, 40.643381 ], [ -76.178583, 40.643238 ], [ -76.180155, 40.637505 ], [ -76.180402, 40.633699 ], [ -76.180014, 40.63285 ], [ -76.18007, 40.632225 ], [ -76.183565, 40.628562 ], [ -76.183901, 40.629315 ], [ -76.184471, 40.628057 ] ] ] } },
{ "type": "Feature", "properties": { "GEOID": "4242472", "NAME": "Lehighton borough, Pennsylvania", "population": 5232.0 }, "geometry": { "type": "Polygon", "coordinates": [ [ [ -75.732139, 40.834769 ], [ -75.729216, 40.83222 ], [ -75.728964, 40.82874 ], [ -75.730152, 40.827896 ], [ -75.731222, 40.826189 ], [ -75.724254, 40.819863 ], [ -75.719102, 40.822125 ], [ -75.715686, 40.822632 ], [ -75.708577, 40.820981 ], [ -75.706369, 40.822173 ], [ -75.704964, 40.824335 ], [ -75.700102, 40.82559 ], [ -75.705843, 40.829618 ], [ -75.705345, 40.831008 ], [ -75.702961, 40.833355 ], [ -75.702162, 40.83443 ], [ -75.702179, 40.835038 ], [ -75.703122, 40.836902 ], [ -75.706933, 40.838412 ], [ -75.707199, 40.839128 ], [ -75.710064, 40.839805 ], [ -75.710926, 40.841652 ], [ -75.712978, 40.841119 ], [ -75.731697, 40.836081 ], [ -75.732139, 40.834769 ] ] ] } },
{ "type": "Feature", "properties": { "GEOID": "4242976", "NAME": "Lewisburg borough, Pennsylvania", "population": 5226.0 }, "geometry": { "type": "Polygon", "coordinates": [ [ [ -76.908249, 40.964013 ], [ -76.905896, 40.964007 ], [ -76.905669, 40.962428 ], [ -76.894369, 40.963304 ], [ -76.893939, 40.966094 ], [ -76.892575, 40.965239 ], [ -76.891908, 40.958618 ], [ -76.89064, 40.955688 ], [ -76.889982, 40.954797 ], [ -76.88593, 40.958574 ], [ -76.880949, 40.955655 ], [ -76.878878, 40.956257 ], [ -76.8773, 40.954579 ], [ -76.877594, 40.956078 ], [ -76.877473, 40.957073 ], [ -76.877144, 40.959489 ], [ -76.880679, 40.96657 ], [ -76.881375, 40.967728 ], [ -76.882174, 40.968678 ], [ -76.883377, 40.969869 ], [ -76.885119, 40.970756 ], [ -76.88933, 40.97104 ], [ -76.892799, 40.97202 ], [ -76.894557, 40.971245 ], [ -76.896261, 40.97121 ], [ -76.898525, 40.971135 ], [ -76.899172, 40.967102 ], [ -76.908614, 40.967201 ], [ -76.908249, 40.964013 ] ] ] } },
{ "type": "Feature", "properties": { "GEOID": "4278168", "NAME": "Tyrone borough, Pennsylvania", "population": 5226.0 }, "geometry": { "type": "Polygon", "coordinates": [ [ [ -78.259836, 40.667973 ], [ -78.261512, 40.666798 ], [ -78.256671, 40.665711 ], [ -78.262382, 40.662248 ], [ -78.258478, 40.658998 ], [ -78.252403, 40.663584 ], [ -78.251499, 40.663053 ], [ -78.25344, 40.66181 ], [ -78.25256, 40.661144 ], [ -78.248413, 40.66265 ], [ -78.244284, 40.666198 ], [ -78.240518, 40.668191 ], [ -78.239859, 40.667922 ], [ -78.239128, 40.667299 ], [ -78.234553, 40.667303 ], [ -78.232778, 40.668556 ], [ -78.23179, 40.67733 ], [ -78.232408, 40.677692 ], [ -78.232407, 40.679001 ], [ -78.234438, 40.679599 ], [ -78.237437, 40.681279 ], [ -78.237992, 40.682231 ], [ -78.238419, 40.682477 ], [ -78.231827, 40.688603 ], [ -78.228124, 40.691507 ], [ -78.227424, 40.692474 ], [ -78.231435, 40.693461 ], [ -78.233781, 40.695147 ], [ -78.238429, 40.690145 ], [ -78.240889, 40.686654 ], [ -78.242512, 40.687473 ], [ -78.243615, 40.686382 ], [ -78.245139, 40.686745 ], [ -78.246132, 40.685189 ], [ -78.248982, 40.686534 ], [ -78.248416, 40.687018 ], [ -78.251551, 40.688407 ], [ -78.258456, 40.683461 ], [ -78.260586, 40.682782 ], [ -78.26035, 40.679703 ], [ -78.256942, 40.679202 ], [ -78.256545, 40.679542 ], [ -78.252806, 40.678048 ], [ -78.249162, 40.677734 ], [ -78.246334, 40.676786 ], [ -78.248807, 40.676066 ], [ -78.246569, 40.674391 ], [ -78.248396, 40.671841 ], [ -78.243425, 40.669929 ], [ -78.246125, 40.667098 ], [ -78.254675, 40.672613 ], [ -78.259105, 40.676183 ], [ -78.264093, 40.672824 ], [ -78.259836, 40.667973 ] ] ] } },
{ "type": "Feature", "properties": { "GEOID": "4206504", "NAME": "Birdsboro borough, Pennsylvania", "population": 5161.0 }, "geometry": { "type": "Polygon", "coordinates": [ [ [ -75.82561, 40.256714 ], [ -75.813591, 40.255058 ], [ -75.813008, 40.254978 ], [ -75.808579, 40.252325 ], [ -75.806097, 40.253939 ], [ -75.800451, 40.253125 ], [ -75.799237, 40.258102 ], [ -75.797955, 40.263835 ], [ -75.796283, 40.270919 ], [ -75.798005, 40.271052 ], [ -75.805197, 40.270418 ], [ -75.808165, 40.26828 ], [ -75.808865, 40.268086 ], [ -75.810238, 40.267714 ], [ -75.814401, 40.268138 ], [ -75.818047, 40.2697 ], [ -75.819555, 40.270976 ], [ -75.82561, 40.256714 ] ] ] } },
{ "type": "Feature", "properties": { "GEOID": "4220512", "NAME": "Duryea borough, Pennsylvania", "population": 5157.0 }, "geometry": { "type": "Polygon", "coordinates": [ [ [ -75.807414, 41.358239 ], [ -75.806132, 41.35545 ], [ -75.804071, 41.353085 ], [ -75.80064, 41.350274 ], [ -75.795738, 41.343979 ], [ -75.794438, 41.340479 ], [ -75.790236, 41.343106 ], [ -75.786087, 41.34439 ], [ -75.783822, 41.343901 ], [ -75.783382, 41.343799 ], [ -75.777539, 41.342536 ], [ -75.778083, 41.338519 ], [ -75.770337, 41.334283 ], [ -75.76815, 41.336257 ], [ -75.760459, 41.331565 ], [ -75.754989, 41.333497 ], [ -75.75452, 41.335376 ], [ -75.752216, 41.337013 ], [ -75.746111, 41.347245 ], [ -75.741539, 41.344837 ], [ -75.742176, 41.343761 ], [ -75.738382, 41.343468 ], [ -75.735401, 41.34509 ], [ -75.72965, 41.343971 ], [ -75.727524, 41.345886 ], [ -75.729371, 41.346256 ], [ -75.741916, 41.348311 ], [ -75.742224, 41.348812 ], [ -75.753517, 41.356108 ], [ -75.754001, 41.356424 ], [ -75.760837, 41.360838 ], [ -75.761064, 41.360985 ], [ -75.767826, 41.365354 ], [ -75.795116, 41.377119 ], [ -75.795446, 41.375023 ], [ -75.796438, 41.373135 ], [ -75.802326, 41.367327 ], [ -75.804022, 41.365151 ], [ -75.807014, 41.359823 ], [ -75.807414, 41.358239 ] ] ] } },
{ "type": "Feature", "properties": { "GEOID": "4275832", "NAME": "Swoyersville borough, Pennsylvania", "population": 5155.0 }, "geometry": { "type": "Polygon", "coordinates": [ [ [ -75.899003, 41.294706 ], [ -75.893325, 41.28883 ], [ -75.889376, 41.28482 ], [ -75.885024, 41.28036 ], [ -75.875064, 41.289219 ], [ -75.873248, 41.290862 ], [ -75.868188, 41.295364 ], [ -75.861446, 41.301393 ], [ -75.867674, 41.307764 ], [ -75.875036, 41.315196 ], [ -75.892224, 41.298904 ], [ -75.893813, 41.297605 ], [ -75.899003, 41.294706 ] ] ] } },
{ "type": "Feature", "properties": { "GEOID": "4227120", "NAME": "Fox Chapel borough, Pennsylvania", "population": 5139.0 }, "geometry": { "type": "Polygon", "coordinates": [ [ [ -79.914676, 40.519693 ], [ -79.914079, 40.508597 ], [ -79.912902, 40.507761 ], [ -79.911289, 40.508672 ], [ -79.908577, 40.508737 ], [ -79.908318, 40.503806 ], [ -79.902356, 40.503978 ], [ -79.902229, 40.50024 ], [ -79.902145, 40.499766 ], [ -79.90105, 40.500391 ], [ -79.899394, 40.497146 ], [ -79.900016, 40.496101 ], [ -79.897867, 40.495135 ], [ -79.896813, 40.493005 ], [ -79.896912, 40.492614 ], [ -79.889832, 40.491527 ], [ -79.890443, 40.494777 ], [ -79.891153, 40.497034 ], [ -79.887353, 40.498669 ], [ -79.883633, 40.499245 ], [ -79.879079, 40.499454 ], [ -79.878623, 40.503694 ], [ -79.872672, 40.503888 ], [ -79.87278, 40.50971 ], [ -79.871618, 40.509748 ], [ -79.871923, 40.517053 ], [ -79.872237, 40.527164 ], [ -79.867259, 40.522247 ], [ -79.867579, 40.528512 ], [ -79.85527, 40.528789 ], [ -79.855506, 40.536414 ], [ -79.8677, 40.535942 ], [ -79.868343, 40.546903 ], [ -79.874529, 40.54678 ], [ -79.874547, 40.552101 ], [ -79.884422, 40.550965 ], [ -79.886008, 40.548939 ], [ -79.889059, 40.549321 ], [ -79.890809, 40.55102 ], [ -79.892365, 40.550982 ], [ -79.89232, 40.549515 ], [ -79.8971, 40.549187 ], [ -79.896066, 40.548684 ], [ -79.896615, 40.546119 ], [ -79.898477, 40.542623 ], [ -79.900752, 40.543672 ], [ -79.902994, 40.539581 ], [ -79.901775, 40.539516 ], [ -79.902139, 40.537838 ], [ -79.904028, 40.539515 ], [ -79.904348, 40.546092 ], [ -79.906002, 40.546374 ], [ -79.910194, 40.5483 ], [ -79.910199, 40.546985 ], [ -79.91296, 40.546863 ], [ -79.912708, 40.540866 ], [ -79.913654, 40.540848 ], [ -79.911096, 40.537733 ], [ -79.913097, 40.536165 ], [ -79.914476, 40.531035 ], [ -79.911375, 40.531123 ], [ -79.913098, 40.530358 ], [ -79.91152, 40.527906 ], [ -79.911809, 40.527092 ], [ -79.915015, 40.526998 ], [ -79.914676, 40.519693 ] ] ] } },
{ "type": "Feature", "properties": { "GEOID": "4204032", "NAME": "Bangor borough, Pennsylvania", "population": 5118.0 }, "geometry": { "type": "Polygon", "coordinates": [ [ [ -75.224275, 40.864011 ], [ -75.220108, 40.861746 ], [ -75.216081, 40.863031 ], [ -75.215995, 40.8606 ], [ -75.209709, 40.858167 ], [ -75.209763, 40.85472 ], [ -75.205937, 40.856677 ], [ -75.205485, 40.856769 ], [ -75.199099, 40.856826 ], [ -75.199713, 40.859931 ], [ -75.196502, 40.860385 ], [ -75.197555, 40.862008 ], [ -75.199545, 40.862234 ], [ -75.20103, 40.864394 ], [ -75.195087, 40.874391 ], [ -75.19939, 40.876109 ], [ -75.197461, 40.877915 ], [ -75.197641, 40.879241 ], [ -75.205124, 40.878838 ], [ -75.205757, 40.878834 ], [ -75.211133, 40.876341 ], [ -75.213488, 40.875189 ], [ -75.214258, 40.874755 ], [ -75.215321, 40.874531 ], [ -75.216502, 40.874391 ], [ -75.217526, 40.874194 ], [ -75.220385, 40.872557 ], [ -75.22237, 40.867991 ], [ -75.221368, 40.866493 ], [ -75.223025, 40.866021 ], [ -75.224275, 40.864011 ] ] ] } },
{ "type": "Feature", "properties": { "GEOID": "4253568", "NAME": "New Freedom borough, Pennsylvania", "population": 5116.0 }, "geometry": { "type": "Polygon", "coordinates": [ [ [ -76.708555, 39.731571 ], [ -76.706927, 39.727701 ], [ -76.705487, 39.725461 ], [ -76.7026895, 39.7211095 ], [ -76.697658, 39.721113 ], [ -76.685441, 39.7211216 ], [ -76.685659, 39.721375 ], [ -76.68608, 39.722778 ], [ -76.68629, 39.734581 ], [ -76.687059, 39.739355 ], [ -76.688274, 39.746756 ], [ -76.693994, 39.751156 ], [ -76.696338, 39.752291 ], [ -76.697133, 39.752595 ], [ -76.70067, 39.753748 ], [ -76.70319, 39.753616 ], [ -76.701965, 39.745203 ], [ -76.702664, 39.743103 ], [ -76.702928, 39.742806 ], [ -76.706371, 39.739309 ], [ -76.707519, 39.738202 ], [ -76.711263, 39.736054 ], [ -76.708555, 39.731571 ] ] ] } },
{ "type": "Feature", "properties": { "GEOID": "4276904", "NAME": "Titusville city, Pennsylvania", "population": 5112.0 }, "geometry": { "type": "Polygon", "coordinates": [ [ [ -79.698332, 41.635552 ], [ -79.696117, 41.634195 ], [ -79.692594, 41.634204 ], [ -79.692623, 41.632747 ], [ -79.690018, 41.631928 ], [ -79.688742, 41.633846 ], [ -79.688466, 41.627103 ], [ -79.688062, 41.617224 ], [ -79.649685, 41.617246 ], [ -79.643349, 41.6172 ], [ -79.646228, 41.618564 ], [ -79.64483, 41.62175 ], [ -79.64975, 41.62278 ], [ -79.64982, 41.624151 ], [ -79.650138, 41.636196 ], [ -79.663639, 41.63636 ], [ -79.677784, 41.636508 ], [ -79.680495, 41.636512 ], [ -79.68061, 41.63987 ], [ -79.68726, 41.63995 ], [ -79.687367, 41.636693 ], [ -79.692069, 41.636731 ], [ -79.698205, 41.636599 ], [ -79.698332, 41.635552 ] ] ] } },
{ "type": "Feature", "properties": { "GEOID": "4284288", "NAME": "West York borough, Pennsylvania", "population": 5110.0 }, "geometry": { "type": "Polygon", "coordinates": [ [ [ -76.77134, 39.957312 ], [ -76.769259, 39.957112 ], [ -76.767943, 39.952975 ], [ -76.76568, 39.946877 ], [ -76.764129, 39.946836 ], [ -76.757646, 39.949539 ], [ -76.748779, 39.9523 ], [ -76.749121, 39.952607 ], [ -76.749938, 39.95401 ], [ -76.751179, 39.956007 ], [ -76.75126, 39.956166 ], [ -76.753487, 39.954497 ], [ -76.755506, 39.953905 ], [ -76.758137, 39.956573 ], [ -76.758062, 39.958571 ], [ -76.7603, 39.95928 ], [ -76.761622, 39.958064 ], [ -76.763306, 39.959666 ], [ -76.763539, 39.957901 ], [ -76.769311, 39.957532 ], [ -76.769418, 39.958678 ], [ -76.772453, 39.958461 ], [ -76.77134, 39.957312 ] ] ] } },
{ "type": "Feature", "properties": { "GEOID": "4213880", "NAME": "Clarks Summit borough, Pennsylvania", "population": 5069.0 }, "geometry": { "type": "Polygon", "coordinates": [ [ [ -75.72344, 41.487141 ], [ -75.718983, 41.48192 ], [ -75.715567, 41.482442 ], [ -75.714617, 41.480956 ], [ -75.711871, 41.480391 ], [ -75.708946, 41.482882 ], [ -75.704908, 41.480273 ], [ -75.704003, 41.482508 ], [ -75.698897, 41.479092 ], [ -75.692842, 41.482815 ], [ -75.698272, 41.487272 ], [ -75.696016, 41.488149 ], [ -75.694627, 41.48648 ], [ -75.690763, 41.488167 ], [ -75.691923, 41.491217 ], [ -75.692883, 41.492896 ], [ -75.694093, 41.492398 ], [ -75.69856, 41.494665 ], [ -75.698712, 41.494217 ], [ -75.698939, 41.496606 ], [ -75.700985, 41.498649 ], [ -75.699862, 41.500667 ], [ -75.702944, 41.50379 ], [ -75.704449, 41.501999 ], [ -75.706051, 41.503012 ], [ -75.70789, 41.501444 ], [ -75.709611, 41.50255 ], [ -75.70949, 41.502561 ], [ -75.709628, 41.504011 ], [ -75.71256, 41.505433 ], [ -75.711443, 41.502083 ], [ -75.710723, 41.500718 ], [ -75.710766, 41.500046 ], [ -75.712757, 41.50028 ], [ -75.710541, 41.498585 ], [ -75.715996, 41.493882 ], [ -75.718552, 41.495569 ], [ -75.720922, 41.493528 ], [ -75.718457, 41.491923 ], [ -75.716922, 41.493228 ], [ -75.716044, 41.491946 ], [ -75.717254, 41.49092 ], [ -75.715155, 41.490997 ], [ -75.717643, 41.488892 ], [ -75.72092, 41.487912 ], [ -75.72344, 41.487141 ] ] ] } },
{ "type": "Feature", "properties": { "GEOID": "4220432", "NAME": "Duquesne city, Pennsylvania", "population": 5019.0 }, "geometry": { "type": "Polygon", "coordinates": [ [ [ -79.868856, 40.381928 ], [ -79.866401, 40.379857 ], [ -79.861674, 40.376095 ], [ -79.860723, 40.374634 ], [ -79.857288, 40.370852 ], [ -79.857804, 40.369329 ], [ -79.859474, 40.367013 ], [ -79.856795, 40.365627 ], [ -79.855674, 40.36397 ], [ -79.854877, 40.362215 ], [ -79.854323, 40.361126 ], [ -79.85331, 40.361426 ], [ -79.849049, 40.360718 ], [ -79.846969, 40.360337 ], [ -79.847944, 40.356932 ], [ -79.846151, 40.357241 ], [ -79.84408, 40.35774 ], [ -79.840026, 40.359643 ], [ -79.837186, 40.362117 ], [ -79.836374, 40.364988 ], [ -79.837189, 40.371649 ], [ -79.838773, 40.375117 ], [ -79.841155, 40.378408 ], [ -79.843939, 40.38091 ], [ -79.849793, 40.38516 ], [ -79.853443, 40.388406 ], [ -79.854501, 40.38877 ], [ -79.862823, 40.384792 ], [ -79.862863, 40.384764 ], [ -79.866563, 40.383001 ], [ -79.868856, 40.381928 ] ] ] } },
{ "type": "Feature", "properties": { "GEOID": "4276304", "NAME": "Telford borough, Pennsylvania", "population": 4978.0 }, "geometry": { "type": "Polygon", "coordinates": [ [ [ -75.341386, 40.33043 ], [ -75.337308, 40.328021 ], [ -75.338917, 40.327143 ], [ -75.335453, 40.324627 ], [ -75.337781, 40.322794 ], [ -75.338898, 40.32127 ], [ -75.334326, 40.318453 ], [ -75.332959, 40.316229 ], [ -75.330518, 40.318683 ], [ -75.329449, 40.317639 ], [ -75.326435, 40.320694 ], [ -75.319217, 40.316479 ], [ -75.316998, 40.31838 ], [ -75.317177, 40.318489 ], [ -75.315693, 40.320072 ], [ -75.322788, 40.324419 ], [ -75.318274, 40.328018 ], [ -75.316181, 40.331062 ], [ -75.320408, 40.334221 ], [ -75.324777, 40.336586 ], [ -75.330715, 40.330666 ], [ -75.332417, 40.331715 ], [ -75.333919, 40.330272 ], [ -75.334614, 40.328809 ], [ -75.339341, 40.331689 ], [ -75.341386, 40.33043 ] ] ] } },
{ "type": "Feature", "properties": { "GEOID": "4246888", "NAME": "Manheim borough, Pennsylvania", "population": 4977.0 }, "geometry": { "type": "Polygon", "coordinates": [ [ [ -76.410981, 40.156006 ], [ -76.408814, 40.155782 ], [ -76.406962, 40.153436 ], [ -76.404613, 40.152681 ], [ -76.404674, 40.154938 ], [ -76.404067, 40.155215 ], [ -76.400628, 40.154387 ], [ -76.398471, 40.15307 ], [ -76.393861, 40.15291 ], [ -76.387706, 40.158394 ], [ -76.387571, 40.158371 ], [ -76.387099, 40.159968 ], [ -76.389602, 40.159263 ], [ -76.386987, 40.161637 ], [ -76.385308, 40.160662 ], [ -76.381702, 40.157386 ], [ -76.379268, 40.158873 ], [ -76.381665, 40.161185 ], [ -76.382103, 40.16229 ], [ -76.385567, 40.165504 ], [ -76.387348, 40.163705 ], [ -76.388593, 40.167797 ], [ -76.388225, 40.168018 ], [ -76.389126, 40.174798 ], [ -76.390158, 40.174587 ], [ -76.391809, 40.173631 ], [ -76.397141, 40.17646 ], [ -76.399473, 40.174733 ], [ -76.396106, 40.173096 ], [ -76.399366, 40.171176 ], [ -76.398702, 40.169736 ], [ -76.40063, 40.168998 ], [ -76.402234, 40.170592 ], [ -76.402594, 40.170955 ], [ -76.406208, 40.168682 ], [ -76.409418, 40.168661 ], [ -76.40527, 40.165356 ], [ -76.405226, 40.159067 ], [ -76.407194, 40.158242 ], [ -76.407541, 40.159082 ], [ -76.411527, 40.158451 ], [ -76.410981, 40.156006 ] ] ] } },
{ "type": "Feature", "properties": { "GEOID": "4222672", "NAME": "Edwardsville borough, Pennsylvania", "population": 4927.0 }, "geometry": { "type": "Polygon", "coordinates": [ [ [ -75.920976, 41.271302 ], [ -75.91695, 41.269182 ], [ -75.916564, 41.269394 ], [ -75.912167, 41.265784 ], [ -75.914374, 41.263954 ], [ -75.913123, 41.262686 ], [ -75.914155, 41.260535 ], [ -75.915268, 41.25906 ], [ -75.911639, 41.255293 ], [ -75.911844, 41.249953 ], [ -75.906453, 41.249461 ], [ -75.90187, 41.247906 ], [ -75.89675, 41.251746 ], [ -75.894579, 41.250316 ], [ -75.892716, 41.251662 ], [ -75.893681, 41.252637 ], [ -75.896163, 41.255166 ], [ -75.900109, 41.259153 ], [ -75.904241, 41.263329 ], [ -75.9061, 41.265242 ], [ -75.903319, 41.266641 ], [ -75.900334, 41.26748 ], [ -75.904688, 41.272068 ], [ -75.909837, 41.277211 ], [ -75.912397, 41.275791 ], [ -75.910916, 41.274275 ], [ -75.913522, 41.27283 ], [ -75.915231, 41.271884 ], [ -75.919153, 41.274013 ], [ -75.920976, 41.271302 ] ] ] } },
{ "type": "Feature", "properties": { "GEOID": "4279776", "NAME": "Vandergrift borough, Pennsylvania", "population": 4903.0 }, "geometry": { "type": "Polygon", "coordinates": [ [ [ -79.598025, 40.598502 ], [ -79.595134, 40.598428 ], [ -79.593878, 40.596977 ], [ -79.590492, 40.595379 ], [ -79.588461, 40.596384 ], [ -79.585573, 40.595192 ], [ -79.5824, 40.594894 ], [ -79.582985, 40.593175 ], [ -79.586419, 40.591654 ], [ -79.584811, 40.58972 ], [ -79.582912, 40.589697 ], [ -79.58296, 40.588757 ], [ -79.584915, 40.58772 ], [ -79.582788, 40.58715 ], [ -79.582497, 40.588372 ], [ -79.578462, 40.589927 ], [ -79.579615, 40.593071 ], [ -79.574659, 40.592095 ], [ -79.56979, 40.591215 ], [ -79.569233, 40.593989 ], [ -79.568879, 40.595015 ], [ -79.567863, 40.594549 ], [ -79.567002, 40.596605 ], [ -79.563252, 40.599954 ], [ -79.560494, 40.601193 ], [ -79.556858, 40.599165 ], [ -79.555862, 40.600033 ], [ -79.551652, 40.601887 ], [ -79.550502, 40.603137 ], [ -79.550608, 40.603897 ], [ -79.551829, 40.604705 ], [ -79.559494, 40.605217 ], [ -79.560968, 40.605954 ], [ -79.565078, 40.607841 ], [ -79.568502, 40.607585 ], [ -79.570332, 40.606721 ], [ -79.576102, 40.601745 ], [ -79.577815, 40.601313 ], [ -79.579207, 40.601697 ], [ -79.581607, 40.602881 ], [ -79.582087, 40.603265 ], [ -79.584375, 40.607041 ], [ -79.588222, 40.604767 ], [ -79.590472, 40.600254 ], [ -79.595019, 40.601483 ], [ -79.59597, 40.599152 ], [ -79.59758, 40.599146 ], [ -79.598025, 40.598502 ] ] ] } },
{ "type": "Feature", "properties": { "GEOID": "4243944", "NAME": "Littlestown borough, Pennsylvania", "population": 4895.0 }, "geometry": { "type": "Polygon", "coordinates": [ [ [ -77.102801, 39.743948 ], [ -77.10208, 39.74268 ], [ -77.100666, 39.739043 ], [ -77.100787, 39.737773 ], [ -77.099631, 39.735666 ], [ -77.096637, 39.736321 ], [ -77.0938, 39.736292 ], [ -77.091513, 39.734785 ], [ -77.088915, 39.737486 ], [ -77.088015, 39.736047 ], [ -77.082203, 39.739646 ], [ -77.080343, 39.737798 ], [ -77.077642, 39.740686 ], [ -77.074648, 39.742533 ], [ -77.071515, 39.742206 ], [ -77.069257, 39.743399 ], [ -77.067763, 39.744191 ], [ -77.066488, 39.742937 ], [ -77.064371, 39.74344 ], [ -77.061909, 39.744165 ], [ -77.064515, 39.745913 ], [ -77.064773, 39.75241 ], [ -77.070954, 39.749691 ], [ -77.071693, 39.751263 ], [ -77.075579, 39.749913 ], [ -77.081316, 39.753614 ], [ -77.082824, 39.75498 ], [ -77.091037, 39.752686 ], [ -77.091597, 39.754697 ], [ -77.094381, 39.753967 ], [ -77.094482, 39.751274 ], [ -77.096261, 39.752969 ], [ -77.096912, 39.753351 ], [ -77.104056, 39.744424 ], [ -77.102801, 39.743948 ] ] ] } },
{ "type": "Feature", "properties": { "GEOID": "4266576", "NAME": "Royersford borough, Pennsylvania", "population": 4888.0 }, "geometry": { "type": "Polygon", "coordinates": [ [ [ -75.548655, 40.18842 ], [ -75.547419, 40.186449 ], [ -75.545338, 40.182555 ], [ -75.540986, 40.175951 ], [ -75.539581, 40.174966 ], [ -75.536938, 40.177622 ], [ -75.533387, 40.181255 ], [ -75.530043, 40.184634 ], [ -75.532801, 40.186405 ], [ -75.526708, 40.191449 ], [ -75.529326, 40.193303 ], [ -75.531987, 40.195188 ], [ -75.535552, 40.19171 ], [ -75.538741, 40.193793 ], [ -75.54089, 40.193778 ], [ -75.543875, 40.191064 ], [ -75.546494, 40.189627 ], [ -75.549174, 40.189542 ], [ -75.548655, 40.18842 ] ] ] } },
{ "type": "Feature", "properties": { "GEOID": "4277912", "NAME": "Turtle Creek borough, Pennsylvania", "population": 4865.0 }, "geometry": { "type": "Polygon", "coordinates": [ [ [ -79.833681, 40.400399 ], [ -79.830774, 40.399549 ], [ -79.827806, 40.402875 ], [ -79.827748, 40.404289 ], [ -79.826675, 40.404231 ], [ -79.824294, 40.40293 ], [ -79.818682, 40.400457 ], [ -79.816976, 40.402347 ], [ -79.814993, 40.401185 ], [ -79.812723, 40.402341 ], [ -79.811775, 40.403355 ], [ -79.813048, 40.405494 ], [ -79.815433, 40.40563 ], [ -79.81187, 40.409699 ], [ -79.811037, 40.411262 ], [ -79.809728, 40.412131 ], [ -79.812275, 40.413778 ], [ -79.810652, 40.416389 ], [ -79.811658, 40.417861 ], [ -79.81378, 40.418119 ], [ -79.818514, 40.415483 ], [ -79.821804, 40.416307 ], [ -79.821305, 40.416739 ], [ -79.823233, 40.416193 ], [ -79.824858, 40.412584 ], [ -79.826704, 40.413892 ], [ -79.827477, 40.410062 ], [ -79.830929, 40.410634 ], [ -79.833352, 40.408839 ], [ -79.833322, 40.405327 ], [ -79.833681, 40.400399 ] ] ] } },
{ "type": "Feature", "properties": { "GEOID": "4227008", "NAME": "Fountain Hill borough, Pennsylvania", "population": 4835.0 }, "geometry": { "type": "Polygon", "coordinates": [ [ [ -75.403686, 40.598885 ], [ -75.405443, 40.598287 ], [ -75.405183, 40.597858 ], [ -75.405391, 40.596341 ], [ -75.403142, 40.596106 ], [ -75.39429, 40.593018 ], [ -75.391275, 40.596551 ], [ -75.390741, 40.600052 ], [ -75.390635, 40.600677 ], [ -75.390243, 40.603338 ], [ -75.389966, 40.605163 ], [ -75.388559, 40.614423 ], [ -75.393412, 40.61377 ], [ -75.395258, 40.613515 ], [ -75.395959, 40.61035 ], [ -75.39668, 40.608728 ], [ -75.399092, 40.60759 ], [ -75.39739, 40.606651 ], [ -75.399213, 40.605268 ], [ -75.400984, 40.603912 ], [ -75.406378, 40.603522 ], [ -75.403686, 40.598885 ] ] ] } },
{ "type": "Feature", "properties": { "GEOID": "4242648", "NAME": "Lemoyne borough, Pennsylvania", "population": 4801.0 }, "geometry": { "type": "Polygon", "coordinates": [ [ [ -76.91671, 40.250417 ], [ -76.91509, 40.246847 ], [ -76.916289, 40.246056 ], [ -76.910345, 40.240988 ], [ -76.907273, 40.238423 ], [ -76.907115, 40.238329 ], [ -76.906553, 40.23696 ], [ -76.909511, 40.235456 ], [ -76.9094, 40.235177 ], [ -76.902939, 40.235685 ], [ -76.896202, 40.235271 ], [ -76.895933, 40.235471 ], [ -76.89377, 40.234743 ], [ -76.892668, 40.234588 ], [ -76.888144, 40.237666 ], [ -76.878871, 40.244 ], [ -76.880634, 40.244956 ], [ -76.882016, 40.245779 ], [ -76.884765, 40.247201 ], [ -76.88886, 40.249019 ], [ -76.890052, 40.249489 ], [ -76.890684, 40.250112 ], [ -76.892239, 40.248852 ], [ -76.895048, 40.250184 ], [ -76.894944, 40.250282 ], [ -76.896914, 40.250875 ], [ -76.902901, 40.255116 ], [ -76.90863, 40.251928 ], [ -76.910989, 40.25143 ], [ -76.915928, 40.250677 ], [ -76.91671, 40.250417 ] ] ] } },
{ "type": "Feature", "properties": { "GEOID": "4238000", "NAME": "Jenkintown borough, Pennsylvania", "population": 4785.0 }, "geometry": { "type": "Polygon", "coordinates": [ [ [ -75.138222, 40.094139 ], [ -75.137485, 40.092765 ], [ -75.131731, 40.089333 ], [ -75.128294, 40.090661 ], [ -75.126562, 40.090004 ], [ -75.12544, 40.092633 ], [ -75.1246, 40.092482 ], [ -75.123089, 40.093945 ], [ -75.123754, 40.094299 ], [ -75.12123, 40.096813 ], [ -75.12196, 40.097857 ], [ -75.120736, 40.101025 ], [ -75.121784, 40.10228 ], [ -75.123787, 40.101032 ], [ -75.125652, 40.103533 ], [ -75.125935, 40.100089 ], [ -75.130865, 40.102646 ], [ -75.131511, 40.102366 ], [ -75.133517, 40.101074 ], [ -75.13464, 40.100206 ], [ -75.134821, 40.100315 ], [ -75.135808, 40.099642 ], [ -75.137614, 40.098023 ], [ -75.138188, 40.094176 ], [ -75.138222, 40.094139 ] ] ] } },
{ "type": "Feature", "properties": { "GEOID": "4283584", "NAME": "Westmont borough, Pennsylvania", "population": 4747.0 }, "geometry": { "type": "Polygon", "coordinates": [ [ [ -78.979667, 40.319142 ], [ -78.975157, 40.314031 ], [ -78.975189, 40.310094 ], [ -78.975218, 40.306177 ], [ -78.965821, 40.312382 ], [ -78.963632, 40.312456 ], [ -78.961746, 40.31252 ], [ -78.962461, 40.308424 ], [ -78.954522, 40.313129 ], [ -78.949114, 40.311257 ], [ -78.94277, 40.3149 ], [ -78.944363, 40.315835 ], [ -78.94474, 40.316365 ], [ -78.942405, 40.317143 ], [ -78.940556, 40.316586 ], [ -78.940009, 40.315516 ], [ -78.938163, 40.315473 ], [ -78.936064, 40.315412 ], [ -78.930124, 40.316606 ], [ -78.92466, 40.317188 ], [ -78.924302, 40.315744 ], [ -78.921956, 40.314326 ], [ -78.923191, 40.316391 ], [ -78.923202, 40.317854 ], [ -78.924435, 40.317524 ], [ -78.924831, 40.319386 ], [ -78.925791, 40.319933 ], [ -78.928136, 40.323862 ], [ -78.929088, 40.328616 ], [ -78.928287, 40.330294 ], [ -78.928445, 40.33194 ], [ -78.926359, 40.331912 ], [ -78.926767, 40.333685 ], [ -78.927117, 40.335331 ], [ -78.930473, 40.333471 ], [ -78.932281, 40.332679 ], [ -78.930649, 40.330638 ], [ -78.935641, 40.32967 ], [ -78.93549, 40.329115 ], [ -78.936995, 40.328408 ], [ -78.934351, 40.325106 ], [ -78.934789, 40.323139 ], [ -78.936538, 40.32122 ], [ -78.944927, 40.320665 ], [ -78.938786, 40.321894 ], [ -78.93661, 40.323697 ], [ -78.936518, 40.324674 ], [ -78.938672, 40.326562 ], [ -78.941532, 40.326352 ], [ -78.941528, 40.328974 ], [ -78.942666, 40.328578 ], [ -78.946851, 40.325002 ], [ -78.95208, 40.324282 ], [ -78.95296, 40.324202 ], [ -78.955733, 40.320517 ], [ -78.961477, 40.320532 ], [ -78.961694, 40.321014 ], [ -78.964477, 40.327007 ], [ -78.973975, 40.324683 ], [ -78.978001, 40.320769 ], [ -78.979004, 40.319793 ], [ -78.979667, 40.319142 ] ] ] } },
{ "type": "Feature", "properties": { "GEOID": "4221688", "NAME": "East Petersburg borough, Pennsylvania", "population": 4702.0 }, "geometry": { "type": "Polygon", "coordinates": [ [ [ -76.365043, 40.106066 ], [ -76.363606, 40.103095 ], [ -76.359722, 40.093595 ], [ -76.355611, 40.09456 ], [ -76.350901, 40.094004 ], [ -76.346794, 40.09076 ], [ -76.345565, 40.086427 ], [ -76.344515, 40.085089 ], [ -76.345001, 40.087522 ], [ -76.343146, 40.088206 ], [ -76.343467, 40.088738 ], [ -76.340206, 40.091807 ], [ -76.339346, 40.093456 ], [ -76.33945, 40.095673 ], [ -76.345931, 40.094187 ], [ -76.344517, 40.098409 ], [ -76.347134, 40.098826 ], [ -76.347219, 40.099909 ], [ -76.344879, 40.101 ], [ -76.335797, 40.104383 ], [ -76.336196, 40.105772 ], [ -76.337538, 40.107173 ], [ -76.338189, 40.107593 ], [ -76.339976, 40.107049 ], [ -76.342304, 40.106695 ], [ -76.342328, 40.107322 ], [ -76.344652, 40.107375 ], [ -76.344686, 40.108284 ], [ -76.346102, 40.108615 ], [ -76.34713, 40.110307 ], [ -76.352779, 40.106959 ], [ -76.354481, 40.107022 ], [ -76.355869, 40.106545 ], [ -76.360207, 40.107254 ], [ -76.360662, 40.108367 ], [ -76.367045, 40.108849 ], [ -76.365043, 40.106066 ] ] ] } },
{ "type": "Feature", "properties": { "GEOID": "4216256", "NAME": "Cornwall borough, Pennsylvania", "population": 4698.0 }, "geometry": { "type": "Polygon", "coordinates": [ [ [ -76.437299, 40.265011 ], [ -76.435674, 40.259654 ], [ -76.433677, 40.254117 ], [ -76.433706, 40.252665 ], [ -76.434758, 40.250816 ], [ -76.435135, 40.24807 ], [ -76.434146, 40.245447 ], [ -76.435075, 40.244351 ], [ -76.436354, 40.240122 ], [ -76.436433, 40.23789 ], [ -76.435427, 40.238217 ], [ -76.429532, 40.23899 ], [ -76.386298, 40.244994 ], [ -76.374875, 40.256021 ], [ -76.373845, 40.257013 ], [ -76.374599, 40.275934 ], [ -76.37496, 40.278004 ], [ -76.379896, 40.278148 ], [ -76.379503, 40.281792 ], [ -76.395117, 40.28171 ], [ -76.396363, 40.285803 ], [ -76.402681, 40.283938 ], [ -76.408775, 40.300144 ], [ -76.409076, 40.300117 ], [ -76.416994, 40.298335 ], [ -76.424576, 40.296687 ], [ -76.426506, 40.28928 ], [ -76.432897, 40.282678 ], [ -76.429177, 40.280704 ], [ -76.429549, 40.279223 ], [ -76.436388, 40.266677 ], [ -76.437299, 40.265011 ] ] ] } },
{ "type": "Feature", "properties": { "GEOID": "4283856", "NAME": "West Pittston borough, Pennsylvania", "population": 4682.0 }, "geometry": { "type": "Polygon", "coordinates": [ [ [ -75.81023, 41.324842 ], [ -75.806182, 41.320922 ], [ -75.804221, 41.319023 ], [ -75.800444, 41.32104 ], [ -75.796065, 41.32243 ], [ -75.793927, 41.323585 ], [ -75.791475, 41.326787 ], [ -75.790419, 41.329727 ], [ -75.790782, 41.33144 ], [ -75.793745, 41.336814 ], [ -75.794144, 41.337439 ], [ -75.799426, 41.339946 ], [ -75.800702, 41.340386 ], [ -75.805063, 41.337743 ], [ -75.805477, 41.335895 ], [ -75.806828, 41.330147 ], [ -75.80776, 41.328089 ], [ -75.810055, 41.324966 ], [ -75.81023, 41.324842 ] ] ] } },
{ "type": "Feature", "properties": { "GEOID": "4275000", "NAME": "Sugarcreek borough, Pennsylvania", "population": 4680.0 }, "geometry": { "type": "Polygon", "coordinates": [ [ [ -79.927767, 41.419319 ], [ -79.925734, 41.413785 ], [ -79.92436, 41.41259 ], [ -79.921342, 41.412403 ], [ -79.915707, 41.413479 ], [ -79.913969, 41.414464 ], [ -79.910075, 41.415167 ], [ -79.906437, 41.415391 ], [ -79.902575, 41.417122 ], [ -79.897327, 41.418 ], [ -79.889574, 41.417785 ], [ -79.882243, 41.420391 ], [ -79.880054, 41.420457 ], [ -79.877563, 41.419318 ], [ -79.877091, 41.418539 ], [ -79.877326, 41.415871 ], [ -79.876359, 41.415118 ], [ -79.87291, 41.413973 ], [ -79.869277, 41.413939 ], [ -79.862739, 41.413612 ], [ -79.856031, 41.411903 ], [ -79.853885, 41.411498 ], [ -79.853821, 41.410123 ], [ -79.856539, 41.407314 ], [ -79.856902, 41.402232 ], [ -79.855877, 41.40176 ], [ -79.854604, 41.408313 ], [ -79.852835, 41.410309 ], [ -79.85232, 41.413596 ], [ -79.850602, 41.413311 ], [ -79.849733, 41.415938 ], [ -79.847397, 41.415737 ], [ -79.847571, 41.416923 ], [ -79.83669, 41.417879 ], [ -79.833512, 41.414925 ], [ -79.833194, 41.412284 ], [ -79.836035, 41.409187 ], [ -79.83232, 41.404954 ], [ -79.826022, 41.40222 ], [ -79.826093, 41.400881 ], [ -79.825156, 41.400031 ], [ -79.821761, 41.395159 ], [ -79.81904, 41.397631 ], [ -79.818582, 41.396112 ], [ -79.817301, 41.394576 ], [ -79.819439, 41.391752 ], [ -79.818052, 41.391386 ], [ -79.817345, 41.392889 ], [ -79.804752, 41.399691 ], [ -79.802734, 41.400375 ], [ -79.798053, 41.401585 ], [ -79.79426, 41.40336 ], [ -79.792579, 41.404531 ], [ -79.789701, 41.407996 ], [ -79.781573, 41.412821 ], [ -79.777518, 41.414033 ], [ -79.774454, 41.414208 ], [ -79.769583, 41.413591 ], [ -79.765718, 41.412596 ], [ -79.763371, 41.411596 ], [ -79.751495, 41.405831 ], [ -79.745239, 41.403489 ], [ -79.742832, 41.403403 ], [ -79.737517, 41.404394 ], [ -79.734776, 41.405674 ], [ -79.733269, 41.406875 ], [ -79.732794, 41.407322 ], [ -79.729903, 41.413533 ], [ -79.72787, 41.419258 ], [ -79.725277, 41.423717 ], [ -79.725999, 41.424808 ], [ -79.728108, 41.428 ], [ -79.728647, 41.428654 ], [ -79.730872, 41.435598 ], [ -79.727524, 41.438258 ], [ -79.727556, 41.444815 ], [ -79.729733, 41.445348 ], [ -79.729862, 41.446903 ], [ -79.727676, 41.446821 ], [ -79.732317, 41.450987 ], [ -79.731078, 41.451896 ], [ -79.731091, 41.459725 ], [ -79.729891, 41.459785 ], [ -79.730042, 41.470262 ], [ -79.741821, 41.47035 ], [ -79.752211, 41.464334 ], [ -79.758708, 41.464511 ], [ -79.758999, 41.470248 ], [ -79.768199, 41.470293 ], [ -79.769921, 41.469663 ], [ -79.799853, 41.468897 ], [ -79.799969, 41.470466 ], [ -79.817514, 41.470161 ], [ -79.824291, 41.469814 ], [ -79.823721, 41.464761 ], [ -79.847969, 41.463992 ], [ -79.863059, 41.463589 ], [ -79.874423, 41.46534 ], [ -79.882588, 41.46695 ], [ -79.878567, 41.472917 ], [ -79.880914, 41.473319 ], [ -79.894762, 41.47552 ], [ -79.898542, 41.47594 ], [ -79.902273, 41.470608 ], [ -79.906233, 41.456113 ], [ -79.90667, 41.454497 ], [ -79.910882, 41.43974 ], [ -79.913482, 41.440093 ], [ -79.916312, 41.429829 ], [ -79.925262, 41.42354 ], [ -79.928001, 41.421815 ], [ -79.927767, 41.419319 ] ] ] } },
{ "type": "Feature", "properties": { "GEOID": "4231256", "NAME": "Green Tree borough, Pennsylvania", "population": 4672.0 }, "geometry": { "type": "Polygon", "coordinates": [ [ [ -80.074441, 40.413078 ], [ -80.070329, 40.410827 ], [ -80.056021, 40.404201 ], [ -80.051202, 40.401943 ], [ -80.047599, 40.40778 ], [ -80.043725, 40.414052 ], [ -80.039617, 40.42067 ], [ -80.034827, 40.428358 ], [ -80.038371, 40.427846 ], [ -80.04169, 40.428987 ], [ -80.04315, 40.428044 ], [ -80.042705, 40.428674 ], [ -80.046643, 40.42942 ], [ -80.046592, 40.427031 ], [ -80.047381, 40.425957 ], [ -80.053773, 40.427938 ], [ -80.057235, 40.426439 ], [ -80.063726, 40.426375 ], [ -80.065514, 40.425117 ], [ -80.067164, 40.422884 ], [ -80.066882, 40.420621 ], [ -80.0661, 40.417301 ], [ -80.066552, 40.416665 ], [ -80.071908, 40.415617 ], [ -80.073862, 40.413399 ], [ -80.074441, 40.413078 ] ] ] } },
{ "type": "Feature", "properties": { "GEOID": "4250720", "NAME": "Montoursville borough, Pennsylvania", "population": 4635.0 }, "geometry": { "type": "Polygon", "coordinates": [ [ [ -76.943399, 41.234548 ], [ -76.940945, 41.2329 ], [ -76.936956, 41.231722 ], [ -76.932771, 41.232363 ], [ -76.926835, 41.231796 ], [ -76.91712, 41.233751 ], [ -76.914826, 41.234532 ], [ -76.911841, 41.233481 ], [ -76.909806, 41.23082 ], [ -76.90682, 41.229598 ], [ -76.898594, 41.230184 ], [ -76.900057, 41.246124 ], [ -76.900835, 41.255079 ], [ -76.898714, 41.25758 ], [ -76.901883, 41.259294 ], [ -76.907425, 41.262073 ], [ -76.913439, 41.26512 ], [ -76.92213, 41.267638 ], [ -76.922848, 41.266254 ], [ -76.92555, 41.263988 ], [ -76.929883, 41.262509 ], [ -76.932843, 41.260798 ], [ -76.936008, 41.261075 ], [ -76.936488, 41.259278 ], [ -76.93595, 41.257721 ], [ -76.935601, 41.251116 ], [ -76.935402, 41.248103 ], [ -76.933569, 41.243395 ], [ -76.937358, 41.24126 ], [ -76.941335, 41.236028 ], [ -76.943399, 41.234548 ] ] ] } },
{ "type": "Feature", "properties": { "GEOID": "4203088", "NAME": "Arnold city, Pennsylvania", "population": 4619.0 }, "geometry": { "type": "Polygon", "coordinates": [ [ [ -79.774802, 40.572804 ], [ -79.774455, 40.569742 ], [ -79.770049, 40.570952 ], [ -79.768915, 40.571308 ], [ -79.765631, 40.572315 ], [ -79.76127, 40.57367 ], [ -79.760342, 40.574382 ], [ -79.756507, 40.576646 ], [ -79.754599, 40.577958 ], [ -79.756851, 40.577778 ], [ -79.757155, 40.581077 ], [ -79.750593, 40.580311 ], [ -79.751951, 40.582562 ], [ -79.75572, 40.58297 ], [ -79.75802, 40.58346 ], [ -79.759485, 40.58412 ], [ -79.758334, 40.585878 ], [ -79.762448, 40.586211 ], [ -79.766797, 40.585243 ], [ -79.769154, 40.585685 ], [ -79.77079, 40.586698 ], [ -79.771623, 40.585629 ], [ -79.773361, 40.582087 ], [ -79.774493, 40.576738 ], [ -79.774802, 40.572804 ] ] ] } },
{ "type": "Feature", "properties": { "GEOID": "4210768", "NAME": "California borough, Pennsylvania", "population": 4615.0 }, "geometry": { "type": "Polygon", "coordinates": [ [ [ -79.946702, 40.101673 ], [ -79.944904, 40.100231 ], [ -79.945144, 40.098574 ], [ -79.94345, 40.097215 ], [ -79.942902, 40.095483 ], [ -79.941066, 40.09395 ], [ -79.944105, 40.084385 ], [ -79.943147, 40.082974 ], [ -79.941514, 40.078601 ], [ -79.94041, 40.072841 ], [ -79.939227, 40.069097 ], [ -79.937419, 40.065833 ], [ -79.93673, 40.062121 ], [ -79.93385, 40.05852 ], [ -79.931897, 40.056776 ], [ -79.93215, 40.055212 ], [ -79.934024, 40.054591 ], [ -79.934065, 40.053691 ], [ -79.931583, 40.050469 ], [ -79.934423, 40.049797 ], [ -79.936243, 40.047769 ], [ -79.934503, 40.044867 ], [ -79.932075, 40.044743 ], [ -79.931678, 40.042686 ], [ -79.925532, 40.042714 ], [ -79.922831, 40.043653 ], [ -79.919181, 40.041082 ], [ -79.91642, 40.040377 ], [ -79.915952, 40.036102 ], [ -79.920478, 40.035247 ], [ -79.922118, 40.03405 ], [ -79.921294, 40.033522 ], [ -79.91923, 40.031258 ], [ -79.914514, 40.028005 ], [ -79.913412, 40.027588 ], [ -79.910659, 40.027152 ], [ -79.90924, 40.026312 ], [ -79.910612, 40.02847 ], [ -79.907274, 40.031852 ], [ -79.90132, 40.032003 ], [ -79.899502, 40.032599 ], [ -79.89328, 40.033724 ], [ -79.895342, 40.036543 ], [ -79.900125, 40.03829 ], [ -79.895346, 40.03763 ], [ -79.892808, 40.040663 ], [ -79.890632, 40.04098 ], [ -79.888057, 40.043241 ], [ -79.890457, 40.045353 ], [ -79.891913, 40.048201 ], [ -79.890921, 40.050665 ], [ -79.889465, 40.052009 ], [ -79.884665, 40.055097 ], [ -79.881097, 40.057801 ], [ -79.879081, 40.060841 ], [ -79.878937, 40.063033 ], [ -79.879773, 40.065054 ], [ -79.881193, 40.066521 ], [ -79.88422, 40.068168 ], [ -79.885113, 40.068553 ], [ -79.891893, 40.069993 ], [ -79.894761, 40.070265 ], [ -79.895613, 40.069161 ], [ -79.897383, 40.069176 ], [ -79.899259, 40.067402 ], [ -79.900796, 40.068075 ], [ -79.903676, 40.06696 ], [ -79.904562, 40.06683 ], [ -79.906012, 40.067562 ], [ -79.90451, 40.06881 ], [ -79.903258, 40.073226 ], [ -79.90153, 40.073593 ], [ -79.901962, 40.074617 ], [ -79.901434, 40.076729 ], [ -79.898153, 40.079161 ], [ -79.893033, 40.080345 ], [ -79.891979, 40.084069 ], [ -79.894617, 40.082394 ], [ -79.895588, 40.084224 ], [ -79.897675, 40.08429 ], [ -79.897972, 40.086278 ], [ -79.899938, 40.087369 ], [ -79.90137, 40.101608 ], [ -79.946891, 40.105724 ], [ -79.946702, 40.101673 ] ] ] } },
{ "type": "Feature", "properties": { "GEOID": "4283928", "NAME": "West Reading borough, Pennsylvania", "population": 4590.0 }, "geometry": { "type": "Polygon", "coordinates": [ [ [ -75.954464, 40.32769 ], [ -75.95279, 40.328333 ], [ -75.948676, 40.326662 ], [ -75.946656, 40.326892 ], [ -75.94393, 40.328393 ], [ -75.942757, 40.328549 ], [ -75.941307, 40.328604 ], [ -75.94209, 40.329758 ], [ -75.942391, 40.331514 ], [ -75.939301, 40.33093 ], [ -75.939553, 40.3319 ], [ -75.937662, 40.335442 ], [ -75.940496, 40.337871 ], [ -75.944998, 40.339671 ], [ -75.947612, 40.340574 ], [ -75.947692, 40.340587 ], [ -75.950634, 40.339646 ], [ -75.953334, 40.339155 ], [ -75.953742, 40.334809 ], [ -75.953875, 40.333343 ], [ -75.953949, 40.332635 ], [ -75.954334, 40.328517 ], [ -75.954464, 40.32769 ] ] ] } },
{ "type": "Feature", "properties": { "GEOID": "4270880", "NAME": "Sinking Spring borough, Pennsylvania", "population": 4584.0 }, "geometry": { "type": "Polygon", "coordinates": [ [ [ -76.036554, 40.320918 ], [ -76.036107, 40.318736 ], [ -76.03171, 40.315668 ], [ -76.021039, 40.316766 ], [ -76.016012, 40.319243 ], [ -76.010693, 40.321872 ], [ -76.007933, 40.323235 ], [ -76.008816, 40.324498 ], [ -76.0093, 40.325583 ], [ -76.009938, 40.326108 ], [ -76.010641, 40.327233 ], [ -76.011671, 40.328858 ], [ -76.016438, 40.330522 ], [ -76.019151, 40.332084 ], [ -76.019766, 40.332337 ], [ -76.025712, 40.334773 ], [ -76.026827, 40.332755 ], [ -76.029005, 40.330975 ], [ -76.031285, 40.327436 ], [ -76.034723, 40.326407 ], [ -76.037195, 40.324106 ], [ -76.036554, 40.320918 ] ] ] } },
{ "type": "Feature", "properties": { "GEOID": "4203608", "NAME": "Avalon borough, Pennsylvania", "population": 4572.0 }, "geometry": { "type": "Polygon", "coordinates": [ [ [ -80.075024, 40.50357 ], [ -80.074921, 40.501371 ], [ -80.075005, 40.498395 ], [ -80.068862, 40.493697 ], [ -80.067526, 40.492271 ], [ -80.066235, 40.490968 ], [ -80.062621, 40.49383 ], [ -80.062093, 40.494442 ], [ -80.060932, 40.495549 ], [ -80.061124, 40.498304 ], [ -80.061378, 40.501576 ], [ -80.06145, 40.502909 ], [ -80.061592, 40.505803 ], [ -80.068495, 40.509 ], [ -80.069516, 40.508993 ], [ -80.075357, 40.508832 ], [ -80.075024, 40.50357 ] ] ] } },
{ "type": "Feature", "properties": { "GEOID": "4208624", "NAME": "Bridgeville borough, Pennsylvania", "population": 4569.0 }, "geometry": { "type": "Polygon", "coordinates": [ [ [ -80.120603, 40.359183 ], [ -80.118031, 40.358134 ], [ -80.114328, 40.35521 ], [ -80.112503, 40.35423 ], [ -80.109878, 40.351889 ], [ -80.110129, 40.351565 ], [ -80.108027, 40.351418 ], [ -80.105828, 40.348845 ], [ -80.102513, 40.349318 ], [ -80.099272, 40.349431 ], [ -80.098071, 40.350006 ], [ -80.095619, 40.353265 ], [ -80.090229, 40.350431 ], [ -80.087691, 40.352387 ], [ -80.095248, 40.35539 ], [ -80.095389, 40.356291 ], [ -80.099032, 40.357583 ], [ -80.097562, 40.35791 ], [ -80.095333, 40.36217 ], [ -80.095184, 40.363368 ], [ -80.094685, 40.364319 ], [ -80.096581, 40.36376 ], [ -80.103973, 40.363287 ], [ -80.104282, 40.363685 ], [ -80.106994, 40.36329 ], [ -80.111894, 40.364455 ], [ -80.113411, 40.365355 ], [ -80.113355, 40.366789 ], [ -80.11721, 40.367445 ], [ -80.11853, 40.3634 ], [ -80.119943, 40.362245 ], [ -80.120554, 40.360026 ], [ -80.120603, 40.359183 ] ] ] } },
{ "type": "Feature", "properties": { "GEOID": "4232120", "NAME": "Hamburg borough, Pennsylvania", "population": 4551.0 }, "geometry": { "type": "Polygon", "coordinates": [ [ [ -76.002494, 40.572552 ], [ -75.999549, 40.572105 ], [ -75.998399, 40.571061 ], [ -75.998692, 40.5688 ], [ -75.997655, 40.567081 ], [ -75.992762, 40.565904 ], [ -75.989851, 40.561414 ], [ -75.990417, 40.559826 ], [ -75.990481, 40.558967 ], [ -75.989647, 40.555823 ], [ -75.990026, 40.553872 ], [ -75.993007, 40.55092 ], [ -75.99159, 40.548232 ], [ -75.987236, 40.545628 ], [ -75.984489, 40.542358 ], [ -75.982652, 40.541378 ], [ -75.980694, 40.540815 ], [ -75.980009, 40.537514 ], [ -75.980215, 40.536669 ], [ -75.976592, 40.538676 ], [ -75.975012, 40.539555 ], [ -75.973431, 40.543525 ], [ -75.972158, 40.548223 ], [ -75.96906, 40.555878 ], [ -75.970217, 40.556906 ], [ -75.970929, 40.557541 ], [ -75.972616, 40.55924 ], [ -75.973043, 40.559708 ], [ -75.975082, 40.562053 ], [ -75.976483, 40.564988 ], [ -75.97912, 40.570183 ], [ -75.982154, 40.571255 ], [ -75.991541, 40.569153 ], [ -75.993784, 40.569823 ], [ -75.995947, 40.572223 ], [ -76.000225, 40.573796 ], [ -76.00101, 40.573509 ], [ -76.002494, 40.572552 ] ] ] } },
{ "type": "Feature", "properties": { "GEOID": "4238200", "NAME": "Jim Thorpe borough, Pennsylvania", "population": 4531.0 }, "geometry": { "type": "Polygon", "coordinates": [ [ [ -75.799393, 40.824467 ], [ -75.776367, 40.834592 ], [ -75.753403, 40.844746 ], [ -75.734649, 40.856283 ], [ -75.738416, 40.860087 ], [ -75.73756, 40.860327 ], [ -75.736788, 40.85959 ], [ -75.733507, 40.859742 ], [ -75.73086, 40.860802 ], [ -75.724076, 40.864172 ], [ -75.720641, 40.864425 ], [ -75.717974, 40.862928 ], [ -75.715516, 40.859938 ], [ -75.714388, 40.857928 ], [ -75.713778, 40.858131 ], [ -75.690063, 40.869129 ], [ -75.699116, 40.889029 ], [ -75.706548, 40.910141 ], [ -75.707597, 40.912399 ], [ -75.710616, 40.913431 ], [ -75.711644, 40.915106 ], [ -75.712745, 40.915594 ], [ -75.715228, 40.915434 ], [ -75.721988, 40.913472 ], [ -75.724942, 40.915393 ], [ -75.728038, 40.910807 ], [ -75.730165, 40.910114 ], [ -75.732525, 40.911074 ], [ -75.736944, 40.910675 ], [ -75.736813, 40.908135 ], [ -75.737681, 40.90657 ], [ -75.739783, 40.906161 ], [ -75.743838, 40.906806 ], [ -75.747122, 40.907918 ], [ -75.747962, 40.90774 ], [ -75.748458, 40.906658 ], [ -75.74771, 40.905634 ], [ -75.741086, 40.901107 ], [ -75.740537, 40.899405 ], [ -75.741458, 40.896888 ], [ -75.744017, 40.895362 ], [ -75.745712, 40.894891 ], [ -75.749635, 40.89459 ], [ -75.753875, 40.894889 ], [ -75.755371, 40.89345 ], [ -75.755987, 40.890905 ], [ -75.756307, 40.887321 ], [ -75.758115, 40.883177 ], [ -75.759331, 40.882313 ], [ -75.761762, 40.883699 ], [ -75.765172, 40.880729 ], [ -75.765332, 40.879241 ], [ -75.760295, 40.875936 ], [ -75.759289, 40.875089 ], [ -75.757615, 40.874411 ], [ -75.752071, 40.873656 ], [ -75.74464, 40.87362 ], [ -75.742636, 40.873394 ], [ -75.740668, 40.872616 ], [ -75.746965, 40.870393 ], [ -75.749807, 40.868907 ], [ -75.751807, 40.868306 ], [ -75.755402, 40.866336 ], [ -75.773982, 40.860101 ], [ -75.812004, 40.845217 ], [ -75.799393, 40.824467 ] ] ] } },
{ "type": "Feature", "properties": { "GEOID": "4238160", "NAME": "Jessup borough, Pennsylvania", "population": 4506.0 }, "geometry": { "type": "Polygon", "coordinates": [ [ [ -75.583695, 41.475638 ], [ -75.573349, 41.468869 ], [ -75.579712, 41.463362 ], [ -75.535823, 41.433912 ], [ -75.53329, 41.436071 ], [ -75.521212, 41.446344 ], [ -75.513973, 41.452513 ], [ -75.532663, 41.465187 ], [ -75.525113, 41.471558 ], [ -75.541824, 41.482918 ], [ -75.543628, 41.484375 ], [ -75.549661, 41.488507 ], [ -75.552133, 41.486437 ], [ -75.560446, 41.47957 ], [ -75.561302, 41.480116 ], [ -75.565105, 41.481972 ], [ -75.569165, 41.481431 ], [ -75.572883, 41.480589 ], [ -75.576452, 41.477955 ], [ -75.57912, 41.475839 ], [ -75.583695, 41.475638 ] ] ] } },
{ "type": "Feature", "properties": { "GEOID": "4269248", "NAME": "Sellersville borough, Pennsylvania", "population": 4501.0 }, "geometry": { "type": "Polygon", "coordinates": [ [ [ -75.321238, 40.360923 ], [ -75.317742, 40.35876 ], [ -75.315051, 40.357149 ], [ -75.309046, 40.351586 ], [ -75.306243, 40.349741 ], [ -75.303395, 40.349474 ], [ -75.30081, 40.350748 ], [ -75.299743, 40.349914 ], [ -75.29739, 40.351175 ], [ -75.299872, 40.352706 ], [ -75.296652, 40.35348 ], [ -75.294565, 40.355643 ], [ -75.302908, 40.365801 ], [ -75.303829, 40.365089 ], [ -75.309709, 40.370117 ], [ -75.313105, 40.369928 ], [ -75.315937, 40.369752 ], [ -75.322318, 40.363073 ], [ -75.321238, 40.360923 ] ] ] } },
{ "type": "Feature", "properties": { "GEOID": "4236232", "NAME": "Hummelstown borough, Pennsylvania", "population": 4492.0 }, "geometry": { "type": "Polygon", "coordinates": [ [ [ -76.73017, 40.26762 ], [ -76.729117, 40.266569 ], [ -76.727668, 40.266057 ], [ -76.725695, 40.261877 ], [ -76.724265, 40.261626 ], [ -76.722523, 40.260728 ], [ -76.716409, 40.259509 ], [ -76.716209, 40.261397 ], [ -76.715908, 40.259408 ], [ -76.70685, 40.258061 ], [ -76.699851, 40.2589 ], [ -76.697372, 40.259691 ], [ -76.697807, 40.265844 ], [ -76.693613, 40.266075 ], [ -76.69398, 40.269511 ], [ -76.697439, 40.268439 ], [ -76.697474, 40.270487 ], [ -76.705282, 40.272123 ], [ -76.709484, 40.268565 ], [ -76.71088, 40.267683 ], [ -76.715087, 40.269508 ], [ -76.716314, 40.270626 ], [ -76.716974, 40.271372 ], [ -76.718335, 40.27233 ], [ -76.719707, 40.272659 ], [ -76.722841, 40.271707 ], [ -76.729528, 40.273812 ], [ -76.730137, 40.273389 ], [ -76.730879, 40.272313 ], [ -76.73017, 40.26762 ] ], [ [ -76.707363, 40.261905 ], [ -76.705529, 40.261212 ], [ -76.701373, 40.261488 ], [ -76.701136, 40.261183 ], [ -76.700815, 40.260696 ], [ -76.700716, 40.260579 ], [ -76.700604, 40.260334 ], [ -76.700401, 40.260011 ], [ -76.700299, 40.259784 ], [ -76.702184, 40.259171 ], [ -76.704225, 40.260874 ], [ -76.705604, 40.261177 ], [ -76.70721, 40.26045 ], [ -76.707363, 40.261905 ] ] ] } },
{ "type": "Feature", "properties": { "GEOID": "4252664", "NAME": "Narberth borough, Pennsylvania", "population": 4479.0 }, "geometry": { "type": "Polygon", "coordinates": [ [ [ -75.273007, 40.012823 ], [ -75.268613, 40.006297 ], [ -75.268076, 40.005035 ], [ -75.267587, 40.003769 ], [ -75.26745, 40.003465 ], [ -75.266652, 40.003154 ], [ -75.262666, 40.000554 ], [ -75.255123, 40.003582 ], [ -75.256828, 40.004421 ], [ -75.25952, 40.004966 ], [ -75.259784, 40.005876 ], [ -75.252303, 40.008501 ], [ -75.252395, 40.008531 ], [ -75.257096, 40.010213 ], [ -75.262378, 40.012073 ], [ -75.264642, 40.012995 ], [ -75.265805, 40.013279 ], [ -75.26721, 40.013396 ], [ -75.271315, 40.013366 ], [ -75.273007, 40.012823 ] ] ] } },
{ "type": "Feature", "properties": { "GEOID": "4219536", "NAME": "Donora borough, Pennsylvania", "population": 4462.0 }, "geometry": { "type": "Polygon", "coordinates": [ [ [ -79.879387, 40.17483 ], [ -79.875004, 40.173008 ], [ -79.871065, 40.172121 ], [ -79.869967, 40.173381 ], [ -79.868084, 40.174033 ], [ -79.866601, 40.17281 ], [ -79.868378, 40.171268 ], [ -79.866183, 40.168552 ], [ -79.868375, 40.168105 ], [ -79.86777, 40.165265 ], [ -79.863991, 40.165185 ], [ -79.864153, 40.161815 ], [ -79.863033, 40.161975 ], [ -79.859464, 40.163143 ], [ -79.856008, 40.165799 ], [ -79.852867, 40.169438 ], [ -79.851085, 40.172878 ], [ -79.850444, 40.177791 ], [ -79.850836, 40.180608 ], [ -79.853271, 40.189223 ], [ -79.855352, 40.191991 ], [ -79.857705, 40.193175 ], [ -79.861929, 40.189929 ], [ -79.861051, 40.191736 ], [ -79.863126, 40.193575 ], [ -79.865911, 40.194647 ], [ -79.866313, 40.193913 ], [ -79.869705, 40.194673 ], [ -79.869561, 40.189575 ], [ -79.872889, 40.187431 ], [ -79.872605, 40.180505 ], [ -79.874983, 40.180006 ], [ -79.876586, 40.177549 ], [ -79.879387, 40.17483 ] ] ] } },
{ "type": "Feature", "properties": { "GEOID": "4250088", "NAME": "Minersville borough, Pennsylvania", "population": 4423.0 }, "geometry": { "type": "Polygon", "coordinates": [ [ [ -76.270829, 40.692204 ], [ -76.270678, 40.692051 ], [ -76.26572, 40.686768 ], [ -76.264915, 40.685917 ], [ -76.262785, 40.68366 ], [ -76.257078, 40.68677 ], [ -76.256709, 40.686972 ], [ -76.255404, 40.687687 ], [ -76.253371, 40.683279 ], [ -76.253674, 40.684735 ], [ -76.251544, 40.685528 ], [ -76.251155, 40.689117 ], [ -76.244826, 40.691194 ], [ -76.246265, 40.693113 ], [ -76.251792, 40.691765 ], [ -76.254583, 40.693158 ], [ -76.257028, 40.695731 ], [ -76.259597, 40.698476 ], [ -76.265267, 40.695515 ], [ -76.271054, 40.692439 ], [ -76.270829, 40.692204 ] ] ] } },
{ "type": "Feature", "properties": { "GEOID": "4212504", "NAME": "Chalfont borough, Pennsylvania", "population": 4419.0 }, "geometry": { "type": "Polygon", "coordinates": [ [ [ -75.225817, 40.292176 ], [ -75.22062, 40.289032 ], [ -75.220374, 40.288883 ], [ -75.21997, 40.288451 ], [ -75.218303, 40.286486 ], [ -75.223436, 40.281604 ], [ -75.221916, 40.2807 ], [ -75.219965, 40.282593 ], [ -75.217237, 40.280948 ], [ -75.216434, 40.281728 ], [ -75.213642, 40.280094 ], [ -75.214246, 40.279545 ], [ -75.211121, 40.277521 ], [ -75.206578, 40.281289 ], [ -75.20532, 40.282405 ], [ -75.198704, 40.2853 ], [ -75.198359, 40.283799 ], [ -75.199769, 40.282327 ], [ -75.194717, 40.278753 ], [ -75.193415, 40.279297 ], [ -75.193643, 40.279832 ], [ -75.190098, 40.281124 ], [ -75.192781, 40.283997 ], [ -75.190883, 40.285443 ], [ -75.191497, 40.286732 ], [ -75.193828, 40.288141 ], [ -75.198381, 40.290888 ], [ -75.200846, 40.292269 ], [ -75.204162, 40.294158 ], [ -75.208704, 40.296932 ], [ -75.207838, 40.30034 ], [ -75.211417, 40.302415 ], [ -75.217112, 40.300537 ], [ -75.21608, 40.301703 ], [ -75.218101, 40.302961 ], [ -75.220469, 40.301783 ], [ -75.218695, 40.299094 ], [ -75.220322, 40.297346 ], [ -75.219035, 40.296359 ], [ -75.223271, 40.295232 ], [ -75.225817, 40.292176 ] ] ] } },
{ "type": "Feature", "properties": { "GEOID": "4235520", "NAME": "Honesdale borough, Pennsylvania", "population": 4417.0 }, "geometry": { "type": "Polygon", "coordinates": [ [ [ -75.273014, 41.575277 ], [ -75.270801, 41.574329 ], [ -75.267406, 41.574412 ], [ -75.26692, 41.572369 ], [ -75.261814, 41.571965 ], [ -75.263603, 41.568416 ], [ -75.26297, 41.568602 ], [ -75.262496, 41.561576 ], [ -75.261872, 41.561562 ], [ -75.26287, 41.559122 ], [ -75.264582, 41.557623 ], [ -75.265222, 41.555605 ], [ -75.255572, 41.555841 ], [ -75.255526, 41.554888 ], [ -75.25337, 41.554977 ], [ -75.252958, 41.555842 ], [ -75.245247, 41.55605 ], [ -75.244203, 41.554187 ], [ -75.241555, 41.552486 ], [ -75.241197, 41.552791 ], [ -75.244413, 41.55601 ], [ -75.242109, 41.555995 ], [ -75.239399, 41.557673 ], [ -75.239068, 41.562211 ], [ -75.239669, 41.563028 ], [ -75.241452, 41.562468 ], [ -75.242362, 41.564025 ], [ -75.241041, 41.564013 ], [ -75.240748, 41.56595 ], [ -75.243151, 41.567161 ], [ -75.242337, 41.569329 ], [ -75.24411, 41.573463 ], [ -75.240764, 41.574779 ], [ -75.238719, 41.571666 ], [ -75.232644, 41.573925 ], [ -75.241684, 41.598022 ], [ -75.25547, 41.596088 ], [ -75.262006, 41.596124 ], [ -75.262025, 41.595278 ], [ -75.267473, 41.594519 ], [ -75.271473, 41.594037 ], [ -75.272453, 41.593942 ], [ -75.263444, 41.579071 ], [ -75.264743, 41.578451 ], [ -75.272427, 41.579013 ], [ -75.273014, 41.575277 ] ] ] } },
{ "type": "Feature", "properties": { "GEOID": "4241768", "NAME": "Laureldale borough, Pennsylvania", "population": 4352.0 }, "geometry": { "type": "Polygon", "coordinates": [ [ [ -75.925788, 40.387121 ], [ -75.92639, 40.38691 ], [ -75.92406, 40.382098 ], [ -75.920158, 40.383525 ], [ -75.920319, 40.385582 ], [ -75.914031, 40.387779 ], [ -75.912494, 40.386047 ], [ -75.913261, 40.384761 ], [ -75.912674, 40.381255 ], [ -75.910572, 40.381429 ], [ -75.907683, 40.381978 ], [ -75.908524, 40.38636 ], [ -75.904583, 40.387757 ], [ -75.903895, 40.389727 ], [ -75.905257, 40.389258 ], [ -75.905451, 40.391007 ], [ -75.905908, 40.392742 ], [ -75.903305, 40.392326 ], [ -75.902541, 40.39092 ], [ -75.900865, 40.390852 ], [ -75.899394, 40.391723 ], [ -75.90084, 40.393749 ], [ -75.901341, 40.395765 ], [ -75.899145, 40.396447 ], [ -75.899934, 40.397771 ], [ -75.903007, 40.397158 ], [ -75.91468, 40.393289 ], [ -75.91515, 40.393132 ], [ -75.915952, 40.395079 ], [ -75.916233, 40.39603 ], [ -75.9195, 40.39522 ], [ -75.919528, 40.394852 ], [ -75.919869, 40.391832 ], [ -75.927619, 40.390455 ], [ -75.925788, 40.387121 ] ] ] } },
{ "type": "Feature", "properties": { "GEOID": "4204688", "NAME": "Beaver borough, Pennsylvania", "population": 4342.0 }, "geometry": { "type": "Polygon", "coordinates": [ [ [ -80.323198, 40.698953 ], [ -80.320298, 40.697304 ], [ -80.319676, 40.695603 ], [ -80.318477, 40.696343 ], [ -80.316419, 40.69479 ], [ -80.315359, 40.695585 ], [ -80.315021, 40.694297 ], [ -80.312609, 40.692034 ], [ -80.321219, 40.688172 ], [ -80.319366, 40.685934 ], [ -80.317808, 40.683477 ], [ -80.312672, 40.684938 ], [ -80.30864, 40.686173 ], [ -80.302884, 40.687966 ], [ -80.29585, 40.690392 ], [ -80.293224, 40.69141 ], [ -80.296195, 40.695223 ], [ -80.294867, 40.695778 ], [ -80.296851, 40.698516 ], [ -80.299649, 40.70257 ], [ -80.302354, 40.701449 ], [ -80.303245, 40.702719 ], [ -80.305731, 40.702184 ], [ -80.306959, 40.701675 ], [ -80.31071, 40.700749 ], [ -80.317265, 40.697163 ], [ -80.31791, 40.697604 ], [ -80.322632, 40.700369 ], [ -80.323198, 40.698953 ] ] ] } },
{ "type": "Feature", "properties": { "GEOID": "4207960", "NAME": "Boyertown borough, Pennsylvania", "population": 4333.0 }, "geometry": { "type": "Polygon", "coordinates": [ [ [ -75.649788, 40.331468 ], [ -75.646972, 40.328352 ], [ -75.644368, 40.328468 ], [ -75.639598, 40.328033 ], [ -75.633458, 40.324577 ], [ -75.631077, 40.327464 ], [ -75.628013, 40.325952 ], [ -75.625241, 40.329356 ], [ -75.628684, 40.330661 ], [ -75.628773, 40.334583 ], [ -75.630517, 40.336342 ], [ -75.633491, 40.337603 ], [ -75.633642, 40.337095 ], [ -75.633189, 40.340752 ], [ -75.636593, 40.33881 ], [ -75.640471, 40.337798 ], [ -75.644779, 40.335969 ], [ -75.645299, 40.337477 ], [ -75.648254, 40.336405 ], [ -75.64716, 40.333496 ], [ -75.649285, 40.333128 ], [ -75.649788, 40.331468 ] ] ] } },
{ "type": "Feature", "properties": { "GEOID": "4241608", "NAME": "Larksville borough, Pennsylvania", "population": 4321.0 }, "geometry": { "type": "Polygon", "coordinates": [ [ [ -75.960717, 41.270119 ], [ -75.949972, 41.259166 ], [ -75.951076, 41.258549 ], [ -75.944991, 41.252351 ], [ -75.944558, 41.251139 ], [ -75.941618, 41.248238 ], [ -75.93915, 41.249646 ], [ -75.938774, 41.247743 ], [ -75.931667, 41.240249 ], [ -75.930816, 41.240538 ], [ -75.929095, 41.241484 ], [ -75.92616, 41.241435 ], [ -75.92466, 41.241804 ], [ -75.921046, 41.243579 ], [ -75.918034, 41.246874 ], [ -75.914552, 41.249172 ], [ -75.911844, 41.249953 ], [ -75.911639, 41.255293 ], [ -75.915268, 41.25906 ], [ -75.914155, 41.260535 ], [ -75.913123, 41.262686 ], [ -75.914374, 41.263954 ], [ -75.912167, 41.265784 ], [ -75.916564, 41.269394 ], [ -75.91695, 41.269182 ], [ -75.920976, 41.271302 ], [ -75.919153, 41.274013 ], [ -75.915231, 41.271884 ], [ -75.913522, 41.27283 ], [ -75.915352, 41.274704 ], [ -75.927617, 41.287371 ], [ -75.928427, 41.288086 ], [ -75.943372, 41.279615 ], [ -75.953319, 41.274056 ], [ -75.960717, 41.270119 ] ] ] } },
{ "type": "Feature", "properties": { "GEOID": "4271144", "NAME": "Slatington borough, Pennsylvania", "population": 4296.0 }, "geometry": { "type": "Polygon", "coordinates": [ [ [ -75.622351, 40.746527 ], [ -75.619977, 40.741021 ], [ -75.61037, 40.743696 ], [ -75.602896, 40.745641 ], [ -75.601038, 40.744371 ], [ -75.597602, 40.74461 ], [ -75.601694, 40.749551 ], [ -75.60274, 40.753064 ], [ -75.603569, 40.756805 ], [ -75.603369, 40.758716 ], [ -75.602655, 40.764213 ], [ -75.60287, 40.765956 ], [ -75.604525, 40.768815 ], [ -75.606916, 40.768617 ], [ -75.605689, 40.758537 ], [ -75.607802, 40.758156 ], [ -75.608608, 40.759728 ], [ -75.609288, 40.764366 ], [ -75.607848, 40.767341 ], [ -75.609236, 40.768431 ], [ -75.612106, 40.768213 ], [ -75.612026, 40.768859 ], [ -75.619258, 40.770419 ], [ -75.619279, 40.771579 ], [ -75.621692, 40.772226 ], [ -75.622197, 40.773798 ], [ -75.621517, 40.770248 ], [ -75.618136, 40.769234 ], [ -75.616974, 40.760795 ], [ -75.614299, 40.760211 ], [ -75.613566, 40.758423 ], [ -75.61047, 40.757756 ], [ -75.611084, 40.754542 ], [ -75.624458, 40.751414 ], [ -75.622351, 40.746527 ] ] ] } },
{ "type": "Feature", "properties": { "GEOID": "4226880", "NAME": "Forty Fort borough, Pennsylvania", "population": 4280.0 }, "geometry": { "type": "Polygon", "coordinates": [ [ [ -75.881225, 41.276442 ], [ -75.880913, 41.276725 ], [ -75.876454, 41.272037 ], [ -75.868623, 41.264151 ], [ -75.865409, 41.268608 ], [ -75.865707, 41.270901 ], [ -75.868379, 41.274971 ], [ -75.869283, 41.276959 ], [ -75.870433, 41.279489 ], [ -75.870623, 41.281322 ], [ -75.869897, 41.283369 ], [ -75.866299, 41.285918 ], [ -75.849319, 41.29424 ], [ -75.85839, 41.299661 ], [ -75.859425, 41.299314 ], [ -75.861446, 41.301393 ], [ -75.868188, 41.295364 ], [ -75.873248, 41.290862 ], [ -75.875064, 41.289219 ], [ -75.885024, 41.28036 ], [ -75.881225, 41.276442 ] ] ] } },
{ "type": "Feature", "properties": { "GEOID": "4268432", "NAME": "Scottdale borough, Pennsylvania", "population": 4271.0 }, "geometry": { "type": "Polygon", "coordinates": [ [ [ -79.604081, 40.103756 ], [ -79.600833, 40.103728 ], [ -79.601034, 40.10283 ], [ -79.600929, 40.102832 ], [ -79.599346, 40.101994 ], [ -79.599333, 40.096633 ], [ -79.59759, 40.096637 ], [ -79.597359, 40.091949 ], [ -79.592602, 40.092005 ], [ -79.592026, 40.09346 ], [ -79.591212, 40.094161 ], [ -79.589315, 40.094979 ], [ -79.586354, 40.096884 ], [ -79.584576, 40.097834 ], [ -79.585038, 40.100972 ], [ -79.585377, 40.102125 ], [ -79.579706, 40.105065 ], [ -79.575584, 40.103442 ], [ -79.573356, 40.104189 ], [ -79.573442, 40.106884 ], [ -79.572172, 40.106932 ], [ -79.572493, 40.108865 ], [ -79.573527, 40.109869 ], [ -79.571366, 40.111373 ], [ -79.572908, 40.111303 ], [ -79.574419, 40.112787 ], [ -79.575956, 40.112606 ], [ -79.574686, 40.109544 ], [ -79.577586, 40.109161 ], [ -79.582104, 40.108814 ], [ -79.585225, 40.110008 ], [ -79.586025, 40.111416 ], [ -79.592962, 40.110545 ], [ -79.590131, 40.108801 ], [ -79.594271, 40.108803 ], [ -79.599799, 40.107579 ], [ -79.599748, 40.106122 ], [ -79.601944, 40.107455 ], [ -79.602126, 40.108847 ], [ -79.60622, 40.106985 ], [ -79.604081, 40.103756 ] ] ] } },
{ "type": "Feature", "properties": { "GEOID": "4240656", "NAME": "Kutztown borough, Pennsylvania", "population": 4255.0 }, "geometry": { "type": "Polygon", "coordinates": [ [ [ -75.797514, 40.518629 ], [ -75.794462, 40.516356 ], [ -75.792718, 40.516385 ], [ -75.790604, 40.515195 ], [ -75.785825, 40.516985 ], [ -75.781794, 40.512494 ], [ -75.779229, 40.509726 ], [ -75.777568, 40.510366 ], [ -75.773238, 40.511975 ], [ -75.77164, 40.509243 ], [ -75.771202, 40.508804 ], [ -75.76405, 40.511331 ], [ -75.766081, 40.514566 ], [ -75.767146, 40.516043 ], [ -75.769304, 40.518988 ], [ -75.767938, 40.518594 ], [ -75.766661, 40.519958 ], [ -75.768345, 40.520946 ], [ -75.765932, 40.523354 ], [ -75.767624, 40.524827 ], [ -75.765039, 40.525747 ], [ -75.766748, 40.527789 ], [ -75.764117, 40.529357 ], [ -75.765732, 40.531701 ], [ -75.766715, 40.53435 ], [ -75.777883, 40.532462 ], [ -75.776138, 40.531619 ], [ -75.782339, 40.530958 ], [ -75.780906, 40.529903 ], [ -75.780012, 40.5277 ], [ -75.781562, 40.527341 ], [ -75.780305, 40.52503 ], [ -75.781686, 40.526643 ], [ -75.782072, 40.523518 ], [ -75.783204, 40.522552 ], [ -75.782259, 40.521886 ], [ -75.787272, 40.518602 ], [ -75.792163, 40.524141 ], [ -75.792403, 40.525774 ], [ -75.789208, 40.52891 ], [ -75.793686, 40.528527 ], [ -75.794276, 40.525524 ], [ -75.795152, 40.523702 ], [ -75.793921, 40.52169 ], [ -75.797847, 40.520102 ], [ -75.797514, 40.518629 ] ] ] } },
{ "type": "Feature", "properties": { "GEOID": "4200676", "NAME": "Aldan borough, Pennsylvania", "population": 4253.0 }, "geometry": { "type": "Polygon", "coordinates": [ [ [ -75.297913, 39.919559 ], [ -75.29599, 39.917091 ], [ -75.294782, 39.916435 ], [ -75.292732, 39.915267 ], [ -75.28905, 39.916992 ], [ -75.286037, 39.918374 ], [ -75.284412, 39.919014 ], [ -75.282255, 39.920015 ], [ -75.275311, 39.923225 ], [ -75.277552, 39.924284 ], [ -75.280591, 39.925302 ], [ -75.285218, 39.925524 ], [ -75.284117, 39.927319 ], [ -75.282544, 39.930741 ], [ -75.283448, 39.931773 ], [ -75.290838, 39.926294 ], [ -75.293689, 39.924235 ], [ -75.295844, 39.922993 ], [ -75.298783, 39.921458 ], [ -75.297913, 39.919559 ] ] ] } },
{ "type": "Feature", "properties": { "GEOID": "4229432", "NAME": "Glassport borough, Pennsylvania", "population": 4251.0 }, "geometry": { "type": "Polygon", "coordinates": [ [ [ -79.897432, 40.321127 ], [ -79.896675, 40.319746 ], [ -79.895009, 40.317783 ], [ -79.89139, 40.314728 ], [ -79.884177, 40.311453 ], [ -79.881828, 40.314958 ], [ -79.877823, 40.313095 ], [ -79.874683, 40.317126 ], [ -79.87411, 40.320211 ], [ -79.876294, 40.320995 ], [ -79.8747, 40.323121 ], [ -79.87231, 40.326443 ], [ -79.873135, 40.327071 ], [ -79.875076, 40.328734 ], [ -79.883106, 40.3324 ], [ -79.883676, 40.335876 ], [ -79.884714, 40.336966 ], [ -79.883482, 40.339539 ], [ -79.880966, 40.341771 ], [ -79.881796, 40.343386 ], [ -79.883773, 40.344302 ], [ -79.885612, 40.345168 ], [ -79.888859, 40.341594 ], [ -79.891884, 40.33899 ], [ -79.893851, 40.33646 ], [ -79.895813, 40.332782 ], [ -79.896489, 40.330435 ], [ -79.897623, 40.321845 ], [ -79.897432, 40.321127 ] ] ] } },
{ "type": "Feature", "properties": { "GEOID": "4230896", "NAME": "Greencastle borough, Pennsylvania", "population": 4222.0 }, "geometry": { "type": "Polygon", "coordinates": [ [ [ -77.739908, 39.783813 ], [ -77.735677, 39.781922 ], [ -77.729703, 39.780467 ], [ -77.721158, 39.778367 ], [ -77.720868, 39.779054 ], [ -77.718929, 39.783626 ], [ -77.715371, 39.78153 ], [ -77.714185, 39.784327 ], [ -77.714142, 39.786843 ], [ -77.717218, 39.78767 ], [ -77.713812, 39.795618 ], [ -77.722154, 39.797636 ], [ -77.71947, 39.80141 ], [ -77.719581, 39.803005 ], [ -77.721486, 39.803815 ], [ -77.724308, 39.798256 ], [ -77.725617, 39.798624 ], [ -77.724222, 39.800494 ], [ -77.728651, 39.801147 ], [ -77.729417, 39.804498 ], [ -77.732535, 39.804453 ], [ -77.732902, 39.801829 ], [ -77.736474, 39.80288 ], [ -77.737019, 39.800647 ], [ -77.73409, 39.792867 ], [ -77.734489, 39.79195 ], [ -77.735873, 39.788852 ], [ -77.738452, 39.789223 ], [ -77.739908, 39.783813 ] ] ] } },
{ "type": "Feature", "properties": { "GEOID": "4218072", "NAME": "Dallastown borough, Pennsylvania", "population": 4198.0 }, "geometry": { "type": "Polygon", "coordinates": [ [ [ -76.652422, 39.903346 ], [ -76.650721, 39.90101 ], [ -76.650796, 39.899028 ], [ -76.649389, 39.899875 ], [ -76.645623, 39.899037 ], [ -76.647372, 39.896481 ], [ -76.644872, 39.893884 ], [ -76.646272, 39.893168 ], [ -76.64624, 39.892854 ], [ -76.646164, 39.892919 ], [ -76.644469, 39.890456 ], [ -76.637258, 39.893593 ], [ -76.634708, 39.895629 ], [ -76.634194, 39.896233 ], [ -76.631267, 39.896703 ], [ -76.627972, 39.897098 ], [ -76.627941, 39.898713 ], [ -76.627828, 39.899511 ], [ -76.629286, 39.899922 ], [ -76.634567, 39.904626 ], [ -76.637398, 39.904986 ], [ -76.638663, 39.905162 ], [ -76.639241, 39.905201 ], [ -76.643124, 39.90334 ], [ -76.643993, 39.9049 ], [ -76.646953, 39.905447 ], [ -76.648979, 39.90714 ], [ -76.653019, 39.906006 ], [ -76.652422, 39.903346 ] ] ] } },
{ "type": "Feature", "properties": { "GEOID": "4276104", "NAME": "Tarentum borough, Pennsylvania", "population": 4127.0 }, "geometry": { "type": "Polygon", "coordinates": [ [ [ -79.77992, 40.60607 ], [ -79.769876, 40.599709 ], [ -79.767543, 40.598518 ], [ -79.765534, 40.596701 ], [ -79.764043, 40.59287 ], [ -79.761999, 40.594336 ], [ -79.757578, 40.596254 ], [ -79.749437, 40.598867 ], [ -79.749192, 40.598919 ], [ -79.741275, 40.600758 ], [ -79.746161, 40.604925 ], [ -79.749202, 40.607371 ], [ -79.751053, 40.608855 ], [ -79.754163, 40.609877 ], [ -79.755857, 40.60903 ], [ -79.75699, 40.611024 ], [ -79.75657, 40.611835 ], [ -79.759222, 40.614326 ], [ -79.761375, 40.614643 ], [ -79.760791, 40.615303 ], [ -79.76262, 40.616077 ], [ -79.765914, 40.616491 ], [ -79.764177, 40.614241 ], [ -79.766883, 40.614217 ], [ -79.766747, 40.609262 ], [ -79.770949, 40.609185 ], [ -79.770852, 40.606185 ], [ -79.77992, 40.60607 ] ] ] } },
{ "type": "Feature", "properties": { "GEOID": "4241464", "NAME": "Lansford borough, Pennsylvania", "population": 4123.0 }, "geometry": { "type": "Polygon", "coordinates": [ [ [ -75.89987, 40.828203 ], [ -75.897901, 40.826497 ], [ -75.897433, 40.826091 ], [ -75.893655, 40.822806 ], [ -75.878873, 40.827338 ], [ -75.878313, 40.828456 ], [ -75.875542, 40.830222 ], [ -75.866407, 40.833094 ], [ -75.867862, 40.834395 ], [ -75.862937, 40.83657 ], [ -75.860506, 40.838799 ], [ -75.860968, 40.839661 ], [ -75.871805, 40.837783 ], [ -75.877567, 40.842569 ], [ -75.905813, 40.833363 ], [ -75.89987, 40.828203 ] ] ] } },
{ "type": "Feature", "properties": { "GEOID": "4270056", "NAME": "Shenandoah borough, Pennsylvania", "population": 4122.0 }, "geometry": { "type": "Polygon", "coordinates": [ [ [ -76.215037, 40.816997 ], [ -76.210553, 40.802696 ], [ -76.199481, 40.804629 ], [ -76.202404, 40.813677 ], [ -76.199179, 40.814257 ], [ -76.180814, 40.817494 ], [ -76.182625, 40.826138 ], [ -76.182786, 40.826702 ], [ -76.20297, 40.823987 ], [ -76.204117, 40.8235 ], [ -76.206643, 40.823121 ], [ -76.210211, 40.822591 ], [ -76.210031, 40.821995 ], [ -76.216314, 40.820983 ], [ -76.215037, 40.816997 ] ] ] } },
{ "type": "Feature", "properties": { "GEOID": "4276648", "NAME": "Throop borough, Pennsylvania", "population": 4113.0 }, "geometry": { "type": "Polygon", "coordinates": [ [ [ -75.636353, 41.449725 ], [ -75.622918, 41.443002 ], [ -75.622291, 41.442733 ], [ -75.582137, 41.42323 ], [ -75.560303, 41.41279 ], [ -75.550339, 41.421434 ], [ -75.601209, 41.455333 ], [ -75.605015, 41.457821 ], [ -75.606256, 41.458658 ], [ -75.614216, 41.46367 ], [ -75.615827, 41.461626 ], [ -75.619858, 41.458876 ], [ -75.620393, 41.457568 ], [ -75.620584, 41.457016 ], [ -75.623453, 41.452533 ], [ -75.625486, 41.450465 ], [ -75.628846, 41.450764 ], [ -75.634753, 41.450884 ], [ -75.636311, 41.449764 ], [ -75.636353, 41.449725 ] ] ] } },
{ "type": "Feature", "properties": { "GEOID": "4212704", "NAME": "Charleroi borough, Pennsylvania", "population": 4112.0 }, "geometry": { "type": "Polygon", "coordinates": [ [ [ -79.906476, 40.137966 ], [ -79.906351, 40.13749 ], [ -79.906306, 40.137474 ], [ -79.905786, 40.135816 ], [ -79.904142, 40.129447 ], [ -79.900649, 40.129703 ], [ -79.897346, 40.13034 ], [ -79.895608, 40.13115 ], [ -79.895239, 40.1315 ], [ -79.893007, 40.132312 ], [ -79.888601, 40.132392 ], [ -79.891193, 40.138184 ], [ -79.892089, 40.139528 ], [ -79.893241, 40.140776 ], [ -79.897306, 40.144008 ], [ -79.902074, 40.148647 ], [ -79.905376, 40.146759 ], [ -79.906245, 40.146371 ], [ -79.906294, 40.145801 ], [ -79.912122, 40.144359 ], [ -79.906476, 40.137966 ] ] ] } },
{ "type": "Feature", "properties": { "GEOID": "4225360", "NAME": "Farrell city, Pennsylvania", "population": 4110.0 }, "geometry": { "type": "Polygon", "coordinates": [ [ [ -80.5188892, 41.2187458 ], [ -80.5188345, 41.209929699999989 ], [ -80.517191, 41.209652 ], [ -80.515588, 41.20839 ], [ -80.514161, 41.207558 ], [ -80.512025, 41.208013 ], [ -80.510104, 41.207025 ], [ -80.508972, 41.205172 ], [ -80.509083, 41.204367 ], [ -80.509463, 41.203724 ], [ -80.509715, 41.203113 ], [ -80.509615, 41.202752 ], [ -80.50801, 41.201328 ], [ -80.505962, 41.200557 ], [ -80.505505, 41.198831 ], [ -80.503074, 41.198818 ], [ -80.499059, 41.200557 ], [ -80.499001, 41.201466 ], [ -80.498977, 41.203936 ], [ -80.497862, 41.205454 ], [ -80.491393, 41.205539 ], [ -80.490748, 41.20594 ], [ -80.486012, 41.209334 ], [ -80.484869, 41.208951 ], [ -80.485345, 41.206703 ], [ -80.486706, 41.205563 ], [ -80.486625, 41.20279 ], [ -80.485477, 41.20265 ], [ -80.485368, 41.204594 ], [ -80.470908, 41.204453 ], [ -80.470952, 41.207308 ], [ -80.473948, 41.209412 ], [ -80.470937, 41.209432 ], [ -80.47083, 41.207718 ], [ -80.468586, 41.206489 ], [ -80.46846, 41.209506 ], [ -80.467777, 41.211464 ], [ -80.468803, 41.212209 ], [ -80.471017, 41.212159 ], [ -80.470996, 41.210703 ], [ -80.478287, 41.214551 ], [ -80.479147, 41.214004 ], [ -80.486941, 41.218189 ], [ -80.486887, 41.216131 ], [ -80.493362, 41.219761 ], [ -80.493287, 41.214785 ], [ -80.496792, 41.214496 ], [ -80.496796, 41.214767 ], [ -80.496926, 41.221013 ], [ -80.506622, 41.220764 ], [ -80.507882, 41.217658 ], [ -80.508615, 41.220793 ], [ -80.51682, 41.220643 ], [ -80.517494, 41.220676 ], [ -80.518893, 41.219356 ], [ -80.5188892, 41.2187458 ] ] ] } },
{ "type": "Feature", "properties": { "GEOID": "4251880", "NAME": "Mount Pleasant borough, Pennsylvania", "population": 4108.0 }, "geometry": { "type": "Polygon", "coordinates": [ [ [ -79.554076, 40.151306 ], [ -79.551233, 40.1477 ], [ -79.551531, 40.14581 ], [ -79.550763, 40.143226 ], [ -79.547368, 40.143343 ], [ -79.546328, 40.143876 ], [ -79.545356, 40.144903 ], [ -79.54355, 40.14404 ], [ -79.542729, 40.144963 ], [ -79.536864, 40.142745 ], [ -79.532629, 40.143799 ], [ -79.53255, 40.141856 ], [ -79.530778, 40.141984 ], [ -79.530582, 40.140938 ], [ -79.528809, 40.141756 ], [ -79.530633, 40.143265 ], [ -79.531336, 40.147385 ], [ -79.531889, 40.149266 ], [ -79.534398, 40.149781 ], [ -79.533205, 40.150001 ], [ -79.53356, 40.15253 ], [ -79.535022, 40.152317 ], [ -79.534683, 40.149749 ], [ -79.539095, 40.150583 ], [ -79.540329, 40.152063 ], [ -79.537686, 40.154943 ], [ -79.539866, 40.157508 ], [ -79.54442, 40.160461 ], [ -79.547302, 40.161099 ], [ -79.54866, 40.165871 ], [ -79.54941, 40.16358 ], [ -79.551164, 40.16316 ], [ -79.55033, 40.15987 ], [ -79.550248, 40.153991 ], [ -79.554884, 40.154021 ], [ -79.554076, 40.151306 ] ] ] } },
{ "type": "Feature", "properties": { "GEOID": "4254816", "NAME": "North Braddock borough, Pennsylvania", "population": 4107.0 }, "geometry": { "type": "Polygon", "coordinates": [ [ [ -79.871335, 40.411718 ], [ -79.8661, 40.407889 ], [ -79.865447, 40.406872 ], [ -79.865408, 40.404975 ], [ -79.865198, 40.403558 ], [ -79.864495, 40.402435 ], [ -79.858768, 40.398358 ], [ -79.864108, 40.392268 ], [ -79.854501, 40.38877 ], [ -79.853443, 40.388406 ], [ -79.852031, 40.390205 ], [ -79.852875, 40.392733 ], [ -79.852345, 40.39431 ], [ -79.846633, 40.393702 ], [ -79.846419, 40.393965 ], [ -79.84444, 40.397855 ], [ -79.840446, 40.399044 ], [ -79.8392, 40.399779 ], [ -79.837835, 40.40056 ], [ -79.837936, 40.401798 ], [ -79.837153, 40.402464 ], [ -79.838265, 40.405187 ], [ -79.83897, 40.405792 ], [ -79.843126, 40.409233 ], [ -79.844219, 40.412245 ], [ -79.849042, 40.411725 ], [ -79.851813, 40.40981 ], [ -79.852959, 40.408972 ], [ -79.858801, 40.409021 ], [ -79.86055, 40.409023 ], [ -79.86094, 40.411745 ], [ -79.864517, 40.411392 ], [ -79.869512, 40.414043 ], [ -79.87013, 40.413713 ], [ -79.872022, 40.412568 ], [ -79.871335, 40.411718 ] ] ] } },
{ "type": "Feature", "properties": { "GEOID": "4218136", "NAME": "Danville borough, Pennsylvania", "population": 4101.0 }, "geometry": { "type": "Polygon", "coordinates": [ [ [ -76.633276, 40.967905 ], [ -76.632947, 40.965371 ], [ -76.628485, 40.963888 ], [ -76.619719, 40.959143 ], [ -76.614079, 40.95451 ], [ -76.611664, 40.952284 ], [ -76.611584, 40.952274 ], [ -76.608281, 40.94908 ], [ -76.604689, 40.946321 ], [ -76.602463, 40.948715 ], [ -76.59844, 40.954339 ], [ -76.596604, 40.954332 ], [ -76.596748, 40.955953 ], [ -76.595078, 40.955952 ], [ -76.592559, 40.959235 ], [ -76.599054, 40.960636 ], [ -76.602212, 40.959888 ], [ -76.603216, 40.960293 ], [ -76.606991, 40.964951 ], [ -76.613177, 40.972883 ], [ -76.615086, 40.972931 ], [ -76.614883, 40.974649 ], [ -76.612473, 40.976324 ], [ -76.614037, 40.980651 ], [ -76.617375, 40.979204 ], [ -76.615412, 40.977876 ], [ -76.617487, 40.976288 ], [ -76.61675, 40.975137 ], [ -76.617795, 40.974536 ], [ -76.616219, 40.970165 ], [ -76.619316, 40.972815 ], [ -76.621571, 40.971795 ], [ -76.618391, 40.970128 ], [ -76.620797, 40.970041 ], [ -76.623285, 40.966592 ], [ -76.633249, 40.968661 ], [ -76.633276, 40.967905 ] ] ] } },
{ "type": "Feature", "properties": { "GEOID": "4269800", "NAME": "Sharpsville borough, Pennsylvania", "population": 4095.0 }, "geometry": { "type": "Polygon", "coordinates": [ [ [ -80.500131, 41.254353 ], [ -80.497911, 41.253981 ], [ -80.495377, 41.254574 ], [ -80.495287, 41.256563 ], [ -80.487921, 41.256725 ], [ -80.48775, 41.24979 ], [ -80.477422, 41.249872 ], [ -80.471823, 41.249895 ], [ -80.472047, 41.257116 ], [ -80.467605, 41.257162 ], [ -80.46901, 41.261533 ], [ -80.472236, 41.262241 ], [ -80.47345, 41.263284 ], [ -80.471508, 41.264128 ], [ -80.472302, 41.266017 ], [ -80.469685, 41.268761 ], [ -80.470674, 41.270445 ], [ -80.475354, 41.271689 ], [ -80.476489, 41.271506 ], [ -80.48006, 41.268589 ], [ -80.483987, 41.265875 ], [ -80.49334, 41.263627 ], [ -80.498338, 41.257292 ], [ -80.500131, 41.254353 ] ] ] } },
{ "type": "Feature", "properties": { "GEOID": "4226280", "NAME": "Fleetwood borough, Pennsylvania", "population": 4094.0 }, "geometry": { "type": "Polygon", "coordinates": [ [ [ -75.83797, 40.458206 ], [ -75.831824, 40.454525 ], [ -75.830667, 40.455599 ], [ -75.82854, 40.454184 ], [ -75.830088, 40.453426 ], [ -75.829155, 40.452252 ], [ -75.8301, 40.451239 ], [ -75.827672, 40.452375 ], [ -75.826481, 40.451322 ], [ -75.824634, 40.452222 ], [ -75.821168, 40.448648 ], [ -75.818672, 40.44896 ], [ -75.817358, 40.447268 ], [ -75.816936, 40.446726 ], [ -75.814104, 40.448536 ], [ -75.811894, 40.449891 ], [ -75.811197, 40.455068 ], [ -75.802216, 40.459521 ], [ -75.80267, 40.461528 ], [ -75.806726, 40.4603 ], [ -75.807839, 40.459327 ], [ -75.811895, 40.461941 ], [ -75.816392, 40.461106 ], [ -75.819758, 40.459278 ], [ -75.820566, 40.458842 ], [ -75.821882, 40.460113 ], [ -75.8214, 40.461325 ], [ -75.823433, 40.462774 ], [ -75.82654, 40.459993 ], [ -75.829528, 40.46201 ], [ -75.827376, 40.463141 ], [ -75.8305, 40.46516 ], [ -75.834636, 40.461279 ], [ -75.83797, 40.458206 ] ] ] } },
{ "type": "Feature", "properties": { "GEOID": "4200540", "NAME": "Akron borough, Pennsylvania", "population": 4093.0 }, "geometry": { "type": "Polygon", "coordinates": [ [ [ -76.216676, 40.156652 ], [ -76.209999, 40.156494 ], [ -76.207331, 40.155917 ], [ -76.206579, 40.153712 ], [ -76.207569, 40.151803 ], [ -76.208705, 40.149573 ], [ -76.207872, 40.149078 ], [ -76.208246, 40.146606 ], [ -76.209652, 40.146576 ], [ -76.209871, 40.14538 ], [ -76.207813, 40.14583 ], [ -76.207446, 40.148726 ], [ -76.206694, 40.147079 ], [ -76.204562, 40.147277 ], [ -76.203474, 40.148398 ], [ -76.20184, 40.147694 ], [ -76.201565, 40.14943 ], [ -76.198778, 40.150895 ], [ -76.193152, 40.15197 ], [ -76.189095, 40.153569 ], [ -76.188156, 40.153112 ], [ -76.188076, 40.153481 ], [ -76.186455, 40.156895 ], [ -76.186311, 40.158981 ], [ -76.189671, 40.158402 ], [ -76.194646, 40.159816 ], [ -76.195027, 40.163491 ], [ -76.197505, 40.165452 ], [ -76.197605, 40.164629 ], [ -76.196286, 40.162631 ], [ -76.19984, 40.162236 ], [ -76.200735, 40.163696 ], [ -76.200945, 40.163927 ], [ -76.201884, 40.161979 ], [ -76.202744, 40.163213 ], [ -76.205005, 40.163278 ], [ -76.204856, 40.164587 ], [ -76.207042, 40.169846 ], [ -76.211239, 40.169056 ], [ -76.212745, 40.164965 ], [ -76.215284, 40.164752 ], [ -76.214779, 40.163488 ], [ -76.216795, 40.162168 ], [ -76.215866, 40.161083 ], [ -76.217575, 40.160206 ], [ -76.217209, 40.159723 ], [ -76.216126, 40.158134 ], [ -76.219279, 40.157621 ], [ -76.216676, 40.156652 ] ], [ [ -76.199568, 40.162 ], [ -76.198891, 40.161188 ], [ -76.199406, 40.161021 ], [ -76.200614, 40.162157 ], [ -76.199985, 40.162263 ], [ -76.19984, 40.162236 ], [ -76.199568, 40.162 ] ] ] } },
{ "type": "Feature", "properties": { "GEOID": "4277304", "NAME": "Trappe borough, Pennsylvania", "population": 4061.0 }, "geometry": { "type": "Polygon", "coordinates": [ [ [ -75.489494, 40.193625 ], [ -75.479742, 40.187905 ], [ -75.475717, 40.185504 ], [ -75.473551, 40.187716 ], [ -75.471386, 40.18645 ], [ -75.464514, 40.193976 ], [ -75.464294, 40.19388 ], [ -75.461966, 40.195754 ], [ -75.460319, 40.195304 ], [ -75.460666, 40.197967 ], [ -75.459115, 40.19831 ], [ -75.460281, 40.201343 ], [ -75.458736, 40.202082 ], [ -75.462401, 40.205258 ], [ -75.460638, 40.206972 ], [ -75.468898, 40.212015 ], [ -75.470273, 40.212836 ], [ -75.470902, 40.212174 ], [ -75.475935, 40.209307 ], [ -75.479519, 40.208003 ], [ -75.485905, 40.204589 ], [ -75.48544, 40.204124 ], [ -75.489367, 40.202535 ], [ -75.495999, 40.197457 ], [ -75.489494, 40.193625 ] ] ] } },
{ "type": "Feature", "properties": { "GEOID": "4211472", "NAME": "Carroll Valley borough, Pennsylvania", "population": 4051.0 }, "geometry": { "type": "Polygon", "coordinates": [ [ [ -77.410523, 39.742696 ], [ -77.408296, 39.741206 ], [ -77.403713, 39.739926 ], [ -77.40267, 39.742106 ], [ -77.401922, 39.744021 ], [ -77.398889, 39.743443 ], [ -77.396863, 39.746169 ], [ -77.39177, 39.744255 ], [ -77.393435, 39.742374 ], [ -77.394796, 39.738745 ], [ -77.387726, 39.738056 ], [ -77.387363, 39.739684 ], [ -77.387409, 39.740999 ], [ -77.383947, 39.739202 ], [ -77.385017, 39.737935 ], [ -77.384503, 39.737643 ], [ -77.381139, 39.738488 ], [ -77.380631, 39.736926 ], [ -77.382095, 39.736652 ], [ -77.382646, 39.735424 ], [ -77.384828, 39.73458 ], [ -77.386581, 39.730559 ], [ -77.385308, 39.729051 ], [ -77.388272, 39.728134 ], [ -77.390045, 39.730053 ], [ -77.39018, 39.72847 ], [ -77.39236, 39.727786 ], [ -77.390958, 39.726748 ], [ -77.388254, 39.726311 ], [ -77.384579, 39.724058 ], [ -77.382589, 39.72378 ], [ -77.381017, 39.724419 ], [ -77.381326, 39.727456 ], [ -77.378964, 39.72761 ], [ -77.377219, 39.728445 ], [ -77.374264, 39.727405 ], [ -77.37433, 39.725552 ], [ -77.3802426, 39.7200101 ], [ -77.369521, 39.7200092 ], [ -77.3630643, 39.7200086 ], [ -77.362692, 39.721669 ], [ -77.364328, 39.725231 ], [ -77.364834, 39.729088 ], [ -77.368939, 39.730076 ], [ -77.369458, 39.732407 ], [ -77.367261, 39.732844 ], [ -77.366568, 39.732236 ], [ -77.366407, 39.733581 ], [ -77.365015, 39.733798 ], [ -77.364345, 39.732084 ], [ -77.36169, 39.731869 ], [ -77.361005, 39.734671 ], [ -77.363409, 39.733581 ], [ -77.363249, 39.735128 ], [ -77.365336, 39.734928 ], [ -77.367544, 39.739586 ], [ -77.370023, 39.745541 ], [ -77.372477, 39.744814 ], [ -77.372698, 39.746768 ], [ -77.373989, 39.748141 ], [ -77.373183, 39.750105 ], [ -77.370879, 39.752689 ], [ -77.369261, 39.749643 ], [ -77.367249, 39.751483 ], [ -77.36487, 39.748609 ], [ -77.364641, 39.747181 ], [ -77.362746, 39.747125 ], [ -77.362114, 39.750187 ], [ -77.360844, 39.751809 ], [ -77.359273, 39.751073 ], [ -77.358349, 39.755025 ], [ -77.359829, 39.754671 ], [ -77.363526, 39.757706 ], [ -77.361067, 39.759871 ], [ -77.366476, 39.762385 ], [ -77.363967, 39.764694 ], [ -77.365888, 39.766722 ], [ -77.363096, 39.769868 ], [ -77.367867, 39.771136 ], [ -77.366949, 39.772513 ], [ -77.367903, 39.773716 ], [ -77.366578, 39.775114 ], [ -77.369287, 39.774921 ], [ -77.372072, 39.776201 ], [ -77.374972, 39.773685 ], [ -77.376493, 39.773425 ], [ -77.381555, 39.77477 ], [ -77.380573, 39.776949 ], [ -77.382496, 39.777367 ], [ -77.388224, 39.77555 ], [ -77.393359, 39.776368 ], [ -77.39113, 39.772721 ], [ -77.389566, 39.772433 ], [ -77.386572, 39.767218 ], [ -77.390344, 39.762284 ], [ -77.39442, 39.763324 ], [ -77.392232, 39.765731 ], [ -77.393568, 39.766206 ], [ -77.396075, 39.763913 ], [ -77.397249, 39.75858 ], [ -77.395604, 39.758052 ], [ -77.397672, 39.75657 ], [ -77.398227, 39.755162 ], [ -77.40355, 39.752007 ], [ -77.407931, 39.748502 ], [ -77.410855, 39.745623 ], [ -77.410523, 39.742696 ] ] ] } },
{ "type": "Feature", "properties": { "GEOID": "4238128", "NAME": "Jersey Shore borough, Pennsylvania", "population": 4048.0 }, "geometry": { "type": "Polygon", "coordinates": [ [ [ -77.28653, 41.195534 ], [ -77.283518, 41.194775 ], [ -77.276989, 41.196112 ], [ -77.272919, 41.197327 ], [ -77.270007, 41.197242 ], [ -77.260098, 41.197047 ], [ -77.259387, 41.195404 ], [ -77.251718, 41.195189 ], [ -77.251205, 41.197925 ], [ -77.250928, 41.199465 ], [ -77.252397, 41.203445 ], [ -77.251144, 41.206388 ], [ -77.258721, 41.208674 ], [ -77.261239, 41.209407 ], [ -77.261926, 41.207992 ], [ -77.276025, 41.204562 ], [ -77.282314, 41.203236 ], [ -77.281839, 41.201253 ], [ -77.286405, 41.200152 ], [ -77.285649, 41.197589 ], [ -77.28653, 41.195534 ] ] ] } },
{ "type": "Feature", "properties": { "GEOID": "4250408", "NAME": "Monongahela city, Pennsylvania", "population": 4041.0 }, "geometry": { "type": "Polygon", "coordinates": [ [ [ -79.944428, 40.198183 ], [ -79.942276, 40.196817 ], [ -79.939355, 40.194694 ], [ -79.939355, 40.196646 ], [ -79.931475, 40.19442 ], [ -79.929373, 40.188674 ], [ -79.928162, 40.188783 ], [ -79.925211, 40.188663 ], [ -79.922939, 40.187351 ], [ -79.921243, 40.184903 ], [ -79.915958, 40.184963 ], [ -79.909657, 40.184549 ], [ -79.903189, 40.183163 ], [ -79.902122, 40.187255 ], [ -79.900009, 40.191799 ], [ -79.900683, 40.193837 ], [ -79.900334, 40.194841 ], [ -79.910783, 40.196977 ], [ -79.916416, 40.198973 ], [ -79.918712, 40.200279 ], [ -79.924598, 40.204954 ], [ -79.929289, 40.207081 ], [ -79.93879, 40.20946 ], [ -79.939497, 40.207453 ], [ -79.940799, 40.206452 ], [ -79.942376, 40.202887 ], [ -79.942558, 40.200373 ], [ -79.944807, 40.198681 ], [ -79.944428, 40.198183 ] ] ] } },
{ "type": "Feature", "properties": { "GEOID": "4213800", "NAME": "Clarion borough, Pennsylvania", "population": 4037.0 }, "geometry": { "type": "Polygon", "coordinates": [ [ [ -79.396466, 41.215868 ], [ -79.393321, 41.21565 ], [ -79.395225, 41.213011 ], [ -79.389905, 41.211585 ], [ -79.391243, 41.209667 ], [ -79.389686, 41.209024 ], [ -79.38871, 41.208704 ], [ -79.38839, 41.207146 ], [ -79.386538, 41.206296 ], [ -79.385273, 41.206063 ], [ -79.386371, 41.205491 ], [ -79.385807, 41.203441 ], [ -79.381928, 41.201635 ], [ -79.376953, 41.201585 ], [ -79.374994, 41.201561 ], [ -79.376854, 41.200187 ], [ -79.371086, 41.195818 ], [ -79.368882, 41.195756 ], [ -79.367542, 41.196256 ], [ -79.36735, 41.201499 ], [ -79.366702, 41.20449 ], [ -79.364096, 41.204351 ], [ -79.36356, 41.206871 ], [ -79.36535, 41.20758 ], [ -79.366043, 41.206542 ], [ -79.368, 41.207326 ], [ -79.367317, 41.208362 ], [ -79.365909, 41.210644 ], [ -79.370857, 41.212076 ], [ -79.374372, 41.212414 ], [ -79.374351, 41.216073 ], [ -79.376035, 41.217908 ], [ -79.379156, 41.217681 ], [ -79.38133, 41.218785 ], [ -79.382918, 41.222716 ], [ -79.386363, 41.22441 ], [ -79.389717, 41.22509 ], [ -79.391053, 41.221432 ], [ -79.396057, 41.222522 ], [ -79.395248, 41.218024 ], [ -79.396466, 41.215868 ] ] ] } },
{ "type": "Feature", "properties": { "GEOID": "4259120", "NAME": "Pennsburg borough, Pennsylvania", "population": 4036.0 }, "geometry": { "type": "Polygon", "coordinates": [ [ [ -75.507163, 40.399587 ], [ -75.506296, 40.398414 ], [ -75.502749, 40.392664 ], [ -75.500241, 40.388413 ], [ -75.498624, 40.387465 ], [ -75.491712, 40.383277 ], [ -75.488076, 40.384774 ], [ -75.487891, 40.38449 ], [ -75.485968, 40.385793 ], [ -75.490167, 40.39254 ], [ -75.492384, 40.395997 ], [ -75.490531, 40.397775 ], [ -75.494309, 40.400024 ], [ -75.494796, 40.400354 ], [ -75.496321, 40.404183 ], [ -75.498864, 40.403323 ], [ -75.502598, 40.400036 ], [ -75.505019, 40.401719 ], [ -75.507679, 40.399976 ], [ -75.507163, 40.399587 ] ] ] } },
{ "type": "Feature", "properties": { "GEOID": "4254952", "NAME": "North East borough, Pennsylvania", "population": 4018.0 }, "geometry": { "type": "Polygon", "coordinates": [ [ [ -79.848503, 42.216634 ], [ -79.846503, 42.216016 ], [ -79.84657, 42.211605 ], [ -79.845322, 42.211251 ], [ -79.845353, 42.20674 ], [ -79.845373, 42.203904 ], [ -79.837635, 42.204986 ], [ -79.822049, 42.206887 ], [ -79.822044, 42.215384 ], [ -79.822042, 42.215638 ], [ -79.82193, 42.219464 ], [ -79.821671, 42.225733 ], [ -79.824553, 42.225763 ], [ -79.824562, 42.223542 ], [ -79.833407, 42.220499 ], [ -79.844602, 42.216564 ], [ -79.844525, 42.218777 ], [ -79.84663, 42.218786 ], [ -79.848503, 42.216634 ] ] ] } },
{ "type": "Feature", "properties": { "GEOID": "4270568", "NAME": "Shrewsbury borough, Pennsylvania", "population": 4014.0 }, "geometry": { "type": "Polygon", "coordinates": [ [ [ -76.693024, 39.77022 ], [ -76.689345, 39.769039 ], [ -76.686489, 39.76861 ], [ -76.68409, 39.765547 ], [ -76.681343, 39.753735 ], [ -76.68072, 39.750735 ], [ -76.677148, 39.750942 ], [ -76.676382, 39.746168 ], [ -76.674458, 39.747284 ], [ -76.672233, 39.746451 ], [ -76.6732, 39.752749 ], [ -76.6743, 39.757649 ], [ -76.674814, 39.759749 ], [ -76.676155, 39.76212 ], [ -76.677838, 39.769134 ], [ -76.6719, 39.77102 ], [ -76.668084, 39.771111 ], [ -76.668185, 39.771688 ], [ -76.668732, 39.773532 ], [ -76.670172, 39.777287 ], [ -76.673871, 39.783334 ], [ -76.674975, 39.78939 ], [ -76.676889, 39.790149 ], [ -76.678711, 39.789906 ], [ -76.680741, 39.790533 ], [ -76.683964, 39.789307 ], [ -76.682304, 39.786549 ], [ -76.685246, 39.784958 ], [ -76.686243, 39.78442 ], [ -76.685992, 39.780902 ], [ -76.683759, 39.781109 ], [ -76.684384, 39.779685 ], [ -76.687964, 39.777829 ], [ -76.692142, 39.774604 ], [ -76.692677, 39.775121 ], [ -76.696051, 39.771835 ], [ -76.693024, 39.77022 ] ] ] } },
{ "type": "Feature", "properties": { "GEOID": "4258032", "NAME": "Parkesburg borough, Pennsylvania", "population": 3976.0 }, "geometry": { "type": "Polygon", "coordinates": [ [ [ -75.933534, 39.954656 ], [ -75.9279, 39.955075 ], [ -75.927216, 39.949256 ], [ -75.90614, 39.953936 ], [ -75.906182, 39.954548 ], [ -75.904792, 39.955217 ], [ -75.906369, 39.955488 ], [ -75.90708, 39.962496 ], [ -75.907815, 39.969168 ], [ -75.913283, 39.968817 ], [ -75.920318, 39.9683 ], [ -75.92023, 39.96725 ], [ -75.925745, 39.963022 ], [ -75.928992, 39.963688 ], [ -75.928292, 39.958105 ], [ -75.933729, 39.955893 ], [ -75.933534, 39.954656 ] ] ] } },
{ "type": "Feature", "properties": { "GEOID": "4240040", "NAME": "Kittanning borough, Pennsylvania", "population": 3941.0 }, "geometry": { "type": "Polygon", "coordinates": [ [ [ -79.531235, 40.827047 ], [ -79.530845, 40.824995 ], [ -79.530526, 40.82317 ], [ -79.529454, 40.820046 ], [ -79.529136, 40.819505 ], [ -79.522745, 40.812447 ], [ -79.521679, 40.813069 ], [ -79.51691, 40.808253 ], [ -79.516215, 40.806971 ], [ -79.514529, 40.807979 ], [ -79.515041, 40.810012 ], [ -79.5144, 40.812423 ], [ -79.516574, 40.814625 ], [ -79.51613, 40.814887 ], [ -79.514963, 40.815573 ], [ -79.51888, 40.819659 ], [ -79.519085, 40.82111 ], [ -79.520663, 40.821776 ], [ -79.522571, 40.824633 ], [ -79.513721, 40.829749 ], [ -79.516156, 40.832156 ], [ -79.524597, 40.828059 ], [ -79.527018, 40.83153 ], [ -79.525285, 40.832174 ], [ -79.524594, 40.835402 ], [ -79.523371, 40.836584 ], [ -79.520235, 40.836508 ], [ -79.51279, 40.837233 ], [ -79.523808, 40.84617 ], [ -79.525974, 40.845166 ], [ -79.529196, 40.841428 ], [ -79.530863, 40.835894 ], [ -79.531235, 40.827047 ] ] ] } },
{ "type": "Feature", "properties": { "GEOID": "4227232", "NAME": "Frackville borough, Pennsylvania", "population": 3893.0 }, "geometry": { "type": "Polygon", "coordinates": [ [ [ -76.241497, 40.786739 ], [ -76.239627, 40.782682 ], [ -76.236889, 40.776755 ], [ -76.230413, 40.777409 ], [ -76.228897, 40.777648 ], [ -76.223641, 40.778483 ], [ -76.226702, 40.784804 ], [ -76.229453, 40.790386 ], [ -76.234604, 40.789441 ], [ -76.242045, 40.787857 ], [ -76.241497, 40.786739 ] ] ] } },
{ "type": "Feature", "properties": { "GEOID": "4264784", "NAME": "Ridgway borough, Pennsylvania", "population": 3893.0 }, "geometry": { "type": "Polygon", "coordinates": [ [ [ -78.752668, 41.430063 ], [ -78.748004, 41.42903 ], [ -78.74646, 41.428469 ], [ -78.746256, 41.419587 ], [ -78.741141, 41.41773 ], [ -78.741116, 41.416972 ], [ -78.741066, 41.415415 ], [ -78.714814, 41.415512 ], [ -78.713054, 41.415516 ], [ -78.713564, 41.438979 ], [ -78.730949, 41.4389 ], [ -78.733801, 41.437988 ], [ -78.735583, 41.435592 ], [ -78.739181, 41.435491 ], [ -78.739304, 41.434381 ], [ -78.743081, 41.434297 ], [ -78.743184, 41.435592 ], [ -78.74655, 41.435546 ], [ -78.746577, 41.434281 ], [ -78.752602, 41.434192 ], [ -78.752668, 41.430063 ] ] ] } },
{ "type": "Feature", "properties": { "GEOID": "4209224", "NAME": "Brookville borough, Pennsylvania", "population": 3883.0 }, "geometry": { "type": "Polygon", "coordinates": [ [ [ -79.102729, 41.172582 ], [ -79.101629, 41.169704 ], [ -79.099297, 41.166249 ], [ -79.099841, 41.164032 ], [ -79.099675, 41.16012 ], [ -79.100539, 41.155298 ], [ -79.094772, 41.151503 ], [ -79.094633, 41.147015 ], [ -79.093716, 41.147008 ], [ -79.099869, 41.143078 ], [ -79.099609, 41.142758 ], [ -79.092687, 41.146318 ], [ -79.089292, 41.149515 ], [ -79.089148, 41.150825 ], [ -79.085245, 41.150493 ], [ -79.08354, 41.148803 ], [ -79.081899, 41.148844 ], [ -79.081924, 41.147334 ], [ -79.079629, 41.148812 ], [ -79.077694, 41.148812 ], [ -79.075814, 41.148767 ], [ -79.071136, 41.146809 ], [ -79.067819, 41.146623 ], [ -79.063945, 41.14839 ], [ -79.063784, 41.149053 ], [ -79.066515, 41.150204 ], [ -79.06341, 41.160824 ], [ -79.063512, 41.171464 ], [ -79.072761, 41.171373 ], [ -79.083743, 41.171326 ], [ -79.082864, 41.173216 ], [ -79.089079, 41.176319 ], [ -79.090922, 41.177841 ], [ -79.094636, 41.176194 ], [ -79.099707, 41.177491 ], [ -79.099624, 41.173805 ], [ -79.104306, 41.17386 ], [ -79.102729, 41.172582 ] ] ] } },
{ "type": "Feature", "properties": { "GEOID": "4272920", "NAME": "Spring City borough, Pennsylvania", "population": 3878.0 }, "geometry": { "type": "Polygon", "coordinates": [ [ [ -75.557786, 40.17996 ], [ -75.554459, 40.179882 ], [ -75.554552, 40.178669 ], [ -75.554671, 40.175306 ], [ -75.552189, 40.173858 ], [ -75.545551, 40.170102 ], [ -75.54239, 40.168126 ], [ -75.541439, 40.166234 ], [ -75.539312, 40.168353 ], [ -75.535958, 40.169445 ], [ -75.533837, 40.168706 ], [ -75.531824, 40.170612 ], [ -75.534425, 40.172363 ], [ -75.539581, 40.174966 ], [ -75.540986, 40.175951 ], [ -75.545338, 40.182555 ], [ -75.547419, 40.186449 ], [ -75.555395, 40.185495 ], [ -75.55742, 40.185413 ], [ -75.556349, 40.182459 ], [ -75.558109, 40.182592 ], [ -75.557786, 40.17996 ] ] ] } },
{ "type": "Feature", "properties": { "GEOID": "4203736", "NAME": "Baden borough, Pennsylvania", "population": 3831.0 }, "geometry": { "type": "Polygon", "coordinates": [ [ [ -80.239482, 40.649466 ], [ -80.235692, 40.638984 ], [ -80.233443, 40.632764 ], [ -80.233082, 40.631766 ], [ -80.232983, 40.626249 ], [ -80.214497, 40.626687 ], [ -80.207088, 40.627456 ], [ -80.20755, 40.637968 ], [ -80.207639, 40.640025 ], [ -80.208756, 40.641534 ], [ -80.217701, 40.65361 ], [ -80.220217, 40.652678 ], [ -80.224896, 40.650971 ], [ -80.226666, 40.65359 ], [ -80.221913, 40.655675 ], [ -80.22267, 40.656751 ], [ -80.239807, 40.649964 ], [ -80.239482, 40.649466 ] ] ] } },
{ "type": "Feature", "properties": { "GEOID": "4227744", "NAME": "Freeland borough, Pennsylvania", "population": 3811.0 }, "geometry": { "type": "Polygon", "coordinates": [ [ [ -75.905886, 41.020087 ], [ -75.905782, 41.018149 ], [ -75.901616, 41.018254 ], [ -75.90196, 41.016362 ], [ -75.900006, 41.016422 ], [ -75.89902, 41.013618 ], [ -75.8973, 41.013673 ], [ -75.896697, 41.013497 ], [ -75.894407, 41.013555 ], [ -75.89451, 41.016505 ], [ -75.891312, 41.016606 ], [ -75.891384, 41.01849 ], [ -75.8862, 41.018638 ], [ -75.886586, 41.026436 ], [ -75.895485, 41.026217 ], [ -75.906124, 41.02594 ], [ -75.905886, 41.020087 ] ] ] } },
{ "type": "Feature", "properties": { "GEOID": "4255456", "NAME": "Northumberland borough, Pennsylvania", "population": 3800.0 }, "geometry": { "type": "Polygon", "coordinates": [ [ [ -76.811615, 40.890197 ], [ -76.807815, 40.88952 ], [ -76.801111, 40.887293 ], [ -76.797172, 40.884568 ], [ -76.79641, 40.883729 ], [ -76.791015, 40.888112 ], [ -76.787171, 40.890278 ], [ -76.779395, 40.896607 ], [ -76.776209, 40.898458 ], [ -76.779471, 40.901254 ], [ -76.780477, 40.902125 ], [ -76.779061, 40.903533 ], [ -76.784735, 40.907845 ], [ -76.794462, 40.905902 ], [ -76.798012, 40.905165 ], [ -76.803182, 40.900096 ], [ -76.805564, 40.897614 ], [ -76.80472, 40.897116 ], [ -76.808593, 40.893265 ], [ -76.80955, 40.892293 ], [ -76.811615, 40.890197 ] ] ] } },
{ "type": "Feature", "properties": { "GEOID": "4285632", "NAME": "Windber borough, Pennsylvania", "population": 3780.0 }, "geometry": { "type": "Polygon", "coordinates": [ [ [ -78.843905, 40.235424 ], [ -78.839576, 40.234175 ], [ -78.835284, 40.233955 ], [ -78.833927, 40.231833 ], [ -78.831269, 40.228801 ], [ -78.827907, 40.219468 ], [ -78.824009, 40.218898 ], [ -78.824018, 40.222942 ], [ -78.818662, 40.222729 ], [ -78.817536, 40.224098 ], [ -78.81529, 40.226658 ], [ -78.817703, 40.227982 ], [ -78.811944, 40.237902 ], [ -78.803583, 40.236942 ], [ -78.80363, 40.240776 ], [ -78.805999, 40.242104 ], [ -78.810234, 40.242186 ], [ -78.810282, 40.244368 ], [ -78.825653, 40.244505 ], [ -78.835102, 40.24468 ], [ -78.839013, 40.244754 ], [ -78.843141, 40.239406 ], [ -78.84292, 40.238313 ], [ -78.841742, 40.237206 ], [ -78.843905, 40.235424 ] ] ] } },
{ "type": "Feature", "properties": { "GEOID": "4237208", "NAME": "Irwin borough, Pennsylvania", "population": 3759.0 }, "geometry": { "type": "Polygon", "coordinates": [ [ [ -79.712954, 40.330376 ], [ -79.712004, 40.328027 ], [ -79.709422, 40.327161 ], [ -79.708615, 40.32614 ], [ -79.705344, 40.323835 ], [ -79.707845, 40.322633 ], [ -79.700061, 40.319162 ], [ -79.700047, 40.31864 ], [ -79.70008, 40.31839 ], [ -79.702669, 40.316219 ], [ -79.699336, 40.312375 ], [ -79.69751, 40.3139 ], [ -79.698771, 40.315592 ], [ -79.69426, 40.321304 ], [ -79.68844, 40.322317 ], [ -79.684845, 40.320355 ], [ -79.681886, 40.322162 ], [ -79.686406, 40.326951 ], [ -79.68751, 40.32639 ], [ -79.688744, 40.327702 ], [ -79.692496, 40.325051 ], [ -79.69584, 40.32631 ], [ -79.694835, 40.327841 ], [ -79.69958, 40.32907 ], [ -79.700037, 40.330019 ], [ -79.703566, 40.329401 ], [ -79.707553, 40.331088 ], [ -79.706145, 40.333163 ], [ -79.7072, 40.334297 ], [ -79.708908, 40.335389 ], [ -79.712242, 40.335425 ], [ -79.712954, 40.330376 ] ] ] } },
{ "type": "Feature", "properties": { "GEOID": "4287272", "NAME": "Zelienople borough, Pennsylvania", "population": 3752.0 }, "geometry": { "type": "Polygon", "coordinates": [ [ [ -80.155221, 40.788194 ], [ -80.154784, 40.782039 ], [ -80.154519, 40.776166 ], [ -80.1357, 40.776632 ], [ -80.134314, 40.781602 ], [ -80.132733, 40.783418 ], [ -80.12791, 40.784024 ], [ -80.124283, 40.785231 ], [ -80.125048, 40.788261 ], [ -80.127299, 40.789674 ], [ -80.128812, 40.789042 ], [ -80.129204, 40.792205 ], [ -80.1276, 40.79249 ], [ -80.12778, 40.793525 ], [ -80.130895, 40.793181 ], [ -80.131272, 40.795015 ], [ -80.131864, 40.797874 ], [ -80.131326, 40.798842 ], [ -80.131453, 40.799161 ], [ -80.132712, 40.798615 ], [ -80.139876, 40.799638 ], [ -80.142917, 40.799569 ], [ -80.146043, 40.800765 ], [ -80.156003, 40.800371 ], [ -80.155221, 40.788194 ] ] ] } },
{ "type": "Feature", "properties": { "GEOID": "4218888", "NAME": "Denver borough, Pennsylvania", "population": 3747.0 }, "geometry": { "type": "Polygon", "coordinates": [ [ [ -76.158558, 40.22526 ], [ -76.157151, 40.222799 ], [ -76.154249, 40.221257 ], [ -76.150076, 40.22355 ], [ -76.148441, 40.222507 ], [ -76.144799, 40.223416 ], [ -76.139707, 40.228187 ], [ -76.137899, 40.226418 ], [ -76.133021, 40.228924 ], [ -76.131607, 40.227896 ], [ -76.130186, 40.226406 ], [ -76.125188, 40.228626 ], [ -76.125603, 40.229471 ], [ -76.126526, 40.231361 ], [ -76.126075, 40.231677 ], [ -76.125362, 40.232625 ], [ -76.125779, 40.23578 ], [ -76.12714, 40.236882 ], [ -76.129897, 40.237304 ], [ -76.131171, 40.235696 ], [ -76.132289, 40.235918 ], [ -76.129817, 40.239252 ], [ -76.126294, 40.242242 ], [ -76.128103, 40.244 ], [ -76.130459, 40.242409 ], [ -76.131914, 40.24323 ], [ -76.138186, 40.246832 ], [ -76.138929, 40.244933 ], [ -76.13785, 40.244704 ], [ -76.138655, 40.242746 ], [ -76.136657, 40.242241 ], [ -76.136082, 40.243041 ], [ -76.134547, 40.242589 ], [ -76.13627, 40.24079 ], [ -76.138206, 40.240481 ], [ -76.142117, 40.240879 ], [ -76.142698, 40.240742 ], [ -76.143734, 40.239496 ], [ -76.143252, 40.23746 ], [ -76.146147, 40.233932 ], [ -76.145267, 40.233095 ], [ -76.149497, 40.229291 ], [ -76.157832, 40.226872 ], [ -76.158558, 40.22526 ] ] ] } },
{ "type": "Feature", "properties": { "GEOID": "4269376", "NAME": "Sewickley borough, Pennsylvania", "population": 3729.0 }, "geometry": { "type": "Polygon", "coordinates": [ [ [ -80.195247, 40.540459 ], [ -80.19271, 40.536464 ], [ -80.191036, 40.534477 ], [ -80.189976, 40.533785 ], [ -80.187964, 40.53292 ], [ -80.186812, 40.532356 ], [ -80.178648, 40.52994 ], [ -80.175246, 40.534884 ], [ -80.17225, 40.53762 ], [ -80.169448, 40.537017 ], [ -80.168686, 40.539553 ], [ -80.163138, 40.541564 ], [ -80.161271, 40.542719 ], [ -80.156527, 40.542588 ], [ -80.154379, 40.544712 ], [ -80.157238, 40.544588 ], [ -80.156291, 40.545613 ], [ -80.156267, 40.547519 ], [ -80.158893, 40.548288 ], [ -80.158992, 40.546135 ], [ -80.160806, 40.545252 ], [ -80.161695, 40.547445 ], [ -80.163902, 40.546709 ], [ -80.162761, 40.544071 ], [ -80.166129, 40.541146 ], [ -80.168527, 40.540576 ], [ -80.171561, 40.541274 ], [ -80.172858, 40.540532 ], [ -80.174639, 40.541615 ], [ -80.17724, 40.544262 ], [ -80.173253, 40.547188 ], [ -80.173144, 40.548828 ], [ -80.171658, 40.548389 ], [ -80.171755, 40.550696 ], [ -80.174606, 40.549736 ], [ -80.174232, 40.548133 ], [ -80.178305, 40.545311 ], [ -80.181513, 40.548595 ], [ -80.191594, 40.54246 ], [ -80.193304, 40.541445 ], [ -80.195247, 40.540459 ] ] ] } },
{ "type": "Feature", "properties": { "GEOID": "4281832", "NAME": "Waynesburg borough, Pennsylvania", "population": 3631.0 }, "geometry": { "type": "Polygon", "coordinates": [ [ [ -80.195738, 39.901413 ], [ -80.195755, 39.899921 ], [ -80.194352, 39.898298 ], [ -80.193977, 39.897676 ], [ -80.193621, 39.896307 ], [ -80.193311, 39.895651 ], [ -80.192106, 39.894464 ], [ -80.189835, 39.89128 ], [ -80.185962, 39.891167 ], [ -80.184265, 39.890854 ], [ -80.182714, 39.891243 ], [ -80.179727, 39.893406 ], [ -80.178957, 39.893907 ], [ -80.175098, 39.89363 ], [ -80.173537, 39.894103 ], [ -80.175236, 39.896616 ], [ -80.176616, 39.898984 ], [ -80.176667, 39.903655 ], [ -80.18447, 39.903312 ], [ -80.186435, 39.904695 ], [ -80.189958, 39.904777 ], [ -80.19438, 39.904645 ], [ -80.196185, 39.903536 ], [ -80.195738, 39.901413 ] ] ] } },
{ "type": "Feature", "properties": { "GEOID": "4285664", "NAME": "Wind Gap borough, Pennsylvania", "population": 3630.0 }, "geometry": { "type": "Polygon", "coordinates": [ [ [ -75.305206, 40.837104 ], [ -75.29644, 40.837201 ], [ -75.29692, 40.835402 ], [ -75.295571, 40.834633 ], [ -75.294328, 40.835855 ], [ -75.294549, 40.837485 ], [ -75.289804, 40.837881 ], [ -75.285042, 40.842899 ], [ -75.280979, 40.84672 ], [ -75.280952, 40.848585 ], [ -75.279928, 40.851657 ], [ -75.281786, 40.854115 ], [ -75.290074, 40.86393 ], [ -75.294828, 40.862244 ], [ -75.29494, 40.8622 ], [ -75.293842, 40.860189 ], [ -75.294211, 40.858715 ], [ -75.299319, 40.848645 ], [ -75.305206, 40.837104 ] ] ] } },
{ "type": "Feature", "properties": { "GEOID": "4271184", "NAME": "Slippery Rock borough, Pennsylvania", "population": 3551.0 }, "geometry": { "type": "Polygon", "coordinates": [ [ [ -80.068668, 41.058979 ], [ -80.066638, 41.058952 ], [ -80.058678, 41.058845 ], [ -80.060025, 41.057291 ], [ -80.058474, 41.056579 ], [ -80.055986, 41.056608 ], [ -80.056017, 41.053892 ], [ -80.052545, 41.053905 ], [ -80.051977, 41.052959 ], [ -80.051297, 41.055194 ], [ -80.049516, 41.055179 ], [ -80.050347, 41.05645 ], [ -80.048576, 41.058285 ], [ -80.04628, 41.058856 ], [ -80.047421, 41.058878 ], [ -80.047418, 41.059542 ], [ -80.048887, 41.059558 ], [ -80.048971, 41.064613 ], [ -80.047534, 41.069685 ], [ -80.048546, 41.069736 ], [ -80.048534, 41.070805 ], [ -80.051805, 41.070835 ], [ -80.051709, 41.084531 ], [ -80.0597, 41.08437 ], [ -80.066426, 41.083096 ], [ -80.066691, 41.062982 ], [ -80.068419, 41.062997 ], [ -80.068668, 41.058979 ] ], [ [ -80.063678, 41.070092 ], [ -80.063088, 41.072233 ], [ -80.061327, 41.071812 ], [ -80.061631, 41.069873 ], [ -80.063389, 41.069873 ], [ -80.063678, 41.070092 ] ] ] } },
{ "type": "Feature", "properties": { "GEOID": "4246592", "NAME": "Mahanoy City borough, Pennsylvania", "population": 3539.0 }, "geometry": { "type": "Polygon", "coordinates": [ [ [ -76.149851, 40.810646 ], [ -76.148859, 40.807531 ], [ -76.134464, 40.810307 ], [ -76.125732, 40.811991 ], [ -76.127331, 40.817701 ], [ -76.133395, 40.816554 ], [ -76.150706, 40.813284 ], [ -76.149851, 40.810646 ] ] ] } },
{ "type": "Feature", "properties": { "GEOID": "4216128", "NAME": "Coplay borough, Pennsylvania", "population": 3532.0 }, "geometry": { "type": "Polygon", "coordinates": [ [ [ -75.504761, 40.668913 ], [ -75.501563, 40.663618 ], [ -75.49422, 40.666133 ], [ -75.490011, 40.667578 ], [ -75.489132, 40.667878 ], [ -75.486849, 40.668626 ], [ -75.487885, 40.672208 ], [ -75.486137, 40.672999 ], [ -75.487329, 40.674497 ], [ -75.489364, 40.676065 ], [ -75.491127, 40.676996 ], [ -75.49534, 40.677787 ], [ -75.498071, 40.676124 ], [ -75.506352, 40.671494 ], [ -75.504761, 40.668913 ] ] ] } },
{ "type": "Feature", "properties": { "GEOID": "4262320", "NAME": "Port Vue borough, Pennsylvania", "population": 3519.0 }, "geometry": { "type": "Polygon", "coordinates": [ [ [ -79.883676, 40.335876 ], [ -79.883106, 40.3324 ], [ -79.875076, 40.328734 ], [ -79.871858, 40.330032 ], [ -79.869965, 40.329336 ], [ -79.865185, 40.328761 ], [ -79.862648, 40.329329 ], [ -79.861062, 40.330678 ], [ -79.860103, 40.33441 ], [ -79.859573, 40.335071 ], [ -79.858269, 40.336766 ], [ -79.858882, 40.337351 ], [ -79.861405, 40.338816 ], [ -79.864895, 40.340631 ], [ -79.866876, 40.342219 ], [ -79.868509, 40.344772 ], [ -79.869958, 40.348765 ], [ -79.87344, 40.347605 ], [ -79.877285, 40.344685 ], [ -79.880966, 40.341771 ], [ -79.883482, 40.339539 ], [ -79.884714, 40.336966 ], [ -79.883676, 40.335876 ] ] ] } },
{ "type": "Feature", "properties": { "GEOID": "4247000", "NAME": "Manor borough, Pennsylvania", "population": 3482.0 }, "geometry": { "type": "Polygon", "coordinates": [ [ [ -79.687031, 40.348877 ], [ -79.68165, 40.3465 ], [ -79.67898, 40.34347 ], [ -79.67784, 40.34047 ], [ -79.675645, 40.337947 ], [ -79.67217, 40.33597 ], [ -79.67179, 40.335609 ], [ -79.671632, 40.33496 ], [ -79.671387, 40.333764 ], [ -79.67403, 40.33359 ], [ -79.67218, 40.33206 ], [ -79.67098, 40.32978 ], [ -79.668204, 40.328686 ], [ -79.665829, 40.328955 ], [ -79.666003, 40.330158 ], [ -79.664912, 40.331638 ], [ -79.664421, 40.334376 ], [ -79.659679, 40.336544 ], [ -79.663254, 40.341463 ], [ -79.66028, 40.3423 ], [ -79.65338, 40.345857 ], [ -79.652207, 40.347099 ], [ -79.653152, 40.351687 ], [ -79.654311, 40.351833 ], [ -79.660087, 40.352507 ], [ -79.658703, 40.355736 ], [ -79.66387, 40.357146 ], [ -79.666475, 40.356872 ], [ -79.667689, 40.354713 ], [ -79.676402, 40.35634 ], [ -79.67681, 40.35518 ], [ -79.67682, 40.35409 ], [ -79.678995, 40.355526 ], [ -79.679661, 40.356831 ], [ -79.681497, 40.357699 ], [ -79.684407, 40.354063 ], [ -79.687031, 40.348877 ] ] ] } },
{ "type": "Feature", "properties": { "GEOID": "4258696", "NAME": "Pen Argyl borough, Pennsylvania", "population": 3468.0 }, "geometry": { "type": "Polygon", "coordinates": [ [ [ -75.267727, 40.870696 ], [ -75.264319, 40.86543 ], [ -75.262074, 40.861844 ], [ -75.261757, 40.860537 ], [ -75.260771, 40.859912 ], [ -75.25696, 40.858887 ], [ -75.25257, 40.858269 ], [ -75.249324, 40.855635 ], [ -75.246793, 40.856723 ], [ -75.243729, 40.85717 ], [ -75.244019, 40.86241 ], [ -75.241461, 40.865249 ], [ -75.241532, 40.867816 ], [ -75.243858, 40.870044 ], [ -75.245104, 40.870414 ], [ -75.245081, 40.873373 ], [ -75.242312, 40.873914 ], [ -75.244001, 40.874687 ], [ -75.245256, 40.873877 ], [ -75.253605, 40.880087 ], [ -75.265984, 40.871597 ], [ -75.267727, 40.870696 ] ] ] } },
{ "type": "Feature", "properties": { "GEOID": "4238688", "NAME": "Kane borough, Pennsylvania", "population": 3463.0 }, "geometry": { "type": "Polygon", "coordinates": [ [ [ -78.822138, 41.654924 ], [ -78.816167, 41.654898 ], [ -78.816174, 41.653721 ], [ -78.802991, 41.65384 ], [ -78.802169, 41.657396 ], [ -78.790944, 41.66046 ], [ -78.79228, 41.662995 ], [ -78.795384, 41.668881 ], [ -78.804424, 41.666447 ], [ -78.808533, 41.674409 ], [ -78.816362, 41.672251 ], [ -78.821428, 41.672368 ], [ -78.822323, 41.672333 ], [ -78.822138, 41.654924 ] ] ] } },
{ "type": "Feature", "properties": { "GEOID": "4249288", "NAME": "Mifflinburg borough, Pennsylvania", "population": 3436.0 }, "geometry": { "type": "Polygon", "coordinates": [ [ [ -77.061889, 40.912018 ], [ -77.058575, 40.91262 ], [ -77.056758, 40.91209 ], [ -77.056952, 40.910815 ], [ -77.054551, 40.909235 ], [ -77.045511, 40.911073 ], [ -77.045841, 40.909038 ], [ -77.042878, 40.909575 ], [ -77.042505, 40.911984 ], [ -77.036249, 40.913416 ], [ -77.036224, 40.916186 ], [ -77.033124, 40.916746 ], [ -77.031622, 40.918692 ], [ -77.029298, 40.919119 ], [ -77.029475, 40.920921 ], [ -77.027759, 40.921333 ], [ -77.02409, 40.92207 ], [ -77.024417, 40.924678 ], [ -77.026277, 40.924993 ], [ -77.02773, 40.924514 ], [ -77.029703, 40.923859 ], [ -77.030646, 40.925555 ], [ -77.037078, 40.923419 ], [ -77.037104, 40.928947 ], [ -77.046844, 40.929643 ], [ -77.051959, 40.930008 ], [ -77.054059, 40.929507 ], [ -77.059636, 40.928378 ], [ -77.060964, 40.918175 ], [ -77.060618, 40.914452 ], [ -77.061933, 40.912929 ], [ -77.061889, 40.912018 ] ] ] } },
{ "type": "Feature", "properties": { "GEOID": "4246792", "NAME": "Malvern borough, Pennsylvania", "population": 3427.0 }, "geometry": { "type": "Polygon", "coordinates": [ [ [ -75.530586, 40.035229 ], [ -75.524473, 40.026999 ], [ -75.519577, 40.029086 ], [ -75.514976, 40.022695 ], [ -75.507018, 40.025671 ], [ -75.505748, 40.025861 ], [ -75.500786, 40.02783 ], [ -75.504362, 40.032841 ], [ -75.500496, 40.034011 ], [ -75.502524, 40.036746 ], [ -75.508189, 40.038563 ], [ -75.510294, 40.042813 ], [ -75.512528, 40.041739 ], [ -75.513278, 40.042809 ], [ -75.520291, 40.039814 ], [ -75.528314, 40.036268 ], [ -75.530586, 40.035229 ] ] ] } },
{ "type": "Feature", "properties": { "GEOID": "4233112", "NAME": "Hatfield borough, Pennsylvania", "population": 3424.0 }, "geometry": { "type": "Polygon", "coordinates": [ [ [ -75.307869, 40.274364 ], [ -75.300902, 40.271528 ], [ -75.303646, 40.268572 ], [ -75.300614, 40.266755 ], [ -75.293873, 40.273316 ], [ -75.291737, 40.274734 ], [ -75.288271, 40.275971 ], [ -75.295999, 40.281414 ], [ -75.295607, 40.281804 ], [ -75.292859, 40.284521 ], [ -75.292913, 40.284552 ], [ -75.295817, 40.286265 ], [ -75.297466, 40.287207 ], [ -75.303112, 40.281854 ], [ -75.306475, 40.278667 ], [ -75.304731, 40.277523 ], [ -75.307869, 40.274364 ] ] ] } },
{ "type": "Feature", "properties": { "GEOID": "4255512", "NAME": "North Wales borough, Pennsylvania", "population": 3422.0 }, "geometry": { "type": "Polygon", "coordinates": [ [ [ -75.282183, 40.206265 ], [ -75.2779, 40.204123 ], [ -75.274789, 40.203593 ], [ -75.273711, 40.204726 ], [ -75.274744, 40.206613 ], [ -75.273142, 40.205832 ], [ -75.270919, 40.208101 ], [ -75.269647, 40.207267 ], [ -75.267464, 40.210346 ], [ -75.264153, 40.213776 ], [ -75.273039, 40.219163 ], [ -75.275417, 40.216672 ], [ -75.277876, 40.216967 ], [ -75.277569, 40.215419 ], [ -75.281287, 40.211575 ], [ -75.282035, 40.210862 ], [ -75.284498, 40.20742 ], [ -75.282183, 40.206265 ] ] ] } },
{ "type": "Feature", "properties": { "GEOID": "4255000", "NAME": "Northern Cambria borough, Pennsylvania", "population": 3399.0 }, "geometry": { "type": "Polygon", "coordinates": [ [ [ -78.799873, 40.671952 ], [ -78.798142, 40.667915 ], [ -78.794486, 40.667374 ], [ -78.792459, 40.662861 ], [ -78.795191, 40.661941 ], [ -78.792811, 40.657937 ], [ -78.786446, 40.652298 ], [ -78.783811, 40.648095 ], [ -78.783398, 40.646471 ], [ -78.784789, 40.647026 ], [ -78.78507, 40.645916 ], [ -78.790082, 40.645637 ], [ -78.789805, 40.644526 ], [ -78.785825, 40.644657 ], [ -78.785385, 40.643628 ], [ -78.78765, 40.64285 ], [ -78.787662, 40.642264 ], [ -78.785412, 40.642315 ], [ -78.78415, 40.643156 ], [ -78.784763, 40.643308 ], [ -78.784535, 40.643922 ], [ -78.783845, 40.64369 ], [ -78.78379, 40.642345 ], [ -78.781244, 40.642405 ], [ -78.777801, 40.642479 ], [ -78.772364, 40.63684 ], [ -78.768373, 40.634802 ], [ -78.764568, 40.634766 ], [ -78.764605, 40.636102 ], [ -78.759594, 40.636176 ], [ -78.755236, 40.636245 ], [ -78.755342, 40.63823 ], [ -78.751039, 40.638297 ], [ -78.751017, 40.641601 ], [ -78.759615, 40.641537 ], [ -78.759686, 40.644988 ], [ -78.763369, 40.647541 ], [ -78.769203, 40.647448 ], [ -78.771472, 40.649636 ], [ -78.773461, 40.650534 ], [ -78.775751, 40.656205 ], [ -78.77607, 40.658443 ], [ -78.77637, 40.659684 ], [ -78.768252, 40.660009 ], [ -78.768208, 40.665005 ], [ -78.769392, 40.665298 ], [ -78.769641, 40.671382 ], [ -78.773547, 40.67139 ], [ -78.777459, 40.670014 ], [ -78.779173, 40.671926 ], [ -78.78218, 40.675282 ], [ -78.784412, 40.675286 ], [ -78.788347, 40.678728 ], [ -78.79037, 40.678699 ], [ -78.790832, 40.676881 ], [ -78.793904, 40.675689 ], [ -78.797681, 40.671791 ], [ -78.798467, 40.671843 ], [ -78.799873, 40.671952 ] ] ] } },
{ "type": "Feature", "properties": { "GEOID": "4246392", "NAME": "Macungie borough, Pennsylvania", "population": 3395.0 }, "geometry": { "type": "Polygon", "coordinates": [ [ [ -75.564348, 40.526723 ], [ -75.562695, 40.526698 ], [ -75.562004, 40.518376 ], [ -75.561922, 40.509076 ], [ -75.554975, 40.509231 ], [ -75.550615, 40.508551 ], [ -75.548996, 40.508437 ], [ -75.547858, 40.505745 ], [ -75.545268, 40.507015 ], [ -75.543261, 40.505314 ], [ -75.540853, 40.505479 ], [ -75.540566, 40.508204 ], [ -75.542949, 40.509357 ], [ -75.543071, 40.510324 ], [ -75.548374, 40.515237 ], [ -75.546984, 40.515962 ], [ -75.548978, 40.516319 ], [ -75.54982, 40.518105 ], [ -75.546611, 40.518951 ], [ -75.546682, 40.519793 ], [ -75.550572, 40.51876 ], [ -75.554273, 40.526478 ], [ -75.557028, 40.526336 ], [ -75.557364, 40.528966 ], [ -75.564096, 40.529474 ], [ -75.564348, 40.526723 ] ] ] } },
{ "type": "Feature", "properties": { "GEOID": "4282160", "NAME": "Wellsboro borough, Pennsylvania", "population": 3393.0 }, "geometry": { "type": "Polygon", "coordinates": [ [ [ -77.32353, 41.742526 ], [ -77.323353, 41.726386 ], [ -77.307858, 41.725921 ], [ -77.30827, 41.729988 ], [ -77.31031, 41.733047 ], [ -77.302944, 41.73295 ], [ -77.302824, 41.724677 ], [ -77.298874, 41.724711 ], [ -77.300558, 41.727299 ], [ -77.298864, 41.730688 ], [ -77.297442, 41.731548 ], [ -77.296864, 41.733012 ], [ -77.280926, 41.733043 ], [ -77.280865, 41.732821 ], [ -77.280828, 41.74588 ], [ -77.280853, 41.751018 ], [ -77.28091, 41.762508 ], [ -77.301501, 41.762166 ], [ -77.323853, 41.761747 ], [ -77.32353, 41.742526 ] ] ] } },
{ "type": "Feature", "properties": { "GEOID": "4265392", "NAME": "Rochester borough, Pennsylvania", "population": 3358.0 }, "geometry": { "type": "Polygon", "coordinates": [ [ [ -80.294423, 40.705851 ], [ -80.288956, 40.696669 ], [ -80.287584, 40.695466 ], [ -80.281793, 40.696165 ], [ -80.276, 40.69558 ], [ -80.275497, 40.695716 ], [ -80.275656, 40.699355 ], [ -80.275781, 40.703409 ], [ -80.275742, 40.705549 ], [ -80.275893, 40.708164 ], [ -80.279347, 40.706714 ], [ -80.282266, 40.710758 ], [ -80.292539, 40.706628 ], [ -80.294423, 40.705851 ] ] ] } },
{ "type": "Feature", "properties": { "GEOID": "4253088", "NAME": "Nesquehoning borough, Pennsylvania", "population": 3336.0 }, "geometry": { "type": "Polygon", "coordinates": [ [ [ -75.911736, 40.838806 ], [ -75.908336, 40.835554 ], [ -75.906242, 40.833736 ], [ -75.905813, 40.833363 ], [ -75.877567, 40.842569 ], [ -75.870515, 40.84472 ], [ -75.849169, 40.850386 ], [ -75.845719, 40.843777 ], [ -75.84076, 40.834569 ], [ -75.812004, 40.845217 ], [ -75.773982, 40.860101 ], [ -75.755402, 40.866336 ], [ -75.751807, 40.868306 ], [ -75.749807, 40.868907 ], [ -75.746965, 40.870393 ], [ -75.740668, 40.872616 ], [ -75.742636, 40.873394 ], [ -75.74464, 40.87362 ], [ -75.752071, 40.873656 ], [ -75.757615, 40.874411 ], [ -75.759289, 40.875089 ], [ -75.760295, 40.875936 ], [ -75.765332, 40.879241 ], [ -75.765172, 40.880729 ], [ -75.761762, 40.883699 ], [ -75.79162, 40.898809 ], [ -75.795223, 40.901117 ], [ -75.798954, 40.904121 ], [ -75.852026, 40.882334 ], [ -75.926429, 40.851726 ], [ -75.911736, 40.838806 ] ] ] } },
{ "type": "Feature", "properties": { "GEOID": "4256432", "NAME": "Ohioville borough, Pennsylvania", "population": 3317.0 }, "geometry": { "type": "Polygon", "coordinates": [ [ [ -80.519029, 40.725822 ], [ -80.5190252, 40.7172534 ], [ -80.5190127, 40.688559 ], [ -80.5190064, 40.6740273 ], [ -80.519004099999989, 40.6687686 ], [ -80.5189977, 40.6540885 ], [ -80.5189956, 40.6493475 ], [ -80.5189929, 40.6430435 ], [ -80.518991, 40.638801 ], [ -80.5189939, 40.637447 ], [ -80.51179, 40.641108 ], [ -80.511055, 40.641377 ], [ -80.512421, 40.645158 ], [ -80.505213, 40.646764 ], [ -80.503248, 40.643964 ], [ -80.498683, 40.645355 ], [ -80.492469, 40.645974 ], [ -80.484156, 40.645425 ], [ -80.482348, 40.644913 ], [ -80.478611, 40.643445 ], [ -80.473324, 40.640225 ], [ -80.46878, 40.636865 ], [ -80.469623, 40.640036 ], [ -80.473109, 40.643745 ], [ -80.472325, 40.649072 ], [ -80.473516, 40.650777 ], [ -80.471934, 40.651734 ], [ -80.460746, 40.651629 ], [ -80.461845, 40.645606 ], [ -80.450867, 40.64369 ], [ -80.448213, 40.650322 ], [ -80.446744, 40.650383 ], [ -80.441745, 40.652765 ], [ -80.440195, 40.651733 ], [ -80.439732, 40.652546 ], [ -80.441319, 40.653138 ], [ -80.442317, 40.654787 ], [ -80.443363, 40.654331 ], [ -80.444426, 40.656638 ], [ -80.447237, 40.660335 ], [ -80.446096, 40.663467 ], [ -80.448561, 40.665544 ], [ -80.454367, 40.66377 ], [ -80.455648, 40.668016 ], [ -80.453832, 40.67048 ], [ -80.452882, 40.67415 ], [ -80.448289, 40.672491 ], [ -80.447826, 40.67473 ], [ -80.450126, 40.678791 ], [ -80.452336, 40.681242 ], [ -80.451675, 40.680049 ], [ -80.454896, 40.682678 ], [ -80.450704, 40.68351 ], [ -80.450655, 40.68271 ], [ -80.44601, 40.683026 ], [ -80.440446, 40.683389 ], [ -80.440675, 40.684746 ], [ -80.434174, 40.68475 ], [ -80.433743, 40.682859 ], [ -80.417593, 40.683123 ], [ -80.418242, 40.6986 ], [ -80.418544, 40.705564 ], [ -80.418981, 40.715922 ], [ -80.456267, 40.713368 ], [ -80.459525, 40.714648 ], [ -80.463909, 40.717115 ], [ -80.464695, 40.718516 ], [ -80.468252, 40.719232 ], [ -80.470035, 40.720059 ], [ -80.477403, 40.72165 ], [ -80.482007, 40.723285 ], [ -80.483583, 40.7244 ], [ -80.486553, 40.727677 ], [ -80.491056, 40.731265 ], [ -80.494941, 40.731339 ], [ -80.497431, 40.73095 ], [ -80.508359, 40.732871 ], [ -80.509535, 40.734048 ], [ -80.5190324, 40.733741 ], [ -80.519029, 40.725822 ] ] ] } },
{ "type": "Feature", "properties": { "GEOID": "4224160", "NAME": "Etna borough, Pennsylvania", "population": 3269.0 }, "geometry": { "type": "Polygon", "coordinates": [ [ [ -79.958202, 40.501407 ], [ -79.954247, 40.502 ], [ -79.950675, 40.502113 ], [ -79.949413, 40.500594 ], [ -79.948121, 40.498264 ], [ -79.950321, 40.496952 ], [ -79.954714, 40.493946 ], [ -79.956559, 40.493337 ], [ -79.955713, 40.491748 ], [ -79.95127, 40.487586 ], [ -79.947617, 40.488758 ], [ -79.938355, 40.490983 ], [ -79.938882, 40.492639 ], [ -79.938609, 40.495172 ], [ -79.940017, 40.495792 ], [ -79.940458, 40.496389 ], [ -79.940547, 40.501483 ], [ -79.942488, 40.501479 ], [ -79.944151, 40.503333 ], [ -79.944624, 40.505729 ], [ -79.943228, 40.507316 ], [ -79.946139, 40.507604 ], [ -79.947496, 40.507477 ], [ -79.948618, 40.508666 ], [ -79.951888, 40.508252 ], [ -79.950757, 40.505525 ], [ -79.9562, 40.505376 ], [ -79.955388, 40.503968 ], [ -79.958274, 40.503868 ], [ -79.958202, 40.501407 ] ] ] } },
{ "type": "Feature", "properties": { "GEOID": "4251760", "NAME": "Mount Penn borough, Pennsylvania", "population": 3269.0 }, "geometry": { "type": "Polygon", "coordinates": [ [ [ -75.899748, 40.325351 ], [ -75.8837, 40.325105 ], [ -75.881639, 40.327581 ], [ -75.880822, 40.328754 ], [ -75.880434, 40.329306 ], [ -75.884419, 40.333404 ], [ -75.884049, 40.331331 ], [ -75.887218, 40.332742 ], [ -75.88937, 40.334785 ], [ -75.890362, 40.333861 ], [ -75.894866, 40.329211 ], [ -75.899601, 40.329353 ], [ -75.899633, 40.328329 ], [ -75.899748, 40.325351 ] ] ] } },
{ "type": "Feature", "properties": { "GEOID": "4258712", "NAME": "Penbrook borough, Pennsylvania", "population": 3243.0 }, "geometry": { "type": "Polygon", "coordinates": [ [ [ -76.856699, 40.276212 ], [ -76.853811, 40.275712 ], [ -76.854686, 40.274076 ], [ -76.848616, 40.273002 ], [ -76.845068, 40.273545 ], [ -76.840381, 40.272881 ], [ -76.841435, 40.276883 ], [ -76.842579, 40.279927 ], [ -76.84417, 40.279485 ], [ -76.845309, 40.281896 ], [ -76.843834, 40.283056 ], [ -76.843393, 40.28341 ], [ -76.843033, 40.284921 ], [ -76.845688, 40.284774 ], [ -76.846082, 40.28331 ], [ -76.848294, 40.283094 ], [ -76.852888, 40.282722 ], [ -76.854598, 40.281179 ], [ -76.856699, 40.276212 ] ] ] } },
{ "type": "Feature", "properties": { "GEOID": "4272960", "NAME": "Springdale borough, Pennsylvania", "population": 3234.0 }, "geometry": { "type": "Polygon", "coordinates": [ [ [ -79.794835, 40.540934 ], [ -79.794789, 40.535785 ], [ -79.788162, 40.534623 ], [ -79.783753, 40.534108 ], [ -79.778908, 40.534488 ], [ -79.776618, 40.534934 ], [ -79.772762, 40.536327 ], [ -79.768478, 40.538779 ], [ -79.766091, 40.540713 ], [ -79.764172, 40.544264 ], [ -79.771137, 40.544153 ], [ -79.774548, 40.544024 ], [ -79.779535, 40.54676 ], [ -79.781492, 40.548465 ], [ -79.783985, 40.548415 ], [ -79.788866, 40.548323 ], [ -79.788757, 40.545565 ], [ -79.795052, 40.545378 ], [ -79.794835, 40.540934 ] ] ] } },
{ "type": "Feature", "properties": { "GEOID": "4254872", "NAME": "North Catasauqua borough, Pennsylvania", "population": 3229.0 }, "geometry": { "type": "Polygon", "coordinates": [ [ [ -75.483933, 40.659616 ], [ -75.481469, 40.655744 ], [ -75.479142, 40.656591 ], [ -75.47128, 40.659449 ], [ -75.466157, 40.661305 ], [ -75.465038, 40.665254 ], [ -75.462235, 40.668534 ], [ -75.463196, 40.670048 ], [ -75.470594, 40.6707 ], [ -75.472131, 40.670225 ], [ -75.473829, 40.669742 ], [ -75.473796, 40.669058 ], [ -75.476868, 40.668729 ], [ -75.48081, 40.666911 ], [ -75.483628, 40.666873 ], [ -75.483726, 40.660261 ], [ -75.483933, 40.659616 ] ] ] } },
{ "type": "Feature", "properties": { "GEOID": "4222144", "NAME": "Ebensburg borough, Pennsylvania", "population": 3228.0 }, "geometry": { "type": "Polygon", "coordinates": [ [ [ -78.738856, 40.475335 ], [ -78.724003, 40.47743 ], [ -78.724099, 40.477851 ], [ -78.724024, 40.481107 ], [ -78.723987, 40.481645 ], [ -78.720377, 40.482346 ], [ -78.717448, 40.481733 ], [ -78.720573, 40.478198 ], [ -78.710827, 40.480539 ], [ -78.709798, 40.481551 ], [ -78.713068, 40.484931 ], [ -78.712708, 40.487492 ], [ -78.711323, 40.48849 ], [ -78.714352, 40.48891 ], [ -78.714283, 40.491885 ], [ -78.719612, 40.491965 ], [ -78.719642, 40.49416 ], [ -78.724245, 40.4942 ], [ -78.722156, 40.49985 ], [ -78.721595, 40.502687 ], [ -78.733281, 40.502781 ], [ -78.733384, 40.500487 ], [ -78.737139, 40.501757 ], [ -78.737139, 40.500457 ], [ -78.732687, 40.500404 ], [ -78.732604, 40.495867 ], [ -78.734414, 40.495837 ], [ -78.737437, 40.495786 ], [ -78.737573, 40.485281 ], [ -78.73758, 40.482008 ], [ -78.735089, 40.481949 ], [ -78.735839, 40.477535 ], [ -78.738856, 40.475335 ] ] ] } },
{ "type": "Feature", "properties": { "GEOID": "4212224", "NAME": "Centerville borough, Pennsylvania", "population": 3223.0 }, "geometry": { "type": "Polygon", "coordinates": [ [ [ -80.020381, 40.057831 ], [ -80.019741, 40.056551 ], [ -80.01059, 40.056136 ], [ -80.007058, 40.043381 ], [ -80.010408, 40.043328 ], [ -80.010475, 40.039424 ], [ -80.007934, 40.039351 ], [ -80.007259, 40.036984 ], [ -80.009602, 40.036148 ], [ -80.007988, 40.033559 ], [ -80.003639, 40.034201 ], [ -80.002814, 40.032137 ], [ -80.007854, 40.031337 ], [ -80.005006, 40.029193 ], [ -80.003198, 40.027146 ], [ -80.00251, 40.024698 ], [ -79.998403, 40.025737 ], [ -79.998423, 40.02388 ], [ -79.996276, 40.023583 ], [ -79.997615, 40.017994 ], [ -79.99591, 40.017612 ], [ -79.993273, 40.017328 ], [ -79.974622, 40.01386 ], [ -79.971407, 40.01381 ], [ -79.96935, 40.013117 ], [ -79.966457, 40.011256 ], [ -79.963198, 40.007967 ], [ -79.95902, 40.000026 ], [ -79.95686, 39.997162 ], [ -79.95462, 39.995274 ], [ -79.951004, 39.994154 ], [ -79.946732, 39.99425 ], [ -79.943419, 39.995066 ], [ -79.938331, 39.997178 ], [ -79.934523, 39.999626 ], [ -79.933368, 40.002311 ], [ -79.929786, 40.011745 ], [ -79.924844, 40.016124 ], [ -79.918602, 40.019037 ], [ -79.91432, 40.021037 ], [ -79.910034, 40.022009 ], [ -79.904323, 40.022533 ], [ -79.895469, 40.022056 ], [ -79.895616, 40.023454 ], [ -79.90204, 40.024197 ], [ -79.907994, 40.025874 ], [ -79.90924, 40.026312 ], [ -79.910659, 40.027152 ], [ -79.913412, 40.027588 ], [ -79.914514, 40.028005 ], [ -79.91923, 40.031258 ], [ -79.921294, 40.033522 ], [ -79.922118, 40.03405 ], [ -79.920478, 40.035247 ], [ -79.915952, 40.036102 ], [ -79.91642, 40.040377 ], [ -79.919181, 40.041082 ], [ -79.922831, 40.043653 ], [ -79.925532, 40.042714 ], [ -79.931678, 40.042686 ], [ -79.932075, 40.044743 ], [ -79.934503, 40.044867 ], [ -79.934232, 40.043365 ], [ -79.93522, 40.042286 ], [ -79.934639, 40.039454 ], [ -79.940503, 40.041594 ], [ -79.944623, 40.04186 ], [ -79.952866, 40.03912 ], [ -79.962385, 40.040626 ], [ -79.963007, 40.043385 ], [ -79.960352, 40.044648 ], [ -79.960298, 40.048394 ], [ -79.959153, 40.048955 ], [ -79.966718, 40.056756 ], [ -79.966834, 40.056874 ], [ -79.969589, 40.057026 ], [ -79.9708, 40.059711 ], [ -79.975329, 40.060789 ], [ -79.981413, 40.056999 ], [ -79.984696, 40.056319 ], [ -79.984904, 40.054724 ], [ -79.988139, 40.054971 ], [ -79.988107, 40.055885 ], [ -79.994767, 40.059514 ], [ -79.997374, 40.060008 ], [ -79.998881, 40.058873 ], [ -79.999848, 40.059639 ], [ -79.998516, 40.061158 ], [ -80.003587, 40.063936 ], [ -80.003744, 40.057298 ], [ -80.005412, 40.055615 ], [ -80.011294, 40.059473 ], [ -80.015772, 40.061165 ], [ -80.017717, 40.061988 ], [ -80.019772, 40.061255 ], [ -80.020381, 40.057831 ] ] ] } },
{ "type": "Feature", "properties": { "GEOID": "4237000", "NAME": "Ingram borough, Pennsylvania", "population": 3222.0 }, "geometry": { "type": "Polygon", "coordinates": [ [ [ -80.077437, 40.444188 ], [ -80.076352, 40.441808 ], [ -80.074064, 40.440335 ], [ -80.073172, 40.441084 ], [ -80.066092, 40.442016 ], [ -80.062681, 40.441886 ], [ -80.061216, 40.440632 ], [ -80.060664, 40.442081 ], [ -80.055371, 40.443936 ], [ -80.058497, 40.444588 ], [ -80.060935, 40.446707 ], [ -80.061901, 40.447807 ], [ -80.062611, 40.447233 ], [ -80.064007, 40.447625 ], [ -80.066194, 40.449381 ], [ -80.068616, 40.447845 ], [ -80.072945, 40.448325 ], [ -80.073149, 40.448653 ], [ -80.076534, 40.448007 ], [ -80.078505, 40.446527 ], [ -80.077437, 40.444188 ] ] ] } },
{ "type": "Feature", "properties": { "GEOID": "4251744", "NAME": "Mount Oliver borough, Pennsylvania", "population": 3222.0 }, "geometry": { "type": "Polygon", "coordinates": [ [ [ -79.991942, 40.407126 ], [ -79.987322, 40.406036 ], [ -79.985357, 40.405995 ], [ -79.981452, 40.405855 ], [ -79.981091, 40.40784 ], [ -79.980801, 40.409485 ], [ -79.981571, 40.410415 ], [ -79.981795, 40.414111 ], [ -79.982259, 40.417667 ], [ -79.986362, 40.417556 ], [ -79.988183, 40.41851 ], [ -79.988107, 40.415913 ], [ -79.988039, 40.414434 ], [ -79.98922, 40.412691 ], [ -79.989608, 40.412054 ], [ -79.990762, 40.409508 ], [ -79.991635, 40.407611 ], [ -79.991908, 40.407172 ], [ -79.991942, 40.407126 ] ] ] } },
{ "type": "Feature", "properties": { "GEOID": "4249920", "NAME": "Millvale borough, Pennsylvania", "population": 3211.0 }, "geometry": { "type": "Polygon", "coordinates": [ [ [ -79.982563, 40.481569 ], [ -79.982531, 40.477281 ], [ -79.979565, 40.477086 ], [ -79.978608, 40.478817 ], [ -79.974032, 40.477231 ], [ -79.972115, 40.475502 ], [ -79.97457, 40.472203 ], [ -79.977193, 40.470848 ], [ -79.974678, 40.469436 ], [ -79.970767, 40.470658 ], [ -79.970036, 40.471108 ], [ -79.968685, 40.47275 ], [ -79.964756, 40.477917 ], [ -79.967418, 40.478986 ], [ -79.970655, 40.480751 ], [ -79.972722, 40.481629 ], [ -79.971809, 40.483574 ], [ -79.969854, 40.483642 ], [ -79.970127, 40.488234 ], [ -79.970464, 40.492889 ], [ -79.971102, 40.495438 ], [ -79.976154, 40.495311 ], [ -79.976006, 40.493691 ], [ -79.975164, 40.483371 ], [ -79.982652, 40.483063 ], [ -79.982563, 40.481569 ] ] ] } },
{ "type": "Feature", "properties": { "GEOID": "4277272", "NAME": "Trafford borough, Pennsylvania", "population": 3211.0 }, "geometry": { "type": "Polygon", "coordinates": [ [ [ -79.775022, 40.37906 ], [ -79.773066, 40.378121 ], [ -79.772764, 40.37666 ], [ -79.771082, 40.375419 ], [ -79.76828, 40.374205 ], [ -79.767356, 40.37212 ], [ -79.769167, 40.371389 ], [ -79.767331, 40.369563 ], [ -79.764593, 40.370067 ], [ -79.762866, 40.371674 ], [ -79.764233, 40.372493 ], [ -79.764607, 40.374185 ], [ -79.762965, 40.374606 ], [ -79.763788, 40.376557 ], [ -79.758388, 40.376498 ], [ -79.754664, 40.377934 ], [ -79.754565, 40.380662 ], [ -79.754307, 40.3819 ], [ -79.752396, 40.382049 ], [ -79.749151, 40.385393 ], [ -79.748704, 40.387042 ], [ -79.745852, 40.384812 ], [ -79.744931, 40.385261 ], [ -79.743024, 40.386191 ], [ -79.741031, 40.389485 ], [ -79.73718, 40.39323 ], [ -79.734823, 40.393002 ], [ -79.733489, 40.393706 ], [ -79.736622, 40.396219 ], [ -79.738648, 40.395545 ], [ -79.742891, 40.396731 ], [ -79.744634, 40.396163 ], [ -79.748024, 40.390757 ], [ -79.750682, 40.390863 ], [ -79.751004, 40.389076 ], [ -79.751869, 40.389181 ], [ -79.753515, 40.389728 ], [ -79.754519, 40.389916 ], [ -79.760025, 40.393706 ], [ -79.762839, 40.392684 ], [ -79.765865, 40.389422 ], [ -79.765829, 40.389217 ], [ -79.764939, 40.38721 ], [ -79.765426, 40.385311 ], [ -79.76561, 40.384471 ], [ -79.768068, 40.384251 ], [ -79.77202, 40.385558 ], [ -79.773478, 40.383041 ], [ -79.775022, 40.37906 ] ] ] } },
{ "type": "Feature", "properties": { "GEOID": "4203392", "NAME": "Athens borough, Pennsylvania", "population": 3205.0 }, "geometry": { "type": "Polygon", "coordinates": [ [ [ -76.53875, 41.964578 ], [ -76.533315, 41.962396 ], [ -76.525727, 41.958029 ], [ -76.524002, 41.956844 ], [ -76.518978, 41.952689 ], [ -76.516506, 41.948565 ], [ -76.516502, 41.944502 ], [ -76.517559, 41.940599 ], [ -76.518186, 41.939033 ], [ -76.522145, 41.931728 ], [ -76.519183, 41.927173 ], [ -76.517086, 41.92386 ], [ -76.515431, 41.92249 ], [ -76.515207, 41.925909 ], [ -76.514432, 41.928091 ], [ -76.513002, 41.930048 ], [ -76.507343, 41.934195 ], [ -76.50491, 41.937201 ], [ -76.504983, 41.93868 ], [ -76.506716, 41.942243 ], [ -76.509132, 41.944373 ], [ -76.510985, 41.944895 ], [ -76.512863, 41.946194 ], [ -76.514598, 41.94952 ], [ -76.514213, 41.951664 ], [ -76.515622, 41.957353 ], [ -76.516599, 41.960879 ], [ -76.516671, 41.963474 ], [ -76.515511, 41.967096 ], [ -76.514472, 41.967986 ], [ -76.511746, 41.972469 ], [ -76.515811, 41.972575 ], [ -76.523572, 41.972779 ], [ -76.529502, 41.97294 ], [ -76.529658, 41.969958 ], [ -76.528408, 41.966317 ], [ -76.532625, 41.965467 ], [ -76.53595, 41.965366 ], [ -76.539238, 41.965084 ], [ -76.53875, 41.964578 ] ] ] } },
{ "type": "Feature", "properties": { "GEOID": "4213232", "NAME": "Chester Heights borough, Pennsylvania", "population": 3183.0 }, "geometry": { "type": "Polygon", "coordinates": [ [ [ -75.486248, 39.896983 ], [ -75.480972, 39.890327 ], [ -75.477418, 39.885609 ], [ -75.474941, 39.882408 ], [ -75.469097, 39.874958 ], [ -75.467949, 39.873749 ], [ -75.465209, 39.876916 ], [ -75.464495, 39.879288 ], [ -75.459125, 39.882679 ], [ -75.460799, 39.884219 ], [ -75.459333, 39.887213 ], [ -75.455913, 39.889352 ], [ -75.455625, 39.890808 ], [ -75.453744, 39.892825 ], [ -75.450272, 39.893904 ], [ -75.457563, 39.89957 ], [ -75.458568, 39.901686 ], [ -75.459733, 39.900462 ], [ -75.460963, 39.901086 ], [ -75.467184, 39.903721 ], [ -75.469515, 39.90245 ], [ -75.47003, 39.900827 ], [ -75.471694, 39.904694 ], [ -75.474891, 39.906249 ], [ -75.488771, 39.900328 ], [ -75.486248, 39.896983 ] ] ] } },
{ "type": "Feature", "properties": { "GEOID": "4206904", "NAME": "Blairsville borough, Pennsylvania", "population": 3176.0 }, "geometry": { "type": "Polygon", "coordinates": [ [ [ -79.272005, 40.43894 ], [ -79.269988, 40.435231 ], [ -79.269622, 40.43075 ], [ -79.269111, 40.427721 ], [ -79.270545, 40.425398 ], [ -79.266786, 40.424827 ], [ -79.266883, 40.421631 ], [ -79.264547, 40.420652 ], [ -79.261856, 40.42289 ], [ -79.259544, 40.419323 ], [ -79.256587, 40.420661 ], [ -79.254528, 40.422153 ], [ -79.253473, 40.424278 ], [ -79.253971, 40.425185 ], [ -79.251402, 40.43009 ], [ -79.252953, 40.43041 ], [ -79.250937, 40.43123 ], [ -79.24871, 40.4335 ], [ -79.243945, 40.434416 ], [ -79.248667, 40.439743 ], [ -79.251192, 40.440388 ], [ -79.254445, 40.439165 ], [ -79.256133, 40.443685 ], [ -79.25733, 40.443778 ], [ -79.259757, 40.440818 ], [ -79.25988, 40.438949 ], [ -79.262437, 40.440585 ], [ -79.263189, 40.439725 ], [ -79.265843, 40.43961 ], [ -79.264803, 40.441011 ], [ -79.262874, 40.440845 ], [ -79.2644, 40.443815 ], [ -79.266019, 40.443874 ], [ -79.268823, 40.442317 ], [ -79.270743, 40.439624 ], [ -79.272005, 40.43894 ] ] ] } },
{ "type": "Feature", "properties": { "GEOID": "4286856", "NAME": "Wyoming borough, Pennsylvania", "population": 3163.0 }, "geometry": { "type": "Polygon", "coordinates": [ [ [ -75.859425, 41.299314 ], [ -75.85839, 41.299661 ], [ -75.849319, 41.29424 ], [ -75.841776, 41.297899 ], [ -75.8302, 41.304279 ], [ -75.822311, 41.308613 ], [ -75.827233, 41.313316 ], [ -75.831762, 41.317695 ], [ -75.831786, 41.317718 ], [ -75.832968, 41.317187 ], [ -75.83663, 41.315588 ], [ -75.840045, 41.314057 ], [ -75.848952, 41.310091 ], [ -75.853375, 41.307791 ], [ -75.857524, 41.304834 ], [ -75.861446, 41.301393 ], [ -75.859425, 41.299314 ] ] ] } },
{ "type": "Feature", "properties": { "GEOID": "4252488", "NAME": "Myerstown borough, Pennsylvania", "population": 3157.0 }, "geometry": { "type": "Polygon", "coordinates": [ [ [ -76.319444, 40.364915 ], [ -76.308203, 40.364994 ], [ -76.301747, 40.363319 ], [ -76.301703, 40.364772 ], [ -76.29758, 40.365468 ], [ -76.297736, 40.367217 ], [ -76.298059, 40.370894 ], [ -76.297101, 40.373076 ], [ -76.295406, 40.374467 ], [ -76.295118, 40.376793 ], [ -76.306703, 40.380822 ], [ -76.307742, 40.379872 ], [ -76.312486, 40.377131 ], [ -76.315867, 40.375009 ], [ -76.317055, 40.373474 ], [ -76.315647, 40.371998 ], [ -76.310053, 40.369782 ], [ -76.308434, 40.365952 ], [ -76.312868, 40.365972 ], [ -76.319653, 40.366304 ], [ -76.319444, 40.364915 ] ] ] } },
{ "type": "Feature", "properties": { "GEOID": "4221200", "NAME": "East Greenville borough, Pennsylvania", "population": 3154.0 }, "geometry": { "type": "Polygon", "coordinates": [ [ [ -75.515775, 40.405895 ], [ -75.510721, 40.40274 ], [ -75.511763, 40.401772 ], [ -75.510427, 40.400966 ], [ -75.508646, 40.398422 ], [ -75.507163, 40.399587 ], [ -75.507679, 40.399976 ], [ -75.505019, 40.401719 ], [ -75.502598, 40.400036 ], [ -75.498864, 40.403323 ], [ -75.496321, 40.404183 ], [ -75.499751, 40.407794 ], [ -75.502623, 40.410801 ], [ -75.50403, 40.413563 ], [ -75.506654, 40.411498 ], [ -75.512328, 40.408163 ], [ -75.515775, 40.405895 ] ] ] } },
{ "type": "Feature", "properties": { "GEOID": "4246376", "NAME": "McSherrystown borough, Pennsylvania", "population": 3150.0 }, "geometry": { "type": "Polygon", "coordinates": [ [ [ -77.031217, 39.802241 ], [ -77.028848, 39.799385 ], [ -77.027486, 39.796552 ], [ -77.01943, 39.80025 ], [ -77.01662, 39.801539 ], [ -77.016247, 39.800648 ], [ -77.013346, 39.802283 ], [ -77.008662, 39.804858 ], [ -77.007952, 39.805207 ], [ -77.012144, 39.808295 ], [ -77.013369, 39.809883 ], [ -77.015337, 39.809625 ], [ -77.022624, 39.80618 ], [ -77.031077, 39.802394 ], [ -77.031217, 39.802241 ] ] ] } },
{ "type": "Feature", "properties": { "GEOID": "4275248", "NAME": "Summit Hill borough, Pennsylvania", "population": 3133.0 }, "geometry": { "type": "Polygon", "coordinates": [ [ [ -75.891671, 40.821083 ], [ -75.886037, 40.816267 ], [ -75.871249, 40.807192 ], [ -75.858369, 40.798753 ], [ -75.827678, 40.812419 ], [ -75.799393, 40.824467 ], [ -75.812004, 40.845217 ], [ -75.84076, 40.834569 ], [ -75.845719, 40.843777 ], [ -75.849169, 40.850386 ], [ -75.870515, 40.84472 ], [ -75.877567, 40.842569 ], [ -75.871805, 40.837783 ], [ -75.860968, 40.839661 ], [ -75.860506, 40.838799 ], [ -75.862937, 40.83657 ], [ -75.867862, 40.834395 ], [ -75.866407, 40.833094 ], [ -75.875542, 40.830222 ], [ -75.878313, 40.828456 ], [ -75.878873, 40.827338 ], [ -75.893655, 40.822806 ], [ -75.891671, 40.821083 ] ] ] } },
{ "type": "Feature", "properties": { "GEOID": "4282344", "NAME": "Wesleyville borough, Pennsylvania", "population": 3112.0 }, "geometry": { "type": "Polygon", "coordinates": [ [ [ -80.021619, 42.141317 ], [ -80.019524, 42.138237 ], [ -80.015692, 42.132705 ], [ -80.012717, 42.133429 ], [ -80.009581, 42.128913 ], [ -80.009396, 42.128492 ], [ -80.00463, 42.130203 ], [ -80.003224, 42.129003 ], [ -80.00224, 42.129346 ], [ -80.002161, 42.130621 ], [ -80.004553, 42.132102 ], [ -80.005896, 42.134721 ], [ -80.007261, 42.13681 ], [ -80.009817, 42.137462 ], [ -80.007657, 42.140479 ], [ -80.010414, 42.142517 ], [ -80.011259, 42.143325 ], [ -80.012616, 42.14361 ], [ -80.013892, 42.14463 ], [ -80.021929, 42.14173 ], [ -80.021619, 42.141317 ] ] ] } },
{ "type": "Feature", "properties": { "GEOID": "4248000", "NAME": "Masontown borough, Pennsylvania", "population": 3100.0 }, "geometry": { "type": "Polygon", "coordinates": [ [ [ -79.92551, 39.847933 ], [ -79.922907, 39.848965 ], [ -79.920037, 39.84685 ], [ -79.918021, 39.846375 ], [ -79.918135, 39.841614 ], [ -79.916795, 39.842145 ], [ -79.908679, 39.842166 ], [ -79.911945, 39.839076 ], [ -79.911983, 39.838199 ], [ -79.90573, 39.839351 ], [ -79.900985, 39.840907 ], [ -79.896512, 39.841262 ], [ -79.896871, 39.84292 ], [ -79.890263, 39.846322 ], [ -79.891293, 39.847775 ], [ -79.889718, 39.849889 ], [ -79.892309, 39.849563 ], [ -79.89276, 39.848759 ], [ -79.896114, 39.849469 ], [ -79.896445, 39.85159 ], [ -79.896318, 39.857644 ], [ -79.900716, 39.858032 ], [ -79.90137, 39.85566 ], [ -79.90151, 39.85629 ], [ -79.907197, 39.854793 ], [ -79.91544, 39.853706 ], [ -79.923042, 39.856231 ], [ -79.924346, 39.855873 ], [ -79.924507, 39.856363 ], [ -79.92465, 39.855056 ], [ -79.929808, 39.851436 ], [ -79.92551, 39.847933 ] ] ] } },
{ "type": "Feature", "properties": { "GEOID": "4207976", "NAME": "Brackenridge borough, Pennsylvania", "population": 3093.0 }, "geometry": { "type": "Polygon", "coordinates": [ [ [ -79.751053, 40.608855 ], [ -79.749202, 40.607371 ], [ -79.746161, 40.604925 ], [ -79.741275, 40.600758 ], [ -79.736087, 40.602043 ], [ -79.733169, 40.603135 ], [ -79.733717, 40.604654 ], [ -79.734495, 40.606354 ], [ -79.733566, 40.608628 ], [ -79.735312, 40.608053 ], [ -79.735392, 40.608283 ], [ -79.735625, 40.609046 ], [ -79.735783, 40.611885 ], [ -79.736003, 40.61301 ], [ -79.738711, 40.61558 ], [ -79.743432, 40.613567 ], [ -79.743542, 40.613439 ], [ -79.74715, 40.611041 ], [ -79.747987, 40.611534 ], [ -79.749592, 40.611304 ], [ -79.749217, 40.609941 ], [ -79.751053, 40.608855 ] ] ] } },
{ "type": "Feature", "properties": { "GEOID": "4274712", "NAME": "Strasburg borough, Pennsylvania", "population": 3085.0 }, "geometry": { "type": "Polygon", "coordinates": [ [ [ -76.199321, 39.977233 ], [ -76.185657, 39.980547 ], [ -76.184878, 39.978648 ], [ -76.18287, 39.979045 ], [ -76.182605, 39.978356 ], [ -76.184578, 39.977912 ], [ -76.183741, 39.975615 ], [ -76.181732, 39.976077 ], [ -76.182108, 39.977066 ], [ -76.177987, 39.977988 ], [ -76.168643, 39.979842 ], [ -76.171194, 39.980737 ], [ -76.171405, 39.982204 ], [ -76.173393, 39.987187 ], [ -76.174926, 39.986818 ], [ -76.176058, 39.989669 ], [ -76.179962, 39.988751 ], [ -76.180906, 39.991382 ], [ -76.187122, 39.989952 ], [ -76.185929, 39.986871 ], [ -76.189446, 39.985688 ], [ -76.19331, 39.988467 ], [ -76.193236, 39.987302 ], [ -76.195594, 39.986523 ], [ -76.194713, 39.984461 ], [ -76.201333, 39.982942 ], [ -76.199321, 39.977233 ] ] ] } },
{ "type": "Feature", "properties": { "GEOID": "4286528", "NAME": "Wormleysburg borough, Pennsylvania", "population": 3078.0 }, "geometry": { "type": "Polygon", "coordinates": [ [ [ -76.919562, 40.264386 ], [ -76.917201, 40.262677 ], [ -76.916411, 40.261972 ], [ -76.916952, 40.261548 ], [ -76.918058, 40.261039 ], [ -76.918967, 40.260319 ], [ -76.918125, 40.259002 ], [ -76.914296, 40.26162 ], [ -76.911359, 40.25931 ], [ -76.910754, 40.257623 ], [ -76.914261, 40.255123 ], [ -76.910989, 40.25143 ], [ -76.90863, 40.251928 ], [ -76.902901, 40.255116 ], [ -76.896914, 40.250875 ], [ -76.894944, 40.250282 ], [ -76.895048, 40.250184 ], [ -76.892239, 40.248852 ], [ -76.890684, 40.250112 ], [ -76.89233, 40.251085 ], [ -76.892413, 40.251358 ], [ -76.898852, 40.25556 ], [ -76.904577, 40.260572 ], [ -76.908525, 40.265181 ], [ -76.913752, 40.271129 ], [ -76.913911, 40.271938 ], [ -76.91612, 40.270937 ], [ -76.918356, 40.271202 ], [ -76.919408, 40.270072 ], [ -76.921328, 40.269429 ], [ -76.919562, 40.264386 ] ] ] } },
{ "type": "Feature", "properties": { "GEOID": "4278712", "NAME": "Upland borough, Pennsylvania", "population": 3049.0 }, "geometry": { "type": "Polygon", "coordinates": [ [ [ -75.39039, 39.85186 ], [ -75.389176, 39.851883 ], [ -75.386377, 39.85007 ], [ -75.384334, 39.850596 ], [ -75.381047, 39.850368 ], [ -75.380625, 39.851599 ], [ -75.378331, 39.854562 ], [ -75.376561, 39.855792 ], [ -75.373271, 39.854526 ], [ -75.369964, 39.852294 ], [ -75.366175, 39.855165 ], [ -75.365006, 39.857332 ], [ -75.367739, 39.857302 ], [ -75.370426, 39.857513 ], [ -75.370921, 39.859666 ], [ -75.373733, 39.860559 ], [ -75.376212, 39.861518 ], [ -75.379645, 39.86189 ], [ -75.382019, 39.862149 ], [ -75.38368, 39.862331 ], [ -75.383681, 39.85852 ], [ -75.388854, 39.859327 ], [ -75.389165, 39.858342 ], [ -75.390236, 39.855212 ], [ -75.39166, 39.850829 ], [ -75.39039, 39.85186 ] ] ] } },
{ "type": "Feature", "properties": { "GEOID": "4251912", "NAME": "Mount Pocono borough, Pennsylvania", "population": 3047.0 }, "geometry": { "type": "Polygon", "coordinates": [ [ [ -75.378481, 41.119825 ], [ -75.378378, 41.111555 ], [ -75.351055, 41.105005 ], [ -75.346715, 41.118971 ], [ -75.342475, 41.118167 ], [ -75.339974, 41.11825 ], [ -75.337922, 41.119378 ], [ -75.336703, 41.121006 ], [ -75.332846, 41.124191 ], [ -75.332555, 41.126034 ], [ -75.333754, 41.126842 ], [ -75.338466, 41.127413 ], [ -75.340772, 41.128363 ], [ -75.343609, 41.127287 ], [ -75.343318, 41.128455 ], [ -75.341217, 41.135126 ], [ -75.360478, 41.138576 ], [ -75.36489, 41.139156 ], [ -75.36595, 41.137778 ], [ -75.3785, 41.121357 ], [ -75.378481, 41.119825 ] ] ] } },
{ "type": "Feature", "properties": { "GEOID": "4239256", "NAME": "Kenhorst borough, Pennsylvania", "population": 3028.0 }, "geometry": { "type": "Polygon", "coordinates": [ [ [ -75.953261, 40.309798 ], [ -75.949452, 40.309954 ], [ -75.949145, 40.306263 ], [ -75.949374, 40.302523 ], [ -75.950269, 40.297954 ], [ -75.948552, 40.298039 ], [ -75.94634, 40.298546 ], [ -75.944756, 40.298343 ], [ -75.944664, 40.298959 ], [ -75.942802, 40.301496 ], [ -75.9388, 40.304275 ], [ -75.935329, 40.304659 ], [ -75.934578, 40.305176 ], [ -75.93961, 40.31015 ], [ -75.936309, 40.31204 ], [ -75.937159, 40.313512 ], [ -75.937263, 40.313474 ], [ -75.939641, 40.314716 ], [ -75.940802, 40.314719 ], [ -75.947368, 40.312155 ], [ -75.947742, 40.312707 ], [ -75.951841, 40.310546 ], [ -75.953261, 40.309798 ] ] ] } },
{ "type": "Feature", "properties": { "GEOID": "4213608", "NAME": "Churchill borough, Pennsylvania", "population": 3014.0 }, "geometry": { "type": "Polygon", "coordinates": [ [ [ -79.863438, 40.43782 ], [ -79.861498, 40.438222 ], [ -79.856772, 40.434364 ], [ -79.856261, 40.43391 ], [ -79.853646, 40.435616 ], [ -79.852007, 40.43689 ], [ -79.848451, 40.433598 ], [ -79.848868, 40.430708 ], [ -79.847161, 40.428566 ], [ -79.844834, 40.429304 ], [ -79.843884, 40.428124 ], [ -79.837541, 40.428476 ], [ -79.833724, 40.428726 ], [ -79.831806, 40.430437 ], [ -79.829921, 40.427494 ], [ -79.831319, 40.422944 ], [ -79.82969, 40.423168 ], [ -79.828801, 40.42584 ], [ -79.826374, 40.425719 ], [ -79.827661, 40.429645 ], [ -79.830047, 40.430812 ], [ -79.827027, 40.432015 ], [ -79.823373, 40.430865 ], [ -79.820982, 40.433789 ], [ -79.826146, 40.439067 ], [ -79.824713, 40.440901 ], [ -79.82774, 40.441585 ], [ -79.827447, 40.444484 ], [ -79.82732, 40.444994 ], [ -79.828364, 40.444355 ], [ -79.82952, 40.444314 ], [ -79.835346, 40.44507 ], [ -79.840448, 40.449854 ], [ -79.84374, 40.45074 ], [ -79.844323, 40.449646 ], [ -79.854219, 40.452819 ], [ -79.854044, 40.445815 ], [ -79.858501, 40.445163 ], [ -79.857886, 40.442868 ], [ -79.862095, 40.44153 ], [ -79.861605, 40.439392 ], [ -79.865108, 40.437452 ], [ -79.863438, 40.43782 ] ] ] } },
{ "type": "Feature", "properties": { "GEOID": "4227760", "NAME": "Freemansburg borough, Pennsylvania", "population": 3003.0 }, "geometry": { "type": "Polygon", "coordinates": [ [ [ -75.349391, 40.622796 ], [ -75.347284, 40.622176 ], [ -75.347004, 40.620342 ], [ -75.342305, 40.620798 ], [ -75.335624, 40.620602 ], [ -75.333955, 40.622174 ], [ -75.333369, 40.623471 ], [ -75.332554, 40.631009 ], [ -75.333797, 40.63231 ], [ -75.331506, 40.633508 ], [ -75.332781, 40.63329 ], [ -75.33577, 40.637178 ], [ -75.336365, 40.640368 ], [ -75.339296, 40.64005 ], [ -75.338397, 40.634734 ], [ -75.342927, 40.634228 ], [ -75.342292, 40.629714 ], [ -75.346072, 40.629393 ], [ -75.350192, 40.629146 ], [ -75.349391, 40.622796 ] ] ] } },
{ "type": "Feature", "properties": { "GEOID": "4257184", "NAME": "Orwigsburg borough, Pennsylvania", "population": 3003.0 }, "geometry": { "type": "Polygon", "coordinates": [ [ [ -76.1245, 40.661609 ], [ -76.120822, 40.651723 ], [ -76.119045, 40.646958 ], [ -76.116535, 40.648651 ], [ -76.117142, 40.642603 ], [ -76.114384, 40.642871 ], [ -76.114513, 40.644174 ], [ -76.108131, 40.644581 ], [ -76.106633, 40.644273 ], [ -76.105261, 40.64455 ], [ -76.102082, 40.645144 ], [ -76.096787, 40.644076 ], [ -76.093579, 40.644339 ], [ -76.093901, 40.647369 ], [ -76.090029, 40.648137 ], [ -76.084996, 40.648189 ], [ -76.085521, 40.653103 ], [ -76.088945, 40.652382 ], [ -76.089788, 40.654654 ], [ -76.084405, 40.655634 ], [ -76.085388, 40.658432 ], [ -76.090351, 40.6572 ], [ -76.090461, 40.658955 ], [ -76.087094, 40.659841 ], [ -76.087378, 40.660631 ], [ -76.096054, 40.665323 ], [ -76.096961, 40.667715 ], [ -76.101199, 40.667417 ], [ -76.099642, 40.663633 ], [ -76.103423, 40.662864 ], [ -76.107822, 40.660729 ], [ -76.111288, 40.660831 ], [ -76.113947, 40.660161 ], [ -76.115472, 40.65904 ], [ -76.120866, 40.662851 ], [ -76.1245, 40.661609 ] ] ] } },
{ "type": "Feature", "properties": { "GEOID": "4222520", "NAME": "Edgewood borough, Pennsylvania", "population": 2997.0 }, "geometry": { "type": "Polygon", "coordinates": [ [ [ -79.892102, 40.429576 ], [ -79.892386, 40.428475 ], [ -79.892032, 40.428111 ], [ -79.890923, 40.42756 ], [ -79.88801, 40.424678 ], [ -79.886645, 40.424645 ], [ -79.886185, 40.423963 ], [ -79.886001, 40.424518 ], [ -79.885212, 40.426901 ], [ -79.882968, 40.426757 ], [ -79.881494, 40.426073 ], [ -79.879852, 40.428519 ], [ -79.875826, 40.428079 ], [ -79.874764, 40.429374 ], [ -79.873685, 40.430849 ], [ -79.872194, 40.43375 ], [ -79.87418, 40.435264 ], [ -79.877533, 40.435505 ], [ -79.879181, 40.43399 ], [ -79.882656, 40.436087 ], [ -79.885782, 40.436843 ], [ -79.894563, 40.43353 ], [ -79.892102, 40.429576 ] ] ] } },
{ "type": "Feature", "properties": { "GEOID": "4269776", "NAME": "Sharpsburg borough, Pennsylvania", "population": 2990.0 }, "geometry": { "type": "Polygon", "coordinates": [ [ [ -79.940017, 40.495792 ], [ -79.938609, 40.495172 ], [ -79.938882, 40.492639 ], [ -79.938355, 40.490983 ], [ -79.938012, 40.491067 ], [ -79.935572, 40.491491 ], [ -79.93218, 40.491689 ], [ -79.927922, 40.491538 ], [ -79.923567, 40.490717 ], [ -79.915182, 40.488835 ], [ -79.913728, 40.493278 ], [ -79.910747, 40.493541 ], [ -79.908755, 40.491666 ], [ -79.907698, 40.492292 ], [ -79.907757, 40.492376 ], [ -79.909324, 40.493376 ], [ -79.908771, 40.495104 ], [ -79.911757, 40.495756 ], [ -79.917628, 40.49662 ], [ -79.925416, 40.497292 ], [ -79.925417, 40.497396 ], [ -79.925491, 40.49905 ], [ -79.927363, 40.497671 ], [ -79.935572, 40.497218 ], [ -79.936068, 40.497203 ], [ -79.940458, 40.496389 ], [ -79.940017, 40.495792 ] ] ] } },
{ "type": "Feature", "properties": { "GEOID": "4286056", "NAME": "Womelsdorf borough, Pennsylvania", "population": 2986.0 }, "geometry": { "type": "Polygon", "coordinates": [ [ [ -76.203897, 40.367563 ], [ -76.195789, 40.36556 ], [ -76.1954, 40.364325 ], [ -76.194503, 40.361418 ], [ -76.188194, 40.359578 ], [ -76.18345, 40.359878 ], [ -76.175672, 40.35988 ], [ -76.170973, 40.364289 ], [ -76.171857, 40.365803 ], [ -76.178004, 40.36665 ], [ -76.179173, 40.369465 ], [ -76.180279, 40.369676 ], [ -76.191601, 40.372341 ], [ -76.192904, 40.37132 ], [ -76.197817, 40.372127 ], [ -76.196329, 40.367466 ], [ -76.203883, 40.369174 ], [ -76.203897, 40.367563 ] ] ] } },
{ "type": "Feature", "properties": { "GEOID": "4252016", "NAME": "Mountville borough, Pennsylvania", "population": 2977.0 }, "geometry": { "type": "Polygon", "coordinates": [ [ [ -76.446323, 40.040261 ], [ -76.445824, 40.037545 ], [ -76.442359, 40.037737 ], [ -76.441481, 40.034858 ], [ -76.442243, 40.033968 ], [ -76.439345, 40.034805 ], [ -76.432519, 40.03495 ], [ -76.424194, 40.035772 ], [ -76.422111, 40.035668 ], [ -76.418589, 40.035486 ], [ -76.418705, 40.037338 ], [ -76.42358, 40.043005 ], [ -76.422515, 40.044298 ], [ -76.422374, 40.044926 ], [ -76.429951, 40.043065 ], [ -76.434794, 40.04261 ], [ -76.436524, 40.04569 ], [ -76.438292, 40.044982 ], [ -76.439451, 40.047028 ], [ -76.447305, 40.046096 ], [ -76.446323, 40.040261 ] ] ] } },
{ "type": "Feature", "properties": { "GEOID": "4260712", "NAME": "Pitcairn borough, Pennsylvania", "population": 2953.0 }, "geometry": { "type": "Polygon", "coordinates": [ [ [ -79.785057, 40.400418 ], [ -79.777957, 40.401779 ], [ -79.777553, 40.40033 ], [ -79.774181, 40.400566 ], [ -79.775376, 40.402217 ], [ -79.772674, 40.400693 ], [ -79.771664, 40.399859 ], [ -79.772291, 40.401698 ], [ -79.769499, 40.40547 ], [ -79.769868, 40.408022 ], [ -79.771486, 40.410405 ], [ -79.773712, 40.409813 ], [ -79.775818, 40.410433 ], [ -79.772754, 40.414545 ], [ -79.775666, 40.413974 ], [ -79.776763, 40.417302 ], [ -79.775869, 40.419039 ], [ -79.779861, 40.422399 ], [ -79.781298, 40.419025 ], [ -79.777527, 40.418115 ], [ -79.778361, 40.416131 ], [ -79.777479, 40.41585 ], [ -79.777045, 40.416771 ], [ -79.77888, 40.410572 ], [ -79.779883, 40.407606 ], [ -79.78309, 40.404343 ], [ -79.782725, 40.403928 ], [ -79.783256, 40.402649 ], [ -79.785057, 40.400418 ] ] ] } },
{ "type": "Feature", "properties": { "GEOID": "4250272", "NAME": "Mohnton borough, Pennsylvania", "population": 2939.0 }, "geometry": { "type": "Polygon", "coordinates": [ [ [ -75.999583, 40.292592 ], [ -75.996268, 40.290225 ], [ -75.997858, 40.288618 ], [ -75.997587, 40.287565 ], [ -75.998833, 40.284733 ], [ -75.999136, 40.284211 ], [ -75.996811, 40.283555 ], [ -75.991612, 40.284073 ], [ -75.990142, 40.281973 ], [ -75.982104, 40.281172 ], [ -75.981686, 40.278284 ], [ -75.981068, 40.278249 ], [ -75.979058, 40.280344 ], [ -75.978027, 40.282694 ], [ -75.97846, 40.284301 ], [ -75.97649, 40.287202 ], [ -75.977111, 40.288982 ], [ -75.979108, 40.288826 ], [ -75.979621, 40.294691 ], [ -75.982121, 40.293752 ], [ -75.985848, 40.292712 ], [ -75.986755, 40.291056 ], [ -75.988825, 40.291973 ], [ -75.989459, 40.290147 ], [ -75.992324, 40.291271 ], [ -75.991036, 40.292824 ], [ -75.995259, 40.293972 ], [ -75.997116, 40.291249 ], [ -75.999127, 40.293038 ], [ -75.999583, 40.292592 ] ] ] } },
{ "type": "Feature", "properties": { "GEOID": "4247080", "NAME": "Mansfield borough, Pennsylvania", "population": 2937.0 }, "geometry": { "type": "Polygon", "coordinates": [ [ [ -77.092405, 41.797908 ], [ -77.080055, 41.798166 ], [ -77.079169, 41.794023 ], [ -77.077674, 41.792293 ], [ -77.074242, 41.791853 ], [ -77.06752, 41.792541 ], [ -77.067725, 41.798961 ], [ -77.068236, 41.81432 ], [ -77.073868, 41.820536 ], [ -77.081362, 41.820406 ], [ -77.084653, 41.820355 ], [ -77.083476, 41.8195 ], [ -77.084692, 41.815961 ], [ -77.084982, 41.811669 ], [ -77.093101, 41.811332 ], [ -77.092405, 41.797908 ] ] ] } },
{ "type": "Feature", "properties": { "GEOID": "4247424", "NAME": "Marietta borough, Pennsylvania", "population": 2931.0 }, "geometry": { "type": "Polygon", "coordinates": [ [ [ -76.572889, 40.054858 ], [ -76.570333, 40.054832 ], [ -76.570336, 40.053137 ], [ -76.563737, 40.053206 ], [ -76.554429, 40.054415 ], [ -76.542871, 40.057157 ], [ -76.540702, 40.057462 ], [ -76.536276, 40.057073 ], [ -76.532618, 40.05633 ], [ -76.528592, 40.054515 ], [ -76.526955, 40.055262 ], [ -76.525354, 40.055245 ], [ -76.530026, 40.058301 ], [ -76.53718, 40.061632 ], [ -76.558358, 40.060132 ], [ -76.559517, 40.060045 ], [ -76.560813, 40.058054 ], [ -76.564461, 40.056829 ], [ -76.565706, 40.058104 ], [ -76.566054, 40.057496 ], [ -76.56779, 40.058137 ], [ -76.572671, 40.058167 ], [ -76.573924, 40.056098 ], [ -76.572889, 40.054858 ] ] ] } },
{ "type": "Feature", "properties": { "GEOID": "4229232", "NAME": "Girard borough, Pennsylvania", "population": 2906.0 }, "geometry": { "type": "Polygon", "coordinates": [ [ [ -80.344064, 42.007138 ], [ -80.339766, 42.006305 ], [ -80.341155, 42.005147 ], [ -80.341111, 42.003549 ], [ -80.336918, 42.002537 ], [ -80.336951, 42.000246 ], [ -80.339002, 41.999131 ], [ -80.337789, 41.997755 ], [ -80.335929, 41.996693 ], [ -80.334534, 41.998749 ], [ -80.332562, 41.999164 ], [ -80.330429, 41.998178 ], [ -80.329473, 41.999662 ], [ -80.326552, 42.000136 ], [ -80.325959, 42.001414 ], [ -80.324161, 41.998669 ], [ -80.325261, 41.996122 ], [ -80.326686, 41.994931 ], [ -80.326362, 41.993312 ], [ -80.324417, 41.992251 ], [ -80.321982, 41.992161 ], [ -80.318764, 41.991308 ], [ -80.317158, 41.992663 ], [ -80.315922, 41.992604 ], [ -80.313797, 41.991187 ], [ -80.311153, 41.991324 ], [ -80.310942, 41.991875 ], [ -80.312198, 41.993061 ], [ -80.304882, 41.994062 ], [ -80.304796, 41.999629 ], [ -80.299069, 41.999559 ], [ -80.309832, 42.017389 ], [ -80.306582, 42.018533 ], [ -80.307417, 42.019696 ], [ -80.322483, 42.013135 ], [ -80.3249, 42.012487 ], [ -80.326335, 42.012219 ], [ -80.329317, 42.01258 ], [ -80.332346, 42.01067 ], [ -80.340758, 42.009009 ], [ -80.344064, 42.007138 ] ] ] } },
{ "type": "Feature", "properties": { "GEOID": "4204432", "NAME": "Bath borough, Pennsylvania", "population": 2903.0 }, "geometry": { "type": "Polygon", "coordinates": [ [ [ -75.401509, 40.72655 ], [ -75.398289, 40.722968 ], [ -75.399104, 40.718364 ], [ -75.393304, 40.720973 ], [ -75.383547, 40.722017 ], [ -75.381603, 40.722437 ], [ -75.381089, 40.722533 ], [ -75.382898, 40.734316 ], [ -75.388366, 40.732615 ], [ -75.38897, 40.733883 ], [ -75.393741, 40.735457 ], [ -75.399201, 40.735402 ], [ -75.400709, 40.735361 ], [ -75.401369, 40.73048 ], [ -75.401509, 40.72655 ] ] ] } },
{ "type": "Feature", "properties": { "GEOID": "4233000", "NAME": "Harveys Lake borough, Pennsylvania", "population": 2889.0 }, "geometry": { "type": "Polygon", "coordinates": [ [ [ -76.068988, 41.358329 ], [ -76.057126, 41.356213 ], [ -76.05567, 41.360189 ], [ -76.054222, 41.361325 ], [ -76.051213, 41.362603 ], [ -76.050195, 41.360827 ], [ -76.051458, 41.360324 ], [ -76.050024, 41.358292 ], [ -76.048614, 41.357519 ], [ -76.049778, 41.356119 ], [ -76.04704, 41.35421 ], [ -76.048481, 41.353035 ], [ -76.047826, 41.351922 ], [ -76.052217, 41.351948 ], [ -76.054843, 41.351053 ], [ -76.056351, 41.349797 ], [ -76.057669, 41.347259 ], [ -76.056104, 41.346434 ], [ -76.059016, 41.342352 ], [ -76.053571, 41.341531 ], [ -76.0508, 41.343679 ], [ -76.048832, 41.344256 ], [ -76.039639, 41.345554 ], [ -76.039494, 41.343966 ], [ -76.034379, 41.344135 ], [ -76.034099, 41.341845 ], [ -76.036664, 41.34146 ], [ -76.03939, 41.342049 ], [ -76.040278, 41.340909 ], [ -76.039372, 41.339267 ], [ -76.038082, 41.338617 ], [ -76.034894, 41.338385 ], [ -76.030341, 41.338843 ], [ -76.026426, 41.338907 ], [ -76.020926, 41.343318 ], [ -76.018006, 41.345022 ], [ -76.01244, 41.346674 ], [ -76.008305, 41.347226 ], [ -76.012654, 41.356563 ], [ -76.015057, 41.361192 ], [ -76.020188, 41.372872 ], [ -76.025396, 41.383762 ], [ -76.042157, 41.383107 ], [ -76.052473, 41.382706 ], [ -76.063273, 41.382426 ], [ -76.0622, 41.372411 ], [ -76.063743, 41.369873 ], [ -76.065358, 41.37015 ], [ -76.068988, 41.358329 ] ] ] } },
{ "type": "Feature", "properties": { "GEOID": "4287232", "NAME": "Youngwood borough, Pennsylvania", "population": 2878.0 }, "geometry": { "type": "Polygon", "coordinates": [ [ [ -79.594442, 40.231358 ], [ -79.591963, 40.231629 ], [ -79.588598, 40.229141 ], [ -79.586909, 40.230476 ], [ -79.586272, 40.229343 ], [ -79.584514, 40.229507 ], [ -79.581554, 40.232877 ], [ -79.578871, 40.235108 ], [ -79.581503, 40.232325 ], [ -79.578169, 40.231984 ], [ -79.577113, 40.232701 ], [ -79.576859, 40.23535 ], [ -79.574391, 40.238065 ], [ -79.574618, 40.239491 ], [ -79.572315, 40.239334 ], [ -79.570226, 40.239357 ], [ -79.567448, 40.245735 ], [ -79.564974, 40.252213 ], [ -79.566644, 40.251169 ], [ -79.567688, 40.251755 ], [ -79.567385, 40.254203 ], [ -79.569658, 40.254279 ], [ -79.569646, 40.25588 ], [ -79.571167, 40.254276 ], [ -79.577897, 40.254394 ], [ -79.578751, 40.258475 ], [ -79.583794, 40.25716 ], [ -79.589353, 40.253459 ], [ -79.591841, 40.251978 ], [ -79.592812, 40.248482 ], [ -79.590879, 40.246565 ], [ -79.5927, 40.244898 ], [ -79.591203, 40.244259 ], [ -79.591889, 40.240912 ], [ -79.594432, 40.238814 ], [ -79.593283, 40.23785 ], [ -79.588132, 40.235685 ], [ -79.594803, 40.234192 ], [ -79.594442, 40.231358 ] ] ] } },
{ "type": "Feature", "properties": { "GEOID": "4263064", "NAME": "Quarryville borough, Pennsylvania", "population": 2871.0 }, "geometry": { "type": "Polygon", "coordinates": [ [ [ -76.173259, 39.892707 ], [ -76.174274, 39.892171 ], [ -76.174411, 39.888946 ], [ -76.17264, 39.885427 ], [ -76.167722, 39.887068 ], [ -76.166818, 39.887897 ], [ -76.163004, 39.888558 ], [ -76.156929, 39.889027 ], [ -76.154434, 39.889155 ], [ -76.148522, 39.893027 ], [ -76.149503, 39.903446 ], [ -76.157339, 39.903633 ], [ -76.157417, 39.905203 ], [ -76.159956, 39.904911 ], [ -76.160149, 39.903653 ], [ -76.167658, 39.90396 ], [ -76.170145, 39.900589 ], [ -76.171094, 39.899301 ], [ -76.172839, 39.896951 ], [ -76.175254, 39.893533 ], [ -76.173259, 39.892707 ] ] ] } },
{ "type": "Feature", "properties": { "GEOID": "4269309", "NAME": "Seven Fields borough, Pennsylvania", "population": 2864.0 }, "geometry": { "type": "Polygon", "coordinates": [ [ [ -80.072411, 40.691262 ], [ -80.070023, 40.691335 ], [ -80.067967, 40.690694 ], [ -80.064834, 40.690958 ], [ -80.065276, 40.690288 ], [ -80.063355, 40.687087 ], [ -80.068969, 40.68539 ], [ -80.068188, 40.684432 ], [ -80.071883, 40.682475 ], [ -80.070198, 40.680553 ], [ -80.070175, 40.678246 ], [ -80.068355, 40.674167 ], [ -80.067531, 40.674165 ], [ -80.064819, 40.674262 ], [ -80.063619, 40.677879 ], [ -80.058529, 40.681157 ], [ -80.055892, 40.681213 ], [ -80.055851, 40.685131 ], [ -80.058014, 40.68725 ], [ -80.056566, 40.688226 ], [ -80.058274, 40.690795 ], [ -80.058537, 40.692544 ], [ -80.059726, 40.692372 ], [ -80.060021, 40.698718 ], [ -80.062647, 40.698677 ], [ -80.062635, 40.697488 ], [ -80.066671, 40.6974 ], [ -80.066661, 40.696231 ], [ -80.070248, 40.696161 ], [ -80.070169, 40.694141 ], [ -80.072508, 40.694044 ], [ -80.072411, 40.691262 ] ], [ [ -80.068622, 40.682622 ], [ -80.068308, 40.682895 ], [ -80.067233, 40.682013 ], [ -80.067958, 40.681324 ], [ -80.069074, 40.682192 ], [ -80.068622, 40.682622 ] ] ] } },
{ "type": "Feature", "properties": { "GEOID": "4240960", "NAME": "Lake City borough, Pennsylvania", "population": 2842.0 }, "geometry": { "type": "Polygon", "coordinates": [ [ [ -80.367218, 42.022032 ], [ -80.364123, 42.021541 ], [ -80.361954, 42.022569 ], [ -80.360735, 42.020776 ], [ -80.362751, 42.018233 ], [ -80.360216, 42.017525 ], [ -80.362195, 42.013413 ], [ -80.358867, 42.012494 ], [ -80.35453, 42.012396 ], [ -80.35065, 42.012961 ], [ -80.350532, 42.011525 ], [ -80.352333, 42.009094 ], [ -80.348222, 42.00838 ], [ -80.347093, 42.006844 ], [ -80.346133, 42.007954 ], [ -80.344064, 42.007138 ], [ -80.340758, 42.009009 ], [ -80.332346, 42.01067 ], [ -80.329317, 42.01258 ], [ -80.326335, 42.012219 ], [ -80.328454, 42.015658 ], [ -80.329837, 42.01949 ], [ -80.329665, 42.021701 ], [ -80.3309, 42.023629 ], [ -80.33689, 42.021365 ], [ -80.339145, 42.02098 ], [ -80.339721, 42.023123 ], [ -80.343062, 42.027097 ], [ -80.3441786, 42.0314566 ], [ -80.3450978, 42.0311952 ], [ -80.345015, 42.025873 ], [ -80.346847, 42.026323 ], [ -80.347811, 42.024894 ], [ -80.349443, 42.026826 ], [ -80.356726, 42.026028 ], [ -80.36158, 42.02616 ], [ -80.3616248, 42.027975 ], [ -80.363422, 42.027726 ], [ -80.3648161, 42.0271665 ], [ -80.364776, 42.026283 ], [ -80.366773, 42.02461 ], [ -80.366096, 42.022837 ], [ -80.367218, 42.022032 ] ] ] } },
{ "type": "Feature", "properties": { "GEOID": "4283104", "NAME": "West Grove borough, Pennsylvania", "population": 2835.0 }, "geometry": { "type": "Polygon", "coordinates": [ [ [ -75.835846, 39.8256 ], [ -75.835038, 39.813938 ], [ -75.825991, 39.814681 ], [ -75.820413, 39.815213 ], [ -75.821328, 39.82203 ], [ -75.822162, 39.827465 ], [ -75.836057, 39.8262 ], [ -75.835846, 39.8256 ] ] ] } },
{ "type": "Feature", "properties": { "GEOID": "4282296", "NAME": "Wernersville borough, Pennsylvania", "population": 2831.0 }, "geometry": { "type": "Polygon", "coordinates": [ [ [ -76.093615, 40.333207 ], [ -76.090752, 40.332342 ], [ -76.091201, 40.328017 ], [ -76.085844, 40.326212 ], [ -76.076165, 40.323263 ], [ -76.075164, 40.322796 ], [ -76.074258, 40.323251 ], [ -76.070842, 40.326678 ], [ -76.067624, 40.326313 ], [ -76.067362, 40.32743 ], [ -76.069798, 40.327915 ], [ -76.068023, 40.329784 ], [ -76.087363, 40.336125 ], [ -76.086665, 40.336913 ], [ -76.090863, 40.338813 ], [ -76.094708, 40.334908 ], [ -76.093615, 40.333207 ] ] ] } },
{ "type": "Feature", "properties": { "GEOID": "4278448", "NAME": "Union City borough, Pennsylvania", "population": 2823.0 }, "geometry": { "type": "Polygon", "coordinates": [ [ [ -79.864267, 41.893908 ], [ -79.855991, 41.895648 ], [ -79.855983, 41.887477 ], [ -79.852678, 41.887476 ], [ -79.850229, 41.889589 ], [ -79.849457, 41.889705 ], [ -79.846181, 41.890285 ], [ -79.843789, 41.883372 ], [ -79.836313, 41.883812 ], [ -79.835324, 41.886607 ], [ -79.835176, 41.890573 ], [ -79.832856, 41.889513 ], [ -79.831401, 41.891787 ], [ -79.831155, 41.893348 ], [ -79.828854, 41.89725 ], [ -79.830149, 41.901203 ], [ -79.830033, 41.901271 ], [ -79.830106, 41.904261 ], [ -79.833125, 41.904274 ], [ -79.831897, 41.906966 ], [ -79.858533, 41.90715 ], [ -79.858232, 41.903196 ], [ -79.855958, 41.903306 ], [ -79.856011, 41.900604 ], [ -79.855993, 41.895991 ], [ -79.860916, 41.896234 ], [ -79.860947, 41.894928 ], [ -79.864256, 41.894919 ], [ -79.864267, 41.893908 ] ] ] } },
{ "type": "Feature", "properties": { "GEOID": "4235424", "NAME": "Homestead borough, Pennsylvania", "population": 2822.0 }, "geometry": { "type": "Polygon", "coordinates": [ [ [ -79.9196, 40.409766 ], [ -79.913335, 40.405245 ], [ -79.911643, 40.403093 ], [ -79.915592, 40.40095 ], [ -79.911461, 40.398917 ], [ -79.908768, 40.399853 ], [ -79.90776, 40.399039 ], [ -79.907373, 40.399583 ], [ -79.907037, 40.400057 ], [ -79.905093, 40.400074 ], [ -79.902638, 40.401315 ], [ -79.900624, 40.400029 ], [ -79.899629, 40.399394 ], [ -79.900734, 40.402267 ], [ -79.901424, 40.403761 ], [ -79.902702, 40.403273 ], [ -79.904478, 40.405316 ], [ -79.907451, 40.408744 ], [ -79.903332, 40.409024 ], [ -79.905972, 40.415707 ], [ -79.911464, 40.414838 ], [ -79.915403, 40.413226 ], [ -79.918572, 40.410757 ], [ -79.9196, 40.409766 ] ] ] } },
{ "type": "Feature", "properties": { "GEOID": "4246864", "NAME": "Manchester borough, Pennsylvania", "population": 2821.0 }, "geometry": { "type": "Polygon", "coordinates": [ [ [ -76.728285, 40.058698 ], [ -76.724916, 40.057386 ], [ -76.724999, 40.05631 ], [ -76.725858, 40.054477 ], [ -76.724814, 40.054164 ], [ -76.725947, 40.051876 ], [ -76.721044, 40.050489 ], [ -76.719358, 40.054299 ], [ -76.715374, 40.052894 ], [ -76.711839, 40.061237 ], [ -76.711523, 40.061981 ], [ -76.712252, 40.064009 ], [ -76.711186, 40.065515 ], [ -76.715732, 40.066998 ], [ -76.713795, 40.069176 ], [ -76.716218, 40.070436 ], [ -76.719584, 40.068099 ], [ -76.719193, 40.070091 ], [ -76.723832, 40.072608 ], [ -76.725251, 40.071662 ], [ -76.724334, 40.06779 ], [ -76.722649, 40.066029 ], [ -76.722907, 40.064281 ], [ -76.723815, 40.064285 ], [ -76.724788, 40.062399 ], [ -76.726956, 40.059729 ], [ -76.728285, 40.058698 ] ] ] } },
{ "type": "Feature", "properties": { "GEOID": "4204944", "NAME": "Bedford borough, Pennsylvania", "population": 2817.0 }, "geometry": { "type": "Polygon", "coordinates": [ [ [ -78.516854, 40.022231 ], [ -78.511941, 40.019548 ], [ -78.512859, 40.018514 ], [ -78.509137, 40.016706 ], [ -78.510334, 40.015539 ], [ -78.50749, 40.01568 ], [ -78.507576, 40.011907 ], [ -78.510274, 40.013278 ], [ -78.5117, 40.011308 ], [ -78.513045, 40.011865 ], [ -78.515328, 40.008886 ], [ -78.510881, 40.006682 ], [ -78.510169, 40.007582 ], [ -78.508641, 40.007005 ], [ -78.510024, 40.005302 ], [ -78.511725, 40.004634 ], [ -78.508281, 40.003498 ], [ -78.507601, 40.004568 ], [ -78.502956, 40.004886 ], [ -78.500734, 40.005037 ], [ -78.501554, 40.008876 ], [ -78.499988, 40.008631 ], [ -78.499959, 40.011489 ], [ -78.498791, 40.011151 ], [ -78.498667, 40.013014 ], [ -78.492383, 40.011026 ], [ -78.493017, 40.010247 ], [ -78.489675, 40.009977 ], [ -78.486384, 40.008946 ], [ -78.486088, 40.010264 ], [ -78.493689, 40.014419 ], [ -78.492827, 40.015294 ], [ -78.486152, 40.017137 ], [ -78.488379, 40.016768 ], [ -78.490915, 40.017441 ], [ -78.49368, 40.016338 ], [ -78.494173, 40.020562 ], [ -78.497505, 40.020719 ], [ -78.497589, 40.021838 ], [ -78.500917, 40.02168 ], [ -78.5026, 40.025596 ], [ -78.504883, 40.024341 ], [ -78.508082, 40.024952 ], [ -78.510538, 40.02181 ], [ -78.514106, 40.023534 ], [ -78.515627, 40.02414 ], [ -78.516854, 40.022231 ] ] ] } },
{ "type": "Feature", "properties": { "GEOID": "4203320", "NAME": "Aspinwall borough, Pennsylvania", "population": 2809.0 }, "geometry": { "type": "Polygon", "coordinates": [ [ [ -79.909324, 40.493376 ], [ -79.907757, 40.492376 ], [ -79.907698, 40.492292 ], [ -79.907352, 40.4872 ], [ -79.905354, 40.486726 ], [ -79.901424, 40.486189 ], [ -79.901626, 40.488985 ], [ -79.897604, 40.487879 ], [ -79.896912, 40.492614 ], [ -79.896813, 40.493005 ], [ -79.897649, 40.492996 ], [ -79.901712, 40.493658 ], [ -79.902145, 40.499766 ], [ -79.902229, 40.50024 ], [ -79.908065, 40.500071 ], [ -79.907835, 40.495377 ], [ -79.908777, 40.495579 ], [ -79.908771, 40.495104 ], [ -79.909324, 40.493376 ] ] ] } },
{ "type": "Feature", "properties": { "GEOID": "4253296", "NAME": "New Britain borough, Pennsylvania", "population": 2799.0 }, "geometry": { "type": "Polygon", "coordinates": [ [ [ -75.198381, 40.290888 ], [ -75.193828, 40.288141 ], [ -75.191057, 40.290136 ], [ -75.181483, 40.292357 ], [ -75.177815, 40.295868 ], [ -75.180239, 40.297409 ], [ -75.170427, 40.299321 ], [ -75.166918, 40.299152 ], [ -75.165623, 40.300161 ], [ -75.159364, 40.296285 ], [ -75.157218, 40.298169 ], [ -75.157722, 40.299349 ], [ -75.155493, 40.299882 ], [ -75.155266, 40.29997 ], [ -75.155105, 40.303025 ], [ -75.156613, 40.305237 ], [ -75.165151, 40.301741 ], [ -75.168653, 40.304751 ], [ -75.169103, 40.305496 ], [ -75.172766, 40.304594 ], [ -75.174811, 40.302916 ], [ -75.175657, 40.303477 ], [ -75.177146, 40.30212 ], [ -75.179639, 40.303697 ], [ -75.182078, 40.301531 ], [ -75.184051, 40.302794 ], [ -75.185471, 40.30235 ], [ -75.186651, 40.304258 ], [ -75.185252, 40.305149 ], [ -75.181903, 40.306017 ], [ -75.183317, 40.307039 ], [ -75.187271, 40.305244 ], [ -75.196137, 40.297024 ], [ -75.200846, 40.292269 ], [ -75.198381, 40.290888 ] ] ] } },
{ "type": "Feature", "properties": { "GEOID": "4232056", "NAME": "Hallam borough, Pennsylvania", "population": 2798.0 }, "geometry": { "type": "Polygon", "coordinates": [ [ [ -76.616386, 39.998411 ], [ -76.614731, 39.996081 ], [ -76.608839, 39.997926 ], [ -76.604292, 39.998678 ], [ -76.601312, 39.998799 ], [ -76.593437, 39.998527 ], [ -76.594885, 40.002981 ], [ -76.592079, 40.002914 ], [ -76.592429, 40.004281 ], [ -76.594987, 40.004246 ], [ -76.596005, 40.007669 ], [ -76.595578, 40.008512 ], [ -76.596761, 40.008803 ], [ -76.598014, 40.008342 ], [ -76.59903, 40.009834 ], [ -76.601812, 40.007883 ], [ -76.605507, 40.006377 ], [ -76.609163, 40.006743 ], [ -76.608802, 40.005441 ], [ -76.612645, 40.003949 ], [ -76.612077, 40.002755 ], [ -76.616389, 40.001948 ], [ -76.616386, 39.998411 ] ] ] } },
{ "type": "Feature", "properties": { "GEOID": "4251176", "NAME": "Morton borough, Pennsylvania", "population": 2768.0 }, "geometry": { "type": "Polygon", "coordinates": [ [ [ -75.334726, 39.906417 ], [ -75.331487, 39.90358 ], [ -75.328687, 39.905494 ], [ -75.328492, 39.905608 ], [ -75.326571, 39.906685 ], [ -75.326115, 39.906996 ], [ -75.323625, 39.908784 ], [ -75.322452, 39.909599 ], [ -75.319393, 39.91169 ], [ -75.31989, 39.915123 ], [ -75.322376, 39.915172 ], [ -75.325051, 39.915364 ], [ -75.329045, 39.9187 ], [ -75.332502, 39.917302 ], [ -75.328554, 39.913365 ], [ -75.331201, 39.911515 ], [ -75.329569, 39.909949 ], [ -75.327628, 39.908257 ], [ -75.334096, 39.906608 ], [ -75.334726, 39.906417 ] ] ] } },
{ "type": "Feature", "properties": { "GEOID": "4267224", "NAME": "St. Clair borough, Pennsylvania", "population": 2755.0 }, "geometry": { "type": "Polygon", "coordinates": [ [ [ -76.198272, 40.717039 ], [ -76.196244, 40.71419 ], [ -76.192762, 40.709849 ], [ -76.192095, 40.710196 ], [ -76.18465, 40.713232 ], [ -76.179812, 40.715158 ], [ -76.179021, 40.715625 ], [ -76.176422, 40.716677 ], [ -76.182627, 40.725397 ], [ -76.187679, 40.73249 ], [ -76.20424, 40.725421 ], [ -76.198272, 40.717039 ] ] ] } },
{ "type": "Feature", "properties": { "GEOID": "4226512", "NAME": "Ford City borough, Pennsylvania", "population": 2750.0 }, "geometry": { "type": "Polygon", "coordinates": [ [ [ -79.544689, 40.760902 ], [ -79.542898, 40.759839 ], [ -79.542345, 40.759406 ], [ -79.540021, 40.760628 ], [ -79.534808, 40.763104 ], [ -79.53252, 40.761781 ], [ -79.528289, 40.764302 ], [ -79.528149, 40.765134 ], [ -79.523952, 40.773162 ], [ -79.522069, 40.778567 ], [ -79.522653, 40.778865 ], [ -79.524819, 40.779967 ], [ -79.526443, 40.778234 ], [ -79.528468, 40.77932 ], [ -79.529054, 40.779903 ], [ -79.531817, 40.777065 ], [ -79.534945, 40.77259 ], [ -79.541455, 40.76707 ], [ -79.545387, 40.761438 ], [ -79.544689, 40.760902 ] ] ] } },
{ "type": "Feature", "properties": { "GEOID": "4277168", "NAME": "Towanda borough, Pennsylvania", "population": 2746.0 }, "geometry": { "type": "Polygon", "coordinates": [ [ [ -76.455927, 41.775868 ], [ -76.453627, 41.773352 ], [ -76.453376, 41.765815 ], [ -76.453067, 41.756617 ], [ -76.450948, 41.75752 ], [ -76.443079, 41.757744 ], [ -76.441113, 41.757809 ], [ -76.441541, 41.765953 ], [ -76.440732, 41.766114 ], [ -76.44066, 41.766152 ], [ -76.440455, 41.769656 ], [ -76.440739, 41.777213 ], [ -76.441255, 41.777719 ], [ -76.441235, 41.78188 ], [ -76.443251, 41.785488 ], [ -76.449476, 41.782306 ], [ -76.455877, 41.779011 ], [ -76.453858, 41.776965 ], [ -76.455927, 41.775868 ] ] ] } },
{ "type": "Feature", "properties": { "GEOID": "4245568", "NAME": "Luzerne borough, Pennsylvania", "population": 2744.0 }, "geometry": { "type": "Polygon", "coordinates": [ [ [ -75.906243, 41.289238 ], [ -75.905025, 41.287795 ], [ -75.900428, 41.283201 ], [ -75.897825, 41.283069 ], [ -75.895547, 41.280773 ], [ -75.890477, 41.27553 ], [ -75.885024, 41.28036 ], [ -75.889376, 41.28482 ], [ -75.893325, 41.28883 ], [ -75.899003, 41.294706 ], [ -75.904157, 41.299742 ], [ -75.905104, 41.296236 ], [ -75.905584, 41.291003 ], [ -75.905698, 41.289755 ], [ -75.906243, 41.289238 ] ] ] } },
{ "type": "Feature", "properties": { "GEOID": "4234664", "NAME": "Highspire borough, Pennsylvania", "population": 2725.0 }, "geometry": { "type": "Polygon", "coordinates": [ [ [ -76.800102, 40.208214 ], [ -76.788433, 40.204642 ], [ -76.787123, 40.204023 ], [ -76.786792, 40.206091 ], [ -76.772592, 40.200745 ], [ -76.771791, 40.201947 ], [ -76.769305, 40.205736 ], [ -76.78213, 40.208955 ], [ -76.778671, 40.21213 ], [ -76.779178, 40.214686 ], [ -76.782143, 40.215028 ], [ -76.785999, 40.214557 ], [ -76.785912, 40.213186 ], [ -76.792369, 40.213821 ], [ -76.794921, 40.213714 ], [ -76.796498, 40.213261 ], [ -76.797361, 40.212033 ], [ -76.800102, 40.208214 ] ] ] } },
{ "type": "Feature", "properties": { "GEOID": "4247968", "NAME": "Marysville borough, Pennsylvania", "population": 2717.0 }, "geometry": { "type": "Polygon", "coordinates": [ [ [ -76.946792, 40.345051 ], [ -76.945022, 40.341432 ], [ -76.939783, 40.320062 ], [ -76.916269, 40.328032 ], [ -76.91497, 40.328484 ], [ -76.9163, 40.330554 ], [ -76.916811, 40.331676 ], [ -76.917296, 40.332737 ], [ -76.921206, 40.336391 ], [ -76.926701, 40.341959 ], [ -76.92726, 40.343464 ], [ -76.928521, 40.347985 ], [ -76.932147, 40.354596 ], [ -76.933589, 40.356045 ], [ -76.942814, 40.353438 ], [ -76.947666, 40.351744 ], [ -76.946792, 40.345051 ] ] ] } },
{ "type": "Feature", "properties": { "GEOID": "4221384", "NAME": "East Lansdowne borough, Pennsylvania", "population": 2703.0 }, "geometry": { "type": "Polygon", "coordinates": [ [ [ -75.26401, 39.940926 ], [ -75.26322, 39.939868 ], [ -75.256127, 39.941109 ], [ -75.255713, 39.943691 ], [ -75.255763, 39.944082 ], [ -75.260103, 39.947581 ], [ -75.26522, 39.948411 ], [ -75.26401, 39.940926 ] ] ] } },
{ "type": "Feature", "properties": { "GEOID": "4240584", "NAME": "Kulpmont borough, Pennsylvania", "population": 2688.0 }, "geometry": { "type": "Polygon", "coordinates": [ [ [ -76.488558, 40.791349 ], [ -76.488304, 40.788974 ], [ -76.476057, 40.790821 ], [ -76.474034, 40.791428 ], [ -76.455379, 40.793366 ], [ -76.45603, 40.79572 ], [ -76.4579, 40.802465 ], [ -76.459273, 40.802186 ], [ -76.467734, 40.800468 ], [ -76.489095, 40.796323 ], [ -76.488558, 40.791349 ] ] ] } },
{ "type": "Feature", "properties": { "GEOID": "4218048", "NAME": "Dallas borough, Pennsylvania", "population": 2685.0 }, "geometry": { "type": "Polygon", "coordinates": [ [ [ -75.995602, 41.334045 ], [ -75.976957, 41.315659 ], [ -75.972779, 41.318134 ], [ -75.975319, 41.321841 ], [ -75.97356, 41.322755 ], [ -75.970648, 41.319824 ], [ -75.970971, 41.3183 ], [ -75.969508, 41.316836 ], [ -75.968318, 41.317518 ], [ -75.969963, 41.319069 ], [ -75.964747, 41.322021 ], [ -75.96299, 41.324234 ], [ -75.96031, 41.321452 ], [ -75.957786, 41.322816 ], [ -75.960229, 41.32527 ], [ -75.957713, 41.326792 ], [ -75.954507, 41.329353 ], [ -75.95401, 41.330433 ], [ -75.952791, 41.329843 ], [ -75.950208, 41.327339 ], [ -75.947804, 41.328697 ], [ -75.950123, 41.331209 ], [ -75.950477, 41.332514 ], [ -75.951046, 41.33223 ], [ -75.954198, 41.33545 ], [ -75.956899, 41.334048 ], [ -75.961412, 41.338738 ], [ -75.963873, 41.338412 ], [ -75.963693, 41.339144 ], [ -75.965907, 41.34135 ], [ -75.966584, 41.340921 ], [ -75.966899, 41.340707 ], [ -75.974329, 41.336564 ], [ -75.976791, 41.338281 ], [ -75.973647, 41.338812 ], [ -75.974247, 41.340735 ], [ -75.977081, 41.341058 ], [ -75.977873, 41.339361 ], [ -75.984334, 41.345801 ], [ -75.987369, 41.343787 ], [ -75.984485, 41.340907 ], [ -75.99112, 41.33724 ], [ -75.990614, 41.336709 ], [ -75.995602, 41.334045 ] ] ] } },
{ "type": "Feature", "properties": { "GEOID": "4284272", "NAME": "West Wyoming borough, Pennsylvania", "population": 2678.0 }, "geometry": { "type": "Polygon", "coordinates": [ [ [ -75.875036, 41.315196 ], [ -75.867674, 41.307764 ], [ -75.861446, 41.301393 ], [ -75.857524, 41.304834 ], [ -75.853375, 41.307791 ], [ -75.848952, 41.310091 ], [ -75.840045, 41.314057 ], [ -75.83663, 41.315588 ], [ -75.832968, 41.317187 ], [ -75.831786, 41.317718 ], [ -75.839006, 41.324649 ], [ -75.850927, 41.336285 ], [ -75.857833, 41.342899 ], [ -75.881241, 41.32148 ], [ -75.875036, 41.315196 ] ] ] } },
{ "type": "Feature", "properties": { "GEOID": "4260008", "NAME": "Philipsburg borough, Pennsylvania", "population": 2674.0 }, "geometry": { "type": "Polygon", "coordinates": [ [ [ -78.227201, 40.897368 ], [ -78.22422, 40.895968 ], [ -78.224194, 40.894704 ], [ -78.220911, 40.891574 ], [ -78.220641, 40.890312 ], [ -78.21681, 40.892217 ], [ -78.215718, 40.890944 ], [ -78.213193, 40.888745 ], [ -78.212515, 40.88669 ], [ -78.211624, 40.882651 ], [ -78.21265, 40.879446 ], [ -78.211572, 40.879838 ], [ -78.208869, 40.878956 ], [ -78.208736, 40.880821 ], [ -78.211513, 40.881085 ], [ -78.211314, 40.883929 ], [ -78.210268, 40.885239 ], [ -78.208285, 40.88547 ], [ -78.208463, 40.881926 ], [ -78.20853, 40.881268 ], [ -78.207389, 40.881177 ], [ -78.207277, 40.881859 ], [ -78.205949, 40.883523 ], [ -78.204811, 40.883515 ], [ -78.204799, 40.886462 ], [ -78.206623, 40.886541 ], [ -78.205169, 40.887419 ], [ -78.208243, 40.890053 ], [ -78.205794, 40.891418 ], [ -78.20728, 40.89272 ], [ -78.211472, 40.894257 ], [ -78.213533, 40.893151 ], [ -78.215576, 40.894699 ], [ -78.217076, 40.894069 ], [ -78.219249, 40.897103 ], [ -78.217753, 40.897831 ], [ -78.21395, 40.897611 ], [ -78.211161, 40.895246 ], [ -78.210628, 40.897477 ], [ -78.206845, 40.8947 ], [ -78.204725, 40.89696 ], [ -78.209967, 40.900273 ], [ -78.210039, 40.90138 ], [ -78.210462, 40.903369 ], [ -78.216564, 40.90634 ], [ -78.219132, 40.905827 ], [ -78.221715, 40.902545 ], [ -78.220903, 40.900829 ], [ -78.223068, 40.899773 ], [ -78.225042, 40.902065 ], [ -78.22621, 40.900634 ], [ -78.225833, 40.898491 ], [ -78.227746, 40.897564 ], [ -78.227201, 40.897368 ] ] ] } },
{ "type": "Feature", "properties": { "GEOID": "4219208", "NAME": "Dillsburg borough, Pennsylvania", "population": 2635.0 }, "geometry": { "type": "Polygon", "coordinates": [ [ [ -77.039543, 40.103677 ], [ -77.03754, 40.103551 ], [ -77.038227, 40.102616 ], [ -77.033583, 40.100349 ], [ -77.033733, 40.09922 ], [ -77.031618, 40.099055 ], [ -77.031509, 40.100818 ], [ -77.033458, 40.101389 ], [ -77.032615, 40.102986 ], [ -77.031061, 40.100809 ], [ -77.02703, 40.100176 ], [ -77.026037, 40.105397 ], [ -77.029797, 40.105777 ], [ -77.030103, 40.107368 ], [ -77.028204, 40.106921 ], [ -77.027416, 40.108551 ], [ -77.028772, 40.109386 ], [ -77.029569, 40.112881 ], [ -77.029833, 40.114308 ], [ -77.025228, 40.119044 ], [ -77.027023, 40.120384 ], [ -77.029623, 40.11808 ], [ -77.029438, 40.116576 ], [ -77.031029, 40.117976 ], [ -77.029103, 40.120593 ], [ -77.030439, 40.120812 ], [ -77.031032, 40.122191 ], [ -77.035457, 40.11976 ], [ -77.037655, 40.116927 ], [ -77.040635, 40.116122 ], [ -77.039397, 40.111035 ], [ -77.039515, 40.111035 ], [ -77.041017, 40.110178 ], [ -77.039543, 40.103677 ] ] ] } },
{ "type": "Feature", "properties": { "GEOID": "4218768", "NAME": "Delmont borough, Pennsylvania", "population": 2630.0 }, "geometry": { "type": "Polygon", "coordinates": [ [ [ -79.591839, 40.413805 ], [ -79.58908, 40.413785 ], [ -79.588248, 40.411235 ], [ -79.585799, 40.412393 ], [ -79.582714, 40.410917 ], [ -79.583027, 40.406888 ], [ -79.581764, 40.406693 ], [ -79.579491, 40.408224 ], [ -79.578491, 40.408923 ], [ -79.576726, 40.407559 ], [ -79.574009, 40.405189 ], [ -79.572836, 40.401013 ], [ -79.57173, 40.401334 ], [ -79.573005, 40.403261 ], [ -79.572002, 40.403483 ], [ -79.572387, 40.40677 ], [ -79.570399, 40.406676 ], [ -79.57024, 40.404882 ], [ -79.569247, 40.407047 ], [ -79.567736, 40.409793 ], [ -79.567028, 40.411406 ], [ -79.563179, 40.410727 ], [ -79.561503, 40.412489 ], [ -79.563115, 40.419778 ], [ -79.564509, 40.419853 ], [ -79.56317, 40.421225 ], [ -79.563584, 40.422414 ], [ -79.561793, 40.42303 ], [ -79.562062, 40.424207 ], [ -79.561079, 40.42705 ], [ -79.564107, 40.426168 ], [ -79.565531, 40.424127 ], [ -79.57213, 40.422746 ], [ -79.571879, 40.421694 ], [ -79.570795, 40.420424 ], [ -79.571589, 40.420381 ], [ -79.5794, 40.417152 ], [ -79.580277, 40.415372 ], [ -79.585425, 40.41424 ], [ -79.585863, 40.415806 ], [ -79.588344, 40.416453 ], [ -79.589319, 40.415872 ], [ -79.589537, 40.415875 ], [ -79.591839, 40.413805 ] ] ] } },
{ "type": "Feature", "properties": { "GEOID": "4253712", "NAME": "New Hope borough, Pennsylvania", "population": 2629.0 }, "geometry": { "type": "Polygon", "coordinates": [ [ [ -74.968058, 40.362177 ], [ -74.967617, 40.359 ], [ -74.966424, 40.351409 ], [ -74.949303, 40.353294 ], [ -74.948906, 40.350342 ], [ -74.948358, 40.3499 ], [ -74.9453518, 40.3497444 ], [ -74.945969, 40.3553891 ], [ -74.946024, 40.355892 ], [ -74.948722, 40.364768 ], [ -74.9487886, 40.3649105 ], [ -74.9528268, 40.3735503 ], [ -74.95547, 40.373196 ], [ -74.966334, 40.372082 ], [ -74.964906, 40.366467 ], [ -74.968519, 40.365828 ], [ -74.968058, 40.362177 ] ] ] } },
{ "type": "Feature", "properties": { "GEOID": "4203272", "NAME": "Ashley borough, Pennsylvania", "population": 2627.0 }, "geometry": { "type": "Polygon", "coordinates": [ [ [ -75.911326, 41.210718 ], [ -75.905934, 41.207686 ], [ -75.90017, 41.204691 ], [ -75.89874, 41.205244 ], [ -75.883113, 41.21089 ], [ -75.895538, 41.2179 ], [ -75.896789, 41.218564 ], [ -75.904385, 41.222771 ], [ -75.90499, 41.21959 ], [ -75.907988, 41.218111 ], [ -75.909051, 41.216983 ], [ -75.911351, 41.211414 ], [ -75.911326, 41.210718 ] ] ] } },
{ "type": "Feature", "properties": { "GEOID": "4265568", "NAME": "Rockledge borough, Pennsylvania", "population": 2613.0 }, "geometry": { "type": "Polygon", "coordinates": [ [ [ -75.099919, 40.084288 ], [ -75.097709, 40.083809 ], [ -75.097125, 40.081342 ], [ -75.094406, 40.081687 ], [ -75.093626, 40.079994 ], [ -75.089876, 40.078599 ], [ -75.092101, 40.076403 ], [ -75.090193, 40.075238 ], [ -75.086906, 40.078648 ], [ -75.082456, 40.082884 ], [ -75.08236, 40.083522 ], [ -75.08223, 40.086102 ], [ -75.084681, 40.085951 ], [ -75.090742, 40.085907 ], [ -75.092085, 40.0854 ], [ -75.093505, 40.084847 ], [ -75.093181, 40.084206 ], [ -75.098503, 40.085712 ], [ -75.099919, 40.084288 ] ] ] } },
{ "type": "Feature", "properties": { "GEOID": "4200660", "NAME": "Alburtis borough, Pennsylvania", "population": 2609.0 }, "geometry": { "type": "Polygon", "coordinates": [ [ [ -75.611125, 40.507865 ], [ -75.610387, 40.505869 ], [ -75.60644, 40.507368 ], [ -75.602154, 40.502295 ], [ -75.599381, 40.502914 ], [ -75.598043, 40.501589 ], [ -75.597062, 40.502163 ], [ -75.590396, 40.506058 ], [ -75.589042, 40.506137 ], [ -75.592335, 40.512748 ], [ -75.593047, 40.514186 ], [ -75.598398, 40.514382 ], [ -75.606079, 40.514699 ], [ -75.609882, 40.513207 ], [ -75.608692, 40.510681 ], [ -75.61232, 40.508938 ], [ -75.611125, 40.507865 ] ] ] } },
{ "type": "Feature", "properties": { "GEOID": "4220424", "NAME": "Dupont borough, Pennsylvania", "population": 2589.0 }, "geometry": { "type": "Polygon", "coordinates": [ [ [ -75.76239, 41.320364 ], [ -75.75285, 41.317377 ], [ -75.753167, 41.317084 ], [ -75.74743, 41.314898 ], [ -75.745453, 41.317588 ], [ -75.733753, 41.313138 ], [ -75.730348, 41.319163 ], [ -75.724872, 41.328849 ], [ -75.738044, 41.333859 ], [ -75.744378, 41.329755 ], [ -75.746103, 41.328639 ], [ -75.750971, 41.331116 ], [ -75.760459, 41.331565 ], [ -75.757135, 41.329538 ], [ -75.757992, 41.328696 ], [ -75.749802, 41.325935 ], [ -75.757625, 41.32345 ], [ -75.755729, 41.322877 ], [ -75.76239, 41.320364 ] ] ] } },
{ "type": "Feature", "properties": { "GEOID": "4286920", "NAME": "Yardley borough, Pennsylvania", "population": 2577.0 }, "geometry": { "type": "Polygon", "coordinates": [ [ [ -74.850321, 40.244417 ], [ -74.846507, 40.240359 ], [ -74.84588, 40.236615 ], [ -74.845374, 40.237866 ], [ -74.843297, 40.238114 ], [ -74.842182, 40.231618 ], [ -74.835213, 40.232523 ], [ -74.833629, 40.233903 ], [ -74.833058, 40.232773 ], [ -74.828045, 40.233426 ], [ -74.824088, 40.233915 ], [ -74.826918, 40.236092 ], [ -74.830123, 40.238207 ], [ -74.8261781, 40.2423688 ], [ -74.8313784, 40.2443399 ], [ -74.836307, 40.246208 ], [ -74.842308, 40.250508 ], [ -74.8424158, 40.2507161 ], [ -74.846169, 40.249738 ], [ -74.849108, 40.248491 ], [ -74.851638, 40.247399 ], [ -74.850321, 40.244417 ] ] ] } },
{ "type": "Feature", "properties": { "GEOID": "4283680", "NAME": "West Newton borough, Pennsylvania", "population": 2569.0 }, "geometry": { "type": "Polygon", "coordinates": [ [ [ -79.78197, 40.2014 ], [ -79.77782, 40.20268 ], [ -79.775366, 40.201675 ], [ -79.770677, 40.201889 ], [ -79.76879, 40.19915 ], [ -79.768269, 40.200139 ], [ -79.767277, 40.202264 ], [ -79.765218, 40.200282 ], [ -79.763389, 40.201361 ], [ -79.759563, 40.201848 ], [ -79.761485, 40.206158 ], [ -79.761418, 40.209056 ], [ -79.763841, 40.210507 ], [ -79.761369, 40.211734 ], [ -79.759274, 40.21773 ], [ -79.762261, 40.218222 ], [ -79.762067, 40.220659 ], [ -79.760816, 40.221888 ], [ -79.761632, 40.224891 ], [ -79.762688, 40.226217 ], [ -79.763733, 40.225815 ], [ -79.76325, 40.223758 ], [ -79.764484, 40.218616 ], [ -79.76624, 40.218878 ], [ -79.768456, 40.218626 ], [ -79.770199, 40.214648 ], [ -79.771807, 40.212812 ], [ -79.776044, 40.212635 ], [ -79.77766, 40.21338 ], [ -79.78207, 40.213618 ], [ -79.78256, 40.21234 ], [ -79.781114, 40.21296 ], [ -79.782593, 40.205396 ], [ -79.78197, 40.2014 ] ] ] } },
{ "type": "Feature", "properties": { "GEOID": "4218960", "NAME": "Derry borough, Pennsylvania", "population": 2561.0 }, "geometry": { "type": "Polygon", "coordinates": [ [ [ -79.312046, 40.327018 ], [ -79.306478, 40.329306 ], [ -79.303634, 40.326664 ], [ -79.30354, 40.324869 ], [ -79.301678, 40.322898 ], [ -79.296086, 40.327305 ], [ -79.29436, 40.328757 ], [ -79.294915, 40.329135 ], [ -79.292753, 40.329259 ], [ -79.296514, 40.33082 ], [ -79.293401, 40.333413 ], [ -79.289708, 40.339833 ], [ -79.290362, 40.340974 ], [ -79.291154, 40.341487 ], [ -79.293791, 40.338915 ], [ -79.295409, 40.338397 ], [ -79.29851, 40.34041 ], [ -79.299349, 40.34093 ], [ -79.301929, 40.338251 ], [ -79.304956, 40.340818 ], [ -79.309831, 40.340834 ], [ -79.310486, 40.338663 ], [ -79.307892, 40.335355 ], [ -79.309549, 40.334534 ], [ -79.307142, 40.332805 ], [ -79.308133, 40.33135 ], [ -79.311972, 40.328144 ], [ -79.312046, 40.327018 ] ] ] } },
{ "type": "Feature", "properties": { "GEOID": "4203640", "NAME": "Avoca borough, Pennsylvania", "population": 2551.0 }, "geometry": { "type": "Polygon", "coordinates": [ [ [ -75.760459, 41.331565 ], [ -75.750971, 41.331116 ], [ -75.746103, 41.328639 ], [ -75.744378, 41.329755 ], [ -75.738044, 41.333859 ], [ -75.737847, 41.333965 ], [ -75.731778, 41.337918 ], [ -75.72415, 41.345353 ], [ -75.727524, 41.345886 ], [ -75.72965, 41.343971 ], [ -75.735401, 41.34509 ], [ -75.738382, 41.343468 ], [ -75.742176, 41.343761 ], [ -75.741539, 41.344837 ], [ -75.746111, 41.347245 ], [ -75.752216, 41.337013 ], [ -75.75452, 41.335376 ], [ -75.754989, 41.333497 ], [ -75.760459, 41.331565 ] ] ] } },
{ "type": "Feature", "properties": { "GEOID": "4281856", "NAME": "Weatherly borough, Pennsylvania", "population": 2546.0 }, "geometry": { "type": "Polygon", "coordinates": [ [ [ -75.84823, 40.943257 ], [ -75.845645, 40.94154 ], [ -75.830722, 40.929681 ], [ -75.825339, 40.93136 ], [ -75.822232, 40.931399 ], [ -75.820973, 40.931042 ], [ -75.818931, 40.931767 ], [ -75.815911, 40.933651 ], [ -75.810293, 40.933942 ], [ -75.801111, 40.936478 ], [ -75.798424, 40.937582 ], [ -75.794774, 40.93824 ], [ -75.791211, 40.938234 ], [ -75.789378, 40.940722 ], [ -75.790863, 40.94115 ], [ -75.793615, 40.940827 ], [ -75.795743, 40.943754 ], [ -75.799248, 40.946203 ], [ -75.800319, 40.948493 ], [ -75.801076, 40.951348 ], [ -75.805515, 40.952513 ], [ -75.808012, 40.952587 ], [ -75.819844, 40.950169 ], [ -75.823377, 40.949283 ], [ -75.82653, 40.948843 ], [ -75.830244, 40.95025 ], [ -75.832537, 40.950043 ], [ -75.839916, 40.947724 ], [ -75.841544, 40.948583 ], [ -75.845147, 40.950482 ], [ -75.851766, 40.947159 ], [ -75.84823, 40.943257 ] ] ] } },
{ "type": "Feature", "properties": { "GEOID": "4249680", "NAME": "Millersburg borough, Pennsylvania", "population": 2540.0 }, "geometry": { "type": "Polygon", "coordinates": [ [ [ -76.968293, 40.526986 ], [ -76.967002, 40.528566 ], [ -76.963532, 40.534866 ], [ -76.963289, 40.53612 ], [ -76.960555, 40.537161 ], [ -76.959605, 40.537636 ], [ -76.957045, 40.538098 ], [ -76.956974, 40.538441 ], [ -76.955301, 40.537799 ], [ -76.954984, 40.540245 ], [ -76.950657, 40.539844 ], [ -76.950964, 40.537702 ], [ -76.947401, 40.537023 ], [ -76.942332, 40.538114 ], [ -76.943498, 40.538686 ], [ -76.947769, 40.539056 ], [ -76.950469, 40.538738 ], [ -76.950229, 40.540215 ], [ -76.944514, 40.539323 ], [ -76.940905, 40.539214 ], [ -76.93917, 40.538709 ], [ -76.938431, 40.538751 ], [ -76.940458, 40.542679 ], [ -76.943636, 40.54217 ], [ -76.946774, 40.54237 ], [ -76.945742, 40.545501 ], [ -76.948414, 40.546022 ], [ -76.947896, 40.544546 ], [ -76.949329, 40.542171 ], [ -76.951086, 40.542723 ], [ -76.950292, 40.544509 ], [ -76.953427, 40.545028 ], [ -76.955455, 40.544772 ], [ -76.955367, 40.545811 ], [ -76.951604, 40.546318 ], [ -76.952004, 40.55249 ], [ -76.952994, 40.555466 ], [ -76.956756, 40.55475 ], [ -76.956048, 40.548688 ], [ -76.956955, 40.548699 ], [ -76.959069, 40.546783 ], [ -76.959167, 40.543145 ], [ -76.961578, 40.542672 ], [ -76.962908, 40.54375 ], [ -76.963483, 40.545833 ], [ -76.963984, 40.543486 ], [ -76.965545, 40.542976 ], [ -76.964737, 40.539633 ], [ -76.965743, 40.536142 ], [ -76.967239, 40.534872 ], [ -76.967864, 40.533066 ], [ -76.967762, 40.529623 ], [ -76.968293, 40.526986 ] ] ] } },
{ "type": "Feature", "properties": { "GEOID": "4216056", "NAME": "Coopersburg borough, Pennsylvania", "population": 2535.0 }, "geometry": { "type": "Polygon", "coordinates": [ [ [ -75.403266, 40.511421 ], [ -75.399807, 40.51175 ], [ -75.398821, 40.505289 ], [ -75.397504, 40.505372 ], [ -75.398349, 40.504632 ], [ -75.402267, 40.504358 ], [ -75.401782, 40.501308 ], [ -75.399348, 40.50152 ], [ -75.398408, 40.502389 ], [ -75.397648, 40.501179 ], [ -75.396386, 40.50211 ], [ -75.39745, 40.504696 ], [ -75.396407, 40.505435 ], [ -75.396137, 40.503927 ], [ -75.393718, 40.504221 ], [ -75.390616, 40.503422 ], [ -75.389351, 40.504016 ], [ -75.388292, 40.501697 ], [ -75.386717, 40.502669 ], [ -75.386924, 40.503657 ], [ -75.386974, 40.505034 ], [ -75.382017, 40.505631 ], [ -75.380396, 40.506658 ], [ -75.379579, 40.510025 ], [ -75.382052, 40.512513 ], [ -75.382333, 40.516433 ], [ -75.381376, 40.517759 ], [ -75.384822, 40.518511 ], [ -75.385525, 40.517596 ], [ -75.385271, 40.515914 ], [ -75.390793, 40.516424 ], [ -75.392689, 40.517753 ], [ -75.393962, 40.516236 ], [ -75.396142, 40.516076 ], [ -75.39593, 40.514607 ], [ -75.398986, 40.514775 ], [ -75.399415, 40.517173 ], [ -75.401558, 40.517331 ], [ -75.403117, 40.516391 ], [ -75.403682, 40.515044 ], [ -75.403266, 40.511421 ] ] ] } },
{ "type": "Feature", "properties": { "GEOID": "4203264", "NAME": "Ashland borough, Pennsylvania", "population": 2520.0 }, "geometry": { "type": "Polygon", "coordinates": [ [ [ -76.364678, 40.781147 ], [ -76.364059, 40.779019 ], [ -76.36202, 40.771929 ], [ -76.339778, 40.775101 ], [ -76.339575, 40.775137 ], [ -76.328511, 40.776687 ], [ -76.330161, 40.782697 ], [ -76.328146, 40.783792 ], [ -76.322939, 40.784486 ], [ -76.323085, 40.785413 ], [ -76.326385, 40.786324 ], [ -76.330911, 40.785455 ], [ -76.332871, 40.792571 ], [ -76.359097, 40.783131 ], [ -76.365117, 40.78233 ], [ -76.364678, 40.781147 ] ] ] } },
{ "type": "Feature", "properties": { "GEOID": "4273192", "NAME": "Spring Grove borough, Pennsylvania", "population": 2520.0 }, "geometry": { "type": "Polygon", "coordinates": [ [ [ -76.870483, 39.870929 ], [ -76.866639, 39.868868 ], [ -76.864459, 39.869866 ], [ -76.861909, 39.871429 ], [ -76.858482, 39.872606 ], [ -76.85784, 39.875182 ], [ -76.856801, 39.875823 ], [ -76.85887, 39.877908 ], [ -76.860642, 39.880052 ], [ -76.859876, 39.88203 ], [ -76.861287, 39.882759 ], [ -76.861533, 39.885337 ], [ -76.857768, 39.891788 ], [ -76.861095, 39.895545 ], [ -76.864144, 39.894218 ], [ -76.865788, 39.893502 ], [ -76.86612, 39.888367 ], [ -76.868655, 39.883921 ], [ -76.865546, 39.882226 ], [ -76.870582, 39.879604 ], [ -76.869798, 39.877392 ], [ -76.871024, 39.876773 ], [ -76.870483, 39.870929 ] ] ] } },
{ "type": "Feature", "properties": { "GEOID": "4263808", "NAME": "Red Hill borough, Pennsylvania", "population": 2508.0 }, "geometry": { "type": "Polygon", "coordinates": [ [ [ -75.492796, 40.382537 ], [ -75.487711, 40.372009 ], [ -75.483976, 40.365502 ], [ -75.483006, 40.366547 ], [ -75.48173, 40.36785 ], [ -75.479882, 40.372693 ], [ -75.480303, 40.375434 ], [ -75.478556, 40.377045 ], [ -75.474198, 40.374352 ], [ -75.472432, 40.374764 ], [ -75.472268, 40.377044 ], [ -75.479144, 40.380999 ], [ -75.485968, 40.385793 ], [ -75.487891, 40.38449 ], [ -75.488076, 40.384774 ], [ -75.491712, 40.383277 ], [ -75.492796, 40.382537 ] ] ] } },
{ "type": "Feature", "properties": { "GEOID": "4258936", "NAME": "Penndel borough, Pennsylvania", "population": 2507.0 }, "geometry": { "type": "Polygon", "coordinates": [ [ [ -74.921665, 40.15389 ], [ -74.917716, 40.149488 ], [ -74.915061, 40.151245 ], [ -74.91293, 40.149385 ], [ -74.906791, 40.153462 ], [ -74.908986, 40.155415 ], [ -74.910232, 40.154429 ], [ -74.911868, 40.156132 ], [ -74.9107, 40.156916 ], [ -74.907308, 40.159268 ], [ -74.909399, 40.161274 ], [ -74.912269, 40.160448 ], [ -74.912218, 40.160293 ], [ -74.919621, 40.158567 ], [ -74.919752, 40.157258 ], [ -74.923864, 40.155851 ], [ -74.921665, 40.15389 ] ] ] } },
{ "type": "Feature", "properties": { "GEOID": "4245824", "NAME": "McAdoo borough, Pennsylvania", "population": 2474.0 }, "geometry": { "type": "Polygon", "coordinates": [ [ [ -75.99951, 40.900461 ], [ -75.997008, 40.900148 ], [ -75.995426, 40.899954 ], [ -75.996238, 40.895849 ], [ -75.996661, 40.893654 ], [ -75.995115, 40.893822 ], [ -75.993047, 40.896454 ], [ -75.98762, 40.898521 ], [ -75.984133, 40.901382 ], [ -75.989223, 40.905628 ], [ -75.998884, 40.90393 ], [ -75.999931, 40.902522 ], [ -75.99951, 40.900461 ] ] ] } },
{ "type": "Feature", "properties": { "GEOID": "4217840", "NAME": "Curwensville borough, Pennsylvania", "population": 2473.0 }, "geometry": { "type": "Polygon", "coordinates": [ [ [ -78.537923, 40.974176 ], [ -78.536556, 40.975891 ], [ -78.534611, 40.976098 ], [ -78.534651, 40.971452 ], [ -78.529143, 40.970086 ], [ -78.528439, 40.96776 ], [ -78.530717, 40.965457 ], [ -78.529285, 40.964624 ], [ -78.52182, 40.960281 ], [ -78.517447, 40.961289 ], [ -78.511293, 40.960149 ], [ -78.507707, 40.96054 ], [ -78.506573, 40.962251 ], [ -78.507243, 40.96385 ], [ -78.506421, 40.965915 ], [ -78.508216, 40.967836 ], [ -78.49788, 40.974947 ], [ -78.502706, 40.977885 ], [ -78.502672, 40.984222 ], [ -78.508976, 40.983099 ], [ -78.510335, 40.981551 ], [ -78.511154, 40.981827 ], [ -78.515825, 40.978909 ], [ -78.517485, 40.981937 ], [ -78.525231, 40.983949 ], [ -78.533857, 40.986168 ], [ -78.537705, 40.985898 ], [ -78.538023, 40.984456 ], [ -78.536003, 40.983002 ], [ -78.53466, 40.983496 ], [ -78.535708, 40.979184 ], [ -78.536542, 40.978927 ], [ -78.539948, 40.974877 ], [ -78.537923, 40.974176 ] ] ] } },
{ "type": "Feature", "properties": { "GEOID": "4264376", "NAME": "Reynoldsville borough, Pennsylvania", "population": 2473.0 }, "geometry": { "type": "Polygon", "coordinates": [ [ [ -78.902668, 41.089017 ], [ -78.900107, 41.0871 ], [ -78.897667, 41.086538 ], [ -78.895314, 41.087686 ], [ -78.892296, 41.087324 ], [ -78.891588, 41.086505 ], [ -78.893584, 41.085714 ], [ -78.886461, 41.085469 ], [ -78.886385, 41.086299 ], [ -78.882327, 41.08617 ], [ -78.876046, 41.082429 ], [ -78.873463, 41.086046 ], [ -78.871208, 41.089305 ], [ -78.882505, 41.093959 ], [ -78.877676, 41.096549 ], [ -78.8777, 41.101384 ], [ -78.883574, 41.10149 ], [ -78.886717, 41.100008 ], [ -78.887782, 41.101547 ], [ -78.887248, 41.106838 ], [ -78.892445, 41.108012 ], [ -78.896129, 41.104282 ], [ -78.900935, 41.103792 ], [ -78.900961, 41.102265 ], [ -78.901526, 41.10073 ], [ -78.896391, 41.098458 ], [ -78.894168, 41.098354 ], [ -78.893171, 41.095077 ], [ -78.894166, 41.093864 ], [ -78.897235, 41.093503 ], [ -78.897391, 41.091657 ], [ -78.902197, 41.08996 ], [ -78.902668, 41.089017 ] ] ] } },
{ "type": "Feature", "properties": { "GEOID": "4215432", "NAME": "Colwyn borough, Pennsylvania", "population": 2465.0 }, "geometry": { "type": "Polygon", "coordinates": [ [ [ -75.26004, 39.911256 ], [ -75.259841, 39.909578 ], [ -75.255322, 39.909654 ], [ -75.254972, 39.905849 ], [ -75.253745, 39.906438 ], [ -75.2525, 39.906614 ], [ -75.250319, 39.907626 ], [ -75.249929, 39.909352 ], [ -75.251498, 39.910051 ], [ -75.2472, 39.913578 ], [ -75.24694, 39.916871 ], [ -75.248428, 39.916387 ], [ -75.252872, 39.91712 ], [ -75.254116, 39.912373 ], [ -75.257062, 39.91281 ], [ -75.258465, 39.91307 ], [ -75.260043, 39.913519 ], [ -75.26004, 39.911256 ] ] ] } },
{ "type": "Feature", "properties": { "GEOID": "4222296", "NAME": "Eddystone borough, Pennsylvania", "population": 2448.0 }, "geometry": { "type": "Polygon", "coordinates": [ [ [ -75.347245, 39.861705 ], [ -75.346562, 39.86101 ], [ -75.346595, 39.859282 ], [ -75.347338, 39.855357 ], [ -75.347011, 39.854457 ], [ -75.346288, 39.853468 ], [ -75.3414654, 39.8461595 ], [ -75.330433, 39.849012 ], [ -75.323232, 39.849812 ], [ -75.3185418, 39.849939 ], [ -75.319519, 39.852288 ], [ -75.32065, 39.857822 ], [ -75.322055, 39.859343 ], [ -75.324218, 39.863455 ], [ -75.328947, 39.865305 ], [ -75.330205, 39.865158 ], [ -75.334122, 39.864433 ], [ -75.335523, 39.864514 ], [ -75.338348, 39.865001 ], [ -75.340692, 39.866871 ], [ -75.34367, 39.865379 ], [ -75.348601, 39.86302 ], [ -75.347245, 39.861705 ] ] ] } },
{ "type": "Feature", "properties": { "GEOID": "4247344", "NAME": "Marcus Hook borough, Pennsylvania", "population": 2448.0 }, "geometry": { "type": "Polygon", "coordinates": [ [ [ -75.4370684, 39.813112 ], [ -75.4339085, 39.8117473 ], [ -75.428038, 39.809212 ], [ -75.423416, 39.806615 ], [ -75.415062, 39.801919 ], [ -75.403737, 39.807512 ], [ -75.3985433, 39.8105807 ], [ -75.404032, 39.815522 ], [ -75.409129, 39.819512 ], [ -75.409511, 39.821917 ], [ -75.409959, 39.822369 ], [ -75.409648, 39.824257 ], [ -75.408777, 39.82644 ], [ -75.415812, 39.823355 ], [ -75.419098, 39.821929 ], [ -75.42385, 39.819701 ], [ -75.428761, 39.817488 ], [ -75.435058, 39.814724 ], [ -75.4370684, 39.813112 ] ] ] } },
{ "type": "Feature", "properties": { "GEOID": "4248048", "NAME": "Matamoras borough, Pennsylvania", "population": 2448.0 }, "geometry": { "type": "Polygon", "coordinates": [ [ [ -74.710526, 41.366286 ], [ -74.70603, 41.363405 ], [ -74.6994, 41.359311 ], [ -74.6957832, 41.3576857 ], [ -74.691076, 41.36034 ], [ -74.689767, 41.361558 ], [ -74.689516, 41.363843 ], [ -74.691129, 41.367324 ], [ -74.694968, 41.370431 ], [ -74.6971764, 41.3716694 ], [ -74.6971895, 41.3716767 ], [ -74.703282, 41.375093 ], [ -74.7059203, 41.377034 ], [ -74.708305, 41.374642 ], [ -74.707299, 41.373203 ], [ -74.707225, 41.369299 ], [ -74.707483, 41.368681 ], [ -74.708541, 41.367404 ], [ -74.710526, 41.366286 ] ] ] } },
{ "type": "Feature", "properties": { "GEOID": "4214600", "NAME": "Coaldale borough, Pennsylvania", "population": 2440.0 }, "geometry": { "type": "Polygon", "coordinates": [ [ [ -75.934873, 40.809072 ], [ -75.934361, 40.805188 ], [ -75.891671, 40.821083 ], [ -75.893655, 40.822806 ], [ -75.897433, 40.826091 ], [ -75.897901, 40.826497 ], [ -75.89987, 40.828203 ], [ -75.905813, 40.833363 ], [ -75.906242, 40.833736 ], [ -75.936157, 40.818812 ], [ -75.934873, 40.809072 ] ] ] } },
{ "type": "Feature", "properties": { "GEOID": "4220104", "NAME": "Dublin borough, Pennsylvania", "population": 2436.0 }, "geometry": { "type": "Polygon", "coordinates": [ [ [ -75.214093, 40.373054 ], [ -75.204255, 40.366097 ], [ -75.20047, 40.368162 ], [ -75.198428, 40.366887 ], [ -75.197144, 40.368104 ], [ -75.195217, 40.369934 ], [ -75.195788, 40.370301 ], [ -75.193766, 40.372203 ], [ -75.200441, 40.376243 ], [ -75.203892, 40.379274 ], [ -75.204469, 40.382529 ], [ -75.210644, 40.376442 ], [ -75.214093, 40.373054 ] ] ] } },
{ "type": "Feature", "properties": { "GEOID": "4252616", "NAME": "Nanty-Glo borough, Pennsylvania", "population": 2413.0 }, "geometry": { "type": "Polygon", "coordinates": [ [ [ -78.849005, 40.465242 ], [ -78.840347, 40.460672 ], [ -78.839725, 40.460337 ], [ -78.834265, 40.457455 ], [ -78.830106, 40.457201 ], [ -78.823896, 40.459534 ], [ -78.822739, 40.458815 ], [ -78.821003, 40.459395 ], [ -78.821179, 40.46055 ], [ -78.826959, 40.473754 ], [ -78.821944, 40.480599 ], [ -78.824722, 40.485653 ], [ -78.832978, 40.48559 ], [ -78.835767, 40.485564 ], [ -78.836627, 40.477735 ], [ -78.840202, 40.476745 ], [ -78.842238, 40.47618 ], [ -78.848274, 40.474507 ], [ -78.849005, 40.465242 ] ] ] } },
{ "type": "Feature", "properties": { "GEOID": "4280032", "NAME": "Verona borough, Pennsylvania", "population": 2396.0 }, "geometry": { "type": "Polygon", "coordinates": [ [ [ -79.850339, 40.49594 ], [ -79.845118, 40.495976 ], [ -79.843391, 40.499565 ], [ -79.842891, 40.50336 ], [ -79.840691, 40.503716 ], [ -79.837829, 40.502234 ], [ -79.834983, 40.501491 ], [ -79.833792, 40.500852 ], [ -79.833566, 40.504439 ], [ -79.833624, 40.506306 ], [ -79.833612, 40.506393 ], [ -79.83402, 40.512712 ], [ -79.835635, 40.511483 ], [ -79.838652, 40.511824 ], [ -79.841897, 40.511855 ], [ -79.843409, 40.511297 ], [ -79.843768, 40.511282 ], [ -79.846527, 40.50819 ], [ -79.849451, 40.507425 ], [ -79.849326, 40.506821 ], [ -79.848853, 40.503658 ], [ -79.84968, 40.497589 ], [ -79.850339, 40.49594 ] ] ] } },
{ "type": "Feature", "properties": { "GEOID": "4252264", "NAME": "Muncy borough, Pennsylvania", "population": 2383.0 }, "geometry": { "type": "Polygon", "coordinates": [ [ [ -76.796064, 41.197768 ], [ -76.789048, 41.199414 ], [ -76.788399, 41.197893 ], [ -76.7882, 41.194787 ], [ -76.785701, 41.195223 ], [ -76.785604, 41.193435 ], [ -76.784049, 41.192561 ], [ -76.781204, 41.193028 ], [ -76.779472, 41.194495 ], [ -76.778948, 41.193425 ], [ -76.773728, 41.194416 ], [ -76.773975, 41.195142 ], [ -76.777106, 41.197113 ], [ -76.778444, 41.199034 ], [ -76.78158, 41.19933 ], [ -76.781726, 41.202501 ], [ -76.779552, 41.202779 ], [ -76.777087, 41.203853 ], [ -76.779156, 41.207615 ], [ -76.77963, 41.208665 ], [ -76.780632, 41.211111 ], [ -76.791118, 41.21102 ], [ -76.790354, 41.206338 ], [ -76.793863, 41.20604 ], [ -76.793224, 41.20254 ], [ -76.797206, 41.20141 ], [ -76.796064, 41.197768 ] ] ] } },
{ "type": "Feature", "properties": { "GEOID": "4223616", "NAME": "Emsworth borough, Pennsylvania", "population": 2377.0 }, "geometry": { "type": "Polygon", "coordinates": [ [ [ -80.108363, 40.510521 ], [ -80.098576, 40.506969 ], [ -80.09163, 40.503846 ], [ -80.089504, 40.5032 ], [ -80.087932, 40.505607 ], [ -80.088081, 40.506486 ], [ -80.088705, 40.509432 ], [ -80.087678, 40.510722 ], [ -80.087083, 40.513081 ], [ -80.087108, 40.51706 ], [ -80.088584, 40.516611 ], [ -80.096306, 40.516402 ], [ -80.095903, 40.514784 ], [ -80.099069, 40.514623 ], [ -80.101096, 40.515482 ], [ -80.107481, 40.516823 ], [ -80.107988, 40.514632 ], [ -80.108617, 40.513213 ], [ -80.108363, 40.510521 ] ] ] } },
{ "type": "Feature", "properties": { "GEOID": "4210912", "NAME": "Cambridge Springs borough, Pennsylvania", "population": 2361.0 }, "geometry": { "type": "Polygon", "coordinates": [ [ [ -80.071821, 41.79487 ], [ -80.066612, 41.795614 ], [ -80.062636, 41.795611 ], [ -80.054905, 41.795147 ], [ -80.054372, 41.795607 ], [ -80.051853, 41.797782 ], [ -80.047616, 41.801503 ], [ -80.048466, 41.804187 ], [ -80.053221, 41.807126 ], [ -80.05366, 41.807724 ], [ -80.06651, 41.811671 ], [ -80.066441, 41.802902 ], [ -80.066286, 41.801134 ], [ -80.071859, 41.798973 ], [ -80.071821, 41.79487 ] ] ] } },
{ "type": "Feature", "properties": { "GEOID": "4249184", "NAME": "Midland borough, Pennsylvania", "population": 2358.0 }, "geometry": { "type": "Polygon", "coordinates": [ [ [ -80.472325, 40.649072 ], [ -80.473109, 40.643745 ], [ -80.469623, 40.640036 ], [ -80.46878, 40.636865 ], [ -80.460652, 40.628113 ], [ -80.457368, 40.625523 ], [ -80.453844, 40.623989 ], [ -80.450694, 40.623397 ], [ -80.446461, 40.623549 ], [ -80.444495, 40.623769 ], [ -80.442435, 40.630771 ], [ -80.440758, 40.636764 ], [ -80.442341, 40.637394 ], [ -80.44071, 40.64217 ], [ -80.441613, 40.642093 ], [ -80.450867, 40.64369 ], [ -80.461845, 40.645606 ], [ -80.460746, 40.651629 ], [ -80.471934, 40.651734 ], [ -80.473516, 40.650777 ], [ -80.472325, 40.649072 ] ] ] } },
{ "type": "Feature", "properties": { "GEOID": "4262048", "NAME": "Portage borough, Pennsylvania", "population": 2344.0 }, "geometry": { "type": "Polygon", "coordinates": [ [ [ -78.683719, 40.381013 ], [ -78.682342, 40.377835 ], [ -78.678318, 40.377885 ], [ -78.678329, 40.381808 ], [ -78.680299, 40.382432 ], [ -78.67435, 40.382465 ], [ -78.673333, 40.382537 ], [ -78.672333, 40.382593 ], [ -78.66463, 40.382561 ], [ -78.663809, 40.388389 ], [ -78.670932, 40.38881 ], [ -78.670295, 40.393717 ], [ -78.675167, 40.395456 ], [ -78.679046, 40.392812 ], [ -78.682968, 40.38771 ], [ -78.683704, 40.386251 ], [ -78.680304, 40.384784 ], [ -78.680302, 40.382501 ], [ -78.683746, 40.38249 ], [ -78.683719, 40.381013 ] ] ] } },
{ "type": "Feature", "properties": { "GEOID": "4254104", "NAME": "New Stanton borough, Pennsylvania", "population": 2338.0 }, "geometry": { "type": "Polygon", "coordinates": [ [ [ -79.633874, 40.218031 ], [ -79.629312, 40.216017 ], [ -79.622253, 40.215005 ], [ -79.616768, 40.215843 ], [ -79.610096, 40.209718 ], [ -79.607486, 40.207429 ], [ -79.606011, 40.202966 ], [ -79.600373, 40.196083 ], [ -79.597198, 40.198953 ], [ -79.599497, 40.206057 ], [ -79.594672, 40.212425 ], [ -79.593945, 40.213715 ], [ -79.591886, 40.220466 ], [ -79.591028, 40.221319 ], [ -79.590197, 40.221772 ], [ -79.58578, 40.224758 ], [ -79.58709, 40.225318 ], [ -79.588328, 40.226905 ], [ -79.588598, 40.229141 ], [ -79.591963, 40.231629 ], [ -79.594442, 40.231358 ], [ -79.594803, 40.234192 ], [ -79.588132, 40.235685 ], [ -79.593283, 40.23785 ], [ -79.594431, 40.235554 ], [ -79.597652, 40.236814 ], [ -79.603888, 40.239989 ], [ -79.604211, 40.24558 ], [ -79.606468, 40.245074 ], [ -79.613989, 40.240971 ], [ -79.615746, 40.237076 ], [ -79.618225, 40.237942 ], [ -79.619658, 40.236594 ], [ -79.620485, 40.237133 ], [ -79.627208, 40.233241 ], [ -79.62909, 40.225759 ], [ -79.633635, 40.220191 ], [ -79.632931, 40.219666 ], [ -79.633874, 40.218031 ] ] ] } },
{ "type": "Feature", "properties": { "GEOID": "4205672", "NAME": "Bentleyville borough, Pennsylvania", "population": 2326.0 }, "geometry": { "type": "Polygon", "coordinates": [ [ [ -80.026363, 40.123503 ], [ -80.021852, 40.117756 ], [ -80.023358, 40.115432 ], [ -80.018833, 40.115337 ], [ -80.016285, 40.113494 ], [ -80.015232, 40.112918 ], [ -80.015286, 40.110621 ], [ -80.015713, 40.107654 ], [ -80.013918, 40.102632 ], [ -80.015118, 40.098296 ], [ -80.003214, 40.097615 ], [ -80.003143, 40.102193 ], [ -79.995379, 40.099407 ], [ -79.989206, 40.108578 ], [ -79.989141, 40.112068 ], [ -79.984413, 40.115384 ], [ -79.984445, 40.118184 ], [ -79.98678, 40.12116 ], [ -79.988668, 40.120664 ], [ -79.995068, 40.126151 ], [ -79.994487, 40.127087 ], [ -79.992091, 40.131247 ], [ -79.992721, 40.132226 ], [ -79.995451, 40.137316 ], [ -79.993579, 40.137412 ], [ -79.990009, 40.138901 ], [ -79.991194, 40.141552 ], [ -79.995116, 40.141126 ], [ -80.001502, 40.135191 ], [ -80.00439, 40.132748 ], [ -80.00686, 40.133539 ], [ -80.007694, 40.131463 ], [ -80.015614, 40.131927 ], [ -80.019326, 40.12748 ], [ -80.026361, 40.127855 ], [ -80.026363, 40.123503 ] ] ] } },
{ "type": "Feature", "properties": { "GEOID": "4258176", "NAME": "Parkside borough, Pennsylvania", "population": 2320.0 }, "geometry": { "type": "Polygon", "coordinates": [ [ [ -75.382167, 39.865882 ], [ -75.379141, 39.864791 ], [ -75.379645, 39.86189 ], [ -75.376212, 39.861518 ], [ -75.374455, 39.865928 ], [ -75.375105, 39.866218 ], [ -75.376161, 39.87358 ], [ -75.376738, 39.873906 ], [ -75.381353, 39.870907 ], [ -75.379398, 39.870138 ], [ -75.380524, 39.868554 ], [ -75.381238, 39.868851 ], [ -75.382225, 39.867195 ], [ -75.382167, 39.865882 ] ] ] } },
{ "type": "Feature", "properties": { "GEOID": "4238248", "NAME": "Johnsonburg borough, Pennsylvania", "population": 2291.0 }, "geometry": { "type": "Polygon", "coordinates": [ [ [ -78.697784, 41.495119 ], [ -78.695825, 41.49508 ], [ -78.69581, 41.479948 ], [ -78.674474, 41.479763 ], [ -78.674325, 41.478236 ], [ -78.673042, 41.479151 ], [ -78.667955, 41.479773 ], [ -78.655314, 41.479741 ], [ -78.655508, 41.485375 ], [ -78.655577, 41.487371 ], [ -78.663065, 41.487429 ], [ -78.663489, 41.500629 ], [ -78.663455, 41.501906 ], [ -78.665746, 41.501948 ], [ -78.67505, 41.495949 ], [ -78.681403, 41.498349 ], [ -78.680392, 41.499773 ], [ -78.680119, 41.502654 ], [ -78.681117, 41.504813 ], [ -78.679947, 41.505933 ], [ -78.680935, 41.507435 ], [ -78.679514, 41.509186 ], [ -78.679274, 41.512419 ], [ -78.688391, 41.512469 ], [ -78.685619, 41.508452 ], [ -78.685862, 41.50476 ], [ -78.689028, 41.502576 ], [ -78.697765, 41.502702 ], [ -78.697845, 41.500527 ], [ -78.697784, 41.495119 ] ] ] } },
{ "type": "Feature", "properties": { "GEOID": "4216448", "NAME": "Coudersport borough, Pennsylvania", "population": 2281.0 }, "geometry": { "type": "Polygon", "coordinates": [ [ [ -78.044747, 41.761439 ], [ -77.990419, 41.762253 ], [ -77.990167, 41.766598 ], [ -77.98073, 41.766807 ], [ -77.980708, 41.76862 ], [ -77.98097, 41.779361 ], [ -77.999086, 41.779017 ], [ -77.999813, 41.791804 ], [ -78.017583, 41.791763 ], [ -78.043023, 41.791692 ], [ -78.042759, 41.764225 ], [ -78.044741, 41.764201 ], [ -78.044747, 41.761439 ] ] ] } },
{ "type": "Feature", "properties": { "GEOID": "4265256", "NAME": "Roaring Spring borough, Pennsylvania", "population": 2280.0 }, "geometry": { "type": "Polygon", "coordinates": [ [ [ -78.408015, 40.335824 ], [ -78.406092, 40.335421 ], [ -78.407504, 40.330675 ], [ -78.403131, 40.330324 ], [ -78.404009, 40.328274 ], [ -78.400741, 40.327434 ], [ -78.401145, 40.326689 ], [ -78.399458, 40.326367 ], [ -78.398818, 40.328353 ], [ -78.397684, 40.328995 ], [ -78.399112, 40.330468 ], [ -78.394578, 40.331703 ], [ -78.394135, 40.330305 ], [ -78.387413, 40.330594 ], [ -78.386096, 40.33115 ], [ -78.384894, 40.330252 ], [ -78.381479, 40.329921 ], [ -78.381006, 40.331802 ], [ -78.38146, 40.334187 ], [ -78.388368, 40.33583 ], [ -78.385946, 40.332912 ], [ -78.388786, 40.33283 ], [ -78.390635, 40.335976 ], [ -78.390844, 40.33848 ], [ -78.38676, 40.337536 ], [ -78.385515, 40.337671 ], [ -78.385731, 40.339451 ], [ -78.390555, 40.340469 ], [ -78.39143, 40.342454 ], [ -78.393205, 40.341141 ], [ -78.394385, 40.342491 ], [ -78.396202, 40.342905 ], [ -78.396834, 40.340282 ], [ -78.398103, 40.34068 ], [ -78.398934, 40.339253 ], [ -78.399986, 40.340475 ], [ -78.401119, 40.338576 ], [ -78.402651, 40.339445 ], [ -78.404397, 40.339024 ], [ -78.404512, 40.339045 ], [ -78.406265, 40.339516 ], [ -78.408015, 40.335824 ] ] ] } },
{ "type": "Feature", "properties": { "GEOID": "4228720", "NAME": "Geistown borough, Pennsylvania", "population": 2263.0 }, "geometry": { "type": "Polygon", "coordinates": [ [ [ -78.884633, 40.291124 ], [ -78.883848, 40.289868 ], [ -78.883059, 40.288604 ], [ -78.882995, 40.287259 ], [ -78.877223, 40.287155 ], [ -78.873529, 40.289143 ], [ -78.872697, 40.288412 ], [ -78.870608, 40.288509 ], [ -78.866777, 40.288476 ], [ -78.865308, 40.286507 ], [ -78.865097, 40.286033 ], [ -78.858594, 40.287269 ], [ -78.858556, 40.28895 ], [ -78.857069, 40.28974 ], [ -78.856865, 40.293136 ], [ -78.864782, 40.294994 ], [ -78.864903, 40.297803 ], [ -78.869921, 40.296719 ], [ -78.872652, 40.297384 ], [ -78.870759, 40.302305 ], [ -78.870763, 40.302359 ], [ -78.870775, 40.302442 ], [ -78.870952, 40.303709 ], [ -78.87696, 40.302328 ], [ -78.880995, 40.30165 ], [ -78.882633, 40.298755 ], [ -78.883077, 40.296449 ], [ -78.886122, 40.29369 ], [ -78.884633, 40.291124 ] ] ] } },
{ "type": "Feature", "properties": { "GEOID": "4286640", "NAME": "Wrightsville borough, Pennsylvania", "population": 2259.0 }, "geometry": { "type": "Polygon", "coordinates": [ [ [ -76.544612, 40.022529 ], [ -76.541883, 40.023143 ], [ -76.537703, 40.023403 ], [ -76.536737, 40.020873 ], [ -76.535281, 40.020498 ], [ -76.529133, 40.022156 ], [ -76.528408, 40.020323 ], [ -76.525692, 40.017309 ], [ -76.519788, 40.016106 ], [ -76.51503, 40.016665 ], [ -76.516751, 40.017674 ], [ -76.520327, 40.020022 ], [ -76.526466, 40.025937 ], [ -76.526916, 40.026178 ], [ -76.528585, 40.030322 ], [ -76.529654, 40.030945 ], [ -76.535683, 40.029583 ], [ -76.543959, 40.027725 ], [ -76.542816, 40.024663 ], [ -76.545213, 40.024153 ], [ -76.544612, 40.022529 ] ] ] } },
{ "type": "Feature", "properties": { "GEOID": "4254184", "NAME": "Newtown borough, Pennsylvania", "population": 2257.0 }, "geometry": { "type": "Polygon", "coordinates": [ [ [ -74.93819, 40.222013 ], [ -74.933799, 40.220823 ], [ -74.931782, 40.221306 ], [ -74.931405, 40.2242 ], [ -74.925633, 40.225186 ], [ -74.925489, 40.226049 ], [ -74.925269, 40.228771 ], [ -74.925008, 40.23232 ], [ -74.927121, 40.232554 ], [ -74.927031, 40.235458 ], [ -74.928897, 40.235533 ], [ -74.929093, 40.232844 ], [ -74.933591, 40.233599 ], [ -74.933308, 40.235706 ], [ -74.930524, 40.235597 ], [ -74.929945, 40.237622 ], [ -74.934883, 40.237793 ], [ -74.937174, 40.233826 ], [ -74.937323, 40.232686 ], [ -74.937761, 40.229349 ], [ -74.938178, 40.227936 ], [ -74.938661, 40.224167 ], [ -74.93819, 40.222013 ] ], [ [ -74.926773, 40.22947 ], [ -74.925909, 40.229442 ], [ -74.925936, 40.228795 ], [ -74.926803, 40.228828 ], [ -74.926773, 40.22947 ] ] ] } },
{ "type": "Feature", "properties": { "GEOID": "4255608", "NAME": "North York borough, Pennsylvania", "population": 2248.0 }, "geometry": { "type": "Polygon", "coordinates": [ [ [ -76.739761, 39.980155 ], [ -76.736386, 39.979032 ], [ -76.734999, 39.979246 ], [ -76.734019, 39.975657 ], [ -76.732604, 39.975877 ], [ -76.731935, 39.972678 ], [ -76.732823, 39.971919 ], [ -76.731814, 39.971822 ], [ -76.731133, 39.969136 ], [ -76.73085, 39.968559 ], [ -76.731002, 39.971056 ], [ -76.729793, 39.97268 ], [ -76.726281, 39.974062 ], [ -76.726266, 39.976107 ], [ -76.72447, 39.980971 ], [ -76.728359, 39.981854 ], [ -76.731476, 39.981304 ], [ -76.732114, 39.982846 ], [ -76.735811, 39.982576 ], [ -76.738067, 39.981891 ], [ -76.737681, 39.980419 ], [ -76.739761, 39.980155 ] ] ] } },
{ "type": "Feature", "properties": { "GEOID": "4243064", "NAME": "Liberty borough, Pennsylvania", "population": 2242.0 }, "geometry": { "type": "Polygon", "coordinates": [ [ [ -79.876294, 40.320995 ], [ -79.87411, 40.320211 ], [ -79.874683, 40.317126 ], [ -79.873874, 40.31754 ], [ -79.872191, 40.315951 ], [ -79.870014, 40.316022 ], [ -79.867076, 40.319518 ], [ -79.863903, 40.317364 ], [ -79.864514, 40.316331 ], [ -79.860299, 40.315095 ], [ -79.860138, 40.318475 ], [ -79.858481, 40.317746 ], [ -79.85774, 40.318806 ], [ -79.859542, 40.319234 ], [ -79.858162, 40.321132 ], [ -79.855825, 40.319099 ], [ -79.853576, 40.319282 ], [ -79.852298, 40.317939 ], [ -79.8475, 40.317289 ], [ -79.84117, 40.320149 ], [ -79.844543, 40.326536 ], [ -79.846979, 40.328721 ], [ -79.85502, 40.333487 ], [ -79.858269, 40.336766 ], [ -79.859573, 40.335071 ], [ -79.860103, 40.33441 ], [ -79.861062, 40.330678 ], [ -79.862648, 40.329329 ], [ -79.865185, 40.328761 ], [ -79.869965, 40.329336 ], [ -79.871858, 40.330032 ], [ -79.875076, 40.328734 ], [ -79.873135, 40.327071 ], [ -79.87231, 40.326443 ], [ -79.8747, 40.323121 ], [ -79.876294, 40.320995 ] ] ] } },
{ "type": "Feature", "properties": { "GEOID": "4251984", "NAME": "Mount Union borough, Pennsylvania", "population": 2231.0 }, "geometry": { "type": "Polygon", "coordinates": [ [ [ -77.896605, 40.379128 ], [ -77.890527, 40.376716 ], [ -77.889958, 40.377371 ], [ -77.888468, 40.376801 ], [ -77.888223, 40.377323 ], [ -77.883509, 40.375524 ], [ -77.882677, 40.3766 ], [ -77.880907, 40.377775 ], [ -77.877781, 40.378527 ], [ -77.875552, 40.377893 ], [ -77.875459, 40.375517 ], [ -77.874188, 40.375065 ], [ -77.87273, 40.376728 ], [ -77.875015, 40.379475 ], [ -77.870805, 40.376328 ], [ -77.869528, 40.376605 ], [ -77.872089, 40.380375 ], [ -77.872762, 40.381928 ], [ -77.872533, 40.38557 ], [ -77.87003, 40.39018 ], [ -77.870289, 40.392261 ], [ -77.873095, 40.393216 ], [ -77.877701, 40.39355 ], [ -77.879835, 40.392908 ], [ -77.88357, 40.392422 ], [ -77.887717, 40.391358 ], [ -77.889651, 40.391207 ], [ -77.890975, 40.391297 ], [ -77.891902, 40.390017 ], [ -77.893298, 40.386315 ], [ -77.896605, 40.379128 ] ] ] } },
{ "type": "Feature", "properties": { "GEOID": "4277744", "NAME": "Tullytown borough, Pennsylvania", "population": 2228.0 }, "geometry": { "type": "Polygon", "coordinates": [ [ [ -74.826445, 40.142229 ], [ -74.82274, 40.136936 ], [ -74.815646, 40.127621 ], [ -74.812807, 40.12691 ], [ -74.8104243, 40.1261093 ], [ -74.8053365, 40.1243994 ], [ -74.804815, 40.125808 ], [ -74.804749, 40.131816 ], [ -74.800724, 40.132925 ], [ -74.796709, 40.13321 ], [ -74.794807, 40.133812 ], [ -74.796128, 40.146941 ], [ -74.802216, 40.145188 ], [ -74.80239, 40.150451 ], [ -74.80647, 40.149625 ], [ -74.805792, 40.151135 ], [ -74.809294, 40.151948 ], [ -74.810723, 40.148725 ], [ -74.814213, 40.149133 ], [ -74.813028, 40.156359 ], [ -74.815374, 40.155673 ], [ -74.820561, 40.155404 ], [ -74.819081, 40.153676 ], [ -74.820762, 40.153212 ], [ -74.819852, 40.151337 ], [ -74.818291, 40.151884 ], [ -74.816498, 40.14979 ], [ -74.82245, 40.147063 ], [ -74.823159, 40.14795 ], [ -74.828752, 40.145375 ], [ -74.826445, 40.142229 ] ] ] } },
{ "type": "Feature", "properties": { "GEOID": "4274104", "NAME": "Stewartstown borough, Pennsylvania", "population": 2225.0 }, "geometry": { "type": "Polygon", "coordinates": [ [ [ -76.601429, 39.748169 ], [ -76.598629, 39.747237 ], [ -76.597063, 39.744651 ], [ -76.595208, 39.743522 ], [ -76.595068, 39.742071 ], [ -76.592832, 39.742282 ], [ -76.594235, 39.74427 ], [ -76.590604, 39.746536 ], [ -76.589541, 39.748099 ], [ -76.589512, 39.74962 ], [ -76.587489, 39.750078 ], [ -76.584586, 39.749476 ], [ -76.583616, 39.747289 ], [ -76.580536, 39.748626 ], [ -76.581055, 39.7507 ], [ -76.578732, 39.751138 ], [ -76.579534, 39.75241 ], [ -76.578333, 39.755059 ], [ -76.581828, 39.754517 ], [ -76.580986, 39.755615 ], [ -76.58339, 39.75438 ], [ -76.587902, 39.754032 ], [ -76.590756, 39.754436 ], [ -76.590603, 39.758021 ], [ -76.589769, 39.758784 ], [ -76.58937, 39.760981 ], [ -76.590656, 39.761146 ], [ -76.590432, 39.763347 ], [ -76.593692, 39.764074 ], [ -76.596727, 39.763074 ], [ -76.595393, 39.760492 ], [ -76.597887, 39.758887 ], [ -76.598663, 39.756026 ], [ -76.599262, 39.753592 ], [ -76.605213, 39.75113 ], [ -76.601429, 39.748169 ] ], [ [ -76.587605, 39.752755 ], [ -76.586135, 39.752817 ], [ -76.586205, 39.751779 ], [ -76.587111, 39.751785 ], [ -76.587169, 39.752265 ], [ -76.587605, 39.752755 ] ] ] } },
{ "type": "Feature", "properties": { "GEOID": "4208960", "NAME": "Brockway borough, Pennsylvania", "population": 2213.0 }, "geometry": { "type": "Polygon", "coordinates": [ [ [ -78.80598, 41.249535 ], [ -78.805787, 41.241302 ], [ -78.795832, 41.241297 ], [ -78.783486, 41.241318 ], [ -78.781936, 41.237054 ], [ -78.777965, 41.23811 ], [ -78.780231, 41.242896 ], [ -78.777123, 41.242762 ], [ -78.778355, 41.245194 ], [ -78.780999, 41.250457 ], [ -78.783599, 41.249674 ], [ -78.784805, 41.252234 ], [ -78.794939, 41.254079 ], [ -78.79724, 41.253656 ], [ -78.801884, 41.258279 ], [ -78.804487, 41.259232 ], [ -78.80539, 41.258172 ], [ -78.800939, 41.252975 ], [ -78.806173, 41.252128 ], [ -78.80598, 41.249535 ] ] ] } },
{ "type": "Feature", "properties": { "GEOID": "4281616", "NAME": "Watsontown borough, Pennsylvania", "population": 2188.0 }, "geometry": { "type": "Polygon", "coordinates": [ [ [ -76.872268, 41.082286 ], [ -76.870305, 41.081626 ], [ -76.865607, 41.080322 ], [ -76.8645, 41.079872 ], [ -76.860045, 41.075729 ], [ -76.858758, 41.073706 ], [ -76.853302, 41.075742 ], [ -76.856609, 41.082606 ], [ -76.854172, 41.084183 ], [ -76.854732, 41.084878 ], [ -76.856973, 41.083322 ], [ -76.858006, 41.086338 ], [ -76.858763, 41.093808 ], [ -76.862374, 41.092416 ], [ -76.864224, 41.094824 ], [ -76.865641, 41.090602 ], [ -76.867566, 41.093437 ], [ -76.872342, 41.093285 ], [ -76.870336, 41.091147 ], [ -76.868761, 41.090362 ], [ -76.879578, 41.089857 ], [ -76.872268, 41.082286 ] ] ] } },
{ "type": "Feature", "properties": { "GEOID": "4265336", "NAME": "Robesonia borough, Pennsylvania", "population": 2181.0 }, "geometry": { "type": "Polygon", "coordinates": [ [ [ -76.147947, 40.354458 ], [ -76.145627, 40.352726 ], [ -76.146744, 40.344151 ], [ -76.144846, 40.340364 ], [ -76.139886, 40.338897 ], [ -76.129117, 40.349931 ], [ -76.127235, 40.351878 ], [ -76.131985, 40.354464 ], [ -76.131126, 40.355488 ], [ -76.134601, 40.357273 ], [ -76.146517, 40.357704 ], [ -76.14745, 40.355587 ], [ -76.147947, 40.354458 ] ] ] } },
{ "type": "Feature", "properties": { "GEOID": "4272616", "NAME": "Southwest Greensburg borough, Pennsylvania", "population": 2147.0 }, "geometry": { "type": "Polygon", "coordinates": [ [ [ -79.555039, 40.293357 ], [ -79.549798, 40.287021 ], [ -79.546642, 40.284177 ], [ -79.545155, 40.286029 ], [ -79.543875, 40.287986 ], [ -79.54306, 40.28937 ], [ -79.542133, 40.294087 ], [ -79.543227, 40.29611 ], [ -79.543264, 40.296173 ], [ -79.543886, 40.296385 ], [ -79.546883, 40.298572 ], [ -79.55272, 40.295194 ], [ -79.554069, 40.294094 ], [ -79.555039, 40.293357 ] ] ] } },
{ "type": "Feature", "properties": { "GEOID": "4229760", "NAME": "Glen Rock borough, Pennsylvania", "population": 2129.0 }, "geometry": { "type": "Polygon", "coordinates": [ [ [ -76.740104, 39.785967 ], [ -76.734735, 39.790363 ], [ -76.732962, 39.788837 ], [ -76.735413, 39.78685 ], [ -76.734736, 39.78577 ], [ -76.732963, 39.786406 ], [ -76.731934, 39.785216 ], [ -76.725076, 39.789156 ], [ -76.718781, 39.792428 ], [ -76.726569, 39.801789 ], [ -76.735985, 39.800673 ], [ -76.734266, 39.798127 ], [ -76.735276, 39.797723 ], [ -76.734507, 39.795477 ], [ -76.735848, 39.794379 ], [ -76.737005, 39.795374 ], [ -76.738599, 39.795383 ], [ -76.742243, 39.792758 ], [ -76.740104, 39.785967 ] ] ] } },
{ "type": "Feature", "properties": { "GEOID": "4215872", "NAME": "Conway borough, Pennsylvania", "population": 2122.0 }, "geometry": { "type": "Polygon", "coordinates": [ [ [ -80.255383, 40.673366 ], [ -80.254183, 40.667966 ], [ -80.243563, 40.655362 ], [ -80.237398, 40.657728 ], [ -80.237731, 40.658645 ], [ -80.224958, 40.663977 ], [ -80.233112, 40.674954 ], [ -80.234277, 40.67647 ], [ -80.238985, 40.676268 ], [ -80.243047, 40.67607 ], [ -80.246311, 40.673964 ], [ -80.247479, 40.676021 ], [ -80.253107, 40.67595 ], [ -80.254711, 40.675978 ], [ -80.255383, 40.673366 ] ] ] } },
{ "type": "Feature", "properties": { "GEOID": "4238096", "NAME": "Jermyn borough, Pennsylvania", "population": 2109.0 }, "geometry": { "type": "Polygon", "coordinates": [ [ [ -75.552638, 41.526921 ], [ -75.5503, 41.523579 ], [ -75.549638, 41.519475 ], [ -75.546672, 41.515321 ], [ -75.542766, 41.515881 ], [ -75.544105, 41.522469 ], [ -75.539152, 41.525014 ], [ -75.535449, 41.526917 ], [ -75.534847, 41.528928 ], [ -75.534969, 41.529644 ], [ -75.542756, 41.535528 ], [ -75.543508, 41.535956 ], [ -75.544198, 41.535081 ], [ -75.547172, 41.536405 ], [ -75.549232, 41.534164 ], [ -75.551375, 41.534686 ], [ -75.552021, 41.533311 ], [ -75.556749, 41.527652 ], [ -75.552638, 41.526921 ] ] ] } },
{ "type": "Feature", "properties": { "GEOID": "4280800", "NAME": "Walnutport borough, Pennsylvania", "population": 2097.0 }, "geometry": { "type": "Polygon", "coordinates": [ [ [ -75.603569, 40.756805 ], [ -75.60274, 40.753064 ], [ -75.601694, 40.749551 ], [ -75.597602, 40.74461 ], [ -75.596702, 40.743599 ], [ -75.594235, 40.738758 ], [ -75.587979, 40.740378 ], [ -75.590295, 40.742794 ], [ -75.588081, 40.743574 ], [ -75.58863, 40.746662 ], [ -75.590126, 40.750144 ], [ -75.591994, 40.757935 ], [ -75.593476, 40.764189 ], [ -75.603369, 40.758716 ], [ -75.603569, 40.756805 ] ] ] } },
{ "type": "Feature", "properties": { "GEOID": "4236160", "NAME": "Hughesville borough, Pennsylvania", "population": 2089.0 }, "geometry": { "type": "Polygon", "coordinates": [ [ [ -76.735465, 41.237876 ], [ -76.730336, 41.235088 ], [ -76.723313, 41.230855 ], [ -76.719522, 41.233087 ], [ -76.719158, 41.234082 ], [ -76.718203, 41.238324 ], [ -76.717132, 41.239731 ], [ -76.71886, 41.244218 ], [ -76.720332, 41.245366 ], [ -76.723799, 41.245682 ], [ -76.726162, 41.246313 ], [ -76.72891, 41.243504 ], [ -76.730952, 41.244234 ], [ -76.735087, 41.240052 ], [ -76.735465, 41.237876 ] ] ] } },
{ "type": "Feature", "properties": { "GEOID": "4254352", "NAME": "New Wilmington borough, Pennsylvania", "population": 2084.0 }, "geometry": { "type": "Polygon", "coordinates": [ [ [ -80.341107, 41.124805 ], [ -80.340908, 41.113835 ], [ -80.335904, 41.113748 ], [ -80.337709, 41.111957 ], [ -80.338702, 41.109776 ], [ -80.338583, 41.107275 ], [ -80.329063, 41.107739 ], [ -80.324158, 41.107986 ], [ -80.32524, 41.113629 ], [ -80.321865, 41.113648 ], [ -80.321324, 41.115489 ], [ -80.322368, 41.118403 ], [ -80.323202, 41.118693 ], [ -80.32272, 41.120514 ], [ -80.326347, 41.120679 ], [ -80.325586, 41.122749 ], [ -80.32713, 41.123703 ], [ -80.327801, 41.127185 ], [ -80.341233, 41.126911 ], [ -80.341107, 41.124805 ] ] ] } },
{ "type": "Feature", "properties": { "GEOID": "4260456", "NAME": "Pine Grove borough, Pennsylvania", "population": 2077.0 }, "geometry": { "type": "Polygon", "coordinates": [ [ [ -76.399739, 40.557447 ], [ -76.399046, 40.555537 ], [ -76.397193, 40.555574 ], [ -76.39102, 40.554284 ], [ -76.391514, 40.54947 ], [ -76.391389, 40.541997 ], [ -76.387013, 40.54081 ], [ -76.385273, 40.54034 ], [ -76.383903, 40.542434 ], [ -76.380185, 40.544956 ], [ -76.380083, 40.546698 ], [ -76.377677, 40.54661 ], [ -76.379778, 40.551343 ], [ -76.379462, 40.55375 ], [ -76.380973, 40.55561 ], [ -76.377053, 40.558442 ], [ -76.380183, 40.566928 ], [ -76.38043, 40.566871 ], [ -76.382462, 40.566403 ], [ -76.381647, 40.564527 ], [ -76.387614, 40.563182 ], [ -76.389908, 40.560981 ], [ -76.387666, 40.558939 ], [ -76.389756, 40.557721 ], [ -76.395695, 40.559785 ], [ -76.399543, 40.55901 ], [ -76.399739, 40.557447 ] ] ] } },
{ "type": "Feature", "properties": { "GEOID": "4209432", "NAME": "Brownsville borough, Pennsylvania", "population": 2075.0 }, "geometry": { "type": "Polygon", "coordinates": [ [ [ -79.910899, 40.019853 ], [ -79.908192, 40.018702 ], [ -79.905904, 40.018667 ], [ -79.901759, 40.014791 ], [ -79.89883, 40.012849 ], [ -79.896451, 40.011392 ], [ -79.895432, 40.010553 ], [ -79.892839, 40.009207 ], [ -79.889697, 40.010141 ], [ -79.885841, 40.012498 ], [ -79.884384, 40.013817 ], [ -79.887378, 40.01702 ], [ -79.887983, 40.017282 ], [ -79.886786, 40.018349 ], [ -79.884973, 40.018115 ], [ -79.882452, 40.01877 ], [ -79.880005, 40.017799 ], [ -79.879027, 40.018334 ], [ -79.87716, 40.01642 ], [ -79.87609, 40.01749 ], [ -79.876681, 40.01908 ], [ -79.874358, 40.019212 ], [ -79.875868, 40.021378 ], [ -79.875942, 40.024103 ], [ -79.877493, 40.025071 ], [ -79.876336, 40.026143 ], [ -79.879992, 40.028282 ], [ -79.885246, 40.024635 ], [ -79.889954, 40.022462 ], [ -79.894686, 40.022113 ], [ -79.895469, 40.022056 ], [ -79.904323, 40.022533 ], [ -79.910034, 40.022009 ], [ -79.910899, 40.019853 ] ] ] } },
{ "type": "Feature", "properties": { "GEOID": "4272192", "NAME": "South Greensburg borough, Pennsylvania", "population": 2073.0 }, "geometry": { "type": "Polygon", "coordinates": [ [ [ -79.558064, 40.27454 ], [ -79.55493, 40.271377 ], [ -79.55372, 40.273371 ], [ -79.552399, 40.27157 ], [ -79.54913, 40.271003 ], [ -79.547245, 40.271515 ], [ -79.544012, 40.270193 ], [ -79.54277, 40.270728 ], [ -79.545045, 40.273334 ], [ -79.544068, 40.274351 ], [ -79.54313, 40.274643 ], [ -79.541276, 40.276067 ], [ -79.541235, 40.274385 ], [ -79.538364, 40.275141 ], [ -79.538436, 40.278427 ], [ -79.537452, 40.280258 ], [ -79.541489, 40.281946 ], [ -79.541736, 40.285572 ], [ -79.545155, 40.286029 ], [ -79.546642, 40.284177 ], [ -79.549798, 40.287021 ], [ -79.552618, 40.284466 ], [ -79.554628, 40.28496 ], [ -79.551145, 40.279924 ], [ -79.553178, 40.277629 ], [ -79.55385, 40.27631 ], [ -79.555135, 40.275825 ], [ -79.556271, 40.276972 ], [ -79.557914, 40.275042 ], [ -79.558064, 40.27454 ] ] ] } },
{ "type": "Feature", "properties": { "GEOID": "4242280", "NAME": "Leechburg borough, Pennsylvania", "population": 2068.0 }, "geometry": { "type": "Polygon", "coordinates": [ [ [ -79.609946, 40.628317 ], [ -79.608736, 40.625831 ], [ -79.608133, 40.62549 ], [ -79.604375, 40.624449 ], [ -79.602103, 40.624497 ], [ -79.598871, 40.626145 ], [ -79.597727, 40.627151 ], [ -79.596359, 40.628321 ], [ -79.593911, 40.631457 ], [ -79.594519, 40.631875 ], [ -79.595754, 40.633116 ], [ -79.593998, 40.635561 ], [ -79.596076, 40.636843 ], [ -79.598599, 40.634637 ], [ -79.600578, 40.635913 ], [ -79.601303, 40.635291 ], [ -79.602971, 40.637499 ], [ -79.603638, 40.636344 ], [ -79.602518, 40.635654 ], [ -79.604134, 40.632677 ], [ -79.606262, 40.633069 ], [ -79.607159, 40.633152 ], [ -79.609217, 40.633403 ], [ -79.610135, 40.631009 ], [ -79.609946, 40.628317 ] ] ] } },
{ "type": "Feature", "properties": { "GEOID": "4277104", "NAME": "Topton borough, Pennsylvania", "population": 2062.0 }, "geometry": { "type": "Polygon", "coordinates": [ [ [ -75.712182, 40.503834 ], [ -75.710152, 40.497608 ], [ -75.705984, 40.498942 ], [ -75.705701, 40.498008 ], [ -75.70482, 40.495345 ], [ -75.700795, 40.495564 ], [ -75.701925, 40.496765 ], [ -75.701691, 40.498164 ], [ -75.694853, 40.499554 ], [ -75.695372, 40.501124 ], [ -75.691058, 40.501978 ], [ -75.689511, 40.503593 ], [ -75.689908, 40.504952 ], [ -75.692656, 40.504707 ], [ -75.69189, 40.50723 ], [ -75.698352, 40.506221 ], [ -75.699676, 40.510102 ], [ -75.708431, 40.508174 ], [ -75.710793, 40.508014 ], [ -75.711629, 40.507207 ], [ -75.71069, 40.504442 ], [ -75.712182, 40.503834 ] ] ] } },
{ "type": "Feature", "properties": { "GEOID": "4214160", "NAME": "Cleona borough, Pennsylvania", "population": 2055.0 }, "geometry": { "type": "Polygon", "coordinates": [ [ [ -76.48752, 40.340245 ], [ -76.48584, 40.333721 ], [ -76.482807, 40.334229 ], [ -76.479915, 40.332241 ], [ -76.474952, 40.331384 ], [ -76.47504, 40.330962 ], [ -76.472674, 40.332733 ], [ -76.470098, 40.332701 ], [ -76.466368, 40.335453 ], [ -76.466983, 40.337599 ], [ -76.467799, 40.338511 ], [ -76.461149, 40.33958 ], [ -76.461746, 40.341666 ], [ -76.462161, 40.341974 ], [ -76.469625, 40.340742 ], [ -76.478343, 40.344504 ], [ -76.483842, 40.344887 ], [ -76.488738, 40.345812 ], [ -76.48752, 40.340245 ] ] ] } },
{ "type": "Feature", "properties": { "GEOID": "4262088", "NAME": "Port Allegany borough, Pennsylvania", "population": 2031.0 }, "geometry": { "type": "Polygon", "coordinates": [ [ [ -78.291703, 41.819396 ], [ -78.293965, 41.815565 ], [ -78.292638, 41.812975 ], [ -78.28873, 41.811487 ], [ -78.287784, 41.807851 ], [ -78.286631, 41.807258 ], [ -78.284793, 41.807661 ], [ -78.281742, 41.807007 ], [ -78.280298, 41.805641 ], [ -78.277555, 41.805278 ], [ -78.275679, 41.804009 ], [ -78.272811, 41.803624 ], [ -78.269984, 41.802065 ], [ -78.261606, 41.805959 ], [ -78.267255, 41.806528 ], [ -78.268512, 41.807299 ], [ -78.262509, 41.810169 ], [ -78.265744, 41.814128 ], [ -78.265816, 41.815384 ], [ -78.25959, 41.815366 ], [ -78.259494, 41.818587 ], [ -78.258334, 41.818546 ], [ -78.258319, 41.822412 ], [ -78.260011, 41.822694 ], [ -78.260099, 41.824171 ], [ -78.265655, 41.82416 ], [ -78.265669, 41.819884 ], [ -78.271452, 41.817403 ], [ -78.271446, 41.821045 ], [ -78.278104, 41.817977 ], [ -78.278946, 41.820189 ], [ -78.280557, 41.819473 ], [ -78.281516, 41.828353 ], [ -78.29442, 41.822282 ], [ -78.291703, 41.819396 ] ] ] } },
{ "type": "Feature", "properties": { "GEOID": "4251592", "NAME": "Mount Holly Springs borough, Pennsylvania", "population": 2019.0 }, "geometry": { "type": "Polygon", "coordinates": [ [ [ -77.195187, 40.123037 ], [ -77.195032, 40.113909 ], [ -77.194974, 40.110465 ], [ -77.182256, 40.097108 ], [ -77.18139, 40.096199 ], [ -77.177694, 40.098677 ], [ -77.177461, 40.099024 ], [ -77.175659, 40.101703 ], [ -77.178736, 40.115775 ], [ -77.176969, 40.117502 ], [ -77.177634, 40.119614 ], [ -77.178379, 40.120351 ], [ -77.180226, 40.124089 ], [ -77.180592, 40.12483 ], [ -77.188974, 40.12486 ], [ -77.190973, 40.124867 ], [ -77.195218, 40.124882 ], [ -77.195187, 40.123037 ] ] ] } },
{ "type": "Feature", "properties": { "GEOID": "4253496", "NAME": "New Eagle borough, Pennsylvania", "population": 2018.0 }, "geometry": { "type": "Polygon", "coordinates": [ [ [ -79.966426, 40.210184 ], [ -79.96193, 40.202501 ], [ -79.959091, 40.201709 ], [ -79.958033, 40.201171 ], [ -79.957854, 40.199351 ], [ -79.953385, 40.198629 ], [ -79.949242, 40.197286 ], [ -79.948617, 40.197367 ], [ -79.944807, 40.198681 ], [ -79.942558, 40.200373 ], [ -79.942376, 40.202887 ], [ -79.940799, 40.206452 ], [ -79.939497, 40.207453 ], [ -79.93879, 40.20946 ], [ -79.944331, 40.210656 ], [ -79.950382, 40.211559 ], [ -79.954889, 40.212767 ], [ -79.95794, 40.214259 ], [ -79.95984, 40.215936 ], [ -79.962817, 40.214019 ], [ -79.968252, 40.210822 ], [ -79.966426, 40.210184 ] ] ] } },
{ "type": "Feature", "properties": { "GEOID": "4251208", "NAME": "Moscow borough, Pennsylvania", "population": 1996.0 }, "geometry": { "type": "Polygon", "coordinates": [ [ [ -75.557168, 41.333637 ], [ -75.55717, 41.33205 ], [ -75.515027, 41.333543 ], [ -75.512808, 41.33363 ], [ -75.511645, 41.336153 ], [ -75.506793, 41.340857 ], [ -75.50871, 41.342018 ], [ -75.505247, 41.345405 ], [ -75.509499, 41.347867 ], [ -75.508678, 41.34871 ], [ -75.513759, 41.351545 ], [ -75.517751, 41.347506 ], [ -75.519946, 41.348937 ], [ -75.521847, 41.34919 ], [ -75.522524, 41.351315 ], [ -75.522035, 41.352776 ], [ -75.523834, 41.353375 ], [ -75.523916, 41.357331 ], [ -75.527709, 41.359624 ], [ -75.527235, 41.351891 ], [ -75.534687, 41.351581 ], [ -75.535897, 41.351115 ], [ -75.542291, 41.350842 ], [ -75.541998, 41.344822 ], [ -75.54782, 41.344526 ], [ -75.558005, 41.34431 ], [ -75.557168, 41.333637 ] ] ] } },
{ "type": "Feature", "properties": { "GEOID": "4246072", "NAME": "McDonald borough, Pennsylvania", "population": 1994.0 }, "geometry": { "type": "Polygon", "coordinates": [ [ [ -80.239901, 40.365322 ], [ -80.239062, 40.364227 ], [ -80.234872, 40.365306 ], [ -80.230341, 40.365994 ], [ -80.231002, 40.36877 ], [ -80.227986, 40.36999 ], [ -80.222956, 40.365897 ], [ -80.22124, 40.366374 ], [ -80.220434, 40.368511 ], [ -80.222146, 40.371415 ], [ -80.222948, 40.372761 ], [ -80.227074, 40.371418 ], [ -80.228718, 40.374444 ], [ -80.23065, 40.376588 ], [ -80.234254, 40.3775 ], [ -80.234673, 40.375468 ], [ -80.234342, 40.375196 ], [ -80.23437, 40.373589 ], [ -80.235078, 40.373299 ], [ -80.243366, 40.370518 ], [ -80.239901, 40.365322 ] ] ] } },
{ "type": "Feature", "properties": { "GEOID": "4265112", "NAME": "Riverside borough, Pennsylvania", "population": 1991.0 }, "geometry": { "type": "Polygon", "coordinates": [ [ [ -76.680815, 40.931167 ], [ -76.679093, 40.929925 ], [ -76.675655, 40.929407 ], [ -76.662344, 40.927409 ], [ -76.661773, 40.928481 ], [ -76.65877, 40.929091 ], [ -76.657101, 40.930037 ], [ -76.657068, 40.931061 ], [ -76.648951, 40.93177 ], [ -76.640577, 40.936007 ], [ -76.62422, 40.93756 ], [ -76.621103, 40.938446 ], [ -76.618949, 40.938506 ], [ -76.61452, 40.940286 ], [ -76.616749, 40.942671 ], [ -76.613375, 40.951445 ], [ -76.615114, 40.953039 ], [ -76.62175, 40.957988 ], [ -76.626414, 40.961119 ], [ -76.632036, 40.963682 ], [ -76.635059, 40.964378 ], [ -76.641036, 40.964836 ], [ -76.645329, 40.964424 ], [ -76.649075, 40.963284 ], [ -76.652451, 40.961643 ], [ -76.655106, 40.959871 ], [ -76.658116, 40.957229 ], [ -76.662691, 40.952044 ], [ -76.674049, 40.941141 ], [ -76.677086, 40.93899 ], [ -76.683046, 40.93561 ], [ -76.680815, 40.931167 ] ] ] } },
{ "type": "Feature", "properties": { "GEOID": "4248912", "NAME": "Meyersdale borough, Pennsylvania", "population": 1986.0 }, "geometry": { "type": "Polygon", "coordinates": [ [ [ -79.036171, 39.818287 ], [ -79.033723, 39.8169 ], [ -79.033117, 39.81495 ], [ -79.035461, 39.812411 ], [ -79.035509, 39.806691 ], [ -79.026735, 39.802923 ], [ -79.026238, 39.803986 ], [ -79.024728, 39.805709 ], [ -79.026253, 39.806229 ], [ -79.02424, 39.809781 ], [ -79.017482, 39.809811 ], [ -79.018523, 39.812529 ], [ -79.020897, 39.819306 ], [ -79.02204, 39.822564 ], [ -79.027114, 39.820234 ], [ -79.028706, 39.819969 ], [ -79.031932, 39.821081 ], [ -79.03415, 39.821839 ], [ -79.033886, 39.820654 ], [ -79.036355, 39.819327 ], [ -79.036171, 39.818287 ] ] ] } },
{ "type": "Feature", "properties": { "GEOID": "4263408", "NAME": "Rankin borough, Pennsylvania", "population": 1975.0 }, "geometry": { "type": "Polygon", "coordinates": [ [ [ -79.889878, 40.409886 ], [ -79.884511, 40.407191 ], [ -79.881203, 40.405551 ], [ -79.879436, 40.404232 ], [ -79.875418, 40.406963 ], [ -79.874608, 40.407535 ], [ -79.873675, 40.408782 ], [ -79.871335, 40.411718 ], [ -79.872022, 40.412568 ], [ -79.874351, 40.413713 ], [ -79.876606, 40.414082 ], [ -79.882165, 40.415913 ], [ -79.887085, 40.41684 ], [ -79.887258, 40.416874 ], [ -79.888684, 40.415087 ], [ -79.890624, 40.4104 ], [ -79.889878, 40.409886 ] ] ] } },
{ "type": "Feature", "properties": { "GEOID": "4277288", "NAME": "Trainer borough, Pennsylvania", "population": 1972.0 }, "geometry": { "type": "Polygon", "coordinates": [ [ [ -75.415812, 39.823355 ], [ -75.408777, 39.82644 ], [ -75.409648, 39.824257 ], [ -75.409959, 39.822369 ], [ -75.409511, 39.821917 ], [ -75.409129, 39.819512 ], [ -75.404032, 39.815522 ], [ -75.3985433, 39.8105807 ], [ -75.390536, 39.815312 ], [ -75.3897645, 39.8158195 ], [ -75.396208, 39.82762 ], [ -75.396622, 39.8284 ], [ -75.397914, 39.831481 ], [ -75.398937, 39.833812 ], [ -75.401463, 39.832827 ], [ -75.403133, 39.835744 ], [ -75.404875, 39.837763 ], [ -75.414852, 39.832715 ], [ -75.417314, 39.831136 ], [ -75.414429, 39.827319 ], [ -75.417684, 39.825877 ], [ -75.415812, 39.823355 ] ] ] } },
{ "type": "Feature", "properties": { "GEOID": "4210256", "NAME": "Burnham borough, Pennsylvania", "population": 1970.0 }, "geometry": { "type": "Polygon", "coordinates": [ [ [ -77.577801, 40.647937 ], [ -77.575683, 40.64266 ], [ -77.573682, 40.641212 ], [ -77.575625, 40.640025 ], [ -77.572378, 40.636607 ], [ -77.573859, 40.636003 ], [ -77.573291, 40.634574 ], [ -77.568697, 40.629898 ], [ -77.569158, 40.629002 ], [ -77.565965, 40.625653 ], [ -77.56403, 40.624581 ], [ -77.561677, 40.621717 ], [ -77.560025, 40.623577 ], [ -77.562882, 40.627008 ], [ -77.561915, 40.627628 ], [ -77.559019, 40.626517 ], [ -77.554403, 40.628897 ], [ -77.550929, 40.62952 ], [ -77.554409, 40.629923 ], [ -77.556056, 40.629226 ], [ -77.554593, 40.631168 ], [ -77.556598, 40.634812 ], [ -77.551344, 40.637315 ], [ -77.554182, 40.638295 ], [ -77.551623, 40.640189 ], [ -77.546432, 40.642667 ], [ -77.548098, 40.644308 ], [ -77.549002, 40.645064 ], [ -77.551782, 40.643498 ], [ -77.552006, 40.642637 ], [ -77.556816, 40.641435 ], [ -77.561239, 40.638363 ], [ -77.56417, 40.640685 ], [ -77.564659, 40.643261 ], [ -77.569132, 40.640925 ], [ -77.572615, 40.644253 ], [ -77.57355, 40.643713 ], [ -77.574702, 40.644789 ], [ -77.577533, 40.649034 ], [ -77.577801, 40.647937 ] ] ] } },
{ "type": "Feature", "properties": { "GEOID": "4221444", "NAME": "East McKeesport borough, Pennsylvania", "population": 1969.0 }, "geometry": { "type": "Polygon", "coordinates": [ [ [ -79.81662, 40.378558 ], [ -79.813878, 40.377082 ], [ -79.812738, 40.379491 ], [ -79.811231, 40.37908 ], [ -79.810561, 40.38066 ], [ -79.807011, 40.379364 ], [ -79.804978, 40.381874 ], [ -79.806111, 40.383058 ], [ -79.800589, 40.385976 ], [ -79.798438, 40.386451 ], [ -79.799379, 40.38725 ], [ -79.798472, 40.390628 ], [ -79.802594, 40.391419 ], [ -79.811517, 40.386687 ], [ -79.811826, 40.38559 ], [ -79.813244, 40.384666 ], [ -79.816, 40.381094 ], [ -79.81662, 40.378558 ] ] ] } },
{ "type": "Feature", "properties": { "GEOID": "4242352", "NAME": "Leesport borough, Pennsylvania", "population": 1964.0 }, "geometry": { "type": "Polygon", "coordinates": [ [ [ -75.973961, 40.439213 ], [ -75.974828, 40.438261 ], [ -75.975411, 40.435043 ], [ -75.965036, 40.437195 ], [ -75.967306, 40.440861 ], [ -75.961571, 40.442348 ], [ -75.960235, 40.442493 ], [ -75.957208, 40.4459 ], [ -75.964135, 40.451474 ], [ -75.971756, 40.454558 ], [ -75.976427, 40.452167 ], [ -75.975041, 40.450236 ], [ -75.971815, 40.447455 ], [ -75.976935, 40.442459 ], [ -75.973961, 40.439213 ] ] ] } },
{ "type": "Feature", "properties": { "GEOID": "4267304", "NAME": "St. Lawrence borough, Pennsylvania", "population": 1962.0 }, "geometry": { "type": "Polygon", "coordinates": [ [ [ -75.8837, 40.325105 ], [ -75.878142, 40.325245 ], [ -75.877207, 40.325276 ], [ -75.870686, 40.323944 ], [ -75.865236, 40.319692 ], [ -75.8636, 40.317685 ], [ -75.861733, 40.317892 ], [ -75.858726, 40.318901 ], [ -75.853583, 40.324318 ], [ -75.85529, 40.329013 ], [ -75.860063, 40.331673 ], [ -75.861597, 40.332538 ], [ -75.868986, 40.330861 ], [ -75.872044, 40.332801 ], [ -75.87317, 40.333515 ], [ -75.875564, 40.330383 ], [ -75.880822, 40.328754 ], [ -75.881639, 40.327581 ], [ -75.8837, 40.325105 ] ] ] } },
{ "type": "Feature", "properties": { "GEOID": "4219696", "NAME": "Dover borough, Pennsylvania", "population": 1959.0 }, "geometry": { "type": "Polygon", "coordinates": [ [ [ -76.85922, 40.002037 ], [ -76.853942, 39.998456 ], [ -76.851004, 39.996157 ], [ -76.849577, 39.997772 ], [ -76.848242, 39.996838 ], [ -76.845776, 39.997642 ], [ -76.845266, 39.998476 ], [ -76.846488, 39.999551 ], [ -76.840687, 40.002153 ], [ -76.843762, 40.004765 ], [ -76.839484, 40.00525 ], [ -76.837719, 40.007543 ], [ -76.840881, 40.009289 ], [ -76.842197, 40.010612 ], [ -76.843024, 40.008409 ], [ -76.845187, 40.009832 ], [ -76.849443, 40.006157 ], [ -76.85139, 40.007459 ], [ -76.854528, 40.005115 ], [ -76.854799, 40.005409 ], [ -76.855586, 40.00495 ], [ -76.856061, 40.004934 ], [ -76.85922, 40.002037 ] ] ] } },
{ "type": "Feature", "properties": { "GEOID": "4272344", "NAME": "Southmont borough, Pennsylvania", "population": 1957.0 }, "geometry": { "type": "Polygon", "coordinates": [ [ [ -78.94656, 40.310289 ], [ -78.945902, 40.310074 ], [ -78.946516, 40.309117 ], [ -78.944986, 40.308684 ], [ -78.94821, 40.306289 ], [ -78.946805, 40.303766 ], [ -78.943412, 40.305153 ], [ -78.93818, 40.304752 ], [ -78.936171, 40.305748 ], [ -78.935702, 40.306961 ], [ -78.930231, 40.306399 ], [ -78.928392, 40.305307 ], [ -78.927524, 40.306136 ], [ -78.926572, 40.305343 ], [ -78.919294, 40.306969 ], [ -78.917629, 40.310335 ], [ -78.91659, 40.311117 ], [ -78.915949, 40.313333 ], [ -78.918606, 40.314693 ], [ -78.921956, 40.314326 ], [ -78.924302, 40.315744 ], [ -78.92466, 40.317188 ], [ -78.930124, 40.316606 ], [ -78.936064, 40.315412 ], [ -78.938163, 40.315473 ], [ -78.940009, 40.315516 ], [ -78.940556, 40.316586 ], [ -78.942405, 40.317143 ], [ -78.94474, 40.316365 ], [ -78.944363, 40.315835 ], [ -78.94277, 40.3149 ], [ -78.949114, 40.311257 ], [ -78.94656, 40.310289 ] ] ] } },
{ "type": "Feature", "properties": { "GEOID": "4205776", "NAME": "Berlin borough, Pennsylvania", "population": 1956.0 }, "geometry": { "type": "Polygon", "coordinates": [ [ [ -78.964468, 39.918898 ], [ -78.965136, 39.917819 ], [ -78.963515, 39.918167 ], [ -78.952736, 39.916899 ], [ -78.94956, 39.917293 ], [ -78.946949, 39.914422 ], [ -78.945921, 39.915513 ], [ -78.941811, 39.914465 ], [ -78.941546, 39.917261 ], [ -78.938383, 39.916966 ], [ -78.937487, 39.919766 ], [ -78.939038, 39.920685 ], [ -78.939833, 39.922735 ], [ -78.938999, 39.926133 ], [ -78.951949, 39.926846 ], [ -78.961667, 39.92738 ], [ -78.962275, 39.925298 ], [ -78.963173, 39.922263 ], [ -78.965466, 39.919851 ], [ -78.964468, 39.918898 ] ] ] } },
{ "type": "Feature", "properties": { "GEOID": "4200364", "NAME": "Adamstown borough, Pennsylvania", "population": 1953.0 }, "geometry": { "type": "Polygon", "coordinates": [ [ [ -76.076708, 40.239295 ], [ -76.076484, 40.23702 ], [ -76.075376, 40.237265 ], [ -76.075109, 40.235495 ], [ -76.072844, 40.232965 ], [ -76.072169, 40.234311 ], [ -76.071243, 40.236163 ], [ -76.06844, 40.23527 ], [ -76.067548, 40.23625 ], [ -76.062127, 40.234603 ], [ -76.055343, 40.232576 ], [ -76.052876, 40.235469 ], [ -76.044985, 40.243868 ], [ -76.044014, 40.244543 ], [ -76.044058, 40.247237 ], [ -76.044083, 40.249295 ], [ -76.049489, 40.250634 ], [ -76.05519, 40.247221 ], [ -76.074609, 40.247137 ], [ -76.076298, 40.246545 ], [ -76.075907, 40.241704 ], [ -76.07694, 40.241644 ], [ -76.076708, 40.239295 ] ] ] } },
{ "type": "Feature", "properties": { "GEOID": "4253920", "NAME": "New Oxford borough, Pennsylvania", "population": 1912.0 }, "geometry": { "type": "Polygon", "coordinates": [ [ [ -77.065341, 39.862193 ], [ -77.064701, 39.857012 ], [ -77.057598, 39.85812 ], [ -77.054039, 39.858695 ], [ -77.052016, 39.860646 ], [ -77.048876, 39.858556 ], [ -77.046902, 39.860844 ], [ -77.04423, 39.862245 ], [ -77.045197, 39.86647 ], [ -77.04832, 39.866084 ], [ -77.054176, 39.869927 ], [ -77.06543, 39.863682 ], [ -77.065341, 39.862193 ] ] ] } },
{ "type": "Feature", "properties": { "GEOID": "4248696", "NAME": "Mercer borough, Pennsylvania", "population": 1905.0 }, "geometry": { "type": "Polygon", "coordinates": [ [ [ -80.2517, 41.231772 ], [ -80.249403, 41.231916 ], [ -80.249326, 41.230001 ], [ -80.246332, 41.229998 ], [ -80.246316, 41.227224 ], [ -80.248381, 41.227152 ], [ -80.248376, 41.225406 ], [ -80.249721, 41.225436 ], [ -80.249646, 41.222869 ], [ -80.246197, 41.222915 ], [ -80.247495, 41.222019 ], [ -80.247419, 41.21684 ], [ -80.245301, 41.216861 ], [ -80.242481, 41.221399 ], [ -80.239806, 41.2214 ], [ -80.231235, 41.221411 ], [ -80.21967, 41.221431 ], [ -80.219756, 41.229208 ], [ -80.226852, 41.229034 ], [ -80.226955, 41.230671 ], [ -80.229153, 41.231705 ], [ -80.234662, 41.231709 ], [ -80.234736, 41.23486 ], [ -80.238058, 41.234846 ], [ -80.238409, 41.233838 ], [ -80.240366, 41.233856 ], [ -80.240374, 41.232761 ], [ -80.242844, 41.232765 ], [ -80.242908, 41.231264 ], [ -80.246371, 41.234402 ], [ -80.249086, 41.233951 ], [ -80.250558, 41.23287 ], [ -80.251735, 41.232786 ], [ -80.2517, 41.231772 ] ] ] } },
{ "type": "Feature", "properties": { "GEOID": "4235528", "NAME": "Honey Brook borough, Pennsylvania", "population": 1891.0 }, "geometry": { "type": "Polygon", "coordinates": [ [ [ -75.919536, 40.092723 ], [ -75.909426, 40.086749 ], [ -75.906283, 40.089871 ], [ -75.904943, 40.088927 ], [ -75.904129, 40.089653 ], [ -75.904272, 40.091104 ], [ -75.904811, 40.091444 ], [ -75.903055, 40.09331 ], [ -75.905374, 40.094913 ], [ -75.905665, 40.097578 ], [ -75.907797, 40.098914 ], [ -75.908662, 40.098084 ], [ -75.911875, 40.100043 ], [ -75.913526, 40.098499 ], [ -75.915429, 40.099658 ], [ -75.917254, 40.097936 ], [ -75.918832, 40.096449 ], [ -75.916914, 40.095233 ], [ -75.919536, 40.092723 ] ] ] } },
{ "type": "Feature", "properties": { "GEOID": "4245592", "NAME": "Lykens borough, Pennsylvania", "population": 1856.0 }, "geometry": { "type": "Polygon", "coordinates": [ [ [ -76.716123, 40.562456 ], [ -76.712244, 40.563362 ], [ -76.710763, 40.561725 ], [ -76.710762, 40.555822 ], [ -76.68659, 40.560732 ], [ -76.686671, 40.563113 ], [ -76.673694, 40.564594 ], [ -76.673555, 40.568092 ], [ -76.682541, 40.566797 ], [ -76.685348, 40.56665 ], [ -76.685447, 40.5683 ], [ -76.688549, 40.568511 ], [ -76.69572, 40.568435 ], [ -76.69819, 40.569378 ], [ -76.698953, 40.569498 ], [ -76.701136, 40.569595 ], [ -76.704943, 40.569476 ], [ -76.710516, 40.570303 ], [ -76.711862, 40.56943 ], [ -76.713216, 40.56938 ], [ -76.714636, 40.566997 ], [ -76.716123, 40.562456 ] ] ] } },
{ "type": "Feature", "properties": { "GEOID": "4237640", "NAME": "Jacobus borough, Pennsylvania", "population": 1838.0 }, "geometry": { "type": "Polygon", "coordinates": [ [ [ -76.729587, 39.882903 ], [ -76.727438, 39.880249 ], [ -76.725221, 39.878601 ], [ -76.724577, 39.878227 ], [ -76.720823, 39.880292 ], [ -76.719366, 39.879638 ], [ -76.719668, 39.878553 ], [ -76.716482, 39.878649 ], [ -76.714725, 39.879048 ], [ -76.71378, 39.877811 ], [ -76.712837, 39.876443 ], [ -76.712174, 39.876444 ], [ -76.709509, 39.876952 ], [ -76.707781, 39.872637 ], [ -76.702201, 39.8769 ], [ -76.701019, 39.88378 ], [ -76.701972, 39.884097 ], [ -76.700685, 39.885999 ], [ -76.702155, 39.886027 ], [ -76.702994, 39.887591 ], [ -76.706754, 39.886992 ], [ -76.707212, 39.888451 ], [ -76.706623, 39.892395 ], [ -76.71145, 39.89157 ], [ -76.711193, 39.889964 ], [ -76.715063, 39.889938 ], [ -76.713943, 39.887263 ], [ -76.716934, 39.885763 ], [ -76.715923, 39.884888 ], [ -76.717429, 39.883819 ], [ -76.719814, 39.883659 ], [ -76.725867, 39.884874 ], [ -76.72767, 39.884491 ], [ -76.729587, 39.882903 ] ] ] } },
{ "type": "Feature", "properties": { "GEOID": "4215888", "NAME": "Conyngham borough, Pennsylvania", "population": 1837.0 }, "geometry": { "type": "Polygon", "coordinates": [ [ [ -76.077367, 40.990485 ], [ -76.070095, 40.991845 ], [ -76.070359, 40.992821 ], [ -76.068074, 40.993001 ], [ -76.066755, 40.991035 ], [ -76.064079, 40.989828 ], [ -76.061823, 40.988078 ], [ -76.064723, 40.987845 ], [ -76.062824, 40.985404 ], [ -76.060318, 40.983655 ], [ -76.05785, 40.984991 ], [ -76.05481, 40.98263 ], [ -76.05358, 40.982945 ], [ -76.042232, 40.985828 ], [ -76.053745, 40.994774 ], [ -76.061551, 41.000837 ], [ -76.069558, 40.994916 ], [ -76.071611, 40.997895 ], [ -76.073895, 40.997536 ], [ -76.07357, 40.996053 ], [ -76.078706, 40.99527 ], [ -76.077367, 40.990485 ] ] ] } },
{ "type": "Feature", "properties": { "GEOID": "4221712", "NAME": "East Pittsburgh borough, Pennsylvania", "population": 1835.0 }, "geometry": { "type": "Polygon", "coordinates": [ [ [ -79.846633, 40.393702 ], [ -79.844839, 40.39293 ], [ -79.838026, 40.390738 ], [ -79.837054, 40.391037 ], [ -79.836378, 40.39281 ], [ -79.836259, 40.393362 ], [ -79.831146, 40.397635 ], [ -79.830103, 40.399337 ], [ -79.830774, 40.399549 ], [ -79.833681, 40.400399 ], [ -79.833322, 40.405327 ], [ -79.837153, 40.402464 ], [ -79.837936, 40.401798 ], [ -79.837835, 40.40056 ], [ -79.8392, 40.399779 ], [ -79.840446, 40.399044 ], [ -79.84444, 40.397855 ], [ -79.846419, 40.393965 ], [ -79.846633, 40.393702 ] ] ] } },
{ "type": "Feature", "properties": { "GEOID": "4272080", "NAME": "South Connellsville borough, Pennsylvania", "population": 1835.0 }, "geometry": { "type": "Polygon", "coordinates": [ [ [ -79.595449, 40.000716 ], [ -79.594179, 39.993896 ], [ -79.592887, 39.989689 ], [ -79.589827, 39.986441 ], [ -79.586435, 39.986828 ], [ -79.5798, 39.98541 ], [ -79.573156, 39.983689 ], [ -79.568456, 39.984957 ], [ -79.565688, 39.989039 ], [ -79.56937, 39.995883 ], [ -79.568971, 39.996744 ], [ -79.570128, 39.999249 ], [ -79.568503, 40.002294 ], [ -79.571533, 40.004692 ], [ -79.574361, 40.003559 ], [ -79.57745, 40.00342 ], [ -79.57787, 40.00475 ], [ -79.581158, 40.008128 ], [ -79.58163, 40.008142 ], [ -79.581362, 40.003076 ], [ -79.58771, 40.00306 ], [ -79.594926, 40.002028 ], [ -79.595303, 40.001587 ], [ -79.595449, 40.000716 ] ] ] } },
{ "type": "Feature", "properties": { "GEOID": "4205504", "NAME": "Ben Avon borough, Pennsylvania", "population": 1824.0 }, "geometry": { "type": "Polygon", "coordinates": [ [ [ -80.089504, 40.5032 ], [ -80.087668, 40.502611 ], [ -80.081451, 40.501439 ], [ -80.077795, 40.500184 ], [ -80.075005, 40.498395 ], [ -80.074921, 40.501371 ], [ -80.075024, 40.50357 ], [ -80.075357, 40.508832 ], [ -80.078509, 40.510157 ], [ -80.077959, 40.510987 ], [ -80.080524, 40.51226 ], [ -80.081409, 40.511408 ], [ -80.08352, 40.510137 ], [ -80.087678, 40.510722 ], [ -80.088705, 40.509432 ], [ -80.088081, 40.506486 ], [ -80.087932, 40.505607 ], [ -80.089504, 40.5032 ] ] ] } },
{ "type": "Feature", "properties": { "GEOID": "4206240", "NAME": "Big Beaver borough, Pennsylvania", "population": 1822.0 }, "geometry": { "type": "Polygon", "coordinates": [ [ [ -80.40894, 40.799467 ], [ -80.382876, 40.797725 ], [ -80.383029, 40.795907 ], [ -80.381195, 40.793891 ], [ -80.38009, 40.793643 ], [ -80.373627, 40.793597 ], [ -80.370284, 40.794034 ], [ -80.366325, 40.793842 ], [ -80.364433, 40.794774 ], [ -80.359284, 40.793676 ], [ -80.357379, 40.792482 ], [ -80.352071, 40.791115 ], [ -80.349843, 40.791335 ], [ -80.345286, 40.789272 ], [ -80.339089, 40.787923 ], [ -80.335212, 40.7883 ], [ -80.333587, 40.789357 ], [ -80.332732, 40.789677 ], [ -80.329263, 40.790335 ], [ -80.331361, 40.794368 ], [ -80.331884, 40.796761 ], [ -80.330071, 40.799203 ], [ -80.324942, 40.802102 ], [ -80.323258, 40.803789 ], [ -80.318123, 40.811315 ], [ -80.315243, 40.817698 ], [ -80.313487, 40.820519 ], [ -80.311803, 40.825444 ], [ -80.311372, 40.828277 ], [ -80.312966, 40.833079 ], [ -80.312994, 40.832698 ], [ -80.320979, 40.832502 ], [ -80.320916, 40.826754 ], [ -80.326305, 40.826616 ], [ -80.32675, 40.831147 ], [ -80.327732, 40.834272 ], [ -80.328837, 40.840874 ], [ -80.327917, 40.840889 ], [ -80.327743, 40.838345 ], [ -80.323818, 40.838408 ], [ -80.323898, 40.841375 ], [ -80.324882, 40.843173 ], [ -80.31853, 40.843297 ], [ -80.322173, 40.845574 ], [ -80.324098, 40.847972 ], [ -80.324294, 40.849788 ], [ -80.322579, 40.853151 ], [ -80.365504, 40.852656 ], [ -80.395974, 40.852494 ], [ -80.407434, 40.852362 ], [ -80.408512, 40.852361 ], [ -80.40894, 40.799467 ] ], [ [ -80.408301, 40.835601 ], [ -80.400825, 40.83789 ], [ -80.396344, 40.836022 ], [ -80.397435, 40.833691 ], [ -80.395992, 40.833792 ], [ -80.39602, 40.82942 ], [ -80.395246, 40.829147 ], [ -80.394427, 40.82734 ], [ -80.399034, 40.828956 ], [ -80.401189, 40.832138 ], [ -80.406729, 40.831831 ], [ -80.408301, 40.835601 ] ], [ [ -80.333792, 40.816235 ], [ -80.329045, 40.816091 ], [ -80.32553, 40.816006 ], [ -80.325088, 40.814102 ], [ -80.326355, 40.809452 ], [ -80.333864, 40.811713 ], [ -80.333792, 40.816235 ] ] ] } },
{ "type": "Feature", "properties": { "GEOID": "4254776", "NAME": "North Belle Vernon borough, Pennsylvania", "population": 1817.0 }, "geometry": { "type": "Polygon", "coordinates": [ [ [ -79.874993, 40.129409 ], [ -79.870405, 40.129195 ], [ -79.86937, 40.12814 ], [ -79.858119, 40.128135 ], [ -79.857885, 40.128224 ], [ -79.85609, 40.131665 ], [ -79.856565, 40.132782 ], [ -79.859112, 40.137224 ], [ -79.859597, 40.137965 ], [ -79.86304, 40.137886 ], [ -79.864816, 40.133842 ], [ -79.868202, 40.133919 ], [ -79.869963, 40.135036 ], [ -79.871802, 40.133503 ], [ -79.871629, 40.132102 ], [ -79.874993, 40.129409 ] ] ] } },
{ "type": "Feature", "properties": { "GEOID": "4222016", "NAME": "East Washington borough, Pennsylvania", "population": 1814.0 }, "geometry": { "type": "Polygon", "coordinates": [ [ [ -80.240726, 40.172213 ], [ -80.237788, 40.172074 ], [ -80.236553, 40.168087 ], [ -80.233742, 40.16667 ], [ -80.230021, 40.172039 ], [ -80.228715, 40.172033 ], [ -80.227229, 40.174834 ], [ -80.223328, 40.175422 ], [ -80.22425, 40.178126 ], [ -80.225824, 40.178552 ], [ -80.226022, 40.179162 ], [ -80.223925, 40.179925 ], [ -80.227988, 40.180808 ], [ -80.232455, 40.177622 ], [ -80.235695, 40.179329 ], [ -80.237632, 40.175457 ], [ -80.241411, 40.174691 ], [ -80.240726, 40.172213 ] ] ] } },
{ "type": "Feature", "properties": { "GEOID": "4247872", "NAME": "Martinsburg borough, Pennsylvania", "population": 1811.0 }, "geometry": { "type": "Polygon", "coordinates": [ [ [ -78.33335, 40.312499 ], [ -78.32766, 40.309796 ], [ -78.328799, 40.308234 ], [ -78.327721, 40.307117 ], [ -78.328894, 40.305213 ], [ -78.330357, 40.302491 ], [ -78.32763, 40.3 ], [ -78.324559, 40.306561 ], [ -78.318591, 40.303664 ], [ -78.316621, 40.309161 ], [ -78.313602, 40.31468 ], [ -78.314713, 40.314883 ], [ -78.315501, 40.313106 ], [ -78.319008, 40.314057 ], [ -78.320875, 40.313628 ], [ -78.323135, 40.314309 ], [ -78.3215, 40.31763 ], [ -78.327069, 40.320131 ], [ -78.330137, 40.31523 ], [ -78.331766, 40.316438 ], [ -78.332939, 40.315878 ], [ -78.33335, 40.312499 ] ] ] } },
{ "type": "Feature", "properties": { "GEOID": "4262128", "NAME": "Port Carbon borough, Pennsylvania", "population": 1806.0 }, "geometry": { "type": "Polygon", "coordinates": [ [ [ -76.178952, 40.686288 ], [ -76.172722, 40.688866 ], [ -76.170208, 40.690648 ], [ -76.160909, 40.693845 ], [ -76.155152, 40.696267 ], [ -76.15549, 40.697069 ], [ -76.158531, 40.704968 ], [ -76.163801, 40.704302 ], [ -76.173362, 40.699389 ], [ -76.178215, 40.696919 ], [ -76.176993, 40.695494 ], [ -76.173772, 40.693257 ], [ -76.178952, 40.686288 ] ] ] } },
{ "type": "Feature", "properties": { "GEOID": "4207560", "NAME": "Bonneauville borough, Pennsylvania", "population": 1802.0 }, "geometry": { "type": "Polygon", "coordinates": [ [ [ -77.152732, 39.815 ], [ -77.147619, 39.813996 ], [ -77.145584, 39.812996 ], [ -77.1457, 39.810772 ], [ -77.147736, 39.808013 ], [ -77.14419, 39.805989 ], [ -77.141991, 39.805687 ], [ -77.141703, 39.806357 ], [ -77.139014, 39.805683 ], [ -77.136993, 39.803321 ], [ -77.134369, 39.805275 ], [ -77.132842, 39.804513 ], [ -77.128785, 39.800469 ], [ -77.125821, 39.803208 ], [ -77.126817, 39.803827 ], [ -77.122542, 39.808222 ], [ -77.124088, 39.809074 ], [ -77.127261, 39.809845 ], [ -77.125087, 39.81151 ], [ -77.132352, 39.818214 ], [ -77.134946, 39.817905 ], [ -77.136581, 39.81509 ], [ -77.138265, 39.815513 ], [ -77.138332, 39.814908 ], [ -77.139499, 39.815153 ], [ -77.141606, 39.813227 ], [ -77.142358, 39.81329 ], [ -77.140148, 39.815595 ], [ -77.145338, 39.818818 ], [ -77.14945, 39.817163 ], [ -77.152732, 39.815 ] ] ] } },
{ "type": "Feature", "properties": { "GEOID": "4224536", "NAME": "Fairchance borough, Pennsylvania", "population": 1787.0 }, "geometry": { "type": "Polygon", "coordinates": [ [ [ -79.7635, 39.821296 ], [ -79.7622, 39.813596 ], [ -79.762865, 39.81164 ], [ -79.761707, 39.811442 ], [ -79.760493, 39.811298 ], [ -79.759297, 39.813117 ], [ -79.756724, 39.813266 ], [ -79.75152, 39.81865 ], [ -79.745679, 39.822164 ], [ -79.744656, 39.821283 ], [ -79.742466, 39.823024 ], [ -79.744322, 39.823008 ], [ -79.745973, 39.823903 ], [ -79.7447, 39.82508 ], [ -79.739811, 39.826887 ], [ -79.740628, 39.827918 ], [ -79.74445, 39.830252 ], [ -79.754232, 39.837752 ], [ -79.761249, 39.831055 ], [ -79.761298, 39.827176 ], [ -79.762532, 39.822021 ], [ -79.7635, 39.821296 ] ] ] } },
{ "type": "Feature", "properties": { "GEOID": "4236944", "NAME": "Industry borough, Pennsylvania", "population": 1783.0 }, "geometry": { "type": "Polygon", "coordinates": [ [ [ -80.454367, 40.66377 ], [ -80.448561, 40.665544 ], [ -80.446096, 40.663467 ], [ -80.447237, 40.660335 ], [ -80.444426, 40.656638 ], [ -80.443363, 40.654331 ], [ -80.442317, 40.654787 ], [ -80.441319, 40.653138 ], [ -80.439732, 40.652546 ], [ -80.440195, 40.651733 ], [ -80.441745, 40.652765 ], [ -80.446744, 40.650383 ], [ -80.448213, 40.650322 ], [ -80.450867, 40.64369 ], [ -80.441613, 40.642093 ], [ -80.44071, 40.64217 ], [ -80.442341, 40.637394 ], [ -80.440758, 40.636764 ], [ -80.442435, 40.630771 ], [ -80.444495, 40.623769 ], [ -80.439961, 40.624451 ], [ -80.434141, 40.626388 ], [ -80.42954, 40.628836 ], [ -80.427902, 40.63002 ], [ -80.424834, 40.633443 ], [ -80.422151, 40.636019 ], [ -80.417383, 40.63981 ], [ -80.40883, 40.644283 ], [ -80.404242, 40.646081 ], [ -80.393578, 40.648353 ], [ -80.389258, 40.649537 ], [ -80.386634, 40.650241 ], [ -80.375626, 40.651313 ], [ -80.37433, 40.651201 ], [ -80.369706, 40.652337 ], [ -80.366569, 40.653809 ], [ -80.360377, 40.657713 ], [ -80.352637, 40.664428 ], [ -80.343981, 40.671304 ], [ -80.347008, 40.673312 ], [ -80.346265, 40.674146 ], [ -80.360506, 40.673571 ], [ -80.365317, 40.672601 ], [ -80.36537, 40.675833 ], [ -80.36646, 40.677025 ], [ -80.37868, 40.676747 ], [ -80.378963, 40.668061 ], [ -80.401378, 40.66755 ], [ -80.40145, 40.668645 ], [ -80.40833, 40.66862 ], [ -80.408394, 40.670234 ], [ -80.413122, 40.670223 ], [ -80.41356, 40.676305 ], [ -80.417353, 40.676218 ], [ -80.417593, 40.683123 ], [ -80.433743, 40.682859 ], [ -80.434174, 40.68475 ], [ -80.440675, 40.684746 ], [ -80.440446, 40.683389 ], [ -80.44601, 40.683026 ], [ -80.450655, 40.68271 ], [ -80.450704, 40.68351 ], [ -80.454896, 40.682678 ], [ -80.451675, 40.680049 ], [ -80.452336, 40.681242 ], [ -80.450126, 40.678791 ], [ -80.447826, 40.67473 ], [ -80.448289, 40.672491 ], [ -80.452882, 40.67415 ], [ -80.453832, 40.67048 ], [ -80.455648, 40.668016 ], [ -80.454367, 40.66377 ] ] ] } },
{ "type": "Feature", "properties": { "GEOID": "4223600", "NAME": "Emporium borough, Pennsylvania", "population": 1781.0 }, "geometry": { "type": "Polygon", "coordinates": [ [ [ -78.248583, 41.503417 ], [ -78.240994, 41.506498 ], [ -78.241059, 41.508204 ], [ -78.234813, 41.508109 ], [ -78.230192, 41.507749 ], [ -78.224322, 41.505622 ], [ -78.223606, 41.505002 ], [ -78.221986, 41.506386 ], [ -78.221555, 41.508283 ], [ -78.220776, 41.509404 ], [ -78.22017, 41.509816 ], [ -78.220332, 41.511072 ], [ -78.219751, 41.512582 ], [ -78.228617, 41.513325 ], [ -78.232412, 41.514121 ], [ -78.235881, 41.514077 ], [ -78.245562, 41.514949 ], [ -78.248052, 41.51606 ], [ -78.248606, 41.515692 ], [ -78.247724, 41.515083 ], [ -78.250416, 41.515275 ], [ -78.249097, 41.512449 ], [ -78.24527, 41.509554 ], [ -78.251923, 41.506231 ], [ -78.248583, 41.503417 ] ] ] } },
{ "type": "Feature", "properties": { "GEOID": "4283200", "NAME": "West Homestead borough, Pennsylvania", "population": 1778.0 }, "geometry": { "type": "Polygon", "coordinates": [ [ [ -79.932971, 40.397317 ], [ -79.932357, 40.391499 ], [ -79.929619, 40.389731 ], [ -79.918244, 40.399306 ], [ -79.9164, 40.398784 ], [ -79.913306, 40.396972 ], [ -79.916912, 40.393921 ], [ -79.9149, 40.39339 ], [ -79.918466, 40.388475 ], [ -79.917866, 40.388033 ], [ -79.913464, 40.390137 ], [ -79.91059, 40.389592 ], [ -79.908808, 40.387596 ], [ -79.907867, 40.38809 ], [ -79.905311, 40.393161 ], [ -79.902984, 40.394885 ], [ -79.907416, 40.396847 ], [ -79.907373, 40.399583 ], [ -79.90776, 40.399039 ], [ -79.908768, 40.399853 ], [ -79.911461, 40.398917 ], [ -79.915592, 40.40095 ], [ -79.911643, 40.403093 ], [ -79.913335, 40.405245 ], [ -79.9196, 40.409766 ], [ -79.921112, 40.408298 ], [ -79.927225, 40.400926 ], [ -79.929157, 40.399256 ], [ -79.933008, 40.397631 ], [ -79.932971, 40.397317 ] ] ] } },
{ "type": "Feature", "properties": { "GEOID": "4272072", "NAME": "South Coatesville borough, Pennsylvania", "population": 1773.0 }, "geometry": { "type": "Polygon", "coordinates": [ [ [ -75.833498, 39.959518 ], [ -75.825886, 39.962977 ], [ -75.82122, 39.958549 ], [ -75.819626, 39.957534 ], [ -75.819565, 39.95463 ], [ -75.817382, 39.955225 ], [ -75.812022, 39.955366 ], [ -75.812237, 39.961302 ], [ -75.810584, 39.961214 ], [ -75.811558, 39.964361 ], [ -75.808844, 39.965945 ], [ -75.803425, 39.966885 ], [ -75.802567, 39.964357 ], [ -75.800766, 39.964275 ], [ -75.799935, 39.965709 ], [ -75.797496, 39.97996 ], [ -75.797714, 39.981157 ], [ -75.797819, 39.98174 ], [ -75.810831, 39.97867 ], [ -75.822674, 39.975839 ], [ -75.825705, 39.975153 ], [ -75.822761, 39.969342 ], [ -75.826669, 39.966995 ], [ -75.831155, 39.965561 ], [ -75.829943, 39.963373 ], [ -75.835362, 39.961316 ], [ -75.833498, 39.959518 ] ] ] } },
{ "type": "Feature", "properties": { "GEOID": "4223152", "NAME": "Elkland borough, Pennsylvania", "population": 1772.0 }, "geometry": { "type": "Polygon", "coordinates": [ [ [ -77.329894, 41.975521 ], [ -77.313631, 41.975893 ], [ -77.310232, 41.975968 ], [ -77.304923, 41.97604 ], [ -77.305174, 41.985911 ], [ -77.302387, 41.987269 ], [ -77.296747, 41.99162 ], [ -77.291255, 41.991215 ], [ -77.2911746, 41.9996902 ], [ -77.3162555, 41.9997347 ], [ -77.3162681, 41.9997347 ], [ -77.3300485, 41.9997592 ], [ -77.329894, 41.975521 ] ] ] } },
{ "type": "Feature", "properties": { "GEOID": "4248176", "NAME": "Mayfield borough, Pennsylvania", "population": 1749.0 }, "geometry": { "type": "Polygon", "coordinates": [ [ [ -75.552021, 41.533311 ], [ -75.551375, 41.534686 ], [ -75.549232, 41.534164 ], [ -75.547172, 41.536405 ], [ -75.544198, 41.535081 ], [ -75.543508, 41.535956 ], [ -75.542756, 41.535528 ], [ -75.534969, 41.529644 ], [ -75.534847, 41.528928 ], [ -75.501526, 41.531646 ], [ -75.52898, 41.549376 ], [ -75.53707, 41.554611 ], [ -75.557627, 41.536751 ], [ -75.552021, 41.533311 ] ] ] } },
{ "type": "Feature", "properties": { "GEOID": "4205384", "NAME": "Bellwood borough, Pennsylvania", "population": 1748.0 }, "geometry": { "type": "Polygon", "coordinates": [ [ [ -78.34318, 40.604903 ], [ -78.338765, 40.603197 ], [ -78.337151, 40.601425 ], [ -78.338073, 40.601911 ], [ -78.339093, 40.600678 ], [ -78.337695, 40.599906 ], [ -78.336273, 40.599437 ], [ -78.335309, 40.598709 ], [ -78.33785, 40.595457 ], [ -78.338157, 40.594971 ], [ -78.33617, 40.595219 ], [ -78.333017, 40.593884 ], [ -78.332004, 40.595587 ], [ -78.328508, 40.594191 ], [ -78.323296, 40.59372 ], [ -78.321403, 40.596653 ], [ -78.322869, 40.597313 ], [ -78.324742, 40.596812 ], [ -78.325177, 40.595607 ], [ -78.326817, 40.596243 ], [ -78.327347, 40.595392 ], [ -78.328908, 40.596357 ], [ -78.328057, 40.597622 ], [ -78.329045, 40.598827 ], [ -78.326026, 40.602287 ], [ -78.327437, 40.603 ], [ -78.328115, 40.602211 ], [ -78.331035, 40.603664 ], [ -78.334454, 40.605361 ], [ -78.332312, 40.607074 ], [ -78.332657, 40.608934 ], [ -78.33539, 40.605817 ], [ -78.339734, 40.607999 ], [ -78.342699, 40.607411 ], [ -78.34318, 40.604903 ] ] ] } },
{ "type": "Feature", "properties": { "GEOID": "4226560", "NAME": "Forest City borough, Pennsylvania", "population": 1741.0 }, "geometry": { "type": "Polygon", "coordinates": [ [ [ -75.475239, 41.650914 ], [ -75.474901, 41.641696 ], [ -75.469259, 41.64141 ], [ -75.462411, 41.641587 ], [ -75.462238, 41.641583 ], [ -75.462799, 41.650261 ], [ -75.46362, 41.662962 ], [ -75.475668, 41.662765 ], [ -75.475239, 41.650914 ] ] ] } },
{ "type": "Feature", "properties": { "GEOID": "4224304", "NAME": "Everett borough, Pennsylvania", "population": 1732.0 }, "geometry": { "type": "Polygon", "coordinates": [ [ [ -78.385649, 40.009167 ], [ -78.383474, 40.007124 ], [ -78.381865, 40.006545 ], [ -78.378773, 40.007742 ], [ -78.373204, 40.008025 ], [ -78.369556, 40.010166 ], [ -78.367588, 40.010859 ], [ -78.364666, 40.00894 ], [ -78.360416, 40.007388 ], [ -78.356846, 40.008303 ], [ -78.351529, 40.006773 ], [ -78.349843, 40.006056 ], [ -78.34798, 40.006537 ], [ -78.347051, 40.010451 ], [ -78.348674, 40.012965 ], [ -78.353465, 40.015635 ], [ -78.353493, 40.018351 ], [ -78.354158, 40.018891 ], [ -78.356434, 40.017552 ], [ -78.360224, 40.013043 ], [ -78.362217, 40.011827 ], [ -78.362638, 40.013313 ], [ -78.365524, 40.012709 ], [ -78.367639, 40.013151 ], [ -78.36837, 40.01582 ], [ -78.370308, 40.015308 ], [ -78.373546, 40.016043 ], [ -78.373698, 40.0175 ], [ -78.371968, 40.026305 ], [ -78.372214, 40.027507 ], [ -78.374916, 40.026849 ], [ -78.376945, 40.027043 ], [ -78.376532, 40.025538 ], [ -78.378651, 40.016834 ], [ -78.378675, 40.014619 ], [ -78.377353, 40.014296 ], [ -78.380645, 40.011746 ], [ -78.385043, 40.010312 ], [ -78.385649, 40.009167 ] ] ] } },
{ "type": "Feature", "properties": { "GEOID": "4277784", "NAME": "Tunkhannock borough, Pennsylvania", "population": 1718.0 }, "geometry": { "type": "Polygon", "coordinates": [ [ [ -75.96359, 41.535195 ], [ -75.960541, 41.534323 ], [ -75.951593, 41.534959 ], [ -75.946845, 41.534722 ], [ -75.946296, 41.53637 ], [ -75.944368, 41.537349 ], [ -75.935406, 41.537208 ], [ -75.935437, 41.537615 ], [ -75.935776, 41.542079 ], [ -75.941006, 41.542429 ], [ -75.937083, 41.549543 ], [ -75.939722, 41.549382 ], [ -75.941357, 41.548781 ], [ -75.947869, 41.550697 ], [ -75.951965, 41.543702 ], [ -75.956565, 41.544501 ], [ -75.958903, 41.542366 ], [ -75.962966, 41.536147 ], [ -75.96359, 41.535195 ] ] ] } },
{ "type": "Feature", "properties": { "GEOID": "4235408", "NAME": "Homer City borough, Pennsylvania", "population": 1708.0 }, "geometry": { "type": "Polygon", "coordinates": [ [ [ -79.166085, 40.533042 ], [ -79.163842, 40.533624 ], [ -79.160771, 40.534531 ], [ -79.152646, 40.535742 ], [ -79.152098, 40.536876 ], [ -79.155657, 40.539345 ], [ -79.15505, 40.543132 ], [ -79.14982, 40.540699 ], [ -79.148441, 40.542191 ], [ -79.154504, 40.545423 ], [ -79.159764, 40.547528 ], [ -79.16064, 40.547359 ], [ -79.162057, 40.546238 ], [ -79.162635, 40.545961 ], [ -79.166008, 40.543077 ], [ -79.167106, 40.542596 ], [ -79.166085, 40.533042 ] ] ] } },
{ "type": "Feature", "properties": { "GEOID": "4285496", "NAME": "Wilmerding borough, Pennsylvania", "population": 1700.0 }, "geometry": { "type": "Polygon", "coordinates": [ [ [ -79.817345, 40.399808 ], [ -79.815774, 40.396763 ], [ -79.813108, 40.395228 ], [ -79.814404, 40.39292 ], [ -79.814064, 40.389514 ], [ -79.811517, 40.386687 ], [ -79.802594, 40.391419 ], [ -79.803643, 40.392604 ], [ -79.804752, 40.393572 ], [ -79.804977, 40.393677 ], [ -79.804549, 40.394223 ], [ -79.801448, 40.394117 ], [ -79.801488, 40.395131 ], [ -79.804533, 40.396796 ], [ -79.804364, 40.398431 ], [ -79.805433, 40.398631 ], [ -79.806452, 40.396805 ], [ -79.80917, 40.397036 ], [ -79.813606, 40.401038 ], [ -79.814993, 40.401185 ], [ -79.816976, 40.402347 ], [ -79.818682, 40.400457 ], [ -79.817345, 40.399808 ] ] ] } },
{ "type": "Feature", "properties": { "GEOID": "4277392", "NAME": "Tremont borough, Pennsylvania", "population": 1696.0 }, "geometry": { "type": "Polygon", "coordinates": [ [ [ -76.399022, 40.623018 ], [ -76.387335, 40.625858 ], [ -76.378671, 40.627963 ], [ -76.386889, 40.637985 ], [ -76.397589, 40.63405 ], [ -76.398032, 40.633887 ], [ -76.398592, 40.633679 ], [ -76.401713, 40.632508 ], [ -76.399022, 40.623018 ] ] ] } },
{ "type": "Feature", "properties": { "GEOID": "4211160", "NAME": "Canton borough, Pennsylvania", "population": 1682.0 }, "geometry": { "type": "Polygon", "coordinates": [ [ [ -76.861478, 41.65432 ], [ -76.860792, 41.648947 ], [ -76.859944, 41.646342 ], [ -76.846575, 41.647138 ], [ -76.846896, 41.650592 ], [ -76.845792, 41.651943 ], [ -76.842837, 41.652128 ], [ -76.841235, 41.652945 ], [ -76.84174, 41.657112 ], [ -76.841815, 41.658252 ], [ -76.839201, 41.658666 ], [ -76.839317, 41.661188 ], [ -76.841633, 41.66091 ], [ -76.843729, 41.659371 ], [ -76.846645, 41.658011 ], [ -76.847573, 41.663651 ], [ -76.852081, 41.663913 ], [ -76.852954, 41.664335 ], [ -76.852173, 41.669113 ], [ -76.858718, 41.669321 ], [ -76.86142, 41.659989 ], [ -76.861478, 41.65432 ] ] ] } },
{ "type": "Feature", "properties": { "GEOID": "4227784", "NAME": "Freeport borough, Pennsylvania", "population": 1672.0 }, "geometry": { "type": "Polygon", "coordinates": [ [ [ -79.69293, 40.669744 ], [ -79.686629, 40.671088 ], [ -79.680146, 40.671944 ], [ -79.677802, 40.672932 ], [ -79.672656, 40.677273 ], [ -79.67379, 40.677244 ], [ -79.675411, 40.676693 ], [ -79.676827, 40.677007 ], [ -79.681116, 40.678098 ], [ -79.681987, 40.679379 ], [ -79.679927, 40.681666 ], [ -79.67647, 40.681573 ], [ -79.676912, 40.684736 ], [ -79.674955, 40.685821 ], [ -79.673378, 40.688024 ], [ -79.673587, 40.690114 ], [ -79.673243, 40.69433 ], [ -79.678528, 40.695641 ], [ -79.677986, 40.697274 ], [ -79.67968, 40.697705 ], [ -79.680909, 40.696919 ], [ -79.682832, 40.697049 ], [ -79.682701, 40.693402 ], [ -79.682128, 40.692425 ], [ -79.68344, 40.690424 ], [ -79.690547, 40.690152 ], [ -79.692535, 40.688854 ], [ -79.692794, 40.674604 ], [ -79.692515, 40.673627 ], [ -79.69293, 40.669744 ] ] ] } },
{ "type": "Feature", "properties": { "GEOID": "4224248", "NAME": "Evans City borough, Pennsylvania", "population": 1670.0 }, "geometry": { "type": "Polygon", "coordinates": [ [ [ -80.071463, 40.766576 ], [ -80.069027, 40.766588 ], [ -80.068077, 40.763504 ], [ -80.067132, 40.766411 ], [ -80.061856, 40.766626 ], [ -80.061829, 40.764093 ], [ -80.060339, 40.764074 ], [ -80.056208, 40.764023 ], [ -80.052861, 40.760224 ], [ -80.050354, 40.760726 ], [ -80.050086, 40.762781 ], [ -80.044654, 40.766137 ], [ -80.044194, 40.766871 ], [ -80.048077, 40.771236 ], [ -80.049988, 40.77059 ], [ -80.055453, 40.771732 ], [ -80.055477, 40.773236 ], [ -80.055499, 40.774639 ], [ -80.06091, 40.774534 ], [ -80.066981, 40.774626 ], [ -80.067159, 40.773292 ], [ -80.071401, 40.773313 ], [ -80.071463, 40.766576 ] ] ] } },
{ "type": "Feature", "properties": { "GEOID": "4238400", "NAME": "Jonestown borough, Pennsylvania", "population": 1666.0 }, "geometry": { "type": "Polygon", "coordinates": [ [ [ -76.489471, 40.414833 ], [ -76.487086, 40.412446 ], [ -76.48474, 40.407397 ], [ -76.48626, 40.404983 ], [ -76.485648, 40.403804 ], [ -76.479312, 40.407257 ], [ -76.471874, 40.408135 ], [ -76.472698, 40.408573 ], [ -76.473156, 40.413154 ], [ -76.473744, 40.414133 ], [ -76.474613, 40.415336 ], [ -76.476454, 40.420721 ], [ -76.482806, 40.418855 ], [ -76.486375, 40.418561 ], [ -76.489448, 40.416064 ], [ -76.489471, 40.414833 ] ] ] } },
{ "type": "Feature", "properties": { "GEOID": "4270384", "NAME": "Shiremanstown borough, Pennsylvania", "population": 1657.0 }, "geometry": { "type": "Polygon", "coordinates": [ [ [ -76.96499, 40.220929 ], [ -76.964531, 40.217723 ], [ -76.959101, 40.219962 ], [ -76.95648, 40.221043 ], [ -76.955288, 40.220139 ], [ -76.952016, 40.221044 ], [ -76.950492, 40.219977 ], [ -76.945939, 40.221949 ], [ -76.945736, 40.223204 ], [ -76.946913, 40.224694 ], [ -76.94868, 40.226266 ], [ -76.949607, 40.225982 ], [ -76.956083, 40.224647 ], [ -76.965248, 40.222729 ], [ -76.96499, 40.220929 ] ] ] } },
{ "type": "Feature", "properties": { "GEOID": "4258432", "NAME": "Patton borough, Pennsylvania", "population": 1656.0 }, "geometry": { "type": "Polygon", "coordinates": [ [ [ -78.662422, 40.629734 ], [ -78.660886, 40.629776 ], [ -78.657875, 40.632534 ], [ -78.654567, 40.630238 ], [ -78.655291, 40.62513 ], [ -78.651342, 40.624833 ], [ -78.653746, 40.622384 ], [ -78.648095, 40.619357 ], [ -78.646519, 40.619806 ], [ -78.64614, 40.624084 ], [ -78.648656, 40.623452 ], [ -78.648399, 40.627453 ], [ -78.644169, 40.62748 ], [ -78.644105, 40.632845 ], [ -78.643959, 40.632842 ], [ -78.640812, 40.632804 ], [ -78.637494, 40.633318 ], [ -78.637067, 40.634496 ], [ -78.639213, 40.635043 ], [ -78.640314, 40.635029 ], [ -78.640313, 40.63641 ], [ -78.64029, 40.637794 ], [ -78.640284, 40.638102 ], [ -78.64038, 40.639623 ], [ -78.644128, 40.639707 ], [ -78.648965, 40.639009 ], [ -78.651677, 40.641892 ], [ -78.65164, 40.642108 ], [ -78.659089, 40.637216 ], [ -78.659276, 40.634799 ], [ -78.658328, 40.634044 ], [ -78.661986, 40.631446 ], [ -78.662422, 40.629734 ] ] ] } },
{ "type": "Feature", "properties": { "GEOID": "4208008", "NAME": "Braddock Hills borough, Pennsylvania", "population": 1650.0 }, "geometry": { "type": "Polygon", "coordinates": [ [ [ -79.875826, 40.428079 ], [ -79.873517, 40.422841 ], [ -79.873995, 40.420692 ], [ -79.872794, 40.418578 ], [ -79.871983, 40.416683 ], [ -79.869512, 40.416183 ], [ -79.86769, 40.415125 ], [ -79.869512, 40.414043 ], [ -79.864517, 40.411392 ], [ -79.86094, 40.411745 ], [ -79.86055, 40.409023 ], [ -79.858801, 40.409021 ], [ -79.852959, 40.408972 ], [ -79.851813, 40.40981 ], [ -79.849042, 40.411725 ], [ -79.849896, 40.415543 ], [ -79.850594, 40.415774 ], [ -79.851126, 40.416085 ], [ -79.852614, 40.416783 ], [ -79.852382, 40.417125 ], [ -79.851519, 40.418367 ], [ -79.858203, 40.421105 ], [ -79.859701, 40.420722 ], [ -79.861456, 40.421608 ], [ -79.863879, 40.422419 ], [ -79.865089, 40.422642 ], [ -79.867706, 40.423346 ], [ -79.869307, 40.425527 ], [ -79.872347, 40.426906 ], [ -79.871047, 40.427586 ], [ -79.87046, 40.429936 ], [ -79.871094, 40.432052 ], [ -79.868845, 40.432211 ], [ -79.872194, 40.43375 ], [ -79.873685, 40.430849 ], [ -79.874764, 40.429374 ], [ -79.875826, 40.428079 ] ] ] } },
{ "type": "Feature", "properties": { "GEOID": "4207992", "NAME": "Braddock borough, Pennsylvania", "population": 1647.0 }, "geometry": { "type": "Polygon", "coordinates": [ [ [ -79.87674, 40.402196 ], [ -79.87285, 40.398245 ], [ -79.868994, 40.395133 ], [ -79.864108, 40.392268 ], [ -79.858768, 40.398358 ], [ -79.864495, 40.402435 ], [ -79.865198, 40.403558 ], [ -79.865408, 40.404975 ], [ -79.865447, 40.406872 ], [ -79.8661, 40.407889 ], [ -79.871335, 40.411718 ], [ -79.873675, 40.408782 ], [ -79.874608, 40.407535 ], [ -79.875418, 40.406963 ], [ -79.879436, 40.404232 ], [ -79.87674, 40.402196 ] ] ] } },
{ "type": "Feature", "properties": { "GEOID": "4287224", "NAME": "Youngsville borough, Pennsylvania", "population": 1639.0 }, "geometry": { "type": "Polygon", "coordinates": [ [ [ -79.329026, 41.848133 ], [ -79.328931, 41.842815 ], [ -79.323533, 41.848164 ], [ -79.307016, 41.841981 ], [ -79.303408, 41.8475 ], [ -79.303089, 41.84797 ], [ -79.301865, 41.852236 ], [ -79.305594, 41.854706 ], [ -79.310395, 41.856617 ], [ -79.31037, 41.861104 ], [ -79.324879, 41.861181 ], [ -79.329021, 41.861204 ], [ -79.329026, 41.848133 ] ] ] } },
{ "type": "Feature", "properties": { "GEOID": "4258504", "NAME": "Paxtang borough, Pennsylvania", "population": 1632.0 }, "geometry": { "type": "Polygon", "coordinates": [ [ [ -76.840424, 40.262779 ], [ -76.839638, 40.258495 ], [ -76.835994, 40.258303 ], [ -76.825847, 40.256851 ], [ -76.823509, 40.257801 ], [ -76.827246, 40.258653 ], [ -76.828795, 40.2626 ], [ -76.830397, 40.266836 ], [ -76.836867, 40.267318 ], [ -76.841401, 40.267762 ], [ -76.840424, 40.262779 ] ] ] } },
{ "type": "Feature", "properties": { "GEOID": "4269616", "NAME": "Shamokin Dam borough, Pennsylvania", "population": 1623.0 }, "geometry": { "type": "Polygon", "coordinates": [ [ [ -76.834201, 40.855114 ], [ -76.830008, 40.851756 ], [ -76.828055, 40.84844 ], [ -76.827192, 40.847808 ], [ -76.83057, 40.844479 ], [ -76.832184, 40.842865 ], [ -76.82932, 40.840288 ], [ -76.827203, 40.838702 ], [ -76.824039, 40.836804 ], [ -76.818026, 40.843293 ], [ -76.813022, 40.847058 ], [ -76.811925, 40.849882 ], [ -76.812091, 40.849999 ], [ -76.811489, 40.851391 ], [ -76.811419, 40.85181 ], [ -76.811374, 40.856637 ], [ -76.812311, 40.858558 ], [ -76.813042, 40.86142 ], [ -76.815937, 40.869208 ], [ -76.823855, 40.867875 ], [ -76.827436, 40.866498 ], [ -76.839265, 40.860663 ], [ -76.834201, 40.855114 ] ] ] } },
{ "type": "Feature", "properties": { "GEOID": "4217152", "NAME": "Cressona borough, Pennsylvania", "population": 1622.0 }, "geometry": { "type": "Polygon", "coordinates": [ [ [ -76.208, 40.625528 ], [ -76.205142, 40.625966 ], [ -76.202384, 40.6276 ], [ -76.200871, 40.624936 ], [ -76.198773, 40.625598 ], [ -76.198291, 40.622154 ], [ -76.196004, 40.622287 ], [ -76.182554, 40.625242 ], [ -76.182991, 40.628464 ], [ -76.184471, 40.628057 ], [ -76.183901, 40.629315 ], [ -76.186014, 40.637352 ], [ -76.18892, 40.640527 ], [ -76.193136, 40.639405 ], [ -76.192989, 40.637885 ], [ -76.198209, 40.637201 ], [ -76.199302, 40.637526 ], [ -76.197749, 40.634492 ], [ -76.202356, 40.633404 ], [ -76.201465, 40.63173 ], [ -76.205525, 40.631068 ], [ -76.20501, 40.630125 ], [ -76.209708, 40.628738 ], [ -76.208, 40.625528 ] ] ] } },
{ "type": "Feature", "properties": { "GEOID": "4241392", "NAME": "Langhorne borough, Pennsylvania", "population": 1620.0 }, "geometry": { "type": "Polygon", "coordinates": [ [ [ -74.925415, 40.180833 ], [ -74.924961, 40.179419 ], [ -74.928215, 40.179041 ], [ -74.926257, 40.172641 ], [ -74.925711, 40.172809 ], [ -74.92195, 40.173663 ], [ -74.920828, 40.170679 ], [ -74.918695, 40.17123 ], [ -74.912901, 40.172719 ], [ -74.914807, 40.177226 ], [ -74.919189, 40.183227 ], [ -74.922296, 40.184255 ], [ -74.922894, 40.184454 ], [ -74.924123, 40.185542 ], [ -74.928814, 40.183819 ], [ -74.925415, 40.180833 ] ] ] } },
{ "type": "Feature", "properties": { "GEOID": "4222576", "NAME": "Edgeworth borough, Pennsylvania", "population": 1611.0 }, "geometry": { "type": "Polygon", "coordinates": [ [ [ -80.208755, 40.552632 ], [ -80.205039, 40.550998 ], [ -80.203859, 40.550181 ], [ -80.200814, 40.547423 ], [ -80.195247, 40.540459 ], [ -80.193304, 40.541445 ], [ -80.191594, 40.54246 ], [ -80.181513, 40.548595 ], [ -80.180552, 40.549151 ], [ -80.180655, 40.557234 ], [ -80.181519, 40.561768 ], [ -80.181012, 40.564613 ], [ -80.181422, 40.564372 ], [ -80.18651, 40.568902 ], [ -80.193159, 40.564917 ], [ -80.197729, 40.561659 ], [ -80.201018, 40.559428 ], [ -80.210117, 40.553327 ], [ -80.208755, 40.552632 ] ] ] } },
{ "type": "Feature", "properties": { "GEOID": "4266168", "NAME": "Roseto borough, Pennsylvania", "population": 1603.0 }, "geometry": { "type": "Polygon", "coordinates": [ [ [ -75.229998, 40.869469 ], [ -75.228345, 40.868343 ], [ -75.226608, 40.868609 ], [ -75.224765, 40.870313 ], [ -75.224052, 40.868785 ], [ -75.221318, 40.872793 ], [ -75.217526, 40.874194 ], [ -75.216502, 40.874391 ], [ -75.215321, 40.874531 ], [ -75.214258, 40.874755 ], [ -75.213488, 40.875189 ], [ -75.211133, 40.876341 ], [ -75.211994, 40.882011 ], [ -75.213689, 40.883358 ], [ -75.222933, 40.886242 ], [ -75.226909, 40.880256 ], [ -75.224691, 40.879907 ], [ -75.22388, 40.878836 ], [ -75.226915, 40.875926 ], [ -75.226209, 40.873915 ], [ -75.229997, 40.871017 ], [ -75.229998, 40.869469 ] ] ] } },
{ "type": "Feature", "properties": { "GEOID": "4259520", "NAME": "Perryopolis borough, Pennsylvania", "population": 1599.0 }, "geometry": { "type": "Polygon", "coordinates": [ [ [ -79.766285, 40.094527 ], [ -79.764021, 40.085617 ], [ -79.764077, 40.079476 ], [ -79.760591, 40.079441 ], [ -79.757776, 40.07778 ], [ -79.755839, 40.076749 ], [ -79.753362, 40.07906 ], [ -79.749657, 40.078227 ], [ -79.74938, 40.07921 ], [ -79.746847, 40.079586 ], [ -79.74261, 40.077049 ], [ -79.741521, 40.076871 ], [ -79.743231, 40.07974 ], [ -79.743122, 40.081302 ], [ -79.74043, 40.081587 ], [ -79.738054, 40.080932 ], [ -79.736785, 40.084501 ], [ -79.737904, 40.084955 ], [ -79.739791, 40.085859 ], [ -79.740284, 40.089158 ], [ -79.741722, 40.090503 ], [ -79.745913, 40.095889 ], [ -79.750604, 40.096152 ], [ -79.75566, 40.09479 ], [ -79.759946, 40.094012 ], [ -79.765884, 40.096786 ], [ -79.766285, 40.094527 ] ] ] } },
{ "type": "Feature", "properties": { "GEOID": "4213392", "NAME": "Cheswick borough, Pennsylvania", "population": 1594.0 }, "geometry": { "type": "Polygon", "coordinates": [ [ [ -79.807567, 40.540802 ], [ -79.807566, 40.537284 ], [ -79.805012, 40.537455 ], [ -79.794789, 40.535785 ], [ -79.794835, 40.540934 ], [ -79.795052, 40.545378 ], [ -79.795248, 40.547225 ], [ -79.798976, 40.549119 ], [ -79.807903, 40.548899 ], [ -79.807567, 40.540802 ] ] ] } },
{ "type": "Feature", "properties": { "GEOID": "4220792", "NAME": "East Berlin borough, Pennsylvania", "population": 1582.0 }, "geometry": { "type": "Polygon", "coordinates": [ [ [ -76.991068, 39.941809 ], [ -76.989968, 39.940115 ], [ -76.986077, 39.938188 ], [ -76.984604, 39.934951 ], [ -76.98479, 39.933149 ], [ -76.979676, 39.930645 ], [ -76.979035, 39.930193 ], [ -76.978685, 39.929593 ], [ -76.976202, 39.927566 ], [ -76.971805, 39.928523 ], [ -76.97106, 39.930955 ], [ -76.97258, 39.934023 ], [ -76.969691, 39.937333 ], [ -76.970985, 39.938643 ], [ -76.975945, 39.941885 ], [ -76.977794, 39.943116 ], [ -76.980467, 39.943652 ], [ -76.985303, 39.944143 ], [ -76.987258, 39.94397 ], [ -76.990876, 39.942743 ], [ -76.991068, 39.941809 ] ] ] } },
{ "type": "Feature", "properties": { "GEOID": "4250544", "NAME": "Mont Alto borough, Pennsylvania", "population": 1563.0 }, "geometry": { "type": "Polygon", "coordinates": [ [ [ -77.567521, 39.838135 ], [ -77.564965, 39.837079 ], [ -77.563701, 39.838767 ], [ -77.560109, 39.837 ], [ -77.547574, 39.835556 ], [ -77.545099, 39.838402 ], [ -77.54387, 39.838155 ], [ -77.541601, 39.840532 ], [ -77.542151, 39.84175 ], [ -77.544112, 39.842903 ], [ -77.544771, 39.840252 ], [ -77.549339, 39.84172 ], [ -77.549035, 39.842329 ], [ -77.552475, 39.842643 ], [ -77.557836, 39.844568 ], [ -77.559234, 39.846171 ], [ -77.559563, 39.848522 ], [ -77.561201, 39.846173 ], [ -77.566331, 39.842423 ], [ -77.564732, 39.839735 ], [ -77.566066, 39.840043 ], [ -77.567521, 39.838135 ] ] ] } },
{ "type": "Feature", "properties": { "GEOID": "4211736", "NAME": "Catawissa borough, Pennsylvania", "population": 1539.0 }, "geometry": { "type": "Polygon", "coordinates": [ [ [ -76.469372, 40.952633 ], [ -76.465732, 40.949565 ], [ -76.46084, 40.94667 ], [ -76.457861, 40.945535 ], [ -76.455563, 40.946017 ], [ -76.452269, 40.948362 ], [ -76.45889, 40.960303 ], [ -76.462082, 40.961902 ], [ -76.46476, 40.961949 ], [ -76.464979, 40.95772 ], [ -76.464894, 40.957339 ], [ -76.466846, 40.95311 ], [ -76.469372, 40.952633 ] ] ] } },
{ "type": "Feature", "properties": { "GEOID": "4250632", "NAME": "Montgomery borough, Pennsylvania", "population": 1538.0 }, "geometry": { "type": "Polygon", "coordinates": [ [ [ -76.877195, 41.163243 ], [ -76.874828, 41.164883 ], [ -76.870539, 41.166865 ], [ -76.868005, 41.168041 ], [ -76.869454, 41.170351 ], [ -76.867106, 41.171983 ], [ -76.861804, 41.174293 ], [ -76.862477, 41.175628 ], [ -76.859601, 41.176851 ], [ -76.860507, 41.178039 ], [ -76.866984, 41.176006 ], [ -76.873452, 41.174245 ], [ -76.876646, 41.1743 ], [ -76.886083, 41.172903 ], [ -76.877195, 41.163243 ] ] ] } },
{ "type": "Feature", "properties": { "GEOID": "4202720", "NAME": "Apollo borough, Pennsylvania", "population": 1537.0 }, "geometry": { "type": "Polygon", "coordinates": [ [ [ -79.570263, 40.582371 ], [ -79.568101, 40.57965 ], [ -79.567562, 40.57804 ], [ -79.566023, 40.578426 ], [ -79.563027, 40.579546 ], [ -79.564454, 40.581534 ], [ -79.564134, 40.582369 ], [ -79.561679, 40.583115 ], [ -79.557161, 40.583631 ], [ -79.557974, 40.585408 ], [ -79.558744, 40.585712 ], [ -79.558841, 40.587218 ], [ -79.558575, 40.588068 ], [ -79.564393, 40.590284 ], [ -79.567652, 40.589951 ], [ -79.570678, 40.584065 ], [ -79.570263, 40.582371 ] ] ] } },
{ "type": "Feature", "properties": { "GEOID": "4219856", "NAME": "Dravosburg borough, Pennsylvania", "population": 1536.0 }, "geometry": { "type": "Polygon", "coordinates": [ [ [ -79.906232, 40.352448 ], [ -79.897288, 40.346241 ], [ -79.895009, 40.344338 ], [ -79.895911, 40.341451 ], [ -79.893858, 40.339983 ], [ -79.891884, 40.33899 ], [ -79.888859, 40.341594 ], [ -79.885612, 40.345168 ], [ -79.881408, 40.351046 ], [ -79.880846, 40.351649 ], [ -79.878293, 40.353641 ], [ -79.876676, 40.354337 ], [ -79.87694, 40.355891 ], [ -79.87724, 40.357706 ], [ -79.884817, 40.357396 ], [ -79.885887, 40.359296 ], [ -79.894362, 40.357617 ], [ -79.898218, 40.356016 ], [ -79.899463, 40.356057 ], [ -79.902519, 40.352496 ], [ -79.906232, 40.352448 ] ] ] } },
{ "type": "Feature", "properties": { "GEOID": "4264560", "NAME": "Richland borough, Pennsylvania", "population": 1524.0 }, "geometry": { "type": "Polygon", "coordinates": [ [ [ -76.270065, 40.353178 ], [ -76.264111, 40.352131 ], [ -76.258499, 40.347612 ], [ -76.25276, 40.346849 ], [ -76.246454, 40.350126 ], [ -76.247567, 40.351368 ], [ -76.241528, 40.354412 ], [ -76.243535, 40.360898 ], [ -76.246347, 40.360855 ], [ -76.252245, 40.359999 ], [ -76.254504, 40.364606 ], [ -76.256802, 40.369292 ], [ -76.26197, 40.368317 ], [ -76.266626, 40.367437 ], [ -76.268738, 40.356981 ], [ -76.270065, 40.353178 ] ] ] } },
{ "type": "Feature", "properties": { "GEOID": "4213864", "NAME": "Clarks Green borough, Pennsylvania", "population": 1519.0 }, "geometry": { "type": "Polygon", "coordinates": [ [ [ -75.702944, 41.50379 ], [ -75.699862, 41.500667 ], [ -75.700985, 41.498649 ], [ -75.698939, 41.496606 ], [ -75.698712, 41.494217 ], [ -75.69856, 41.494665 ], [ -75.694093, 41.492398 ], [ -75.692883, 41.492896 ], [ -75.691923, 41.491217 ], [ -75.690013, 41.493078 ], [ -75.692151, 41.496852 ], [ -75.69182, 41.496861 ], [ -75.690166, 41.500021 ], [ -75.688672, 41.499822 ], [ -75.688964, 41.502835 ], [ -75.690385, 41.505121 ], [ -75.688351, 41.505028 ], [ -75.688633, 41.506416 ], [ -75.6946, 41.507813 ], [ -75.69907, 41.507584 ], [ -75.699138, 41.506691 ], [ -75.703458, 41.50477 ], [ -75.702944, 41.50379 ] ] ] } },
{ "type": "Feature", "properties": { "GEOID": "4252984", "NAME": "Nescopeck borough, Pennsylvania", "population": 1511.0 }, "geometry": { "type": "Polygon", "coordinates": [ [ [ -76.231222, 41.050262 ], [ -76.227798, 41.050232 ], [ -76.221793, 41.047702 ], [ -76.220994, 41.046508 ], [ -76.222245, 41.044656 ], [ -76.196072, 41.050141 ], [ -76.199841, 41.056602 ], [ -76.201598, 41.05961 ], [ -76.202566, 41.061267 ], [ -76.212253, 41.059526 ], [ -76.216839, 41.058759 ], [ -76.220896, 41.056757 ], [ -76.228478, 41.053632 ], [ -76.228144, 41.051947 ], [ -76.229049, 41.051629 ], [ -76.230177, 41.051228 ], [ -76.231222, 41.050262 ] ] ] } },
{ "type": "Feature", "properties": { "GEOID": "4253968", "NAME": "Newport borough, Pennsylvania", "population": 1511.0 }, "geometry": { "type": "Polygon", "coordinates": [ [ [ -77.140686, 40.482804 ], [ -77.137497, 40.477268 ], [ -77.13187, 40.473217 ], [ -77.130056, 40.474946 ], [ -77.12565, 40.475221 ], [ -77.127141, 40.477815 ], [ -77.13125, 40.482287 ], [ -77.132398, 40.484496 ], [ -77.137896, 40.482922 ], [ -77.137599, 40.483849 ], [ -77.138404, 40.486226 ], [ -77.139314, 40.486091 ], [ -77.13891, 40.484772 ], [ -77.13938, 40.48468 ], [ -77.139439, 40.48482 ], [ -77.140444, 40.484665 ], [ -77.139763, 40.483015 ], [ -77.140686, 40.482804 ] ] ] } },
{ "type": "Feature", "properties": { "GEOID": "4282736", "NAME": "West Conshohocken borough, Pennsylvania", "population": 1498.0 }, "geometry": { "type": "Polygon", "coordinates": [ [ [ -75.327519, 40.066905 ], [ -75.326311, 40.065231 ], [ -75.325758, 40.065422 ], [ -75.323163, 40.061791 ], [ -75.314965, 40.064808 ], [ -75.310966, 40.065119 ], [ -75.31039, 40.064109 ], [ -75.310151, 40.063687 ], [ -75.306693, 40.06512 ], [ -75.306212, 40.065325 ], [ -75.305614, 40.068965 ], [ -75.306264, 40.069016 ], [ -75.309584, 40.070442 ], [ -75.315655, 40.074623 ], [ -75.316395, 40.075868 ], [ -75.317865, 40.078106 ], [ -75.319155, 40.080249 ], [ -75.321613, 40.079316 ], [ -75.328679, 40.076277 ], [ -75.32691, 40.073438 ], [ -75.328267, 40.072892 ], [ -75.326744, 40.070674 ], [ -75.329076, 40.069073 ], [ -75.327519, 40.066905 ] ] ] } },
{ "type": "Feature", "properties": { "GEOID": "4207160", "NAME": "Blossburg borough, Pennsylvania", "population": 1496.0 }, "geometry": { "type": "Polygon", "coordinates": [ [ [ -77.086979, 41.66161 ], [ -77.055253, 41.662309 ], [ -77.049987, 41.662415 ], [ -77.050312, 41.672824 ], [ -77.049296, 41.67347 ], [ -77.04839, 41.675843 ], [ -77.050381, 41.675011 ], [ -77.05099, 41.697448 ], [ -77.075845, 41.69693 ], [ -77.088016, 41.696634 ], [ -77.086979, 41.66161 ] ] ] } },
{ "type": "Feature", "properties": { "GEOID": "4248704", "NAME": "Mercersburg borough, Pennsylvania", "population": 1492.0 }, "geometry": { "type": "Polygon", "coordinates": [ [ [ -77.910197, 39.834872 ], [ -77.906237, 39.832609 ], [ -77.907269, 39.831236 ], [ -77.90966, 39.823295 ], [ -77.906048, 39.820802 ], [ -77.905787, 39.818533 ], [ -77.900093, 39.818722 ], [ -77.900431, 39.820111 ], [ -77.897898, 39.820662 ], [ -77.899787, 39.822297 ], [ -77.898455, 39.826205 ], [ -77.897411, 39.832896 ], [ -77.897802, 39.833503 ], [ -77.894186, 39.835383 ], [ -77.896303, 39.838616 ], [ -77.895357, 39.840276 ], [ -77.896193, 39.841385 ], [ -77.89896, 39.83862 ], [ -77.902197, 39.838358 ], [ -77.902946, 39.836886 ], [ -77.904307, 39.837357 ], [ -77.902428, 39.840488 ], [ -77.900668, 39.839251 ], [ -77.898551, 39.841109 ], [ -77.898206, 39.844313 ], [ -77.90079, 39.84295 ], [ -77.902376, 39.844912 ], [ -77.904982, 39.843704 ], [ -77.908665, 39.843985 ], [ -77.908371, 39.839614 ], [ -77.907864, 39.838521 ], [ -77.905087, 39.836231 ], [ -77.904282, 39.8345 ], [ -77.909648, 39.83681 ], [ -77.910197, 39.834872 ] ] ] } },
{ "type": "Feature", "properties": { "GEOID": "4225680", "NAME": "Ferndale borough, Pennsylvania", "population": 1485.0 }, "geometry": { "type": "Polygon", "coordinates": [ [ [ -78.929741, 40.291582 ], [ -78.924179, 40.290439 ], [ -78.923945, 40.289177 ], [ -78.923145, 40.289139 ], [ -78.924399, 40.286816 ], [ -78.92235, 40.286869 ], [ -78.916157, 40.283117 ], [ -78.912643, 40.281928 ], [ -78.911856, 40.282043 ], [ -78.910689, 40.282924 ], [ -78.910068, 40.287236 ], [ -78.912253, 40.289927 ], [ -78.917362, 40.29217 ], [ -78.918928, 40.293687 ], [ -78.91927, 40.295082 ], [ -78.91927, 40.295102 ], [ -78.919746, 40.295168 ], [ -78.920415, 40.295664 ], [ -78.920426, 40.295587 ], [ -78.92066, 40.293022 ], [ -78.921053, 40.291588 ], [ -78.926984, 40.293152 ], [ -78.926982, 40.293116 ], [ -78.928045, 40.292953 ], [ -78.928084, 40.292911 ], [ -78.928612, 40.293084 ], [ -78.928466, 40.29371 ], [ -78.929343, 40.292552 ], [ -78.929741, 40.291582 ] ] ] } },
{ "type": "Feature", "properties": { "GEOID": "4200628", "NAME": "Albion borough, Pennsylvania", "population": 1479.0 }, "geometry": { "type": "Polygon", "coordinates": [ [ [ -80.374844, 41.890804 ], [ -80.374809, 41.883199 ], [ -80.367148, 41.883253 ], [ -80.367021, 41.883265 ], [ -80.365555, 41.883286 ], [ -80.353959, 41.883438 ], [ -80.353186, 41.883442 ], [ -80.353222, 41.890979 ], [ -80.353357, 41.897605 ], [ -80.374831, 41.897484 ], [ -80.374844, 41.890804 ] ] ] } },
{ "type": "Feature", "properties": { "GEOID": "4240848", "NAME": "Laflin borough, Pennsylvania", "population": 1468.0 }, "geometry": { "type": "Polygon", "coordinates": [ [ [ -75.815037, 41.287592 ], [ -75.800984, 41.282242 ], [ -75.799116, 41.284055 ], [ -75.790336, 41.280654 ], [ -75.776242, 41.294625 ], [ -75.785917, 41.297747 ], [ -75.789173, 41.298823 ], [ -75.795764, 41.29636 ], [ -75.801926, 41.293312 ], [ -75.804017, 41.292749 ], [ -75.805325, 41.293352 ], [ -75.807846, 41.291221 ], [ -75.815037, 41.287592 ] ] ] } },
{ "type": "Feature", "properties": { "GEOID": "4241416", "NAME": "Langhorne Manor borough, Pennsylvania", "population": 1467.0 }, "geometry": { "type": "Polygon", "coordinates": [ [ [ -74.926257, 40.172641 ], [ -74.925034, 40.169128 ], [ -74.925623, 40.168989 ], [ -74.925864, 40.167091 ], [ -74.92532, 40.165877 ], [ -74.923788, 40.162474 ], [ -74.920623, 40.158558 ], [ -74.919684, 40.158773 ], [ -74.912471, 40.161065 ], [ -74.912771, 40.161989 ], [ -74.910265, 40.163025 ], [ -74.909391, 40.162202 ], [ -74.906404, 40.163694 ], [ -74.908667, 40.169926 ], [ -74.917056, 40.167727 ], [ -74.918695, 40.17123 ], [ -74.920828, 40.170679 ], [ -74.92195, 40.173663 ], [ -74.925711, 40.172809 ], [ -74.926257, 40.172641 ] ] ] } },
{ "type": "Feature", "properties": { "GEOID": "4217136", "NAME": "Cresson borough, Pennsylvania", "population": 1465.0 }, "geometry": { "type": "Polygon", "coordinates": [ [ [ -78.597699, 40.459952 ], [ -78.588507, 40.458965 ], [ -78.576147, 40.457714 ], [ -78.575868, 40.458902 ], [ -78.579172, 40.460134 ], [ -78.579861, 40.461854 ], [ -78.579444, 40.463466 ], [ -78.581042, 40.463911 ], [ -78.579489, 40.465952 ], [ -78.582088, 40.467021 ], [ -78.586976, 40.468406 ], [ -78.588749, 40.466228 ], [ -78.592502, 40.466337 ], [ -78.595096, 40.464807 ], [ -78.595053, 40.461961 ], [ -78.597699, 40.459952 ] ] ] } },
{ "type": "Feature", "properties": { "GEOID": "4220240", "NAME": "Duncannon borough, Pennsylvania", "population": 1465.0 }, "geometry": { "type": "Polygon", "coordinates": [ [ [ -77.0352, 40.387953 ], [ -77.035133, 40.387798 ], [ -77.034853, 40.387809 ], [ -77.031069, 40.388237 ], [ -77.029199, 40.38688 ], [ -77.029341, 40.388681 ], [ -77.028222, 40.391986 ], [ -77.025832, 40.39459 ], [ -77.021702, 40.397783 ], [ -77.016013, 40.39992 ], [ -77.015536, 40.400861 ], [ -77.019092, 40.403062 ], [ -77.019552, 40.403914 ], [ -77.022543, 40.401029 ], [ -77.027798, 40.397278 ], [ -77.029161, 40.398456 ], [ -77.032424, 40.397844 ], [ -77.031179, 40.397105 ], [ -77.03246, 40.395264 ], [ -77.033829, 40.394863 ], [ -77.035047, 40.393325 ], [ -77.037058, 40.392977 ], [ -77.0352, 40.387953 ] ] ] } },
{ "type": "Feature", "properties": { "GEOID": "4228328", "NAME": "Gallitzin borough, Pennsylvania", "population": 1465.0 }, "geometry": { "type": "Polygon", "coordinates": [ [ [ -78.56568, 40.481231 ], [ -78.555268, 40.472646 ], [ -78.550807, 40.473803 ], [ -78.549241, 40.476023 ], [ -78.545716, 40.480996 ], [ -78.546177, 40.481559 ], [ -78.545652, 40.482846 ], [ -78.546426, 40.48305 ], [ -78.545814, 40.484475 ], [ -78.546631, 40.484676 ], [ -78.546465, 40.486821 ], [ -78.548902, 40.487371 ], [ -78.55513, 40.488019 ], [ -78.564232, 40.483042 ], [ -78.56568, 40.481231 ] ] ] } },
{ "type": "Feature", "properties": { "GEOID": "4243232", "NAME": "Ligonier borough, Pennsylvania", "population": 1462.0 }, "geometry": { "type": "Polygon", "coordinates": [ [ [ -79.247169, 40.247428 ], [ -79.244326, 40.245122 ], [ -79.241972, 40.241764 ], [ -79.240062, 40.240952 ], [ -79.236975, 40.239742 ], [ -79.232297, 40.238114 ], [ -79.228582, 40.241762 ], [ -79.231001, 40.243281 ], [ -79.228748, 40.244243 ], [ -79.231562, 40.246508 ], [ -79.233, 40.246019 ], [ -79.232148, 40.246904 ], [ -79.233358, 40.247148 ], [ -79.235078, 40.249945 ], [ -79.238538, 40.250906 ], [ -79.241741, 40.250718 ], [ -79.246068, 40.249011 ], [ -79.247169, 40.247428 ] ] ] } },
{ "type": "Feature", "properties": { "GEOID": "4203632", "NAME": "Avis borough, Pennsylvania", "population": 1461.0 }, "geometry": { "type": "Polygon", "coordinates": [ [ [ -77.324891, 41.183247 ], [ -77.324295, 41.182487 ], [ -77.318574, 41.182198 ], [ -77.318221, 41.181457 ], [ -77.307308, 41.182696 ], [ -77.301225, 41.188994 ], [ -77.307679, 41.18704 ], [ -77.307301, 41.186263 ], [ -77.310513, 41.185311 ], [ -77.31144, 41.188776 ], [ -77.315333, 41.187867 ], [ -77.315742, 41.189926 ], [ -77.3193, 41.189983 ], [ -77.323493, 41.190056 ], [ -77.327563, 41.186405 ], [ -77.324891, 41.183247 ] ] ] } },
{ "type": "Feature", "properties": { "GEOID": "4249760", "NAME": "Mill Hall borough, Pennsylvania", "population": 1456.0 }, "geometry": { "type": "Polygon", "coordinates": [ [ [ -77.497479, 41.098976 ], [ -77.494388, 41.095398 ], [ -77.49055, 41.097942 ], [ -77.486697, 41.099426 ], [ -77.48434, 41.099392 ], [ -77.481835, 41.092871 ], [ -77.481542, 41.092974 ], [ -77.481388, 41.09297 ], [ -77.48101, 41.093067 ], [ -77.480757, 41.093224 ], [ -77.480393, 41.09335 ], [ -77.480129, 41.093395 ], [ -77.479597, 41.093359 ], [ -77.479469, 41.093297 ], [ -77.478953, 41.094627 ], [ -77.480594, 41.102539 ], [ -77.478976, 41.105072 ], [ -77.482485, 41.10634 ], [ -77.480004, 41.10998 ], [ -77.483187, 41.112241 ], [ -77.484597, 41.109302 ], [ -77.486854, 41.110651 ], [ -77.48545, 41.11092 ], [ -77.483588, 41.113069 ], [ -77.484797, 41.113405 ], [ -77.493616, 41.112586 ], [ -77.497047, 41.113625 ], [ -77.497288, 41.111723 ], [ -77.497479, 41.098976 ] ] ] } },
{ "type": "Feature", "properties": { "GEOID": "4205216", "NAME": "Bell Acres borough, Pennsylvania", "population": 1454.0 }, "geometry": { "type": "Polygon", "coordinates": [ [ [ -80.208002, 40.58806 ], [ -80.18949, 40.571434 ], [ -80.18651, 40.568902 ], [ -80.181422, 40.564372 ], [ -80.181012, 40.564613 ], [ -80.181517, 40.576121 ], [ -80.170521, 40.576211 ], [ -80.156645, 40.57705 ], [ -80.155392, 40.577826 ], [ -80.15602, 40.587929 ], [ -80.152203, 40.588017 ], [ -80.134502, 40.588227 ], [ -80.133763, 40.588242 ], [ -80.158645, 40.605241 ], [ -80.158691, 40.609232 ], [ -80.160825, 40.609491 ], [ -80.165784, 40.60603 ], [ -80.166812, 40.606677 ], [ -80.169376, 40.606618 ], [ -80.169972, 40.607723 ], [ -80.172018, 40.608152 ], [ -80.173721, 40.607705 ], [ -80.176025, 40.608113 ], [ -80.177874, 40.609482 ], [ -80.180755, 40.609107 ], [ -80.180534, 40.60759 ], [ -80.18186, 40.605831 ], [ -80.183821, 40.604753 ], [ -80.184753, 40.603585 ], [ -80.184044, 40.601132 ], [ -80.18848, 40.600046 ], [ -80.188002, 40.599181 ], [ -80.185188, 40.598118 ], [ -80.18454, 40.596834 ], [ -80.186519, 40.596126 ], [ -80.190228, 40.596182 ], [ -80.193281, 40.596933 ], [ -80.194986, 40.59672 ], [ -80.195345, 40.59585 ], [ -80.198464, 40.592655 ], [ -80.202121, 40.590936 ], [ -80.204163, 40.588568 ], [ -80.206786, 40.588153 ], [ -80.208002, 40.58806 ] ] ] } },
{ "type": "Feature", "properties": { "GEOID": "4227712", "NAME": "Freedom borough, Pennsylvania", "population": 1442.0 }, "geometry": { "type": "Polygon", "coordinates": [ [ [ -80.266081, 40.691772 ], [ -80.260103, 40.687298 ], [ -80.256666, 40.683142 ], [ -80.254711, 40.675978 ], [ -80.253107, 40.67595 ], [ -80.247479, 40.676021 ], [ -80.246311, 40.673964 ], [ -80.243047, 40.67607 ], [ -80.246926, 40.684005 ], [ -80.249643, 40.687057 ], [ -80.245756, 40.68988 ], [ -80.245496, 40.692703 ], [ -80.245477, 40.694087 ], [ -80.247674, 40.689721 ], [ -80.250206, 40.689839 ], [ -80.252367, 40.688062 ], [ -80.257092, 40.692707 ], [ -80.260151, 40.695893 ], [ -80.266081, 40.691772 ] ] ] } },
{ "type": "Feature", "properties": { "GEOID": "4244416", "NAME": "Loganville borough, Pennsylvania", "population": 1442.0 }, "geometry": { "type": "Polygon", "coordinates": [ [ [ -76.717618, 39.858472 ], [ -76.714707, 39.856307 ], [ -76.713941, 39.853294 ], [ -76.716407, 39.8518 ], [ -76.717438, 39.851838 ], [ -76.715954, 39.850328 ], [ -76.717105, 39.849959 ], [ -76.71646, 39.847925 ], [ -76.71276, 39.841964 ], [ -76.709656, 39.843644 ], [ -76.706482, 39.845294 ], [ -76.705116, 39.85473 ], [ -76.694456, 39.861586 ], [ -76.69679, 39.863932 ], [ -76.697935, 39.865625 ], [ -76.698675, 39.866835 ], [ -76.701191, 39.864691 ], [ -76.704549, 39.866137 ], [ -76.714688, 39.861931 ], [ -76.714711, 39.857934 ], [ -76.717618, 39.858472 ] ] ] } },
{ "type": "Feature", "properties": { "GEOID": "4277184", "NAME": "Tower City borough, Pennsylvania", "population": 1434.0 }, "geometry": { "type": "Polygon", "coordinates": [ [ [ -76.562492, 40.585595 ], [ -76.557186, 40.585769 ], [ -76.553094, 40.584781 ], [ -76.550025, 40.584997 ], [ -76.549395, 40.585642 ], [ -76.549997, 40.588007 ], [ -76.544944, 40.588776 ], [ -76.542124, 40.589207 ], [ -76.542903, 40.592273 ], [ -76.562877, 40.589235 ], [ -76.562492, 40.585595 ] ] ] } },
{ "type": "Feature", "properties": { "GEOID": "4281456", "NAME": "Waterford borough, Pennsylvania", "population": 1430.0 }, "geometry": { "type": "Polygon", "coordinates": [ [ [ -79.994898, 41.93479 ], [ -79.992704, 41.935593 ], [ -79.991657, 41.934004 ], [ -79.981685, 41.937483 ], [ -79.970633, 41.941484 ], [ -79.972663, 41.946593 ], [ -79.977839, 41.946603 ], [ -79.97795, 41.95403 ], [ -79.992552, 41.954051 ], [ -79.995519, 41.954089 ], [ -79.994898, 41.93479 ] ] ] } },
{ "type": "Feature", "properties": { "GEOID": "4252056", "NAME": "Mount Wolf borough, Pennsylvania", "population": 1422.0 }, "geometry": { "type": "Polygon", "coordinates": [ [ [ -76.71255, 40.056687 ], [ -76.705973, 40.054659 ], [ -76.703324, 40.055269 ], [ -76.701449, 40.057334 ], [ -76.699142, 40.060092 ], [ -76.696213, 40.064285 ], [ -76.700532, 40.065851 ], [ -76.703648, 40.068435 ], [ -76.704263, 40.06954 ], [ -76.706188, 40.067712 ], [ -76.707123, 40.067938 ], [ -76.70899, 40.065938 ], [ -76.711186, 40.065515 ], [ -76.712252, 40.064009 ], [ -76.711523, 40.061981 ], [ -76.711839, 40.061237 ], [ -76.71255, 40.056687 ] ] ] } },
{ "type": "Feature", "properties": { "GEOID": "4285728", "NAME": "Windsor borough, Pennsylvania", "population": 1420.0 }, "geometry": { "type": "Polygon", "coordinates": [ [ [ -76.593068, 39.912602 ], [ -76.592516, 39.911304 ], [ -76.587337, 39.910803 ], [ -76.585849, 39.91255 ], [ -76.578823, 39.91362 ], [ -76.575773, 39.913666 ], [ -76.573176, 39.912778 ], [ -76.572892, 39.914714 ], [ -76.570852, 39.915271 ], [ -76.572049, 39.91718 ], [ -76.574722, 39.917153 ], [ -76.579039, 39.918786 ], [ -76.582668, 39.921656 ], [ -76.585508, 39.92259 ], [ -76.589144, 39.9201 ], [ -76.58985, 39.920787 ], [ -76.592091, 39.91872 ], [ -76.59328, 39.913101 ], [ -76.593068, 39.912602 ] ] ] } },
{ "type": "Feature", "properties": { "GEOID": "4255840", "NAME": "Oakdale borough, Pennsylvania", "population": 1413.0 }, "geometry": { "type": "Polygon", "coordinates": [ [ [ -80.19491, 40.403155 ], [ -80.192351, 40.399362 ], [ -80.18907, 40.397214 ], [ -80.189535, 40.396048 ], [ -80.189546, 40.394931 ], [ -80.191788, 40.394148 ], [ -80.189959, 40.392282 ], [ -80.186689, 40.393283 ], [ -80.185863, 40.394197 ], [ -80.184229, 40.394937 ], [ -80.181105, 40.396353 ], [ -80.182102, 40.397661 ], [ -80.177673, 40.399572 ], [ -80.17988, 40.401054 ], [ -80.184636, 40.406435 ], [ -80.188939, 40.403105 ], [ -80.190388, 40.404387 ], [ -80.193439, 40.406347 ], [ -80.197749, 40.404729 ], [ -80.19491, 40.403155 ] ] ] } },
{ "type": "Feature", "properties": { "GEOID": "4254320", "NAME": "Newville borough, Pennsylvania", "population": 1409.0 }, "geometry": { "type": "Polygon", "coordinates": [ [ [ -77.408292, 40.166908 ], [ -77.40992, 40.166055 ], [ -77.408378, 40.164538 ], [ -77.402218, 40.165167 ], [ -77.400132, 40.166174 ], [ -77.393373, 40.167522 ], [ -77.394748, 40.168876 ], [ -77.397012, 40.169585 ], [ -77.39674, 40.171348 ], [ -77.394982, 40.171938 ], [ -77.395383, 40.174583 ], [ -77.393997, 40.17511 ], [ -77.39432, 40.175481 ], [ -77.395781, 40.174963 ], [ -77.398033, 40.177736 ], [ -77.402781, 40.176109 ], [ -77.402625, 40.171908 ], [ -77.410672, 40.169637 ], [ -77.408292, 40.166908 ] ] ] } },
{ "type": "Feature", "properties": { "GEOID": "4280040", "NAME": "Versailles borough, Pennsylvania", "population": 1406.0 }, "geometry": { "type": "Polygon", "coordinates": [ [ [ -79.84117, 40.320149 ], [ -79.840217, 40.318307 ], [ -79.837772, 40.314648 ], [ -79.836272, 40.312759 ], [ -79.833974, 40.312174 ], [ -79.831517, 40.312115 ], [ -79.829001, 40.312576 ], [ -79.827068, 40.313444 ], [ -79.820007, 40.318095 ], [ -79.823576, 40.323034 ], [ -79.82718, 40.320419 ], [ -79.831703, 40.320859 ], [ -79.832792, 40.324236 ], [ -79.836993, 40.321586 ], [ -79.840466, 40.3203 ], [ -79.84117, 40.320149 ] ] ] } },
{ "type": "Feature", "properties": { "GEOID": "4203384", "NAME": "Atglen borough, Pennsylvania", "population": 1403.0 }, "geometry": { "type": "Polygon", "coordinates": [ [ [ -75.988541, 39.942656 ], [ -75.982524, 39.943987 ], [ -75.981726, 39.942083 ], [ -75.978852, 39.942817 ], [ -75.977992, 39.939032 ], [ -75.965627, 39.941524 ], [ -75.966326, 39.94415 ], [ -75.968087, 39.955652 ], [ -75.971876, 39.956095 ], [ -75.977988, 39.953657 ], [ -75.983278, 39.952306 ], [ -75.98188, 39.948423 ], [ -75.983524, 39.947366 ], [ -75.989708, 39.946005 ], [ -75.988541, 39.942656 ] ] ] } },
{ "type": "Feature", "properties": { "GEOID": "4223440", "NAME": "Elverson borough, Pennsylvania", "population": 1396.0 }, "geometry": { "type": "Polygon", "coordinates": [ [ [ -75.839679, 40.151051 ], [ -75.828026, 40.148586 ], [ -75.819396, 40.148428 ], [ -75.820507, 40.154388 ], [ -75.824851, 40.167292 ], [ -75.846516, 40.153798 ], [ -75.839679, 40.151051 ] ] ] } },
{ "type": "Feature", "properties": { "GEOID": "4247672", "NAME": "Mars borough, Pennsylvania", "population": 1391.0 }, "geometry": { "type": "Polygon", "coordinates": [ [ [ -80.025174, 40.6952 ], [ -80.020011, 40.695543 ], [ -80.019786, 40.692614 ], [ -80.017777, 40.692236 ], [ -80.017666, 40.691406 ], [ -80.012853, 40.691602 ], [ -80.013045, 40.694301 ], [ -80.008766, 40.694439 ], [ -80.007174, 40.694509 ], [ -80.006164, 40.694541 ], [ -80.00438, 40.698674 ], [ -80.003735, 40.698681 ], [ -80.005418, 40.702141 ], [ -80.007037, 40.70116 ], [ -80.012231, 40.69981 ], [ -80.012514, 40.701446 ], [ -80.014082, 40.70243 ], [ -80.016341, 40.700082 ], [ -80.018806, 40.698846 ], [ -80.025316, 40.698715 ], [ -80.025174, 40.6952 ] ] ] } },
{ "type": "Feature", "properties": { "GEOID": "4210224", "NAME": "Burgettstown borough, Pennsylvania", "population": 1390.0 }, "geometry": { "type": "Polygon", "coordinates": [ [ [ -80.397622, 40.37735 ], [ -80.399111, 40.376121 ], [ -80.392457, 40.372533 ], [ -80.390825, 40.371719 ], [ -80.389628, 40.371678 ], [ -80.389389, 40.372697 ], [ -80.386437, 40.373311 ], [ -80.388195, 40.376509 ], [ -80.388754, 40.379293 ], [ -80.38729, 40.381016 ], [ -80.388721, 40.381998 ], [ -80.386698, 40.386269 ], [ -80.385475, 40.387308 ], [ -80.386797, 40.388262 ], [ -80.390309, 40.390208 ], [ -80.393788, 40.390182 ], [ -80.397402, 40.386789 ], [ -80.399163, 40.383261 ], [ -80.397622, 40.37735 ] ] ] } },
{ "type": "Feature", "properties": { "GEOID": "4276144", "NAME": "Tatamy borough, Pennsylvania", "population": 1389.0 }, "geometry": { "type": "Polygon", "coordinates": [ [ [ -75.263651, 40.734469 ], [ -75.253461, 40.735421 ], [ -75.25371, 40.736984 ], [ -75.24676, 40.737487 ], [ -75.246516, 40.740297 ], [ -75.249434, 40.74187 ], [ -75.250547, 40.746459 ], [ -75.25238, 40.746085 ], [ -75.254783, 40.746951 ], [ -75.256641, 40.747704 ], [ -75.257638, 40.747692 ], [ -75.258065, 40.746384 ], [ -75.264019, 40.745704 ], [ -75.261241, 40.737952 ], [ -75.264232, 40.737389 ], [ -75.263651, 40.734469 ] ] ] } },
{ "type": "Feature", "properties": { "GEOID": "4270464", "NAME": "Shoemakersville borough, Pennsylvania", "population": 1387.0 }, "geometry": { "type": "Polygon", "coordinates": [ [ [ -75.982176, 40.500067 ], [ -75.974942, 40.498932 ], [ -75.973706, 40.498367 ], [ -75.972329, 40.497041 ], [ -75.971506, 40.495594 ], [ -75.971962, 40.491628 ], [ -75.971577, 40.490734 ], [ -75.96821, 40.4916 ], [ -75.965443, 40.496579 ], [ -75.962598, 40.498688 ], [ -75.963364, 40.502482 ], [ -75.963853, 40.503894 ], [ -75.96322, 40.507712 ], [ -75.971071, 40.506688 ], [ -75.974589, 40.502057 ], [ -75.97926, 40.50409 ], [ -75.982176, 40.500067 ] ] ] } },
{ "type": "Feature", "properties": { "GEOID": "4207000", "NAME": "Blawnox borough, Pennsylvania", "population": 1384.0 }, "geometry": { "type": "Polygon", "coordinates": [ [ [ -79.865786, 40.491525 ], [ -79.865498, 40.485069 ], [ -79.861166, 40.486352 ], [ -79.859541, 40.487052 ], [ -79.856537, 40.488976 ], [ -79.851113, 40.493601 ], [ -79.856864, 40.498169 ], [ -79.859175, 40.496435 ], [ -79.859216, 40.497693 ], [ -79.862811, 40.49765 ], [ -79.865864, 40.495565 ], [ -79.865786, 40.491525 ] ] ] } },
{ "type": "Feature", "properties": { "GEOID": "4236152", "NAME": "Hughestown borough, Pennsylvania", "population": 1371.0 }, "geometry": { "type": "Polygon", "coordinates": [ [ [ -75.779839, 41.325834 ], [ -75.76788, 41.319527 ], [ -75.761692, 41.32563 ], [ -75.760338, 41.326385 ], [ -75.757992, 41.328696 ], [ -75.757135, 41.329538 ], [ -75.760459, 41.331565 ], [ -75.76815, 41.336257 ], [ -75.770337, 41.334283 ], [ -75.778083, 41.338519 ], [ -75.778634, 41.334471 ], [ -75.779102, 41.331123 ], [ -75.779839, 41.325834 ] ] ] } },
{ "type": "Feature", "properties": { "GEOID": "4268056", "NAME": "Saxonburg borough, Pennsylvania", "population": 1368.0 }, "geometry": { "type": "Polygon", "coordinates": [ [ [ -79.825465, 40.756951 ], [ -79.821103, 40.757106 ], [ -79.820684, 40.750741 ], [ -79.824657, 40.750918 ], [ -79.824804, 40.746901 ], [ -79.820482, 40.747041 ], [ -79.82029, 40.742938 ], [ -79.805826, 40.742774 ], [ -79.80664, 40.757555 ], [ -79.819816, 40.757133 ], [ -79.821699, 40.762206 ], [ -79.825614, 40.762115 ], [ -79.825465, 40.756951 ] ] ] } },
{ "type": "Feature", "properties": { "GEOID": "4271248", "NAME": "Smethport borough, Pennsylvania", "population": 1359.0 }, "geometry": { "type": "Polygon", "coordinates": [ [ [ -78.460066, 41.810919 ], [ -78.458201, 41.810408 ], [ -78.458007, 41.800523 ], [ -78.457973, 41.798804 ], [ -78.428415, 41.799475 ], [ -78.429247, 41.80063 ], [ -78.427968, 41.802652 ], [ -78.429131, 41.804074 ], [ -78.42843, 41.805168 ], [ -78.430219, 41.806558 ], [ -78.429786, 41.809975 ], [ -78.427155, 41.812665 ], [ -78.427895, 41.814277 ], [ -78.426858, 41.815225 ], [ -78.428783, 41.815447 ], [ -78.46019, 41.815469 ], [ -78.460066, 41.810919 ] ] ] } },
{ "type": "Feature", "properties": { "GEOID": "4223024", "NAME": "Elizabethville borough, Pennsylvania", "population": 1347.0 }, "geometry": { "type": "Polygon", "coordinates": [ [ [ -76.827884, 40.542529 ], [ -76.815433, 40.543407 ], [ -76.804842, 40.54652 ], [ -76.80451, 40.549598 ], [ -76.803242, 40.549916 ], [ -76.805271, 40.550195 ], [ -76.808556, 40.553376 ], [ -76.813524, 40.552322 ], [ -76.813284, 40.551797 ], [ -76.81337, 40.550485 ], [ -76.823524, 40.548629 ], [ -76.828268, 40.547755 ], [ -76.827884, 40.542529 ] ] ] } },
{ "type": "Feature", "properties": { "GEOID": "4222992", "NAME": "Elizabeth borough, Pennsylvania", "population": 1343.0 }, "geometry": { "type": "Polygon", "coordinates": [ [ [ -79.894898, 40.267156 ], [ -79.893979, 40.263564 ], [ -79.891979, 40.265244 ], [ -79.891231, 40.265303 ], [ -79.887384, 40.267483 ], [ -79.88653, 40.266887 ], [ -79.884249, 40.268894 ], [ -79.884141, 40.269701 ], [ -79.879047, 40.273622 ], [ -79.881292, 40.274967 ], [ -79.879194, 40.275937 ], [ -79.88272, 40.279409 ], [ -79.884189, 40.278682 ], [ -79.886293, 40.276917 ], [ -79.888966, 40.274045 ], [ -79.896313, 40.267921 ], [ -79.894898, 40.267156 ] ] ] } },
{ "type": "Feature", "properties": { "GEOID": "4253184", "NAME": "New Beaver borough, Pennsylvania", "population": 1343.0 }, "geometry": { "type": "Polygon", "coordinates": [ [ [ -80.407434, 40.852362 ], [ -80.395974, 40.852494 ], [ -80.365504, 40.852656 ], [ -80.322579, 40.853151 ], [ -80.322405, 40.853231 ], [ -80.321031, 40.855856 ], [ -80.317579, 40.860649 ], [ -80.31791, 40.869325 ], [ -80.319972, 40.875007 ], [ -80.320888, 40.87822 ], [ -80.321435, 40.878211 ], [ -80.335459, 40.87806 ], [ -80.335479, 40.879893 ], [ -80.348414, 40.87989 ], [ -80.348679, 40.88795 ], [ -80.348994, 40.897554 ], [ -80.344359, 40.899343 ], [ -80.347669, 40.902981 ], [ -80.353036, 40.905799 ], [ -80.354461, 40.907472 ], [ -80.410238, 40.906144 ], [ -80.407434, 40.852362 ] ] ] } },
{ "type": "Feature", "properties": { "GEOID": "4275568", "NAME": "Susquehanna Depot borough, Pennsylvania", "population": 1336.0 }, "geometry": { "type": "Polygon", "coordinates": [ [ [ -75.619008, 41.93914 ], [ -75.612053, 41.937931 ], [ -75.598379, 41.940059 ], [ -75.590646, 41.940477 ], [ -75.59311, 41.94317 ], [ -75.59334, 41.94528 ], [ -75.591098, 41.946401 ], [ -75.591377, 41.946822 ], [ -75.596071, 41.949636 ], [ -75.596106, 41.951176 ], [ -75.59884, 41.950455 ], [ -75.607019, 41.947961 ], [ -75.611707, 41.945489 ], [ -75.618281, 41.943232 ], [ -75.619149, 41.943053 ], [ -75.619008, 41.93914 ] ] ] } },
{ "type": "Feature", "properties": { "GEOID": "4264584", "NAME": "Richlandtown borough, Pennsylvania", "population": 1335.0 }, "geometry": { "type": "Polygon", "coordinates": [ [ [ -75.323803, 40.472232 ], [ -75.323957, 40.46617 ], [ -75.322747, 40.465957 ], [ -75.320416, 40.465547 ], [ -75.318145, 40.468649 ], [ -75.317844, 40.46924 ], [ -75.318089, 40.471994 ], [ -75.318936, 40.479072 ], [ -75.319466, 40.479371 ], [ -75.324182, 40.478709 ], [ -75.323803, 40.472232 ] ] ] } },
{ "type": "Feature", "properties": { "GEOID": "4229264", "NAME": "Girardville borough, Pennsylvania", "population": 1325.0 }, "geometry": { "type": "Polygon", "coordinates": [ [ [ -76.292944, 40.787661 ], [ -76.283826, 40.788582 ], [ -76.273536, 40.788641 ], [ -76.273749, 40.791997 ], [ -76.274124, 40.797582 ], [ -76.292699, 40.794453 ], [ -76.293235, 40.791723 ], [ -76.292944, 40.787661 ] ] ] } },
{ "type": "Feature", "properties": { "GEOID": "4209696", "NAME": "Bryn Athyn borough, Pennsylvania", "population": 1304.0 }, "geometry": { "type": "Polygon", "coordinates": [ [ [ -75.092304, 40.153001 ], [ -75.08988, 40.155103 ], [ -75.089063, 40.15315 ], [ -75.087018, 40.15207 ], [ -75.08523, 40.153793 ], [ -75.080894, 40.150417 ], [ -75.084295, 40.14706 ], [ -75.082401, 40.144364 ], [ -75.077785, 40.146241 ], [ -75.076748, 40.145898 ], [ -75.075917, 40.143806 ], [ -75.077271, 40.141784 ], [ -75.075572, 40.139882 ], [ -75.07418, 40.139627 ], [ -75.074673, 40.13579 ], [ -75.070282, 40.133632 ], [ -75.071413, 40.131982 ], [ -75.071001, 40.130005 ], [ -75.072234, 40.128033 ], [ -75.070386, 40.12633 ], [ -75.067132, 40.128408 ], [ -75.06491, 40.126539 ], [ -75.065801, 40.128797 ], [ -75.064114, 40.130576 ], [ -75.061876, 40.130843 ], [ -75.061927, 40.130376 ], [ -75.060983, 40.129195 ], [ -75.054717, 40.125223 ], [ -75.052028, 40.128328 ], [ -75.050854, 40.127605 ], [ -75.048392, 40.130192 ], [ -75.049928, 40.131156 ], [ -75.046418, 40.130724 ], [ -75.045548, 40.131187 ], [ -75.053852, 40.13605 ], [ -75.047165, 40.142585 ], [ -75.05131, 40.145058 ], [ -75.054283, 40.142156 ], [ -75.056652, 40.143415 ], [ -75.060599, 40.142893 ], [ -75.06122, 40.13909 ], [ -75.064663, 40.139999 ], [ -75.067081, 40.141419 ], [ -75.066308, 40.142239 ], [ -75.068644, 40.143534 ], [ -75.067982, 40.144681 ], [ -75.072806, 40.147837 ], [ -75.071294, 40.149199 ], [ -75.069393, 40.148003 ], [ -75.068186, 40.149152 ], [ -75.073497, 40.152385 ], [ -75.074465, 40.151858 ], [ -75.07398, 40.155421 ], [ -75.072444, 40.157546 ], [ -75.076688, 40.16007 ], [ -75.081572, 40.155287 ], [ -75.085716, 40.157809 ], [ -75.088498, 40.157096 ], [ -75.09022, 40.155947 ], [ -75.09388, 40.155692 ], [ -75.092304, 40.153001 ] ] ] } },
{ "type": "Feature", "properties": { "GEOID": "4214520", "NAME": "Clymer borough, Pennsylvania", "population": 1304.0 }, "geometry": { "type": "Polygon", "coordinates": [ [ [ -79.027741, 40.657936 ], [ -79.024519, 40.658163 ], [ -79.019851, 40.661188 ], [ -79.019168, 40.663045 ], [ -79.014428, 40.663785 ], [ -79.010311, 40.666382 ], [ -79.008123, 40.664727 ], [ -79.004833, 40.666279 ], [ -79.004354, 40.667916 ], [ -79.001756, 40.670293 ], [ -79.002939, 40.67248 ], [ -79.009038, 40.673873 ], [ -79.014308, 40.674021 ], [ -79.014901, 40.675444 ], [ -79.012624, 40.680438 ], [ -79.013231, 40.68234 ], [ -79.01573, 40.677047 ], [ -79.017698, 40.675389 ], [ -79.016248, 40.668321 ], [ -79.020523, 40.664883 ], [ -79.019938, 40.663142 ], [ -79.028099, 40.65991 ], [ -79.027741, 40.657936 ] ] ] } },
{ "type": "Feature", "properties": { "GEOID": "4248960", "NAME": "Middleburg borough, Pennsylvania", "population": 1302.0 }, "geometry": { "type": "Polygon", "coordinates": [ [ [ -77.057411, 40.789313 ], [ -77.049095, 40.782092 ], [ -77.047684, 40.783122 ], [ -77.045754, 40.780475 ], [ -77.042359, 40.782697 ], [ -77.043422, 40.784316 ], [ -77.040677, 40.785323 ], [ -77.038609, 40.782415 ], [ -77.033323, 40.784345 ], [ -77.035255, 40.787173 ], [ -77.033142, 40.787933 ], [ -77.035713, 40.791904 ], [ -77.033478, 40.793847 ], [ -77.034794, 40.79557 ], [ -77.03292, 40.795887 ], [ -77.033588, 40.796407 ], [ -77.046731, 40.795021 ], [ -77.05814, 40.792373 ], [ -77.057411, 40.789313 ] ] ] } },
{ "type": "Feature", "properties": { "GEOID": "4285320", "NAME": "Williamstown borough, Pennsylvania", "population": 1298.0 }, "geometry": { "type": "Polygon", "coordinates": [ [ [ -76.624556, 40.582061 ], [ -76.623533, 40.57894 ], [ -76.623084, 40.577369 ], [ -76.622407, 40.577659 ], [ -76.621637, 40.577819 ], [ -76.621118, 40.577863 ], [ -76.620306, 40.577803 ], [ -76.619858, 40.577551 ], [ -76.614379, 40.57929 ], [ -76.608468, 40.580241 ], [ -76.607179, 40.580296 ], [ -76.607691, 40.582865 ], [ -76.613697, 40.582475 ], [ -76.613827, 40.583297 ], [ -76.614545, 40.583769 ], [ -76.624531, 40.582922 ], [ -76.62459, 40.582389 ], [ -76.624556, 40.582061 ] ] ] } },
{ "type": "Feature", "properties": { "GEOID": "4218088", "NAME": "Dalton borough, Pennsylvania", "population": 1296.0 }, "geometry": { "type": "Polygon", "coordinates": [ [ [ -75.762944, 41.542849 ], [ -75.7602, 41.543652 ], [ -75.758555, 41.53831 ], [ -75.759828, 41.537432 ], [ -75.753826, 41.533434 ], [ -75.757684, 41.529931 ], [ -75.752626, 41.526672 ], [ -75.747512, 41.524021 ], [ -75.745684, 41.525735 ], [ -75.747784, 41.527122 ], [ -75.745519, 41.529326 ], [ -75.738146, 41.524609 ], [ -75.736563, 41.524913 ], [ -75.735553, 41.5259 ], [ -75.735074, 41.52949 ], [ -75.73227, 41.528974 ], [ -75.729269, 41.531547 ], [ -75.726908, 41.529176 ], [ -75.721221, 41.52821 ], [ -75.721082, 41.528395 ], [ -75.72007, 41.531961 ], [ -75.718126, 41.530682 ], [ -75.710596, 41.537263 ], [ -75.712961, 41.538833 ], [ -75.711866, 41.539949 ], [ -75.713792, 41.542227 ], [ -75.715984, 41.543053 ], [ -75.720588, 41.544008 ], [ -75.725061, 41.548119 ], [ -75.727176, 41.545967 ], [ -75.728556, 41.542261 ], [ -75.733529, 41.545508 ], [ -75.734904, 41.544259 ], [ -75.737898, 41.546926 ], [ -75.736946, 41.547567 ], [ -75.738846, 41.550514 ], [ -75.741866, 41.547885 ], [ -75.743289, 41.549264 ], [ -75.748159, 41.548643 ], [ -75.748935, 41.548536 ], [ -75.757745, 41.55317 ], [ -75.758897, 41.549754 ], [ -75.76393, 41.545358 ], [ -75.762944, 41.542849 ] ] ] } },
{ "type": "Feature", "properties": { "GEOID": "4281712", "NAME": "Waymart borough, Pennsylvania", "population": 1287.0 }, "geometry": { "type": "Polygon", "coordinates": [ [ [ -75.425415, 41.582058 ], [ -75.424809, 41.57678 ], [ -75.416673, 41.5767 ], [ -75.408172, 41.577441 ], [ -75.397615, 41.57801 ], [ -75.397197, 41.574715 ], [ -75.385199, 41.575398 ], [ -75.387655, 41.597906 ], [ -75.411059, 41.596973 ], [ -75.424381, 41.596412 ], [ -75.420478, 41.59054 ], [ -75.426981, 41.583642 ], [ -75.425415, 41.582058 ] ] ] } },
{ "type": "Feature", "properties": { "GEOID": "4254888", "NAME": "North Charleroi borough, Pennsylvania", "population": 1283.0 }, "geometry": { "type": "Polygon", "coordinates": [ [ [ -79.912681, 40.15079 ], [ -79.912555, 40.148848 ], [ -79.912122, 40.144359 ], [ -79.906294, 40.145801 ], [ -79.906245, 40.146371 ], [ -79.905376, 40.146759 ], [ -79.902074, 40.148647 ], [ -79.902986, 40.149895 ], [ -79.90417, 40.151967 ], [ -79.90489, 40.154231 ], [ -79.904874, 40.154807 ], [ -79.908072, 40.155168 ], [ -79.913564, 40.153257 ], [ -79.912681, 40.15079 ] ] ] } },
{ "type": "Feature", "properties": { "GEOID": "4276400", "NAME": "Terre Hill borough, Pennsylvania", "population": 1282.0 }, "geometry": { "type": "Polygon", "coordinates": [ [ [ -76.060115, 40.161717 ], [ -76.058021, 40.160959 ], [ -76.058142, 40.158494 ], [ -76.056719, 40.155129 ], [ -76.052092, 40.155476 ], [ -76.04325, 40.154357 ], [ -76.041586, 40.154499 ], [ -76.041429, 40.156529 ], [ -76.044087, 40.160163 ], [ -76.04849, 40.164656 ], [ -76.057042, 40.161787 ], [ -76.05579, 40.163512 ], [ -76.059495, 40.164263 ], [ -76.060115, 40.161717 ] ] ] } },
{ "type": "Feature", "properties": { "GEOID": "4250736", "NAME": "Montrose borough, Pennsylvania", "population": 1275.0 }, "geometry": { "type": "Polygon", "coordinates": [ [ [ -75.887864, 41.831643 ], [ -75.887541, 41.826112 ], [ -75.883925, 41.82609 ], [ -75.88378, 41.82373 ], [ -75.88228, 41.82401 ], [ -75.882525, 41.826247 ], [ -75.879756, 41.826178 ], [ -75.877121, 41.826229 ], [ -75.877553, 41.823691 ], [ -75.87513, 41.82381 ], [ -75.874792, 41.82627 ], [ -75.865933, 41.826439 ], [ -75.864153, 41.826478 ], [ -75.864181, 41.840429 ], [ -75.888183, 41.840803 ], [ -75.887864, 41.831643 ] ] ] } },
{ "type": "Feature", "properties": { "GEOID": "4268328", "NAME": "Schwenksville borough, Pennsylvania", "population": 1265.0 }, "geometry": { "type": "Polygon", "coordinates": [ [ [ -75.470341, 40.259454 ], [ -75.465539, 40.260235 ], [ -75.469239, 40.257598 ], [ -75.469042, 40.252277 ], [ -75.465903, 40.247395 ], [ -75.461047, 40.251369 ], [ -75.462769, 40.252649 ], [ -75.461732, 40.254328 ], [ -75.464047, 40.259777 ], [ -75.462308, 40.260474 ], [ -75.462751, 40.262599 ], [ -75.4644, 40.261204 ], [ -75.465476, 40.265402 ], [ -75.466928, 40.267766 ], [ -75.470023, 40.266514 ], [ -75.469465, 40.264515 ], [ -75.470778, 40.262685 ], [ -75.470341, 40.259454 ] ] ] } },
{ "type": "Feature", "properties": { "GEOID": "4203656", "NAME": "Avondale borough, Pennsylvania", "population": 1264.0 }, "geometry": { "type": "Polygon", "coordinates": [ [ [ -75.788336, 39.821693 ], [ -75.786246, 39.818865 ], [ -75.780919, 39.819425 ], [ -75.775261, 39.82002 ], [ -75.775562, 39.823422 ], [ -75.776204, 39.830673 ], [ -75.782725, 39.830163 ], [ -75.786022, 39.829678 ], [ -75.788527, 39.828902 ], [ -75.788336, 39.821693 ] ] ] } },
{ "type": "Feature", "properties": { "GEOID": "4226296", "NAME": "Flemington borough, Pennsylvania", "population": 1256.0 }, "geometry": { "type": "Polygon", "coordinates": [ [ [ -77.477565, 41.126205 ], [ -77.472841, 41.122001 ], [ -77.473135, 41.120839 ], [ -77.470886, 41.120617 ], [ -77.470631, 41.121584 ], [ -77.46708, 41.122624 ], [ -77.462861, 41.122624 ], [ -77.461036, 41.12371 ], [ -77.462056, 41.125056 ], [ -77.465378, 41.129797 ], [ -77.466574, 41.131499 ], [ -77.470095, 41.130634 ], [ -77.470726, 41.130818 ], [ -77.47317, 41.134677 ], [ -77.476784, 41.133953 ], [ -77.476966, 41.131958 ], [ -77.475548, 41.128918 ], [ -77.477565, 41.126205 ] ] ] } },
{ "type": "Feature", "properties": { "GEOID": "4282832", "NAME": "West Easton borough, Pennsylvania", "population": 1250.0 }, "geometry": { "type": "Polygon", "coordinates": [ [ [ -75.241925, 40.678634 ], [ -75.239736, 40.678672 ], [ -75.237351, 40.672816 ], [ -75.239236, 40.670924 ], [ -75.237954, 40.666769 ], [ -75.236696, 40.669836 ], [ -75.234278, 40.673608 ], [ -75.230726, 40.678194 ], [ -75.230794, 40.678389 ], [ -75.231442, 40.684499 ], [ -75.235055, 40.683975 ], [ -75.236046, 40.68447 ], [ -75.240389, 40.680853 ], [ -75.241925, 40.678634 ] ] ] } },
{ "type": "Feature", "properties": { "GEOID": "4207040", "NAME": "Bloomfield borough, Pennsylvania", "population": 1248.0 }, "geometry": { "type": "Polygon", "coordinates": [ [ [ -77.1996, 40.415038 ], [ -77.197112, 40.412741 ], [ -77.193208, 40.414279 ], [ -77.190313, 40.41355 ], [ -77.190014, 40.412666 ], [ -77.183153, 40.415457 ], [ -77.181571, 40.416696 ], [ -77.180955, 40.418847 ], [ -77.177425, 40.422712 ], [ -77.177188, 40.424371 ], [ -77.179055, 40.423601 ], [ -77.186907, 40.424202 ], [ -77.190938, 40.423137 ], [ -77.192082, 40.425712 ], [ -77.194338, 40.424361 ], [ -77.192639, 40.421611 ], [ -77.196708, 40.419443 ], [ -77.200424, 40.4158 ], [ -77.1996, 40.415038 ] ] ] } },
{ "type": "Feature", "properties": { "GEOID": "4203984", "NAME": "Bally borough, Pennsylvania", "population": 1243.0 }, "geometry": { "type": "Polygon", "coordinates": [ [ [ -75.595445, 40.396629 ], [ -75.591056, 40.394043 ], [ -75.589024, 40.396139 ], [ -75.586926, 40.394921 ], [ -75.584575, 40.396842 ], [ -75.581969, 40.397803 ], [ -75.580412, 40.397647 ], [ -75.57801, 40.402221 ], [ -75.585782, 40.407091 ], [ -75.587431, 40.405222 ], [ -75.595047, 40.403457 ], [ -75.596163, 40.402718 ], [ -75.594002, 40.401428 ], [ -75.596362, 40.39899 ], [ -75.595445, 40.396629 ] ] ] } },
{ "type": "Feature", "properties": { "GEOID": "4206296", "NAME": "Biglerville borough, Pennsylvania", "population": 1240.0 }, "geometry": { "type": "Polygon", "coordinates": [ [ [ -77.255722, 39.92615 ], [ -77.248264, 39.925402 ], [ -77.239578, 39.924522 ], [ -77.235807, 39.932011 ], [ -77.23684, 39.933535 ], [ -77.239362, 39.934873 ], [ -77.245013, 39.9343 ], [ -77.247036, 39.936496 ], [ -77.248307, 39.936308 ], [ -77.254742, 39.935263 ], [ -77.254612, 39.930548 ], [ -77.255722, 39.92615 ] ] ] } },
{ "type": "Feature", "properties": { "GEOID": "4283328", "NAME": "West Leechburg borough, Pennsylvania", "population": 1232.0 }, "geometry": { "type": "Polygon", "coordinates": [ [ [ -79.628258, 40.630135 ], [ -79.622926, 40.629479 ], [ -79.620095, 40.626255 ], [ -79.613423, 40.622985 ], [ -79.610246, 40.623731 ], [ -79.608133, 40.62549 ], [ -79.608736, 40.625831 ], [ -79.609946, 40.628317 ], [ -79.610135, 40.631009 ], [ -79.609217, 40.633403 ], [ -79.609176, 40.639009 ], [ -79.611032, 40.642017 ], [ -79.613128, 40.643617 ], [ -79.61818, 40.644766 ], [ -79.618941, 40.643768 ], [ -79.621025, 40.644508 ], [ -79.624737, 40.644055 ], [ -79.620252, 40.642231 ], [ -79.623933, 40.639067 ], [ -79.622174, 40.63841 ], [ -79.625979, 40.635501 ], [ -79.62817, 40.635745 ], [ -79.628258, 40.630135 ] ] ] } },
{ "type": "Feature", "properties": { "GEOID": "4233592", "NAME": "Heidelberg borough, Pennsylvania", "population": 1230.0 }, "geometry": { "type": "Polygon", "coordinates": [ [ [ -80.097455, 40.387861 ], [ -80.092591, 40.38855 ], [ -80.090202, 40.387187 ], [ -80.08836, 40.387582 ], [ -80.086687, 40.389255 ], [ -80.086059, 40.392036 ], [ -80.08734, 40.394381 ], [ -80.088035, 40.394919 ], [ -80.089276, 40.395131 ], [ -80.092571, 40.395104 ], [ -80.099103, 40.393891 ], [ -80.097455, 40.387861 ] ] ] } },
{ "type": "Feature", "properties": { "GEOID": "4277584", "NAME": "Troy borough, Pennsylvania", "population": 1227.0 }, "geometry": { "type": "Polygon", "coordinates": [ [ [ -76.802151, 41.783317 ], [ -76.795626, 41.784352 ], [ -76.79645, 41.782619 ], [ -76.795356, 41.781778 ], [ -76.795419, 41.780253 ], [ -76.797563, 41.779505 ], [ -76.797184, 41.774736 ], [ -76.792079, 41.774835 ], [ -76.786846, 41.775024 ], [ -76.787015, 41.78202 ], [ -76.781512, 41.78483 ], [ -76.778425, 41.785591 ], [ -76.77873, 41.790209 ], [ -76.781623, 41.790326 ], [ -76.783066, 41.791164 ], [ -76.784928, 41.794063 ], [ -76.790545, 41.793854 ], [ -76.790471, 41.792566 ], [ -76.78713, 41.79259 ], [ -76.786044, 41.789853 ], [ -76.788813, 41.78957 ], [ -76.794837, 41.785237 ], [ -76.795033, 41.786834 ], [ -76.802591, 41.788791 ], [ -76.802151, 41.783317 ] ] ] } },
{ "type": "Feature", "properties": { "GEOID": "4212376", "NAME": "Centre Hall borough, Pennsylvania", "population": 1225.0 }, "geometry": { "type": "Polygon", "coordinates": [ [ [ -77.695914, 40.848612 ], [ -77.682599, 40.83585 ], [ -77.67743, 40.8394 ], [ -77.674535, 40.84139 ], [ -77.687122, 40.853319 ], [ -77.694657, 40.849242 ], [ -77.695914, 40.848612 ] ] ] } },
{ "type": "Feature", "properties": { "GEOID": "4233200", "NAME": "Hawley borough, Pennsylvania", "population": 1212.0 }, "geometry": { "type": "Polygon", "coordinates": [ [ [ -75.186562, 41.473945 ], [ -75.174009, 41.469089 ], [ -75.170053, 41.473225 ], [ -75.169756, 41.474881 ], [ -75.168763, 41.475329 ], [ -75.166853, 41.477763 ], [ -75.172551, 41.480013 ], [ -75.175366, 41.480211 ], [ -75.183453, 41.485071 ], [ -75.185161, 41.483465 ], [ -75.184345, 41.479146 ], [ -75.18556, 41.476983 ], [ -75.187864, 41.475895 ], [ -75.186562, 41.473945 ] ] ] } },
{ "type": "Feature", "properties": { "GEOID": "4254728", "NAME": "North Apollo borough, Pennsylvania", "population": 1212.0 }, "geometry": { "type": "Polygon", "coordinates": [ [ [ -79.567652, 40.589951 ], [ -79.564393, 40.590284 ], [ -79.558575, 40.588068 ], [ -79.55537, 40.587466 ], [ -79.553684, 40.586266 ], [ -79.549855, 40.587661 ], [ -79.549814, 40.588889 ], [ -79.552742, 40.591107 ], [ -79.551875, 40.593324 ], [ -79.551418, 40.594693 ], [ -79.546328, 40.598256 ], [ -79.550875, 40.60134 ], [ -79.551652, 40.601887 ], [ -79.555862, 40.600033 ], [ -79.556858, 40.599165 ], [ -79.558662, 40.597809 ], [ -79.564486, 40.594721 ], [ -79.565932, 40.593403 ], [ -79.56631, 40.593009 ], [ -79.567652, 40.589951 ] ] ] } },
{ "type": "Feature", "properties": { "GEOID": "4249504", "NAME": "Millbourne borough, Pennsylvania", "population": 1210.0 }, "geometry": { "type": "Polygon", "coordinates": [ [ [ -75.256707, 39.962017 ], [ -75.255813, 39.962164 ], [ -75.249772, 39.963008 ], [ -75.247688, 39.962817 ], [ -75.248056, 39.964074 ], [ -75.250313, 39.965069 ], [ -75.25414, 39.965404 ], [ -75.25711, 39.963719 ], [ -75.256707, 39.962017 ] ] ] } },
{ "type": "Feature", "properties": { "GEOID": "4220248", "NAME": "Duncansville borough, Pennsylvania", "population": 1207.0 }, "geometry": { "type": "Polygon", "coordinates": [ [ [ -78.441433, 40.42469 ], [ -78.439376, 40.425297 ], [ -78.439742, 40.423693 ], [ -78.439026, 40.420435 ], [ -78.434217, 40.420484 ], [ -78.433666, 40.419855 ], [ -78.430291, 40.421712 ], [ -78.426221, 40.42481 ], [ -78.423827, 40.425664 ], [ -78.422904, 40.424865 ], [ -78.419785, 40.425855 ], [ -78.420176, 40.426447 ], [ -78.420841, 40.429054 ], [ -78.421577, 40.431821 ], [ -78.420429, 40.433686 ], [ -78.422112, 40.433735 ], [ -78.426058, 40.431478 ], [ -78.429206, 40.429653 ], [ -78.432421, 40.429321 ], [ -78.433985, 40.431152 ], [ -78.435186, 40.427306 ], [ -78.43605, 40.426908 ], [ -78.437779, 40.427258 ], [ -78.437424, 40.426162 ], [ -78.44062, 40.428374 ], [ -78.441208, 40.427363 ], [ -78.439039, 40.425684 ], [ -78.441448, 40.42571 ], [ -78.441433, 40.42469 ] ] ] } },
{ "type": "Feature", "properties": { "GEOID": "4284552", "NAME": "White Haven borough, Pennsylvania", "population": 1203.0 }, "geometry": { "type": "Polygon", "coordinates": [ [ [ -75.790331, 41.056744 ], [ -75.788794, 41.056905 ], [ -75.788616, 41.047161 ], [ -75.771847, 41.047376 ], [ -75.771828, 41.050208 ], [ -75.770275, 41.050094 ], [ -75.770436, 41.050721 ], [ -75.770368, 41.054957 ], [ -75.771531, 41.061155 ], [ -75.770276, 41.061933 ], [ -75.770034, 41.065615 ], [ -75.790723, 41.065134 ], [ -75.790331, 41.056744 ] ] ] } },
{ "type": "Feature", "properties": { "GEOID": "4207712", "NAME": "Boswell borough, Pennsylvania", "population": 1197.0 }, "geometry": { "type": "Polygon", "coordinates": [ [ [ -79.037574, 40.158432 ], [ -79.0217, 40.152834 ], [ -79.021292, 40.153253 ], [ -79.019824, 40.154769 ], [ -79.017864, 40.156871 ], [ -79.020377, 40.160784 ], [ -79.022767, 40.167128 ], [ -79.026669, 40.169542 ], [ -79.028663, 40.168826 ], [ -79.033155, 40.172345 ], [ -79.034212, 40.167469 ], [ -79.032094, 40.165965 ], [ -79.032327, 40.164481 ], [ -79.034619, 40.161919 ], [ -79.036429, 40.161297 ], [ -79.037741, 40.158816 ], [ -79.037574, 40.158432 ] ] ] } },
{ "type": "Feature", "properties": { "GEOID": "4285272", "NAME": "Williamsburg borough, Pennsylvania", "population": 1196.0 }, "geometry": { "type": "Polygon", "coordinates": [ [ [ -78.21404, 40.468595 ], [ -78.208895, 40.466314 ], [ -78.207798, 40.464723 ], [ -78.210256, 40.463799 ], [ -78.211252, 40.461543 ], [ -78.206753, 40.45955 ], [ -78.205596, 40.458003 ], [ -78.205465, 40.457722 ], [ -78.205208, 40.457607 ], [ -78.202814, 40.458981 ], [ -78.201274, 40.45718 ], [ -78.197542, 40.458273 ], [ -78.195741, 40.461598 ], [ -78.197041, 40.462314 ], [ -78.1989, 40.462311 ], [ -78.200162, 40.463057 ], [ -78.20207, 40.464906 ], [ -78.204092, 40.465339 ], [ -78.205546, 40.467861 ], [ -78.208855, 40.468893 ], [ -78.211973, 40.470992 ], [ -78.21404, 40.468595 ] ] ] } },
{ "type": "Feature", "properties": { "GEOID": "4220144", "NAME": "Duboistown borough, Pennsylvania", "population": 1184.0 }, "geometry": { "type": "Polygon", "coordinates": [ [ [ -77.046934, 41.216883 ], [ -77.038971, 41.218595 ], [ -77.035768, 41.215763 ], [ -77.028917, 41.221859 ], [ -77.029784, 41.223267 ], [ -77.027684, 41.223555 ], [ -77.027207, 41.223613 ], [ -77.027572, 41.225444 ], [ -77.028156, 41.228241 ], [ -77.034685, 41.228986 ], [ -77.037245, 41.22851 ], [ -77.044035, 41.225673 ], [ -77.045052, 41.225485 ], [ -77.04989, 41.223617 ], [ -77.046934, 41.216883 ] ] ] } },
{ "type": "Feature", "properties": { "GEOID": "4233080", "NAME": "Hastings borough, Pennsylvania", "population": 1168.0 }, "geometry": { "type": "Polygon", "coordinates": [ [ [ -78.718455, 40.664783 ], [ -78.716675, 40.663095 ], [ -78.718104, 40.661521 ], [ -78.715238, 40.660761 ], [ -78.716382, 40.658118 ], [ -78.714439, 40.659531 ], [ -78.71305, 40.659201 ], [ -78.710835, 40.659681 ], [ -78.709723, 40.658411 ], [ -78.706201, 40.657143 ], [ -78.70633, 40.659848 ], [ -78.709595, 40.660677 ], [ -78.702678, 40.663304 ], [ -78.702619, 40.664541 ], [ -78.697338, 40.664532 ], [ -78.697472, 40.665243 ], [ -78.698294, 40.666669 ], [ -78.702411, 40.667801 ], [ -78.702356, 40.670245 ], [ -78.710111, 40.670014 ], [ -78.713301, 40.668818 ], [ -78.718577, 40.666856 ], [ -78.718455, 40.664783 ] ] ] } },
{ "type": "Feature", "properties": { "GEOID": "4232080", "NAME": "Hallstead borough, Pennsylvania", "population": 1167.0 }, "geometry": { "type": "Polygon", "coordinates": [ [ [ -75.751969, 41.961575 ], [ -75.753021, 41.961376 ], [ -75.752338, 41.95934 ], [ -75.747419, 41.959289 ], [ -75.745241, 41.951366 ], [ -75.742605, 41.952009 ], [ -75.742237, 41.957376 ], [ -75.741507, 41.962822 ], [ -75.74627, 41.966629 ], [ -75.747757, 41.970366 ], [ -75.75133, 41.96912 ], [ -75.750502, 41.968155 ], [ -75.754295, 41.964864 ], [ -75.751969, 41.961575 ] ] ] } },
{ "type": "Feature", "properties": { "GEOID": "4283472", "NAME": "West Mayfield borough, Pennsylvania", "population": 1163.0 }, "geometry": { "type": "Polygon", "coordinates": [ [ [ -80.346438, 40.778145 ], [ -80.345276, 40.77822 ], [ -80.344844, 40.772312 ], [ -80.336388, 40.7727 ], [ -80.334872, 40.773405 ], [ -80.330632, 40.772761 ], [ -80.330763, 40.77364 ], [ -80.330602, 40.778003 ], [ -80.330609, 40.779927 ], [ -80.331266, 40.782569 ], [ -80.331853, 40.783752 ], [ -80.335212, 40.7883 ], [ -80.339089, 40.787923 ], [ -80.345286, 40.789272 ], [ -80.345354, 40.783031 ], [ -80.346793, 40.782049 ], [ -80.346438, 40.778145 ] ] ] } },
{ "type": "Feature", "properties": { "GEOID": "4283248", "NAME": "West Kittanning borough, Pennsylvania", "population": 1152.0 }, "geometry": { "type": "Polygon", "coordinates": [ [ [ -79.535458, 40.817015 ], [ -79.537082, 40.812221 ], [ -79.535449, 40.809783 ], [ -79.52971, 40.806315 ], [ -79.530178, 40.805305 ], [ -79.523691, 40.805285 ], [ -79.524812, 40.806506 ], [ -79.524356, 40.809205 ], [ -79.533801, 40.821402 ], [ -79.53506, 40.821387 ], [ -79.537623, 40.822329 ], [ -79.535458, 40.817015 ] ] ] } },
{ "type": "Feature", "properties": { "GEOID": "4249400", "NAME": "Milford borough, Pennsylvania", "population": 1142.0 }, "geometry": { "type": "Polygon", "coordinates": [ [ [ -74.812731, 41.32651 ], [ -74.811258, 41.325587 ], [ -74.811521, 41.323544 ], [ -74.807158, 41.32277 ], [ -74.805191, 41.32087 ], [ -74.798717, 41.316795 ], [ -74.796932, 41.317129 ], [ -74.7956161, 41.3182513 ], [ -74.795822, 41.318516 ], [ -74.79504, 41.320407 ], [ -74.792116, 41.322465 ], [ -74.7908883, 41.3227966 ], [ -74.790981, 41.32314 ], [ -74.80172, 41.33054 ], [ -74.803781, 41.329617 ], [ -74.808642, 41.325725 ], [ -74.810362, 41.326915 ], [ -74.812005, 41.327122 ], [ -74.812731, 41.32651 ] ] ] } },
{ "type": "Feature", "properties": { "GEOID": "4244704", "NAME": "Loretto borough, Pennsylvania", "population": 1135.0 }, "geometry": { "type": "Polygon", "coordinates": [ [ [ -78.643643, 40.508582 ], [ -78.643376, 40.50742 ], [ -78.639865, 40.501946 ], [ -78.627788, 40.498404 ], [ -78.623418, 40.503358 ], [ -78.634686, 40.51725 ], [ -78.636009, 40.518878 ], [ -78.644302, 40.517852 ], [ -78.643643, 40.508582 ] ] ] } },
{ "type": "Feature", "properties": { "GEOID": "4266560", "NAME": "Royalton borough, Pennsylvania", "population": 1133.0 }, "geometry": { "type": "Polygon", "coordinates": [ [ [ -76.73293, 40.185007 ], [ -76.727994, 40.181258 ], [ -76.724777, 40.183481 ], [ -76.721154, 40.185982 ], [ -76.719175, 40.188058 ], [ -76.722893, 40.1916 ], [ -76.724907, 40.191472 ], [ -76.728071, 40.191788 ], [ -76.730452, 40.191556 ], [ -76.731912, 40.19095 ], [ -76.733332, 40.187643 ], [ -76.73293, 40.185007 ] ] ] } },
{ "type": "Feature", "properties": { "GEOID": "4208064", "NAME": "Bradford Woods borough, Pennsylvania", "population": 1126.0 }, "geometry": { "type": "Polygon", "coordinates": [ [ [ -80.096047, 40.635506 ], [ -80.088739, 40.635803 ], [ -80.088412, 40.629308 ], [ -80.078735, 40.629645 ], [ -80.07893, 40.632606 ], [ -80.069356, 40.632872 ], [ -80.069778, 40.642567 ], [ -80.079582, 40.642329 ], [ -80.079649, 40.645061 ], [ -80.083166, 40.646011 ], [ -80.082349, 40.642157 ], [ -80.08757, 40.642009 ], [ -80.088889, 40.639973 ], [ -80.08885, 40.638616 ], [ -80.096522, 40.638332 ], [ -80.096047, 40.635506 ] ] ] } },
{ "type": "Feature", "properties": { "GEOID": "4235896", "NAME": "Houston borough, Pennsylvania", "population": 1126.0 }, "geometry": { "type": "Polygon", "coordinates": [ [ [ -80.221735, 40.251565 ], [ -80.220114, 40.250364 ], [ -80.218485, 40.249604 ], [ -80.217592, 40.249383 ], [ -80.213144, 40.24891 ], [ -80.21454, 40.246261 ], [ -80.213907, 40.245797 ], [ -80.21459, 40.24415 ], [ -80.213494, 40.243863 ], [ -80.21158, 40.245306 ], [ -80.209779, 40.2474 ], [ -80.208121, 40.247474 ], [ -80.208791, 40.245007 ], [ -80.210225, 40.245477 ], [ -80.210548, 40.242948 ], [ -80.208992, 40.243082 ], [ -80.204661, 40.244455 ], [ -80.203775, 40.244047 ], [ -80.203302, 40.245046 ], [ -80.202729, 40.245818 ], [ -80.204019, 40.246167 ], [ -80.205033, 40.247902 ], [ -80.203904, 40.248311 ], [ -80.204804, 40.251142 ], [ -80.20656, 40.25268 ], [ -80.205759, 40.25413 ], [ -80.206187, 40.255316 ], [ -80.211831, 40.253358 ], [ -80.212418, 40.252561 ], [ -80.213037, 40.251321 ], [ -80.215699, 40.251202 ], [ -80.220163, 40.254427 ], [ -80.2213, 40.256231 ], [ -80.221735, 40.251565 ] ] ] } },
{ "type": "Feature", "properties": { "GEOID": "4284440", "NAME": "Whitaker borough, Pennsylvania", "population": 1123.0 }, "geometry": { "type": "Polygon", "coordinates": [ [ [ -79.893679, 40.395393 ], [ -79.891401, 40.396307 ], [ -79.889789, 40.395232 ], [ -79.88455, 40.397481 ], [ -79.885402, 40.398718 ], [ -79.87674, 40.402196 ], [ -79.879436, 40.404232 ], [ -79.881203, 40.405551 ], [ -79.884511, 40.407191 ], [ -79.887053, 40.407037 ], [ -79.887509, 40.4064 ], [ -79.884363, 40.403941 ], [ -79.884246, 40.403017 ], [ -79.890286, 40.400805 ], [ -79.895898, 40.398123 ], [ -79.893679, 40.395393 ] ] ] } },
{ "type": "Feature", "properties": { "GEOID": "4246000", "NAME": "McConnellsburg borough, Pennsylvania", "population": 1112.0 }, "geometry": { "type": "Polygon", "coordinates": [ [ [ -78.003102, 39.927517 ], [ -78.000977, 39.928307 ], [ -77.999901, 39.929901 ], [ -77.99783, 39.929112 ], [ -77.990993, 39.927696 ], [ -77.987326, 39.929105 ], [ -77.98983, 39.92934 ], [ -77.989227, 39.930752 ], [ -77.986626, 39.929825 ], [ -77.985176, 39.9319 ], [ -77.989151, 39.93325 ], [ -77.990989, 39.931098 ], [ -77.990211, 39.930126 ], [ -77.99398, 39.931495 ], [ -77.994347, 39.932453 ], [ -77.992627, 39.933 ], [ -77.992447, 39.935015 ], [ -77.993627, 39.935286 ], [ -77.993548, 39.937125 ], [ -77.998688, 39.937248 ], [ -78.000572, 39.933689 ], [ -78.001943, 39.933536 ], [ -78.004204, 39.929108 ], [ -78.003102, 39.927517 ] ] ] } },
{ "type": "Feature", "properties": { "GEOID": "4242392", "NAME": "Leetsdale borough, Pennsylvania", "population": 1102.0 }, "geometry": { "type": "Polygon", "coordinates": [ [ [ -80.228953, 40.572799 ], [ -80.226904, 40.57051 ], [ -80.224906, 40.567526 ], [ -80.219956, 40.561622 ], [ -80.217592, 40.559879 ], [ -80.213614, 40.555828 ], [ -80.210117, 40.553327 ], [ -80.201018, 40.559428 ], [ -80.197729, 40.561659 ], [ -80.203304, 40.566211 ], [ -80.205283, 40.564564 ], [ -80.209165, 40.567088 ], [ -80.214624, 40.571353 ], [ -80.213517, 40.572236 ], [ -80.217394, 40.574707 ], [ -80.219175, 40.579453 ], [ -80.220133, 40.579909 ], [ -80.224006, 40.577329 ], [ -80.224051, 40.575268 ], [ -80.228579, 40.573072 ], [ -80.228953, 40.572799 ] ] ] } },
{ "type": "Feature", "properties": { "GEOID": "4220776", "NAME": "East Bangor borough, Pennsylvania", "population": 1101.0 }, "geometry": { "type": "Polygon", "coordinates": [ [ [ -75.19939, 40.876109 ], [ -75.195087, 40.874391 ], [ -75.192889, 40.873518 ], [ -75.191687, 40.874645 ], [ -75.188346, 40.872386 ], [ -75.183385, 40.873237 ], [ -75.183667, 40.874683 ], [ -75.182672, 40.874801 ], [ -75.180938, 40.875047 ], [ -75.178526, 40.874251 ], [ -75.176827, 40.876138 ], [ -75.178291, 40.878059 ], [ -75.177212, 40.880258 ], [ -75.178997, 40.881211 ], [ -75.18124, 40.883666 ], [ -75.175557, 40.886496 ], [ -75.175935, 40.889196 ], [ -75.176757, 40.888933 ], [ -75.178274, 40.892237 ], [ -75.183225, 40.890142 ], [ -75.187469, 40.888834 ], [ -75.186306, 40.887349 ], [ -75.193646, 40.883639 ], [ -75.195615, 40.880785 ], [ -75.198093, 40.879645 ], [ -75.197641, 40.879241 ], [ -75.197461, 40.877915 ], [ -75.19939, 40.876109 ] ] ] } },
{ "type": "Feature", "properties": { "GEOID": "4213512", "NAME": "Christiana borough, Pennsylvania", "population": 1096.0 }, "geometry": { "type": "Polygon", "coordinates": [ [ [ -76.003541, 39.952387 ], [ -76.001526, 39.951123 ], [ -76.000075, 39.948062 ], [ -75.99712, 39.948736 ], [ -75.996844, 39.945588 ], [ -75.995072, 39.9456 ], [ -75.992347, 39.94599 ], [ -75.991408, 39.947391 ], [ -75.992618, 39.95008 ], [ -75.994644, 39.95225 ], [ -75.991534, 39.95592 ], [ -75.990645, 39.95854 ], [ -75.990123, 39.959476 ], [ -75.991746, 39.962192 ], [ -76.000644, 39.960058 ], [ -76.003795, 39.959272 ], [ -76.003541, 39.952387 ] ] ] } },
{ "type": "Feature", "properties": { "GEOID": "4261864", "NAME": "Point Marion borough, Pennsylvania", "population": 1094.0 }, "geometry": { "type": "Polygon", "coordinates": [ [ [ -79.908875, 39.727076 ], [ -79.906527, 39.728529 ], [ -79.904156, 39.727784 ], [ -79.90202, 39.72938 ], [ -79.901358, 39.728901 ], [ -79.900651, 39.730656 ], [ -79.896765, 39.733965 ], [ -79.894863, 39.733028 ], [ -79.894182, 39.73375 ], [ -79.895479, 39.734235 ], [ -79.895522, 39.735748 ], [ -79.894326, 39.737868 ], [ -79.891974, 39.735883 ], [ -79.890395, 39.736339 ], [ -79.890863, 39.737561 ], [ -79.891673, 39.738725 ], [ -79.895262, 39.740793 ], [ -79.9002, 39.74225 ], [ -79.903438, 39.743077 ], [ -79.903919, 39.737809 ], [ -79.906174, 39.733394 ], [ -79.910054, 39.728378 ], [ -79.908875, 39.727076 ] ] ] } },
{ "type": "Feature", "properties": { "GEOID": "4214800", "NAME": "Cochranton borough, Pennsylvania", "population": 1090.0 }, "geometry": { "type": "Polygon", "coordinates": [ [ [ -80.058263, 41.52057 ], [ -80.055424, 41.519979 ], [ -80.053783, 41.518453 ], [ -80.052816, 41.516394 ], [ -80.04985, 41.512782 ], [ -80.050553, 41.510102 ], [ -80.05016, 41.50933 ], [ -80.047201, 41.507276 ], [ -80.045081, 41.507342 ], [ -80.044481, 41.510074 ], [ -80.042522, 41.510165 ], [ -80.041437, 41.508646 ], [ -80.042657, 41.50634 ], [ -80.04081, 41.5068 ], [ -80.032433, 41.50895 ], [ -80.032432, 41.513405 ], [ -80.040982, 41.513933 ], [ -80.041023, 41.527478 ], [ -80.05107, 41.52785 ], [ -80.051078, 41.533256 ], [ -80.056161, 41.533265 ], [ -80.056959, 41.528256 ], [ -80.058044, 41.528263 ], [ -80.058263, 41.52057 ] ] ] } },
{ "type": "Feature", "properties": { "GEOID": "4224488", "NAME": "Factoryville borough, Pennsylvania", "population": 1089.0 }, "geometry": { "type": "Polygon", "coordinates": [ [ [ -75.790917, 41.563603 ], [ -75.787477, 41.56062 ], [ -75.785796, 41.559162 ], [ -75.785665, 41.559049 ], [ -75.786228, 41.557782 ], [ -75.787221, 41.555036 ], [ -75.787822, 41.553371 ], [ -75.789452, 41.548584 ], [ -75.784735, 41.547433 ], [ -75.779323, 41.555097 ], [ -75.772456, 41.56425 ], [ -75.772085, 41.570006 ], [ -75.77282, 41.570546 ], [ -75.776535, 41.565446 ], [ -75.778792, 41.563507 ], [ -75.78433, 41.56835 ], [ -75.786475, 41.569402 ], [ -75.789081, 41.569811 ], [ -75.789907, 41.567626 ], [ -75.788879, 41.565547 ], [ -75.789465, 41.565412 ], [ -75.790511, 41.56517 ], [ -75.79101, 41.564332 ], [ -75.790917, 41.563603 ] ] ] } },
{ "type": "Feature", "properties": { "GEOID": "4272592", "NAME": "South Waverly borough, Pennsylvania", "population": 1089.0 }, "geometry": { "type": "Polygon", "coordinates": [ [ [ -76.558681, 41.991574 ], [ -76.547744, 41.991317 ], [ -76.536786, 41.991045 ], [ -76.528699, 41.990793 ], [ -76.530509, 41.997629 ], [ -76.53213980000001, 41.9998344 ], [ -76.5349942, 41.9998697 ], [ -76.5487696, 42.0000396 ], [ -76.5576987, 42.0001498 ], [ -76.5577259, 42.0001502 ], [ -76.558645, 41.997217 ], [ -76.558681, 41.991574 ] ] ] } },
{ "type": "Feature", "properties": { "GEOID": "4262752", "NAME": "Prospect borough, Pennsylvania", "population": 1086.0 }, "geometry": { "type": "Polygon", "coordinates": [ [ [ -80.068087, 40.884989 ], [ -80.025982, 40.885764 ], [ -80.026666, 40.898392 ], [ -80.025183, 40.898461 ], [ -80.024893, 40.901905 ], [ -80.034495, 40.901531 ], [ -80.034649, 40.905011 ], [ -80.033383, 40.90506 ], [ -80.033712, 40.911531 ], [ -80.028211, 40.911908 ], [ -80.030628, 40.911858 ], [ -80.032368, 40.913242 ], [ -80.032465, 40.91492 ], [ -80.068892, 40.913407 ], [ -80.068087, 40.884989 ] ] ] } },
{ "type": "Feature", "properties": { "GEOID": "4223280", "NAME": "Ellport borough, Pennsylvania", "population": 1081.0 }, "geometry": { "type": "Polygon", "coordinates": [ [ [ -80.269982, 40.85489 ], [ -80.26137, 40.856988 ], [ -80.258976, 40.857328 ], [ -80.258079, 40.858344 ], [ -80.257346, 40.858814 ], [ -80.255238, 40.86228 ], [ -80.254731, 40.865198 ], [ -80.257445, 40.866805 ], [ -80.263603, 40.867841 ], [ -80.264057, 40.867586 ], [ -80.267807, 40.866936 ], [ -80.268822, 40.865898 ], [ -80.268166, 40.863583 ], [ -80.265725, 40.86219 ], [ -80.264588, 40.860592 ], [ -80.265449, 40.859558 ], [ -80.266373, 40.859303 ], [ -80.269095, 40.859836 ], [ -80.269673, 40.858101 ], [ -80.270981, 40.854349 ], [ -80.269982, 40.85489 ] ] ] } },
{ "type": "Feature", "properties": { "GEOID": "4275888", "NAME": "Sykesville borough, Pennsylvania", "population": 1078.0 }, "geometry": { "type": "Polygon", "coordinates": [ [ [ -78.834589, 41.040002 ], [ -78.804199, 41.040156 ], [ -78.804304, 41.05582 ], [ -78.826465, 41.056071 ], [ -78.826292, 41.050856 ], [ -78.834996, 41.050852 ], [ -78.834589, 41.040002 ] ] ] } },
{ "type": "Feature", "properties": { "GEOID": "4282968", "NAME": "Westfield borough, Pennsylvania", "population": 1075.0 }, "geometry": { "type": "Polygon", "coordinates": [ [ [ -77.547248, 41.907989 ], [ -77.529303, 41.913172 ], [ -77.528314, 41.919357 ], [ -77.532402, 41.927191 ], [ -77.554046, 41.920846 ], [ -77.547248, 41.907989 ] ] ] } },
{ "type": "Feature", "properties": { "GEOID": "4240272", "NAME": "Knox borough, Pennsylvania", "population": 1068.0 }, "geometry": { "type": "Polygon", "coordinates": [ [ [ -79.545055, 41.238321 ], [ -79.543648, 41.23831 ], [ -79.543721, 41.230042 ], [ -79.538559, 41.230135 ], [ -79.539093, 41.22798 ], [ -79.536424, 41.227544 ], [ -79.536453, 41.230144 ], [ -79.52742, 41.230186 ], [ -79.527313, 41.234864 ], [ -79.528336, 41.234797 ], [ -79.528287, 41.239566 ], [ -79.543623, 41.239669 ], [ -79.545166, 41.239502 ], [ -79.545055, 41.238321 ] ] ] } },
{ "type": "Feature", "properties": { "GEOID": "4249368", "NAME": "Milesburg borough, Pennsylvania", "population": 1062.0 }, "geometry": { "type": "Polygon", "coordinates": [ [ [ -77.804146, 40.94346 ], [ -77.798956, 40.94085 ], [ -77.796688, 40.942298 ], [ -77.791127, 40.94173 ], [ -77.791526, 40.937095 ], [ -77.789658, 40.936995 ], [ -77.789379, 40.937832 ], [ -77.786195, 40.937299 ], [ -77.785338, 40.935957 ], [ -77.784556, 40.937309 ], [ -77.781821, 40.937273 ], [ -77.783557, 40.939867 ], [ -77.780852, 40.941339 ], [ -77.781544, 40.943202 ], [ -77.782999, 40.943512 ], [ -77.784169, 40.944893 ], [ -77.786222, 40.943489 ], [ -77.787339, 40.94442 ], [ -77.786366, 40.945171 ], [ -77.789082, 40.946863 ], [ -77.790292, 40.946049 ], [ -77.791114, 40.946832 ], [ -77.796495, 40.943172 ], [ -77.799154, 40.946561 ], [ -77.800752, 40.94574 ], [ -77.8026, 40.947477 ], [ -77.80623, 40.94582 ], [ -77.804146, 40.94346 ] ] ] } },
{ "type": "Feature", "properties": { "GEOID": "4253944", "NAME": "New Philadelphia borough, Pennsylvania", "population": 1062.0 }, "geometry": { "type": "Polygon", "coordinates": [ [ [ -76.132759, 40.715103 ], [ -76.132043, 40.713925 ], [ -76.129904, 40.710456 ], [ -76.122696, 40.712842 ], [ -76.120564, 40.709088 ], [ -76.109474, 40.712405 ], [ -76.104888, 40.712064 ], [ -76.096011, 40.717012 ], [ -76.098053, 40.720383 ], [ -76.1027, 40.718885 ], [ -76.107048, 40.726619 ], [ -76.136461, 40.721134 ], [ -76.132759, 40.715103 ] ] ] } },
{ "type": "Feature", "properties": { "GEOID": "4270304", "NAME": "Shinglehouse borough, Pennsylvania", "population": 1060.0 }, "geometry": { "type": "Polygon", "coordinates": [ [ [ -78.206297, 41.955861 ], [ -78.182836, 41.955881 ], [ -78.182715, 41.962388 ], [ -78.172376, 41.962416 ], [ -78.172433, 41.975082 ], [ -78.206333, 41.975097 ], [ -78.206297, 41.955861 ] ] ] } },
{ "type": "Feature", "properties": { "GEOID": "4287040", "NAME": "Yoe borough, Pennsylvania", "population": 1058.0 }, "geometry": { "type": "Polygon", "coordinates": [ [ [ -76.642631, 39.910312 ], [ -76.639897, 39.908792 ], [ -76.638663, 39.905162 ], [ -76.637398, 39.904986 ], [ -76.634567, 39.904626 ], [ -76.634553, 39.90753 ], [ -76.630006, 39.909772 ], [ -76.632809, 39.91106 ], [ -76.637563, 39.914393 ], [ -76.639694, 39.912791 ], [ -76.642592, 39.910612 ], [ -76.642631, 39.910312 ] ] ] } },
{ "type": "Feature", "properties": { "GEOID": "4200116", "NAME": "Abbottstown borough, Pennsylvania", "population": 1048.0 }, "geometry": { "type": "Polygon", "coordinates": [ [ [ -76.997507, 39.882374 ], [ -76.996546, 39.877231 ], [ -76.988852, 39.878202 ], [ -76.988798, 39.88262 ], [ -76.979551, 39.883 ], [ -76.977888, 39.883334 ], [ -76.977442, 39.885302 ], [ -76.980131, 39.886555 ], [ -76.980469, 39.887898 ], [ -76.980672, 39.889531 ], [ -76.981948, 39.891261 ], [ -76.996042, 39.886258 ], [ -76.997771, 39.885567 ], [ -76.997393, 39.884928 ], [ -76.998124, 39.883381 ], [ -76.997507, 39.882374 ] ] ] } },
{ "type": "Feature", "properties": { "GEOID": "4272736", "NAME": "Speers borough, Pennsylvania", "population": 1047.0 }, "geometry": { "type": "Polygon", "coordinates": [ [ [ -79.897346, 40.13034 ], [ -79.889784, 40.125545 ], [ -79.889655, 40.120426 ], [ -79.890089, 40.119225 ], [ -79.887862, 40.118794 ], [ -79.882895, 40.118736 ], [ -79.879675, 40.118072 ], [ -79.878105, 40.111096 ], [ -79.874073, 40.112984 ], [ -79.870872, 40.112936 ], [ -79.87116, 40.114776 ], [ -79.867805, 40.113965 ], [ -79.867331, 40.118192 ], [ -79.864919, 40.121253 ], [ -79.874009, 40.12572 ], [ -79.877864, 40.126959 ], [ -79.884569, 40.129096 ], [ -79.886073, 40.129832 ], [ -79.887705, 40.131128 ], [ -79.888601, 40.132392 ], [ -79.893007, 40.132312 ], [ -79.895239, 40.1315 ], [ -79.895608, 40.13115 ], [ -79.897346, 40.13034 ] ] ] } },
{ "type": "Feature", "properties": { "GEOID": "4264200", "NAME": "Renovo borough, Pennsylvania", "population": 1044.0 }, "geometry": { "type": "Polygon", "coordinates": [ [ [ -77.776997, 41.325739 ], [ -77.77384, 41.325453 ], [ -77.770893, 41.324541 ], [ -77.764558, 41.324667 ], [ -77.761805, 41.325277 ], [ -77.758279, 41.325142 ], [ -77.755717, 41.324445 ], [ -77.752042, 41.324259 ], [ -77.749705, 41.324991 ], [ -77.743827, 41.326835 ], [ -77.734697, 41.3306 ], [ -77.732608, 41.3308 ], [ -77.729798, 41.330508 ], [ -77.727908, 41.329778 ], [ -77.727825, 41.330685 ], [ -77.7275, 41.334098 ], [ -77.72827, 41.33503 ], [ -77.73589, 41.344261 ], [ -77.739896, 41.344299 ], [ -77.739836, 41.330933 ], [ -77.753685, 41.329906 ], [ -77.758285, 41.329727 ], [ -77.758835, 41.331161 ], [ -77.760009, 41.330909 ], [ -77.759535, 41.329616 ], [ -77.777266, 41.328402 ], [ -77.776997, 41.325739 ] ] ] } },
{ "type": "Feature", "properties": { "GEOID": "4205936", "NAME": "Bessemer borough, Pennsylvania", "population": 1038.0 }, "geometry": { "type": "Polygon", "coordinates": [ [ [ -80.500777, 40.972736 ], [ -80.498103, 40.972847 ], [ -80.497486, 40.963925 ], [ -80.492442, 40.964105 ], [ -80.489434, 40.964198 ], [ -80.489373, 40.962983 ], [ -80.484193, 40.963215 ], [ -80.484443, 40.967172 ], [ -80.476461, 40.967853 ], [ -80.476764, 40.972982 ], [ -80.471649, 40.97303 ], [ -80.472039, 40.980177 ], [ -80.482583, 40.979954 ], [ -80.483407, 40.987583 ], [ -80.495647, 40.987203 ], [ -80.499576, 40.98705 ], [ -80.499709, 40.981753 ], [ -80.498709, 40.979744 ], [ -80.498207, 40.97534 ], [ -80.49925, 40.974224 ], [ -80.500881, 40.974173 ], [ -80.500777, 40.972736 ] ] ] } },
{ "type": "Feature", "properties": { "GEOID": "4220992", "NAME": "East Conemaugh borough, Pennsylvania", "population": 1034.0 }, "geometry": { "type": "Polygon", "coordinates": [ [ [ -78.89282, 40.339773 ], [ -78.888014, 40.342736 ], [ -78.885132, 40.343514 ], [ -78.884553, 40.34367 ], [ -78.881654, 40.347025 ], [ -78.880913, 40.351771 ], [ -78.881566, 40.352399 ], [ -78.883931, 40.353531 ], [ -78.887722, 40.351844 ], [ -78.8893, 40.351095 ], [ -78.889294, 40.346255 ], [ -78.89282, 40.339773 ] ] ] } },
{ "type": "Feature", "properties": { "GEOID": "4266192", "NAME": "Rose Valley borough, Pennsylvania", "population": 1017.0 }, "geometry": { "type": "Polygon", "coordinates": [ [ [ -75.39525, 39.893905 ], [ -75.390788, 39.890814 ], [ -75.386079, 39.888085 ], [ -75.386351, 39.887107 ], [ -75.384891, 39.885347 ], [ -75.380827, 39.884922 ], [ -75.380552, 39.889573 ], [ -75.379097, 39.891561 ], [ -75.375729, 39.896871 ], [ -75.376239, 39.897777 ], [ -75.379837, 39.89938 ], [ -75.380719, 39.89831 ], [ -75.382994, 39.899633 ], [ -75.381054, 39.902604 ], [ -75.382481, 39.902899 ], [ -75.383392, 39.901369 ], [ -75.385468, 39.902407 ], [ -75.385084, 39.903598 ], [ -75.388631, 39.904809 ], [ -75.388205, 39.901217 ], [ -75.392032, 39.900832 ], [ -75.392732, 39.895638 ], [ -75.39525, 39.893905 ] ] ] } },
{ "type": "Feature", "properties": { "GEOID": "4257232", "NAME": "Osceola Mills borough, Pennsylvania", "population": 1007.0 }, "geometry": { "type": "Polygon", "coordinates": [ [ [ -78.275563, 40.85009 ], [ -78.273827, 40.848055 ], [ -78.270666, 40.846984 ], [ -78.267742, 40.847649 ], [ -78.267584, 40.850017 ], [ -78.263953, 40.851034 ], [ -78.263042, 40.852795 ], [ -78.267916, 40.858603 ], [ -78.272224, 40.856243 ], [ -78.275899, 40.85423 ], [ -78.275563, 40.85009 ] ] ] } },
{ "type": "Feature", "properties": { "GEOID": "4225136", "NAME": "Falls Creek borough, Pennsylvania", "population": 1002.0 }, "geometry": { "type": "Polygon", "coordinates": [ [ [ -78.814053, 41.132777 ], [ -78.8045, 41.132252 ], [ -78.800222, 41.139978 ], [ -78.799072, 41.140665 ], [ -78.797385, 41.141382 ], [ -78.795148, 41.142527 ], [ -78.794814, 41.143193 ], [ -78.796207, 41.144982 ], [ -78.797014, 41.145798 ], [ -78.796809, 41.146184 ], [ -78.799641, 41.149462 ], [ -78.804327, 41.14868 ], [ -78.804306, 41.150618 ], [ -78.813372, 41.150507 ], [ -78.81443, 41.150486 ], [ -78.814053, 41.132777 ] ] ] } },
{ "type": "Feature", "properties": { "GEOID": "4211456", "NAME": "Carrolltown borough, Pennsylvania", "population": 998.0 }, "geometry": { "type": "Polygon", "coordinates": [ [ [ -78.71391, 40.601703 ], [ -78.712606, 40.601706 ], [ -78.712625, 40.599098 ], [ -78.712398, 40.596738 ], [ -78.705836, 40.596662 ], [ -78.705831, 40.59849 ], [ -78.699644, 40.598445 ], [ -78.699761, 40.609499 ], [ -78.704754, 40.609515 ], [ -78.704329, 40.611738 ], [ -78.709077, 40.611763 ], [ -78.71129, 40.613317 ], [ -78.712862, 40.614265 ], [ -78.712917, 40.605603 ], [ -78.71391, 40.601703 ] ] ] } },
{ "type": "Feature", "properties": { "GEOID": "4275072", "NAME": "Sugar Notch borough, Pennsylvania", "population": 989.0 }, "geometry": { "type": "Polygon", "coordinates": [ [ [ -75.944851, 41.190234 ], [ -75.941351, 41.189856 ], [ -75.938885, 41.185646 ], [ -75.92886, 41.187477 ], [ -75.919666, 41.193122 ], [ -75.91721, 41.193804 ], [ -75.91831, 41.196554 ], [ -75.920331, 41.19956 ], [ -75.920788, 41.199579 ], [ -75.921517, 41.200257 ], [ -75.923569, 41.2027 ], [ -75.927358, 41.201302 ], [ -75.941829, 41.196017 ], [ -75.944829, 41.195478 ], [ -75.944551, 41.195002 ], [ -75.94638, 41.194607 ], [ -75.944851, 41.190234 ] ] ] } },
{ "type": "Feature", "properties": { "GEOID": "4204848", "NAME": "Beavertown borough, Pennsylvania", "population": 984.0 }, "geometry": { "type": "Polygon", "coordinates": [ [ [ -77.183317, 40.750049 ], [ -77.179575, 40.747716 ], [ -77.169904, 40.745769 ], [ -77.164696, 40.746444 ], [ -77.15891, 40.750611 ], [ -77.160519, 40.75975 ], [ -77.169889, 40.7574 ], [ -77.177356, 40.756654 ], [ -77.179778, 40.750519 ], [ -77.183317, 40.750049 ] ] ] } },
{ "type": "Feature", "properties": { "GEOID": "4257752", "NAME": "Palo Alto borough, Pennsylvania", "population": 983.0 }, "geometry": { "type": "Polygon", "coordinates": [ [ [ -76.189128, 40.678737 ], [ -76.187523, 40.676059 ], [ -76.151052, 40.688556 ], [ -76.155152, 40.696267 ], [ -76.160909, 40.693845 ], [ -76.170208, 40.690648 ], [ -76.172722, 40.688866 ], [ -76.178952, 40.686288 ], [ -76.181477, 40.685353 ], [ -76.185069, 40.68493 ], [ -76.187451, 40.682664 ], [ -76.188879, 40.679896 ], [ -76.189128, 40.678737 ] ] ] } },
{ "type": "Feature", "properties": { "GEOID": "4236192", "NAME": "Hulmeville borough, Pennsylvania", "population": 982.0 }, "geometry": { "type": "Polygon", "coordinates": [ [ [ -74.917855, 40.145433 ], [ -74.913987, 40.142223 ], [ -74.912299, 40.14176 ], [ -74.909618, 40.141642 ], [ -74.905182, 40.138902 ], [ -74.902897, 40.135792 ], [ -74.898945, 40.133049 ], [ -74.898158, 40.133431 ], [ -74.900376, 40.140641 ], [ -74.907561, 40.146631 ], [ -74.90919, 40.145481 ], [ -74.913105, 40.148959 ], [ -74.918076, 40.145724 ], [ -74.917855, 40.145433 ] ] ] } },
{ "type": "Feature", "properties": { "GEOID": "4249944", "NAME": "Millville borough, Pennsylvania", "population": 980.0 }, "geometry": { "type": "Polygon", "coordinates": [ [ [ -76.536034, 41.120758 ], [ -76.535571, 41.120113 ], [ -76.533089, 41.119569 ], [ -76.530967, 41.117768 ], [ -76.529808, 41.114712 ], [ -76.526967, 41.11265 ], [ -76.527293, 41.108615 ], [ -76.527008, 41.106066 ], [ -76.523321, 41.10627 ], [ -76.522135, 41.107282 ], [ -76.52158, 41.109529 ], [ -76.521523, 41.113328 ], [ -76.515424, 41.125151 ], [ -76.516014, 41.131439 ], [ -76.519346, 41.131848 ], [ -76.522839, 41.126606 ], [ -76.525232, 41.125958 ], [ -76.528282, 41.125269 ], [ -76.528768, 41.126475 ], [ -76.535152, 41.129246 ], [ -76.536871, 41.125303 ], [ -76.535912, 41.123499 ], [ -76.537018, 41.121926 ], [ -76.536034, 41.120758 ] ] ] } },
{ "type": "Feature", "properties": { "GEOID": "4205288", "NAME": "Belle Vernon borough, Pennsylvania", "population": 979.0 }, "geometry": { "type": "Polygon", "coordinates": [ [ [ -79.877864, 40.126959 ], [ -79.874009, 40.12572 ], [ -79.864919, 40.121253 ], [ -79.862049, 40.119902 ], [ -79.860056, 40.125004 ], [ -79.858119, 40.128135 ], [ -79.86937, 40.12814 ], [ -79.870405, 40.129195 ], [ -79.874993, 40.129409 ], [ -79.877864, 40.126959 ] ] ] } },
{ "type": "Feature", "properties": { "GEOID": "4243968", "NAME": "Liverpool borough, Pennsylvania", "population": 979.0 }, "geometry": { "type": "Polygon", "coordinates": [ [ [ -77.002993, 40.566463 ], [ -77.002005, 40.567199 ], [ -76.999395, 40.562578 ], [ -76.997997, 40.559966 ], [ -76.991939, 40.561475 ], [ -76.99299, 40.564027 ], [ -76.992396, 40.567877 ], [ -76.990024, 40.572378 ], [ -76.988161, 40.574585 ], [ -76.983673, 40.578259 ], [ -76.976678, 40.581665 ], [ -76.980413, 40.585947 ], [ -76.987964, 40.581557 ], [ -76.989778, 40.582728 ], [ -76.992596, 40.581046 ], [ -76.991945, 40.580289 ], [ -76.995998, 40.578029 ], [ -76.994571, 40.576213 ], [ -76.998204, 40.574952 ], [ -77.002807, 40.574074 ], [ -77.002156, 40.570151 ], [ -77.002993, 40.566463 ] ] ] } },
{ "type": "Feature", "properties": { "GEOID": "4220216", "NAME": "Dunbar borough, Pennsylvania", "population": 978.0 }, "geometry": { "type": "Polygon", "coordinates": [ [ [ -79.624367, 39.971928 ], [ -79.622288, 39.971226 ], [ -79.622746, 39.973779 ], [ -79.621256, 39.974682 ], [ -79.619481, 39.974188 ], [ -79.620415, 39.972141 ], [ -79.61772, 39.969701 ], [ -79.615908, 39.971186 ], [ -79.61745, 39.97223 ], [ -79.615608, 39.973248 ], [ -79.614462, 39.972491 ], [ -79.603692, 39.980949 ], [ -79.60484, 39.98156 ], [ -79.603692, 39.982512 ], [ -79.607776, 39.985262 ], [ -79.60983, 39.98302 ], [ -79.61012, 39.98141 ], [ -79.61224, 39.982523 ], [ -79.61604, 39.98159 ], [ -79.613042, 39.983895 ], [ -79.613883, 39.985407 ], [ -79.617838, 39.984286 ], [ -79.617542, 39.983485 ], [ -79.619837, 39.981762 ], [ -79.62134, 39.978821 ], [ -79.62316, 39.979316 ], [ -79.622047, 39.976387 ], [ -79.623604, 39.975131 ], [ -79.624367, 39.971928 ] ] ] } },
{ "type": "Feature", "properties": { "GEOID": "4221728", "NAME": "East Prospect borough, Pennsylvania", "population": 961.0 }, "geometry": { "type": "Polygon", "coordinates": [ [ [ -76.527942, 39.965384 ], [ -76.522924, 39.967575 ], [ -76.521728, 39.968881 ], [ -76.520261, 39.968113 ], [ -76.516772, 39.969184 ], [ -76.515337, 39.967666 ], [ -76.5154, 39.967848 ], [ -76.512722, 39.968495 ], [ -76.512455, 39.97042 ], [ -76.513782, 39.97003 ], [ -76.518697, 39.974526 ], [ -76.521635, 39.977535 ], [ -76.524545, 39.974176 ], [ -76.52658, 39.973645 ], [ -76.52602, 39.970319 ], [ -76.527485, 39.969214 ], [ -76.526986, 39.968487 ], [ -76.529294, 39.96756 ], [ -76.527942, 39.965384 ] ] ] } },
{ "type": "Feature", "properties": { "GEOID": "4282616", "NAME": "West Brownsville borough, Pennsylvania", "population": 960.0 }, "geometry": { "type": "Polygon", "coordinates": [ [ [ -79.90924, 40.026312 ], [ -79.907994, 40.025874 ], [ -79.90204, 40.024197 ], [ -79.895616, 40.023454 ], [ -79.895469, 40.022056 ], [ -79.894686, 40.022113 ], [ -79.889954, 40.022462 ], [ -79.885246, 40.024635 ], [ -79.879992, 40.028282 ], [ -79.877166, 40.031708 ], [ -79.876216, 40.033754 ], [ -79.877048, 40.036826 ], [ -79.87868, 40.038218 ], [ -79.880726, 40.039208 ], [ -79.884889, 40.041241 ], [ -79.888057, 40.043241 ], [ -79.890632, 40.04098 ], [ -79.892808, 40.040663 ], [ -79.895346, 40.03763 ], [ -79.900125, 40.03829 ], [ -79.895342, 40.036543 ], [ -79.89328, 40.033724 ], [ -79.899502, 40.032599 ], [ -79.90132, 40.032003 ], [ -79.907274, 40.031852 ], [ -79.910612, 40.02847 ], [ -79.90924, 40.026312 ] ] ] } },
{ "type": "Feature", "properties": { "GEOID": "4212296", "NAME": "Central City borough, Pennsylvania", "population": 954.0 }, "geometry": { "type": "Polygon", "coordinates": [ [ [ -78.816308, 40.104291 ], [ -78.810553, 40.102136 ], [ -78.810077, 40.104102 ], [ -78.806764, 40.105207 ], [ -78.796688, 40.10857 ], [ -78.793018, 40.111428 ], [ -78.797199, 40.11623 ], [ -78.806823, 40.114397 ], [ -78.805299, 40.111732 ], [ -78.812331, 40.11055 ], [ -78.811342, 40.107984 ], [ -78.812831, 40.107447 ], [ -78.816249, 40.105909 ], [ -78.816308, 40.104291 ] ] ] } },
{ "type": "Feature", "properties": { "GEOID": "4218000", "NAME": "Dale borough, Pennsylvania", "population": 947.0 }, "geometry": { "type": "Polygon", "coordinates": [ [ [ -78.91302, 40.319864 ], [ -78.906592, 40.312486 ], [ -78.906467, 40.311358 ], [ -78.90618, 40.309048 ], [ -78.905336, 40.306122 ], [ -78.900979, 40.308768 ], [ -78.900966, 40.310089 ], [ -78.900931, 40.313455 ], [ -78.906973, 40.315445 ], [ -78.91276, 40.320196 ], [ -78.91302, 40.319864 ] ] ] } },
{ "type": "Feature", "properties": { "GEOID": "4228280", "NAME": "Galeton borough, Pennsylvania", "population": 947.0 }, "geometry": { "type": "Polygon", "coordinates": [ [ [ -77.660616, 41.72786 ], [ -77.657321, 41.727834 ], [ -77.65326, 41.727795 ], [ -77.630571, 41.727593 ], [ -77.630553, 41.739906 ], [ -77.660111, 41.739889 ], [ -77.660616, 41.72786 ] ] ] } },
{ "type": "Feature", "properties": { "GEOID": "4237304", "NAME": "Ivyland borough, Pennsylvania", "population": 943.0 }, "geometry": { "type": "Polygon", "coordinates": [ [ [ -75.076086, 40.202534 ], [ -75.074131, 40.201499 ], [ -75.072954, 40.200808 ], [ -75.069384, 40.2044 ], [ -75.072171, 40.206097 ], [ -75.066178, 40.211377 ], [ -75.072746, 40.215181 ], [ -75.07341, 40.215629 ], [ -75.075974, 40.212572 ], [ -75.078164, 40.209965 ], [ -75.075884, 40.208663 ], [ -75.079718, 40.204672 ], [ -75.076086, 40.202534 ] ] ] } },
{ "type": "Feature", "properties": { "GEOID": "4253248", "NAME": "New Bethlehem borough, Pennsylvania", "population": 943.0 }, "geometry": { "type": "Polygon", "coordinates": [ [ [ -79.337621, 41.002485 ], [ -79.336741, 41.002124 ], [ -79.336035, 41.000107 ], [ -79.334331, 40.999091 ], [ -79.330402, 41.000224 ], [ -79.319163, 41.001797 ], [ -79.315885, 41.003015 ], [ -79.314559, 41.004749 ], [ -79.315468, 41.005862 ], [ -79.320099, 41.003754 ], [ -79.320315, 41.006753 ], [ -79.326369, 41.006673 ], [ -79.326202, 41.009405 ], [ -79.330792, 41.008915 ], [ -79.331195, 41.011459 ], [ -79.332385, 41.011347 ], [ -79.332269, 41.008779 ], [ -79.335885, 41.008765 ], [ -79.336499, 41.004223 ], [ -79.337578, 41.004244 ], [ -79.337621, 41.002485 ] ] ] } },
{ "type": "Feature", "properties": { "GEOID": "4243656", "NAME": "Linesville borough, Pennsylvania", "population": 932.0 }, "geometry": { "type": "Polygon", "coordinates": [ [ [ -80.433238, 41.651476 ], [ -80.412865, 41.651022 ], [ -80.411763, 41.65729 ], [ -80.410279, 41.6594 ], [ -80.412245, 41.659431 ], [ -80.412159, 41.66127 ], [ -80.421941, 41.661469 ], [ -80.43271, 41.66168 ], [ -80.433238, 41.651476 ] ] ] } },
{ "type": "Feature", "properties": { "GEOID": "4230016", "NAME": "Goldsboro borough, Pennsylvania", "population": 931.0 }, "geometry": { "type": "Polygon", "coordinates": [ [ [ -76.754988, 40.153324 ], [ -76.75406, 40.150375 ], [ -76.75199, 40.146306 ], [ -76.75171, 40.145294 ], [ -76.749529, 40.145717 ], [ -76.745884, 40.146123 ], [ -76.748259, 40.155761 ], [ -76.748618, 40.161932 ], [ -76.748775, 40.162385 ], [ -76.750772, 40.161734 ], [ -76.758585, 40.160509 ], [ -76.754988, 40.153324 ] ] ] } },
{ "type": "Feature", "properties": { "GEOID": "4274288", "NAME": "Stoneboro borough, Pennsylvania", "population": 922.0 }, "geometry": { "type": "Polygon", "coordinates": [ [ [ -80.129999, 41.344549 ], [ -80.128546, 41.344588 ], [ -80.126853, 41.337364 ], [ -80.128502, 41.337328 ], [ -80.128544, 41.334439 ], [ -80.122764, 41.334099 ], [ -80.122773, 41.332695 ], [ -80.127518, 41.332552 ], [ -80.1292, 41.328563 ], [ -80.127066, 41.328347 ], [ -80.126904, 41.320651 ], [ -80.101752, 41.32094 ], [ -80.094836, 41.321104 ], [ -80.095203, 41.344472 ], [ -80.101881, 41.342672 ], [ -80.102025, 41.344949 ], [ -80.116863, 41.345116 ], [ -80.116866, 41.348653 ], [ -80.129484, 41.348459 ], [ -80.129005, 41.34697 ], [ -80.130144, 41.346855 ], [ -80.129999, 41.344549 ] ] ] } },
{ "type": "Feature", "properties": { "GEOID": "4264904", "NAME": "Rimersburg borough, Pennsylvania", "population": 919.0 }, "geometry": { "type": "Polygon", "coordinates": [ [ [ -79.508872, 41.035106 ], [ -79.504294, 41.034794 ], [ -79.502975, 41.033842 ], [ -79.502907, 41.035357 ], [ -79.49709, 41.035773 ], [ -79.499369, 41.038622 ], [ -79.500093, 41.039427 ], [ -79.49667, 41.045603 ], [ -79.499283, 41.046705 ], [ -79.498093, 41.048343 ], [ -79.500729, 41.049223 ], [ -79.504587, 41.044423 ], [ -79.508153, 41.039103 ], [ -79.506822, 41.037544 ], [ -79.508872, 41.035106 ] ] ] } },
{ "type": "Feature", "properties": { "GEOID": "4274232", "NAME": "Stockertown borough, Pennsylvania", "population": 918.0 }, "geometry": { "type": "Polygon", "coordinates": [ [ [ -75.275825, 40.754912 ], [ -75.275081, 40.754507 ], [ -75.273315, 40.753499 ], [ -75.274061, 40.750152 ], [ -75.267606, 40.748752 ], [ -75.264162, 40.749206 ], [ -75.257638, 40.747692 ], [ -75.256641, 40.747704 ], [ -75.254783, 40.746951 ], [ -75.253716, 40.74676 ], [ -75.252793, 40.753339 ], [ -75.250261, 40.752032 ], [ -75.249096, 40.752296 ], [ -75.250168, 40.759081 ], [ -75.250468, 40.760415 ], [ -75.259222, 40.759773 ], [ -75.262819, 40.758133 ], [ -75.265845, 40.758258 ], [ -75.26825, 40.762015 ], [ -75.269896, 40.762515 ], [ -75.270222, 40.764474 ], [ -75.271139, 40.764679 ], [ -75.272107, 40.763069 ], [ -75.270893, 40.760371 ], [ -75.274708, 40.759709 ], [ -75.274631, 40.75863 ], [ -75.276117, 40.758498 ], [ -75.275825, 40.754912 ] ] ] } },
{ "type": "Feature", "properties": { "GEOID": "4262712", "NAME": "Pringle borough, Pennsylvania", "population": 913.0 }, "geometry": { "type": "Polygon", "coordinates": [ [ [ -75.913522, 41.27283 ], [ -75.910916, 41.274275 ], [ -75.912397, 41.275791 ], [ -75.909837, 41.277211 ], [ -75.904688, 41.272068 ], [ -75.899818, 41.274823 ], [ -75.898067, 41.276333 ], [ -75.894074, 41.272385 ], [ -75.892594, 41.273646 ], [ -75.890477, 41.27553 ], [ -75.895547, 41.280773 ], [ -75.897825, 41.283069 ], [ -75.900428, 41.283201 ], [ -75.915352, 41.274704 ], [ -75.913522, 41.27283 ] ] ] } },
{ "type": "Feature", "properties": { "GEOID": "4249240", "NAME": "Midway borough, Pennsylvania", "population": 908.0 }, "geometry": { "type": "Polygon", "coordinates": [ [ [ -80.297388, 40.364193 ], [ -80.29837, 40.362977 ], [ -80.295898, 40.361785 ], [ -80.294131, 40.362648 ], [ -80.29412, 40.363886 ], [ -80.285061, 40.363335 ], [ -80.285033, 40.365484 ], [ -80.286479, 40.365612 ], [ -80.285943, 40.370125 ], [ -80.288718, 40.370478 ], [ -80.288691, 40.371529 ], [ -80.286889, 40.371542 ], [ -80.286373, 40.374115 ], [ -80.285357, 40.37467 ], [ -80.285598, 40.376874 ], [ -80.286499, 40.378633 ], [ -80.288708, 40.378548 ], [ -80.288762, 40.375069 ], [ -80.2908, 40.374837 ], [ -80.291475, 40.372349 ], [ -80.292596, 40.370822 ], [ -80.297376, 40.370625 ], [ -80.298146, 40.368561 ], [ -80.298595, 40.36734 ], [ -80.296735, 40.366707 ], [ -80.298611, 40.364643 ], [ -80.297388, 40.364193 ] ] ] } },
{ "type": "Feature", "properties": { "GEOID": "4272168", "NAME": "South Fork borough, Pennsylvania", "population": 907.0 }, "geometry": { "type": "Polygon", "coordinates": [ [ [ -78.800781, 40.361894 ], [ -78.790144, 40.35762 ], [ -78.784314, 40.358746 ], [ -78.784163, 40.360674 ], [ -78.786881, 40.363878 ], [ -78.787545, 40.367313 ], [ -78.783874, 40.36831 ], [ -78.784713, 40.369879 ], [ -78.785383, 40.370336 ], [ -78.785457, 40.370434 ], [ -78.785509, 40.370501 ], [ -78.786065, 40.370338 ], [ -78.798609, 40.366895 ], [ -78.799188, 40.365898 ], [ -78.799263, 40.365708 ], [ -78.800781, 40.361894 ] ] ] } },
{ "type": "Feature", "properties": { "GEOID": "4232688", "NAME": "Harmony borough, Pennsylvania", "population": 905.0 }, "geometry": { "type": "Polygon", "coordinates": [ [ [ -80.131453, 40.799161 ], [ -80.131326, 40.798842 ], [ -80.131864, 40.797874 ], [ -80.131272, 40.795015 ], [ -80.130895, 40.793181 ], [ -80.12778, 40.793525 ], [ -80.1276, 40.79249 ], [ -80.127416, 40.791279 ], [ -80.125327, 40.79188 ], [ -80.125998, 40.795113 ], [ -80.128138, 40.79531 ], [ -80.126908, 40.79972 ], [ -80.125262, 40.799807 ], [ -80.122717, 40.797717 ], [ -80.12253, 40.79991 ], [ -80.124594, 40.801616 ], [ -80.125611, 40.803525 ], [ -80.123624, 40.804533 ], [ -80.119111, 40.804648 ], [ -80.112484, 40.804144 ], [ -80.111967, 40.805448 ], [ -80.114492, 40.806265 ], [ -80.116368, 40.809109 ], [ -80.123416, 40.806307 ], [ -80.123618, 40.805404 ], [ -80.127028, 40.806016 ], [ -80.127869, 40.804713 ], [ -80.13047, 40.80482 ], [ -80.1321, 40.803015 ], [ -80.131453, 40.799161 ] ] ] } },
{ "type": "Feature", "properties": { "GEOID": "4223296", "NAME": "Ellsworth borough, Pennsylvania", "population": 899.0 }, "geometry": { "type": "Polygon", "coordinates": [ [ [ -80.029935, 40.109288 ], [ -80.027967, 40.109032 ], [ -80.02815, 40.106576 ], [ -80.028129, 40.10561 ], [ -80.021006, 40.097336 ], [ -80.020254, 40.097832 ], [ -80.015118, 40.098296 ], [ -80.013918, 40.102632 ], [ -80.015713, 40.107654 ], [ -80.015286, 40.110621 ], [ -80.015232, 40.112918 ], [ -80.016285, 40.113494 ], [ -80.018833, 40.115337 ], [ -80.023358, 40.115432 ], [ -80.025022, 40.11548 ], [ -80.027311, 40.117383 ], [ -80.028655, 40.116647 ], [ -80.026655, 40.1138 ], [ -80.029023, 40.113368 ], [ -80.029935, 40.109288 ] ] ] } },
{ "type": "Feature", "properties": { "GEOID": "4207880", "NAME": "Bowmanstown borough, Pennsylvania", "population": 895.0 }, "geometry": { "type": "Polygon", "coordinates": [ [ [ -75.672229, 40.803274 ], [ -75.668979, 40.799335 ], [ -75.668048, 40.797676 ], [ -75.660005, 40.794005 ], [ -75.657523, 40.793308 ], [ -75.6556, 40.794681 ], [ -75.653281, 40.795386 ], [ -75.652945, 40.799139 ], [ -75.654839, 40.800764 ], [ -75.650961, 40.803061 ], [ -75.656477, 40.809179 ], [ -75.660485, 40.808923 ], [ -75.661523, 40.809468 ], [ -75.6664, 40.809423 ], [ -75.665965, 40.807112 ], [ -75.671009, 40.805085 ], [ -75.672229, 40.803274 ] ] ] } },
{ "type": "Feature", "properties": { "GEOID": "4202928", "NAME": "Arendtsville borough, Pennsylvania", "population": 890.0 }, "geometry": { "type": "Polygon", "coordinates": [ [ [ -77.311406, 39.926254 ], [ -77.303065, 39.916863 ], [ -77.300481, 39.915739 ], [ -77.293201, 39.915874 ], [ -77.29219, 39.9162 ], [ -77.290556, 39.921783 ], [ -77.287005, 39.921749 ], [ -77.290936, 39.923791 ], [ -77.292417, 39.924894 ], [ -77.293898, 39.926938 ], [ -77.295364, 39.929013 ], [ -77.300881, 39.930831 ], [ -77.305223, 39.930932 ], [ -77.311406, 39.926254 ] ] ] } },
{ "type": "Feature", "properties": { "GEOID": "4204816", "NAME": "Beaver Meadows borough, Pennsylvania", "population": 889.0 }, "geometry": { "type": "Polygon", "coordinates": [ [ [ -75.920294, 40.926869 ], [ -75.90743, 40.928139 ], [ -75.905667, 40.928661 ], [ -75.905381, 40.93296 ], [ -75.920913, 40.9315 ], [ -75.920294, 40.926869 ] ] ] } },
{ "type": "Feature", "properties": { "GEOID": "4204896", "NAME": "Bechtelsville borough, Pennsylvania", "population": 888.0 }, "geometry": { "type": "Polygon", "coordinates": [ [ [ -75.639387, 40.368527 ], [ -75.630006, 40.364171 ], [ -75.630003, 40.363053 ], [ -75.629414, 40.362998 ], [ -75.628007, 40.36283 ], [ -75.627912, 40.365742 ], [ -75.625495, 40.367753 ], [ -75.623932, 40.37067 ], [ -75.624533, 40.371068 ], [ -75.623671, 40.376684 ], [ -75.627461, 40.377286 ], [ -75.63057, 40.377813 ], [ -75.633512, 40.376082 ], [ -75.634839, 40.375368 ], [ -75.635663, 40.374927 ], [ -75.639387, 40.368527 ] ] ] } },
{ "type": "Feature", "properties": { "GEOID": "4243408", "NAME": "Lincoln borough, Pennsylvania", "population": 888.0 }, "geometry": { "type": "Polygon", "coordinates": [ [ [ -79.884177, 40.311453 ], [ -79.876862, 40.30906 ], [ -79.871528, 40.305112 ], [ -79.868453, 40.302003 ], [ -79.86778, 40.300231 ], [ -79.8671, 40.295992 ], [ -79.86832, 40.291141 ], [ -79.870686, 40.287896 ], [ -79.875027, 40.284195 ], [ -79.876178, 40.283596 ], [ -79.877761, 40.28263 ], [ -79.87451, 40.279645 ], [ -79.875348, 40.278859 ], [ -79.871776, 40.276371 ], [ -79.870332, 40.276454 ], [ -79.866437, 40.279218 ], [ -79.864933, 40.278973 ], [ -79.862196, 40.277468 ], [ -79.855926, 40.278497 ], [ -79.85187, 40.279356 ], [ -79.849379, 40.281042 ], [ -79.846277, 40.284213 ], [ -79.842382, 40.28512 ], [ -79.841262, 40.285437 ], [ -79.838394, 40.289613 ], [ -79.835678, 40.29021 ], [ -79.834151, 40.291347 ], [ -79.832269, 40.293932 ], [ -79.829975, 40.296151 ], [ -79.829311, 40.298341 ], [ -79.832311, 40.299186 ], [ -79.837886, 40.301655 ], [ -79.839537, 40.302732 ], [ -79.836889, 40.30742 ], [ -79.835635, 40.308954 ], [ -79.837772, 40.314648 ], [ -79.840217, 40.318307 ], [ -79.84117, 40.320149 ], [ -79.8475, 40.317289 ], [ -79.852298, 40.317939 ], [ -79.853576, 40.319282 ], [ -79.855825, 40.319099 ], [ -79.858162, 40.321132 ], [ -79.859542, 40.319234 ], [ -79.85774, 40.318806 ], [ -79.858481, 40.317746 ], [ -79.860138, 40.318475 ], [ -79.860299, 40.315095 ], [ -79.864514, 40.316331 ], [ -79.863903, 40.317364 ], [ -79.867076, 40.319518 ], [ -79.870014, 40.316022 ], [ -79.872191, 40.315951 ], [ -79.873874, 40.31754 ], [ -79.874683, 40.317126 ], [ -79.877823, 40.313095 ], [ -79.881828, 40.314958 ], [ -79.884177, 40.311453 ] ] ] } },
{ "type": "Feature", "properties": { "GEOID": "4277704", "NAME": "Trumbauersville borough, Pennsylvania", "population": 881.0 }, "geometry": { "type": "Polygon", "coordinates": [ [ [ -75.392243, 40.414895 ], [ -75.392097, 40.413636 ], [ -75.38813, 40.412211 ], [ -75.380559, 40.409093 ], [ -75.380579, 40.408005 ], [ -75.376517, 40.407926 ], [ -75.370788, 40.414281 ], [ -75.367902, 40.415002 ], [ -75.368477, 40.417587 ], [ -75.369452, 40.417673 ], [ -75.370496, 40.415881 ], [ -75.388742, 40.416191 ], [ -75.392378, 40.416049 ], [ -75.392243, 40.414895 ] ] ] } },
{ "type": "Feature", "properties": { "GEOID": "4245992", "NAME": "McClure borough, Pennsylvania", "population": 880.0 }, "geometry": { "type": "Polygon", "coordinates": [ [ [ -77.339653, 40.699885 ], [ -77.303509, 40.695424 ], [ -77.295022, 40.697728 ], [ -77.295289, 40.698838 ], [ -77.283913, 40.703286 ], [ -77.290581, 40.716866 ], [ -77.28624, 40.719166 ], [ -77.28846, 40.722195 ], [ -77.289467, 40.721935 ], [ -77.291644, 40.723885 ], [ -77.30079, 40.719516 ], [ -77.303295, 40.721957 ], [ -77.310519, 40.719423 ], [ -77.315801, 40.717176 ], [ -77.31886, 40.715238 ], [ -77.322753, 40.713825 ], [ -77.325062, 40.715876 ], [ -77.327499, 40.714813 ], [ -77.33526, 40.709803 ], [ -77.337218, 40.710585 ], [ -77.339193, 40.709687 ], [ -77.338603, 40.707305 ], [ -77.344676, 40.705077 ], [ -77.339653, 40.699885 ] ] ] } },
{ "type": "Feature", "properties": { "GEOID": "4205848", "NAME": "Bernville borough, Pennsylvania", "population": 876.0 }, "geometry": { "type": "Polygon", "coordinates": [ [ [ -76.115868, 40.430999 ], [ -76.113464, 40.427748 ], [ -76.108294, 40.427295 ], [ -76.10537, 40.427695 ], [ -76.105025, 40.428667 ], [ -76.104226, 40.430925 ], [ -76.107855, 40.43898 ], [ -76.11156, 40.440747 ], [ -76.114361, 40.438682 ], [ -76.116816, 40.437888 ], [ -76.115868, 40.430999 ] ] ] } },
{ "type": "Feature", "properties": { "GEOID": "4257544", "NAME": "Paint borough, Pennsylvania", "population": 875.0 }, "geometry": { "type": "Polygon", "coordinates": [ [ [ -78.859259, 40.237194 ], [ -78.854631, 40.237244 ], [ -78.854609, 40.239481 ], [ -78.849797, 40.241141 ], [ -78.84829, 40.239313 ], [ -78.845317, 40.240691 ], [ -78.843141, 40.239406 ], [ -78.839013, 40.244754 ], [ -78.847958, 40.244929 ], [ -78.851167, 40.245988 ], [ -78.853169, 40.245723 ], [ -78.856324, 40.24318 ], [ -78.859461, 40.239869 ], [ -78.859259, 40.237194 ] ] ] } },
{ "type": "Feature", "properties": { "GEOID": "4203688", "NAME": "Avonmore borough, Pennsylvania", "population": 873.0 }, "geometry": { "type": "Polygon", "coordinates": [ [ [ -79.490057, 40.524774 ], [ -79.487298, 40.521367 ], [ -79.475909, 40.5178 ], [ -79.47344, 40.521707 ], [ -79.46272, 40.521189 ], [ -79.459265, 40.51982 ], [ -79.456545, 40.523237 ], [ -79.449126, 40.528241 ], [ -79.450176, 40.530149 ], [ -79.451497, 40.531857 ], [ -79.455033, 40.534107 ], [ -79.460561, 40.534294 ], [ -79.464289, 40.53408 ], [ -79.469732, 40.532574 ], [ -79.475739, 40.529538 ], [ -79.477264, 40.529962 ], [ -79.477877, 40.531528 ], [ -79.476802, 40.533981 ], [ -79.476918, 40.535779 ], [ -79.479337, 40.537038 ], [ -79.481872, 40.536937 ], [ -79.483329, 40.536208 ], [ -79.484706, 40.534282 ], [ -79.482591, 40.534075 ], [ -79.481819, 40.532345 ], [ -79.482304, 40.529066 ], [ -79.483663, 40.52861 ], [ -79.484314, 40.526368 ], [ -79.48756, 40.52484 ], [ -79.490057, 40.524774 ] ] ] } },
{ "type": "Feature", "properties": { "GEOID": "4213440", "NAME": "Chicora borough, Pennsylvania", "population": 870.0 }, "geometry": { "type": "Polygon", "coordinates": [ [ [ -79.748253, 40.94694 ], [ -79.746425, 40.946961 ], [ -79.742843, 40.94531 ], [ -79.742819, 40.946654 ], [ -79.740996, 40.946219 ], [ -79.741168, 40.945328 ], [ -79.738075, 40.944184 ], [ -79.736687, 40.946265 ], [ -79.734245, 40.945419 ], [ -79.733619, 40.946802 ], [ -79.732276, 40.946396 ], [ -79.731471, 40.948217 ], [ -79.731466, 40.951144 ], [ -79.732404, 40.952779 ], [ -79.734457, 40.953304 ], [ -79.734692, 40.955735 ], [ -79.734859, 40.955736 ], [ -79.734988, 40.955735 ], [ -79.735047, 40.955734 ], [ -79.735137, 40.955733 ], [ -79.747404, 40.955193 ], [ -79.74831, 40.954892 ], [ -79.747361, 40.951943 ], [ -79.748336, 40.951898 ], [ -79.748253, 40.94694 ] ] ] } },
{ "type": "Feature", "properties": { "GEOID": "4224432", "NAME": "Export borough, Pennsylvania", "population": 865.0 }, "geometry": { "type": "Polygon", "coordinates": [ [ [ -79.637079, 40.419273 ], [ -79.634796, 40.41901 ], [ -79.627704, 40.416142 ], [ -79.625205, 40.414064 ], [ -79.621564, 40.41289 ], [ -79.619418, 40.410486 ], [ -79.615491, 40.41269 ], [ -79.612999, 40.411007 ], [ -79.615653, 40.41549 ], [ -79.617849, 40.41725 ], [ -79.616764, 40.419056 ], [ -79.618497, 40.419782 ], [ -79.619356, 40.41826 ], [ -79.621531, 40.418978 ], [ -79.619915, 40.421225 ], [ -79.620504, 40.422272 ], [ -79.622497, 40.422504 ], [ -79.622907, 40.421092 ], [ -79.626428, 40.421169 ], [ -79.628447, 40.421797 ], [ -79.630568, 40.421346 ], [ -79.630932, 40.420049 ], [ -79.629304, 40.420028 ], [ -79.629349, 40.418664 ], [ -79.631629, 40.418742 ], [ -79.635429, 40.420328 ], [ -79.637042, 40.420983 ], [ -79.637079, 40.419273 ] ] ] } },
{ "type": "Feature", "properties": { "GEOID": "4236640", "NAME": "Hyndman borough, Pennsylvania", "population": 849.0 }, "geometry": { "type": "Polygon", "coordinates": [ [ [ -78.730075, 39.822709 ], [ -78.721939, 39.817949 ], [ -78.721782, 39.815612 ], [ -78.720648, 39.813871 ], [ -78.719367, 39.813842 ], [ -78.719103, 39.80954 ], [ -78.715022, 39.81445 ], [ -78.713287, 39.821324 ], [ -78.714421, 39.82231 ], [ -78.718658, 39.823117 ], [ -78.720461, 39.823975 ], [ -78.721658, 39.826221 ], [ -78.724917, 39.828741 ], [ -78.72585, 39.828915 ], [ -78.726408, 39.828049 ], [ -78.72443, 39.826349 ], [ -78.727058, 39.827274 ], [ -78.730722, 39.827706 ], [ -78.730075, 39.822709 ] ] ] } },
{ "type": "Feature", "properties": { "GEOID": "4243248", "NAME": "Lilly borough, Pennsylvania", "population": 842.0 }, "geometry": { "type": "Polygon", "coordinates": [ [ [ -78.625269, 40.425442 ], [ -78.626907, 40.425208 ], [ -78.625341, 40.418976 ], [ -78.620536, 40.416311 ], [ -78.614723, 40.422214 ], [ -78.610045, 40.426315 ], [ -78.616357, 40.428263 ], [ -78.618086, 40.429561 ], [ -78.622039, 40.42973 ], [ -78.62193, 40.431483 ], [ -78.625238, 40.43138 ], [ -78.624435, 40.428703 ], [ -78.62733, 40.427986 ], [ -78.625269, 40.425442 ] ] ] } },
{ "type": "Feature", "properties": { "GEOID": "4267120", "NAME": "Saegertown borough, Pennsylvania", "population": 840.0 }, "geometry": { "type": "Polygon", "coordinates": [ [ [ -80.152067, 41.719641 ], [ -80.147444, 41.715489 ], [ -80.146086, 41.713479 ], [ -80.146272, 41.709968 ], [ -80.13896, 41.710286 ], [ -80.134844, 41.707507 ], [ -80.13491, 41.70468 ], [ -80.125807, 41.704522 ], [ -80.125625, 41.70544 ], [ -80.12556, 41.718767 ], [ -80.125464, 41.725021 ], [ -80.149839, 41.725305 ], [ -80.149488, 41.723191 ], [ -80.152067, 41.719641 ] ] ] } },
{ "type": "Feature", "properties": { "GEOID": "4264856", "NAME": "Riegelsville borough, Pennsylvania", "population": 837.0 }, "geometry": { "type": "Polygon", "coordinates": [ [ [ -75.207645, 40.601211 ], [ -75.204492, 40.595454 ], [ -75.207602, 40.594121 ], [ -75.20602, 40.591923 ], [ -75.207039, 40.59153 ], [ -75.207947, 40.588822 ], [ -75.199441, 40.588841 ], [ -75.199451, 40.58644 ], [ -75.191665, 40.5857353 ], [ -75.190796, 40.586838 ], [ -75.190146, 40.590359 ], [ -75.1903694, 40.591642 ], [ -75.192291, 40.602676 ], [ -75.1937333, 40.6043089 ], [ -75.195923, 40.606788 ], [ -75.196803, 40.60858 ], [ -75.209036, 40.603088 ], [ -75.207645, 40.601211 ] ] ] } },
{ "type": "Feature", "properties": { "GEOID": "4251632", "NAME": "Mount Jewett borough, Pennsylvania", "population": 828.0 }, "geometry": { "type": "Polygon", "coordinates": [ [ [ -78.667377, 41.724261 ], [ -78.667309, 41.717066 ], [ -78.621091, 41.717345 ], [ -78.621291, 41.723919 ], [ -78.621545, 41.732286 ], [ -78.667444, 41.731631 ], [ -78.667377, 41.724261 ] ] ] } },
{ "type": "Feature", "properties": { "GEOID": "4269400", "NAME": "Sewickley Heights borough, Pennsylvania", "population": 827.0 }, "geometry": { "type": "Polygon", "coordinates": [ [ [ -80.181519, 40.561768 ], [ -80.180655, 40.557234 ], [ -80.180552, 40.549151 ], [ -80.181513, 40.548595 ], [ -80.178305, 40.545311 ], [ -80.174232, 40.548133 ], [ -80.174606, 40.549736 ], [ -80.171755, 40.550696 ], [ -80.171658, 40.548389 ], [ -80.173144, 40.548828 ], [ -80.173253, 40.547188 ], [ -80.17724, 40.544262 ], [ -80.174639, 40.541615 ], [ -80.172858, 40.540532 ], [ -80.171561, 40.541274 ], [ -80.168527, 40.540576 ], [ -80.166129, 40.541146 ], [ -80.162761, 40.544071 ], [ -80.163902, 40.546709 ], [ -80.161695, 40.547445 ], [ -80.160806, 40.545252 ], [ -80.158992, 40.546135 ], [ -80.158893, 40.548288 ], [ -80.156267, 40.547519 ], [ -80.156291, 40.545613 ], [ -80.157238, 40.544588 ], [ -80.154379, 40.544712 ], [ -80.156527, 40.542588 ], [ -80.161271, 40.542719 ], [ -80.163138, 40.541564 ], [ -80.157349, 40.541611 ], [ -80.157316, 40.540944 ], [ -80.151179, 40.541248 ], [ -80.14641, 40.541151 ], [ -80.145918, 40.534402 ], [ -80.140424, 40.534467 ], [ -80.140301, 40.532731 ], [ -80.133203, 40.532963 ], [ -80.132705, 40.535239 ], [ -80.133958, 40.540193 ], [ -80.133962, 40.541028 ], [ -80.131651, 40.541076 ], [ -80.131707, 40.545275 ], [ -80.126406, 40.545464 ], [ -80.126213, 40.550921 ], [ -80.128977, 40.552322 ], [ -80.127333, 40.553061 ], [ -80.128014, 40.557071 ], [ -80.124441, 40.556467 ], [ -80.125089, 40.560515 ], [ -80.123427, 40.562994 ], [ -80.122898, 40.564755 ], [ -80.123374, 40.567745 ], [ -80.128613, 40.567576 ], [ -80.128376, 40.570881 ], [ -80.128532, 40.573489 ], [ -80.133501, 40.573384 ], [ -80.136569, 40.572034 ], [ -80.138076, 40.576063 ], [ -80.139777, 40.578325 ], [ -80.142902, 40.578229 ], [ -80.143133, 40.583307 ], [ -80.142108, 40.584347 ], [ -80.151647, 40.583996 ], [ -80.152203, 40.588017 ], [ -80.15602, 40.587929 ], [ -80.155392, 40.577826 ], [ -80.156645, 40.57705 ], [ -80.170521, 40.576211 ], [ -80.181517, 40.576121 ], [ -80.181012, 40.564613 ], [ -80.181519, 40.561768 ] ] ] } },
{ "type": "Feature", "properties": { "GEOID": "4254056", "NAME": "New Salem borough, Pennsylvania", "population": 822.0 }, "geometry": { "type": "Polygon", "coordinates": [ [ [ -76.799875, 39.901761 ], [ -76.794303, 39.900385 ], [ -76.790379, 39.8974 ], [ -76.788855, 39.897571 ], [ -76.784053, 39.898495 ], [ -76.784825, 39.903563 ], [ -76.787271, 39.907238 ], [ -76.791485, 39.91047 ], [ -76.793334, 39.910204 ], [ -76.796756, 39.909145 ], [ -76.796599, 39.908264 ], [ -76.796853, 39.907263 ], [ -76.799875, 39.901761 ] ] ] } },
{ "type": "Feature", "properties": { "GEOID": "4249768", "NAME": "Millheim borough, Pennsylvania", "population": 821.0 }, "geometry": { "type": "Polygon", "coordinates": [ [ [ -77.488351, 40.884291 ], [ -77.486932, 40.884489 ], [ -77.486759, 40.882334 ], [ -77.483011, 40.882065 ], [ -77.472798, 40.885927 ], [ -77.474532, 40.888572 ], [ -77.471359, 40.888643 ], [ -77.471371, 40.890558 ], [ -77.469064, 40.89165 ], [ -77.463403, 40.891834 ], [ -77.463605, 40.894865 ], [ -77.458894, 40.897688 ], [ -77.459511, 40.89996 ], [ -77.464848, 40.897419 ], [ -77.465248, 40.903495 ], [ -77.476098, 40.900581 ], [ -77.480796, 40.903922 ], [ -77.482193, 40.90097 ], [ -77.487623, 40.898336 ], [ -77.48713, 40.890261 ], [ -77.486286, 40.888179 ], [ -77.488948, 40.887533 ], [ -77.488351, 40.884291 ] ] ] } },
{ "type": "Feature", "properties": { "GEOID": "4205680", "NAME": "Benton borough, Pennsylvania", "population": 819.0 }, "geometry": { "type": "Polygon", "coordinates": [ [ [ -76.393227, 41.190962 ], [ -76.386254, 41.188446 ], [ -76.379929, 41.187443 ], [ -76.38021, 41.191608 ], [ -76.375512, 41.198989 ], [ -76.389677, 41.204328 ], [ -76.390533, 41.195016 ], [ -76.393227, 41.190962 ] ] ] } },
{ "type": "Feature", "properties": { "GEOID": "4249304", "NAME": "Mifflintown borough, Pennsylvania", "population": 819.0 }, "geometry": { "type": "Polygon", "coordinates": [ [ [ -77.399459, 40.568578 ], [ -77.396705, 40.568206 ], [ -77.392636, 40.5683 ], [ -77.392661, 40.571165 ], [ -77.390215, 40.572219 ], [ -77.392425, 40.574593 ], [ -77.394121, 40.574602 ], [ -77.397992, 40.573133 ], [ -77.399459, 40.568578 ] ] ] } },
{ "type": "Feature", "properties": { "GEOID": "4261512", "NAME": "Pleasantville borough, Pennsylvania", "population": 819.0 }, "geometry": { "type": "Polygon", "coordinates": [ [ [ -79.592331, 41.589739 ], [ -79.585557, 41.589832 ], [ -79.585506, 41.586435 ], [ -79.570614, 41.586422 ], [ -79.57057, 41.599629 ], [ -79.59228, 41.599754 ], [ -79.592331, 41.589739 ] ] ] } },
{ "type": "Feature", "properties": { "GEOID": "4265736", "NAME": "Rockwood borough, Pennsylvania", "population": 811.0 }, "geometry": { "type": "Polygon", "coordinates": [ [ [ -79.166155, 39.911412 ], [ -79.162092, 39.912683 ], [ -79.159639, 39.911788 ], [ -79.153451, 39.913675 ], [ -79.150647, 39.913639 ], [ -79.151485, 39.915231 ], [ -79.14875, 39.918557 ], [ -79.149154, 39.920182 ], [ -79.150865, 39.920794 ], [ -79.15126, 39.920143 ], [ -79.154012, 39.919765 ], [ -79.157529, 39.918768 ], [ -79.16695, 39.914758 ], [ -79.166155, 39.911412 ] ] ] } },
{ "type": "Feature", "properties": { "GEOID": "4232032", "NAME": "Halifax borough, Pennsylvania", "population": 810.0 }, "geometry": { "type": "Polygon", "coordinates": [ [ [ -76.936591, 40.455088 ], [ -76.935109, 40.455476 ], [ -76.934903, 40.457939 ], [ -76.932189, 40.462912 ], [ -76.933963, 40.463575 ], [ -76.932996, 40.46467 ], [ -76.925096, 40.464415 ], [ -76.924983, 40.466015 ], [ -76.926782, 40.466155 ], [ -76.926244, 40.469591 ], [ -76.928163, 40.469855 ], [ -76.934619, 40.47063 ], [ -76.936221, 40.464527 ], [ -76.939667, 40.459325 ], [ -76.936591, 40.455088 ] ] ] } },
{ "type": "Feature", "properties": { "GEOID": "4215808", "NAME": "Connoquenessing borough, Pennsylvania", "population": 809.0 }, "geometry": { "type": "Polygon", "coordinates": [ [ [ -80.029453, 40.813478 ], [ -80.024972, 40.813548 ], [ -80.024951, 40.807741 ], [ -80.020549, 40.807762 ], [ -80.014956, 40.809344 ], [ -80.012332, 40.809364 ], [ -80.011036, 40.810997 ], [ -80.009449, 40.810793 ], [ -80.006335, 40.813571 ], [ -79.999628, 40.81631 ], [ -79.999542, 40.816787 ], [ -79.999185, 40.818766 ], [ -80.000651, 40.818706 ], [ -80.000634, 40.824669 ], [ -80.011174, 40.824083 ], [ -80.017783, 40.824821 ], [ -80.018015, 40.825912 ], [ -80.02463, 40.8252 ], [ -80.024035, 40.821683 ], [ -80.029255, 40.821447 ], [ -80.028525, 40.817016 ], [ -80.029453, 40.813478 ] ] ] } },
{ "type": "Feature", "properties": { "GEOID": "4255136", "NAME": "North Irwin borough, Pennsylvania", "population": 804.0 }, "geometry": { "type": "Polygon", "coordinates": [ [ [ -79.716843, 40.336118 ], [ -79.710307, 40.336228 ], [ -79.707817, 40.335249 ], [ -79.706714, 40.33998 ], [ -79.705871, 40.342073 ], [ -79.713891, 40.341943 ], [ -79.716592, 40.339071 ], [ -79.717386, 40.337362 ], [ -79.716843, 40.336118 ] ] ] } },
{ "type": "Feature", "properties": { "GEOID": "4220840", "NAME": "East Brady borough, Pennsylvania", "population": 799.0 }, "geometry": { "type": "Polygon", "coordinates": [ [ [ -79.62429, 40.978745 ], [ -79.622759, 40.976374 ], [ -79.618352, 40.974142 ], [ -79.613146, 40.973146 ], [ -79.604318, 40.982141 ], [ -79.605335, 40.983296 ], [ -79.602525, 40.983946 ], [ -79.600672, 40.985803 ], [ -79.60587, 40.994397 ], [ -79.610427, 40.993224 ], [ -79.619067, 40.98896 ], [ -79.623491, 40.98456 ], [ -79.624481, 40.981836 ], [ -79.62429, 40.978745 ] ] ] } },
{ "type": "Feature", "properties": { "GEOID": "4266720", "NAME": "Rural Valley borough, Pennsylvania", "population": 798.0 }, "geometry": { "type": "Polygon", "coordinates": [ [ [ -79.329779, 40.797781 ], [ -79.32612, 40.797391 ], [ -79.326161, 40.785361 ], [ -79.324824, 40.78541 ], [ -79.314618, 40.785186 ], [ -79.309795, 40.786079 ], [ -79.306285, 40.789645 ], [ -79.306436, 40.796023 ], [ -79.304136, 40.796378 ], [ -79.300556, 40.798583 ], [ -79.304613, 40.814392 ], [ -79.304768, 40.814982 ], [ -79.309094, 40.813918 ], [ -79.316503, 40.810748 ], [ -79.326583, 40.804851 ], [ -79.329655, 40.804755 ], [ -79.329693, 40.802709 ], [ -79.329779, 40.797781 ] ] ] } },
{ "type": "Feature", "properties": { "GEOID": "4262304", "NAME": "Port Royal borough, Pennsylvania", "population": 797.0 }, "geometry": { "type": "Polygon", "coordinates": [ [ [ -77.396723, 40.530627 ], [ -77.389009, 40.526571 ], [ -77.383516, 40.52734 ], [ -77.384026, 40.527912 ], [ -77.384057, 40.530686 ], [ -77.380871, 40.532694 ], [ -77.383244, 40.53717 ], [ -77.385788, 40.540593 ], [ -77.391553, 40.541544 ], [ -77.391523, 40.539471 ], [ -77.39885, 40.535073 ], [ -77.396723, 40.530627 ] ] ] } },
{ "type": "Feature", "properties": { "GEOID": "4253880", "NAME": "New Milford borough, Pennsylvania", "population": 796.0 }, "geometry": { "type": "Polygon", "coordinates": [ [ [ -75.734873, 41.865842 ], [ -75.720641, 41.866855 ], [ -75.722078, 41.871723 ], [ -75.718017, 41.870694 ], [ -75.714744, 41.874061 ], [ -75.717833, 41.875479 ], [ -75.721312, 41.883277 ], [ -75.724463, 41.883258 ], [ -75.726265, 41.889361 ], [ -75.727004, 41.889303 ], [ -75.731591, 41.888947 ], [ -75.734873, 41.865842 ] ] ] } },
{ "type": "Feature", "properties": { "GEOID": "4270744", "NAME": "Silverdale borough, Pennsylvania", "population": 793.0 }, "geometry": { "type": "Polygon", "coordinates": [ [ [ -75.277488, 40.341495 ], [ -75.274951, 40.34334 ], [ -75.272234, 40.340775 ], [ -75.269394, 40.342769 ], [ -75.266625, 40.344789 ], [ -75.263659, 40.34677 ], [ -75.268026, 40.349543 ], [ -75.268435, 40.35081 ], [ -75.266975, 40.352316 ], [ -75.269697, 40.354417 ], [ -75.275269, 40.351674 ], [ -75.276649, 40.350849 ], [ -75.278776, 40.347457 ], [ -75.276453, 40.346239 ], [ -75.279212, 40.342605 ], [ -75.277488, 40.341495 ] ] ] } },
{ "type": "Feature", "properties": { "GEOID": "4271320", "NAME": "Smithfield borough, Pennsylvania", "population": 793.0 }, "geometry": { "type": "Polygon", "coordinates": [ [ [ -79.820864, 39.804567 ], [ -79.817901, 39.801525 ], [ -79.810819, 39.796851 ], [ -79.80741, 39.795572 ], [ -79.805931, 39.79405 ], [ -79.804304, 39.795385 ], [ -79.802649, 39.795347 ], [ -79.798852, 39.797099 ], [ -79.799032, 39.797363 ], [ -79.80024, 39.797643 ], [ -79.799551, 39.7991 ], [ -79.800039, 39.800468 ], [ -79.802496, 39.803848 ], [ -79.800678, 39.804425 ], [ -79.801958, 39.807717 ], [ -79.803037, 39.808551 ], [ -79.816734, 39.807177 ], [ -79.820278, 39.805983 ], [ -79.820864, 39.804567 ] ] ] } },
{ "type": "Feature", "properties": { "GEOID": "4218272", "NAME": "Dauphin borough, Pennsylvania", "population": 790.0 }, "geometry": { "type": "Polygon", "coordinates": [ [ [ -76.937709, 40.366276 ], [ -76.930664, 40.364067 ], [ -76.926679, 40.361457 ], [ -76.924684, 40.362061 ], [ -76.921991, 40.367788 ], [ -76.923779, 40.370467 ], [ -76.927497, 40.369394 ], [ -76.929166, 40.376345 ], [ -76.932122, 40.375188 ], [ -76.934261, 40.37439 ], [ -76.935502, 40.368847 ], [ -76.937709, 40.366276 ] ] ] } },
{ "type": "Feature", "properties": { "GEOID": "4213240", "NAME": "Chester Hill borough, Pennsylvania", "population": 787.0 }, "geometry": { "type": "Polygon", "coordinates": [ [ [ -78.238855, 40.887896 ], [ -78.228228, 40.883006 ], [ -78.227937, 40.886733 ], [ -78.226138, 40.887599 ], [ -78.221597, 40.888506 ], [ -78.220641, 40.890312 ], [ -78.220911, 40.891574 ], [ -78.224194, 40.894704 ], [ -78.22422, 40.895968 ], [ -78.227201, 40.897368 ], [ -78.23238, 40.894117 ], [ -78.234295, 40.891843 ], [ -78.235436, 40.892375 ], [ -78.238855, 40.887896 ] ] ] } },
{ "type": "Feature", "properties": { "GEOID": "4232896", "NAME": "Harrisville borough, Pennsylvania", "population": 782.0 }, "geometry": { "type": "Polygon", "coordinates": [ [ [ -80.021585, 41.135233 ], [ -80.019688, 41.134774 ], [ -80.013669, 41.134671 ], [ -80.013616, 41.12748 ], [ -80.009827, 41.127612 ], [ -80.003949, 41.127818 ], [ -80.003635, 41.134608 ], [ -80.001258, 41.134608 ], [ -80.000963, 41.134947 ], [ -80.000049, 41.137208 ], [ -80.001973, 41.137103 ], [ -80.00228, 41.138346 ], [ -80.004312, 41.138344 ], [ -80.004618, 41.145035 ], [ -80.006154, 41.145075 ], [ -80.006313, 41.14364 ], [ -80.00867, 41.144769 ], [ -80.014286, 41.144662 ], [ -80.014294, 41.14206 ], [ -80.017257, 41.142106 ], [ -80.01727, 41.140951 ], [ -80.019997, 41.140993 ], [ -80.020158, 41.138106 ], [ -80.021838, 41.138424 ], [ -80.021585, 41.135233 ] ] ] } },
{ "type": "Feature", "properties": { "GEOID": "4266928", "NAME": "Rutledge borough, Pennsylvania", "population": 779.0 }, "geometry": { "type": "Polygon", "coordinates": [ [ [ -75.33268, 39.900365 ], [ -75.325935, 39.897465 ], [ -75.322801, 39.899523 ], [ -75.322244, 39.899823 ], [ -75.328492, 39.905608 ], [ -75.328687, 39.905494 ], [ -75.33025, 39.902396 ], [ -75.33268, 39.900365 ] ] ] } },
{ "type": "Feature", "properties": { "GEOID": "4283496", "NAME": "West Middlesex borough, Pennsylvania", "population": 772.0 }, "geometry": { "type": "Polygon", "coordinates": [ [ [ -80.464538, 41.170712 ], [ -80.461124, 41.165673 ], [ -80.45205, 41.169202 ], [ -80.443331, 41.172602 ], [ -80.443271, 41.174639 ], [ -80.441212, 41.174716 ], [ -80.44153, 41.176087 ], [ -80.44471, 41.175394 ], [ -80.445395, 41.176447 ], [ -80.44668, 41.176096 ], [ -80.451087, 41.182753 ], [ -80.463257, 41.178069 ], [ -80.468218, 41.176147 ], [ -80.464538, 41.170712 ] ] ] } },
{ "type": "Feature", "properties": { "GEOID": "4253200", "NAME": "New Berlin borough, Pennsylvania", "population": 771.0 }, "geometry": { "type": "Polygon", "coordinates": [ [ [ -76.990478, 40.875321 ], [ -76.988469, 40.875845 ], [ -76.98633, 40.875716 ], [ -76.983581, 40.875797 ], [ -76.977107, 40.876572 ], [ -76.979161, 40.879366 ], [ -76.977634, 40.880145 ], [ -76.975444, 40.879983 ], [ -76.977117, 40.883143 ], [ -76.981641, 40.882474 ], [ -76.986349, 40.88797 ], [ -76.98758, 40.886124 ], [ -76.990249, 40.884088 ], [ -76.990089, 40.87898 ], [ -76.990478, 40.875321 ] ] ] } },
{ "type": "Feature", "properties": { "GEOID": "4230128", "NAME": "Gordon borough, Pennsylvania", "population": 769.0 }, "geometry": { "type": "Polygon", "coordinates": [ [ [ -76.352408, 40.741053 ], [ -76.345111, 40.745328 ], [ -76.342074, 40.746638 ], [ -76.33631, 40.746157 ], [ -76.333122, 40.7492 ], [ -76.332851, 40.750668 ], [ -76.325549, 40.753929 ], [ -76.326683, 40.754966 ], [ -76.327415, 40.757472 ], [ -76.331886, 40.755218 ], [ -76.336284, 40.754239 ], [ -76.342144, 40.75477 ], [ -76.344783, 40.756064 ], [ -76.344514, 40.752998 ], [ -76.34712, 40.751416 ], [ -76.34911, 40.747488 ], [ -76.349947, 40.746818 ], [ -76.352327, 40.74271 ], [ -76.354269, 40.743595 ], [ -76.352408, 40.741053 ] ] ] } },
{ "type": "Feature", "properties": { "GEOID": "4256496", "NAME": "Oklahoma borough, Pennsylvania", "population": 763.0 }, "geometry": { "type": "Polygon", "coordinates": [ [ [ -79.585337, 40.575713 ], [ -79.580825, 40.574245 ], [ -79.575109, 40.574285 ], [ -79.57437, 40.572803 ], [ -79.569035, 40.576227 ], [ -79.568816, 40.576007 ], [ -79.567446, 40.577153 ], [ -79.567562, 40.57804 ], [ -79.568101, 40.57965 ], [ -79.570263, 40.582371 ], [ -79.570678, 40.584065 ], [ -79.567652, 40.589951 ], [ -79.56631, 40.593009 ], [ -79.565932, 40.593403 ], [ -79.567416, 40.592353 ], [ -79.580227, 40.582488 ], [ -79.580867, 40.581215 ], [ -79.584955, 40.580913 ], [ -79.585142, 40.578945 ], [ -79.585337, 40.575713 ] ] ] } },
{ "type": "Feature", "properties": { "GEOID": "4267648", "NAME": "Saltsburg borough, Pennsylvania", "population": 761.0 }, "geometry": { "type": "Polygon", "coordinates": [ [ [ -79.453765, 40.48425 ], [ -79.451747, 40.482307 ], [ -79.447537, 40.480811 ], [ -79.446694, 40.480869 ], [ -79.440943, 40.484921 ], [ -79.443565, 40.487997 ], [ -79.447265, 40.486301 ], [ -79.448104, 40.48847 ], [ -79.450672, 40.487678 ], [ -79.452575, 40.489003 ], [ -79.452983, 40.487477 ], [ -79.453525, 40.486388 ], [ -79.453765, 40.48425 ] ] ] } },
{ "type": "Feature", "properties": { "GEOID": "4205536", "NAME": "Bendersville borough, Pennsylvania", "population": 757.0 }, "geometry": { "type": "Polygon", "coordinates": [ [ [ -77.255963, 39.980746 ], [ -77.247182, 39.975961 ], [ -77.246191, 39.969444 ], [ -77.244971, 39.969629 ], [ -77.244213, 39.969744 ], [ -77.245503, 39.977852 ], [ -77.242937, 39.980998 ], [ -77.241347, 39.980945 ], [ -77.241086, 39.981985 ], [ -77.243136, 39.98212 ], [ -77.249082, 39.987836 ], [ -77.255711, 39.987643 ], [ -77.255634, 39.983169 ], [ -77.255963, 39.980746 ] ] ] } },
{ "type": "Feature", "properties": { "GEOID": "4230600", "NAME": "Gratz borough, Pennsylvania", "population": 750.0 }, "geometry": { "type": "Polygon", "coordinates": [ [ [ -76.739103, 40.60995 ], [ -76.733569, 40.601207 ], [ -76.730907, 40.599318 ], [ -76.726808, 40.600692 ], [ -76.72404, 40.600427 ], [ -76.722799, 40.591857 ], [ -76.697908, 40.598766 ], [ -76.695806, 40.612274 ], [ -76.696906, 40.614215 ], [ -76.702771, 40.615313 ], [ -76.702221, 40.618267 ], [ -76.707442, 40.61871 ], [ -76.707107, 40.621081 ], [ -76.713018, 40.622208 ], [ -76.716009, 40.618298 ], [ -76.719137, 40.618986 ], [ -76.727672, 40.615963 ], [ -76.731961, 40.615182 ], [ -76.736405, 40.614264 ], [ -76.736581, 40.610663 ], [ -76.739103, 40.60995 ] ] ] } },
{ "type": "Feature", "properties": { "GEOID": "4235928", "NAME": "Houtzdale borough, Pennsylvania", "population": 741.0 }, "geometry": { "type": "Polygon", "coordinates": [ [ [ -78.356489, 40.819916 ], [ -78.347035, 40.818992 ], [ -78.346012, 40.824694 ], [ -78.347529, 40.830951 ], [ -78.354355, 40.831689 ], [ -78.355392, 40.826084 ], [ -78.356489, 40.819916 ] ] ] } },
{ "type": "Feature", "properties": { "GEOID": "4224336", "NAME": "Everson borough, Pennsylvania", "population": 736.0 }, "geometry": { "type": "Polygon", "coordinates": [ [ [ -79.59034, 40.08928 ], [ -79.590148, 40.087297 ], [ -79.589861, 40.087318 ], [ -79.588275, 40.08582 ], [ -79.583178, 40.08594 ], [ -79.584882, 40.087319 ], [ -79.582328, 40.089374 ], [ -79.583958, 40.092222 ], [ -79.585529, 40.092128 ], [ -79.58613, 40.09473 ], [ -79.584764, 40.095868 ], [ -79.586354, 40.096884 ], [ -79.589315, 40.094979 ], [ -79.590902, 40.094147 ], [ -79.59034, 40.08928 ] ] ] } },
{ "type": "Feature", "properties": { "GEOID": "4218496", "NAME": "Deemston borough, Pennsylvania", "population": 735.0 }, "geometry": { "type": "Polygon", "coordinates": [ [ [ -80.061556, 40.023846 ], [ -80.061729, 40.008502 ], [ -80.060314, 40.009453 ], [ -80.058814, 40.009339 ], [ -80.057639, 40.007422 ], [ -80.059281, 40.006082 ], [ -80.059697, 40.00493 ], [ -80.058385, 40.003618 ], [ -80.054801, 40.00429 ], [ -80.049632, 40.006626 ], [ -80.047168, 40.005123 ], [ -80.044176, 40.000531 ], [ -80.044448, 39.998803 ], [ -80.042416, 39.997699 ], [ -80.038927, 39.996467 ], [ -80.031325, 40.00008 ], [ -80.021555, 40.005958 ], [ -80.012764, 40.010936 ], [ -79.997615, 40.017994 ], [ -79.996276, 40.023583 ], [ -79.998423, 40.02388 ], [ -79.998403, 40.025737 ], [ -80.00251, 40.024698 ], [ -80.003198, 40.027146 ], [ -80.005006, 40.029193 ], [ -80.007854, 40.031337 ], [ -80.002814, 40.032137 ], [ -80.003639, 40.034201 ], [ -80.007988, 40.033559 ], [ -80.009602, 40.036148 ], [ -80.007259, 40.036984 ], [ -80.007934, 40.039351 ], [ -80.010475, 40.039424 ], [ -80.010408, 40.043328 ], [ -80.007058, 40.043381 ], [ -80.01059, 40.056136 ], [ -80.016287, 40.047659 ], [ -80.021121, 40.049547 ], [ -80.022595, 40.049641 ], [ -80.023875, 40.051805 ], [ -80.029688, 40.050224 ], [ -80.032401, 40.050109 ], [ -80.032543, 40.053048 ], [ -80.037455, 40.053944 ], [ -80.046483, 40.053993 ], [ -80.046662, 40.057197 ], [ -80.047328, 40.058584 ], [ -80.051152, 40.058584 ], [ -80.052128, 40.055784 ], [ -80.058626, 40.035485 ], [ -80.064161, 40.026143 ], [ -80.061556, 40.023846 ] ] ] } },
{ "type": "Feature", "properties": { "GEOID": "4204984", "NAME": "Beech Creek borough, Pennsylvania", "population": 732.0 }, "geometry": { "type": "Polygon", "coordinates": [ [ [ -77.59532, 41.077745 ], [ -77.594469, 41.077053 ], [ -77.591916, 41.074439 ], [ -77.591777, 41.071152 ], [ -77.588359, 41.071629 ], [ -77.583821, 41.070097 ], [ -77.582477, 41.067366 ], [ -77.581428, 41.067115 ], [ -77.576251, 41.068607 ], [ -77.576722, 41.072621 ], [ -77.57779, 41.073444 ], [ -77.572463, 41.07448 ], [ -77.572934, 41.075592 ], [ -77.577774, 41.075608 ], [ -77.579513, 41.074497 ], [ -77.580297, 41.075548 ], [ -77.585318, 41.079256 ], [ -77.589958, 41.082088 ], [ -77.594664, 41.080256 ], [ -77.59532, 41.077745 ] ] ] } },
{ "type": "Feature", "properties": { "GEOID": "4208632", "NAME": "Bridgewater borough, Pennsylvania", "population": 732.0 }, "geometry": { "type": "Polygon", "coordinates": [ [ [ -80.319004, 40.719919 ], [ -80.311026, 40.716252 ], [ -80.312209, 40.714763 ], [ -80.310898, 40.71422 ], [ -80.309715, 40.715709 ], [ -80.305552, 40.713875 ], [ -80.306034, 40.713222 ], [ -80.304305, 40.712082 ], [ -80.304167, 40.709899 ], [ -80.302071, 40.708791 ], [ -80.302403, 40.705609 ], [ -80.307972, 40.7053 ], [ -80.305731, 40.702184 ], [ -80.303245, 40.702719 ], [ -80.302354, 40.701449 ], [ -80.299649, 40.70257 ], [ -80.296851, 40.698516 ], [ -80.294867, 40.695778 ], [ -80.296195, 40.695223 ], [ -80.293224, 40.69141 ], [ -80.290939, 40.692948 ], [ -80.287584, 40.695466 ], [ -80.288956, 40.696669 ], [ -80.294423, 40.705851 ], [ -80.29804, 40.710446 ], [ -80.303268, 40.716153 ], [ -80.305799, 40.714944 ], [ -80.307408, 40.715064 ], [ -80.310137, 40.716932 ], [ -80.312345, 40.720937 ], [ -80.316932, 40.722394 ], [ -80.319004, 40.719919 ] ] ] } },
{ "type": "Feature", "properties": { "GEOID": "4220904", "NAME": "East Butler borough, Pennsylvania", "population": 728.0 }, "geometry": { "type": "Polygon", "coordinates": [ [ [ -79.861773, 40.872755 ], [ -79.856424, 40.875491 ], [ -79.854636, 40.873859 ], [ -79.850632, 40.875919 ], [ -79.848672, 40.875037 ], [ -79.846508, 40.875531 ], [ -79.846068, 40.87246 ], [ -79.843981, 40.871341 ], [ -79.839382, 40.871532 ], [ -79.834363, 40.871589 ], [ -79.834749, 40.881338 ], [ -79.840605, 40.883903 ], [ -79.846901, 40.885829 ], [ -79.859544, 40.885252 ], [ -79.860478, 40.881062 ], [ -79.860264, 40.875921 ], [ -79.862059, 40.875805 ], [ -79.861773, 40.872755 ] ] ] } },
{ "type": "Feature", "properties": { "GEOID": "4254400", "NAME": "Nicholson borough, Pennsylvania", "population": 726.0 }, "geometry": { "type": "Polygon", "coordinates": [ [ [ -75.797128, 41.613407 ], [ -75.795557, 41.616349 ], [ -75.792269, 41.61799 ], [ -75.788773, 41.618317 ], [ -75.782649, 41.620657 ], [ -75.77814, 41.621782 ], [ -75.7767, 41.622842 ], [ -75.776106, 41.623388 ], [ -75.775867, 41.623548 ], [ -75.775475, 41.623713 ], [ -75.774838, 41.623834 ], [ -75.774447, 41.623986 ], [ -75.774228, 41.62422 ], [ -75.774088, 41.62455 ], [ -75.775282, 41.625363 ], [ -75.775043, 41.626836 ], [ -75.775773, 41.636242 ], [ -75.793439, 41.635371 ], [ -75.793789, 41.633428 ], [ -75.793268, 41.630947 ], [ -75.794834, 41.62994 ], [ -75.79849, 41.612572 ], [ -75.797128, 41.613407 ] ] ] } },
{ "type": "Feature", "properties": { "GEOID": "4265000", "NAME": "Ringtown borough, Pennsylvania", "population": 721.0 }, "geometry": { "type": "Polygon", "coordinates": [ [ [ -76.246213, 40.850441 ], [ -76.244043, 40.851077 ], [ -76.230885, 40.85494 ], [ -76.221965, 40.858383 ], [ -76.223136, 40.861201 ], [ -76.228794, 40.860215 ], [ -76.231917, 40.86106 ], [ -76.234218, 40.859684 ], [ -76.235215, 40.860686 ], [ -76.236532, 40.859155 ], [ -76.241759, 40.858073 ], [ -76.247232, 40.851605 ], [ -76.246213, 40.850441 ] ] ] } },
{ "type": "Feature", "properties": { "GEOID": "4222888", "NAME": "Eldred borough, Pennsylvania", "population": 720.0 }, "geometry": { "type": "Polygon", "coordinates": [ [ [ -78.388797, 41.962518 ], [ -78.387971, 41.948168 ], [ -78.387124, 41.949425 ], [ -78.386632, 41.949768 ], [ -78.385445, 41.949717 ], [ -78.381909, 41.947949 ], [ -78.381359, 41.948301 ], [ -78.379138, 41.945463 ], [ -78.377754, 41.941506 ], [ -78.373767, 41.941321 ], [ -78.375983, 41.949671 ], [ -78.37626, 41.957108 ], [ -78.376636, 41.967253 ], [ -78.385403, 41.966963 ], [ -78.389046, 41.966842 ], [ -78.388797, 41.962518 ] ] ] } },
{ "type": "Feature", "properties": { "GEOID": "4268104", "NAME": "Scalp Level borough, Pennsylvania", "population": 716.0 }, "geometry": { "type": "Polygon", "coordinates": [ [ [ -78.856612, 40.243058 ], [ -78.856324, 40.24318 ], [ -78.853169, 40.245723 ], [ -78.851167, 40.245988 ], [ -78.847958, 40.244929 ], [ -78.839013, 40.244754 ], [ -78.835102, 40.24468 ], [ -78.835031, 40.252897 ], [ -78.834507, 40.255169 ], [ -78.8384, 40.255077 ], [ -78.840683, 40.256321 ], [ -78.841906, 40.254759 ], [ -78.84664, 40.254608 ], [ -78.856433, 40.248973 ], [ -78.856612, 40.243058 ] ] ] } },
{ "type": "Feature", "properties": { "GEOID": "4279792", "NAME": "Vandling borough, Pennsylvania", "population": 715.0 }, "geometry": { "type": "Polygon", "coordinates": [ [ [ -75.479443, 41.629547 ], [ -75.480948, 41.628235 ], [ -75.461879, 41.615728 ], [ -75.46106, 41.616407 ], [ -75.461195, 41.618963 ], [ -75.461343, 41.6198 ], [ -75.461611, 41.621267 ], [ -75.462411, 41.641587 ], [ -75.469259, 41.64141 ], [ -75.474901, 41.641696 ], [ -75.479291, 41.641628 ], [ -75.476467, 41.639742 ], [ -75.484395, 41.632848 ], [ -75.479443, 41.629547 ] ] ] } },
{ "type": "Feature", "properties": { "GEOID": "4215760", "NAME": "Conneautville borough, Pennsylvania", "population": 713.0 }, "geometry": { "type": "Polygon", "coordinates": [ [ [ -80.37876, 41.756126 ], [ -80.37874, 41.75015 ], [ -80.35911, 41.75016 ], [ -80.358845, 41.754968 ], [ -80.356067, 41.754874 ], [ -80.355739, 41.759278 ], [ -80.351977, 41.759237 ], [ -80.352476, 41.76024 ], [ -80.355463, 41.760445 ], [ -80.36895, 41.765335 ], [ -80.369705, 41.767784 ], [ -80.372909, 41.768308 ], [ -80.373371, 41.765966 ], [ -80.375438, 41.765635 ], [ -80.377031, 41.765181 ], [ -80.378023, 41.762247 ], [ -80.37883, 41.76143 ], [ -80.37876, 41.756126 ] ] ] } },
{ "type": "Feature", "properties": { "GEOID": "4218800", "NAME": "Delta borough, Pennsylvania", "population": 713.0 }, "geometry": { "type": "Polygon", "coordinates": [ [ [ -76.337104, 39.7213043 ], [ -76.332379, 39.7213043 ], [ -76.327445, 39.724793 ], [ -76.325738, 39.724522 ], [ -76.320352, 39.727949 ], [ -76.318956, 39.729804 ], [ -76.320231, 39.731783 ], [ -76.32273, 39.730996 ], [ -76.329681, 39.729526 ], [ -76.329609, 39.727219 ], [ -76.332845, 39.724972 ], [ -76.337104, 39.7213043 ] ] ] } },
{ "type": "Feature", "properties": { "GEOID": "4212496", "NAME": "Chalfant borough, Pennsylvania", "population": 710.0 }, "geometry": { "type": "Polygon", "coordinates": [ [ [ -79.843126, 40.409233 ], [ -79.83897, 40.405792 ], [ -79.833961, 40.409459 ], [ -79.837012, 40.412945 ], [ -79.838377, 40.415077 ], [ -79.838974, 40.414873 ], [ -79.843126, 40.409233 ] ] ] } },
{ "type": "Feature", "properties": { "GEOID": "4216568", "NAME": "Courtdale borough, Pennsylvania", "population": 707.0 }, "geometry": { "type": "Polygon", "coordinates": [ [ [ -75.927617, 41.287371 ], [ -75.915352, 41.274704 ], [ -75.900428, 41.283201 ], [ -75.905025, 41.287795 ], [ -75.906243, 41.289238 ], [ -75.908259, 41.290426 ], [ -75.910411, 41.294 ], [ -75.916818, 41.291259 ], [ -75.920291, 41.292452 ], [ -75.928427, 41.288086 ], [ -75.927617, 41.287371 ] ] ] } },
{ "type": "Feature", "properties": { "GEOID": "4268072", "NAME": "Saxton borough, Pennsylvania", "population": 707.0 }, "geometry": { "type": "Polygon", "coordinates": [ [ [ -78.25777, 40.211061 ], [ -78.252901, 40.20679 ], [ -78.249124, 40.205849 ], [ -78.247708, 40.206819 ], [ -78.246036, 40.20874 ], [ -78.244787, 40.212301 ], [ -78.239374, 40.212235 ], [ -78.239707, 40.213698 ], [ -78.237114, 40.215737 ], [ -78.239518, 40.215451 ], [ -78.239476, 40.218704 ], [ -78.241237, 40.218709 ], [ -78.248078, 40.218779 ], [ -78.247944, 40.215661 ], [ -78.248051, 40.212414 ], [ -78.252172, 40.214383 ], [ -78.250218, 40.212548 ], [ -78.252406, 40.212994 ], [ -78.255187, 40.210878 ], [ -78.25777, 40.211061 ] ] ] } },
{ "type": "Feature", "properties": { "GEOID": "4214000", "NAME": "Claysville borough, Pennsylvania", "population": 706.0 }, "geometry": { "type": "Polygon", "coordinates": [ [ [ -80.415433, 40.116207 ], [ -80.413774, 40.113868 ], [ -80.413493, 40.113178 ], [ -80.408728, 40.116488 ], [ -80.408634, 40.117129 ], [ -80.407685, 40.124427 ], [ -80.420637, 40.12346 ], [ -80.415433, 40.116207 ] ] ] } },
{ "type": "Feature", "properties": { "GEOID": "4215680", "NAME": "Confluence borough, Pennsylvania", "population": 705.0 }, "geometry": { "type": "Polygon", "coordinates": [ [ [ -79.365695, 39.820546 ], [ -79.365125, 39.815329 ], [ -79.365505, 39.813753 ], [ -79.363957, 39.806777 ], [ -79.364357, 39.805877 ], [ -79.366107, 39.803907 ], [ -79.364239, 39.800221 ], [ -79.357806, 39.803222 ], [ -79.357729, 39.804033 ], [ -79.356997, 39.803588 ], [ -79.356506, 39.800398 ], [ -79.354441, 39.795799 ], [ -79.346777, 39.794666 ], [ -79.344155, 39.797957 ], [ -79.339592, 39.803684 ], [ -79.344483, 39.807394 ], [ -79.347145, 39.805907 ], [ -79.350433, 39.809559 ], [ -79.347907, 39.811305 ], [ -79.347327, 39.813229 ], [ -79.343792, 39.812553 ], [ -79.344539, 39.813219 ], [ -79.343331, 39.815107 ], [ -79.346704, 39.814046 ], [ -79.348464, 39.815406 ], [ -79.350627, 39.816017 ], [ -79.34801, 39.816495 ], [ -79.355318, 39.819328 ], [ -79.356201, 39.82342 ], [ -79.359523, 39.823847 ], [ -79.362844, 39.827155 ], [ -79.367286, 39.822731 ], [ -79.365695, 39.820546 ] ] ] } },
{ "type": "Feature", "properties": { "GEOID": "4242016", "NAME": "Lawrenceville borough, Pennsylvania", "population": 702.0 }, "geometry": { "type": "Polygon", "coordinates": [ [ [ -77.144259, 41.995379 ], [ -77.14328, 41.994841 ], [ -77.141174, 41.995929 ], [ -77.137173, 41.996014 ], [ -77.133821, 41.990392 ], [ -77.12447, 41.990419 ], [ -77.123264, 41.993474 ], [ -77.118021, 41.998133 ], [ -77.115866, 41.998397 ], [ -77.1147723, 41.9995683 ], [ -77.124693, 41.999395 ], [ -77.1445147, 41.9994302 ], [ -77.144259, 41.995379 ] ] ] } },
{ "type": "Feature", "properties": { "GEOID": "4266016", "NAME": "Roscoe borough, Pennsylvania", "population": 701.0 }, "geometry": { "type": "Polygon", "coordinates": [ [ [ -79.870856, 40.075305 ], [ -79.870248, 40.075177 ], [ -79.866296, 40.075097 ], [ -79.86367, 40.075423 ], [ -79.856375, 40.077374 ], [ -79.859024, 40.081545 ], [ -79.868778, 40.080207 ], [ -79.87077, 40.080211 ], [ -79.870283, 40.076672 ], [ -79.870856, 40.075305 ] ] ] } },
{ "type": "Feature", "properties": { "GEOID": "4249720", "NAME": "Millerstown borough, Pennsylvania", "population": 699.0 }, "geometry": { "type": "Polygon", "coordinates": [ [ [ -77.16996, 40.562726 ], [ -77.168565, 40.56178 ], [ -77.163826, 40.55728 ], [ -77.157508, 40.54758 ], [ -77.156178, 40.546063 ], [ -77.153859, 40.546358 ], [ -77.149896, 40.54507 ], [ -77.147489, 40.548929 ], [ -77.141202, 40.551505 ], [ -77.138657, 40.552159 ], [ -77.138173, 40.553179 ], [ -77.141035, 40.555214 ], [ -77.144335, 40.55959 ], [ -77.146591, 40.559787 ], [ -77.154372, 40.558078 ], [ -77.160932, 40.559129 ], [ -77.160744, 40.562871 ], [ -77.170023, 40.562817 ], [ -77.16996, 40.562726 ] ] ] } },
{ "type": "Feature", "properties": { "GEOID": "4287136", "NAME": "York Springs borough, Pennsylvania", "population": 699.0 }, "geometry": { "type": "Polygon", "coordinates": [ [ [ -77.120581, 40.012393 ], [ -77.116372, 40.006971 ], [ -77.110657, 40.002288 ], [ -77.108627, 40.004711 ], [ -77.113166, 40.008291 ], [ -77.114521, 40.010058 ], [ -77.119538, 40.015966 ], [ -77.123558, 40.014622 ], [ -77.120581, 40.012393 ] ] ] } },
{ "type": "Feature", "properties": { "GEOID": "4218576", "NAME": "Deer Lake borough, Pennsylvania", "population": 693.0 }, "geometry": { "type": "Polygon", "coordinates": [ [ [ -76.072656, 40.620833 ], [ -76.066828, 40.620479 ], [ -76.064898, 40.622139 ], [ -76.059095, 40.620642 ], [ -76.059486, 40.618833 ], [ -76.055287, 40.615831 ], [ -76.053523, 40.613951 ], [ -76.05069, 40.6163 ], [ -76.048573, 40.617063 ], [ -76.050783, 40.617388 ], [ -76.049984, 40.620369 ], [ -76.04746, 40.619663 ], [ -76.045168, 40.62077 ], [ -76.046092, 40.621912 ], [ -76.049366, 40.621772 ], [ -76.048672, 40.622677 ], [ -76.049506, 40.623836 ], [ -76.051573, 40.624407 ], [ -76.049719, 40.625255 ], [ -76.051732, 40.625991 ], [ -76.052839, 40.625493 ], [ -76.054416, 40.626537 ], [ -76.058577, 40.626082 ], [ -76.060899, 40.625351 ], [ -76.060142, 40.623651 ], [ -76.061693, 40.623405 ], [ -76.062561, 40.625185 ], [ -76.064236, 40.62482 ], [ -76.066364, 40.622449 ], [ -76.072894, 40.622208 ], [ -76.072656, 40.620833 ] ] ] } },
{ "type": "Feature", "properties": { "GEOID": "4240400", "NAME": "Koppel borough, Pennsylvania", "population": 693.0 }, "geometry": { "type": "Polygon", "coordinates": [ [ [ -80.328837, 40.840874 ], [ -80.327732, 40.834272 ], [ -80.32675, 40.831147 ], [ -80.326305, 40.826616 ], [ -80.320916, 40.826754 ], [ -80.320979, 40.832502 ], [ -80.312994, 40.832698 ], [ -80.312966, 40.833079 ], [ -80.313228, 40.835628 ], [ -80.3144, 40.838534 ], [ -80.316067, 40.841012 ], [ -80.31853, 40.843297 ], [ -80.324882, 40.843173 ], [ -80.323898, 40.841375 ], [ -80.323818, 40.838408 ], [ -80.327743, 40.838345 ], [ -80.327917, 40.840889 ], [ -80.328837, 40.840874 ] ] ] } },
{ "type": "Feature", "properties": { "GEOID": "4287080", "NAME": "York Haven borough, Pennsylvania", "population": 687.0 }, "geometry": { "type": "Polygon", "coordinates": [ [ [ -76.719554, 40.107486 ], [ -76.717535, 40.109056 ], [ -76.71377, 40.106073 ], [ -76.711916, 40.105239 ], [ -76.709495, 40.107814 ], [ -76.707881, 40.110626 ], [ -76.710932, 40.113843 ], [ -76.715097, 40.11598 ], [ -76.723904, 40.109729 ], [ -76.719554, 40.107486 ] ] ] } },
{ "type": "Feature", "properties": { "GEOID": "4267584", "NAME": "Salisbury borough, Pennsylvania", "population": 681.0 }, "geometry": { "type": "Polygon", "coordinates": [ [ [ -79.09406, 39.755189 ], [ -79.092611, 39.753075 ], [ -79.088593, 39.752115 ], [ -79.088781, 39.751256 ], [ -79.08386, 39.750566 ], [ -79.084535, 39.748395 ], [ -79.083194, 39.747769 ], [ -79.081756, 39.74749 ], [ -79.081163, 39.749402 ], [ -79.077332, 39.7488 ], [ -79.077832, 39.75265 ], [ -79.075521, 39.752588 ], [ -79.076012, 39.754362 ], [ -79.080381, 39.756398 ], [ -79.087271, 39.758051 ], [ -79.093612, 39.755758 ], [ -79.09406, 39.755189 ] ] ] } },
{ "type": "Feature", "properties": { "GEOID": "4269416", "NAME": "Sewickley Hills borough, Pennsylvania", "population": 681.0 }, "geometry": { "type": "Polygon", "coordinates": [ [ [ -80.151647, 40.583996 ], [ -80.142108, 40.584347 ], [ -80.143133, 40.583307 ], [ -80.142902, 40.578229 ], [ -80.139777, 40.578325 ], [ -80.138076, 40.576063 ], [ -80.136569, 40.572034 ], [ -80.133501, 40.573384 ], [ -80.128532, 40.573489 ], [ -80.128376, 40.570881 ], [ -80.128613, 40.567576 ], [ -80.123374, 40.567745 ], [ -80.122898, 40.564755 ], [ -80.123427, 40.562994 ], [ -80.125089, 40.560515 ], [ -80.124441, 40.556467 ], [ -80.128014, 40.557071 ], [ -80.127333, 40.553061 ], [ -80.128977, 40.552322 ], [ -80.126213, 40.550921 ], [ -80.126406, 40.545464 ], [ -80.131707, 40.545275 ], [ -80.131651, 40.541076 ], [ -80.133962, 40.541028 ], [ -80.133958, 40.540193 ], [ -80.121556, 40.536256 ], [ -80.121797, 40.541399 ], [ -80.122092, 40.549091 ], [ -80.119901, 40.551148 ], [ -80.115671, 40.552859 ], [ -80.113852, 40.558766 ], [ -80.113522, 40.562274 ], [ -80.113951, 40.566789 ], [ -80.116675, 40.570457 ], [ -80.113884, 40.570515 ], [ -80.113907, 40.57546 ], [ -80.124085, 40.582201 ], [ -80.129174, 40.585352 ], [ -80.134502, 40.588227 ], [ -80.152203, 40.588017 ], [ -80.151647, 40.583996 ] ] ] } },
{ "type": "Feature", "properties": { "GEOID": "4279504", "NAME": "Valencia borough, Pennsylvania", "population": 681.0 }, "geometry": { "type": "Polygon", "coordinates": [ [ [ -79.995523, 40.673597 ], [ -79.994174, 40.673571 ], [ -79.987842, 40.673587 ], [ -79.977251, 40.673116 ], [ -79.979251, 40.673756 ], [ -79.98218, 40.676656 ], [ -79.981536, 40.677767 ], [ -79.983399, 40.677962 ], [ -79.98358, 40.680819 ], [ -79.99258, 40.680481 ], [ -79.992532, 40.679292 ], [ -79.996007, 40.678702 ], [ -79.995523, 40.673597 ] ] ] } },
{ "type": "Feature", "properties": { "GEOID": "4203488", "NAME": "Auburn borough, Pennsylvania", "population": 677.0 }, "geometry": { "type": "Polygon", "coordinates": [ [ [ -76.121491, 40.596656 ], [ -76.118109, 40.593407 ], [ -76.114067, 40.593419 ], [ -76.113224, 40.592042 ], [ -76.111847, 40.593308 ], [ -76.108012, 40.594013 ], [ -76.105719, 40.593951 ], [ -76.103545, 40.595293 ], [ -76.102142, 40.588757 ], [ -76.096722, 40.589557 ], [ -76.091324, 40.587 ], [ -76.090178, 40.583776 ], [ -76.086903, 40.584424 ], [ -76.085175, 40.58368 ], [ -76.080308, 40.585485 ], [ -76.079592, 40.585748 ], [ -76.079504, 40.585781 ], [ -76.075315, 40.585956 ], [ -76.076322, 40.59077 ], [ -76.07643, 40.592525 ], [ -76.084141, 40.592935 ], [ -76.085941, 40.594723 ], [ -76.086581, 40.596303 ], [ -76.090969, 40.599991 ], [ -76.095282, 40.601488 ], [ -76.097231, 40.602115 ], [ -76.105362, 40.607747 ], [ -76.10683, 40.604262 ], [ -76.110111, 40.601877 ], [ -76.114446, 40.601093 ], [ -76.116873, 40.602118 ], [ -76.120147, 40.595858 ], [ -76.121491, 40.596656 ] ] ] } },
{ "type": "Feature", "properties": { "GEOID": "4255752", "NAME": "Nuangola borough, Pennsylvania", "population": 676.0 }, "geometry": { "type": "Polygon", "coordinates": [ [ [ -75.993833, 41.166638 ], [ -75.9798, 41.146349 ], [ -75.977514, 41.14724 ], [ -75.963698, 41.152378 ], [ -75.969313, 41.161895 ], [ -75.970061, 41.162582 ], [ -75.973427, 41.168404 ], [ -75.982279, 41.166613 ], [ -75.987217, 41.167268 ], [ -75.993833, 41.166638 ] ] ] } },
{ "type": "Feature", "properties": { "GEOID": "4257976", "NAME": "Parker city, Pennsylvania", "population": 674.0 }, "geometry": { "type": "Polygon", "coordinates": [ [ [ -79.690272, 41.10215 ], [ -79.690206, 41.079108 ], [ -79.683112, 41.079533 ], [ -79.680519, 41.081579 ], [ -79.674244, 41.082752 ], [ -79.676167, 41.084608 ], [ -79.679365, 41.091321 ], [ -79.680057, 41.09371 ], [ -79.68113, 41.101962 ], [ -79.680964, 41.10328 ], [ -79.690272, 41.103252 ], [ -79.690272, 41.10215 ] ] ] } },
{ "type": "Feature", "properties": { "GEOID": "4218736", "NAME": "Delaware Water Gap borough, Pennsylvania", "population": 669.0 }, "geometry": { "type": "Polygon", "coordinates": [ [ [ -75.152352, 40.980919 ], [ -75.15084, 40.976305 ], [ -75.1457, 40.974526 ], [ -75.143264, 40.968524 ], [ -75.13896, 40.954394 ], [ -75.129232, 40.95893 ], [ -75.12831, 40.95964 ], [ -75.120232, 40.968702 ], [ -75.122603, 40.970152 ], [ -75.129074, 40.968976 ], [ -75.131364, 40.969277 ], [ -75.13378, 40.970973 ], [ -75.135526, 40.973807 ], [ -75.135521, 40.976865 ], [ -75.133086, 40.980179 ], [ -75.132106, 40.982566 ], [ -75.13153, 40.984914 ], [ -75.131619, 40.9889 ], [ -75.1314608, 40.9892324 ], [ -75.13756, 40.9904 ], [ -75.140167, 40.989605 ], [ -75.144229, 40.988367 ], [ -75.149676, 40.991893 ], [ -75.156385, 40.988058 ], [ -75.152352, 40.980919 ] ] ] } },
{ "type": "Feature", "properties": { "GEOID": "4240360", "NAME": "Knoxville borough, Pennsylvania", "population": 666.0 }, "geometry": { "type": "Polygon", "coordinates": [ [ [ -77.445004, 41.965177 ], [ -77.444084, 41.956988 ], [ -77.440792, 41.952098 ], [ -77.43691, 41.954194 ], [ -77.431017, 41.953786 ], [ -77.431485, 41.966983 ], [ -77.444626, 41.966888 ], [ -77.446181, 41.966879 ], [ -77.445004, 41.965177 ] ] ] } },
{ "type": "Feature", "properties": { "GEOID": "4271176", "NAME": "Sligo borough, Pennsylvania", "population": 666.0 }, "geometry": { "type": "Polygon", "coordinates": [ [ [ -79.510622, 41.108806 ], [ -79.50302, 41.101336 ], [ -79.494499, 41.098316 ], [ -79.485175, 41.099855 ], [ -79.480868, 41.100967 ], [ -79.484841, 41.109801 ], [ -79.48687, 41.110574 ], [ -79.486754, 41.114052 ], [ -79.500579, 41.117076 ], [ -79.502524, 41.117961 ], [ -79.504659, 41.117959 ], [ -79.510271, 41.119153 ], [ -79.510312, 41.116361 ], [ -79.510335, 41.115324 ], [ -79.506686, 41.114393 ], [ -79.508336, 41.11081 ], [ -79.510622, 41.108806 ] ] ] } },
{ "type": "Feature", "properties": { "GEOID": "4209400", "NAME": "Brownstown borough, Pennsylvania", "population": 664.0 }, "geometry": { "type": "Polygon", "coordinates": [ [ [ -78.942538, 40.333839 ], [ -78.941824, 40.332823 ], [ -78.941469, 40.332232 ], [ -78.936995, 40.328408 ], [ -78.93549, 40.329115 ], [ -78.935641, 40.32967 ], [ -78.930649, 40.330638 ], [ -78.932281, 40.332679 ], [ -78.936194, 40.337638 ], [ -78.94198, 40.337042 ], [ -78.942869, 40.334964 ], [ -78.942538, 40.333839 ] ] ] } },
{ "type": "Feature", "properties": { "GEOID": "4277832", "NAME": "Turbotville borough, Pennsylvania", "population": 660.0 }, "geometry": { "type": "Polygon", "coordinates": [ [ [ -76.77644, 41.098218 ], [ -76.776999, 41.097204 ], [ -76.771522, 41.095704 ], [ -76.761991, 41.098766 ], [ -76.766629, 41.109985 ], [ -76.770057, 41.107645 ], [ -76.7717, 41.108176 ], [ -76.774205, 41.107135 ], [ -76.772399, 41.104088 ], [ -76.777021, 41.099851 ], [ -76.77644, 41.098218 ] ] ] } },
{ "type": "Feature", "properties": { "GEOID": "4235960", "NAME": "Howard borough, Pennsylvania", "population": 659.0 }, "geometry": { "type": "Polygon", "coordinates": [ [ [ -77.664278, 41.01275 ], [ -77.657504, 41.006654 ], [ -77.649234, 41.011736 ], [ -77.652395, 41.014818 ], [ -77.653261, 41.014382 ], [ -77.657389, 41.018403 ], [ -77.663965, 41.016172 ], [ -77.664278, 41.01275 ] ] ] } },
{ "type": "Feature", "properties": { "GEOID": "4237944", "NAME": "Jefferson borough, Pennsylvania", "population": 657.0 }, "geometry": { "type": "Polygon", "coordinates": [ [ [ -76.848782, 39.812618 ], [ -76.849577, 39.812187 ], [ -76.847094, 39.809225 ], [ -76.844915, 39.81008 ], [ -76.843625, 39.809246 ], [ -76.840875, 39.810519 ], [ -76.839219, 39.809956 ], [ -76.833752, 39.813631 ], [ -76.830311, 39.815389 ], [ -76.835082, 39.821174 ], [ -76.837521, 39.821755 ], [ -76.842063, 39.819911 ], [ -76.843691, 39.821315 ], [ -76.845644, 39.821571 ], [ -76.847181, 39.820081 ], [ -76.848886, 39.81944 ], [ -76.847142, 39.816601 ], [ -76.850382, 39.814692 ], [ -76.848782, 39.812618 ] ] ] } },
{ "type": "Feature", "properties": { "GEOID": "4238048", "NAME": "Jennerstown borough, Pennsylvania", "population": 657.0 }, "geometry": { "type": "Polygon", "coordinates": [ [ [ -79.084194, 40.164874 ], [ -79.081571, 40.16408 ], [ -79.081983, 40.161486 ], [ -79.083967, 40.160123 ], [ -79.073035, 40.154868 ], [ -79.071605, 40.156428 ], [ -79.068387, 40.158512 ], [ -79.067268, 40.157374 ], [ -79.064404, 40.157687 ], [ -79.064555, 40.156198 ], [ -79.061726, 40.15639 ], [ -79.061526, 40.15482 ], [ -79.056107, 40.155933 ], [ -79.053715, 40.15497 ], [ -79.05119, 40.153073 ], [ -79.04956, 40.152987 ], [ -79.049105, 40.154283 ], [ -79.046544, 40.157107 ], [ -79.045036, 40.156245 ], [ -79.04427, 40.1542 ], [ -79.042026, 40.153176 ], [ -79.039984, 40.155516 ], [ -79.038743, 40.159782 ], [ -79.040108, 40.161323 ], [ -79.042879, 40.160511 ], [ -79.044011, 40.162049 ], [ -79.045507, 40.161522 ], [ -79.052957, 40.164781 ], [ -79.045142, 40.171745 ], [ -79.044819, 40.175226 ], [ -79.047487, 40.175182 ], [ -79.048466, 40.176161 ], [ -79.04937, 40.177092 ], [ -79.052443, 40.175732 ], [ -79.053605, 40.174559 ], [ -79.053367, 40.173082 ], [ -79.063167, 40.173963 ], [ -79.064692, 40.169397 ], [ -79.05957, 40.167589 ], [ -79.061086, 40.165532 ], [ -79.06195, 40.16617 ], [ -79.062711, 40.163539 ], [ -79.068032, 40.163947 ], [ -79.067401, 40.165978 ], [ -79.070468, 40.167734 ], [ -79.077494, 40.170175 ], [ -79.079442, 40.170165 ], [ -79.080576, 40.16915 ], [ -79.082557, 40.169397 ], [ -79.084194, 40.164874 ] ] ] } },
{ "type": "Feature", "properties": { "GEOID": "4271600", "NAME": "Snow Shoe borough, Pennsylvania", "population": 652.0 }, "geometry": { "type": "Polygon", "coordinates": [ [ [ -77.957178, 41.021697 ], [ -77.944879, 41.021932 ], [ -77.944437, 41.022005 ], [ -77.944132, 41.022018 ], [ -77.944135, 41.022706 ], [ -77.944156, 41.023784 ], [ -77.94233, 41.023914 ], [ -77.942378, 41.026427 ], [ -77.944459, 41.026122 ], [ -77.944235, 41.026858 ], [ -77.94043, 41.027332 ], [ -77.940485, 41.029246 ], [ -77.943936, 41.029191 ], [ -77.941269, 41.031483 ], [ -77.943314, 41.032864 ], [ -77.944507, 41.031795 ], [ -77.946863, 41.033417 ], [ -77.947953, 41.034163 ], [ -77.949152, 41.033119 ], [ -77.952586, 41.035363 ], [ -77.954024, 41.03412 ], [ -77.954213, 41.033753 ], [ -77.957288, 41.026782 ], [ -77.957178, 41.021697 ] ] ] } },
{ "type": "Feature", "properties": { "GEOID": "4286952", "NAME": "Yatesville borough, Pennsylvania", "population": 649.0 }, "geometry": { "type": "Polygon", "coordinates": [ [ [ -75.794713, 41.303312 ], [ -75.783147, 41.298868 ], [ -75.778473, 41.297074 ], [ -75.776594, 41.298292 ], [ -75.773403, 41.301978 ], [ -75.768785, 41.304748 ], [ -75.777496, 41.307506 ], [ -75.779491, 41.308134 ], [ -75.790429, 41.309544 ], [ -75.791976, 41.30536 ], [ -75.794713, 41.303312 ] ] ] } },
{ "type": "Feature", "properties": { "GEOID": "4253544", "NAME": "New Florence borough, Pennsylvania", "population": 648.0 }, "geometry": { "type": "Polygon", "coordinates": [ [ [ -79.081692, 40.377661 ], [ -79.078987, 40.377236 ], [ -79.077707, 40.375455 ], [ -79.07286, 40.373086 ], [ -79.069488, 40.375885 ], [ -79.068971, 40.379455 ], [ -79.071366, 40.380485 ], [ -79.075839, 40.386441 ], [ -79.079767, 40.380436 ], [ -79.082958, 40.379706 ], [ -79.081692, 40.377661 ] ] ] } },
{ "type": "Feature", "properties": { "GEOID": "4259152", "NAME": "Pennsbury Village borough, Pennsylvania", "population": 644.0 }, "geometry": { "type": "Polygon", "coordinates": [ [ [ -80.101408, 40.42518 ], [ -80.099391, 40.426842 ], [ -80.097777, 40.428647 ], [ -80.098708, 40.429354 ], [ -80.100849, 40.430899 ], [ -80.104522, 40.428971 ], [ -80.101408, 40.42518 ] ] ] } },
{ "type": "Feature", "properties": { "GEOID": "4270224", "NAME": "Shickshinny borough, Pennsylvania", "population": 636.0 }, "geometry": { "type": "Polygon", "coordinates": [ [ [ -76.160033, 41.153084 ], [ -76.147659, 41.144632 ], [ -76.147239, 41.149699 ], [ -76.145864, 41.153531 ], [ -76.143309, 41.15899 ], [ -76.142273, 41.160328 ], [ -76.15129, 41.15992 ], [ -76.157415, 41.155132 ], [ -76.160033, 41.153084 ] ] ] } },
{ "type": "Feature", "properties": { "GEOID": "4260136", "NAME": "Picture Rocks borough, Pennsylvania", "population": 635.0 }, "geometry": { "type": "Polygon", "coordinates": [ [ [ -76.721513, 41.282309 ], [ -76.716438, 41.278223 ], [ -76.717506, 41.276843 ], [ -76.718291, 41.275803 ], [ -76.715861, 41.270855 ], [ -76.708621, 41.271804 ], [ -76.708719, 41.272931 ], [ -76.705642, 41.273164 ], [ -76.700581, 41.278988 ], [ -76.698917, 41.278999 ], [ -76.691703, 41.286754 ], [ -76.694345, 41.28868 ], [ -76.700249, 41.285848 ], [ -76.703218, 41.285552 ], [ -76.704956, 41.286036 ], [ -76.70838, 41.287838 ], [ -76.710823, 41.28727 ], [ -76.711535, 41.287986 ], [ -76.713147, 41.286198 ], [ -76.717296, 41.283189 ], [ -76.719108, 41.284119 ], [ -76.721513, 41.282309 ] ] ] } },
{ "type": "Feature", "properties": { "GEOID": "4272376", "NAME": "South New Castle borough, Pennsylvania", "population": 635.0 }, "geometry": { "type": "Polygon", "coordinates": [ [ [ -80.349829, 40.969037 ], [ -80.347708, 40.969315 ], [ -80.344805, 40.970431 ], [ -80.341622, 40.971153 ], [ -80.339774, 40.971505 ], [ -80.339823, 40.973765 ], [ -80.338824, 40.973775 ], [ -80.341615, 40.976478 ], [ -80.343133, 40.979881 ], [ -80.350418, 40.979735 ], [ -80.349829, 40.969037 ] ] ] } },
{ "type": "Feature", "properties": { "GEOID": "4276536", "NAME": "Thompsontown borough, Pennsylvania", "population": 628.0 }, "geometry": { "type": "Polygon", "coordinates": [ [ [ -77.243695, 40.56535 ], [ -77.24371, 40.562483 ], [ -77.238136, 40.563642 ], [ -77.238717, 40.559833 ], [ -77.235483, 40.562698 ], [ -77.230055, 40.563471 ], [ -77.230318, 40.564758 ], [ -77.228044, 40.565023 ], [ -77.227768, 40.5636 ], [ -77.225595, 40.564075 ], [ -77.225572, 40.566068 ], [ -77.229983, 40.565418 ], [ -77.231213, 40.569479 ], [ -77.235651, 40.569216 ], [ -77.237765, 40.569837 ], [ -77.242931, 40.567837 ], [ -77.242349, 40.566608 ], [ -77.245167, 40.566152 ], [ -77.243695, 40.56535 ] ] ] } },
{ "type": "Feature", "properties": { "GEOID": "4267848", "NAME": "Sandy Lake borough, Pennsylvania", "population": 624.0 }, "geometry": { "type": "Polygon", "coordinates": [ [ [ -80.087572, 41.342499 ], [ -80.079567, 41.343245 ], [ -80.075017, 41.344939 ], [ -80.07667, 41.347965 ], [ -80.073924, 41.348985 ], [ -80.074053, 41.353436 ], [ -80.075931, 41.355045 ], [ -80.07473, 41.35654 ], [ -80.083993, 41.357604 ], [ -80.096312, 41.352077 ], [ -80.087572, 41.342499 ] ] ] } },
{ "type": "Feature", "properties": { "GEOID": "4206344", "NAME": "Big Run borough, Pennsylvania", "population": 622.0 }, "geometry": { "type": "Polygon", "coordinates": [ [ [ -78.89089, 40.96686 ], [ -78.88892, 40.967783 ], [ -78.882751, 40.967454 ], [ -78.882357, 40.966551 ], [ -78.879829, 40.964616 ], [ -78.876091, 40.964412 ], [ -78.874373, 40.965515 ], [ -78.865413, 40.968182 ], [ -78.864477, 40.969949 ], [ -78.862067, 40.971186 ], [ -78.864478, 40.975421 ], [ -78.884201, 40.97225 ], [ -78.886167, 40.975081 ], [ -78.887604, 40.974718 ], [ -78.889149, 40.972167 ], [ -78.891123, 40.972361 ], [ -78.889769, 40.971054 ], [ -78.89172, 40.969284 ], [ -78.89089, 40.96686 ] ] ] } },
{ "type": "Feature", "properties": { "GEOID": "4261936", "NAME": "Polk borough, Pennsylvania", "population": 621.0 }, "geometry": { "type": "Polygon", "coordinates": [ [ [ -79.945703, 41.370242 ], [ -79.943351, 41.370224 ], [ -79.943823, 41.359104 ], [ -79.936929, 41.3587 ], [ -79.936332, 41.353535 ], [ -79.931217, 41.353614 ], [ -79.931302, 41.35813 ], [ -79.920448, 41.361218 ], [ -79.920437, 41.361697 ], [ -79.920229, 41.367913 ], [ -79.913689, 41.367824 ], [ -79.913722, 41.368847 ], [ -79.913483, 41.376974 ], [ -79.945197, 41.380381 ], [ -79.945703, 41.370242 ] ] ] } },
{ "type": "Feature", "properties": { "GEOID": "4230728", "NAME": "Great Bend borough, Pennsylvania", "population": 620.0 }, "geometry": { "type": "Polygon", "coordinates": [ [ [ -75.752062, 41.973115 ], [ -75.747379, 41.970498 ], [ -75.740712, 41.968746 ], [ -75.739539, 41.969062 ], [ -75.737445, 41.96961 ], [ -75.740984, 41.973389 ], [ -75.742534, 41.975044 ], [ -75.746679, 41.979463 ], [ -75.753694, 41.975494 ], [ -75.752062, 41.973115 ] ] ] } },
{ "type": "Feature", "properties": { "GEOID": "4258384", "NAME": "Patterson Heights borough, Pennsylvania", "population": 620.0 }, "geometry": { "type": "Polygon", "coordinates": [ [ [ -80.332042, 40.737969 ], [ -80.331129, 40.736156 ], [ -80.319005, 40.736476 ], [ -80.319839, 40.737686 ], [ -80.319954, 40.73884 ], [ -80.32408, 40.742396 ], [ -80.328356, 40.742026 ], [ -80.330302, 40.743075 ], [ -80.330226, 40.740745 ], [ -80.332845, 40.740684 ], [ -80.332042, 40.737969 ] ] ] } },
{ "type": "Feature", "properties": { "GEOID": "4267920", "NAME": "Sankertown borough, Pennsylvania", "population": 613.0 }, "geometry": { "type": "Polygon", "coordinates": [ [ [ -78.595281, 40.469942 ], [ -78.595377, 40.466417 ], [ -78.592502, 40.466337 ], [ -78.588749, 40.466228 ], [ -78.586976, 40.468406 ], [ -78.586375, 40.469112 ], [ -78.589695, 40.469496 ], [ -78.588513, 40.472637 ], [ -78.586652, 40.474197 ], [ -78.589491, 40.478262 ], [ -78.599723, 40.470435 ], [ -78.595281, 40.469942 ] ] ] } },
{ "type": "Feature", "properties": { "GEOID": "4258872", "NAME": "Penn borough, Pennsylvania", "population": 610.0 }, "geometry": { "type": "Polygon", "coordinates": [ [ [ -79.648276, 40.326588 ], [ -79.645966, 40.326391 ], [ -79.64232, 40.327623 ], [ -79.639098, 40.327745 ], [ -79.636352, 40.328664 ], [ -79.636179, 40.330281 ], [ -79.63551, 40.330518 ], [ -79.6363, 40.33165 ], [ -79.641859, 40.332151 ], [ -79.643857, 40.331448 ], [ -79.643106, 40.330298 ], [ -79.647634, 40.329235 ], [ -79.648955, 40.327907 ], [ -79.648276, 40.326588 ] ] ] } },
{ "type": "Feature", "properties": { "GEOID": "4215744", "NAME": "Conneaut Lake borough, Pennsylvania", "population": 609.0 }, "geometry": { "type": "Polygon", "coordinates": [ [ [ -80.319922, 41.603521 ], [ -80.315158, 41.603486 ], [ -80.315334, 41.596609 ], [ -80.313075, 41.596693 ], [ -80.306394, 41.600715 ], [ -80.304419, 41.600871 ], [ -80.302205, 41.599987 ], [ -80.300805, 41.600902 ], [ -80.300724, 41.603226 ], [ -80.30196, 41.603983 ], [ -80.303837, 41.608158 ], [ -80.306723, 41.608983 ], [ -80.305033, 41.605582 ], [ -80.307086, 41.606116 ], [ -80.315108, 41.606204 ], [ -80.315067, 41.603993 ], [ -80.31827, 41.604943 ], [ -80.319908, 41.604571 ], [ -80.319922, 41.603521 ] ] ] } },
{ "type": "Feature", "properties": { "GEOID": "4208472", "NAME": "Briar Creek borough, Pennsylvania", "population": 608.0 }, "geometry": { "type": "Polygon", "coordinates": [ [ [ -76.304843, 41.041593 ], [ -76.303474, 41.037905 ], [ -76.301433, 41.03817 ], [ -76.294964, 41.038886 ], [ -76.282167, 41.038841 ], [ -76.273964, 41.038282 ], [ -76.270502, 41.038486 ], [ -76.270251, 41.043939 ], [ -76.270904, 41.053186 ], [ -76.271032, 41.056916 ], [ -76.27374, 41.057701 ], [ -76.303987, 41.048736 ], [ -76.307163, 41.04791 ], [ -76.304843, 41.041593 ] ] ] } },
{ "type": "Feature", "properties": { "GEOID": "4286656", "NAME": "Wyalusing borough, Pennsylvania", "population": 608.0 }, "geometry": { "type": "Polygon", "coordinates": [ [ [ -76.274662, 41.670211 ], [ -76.273373, 41.66804 ], [ -76.269989, 41.66404 ], [ -76.26823, 41.661003 ], [ -76.262156, 41.664472 ], [ -76.25882, 41.667412 ], [ -76.25409, 41.668306 ], [ -76.252958, 41.667849 ], [ -76.251598, 41.668701 ], [ -76.250873, 41.671926 ], [ -76.251519, 41.675235 ], [ -76.251259, 41.678004 ], [ -76.254052, 41.6783 ], [ -76.269712, 41.672378 ], [ -76.275475, 41.672899 ], [ -76.274662, 41.670211 ] ] ] } },
{ "type": "Feature", "properties": { "GEOID": "4214896", "NAME": "Cokeburg borough, Pennsylvania", "population": 607.0 }, "geometry": { "type": "Polygon", "coordinates": [ [ [ -80.070783, 40.097839 ], [ -80.069761, 40.096424 ], [ -80.068139, 40.094738 ], [ -80.059392, 40.097816 ], [ -80.058335, 40.098234 ], [ -80.059157, 40.099188 ], [ -80.057792, 40.102312 ], [ -80.062384, 40.10356 ], [ -80.067919, 40.105078 ], [ -80.070092, 40.102476 ], [ -80.073888, 40.101638 ], [ -80.070783, 40.097839 ] ] ] } },
{ "type": "Feature", "properties": { "GEOID": "4285872", "NAME": "Winterstown borough, Pennsylvania", "population": 607.0 }, "geometry": { "type": "Polygon", "coordinates": [ [ [ -76.632444, 39.83925 ], [ -76.62901, 39.837976 ], [ -76.629937, 39.836732 ], [ -76.629518, 39.83441 ], [ -76.630079, 39.832519 ], [ -76.627424, 39.831562 ], [ -76.625457, 39.829839 ], [ -76.626645, 39.828016 ], [ -76.625701, 39.827147 ], [ -76.6243, 39.826323 ], [ -76.622285, 39.828712 ], [ -76.619813, 39.827833 ], [ -76.620765, 39.826974 ], [ -76.619021, 39.826372 ], [ -76.618494, 39.827737 ], [ -76.614247, 39.82645 ], [ -76.61167, 39.828895 ], [ -76.60931, 39.827232 ], [ -76.606971, 39.830928 ], [ -76.605665, 39.830161 ], [ -76.604195, 39.830971 ], [ -76.599366, 39.836298 ], [ -76.602051, 39.838569 ], [ -76.59945, 39.840908 ], [ -76.598539, 39.843328 ], [ -76.600035, 39.843916 ], [ -76.603188, 39.842311 ], [ -76.60357, 39.840556 ], [ -76.605683, 39.840929 ], [ -76.608709, 39.844289 ], [ -76.607051, 39.846444 ], [ -76.609574, 39.847699 ], [ -76.609927, 39.850508 ], [ -76.612061, 39.850498 ], [ -76.611987, 39.851629 ], [ -76.615043, 39.852469 ], [ -76.613963, 39.853935 ], [ -76.621341, 39.855674 ], [ -76.621022, 39.858856 ], [ -76.626229, 39.859662 ], [ -76.624638, 39.85668 ], [ -76.629896, 39.854295 ], [ -76.627832, 39.848436 ], [ -76.630516, 39.847512 ], [ -76.62845, 39.844731 ], [ -76.631982, 39.842053 ], [ -76.632444, 39.83925 ] ] ] } },
{ "type": "Feature", "properties": { "GEOID": "4235608", "NAME": "Hooversville borough, Pennsylvania", "population": 605.0 }, "geometry": { "type": "Polygon", "coordinates": [ [ [ -78.92093, 40.151911 ], [ -78.918201, 40.150007 ], [ -78.917659, 40.147694 ], [ -78.919482, 40.146386 ], [ -78.919275, 40.144291 ], [ -78.912794, 40.142229 ], [ -78.910806, 40.142823 ], [ -78.907245, 40.148189 ], [ -78.906468, 40.151248 ], [ -78.901681, 40.153747 ], [ -78.901267, 40.154806 ], [ -78.923808, 40.156326 ], [ -78.92093, 40.151911 ] ] ] } },
{ "type": "Feature", "properties": { "GEOID": "4276808", "NAME": "Tioga borough, Pennsylvania", "population": 602.0 }, "geometry": { "type": "Polygon", "coordinates": [ [ [ -77.138328, 41.896361 ], [ -77.130555, 41.90025 ], [ -77.129589, 41.901347 ], [ -77.128237, 41.906362 ], [ -77.130584, 41.912092 ], [ -77.131418, 41.918262 ], [ -77.134633, 41.919024 ], [ -77.135912, 41.915068 ], [ -77.135619, 41.912242 ], [ -77.138251, 41.907587 ], [ -77.136315, 41.903457 ], [ -77.138931, 41.899082 ], [ -77.138328, 41.896361 ] ] ] } },
{ "type": "Feature", "properties": { "GEOID": "4223568", "NAME": "Emlenton borough, Pennsylvania", "population": 600.0 }, "geometry": { "type": "Polygon", "coordinates": [ [ [ -79.718352, 41.179673 ], [ -79.717153, 41.178465 ], [ -79.715444, 41.177356 ], [ -79.709066, 41.176093 ], [ -79.700142, 41.176189 ], [ -79.699589, 41.177868 ], [ -79.697167, 41.178442 ], [ -79.697206, 41.179679 ], [ -79.693255, 41.183056 ], [ -79.693729, 41.183829 ], [ -79.697242, 41.184614 ], [ -79.700287, 41.181875 ], [ -79.709368, 41.185654 ], [ -79.712358, 41.183212 ], [ -79.717225, 41.185311 ], [ -79.719172, 41.182835 ], [ -79.718352, 41.179673 ] ] ] } },
{ "type": "Feature", "properties": { "GEOID": "4276696", "NAME": "Tidioute borough, Pennsylvania", "population": 599.0 }, "geometry": { "type": "Polygon", "coordinates": [ [ [ -79.424902, 41.681522 ], [ -79.42255, 41.681051 ], [ -79.419489, 41.677959 ], [ -79.417829, 41.67974 ], [ -79.415669, 41.680299 ], [ -79.40646, 41.680989 ], [ -79.40363, 41.681579 ], [ -79.40145, 41.6815 ], [ -79.39394, 41.68041 ], [ -79.39173, 41.679709 ], [ -79.389329, 41.67972 ], [ -79.38588, 41.680542 ], [ -79.38363, 41.68056 ], [ -79.380229, 41.681339 ], [ -79.380759, 41.682519 ], [ -79.387182, 41.6925 ], [ -79.399301, 41.689368 ], [ -79.408487, 41.687342 ], [ -79.409034, 41.687258 ], [ -79.409178, 41.687779 ], [ -79.409807, 41.688355 ], [ -79.410456, 41.688559 ], [ -79.410925, 41.688498 ], [ -79.411661, 41.688153 ], [ -79.412271, 41.68887 ], [ -79.412643, 41.688858 ], [ -79.414383, 41.68881 ], [ -79.414259, 41.686971 ], [ -79.42463, 41.683015 ], [ -79.424902, 41.681522 ] ] ] } },
{ "type": "Feature", "properties": { "GEOID": "4229088", "NAME": "Gilberton borough, Pennsylvania", "population": 590.0 }, "geometry": { "type": "Polygon", "coordinates": [ [ [ -76.250582, 40.791805 ], [ -76.243882, 40.78821 ], [ -76.220165, 40.792111 ], [ -76.220437, 40.792955 ], [ -76.197229, 40.79709 ], [ -76.19721, 40.797092 ], [ -76.199481, 40.804629 ], [ -76.210553, 40.802696 ], [ -76.222805, 40.800569 ], [ -76.222665, 40.799768 ], [ -76.251553, 40.794628 ], [ -76.250582, 40.791805 ] ] ] } },
{ "type": "Feature", "properties": { "GEOID": "4278240", "NAME": "Ulysses borough, Pennsylvania", "population": 583.0 }, "geometry": { "type": "Polygon", "coordinates": [ [ [ -77.783657, 41.903561 ], [ -77.781434, 41.903556 ], [ -77.781716, 41.899381 ], [ -77.782885, 41.899403 ], [ -77.782908, 41.896642 ], [ -77.781318, 41.896642 ], [ -77.781358, 41.895336 ], [ -77.775237, 41.894774 ], [ -77.775332, 41.891297 ], [ -77.757829, 41.890981 ], [ -77.757828, 41.892928 ], [ -77.726576, 41.893777 ], [ -77.726775, 41.913257 ], [ -77.782734, 41.913218 ], [ -77.782651, 41.908601 ], [ -77.783682, 41.908545 ], [ -77.783657, 41.903561 ] ] ] } },
{ "type": "Feature", "properties": { "GEOID": "4221976", "NAME": "East Vandergrift borough, Pennsylvania", "population": 573.0 }, "geometry": { "type": "Polygon", "coordinates": [ [ [ -79.568059, 40.59256 ], [ -79.567416, 40.592353 ], [ -79.565932, 40.593403 ], [ -79.564486, 40.594721 ], [ -79.558662, 40.597809 ], [ -79.556858, 40.599165 ], [ -79.560494, 40.601193 ], [ -79.563252, 40.599954 ], [ -79.567002, 40.596605 ], [ -79.567863, 40.594549 ], [ -79.568059, 40.59256 ] ] ] } },
{ "type": "Feature", "properties": { "GEOID": "4241848", "NAME": "Laurel Run borough, Pennsylvania", "population": 572.0 }, "geometry": { "type": "Polygon", "coordinates": [ [ [ -75.88261, 41.215362 ], [ -75.850424, 41.197461 ], [ -75.808813, 41.229764 ], [ -75.8265, 41.239744 ], [ -75.828471, 41.238819 ], [ -75.8326, 41.237633 ], [ -75.83585, 41.234909 ], [ -75.841333, 41.233836 ], [ -75.845425, 41.231755 ], [ -75.852286, 41.230606 ], [ -75.855835, 41.229037 ], [ -75.859796, 41.226976 ], [ -75.863965, 41.225844 ], [ -75.864912, 41.225245 ], [ -75.867272, 41.222164 ], [ -75.873006, 41.219029 ], [ -75.875271, 41.217252 ], [ -75.88261, 41.215362 ] ] ] } },
{ "type": "Feature", "properties": { "GEOID": "4262280", "NAME": "Port Matilda borough, Pennsylvania", "population": 571.0 }, "geometry": { "type": "Polygon", "coordinates": [ [ [ -78.061852, 40.795618 ], [ -78.056995, 40.791624 ], [ -78.049171, 40.795847 ], [ -78.045369, 40.799067 ], [ -78.042805, 40.803367 ], [ -78.046837, 40.806544 ], [ -78.048486, 40.807842 ], [ -78.059048, 40.802255 ], [ -78.061852, 40.795618 ] ] ] } },
{ "type": "Feature", "properties": { "GEOID": "4244664", "NAME": "Lorain borough, Pennsylvania", "population": 568.0 }, "geometry": { "type": "Polygon", "coordinates": [ [ [ -78.905453, 40.293644 ], [ -78.904948, 40.293453 ], [ -78.903907, 40.29312 ], [ -78.897403, 40.292125 ], [ -78.891371, 40.291888 ], [ -78.891143, 40.292639 ], [ -78.889705, 40.297237 ], [ -78.891024, 40.298482 ], [ -78.889992, 40.2994 ], [ -78.893181, 40.301542 ], [ -78.899456, 40.29931 ], [ -78.900383, 40.296633 ], [ -78.902646, 40.296029 ], [ -78.900821, 40.295503 ], [ -78.904455, 40.294206 ], [ -78.905266, 40.29392 ], [ -78.905453, 40.293644 ] ] ] } },
{ "type": "Feature", "properties": { "GEOID": "4286560", "NAME": "Worthington borough, Pennsylvania", "population": 566.0 }, "geometry": { "type": "Polygon", "coordinates": [ [ [ -79.648103, 40.837292 ], [ -79.639243, 40.833458 ], [ -79.639473, 40.832553 ], [ -79.625321, 40.83261 ], [ -79.625324, 40.834585 ], [ -79.625327, 40.83766 ], [ -79.626058, 40.842112 ], [ -79.632823, 40.842824 ], [ -79.638559, 40.845492 ], [ -79.641279, 40.841904 ], [ -79.644821, 40.839511 ], [ -79.648103, 40.837292 ] ] ] } },
{ "type": "Feature", "properties": { "GEOID": "4216960", "NAME": "Cranesville borough, Pennsylvania", "population": 563.0 }, "geometry": { "type": "Polygon", "coordinates": [ [ [ -80.351612, 41.895812 ], [ -80.349457, 41.895846 ], [ -80.347601, 41.895799 ], [ -80.341279, 41.897142 ], [ -80.339543, 41.897108 ], [ -80.339516, 41.899629 ], [ -80.330774, 41.899654 ], [ -80.330629, 41.91049 ], [ -80.349152, 41.910492 ], [ -80.35137, 41.910506 ], [ -80.351612, 41.895812 ] ] ] } },
{ "type": "Feature", "properties": { "GEOID": "4221752", "NAME": "East Rochester borough, Pennsylvania", "population": 560.0 }, "geometry": { "type": "Polygon", "coordinates": [ [ [ -80.276, 40.69558 ], [ -80.267213, 40.692542 ], [ -80.266081, 40.691772 ], [ -80.260151, 40.695893 ], [ -80.265856, 40.702992 ], [ -80.266661, 40.702013 ], [ -80.273724, 40.704003 ], [ -80.275781, 40.703409 ], [ -80.275656, 40.699355 ], [ -80.275497, 40.695716 ], [ -80.276, 40.69558 ] ] ] } },
{ "type": "Feature", "properties": { "GEOID": "4227576", "NAME": "Franklintown borough, Pennsylvania", "population": 559.0 }, "geometry": { "type": "Polygon", "coordinates": [ [ [ -77.032858, 40.071438 ], [ -77.024304, 40.072806 ], [ -77.026347, 40.080557 ], [ -77.032121, 40.079919 ], [ -77.034635, 40.079671 ], [ -77.032858, 40.071438 ] ] ] } },
{ "type": "Feature", "properties": { "GEOID": "4213832", "NAME": "Clark borough, Pennsylvania", "population": 558.0 }, "geometry": { "type": "Polygon", "coordinates": [ [ [ -80.443555, 41.285174 ], [ -80.438943, 41.28538 ], [ -80.438517, 41.282689 ], [ -80.432536, 41.282889 ], [ -80.427925, 41.282191 ], [ -80.428125, 41.281011 ], [ -80.430113, 41.280989 ], [ -80.430989, 41.278428 ], [ -80.429789, 41.27843 ], [ -80.428315, 41.280126 ], [ -80.426646, 41.28009 ], [ -80.426665, 41.278052 ], [ -80.429299, 41.275406 ], [ -80.423487, 41.274183 ], [ -80.423478, 41.270706 ], [ -80.38689, 41.271272 ], [ -80.387456, 41.293601 ], [ -80.389927, 41.294058 ], [ -80.394167, 41.293591 ], [ -80.408643, 41.296732 ], [ -80.414103, 41.295779 ], [ -80.421592, 41.293664 ], [ -80.424092, 41.291062 ], [ -80.425158, 41.290725 ], [ -80.432646, 41.29094 ], [ -80.432346, 41.28859 ], [ -80.433583, 41.287961 ], [ -80.432595, 41.285994 ], [ -80.435837, 41.285825 ], [ -80.442669, 41.286698 ], [ -80.443555, 41.285174 ] ] ] } },
{ "type": "Feature", "properties": { "GEOID": "4229732", "NAME": "Glen Osborne borough, Pennsylvania", "population": 558.0 }, "geometry": { "type": "Polygon", "coordinates": [ [ [ -80.176301, 40.528954 ], [ -80.171257, 40.527397 ], [ -80.162683, 40.524299 ], [ -80.162393, 40.52418 ], [ -80.159776, 40.525862 ], [ -80.159008, 40.526624 ], [ -80.15924, 40.533228 ], [ -80.165725, 40.533111 ], [ -80.16574, 40.536178 ], [ -80.16898, 40.536141 ], [ -80.169448, 40.537017 ], [ -80.17225, 40.53762 ], [ -80.175246, 40.534884 ], [ -80.178648, 40.52994 ], [ -80.176301, 40.528954 ] ] ] } },
{ "type": "Feature", "properties": { "GEOID": "4281080", "NAME": "Warrior Run borough, Pennsylvania", "population": 558.0 }, "geometry": { "type": "Polygon", "coordinates": [ [ [ -75.95821, 41.184343 ], [ -75.952173, 41.186357 ], [ -75.949261, 41.181462 ], [ -75.946091, 41.182075 ], [ -75.93814, 41.184393 ], [ -75.938885, 41.185646 ], [ -75.941351, 41.189856 ], [ -75.944851, 41.190234 ], [ -75.94638, 41.194607 ], [ -75.944551, 41.195002 ], [ -75.944829, 41.195478 ], [ -75.945443, 41.196531 ], [ -75.953173, 41.193892 ], [ -75.958734, 41.192958 ], [ -75.958061, 41.191827 ], [ -75.957107, 41.190377 ], [ -75.960977, 41.188957 ], [ -75.95821, 41.184343 ] ] ] } },
{ "type": "Feature", "properties": { "GEOID": "4237696", "NAME": "Jamestown borough, Pennsylvania", "population": 556.0 }, "geometry": { "type": "Polygon", "coordinates": [ [ [ -80.448028, 41.487231 ], [ -80.444405, 41.483986 ], [ -80.444135, 41.476762 ], [ -80.437859, 41.478403 ], [ -80.436154, 41.476487 ], [ -80.428317, 41.47662 ], [ -80.428147, 41.486886 ], [ -80.431147, 41.486958 ], [ -80.431522, 41.48886 ], [ -80.432946, 41.487851 ], [ -80.431494, 41.489826 ], [ -80.432089, 41.492089 ], [ -80.441477, 41.492167 ], [ -80.444896, 41.492269 ], [ -80.444954, 41.489393 ], [ -80.445001, 41.487118 ], [ -80.448028, 41.487231 ] ] ] } },
{ "type": "Feature", "properties": { "GEOID": "4227696", "NAME": "Freeburg borough, Pennsylvania", "population": 552.0 }, "geometry": { "type": "Polygon", "coordinates": [ [ [ -76.944701, 40.756739 ], [ -76.939248, 40.75977 ], [ -76.932184, 40.763677 ], [ -76.936051, 40.767708 ], [ -76.942418, 40.765281 ], [ -76.949194, 40.762898 ], [ -76.944701, 40.756739 ] ] ] } },
{ "type": "Feature", "properties": { "GEOID": "4247480", "NAME": "Marion Heights borough, Pennsylvania", "population": 552.0 }, "geometry": { "type": "Polygon", "coordinates": [ [ [ -76.467734, 40.800468 ], [ -76.459273, 40.802186 ], [ -76.461256, 40.807108 ], [ -76.469257, 40.804137 ], [ -76.467734, 40.800468 ] ] ] } },
{ "type": "Feature", "properties": { "GEOID": "4238640", "NAME": "Juniata Terrace borough, Pennsylvania", "population": 550.0 }, "geometry": { "type": "Polygon", "coordinates": [ [ [ -77.584247, 40.583506 ], [ -77.578092, 40.585434 ], [ -77.576666, 40.582832 ], [ -77.571014, 40.583546 ], [ -77.571017, 40.584634 ], [ -77.575864, 40.587972 ], [ -77.57589, 40.58798 ], [ -77.576205, 40.588104 ], [ -77.577648, 40.588385 ], [ -77.58653, 40.585896 ], [ -77.584247, 40.583506 ] ] ] } },
{ "type": "Feature", "properties": { "GEOID": "4242984", "NAME": "Lewis Run borough, Pennsylvania", "population": 550.0 }, "geometry": { "type": "Polygon", "coordinates": [ [ [ -78.674779, 41.866081 ], [ -78.673617, 41.861407 ], [ -78.642856, 41.862028 ], [ -78.643672, 41.877452 ], [ -78.643742, 41.87889 ], [ -78.658832, 41.878972 ], [ -78.658892, 41.877399 ], [ -78.675569, 41.877286 ], [ -78.674779, 41.866081 ] ] ] } },
{ "type": "Feature", "properties": { "GEOID": "4256008", "NAME": "Oakland borough, Pennsylvania", "population": 549.0 }, "geometry": { "type": "Polygon", "coordinates": [ [ [ -75.618281, 41.943232 ], [ -75.611707, 41.945489 ], [ -75.607019, 41.947961 ], [ -75.59884, 41.950455 ], [ -75.604474, 41.958296 ], [ -75.618665, 41.94969 ], [ -75.618281, 41.943232 ] ] ] } },
{ "type": "Feature", "properties": { "GEOID": "4275584", "NAME": "Sutersville borough, Pennsylvania", "population": 543.0 }, "geometry": { "type": "Polygon", "coordinates": [ [ [ -79.807112, 40.23452 ], [ -79.80629, 40.233222 ], [ -79.804183, 40.232207 ], [ -79.799385, 40.231407 ], [ -79.799082, 40.232962 ], [ -79.796169, 40.232217 ], [ -79.796182, 40.239603 ], [ -79.801618, 40.239496 ], [ -79.805126, 40.241194 ], [ -79.806898, 40.238618 ], [ -79.807431, 40.236894 ], [ -79.807112, 40.23452 ] ] ] } },
{ "type": "Feature", "properties": { "GEOID": "4224560", "NAME": "Fairfield borough, Pennsylvania", "population": 542.0 }, "geometry": { "type": "Polygon", "coordinates": [ [ [ -77.380745, 39.78885 ], [ -77.374205, 39.786053 ], [ -77.37571, 39.78503 ], [ -77.371138, 39.780755 ], [ -77.366424, 39.782427 ], [ -77.361901, 39.784672 ], [ -77.361187, 39.788407 ], [ -77.365057, 39.790489 ], [ -77.363959, 39.791459 ], [ -77.365095, 39.797519 ], [ -77.366818, 39.798369 ], [ -77.368331, 39.798039 ], [ -77.372601, 39.794531 ], [ -77.373259, 39.790814 ], [ -77.378542, 39.793159 ], [ -77.379725, 39.790872 ], [ -77.380745, 39.78885 ] ] ] } },
{ "type": "Feature", "properties": { "GEOID": "4250232", "NAME": "Modena borough, Pennsylvania", "population": 542.0 }, "geometry": { "type": "Polygon", "coordinates": [ [ [ -75.812159, 39.960792 ], [ -75.80555, 39.961798 ], [ -75.802679, 39.960948 ], [ -75.80466, 39.957274 ], [ -75.804073, 39.956837 ], [ -75.802313, 39.955921 ], [ -75.800022, 39.95765 ], [ -75.796969, 39.956942 ], [ -75.796179, 39.959672 ], [ -75.793167, 39.962905 ], [ -75.800766, 39.964275 ], [ -75.802567, 39.964357 ], [ -75.803425, 39.966885 ], [ -75.808844, 39.965945 ], [ -75.811558, 39.964361 ], [ -75.810584, 39.961214 ], [ -75.812237, 39.961302 ], [ -75.812159, 39.960792 ] ] ] } },
{ "type": "Feature", "properties": { "GEOID": "4280880", "NAME": "Wampum borough, Pennsylvania", "population": 541.0 }, "geometry": { "type": "Polygon", "coordinates": [ [ [ -80.348679, 40.88795 ], [ -80.348414, 40.87989 ], [ -80.335479, 40.879893 ], [ -80.335459, 40.87806 ], [ -80.321435, 40.878211 ], [ -80.322248, 40.879474 ], [ -80.325854, 40.882439 ], [ -80.329375, 40.884944 ], [ -80.336768, 40.889029 ], [ -80.337094, 40.889713 ], [ -80.340346, 40.894099 ], [ -80.341401, 40.896428 ], [ -80.344359, 40.899343 ], [ -80.348994, 40.897554 ], [ -80.348679, 40.88795 ] ] ] } },
{ "type": "Feature", "properties": { "GEOID": "4217416", "NAME": "Cross Roads borough, Pennsylvania", "population": 534.0 }, "geometry": { "type": "Polygon", "coordinates": [ [ [ -76.593743, 39.812464 ], [ -76.591375, 39.811438 ], [ -76.587151, 39.815339 ], [ -76.583472, 39.81294 ], [ -76.585804, 39.81056 ], [ -76.585094, 39.809392 ], [ -76.585059, 39.806188 ], [ -76.583169, 39.805968 ], [ -76.581158, 39.807222 ], [ -76.580183, 39.805605 ], [ -76.579583, 39.806541 ], [ -76.577989, 39.806439 ], [ -76.576234, 39.805107 ], [ -76.576911, 39.807951 ], [ -76.576256, 39.809316 ], [ -76.565818, 39.810253 ], [ -76.568854, 39.811688 ], [ -76.565631, 39.813443 ], [ -76.5658, 39.81458 ], [ -76.56446, 39.816362 ], [ -76.565884, 39.817081 ], [ -76.564054, 39.822824 ], [ -76.560065, 39.824527 ], [ -76.557804, 39.822365 ], [ -76.552756, 39.825943 ], [ -76.554946, 39.826808 ], [ -76.555191, 39.827644 ], [ -76.557971, 39.830655 ], [ -76.559142, 39.831087 ], [ -76.561495, 39.833934 ], [ -76.570287, 39.833573 ], [ -76.570286, 39.831854 ], [ -76.571667, 39.830065 ], [ -76.572267, 39.827974 ], [ -76.57287, 39.829944 ], [ -76.576502, 39.828758 ], [ -76.576647, 39.82729 ], [ -76.578201, 39.82529 ], [ -76.57746, 39.824546 ], [ -76.578084, 39.822076 ], [ -76.579508, 39.821243 ], [ -76.581687, 39.820981 ], [ -76.584593, 39.82014 ], [ -76.585806, 39.818802 ], [ -76.589945, 39.817976 ], [ -76.590886, 39.817147 ], [ -76.593592, 39.813999 ], [ -76.593743, 39.812464 ] ] ] } },
{ "type": "Feature", "properties": { "GEOID": "4218400", "NAME": "Dayton borough, Pennsylvania", "population": 528.0 }, "geometry": { "type": "Polygon", "coordinates": [ [ [ -79.249052, 40.877573 ], [ -79.243929, 40.877279 ], [ -79.239812, 40.878212 ], [ -79.232382, 40.879032 ], [ -79.232591, 40.882895 ], [ -79.240202, 40.884784 ], [ -79.245526, 40.88555 ], [ -79.246949, 40.883801 ], [ -79.249396, 40.878242 ], [ -79.249052, 40.877573 ] ] ] } },
{ "type": "Feature", "properties": { "GEOID": "4237192", "NAME": "Irvona borough, Pennsylvania", "population": 528.0 }, "geometry": { "type": "Polygon", "coordinates": [ [ [ -78.563302, 40.781335 ], [ -78.560482, 40.777993 ], [ -78.558338, 40.776125 ], [ -78.56011, 40.773831 ], [ -78.559698, 40.770313 ], [ -78.551351, 40.766757 ], [ -78.549993, 40.766767 ], [ -78.544934, 40.765753 ], [ -78.542714, 40.76352 ], [ -78.540852, 40.766859 ], [ -78.539965, 40.768465 ], [ -78.540505, 40.778506 ], [ -78.544673, 40.779192 ], [ -78.563231, 40.781785 ], [ -78.563302, 40.781335 ] ] ] } },
{ "type": "Feature", "properties": { "GEOID": "4275024", "NAME": "Sugar Grove borough, Pennsylvania", "population": 527.0 }, "geometry": { "type": "Polygon", "coordinates": [ [ [ -79.350789, 41.976336 ], [ -79.347359, 41.977021 ], [ -79.339548, 41.97721 ], [ -79.331729, 41.978064 ], [ -79.329147, 41.977843 ], [ -79.329128, 41.97987 ], [ -79.326259, 41.979893 ], [ -79.326021, 41.987514 ], [ -79.329063, 41.989314 ], [ -79.331028, 41.990436 ], [ -79.33455, 41.990307 ], [ -79.348681, 41.990807 ], [ -79.348681, 41.988503 ], [ -79.353726, 41.981682 ], [ -79.350789, 41.976336 ] ] ] } },
{ "type": "Feature", "properties": { "GEOID": "4274728", "NAME": "Strattanville borough, Pennsylvania", "population": 521.0 }, "geometry": { "type": "Polygon", "coordinates": [ [ [ -79.336478, 41.199544 ], [ -79.318412, 41.197899 ], [ -79.317909, 41.200651 ], [ -79.3172, 41.205621 ], [ -79.320844, 41.205962 ], [ -79.321511, 41.206036 ], [ -79.33004, 41.206336 ], [ -79.335758, 41.207022 ], [ -79.335976, 41.20462 ], [ -79.336478, 41.199544 ] ] ] } },
{ "type": "Feature", "properties": { "GEOID": "4249272", "NAME": "Mifflin borough, Pennsylvania", "population": 515.0 }, "geometry": { "type": "Polygon", "coordinates": [ [ [ -77.410292, 40.570377 ], [ -77.40687, 40.566717 ], [ -77.405458, 40.566115 ], [ -77.403513, 40.565353 ], [ -77.403241, 40.563013 ], [ -77.401333, 40.564994 ], [ -77.400727, 40.567415 ], [ -77.402515, 40.571943 ], [ -77.407029, 40.571902 ], [ -77.410292, 40.570377 ] ] ] } },
{ "type": "Feature", "properties": { "GEOID": "4236616", "NAME": "Hydetown borough, Pennsylvania", "population": 514.0 }, "geometry": { "type": "Polygon", "coordinates": [ [ [ -79.737126, 41.648262 ], [ -79.737614, 41.641816 ], [ -79.72657, 41.641492 ], [ -79.726516, 41.63933 ], [ -79.722463, 41.638084 ], [ -79.719141, 41.639151 ], [ -79.7176, 41.636947 ], [ -79.717432, 41.63897 ], [ -79.712432, 41.641998 ], [ -79.708216, 41.645019 ], [ -79.708189, 41.657036 ], [ -79.716206, 41.657027 ], [ -79.716166, 41.66265 ], [ -79.722906, 41.662659 ], [ -79.722947, 41.664778 ], [ -79.72759, 41.663983 ], [ -79.73813, 41.66417 ], [ -79.737126, 41.648262 ] ] ] } },
{ "type": "Feature", "properties": { "GEOID": "4225584", "NAME": "Felton borough, Pennsylvania", "population": 505.0 }, "geometry": { "type": "Polygon", "coordinates": [ [ [ -76.571733, 39.852822 ], [ -76.565228, 39.850707 ], [ -76.56211, 39.850576 ], [ -76.561609, 39.850982 ], [ -76.553346, 39.85765 ], [ -76.550799, 39.855296 ], [ -76.548596, 39.857744 ], [ -76.549499, 39.862782 ], [ -76.550466, 39.864872 ], [ -76.553193, 39.8643 ], [ -76.552647, 39.861017 ], [ -76.55815, 39.860033 ], [ -76.55948, 39.859158 ], [ -76.563172, 39.859665 ], [ -76.563378, 39.859222 ], [ -76.567188, 39.863405 ], [ -76.568797, 39.861315 ], [ -76.571433, 39.855976 ], [ -76.571733, 39.852822 ] ] ] } },
{ "type": "Feature", "properties": { "GEOID": "4241336", "NAME": "Lanesboro borough, Pennsylvania", "population": 496.0 }, "geometry": { "type": "Polygon", "coordinates": [ [ [ -75.597618, 41.973471 ], [ -75.591474, 41.966641 ], [ -75.59022, 41.963606 ], [ -75.590026, 41.961359 ], [ -75.590458, 41.958168 ], [ -75.589996, 41.954029 ], [ -75.59097, 41.953016 ], [ -75.594443, 41.951423 ], [ -75.596106, 41.951176 ], [ -75.596071, 41.949636 ], [ -75.591377, 41.946822 ], [ -75.591098, 41.946401 ], [ -75.59334, 41.94528 ], [ -75.59311, 41.94317 ], [ -75.590646, 41.940477 ], [ -75.590643, 41.940437 ], [ -75.572302, 41.948852 ], [ -75.569745, 41.972895 ], [ -75.578539, 41.981713 ], [ -75.598057, 41.975965 ], [ -75.597618, 41.973471 ] ] ] } },
{ "type": "Feature", "properties": { "GEOID": "4275168", "NAME": "Summerville borough, Pennsylvania", "population": 496.0 }, "geometry": { "type": "Polygon", "coordinates": [ [ [ -79.198262, 41.115624 ], [ -79.195656, 41.113727 ], [ -79.184418, 41.108623 ], [ -79.182177, 41.108593 ], [ -79.18218, 41.111649 ], [ -79.179609, 41.119024 ], [ -79.183113, 41.122843 ], [ -79.183076, 41.123772 ], [ -79.194282, 41.119763 ], [ -79.19926, 41.117504 ], [ -79.198262, 41.115624 ] ] ] } },
{ "type": "Feature", "properties": { "GEOID": "4280600", "NAME": "Wall borough, Pennsylvania", "population": 493.0 }, "geometry": { "type": "Polygon", "coordinates": [ [ [ -79.803643, 40.392604 ], [ -79.802594, 40.391419 ], [ -79.796565, 40.392172 ], [ -79.793168, 40.392872 ], [ -79.790997, 40.392001 ], [ -79.790259, 40.385933 ], [ -79.788807, 40.38714 ], [ -79.780279, 40.390041 ], [ -79.774451, 40.386662 ], [ -79.773387, 40.388057 ], [ -79.775842, 40.391157 ], [ -79.778985, 40.393334 ], [ -79.777446, 40.395357 ], [ -79.77936, 40.395777 ], [ -79.792495, 40.393816 ], [ -79.793435, 40.394167 ], [ -79.801015, 40.393322 ], [ -79.804752, 40.393572 ], [ -79.803643, 40.392604 ] ] ] } },
{ "type": "Feature", "properties": { "GEOID": "4236592", "NAME": "Hyde Park borough, Pennsylvania", "population": 491.0 }, "geometry": { "type": "Polygon", "coordinates": [ [ [ -79.597727, 40.627151 ], [ -79.595849, 40.625735 ], [ -79.591453, 40.629455 ], [ -79.58738, 40.62707 ], [ -79.585159, 40.629649 ], [ -79.58292, 40.632998 ], [ -79.583735, 40.636609 ], [ -79.584919, 40.636961 ], [ -79.586935, 40.636737 ], [ -79.591479, 40.634337 ], [ -79.593911, 40.631457 ], [ -79.596359, 40.628321 ], [ -79.597727, 40.627151 ] ] ] } },
{ "type": "Feature", "properties": { "GEOID": "4253504", "NAME": "Newell borough, Pennsylvania", "population": 490.0 }, "geometry": { "type": "Polygon", "coordinates": [ [ [ -79.90153, 40.073593 ], [ -79.898489, 40.071273 ], [ -79.894761, 40.070265 ], [ -79.891893, 40.069993 ], [ -79.885113, 40.068553 ], [ -79.88422, 40.068168 ], [ -79.884138, 40.068244 ], [ -79.88491, 40.068538 ], [ -79.881692, 40.071636 ], [ -79.878949, 40.078424 ], [ -79.884649, 40.079705 ], [ -79.893033, 40.080345 ], [ -79.898153, 40.079161 ], [ -79.901434, 40.076729 ], [ -79.901962, 40.074617 ], [ -79.90153, 40.073593 ] ] ] } },
{ "type": "Feature", "properties": { "GEOID": "4262264", "NAME": "Portland borough, Pennsylvania", "population": 485.0 }, "geometry": { "type": "Polygon", "coordinates": [ [ [ -75.106916, 40.922405 ], [ -75.103938, 40.919529 ], [ -75.101804, 40.918227 ], [ -75.100883, 40.916035 ], [ -75.099882, 40.916932 ], [ -75.098188, 40.915286 ], [ -75.096863, 40.913711 ], [ -75.095108, 40.914628 ], [ -75.0874478, 40.9190496 ], [ -75.0885023, 40.9197156 ], [ -75.0915994, 40.9216719 ], [ -75.095526, 40.924152 ], [ -75.09772, 40.926679 ], [ -75.0991969, 40.9284987 ], [ -75.1005905, 40.9302156 ], [ -75.105859, 40.927211 ], [ -75.106916, 40.922405 ] ] ] } },
{ "type": "Feature", "properties": { "GEOID": "4250432", "NAME": "Monroe borough, Pennsylvania", "population": 479.0 }, "geometry": { "type": "Polygon", "coordinates": [ [ [ -76.482606, 41.706828 ], [ -76.480689, 41.704242 ], [ -76.479867, 41.704113 ], [ -76.479243, 41.704469 ], [ -76.478212, 41.7049 ], [ -76.476633, 41.705136 ], [ -76.475691, 41.705434 ], [ -76.473207, 41.706703 ], [ -76.471349, 41.709158 ], [ -76.470335, 41.712698 ], [ -76.470916, 41.720678 ], [ -76.475683, 41.722033 ], [ -76.480295, 41.711354 ], [ -76.484854, 41.707611 ], [ -76.482606, 41.706828 ] ] ] } },
{ "type": "Feature", "properties": { "GEOID": "4253160", "NAME": "New Alexandria borough, Pennsylvania", "population": 479.0 }, "geometry": { "type": "Polygon", "coordinates": [ [ [ -79.433051, 40.394128 ], [ -79.428767, 40.392303 ], [ -79.424243, 40.393989 ], [ -79.421177, 40.394074 ], [ -79.422591, 40.391754 ], [ -79.424166, 40.391395 ], [ -79.416008, 40.386468 ], [ -79.409343, 40.386697 ], [ -79.409218, 40.390178 ], [ -79.408829, 40.393737 ], [ -79.408263, 40.393051 ], [ -79.405568, 40.392585 ], [ -79.412673, 40.403209 ], [ -79.419404, 40.401106 ], [ -79.418559, 40.398937 ], [ -79.421848, 40.398523 ], [ -79.434026, 40.3964 ], [ -79.433051, 40.394128 ] ] ] } },
{ "type": "Feature", "properties": { "GEOID": "4246216", "NAME": "McKean borough, Pennsylvania", "population": 477.0 }, "geometry": { "type": "Polygon", "coordinates": [ [ [ -80.148311, 41.992568 ], [ -80.143456, 41.992556 ], [ -80.133609, 41.992585 ], [ -80.133665, 42.003767 ], [ -80.135488, 42.003757 ], [ -80.141862, 42.003599 ], [ -80.142268, 42.003727 ], [ -80.148456, 42.00373 ], [ -80.148311, 41.992568 ] ] ] } },
{ "type": "Feature", "properties": { "GEOID": "4225456", "NAME": "Fayette City borough, Pennsylvania", "population": 476.0 }, "geometry": { "type": "Polygon", "coordinates": [ [ [ -79.844874, 40.103029 ], [ -79.840675, 40.094905 ], [ -79.836877, 40.095194 ], [ -79.836166, 40.096492 ], [ -79.838233, 40.096967 ], [ -79.835712, 40.097623 ], [ -79.83337, 40.10498 ], [ -79.83554, 40.10587 ], [ -79.834397, 40.106958 ], [ -79.834129, 40.107208 ], [ -79.83481, 40.106973 ], [ -79.835866, 40.106068 ], [ -79.836348, 40.106016 ], [ -79.837683, 40.105394 ], [ -79.838503, 40.10466 ], [ -79.839622, 40.104087 ], [ -79.840093, 40.104062 ], [ -79.840822, 40.103974 ], [ -79.842582, 40.103434 ], [ -79.844874, 40.103029 ] ] ] } },
{ "type": "Feature", "properties": { "GEOID": "4256912", "NAME": "Orangeville borough, Pennsylvania", "population": 476.0 }, "geometry": { "type": "Polygon", "coordinates": [ [ [ -76.419494, 41.073453 ], [ -76.41593, 41.074519 ], [ -76.413651, 41.073467 ], [ -76.403271, 41.07035 ], [ -76.403709, 41.075944 ], [ -76.403962, 41.079119 ], [ -76.409813, 41.078422 ], [ -76.411094, 41.079002 ], [ -76.411485, 41.082549 ], [ -76.409504, 41.084551 ], [ -76.410534, 41.085221 ], [ -76.41736, 41.080653 ], [ -76.420582, 41.081413 ], [ -76.41834, 41.077914 ], [ -76.41902, 41.07567 ], [ -76.420656, 41.075611 ], [ -76.419494, 41.073453 ] ] ] } },
{ "type": "Feature", "properties": { "GEOID": "4225416", "NAME": "Fawn Grove borough, Pennsylvania", "population": 473.0 }, "geometry": { "type": "Polygon", "coordinates": [ [ [ -76.467906, 39.735697 ], [ -76.464503, 39.733487 ], [ -76.462206, 39.733238 ], [ -76.460853, 39.734878 ], [ -76.4611381, 39.7212619 ], [ -76.4517361, 39.7212491 ], [ -76.442443, 39.7212364 ], [ -76.4388811, 39.7212315 ], [ -76.43874, 39.737512 ], [ -76.451937, 39.737651 ], [ -76.452435, 39.739452 ], [ -76.453919, 39.739145 ], [ -76.454432, 39.742043 ], [ -76.457043, 39.741609 ], [ -76.458949, 39.742291 ], [ -76.464064, 39.741216 ], [ -76.467561, 39.743276 ], [ -76.46754, 39.740621 ], [ -76.467906, 39.735697 ] ] ] } },
{ "type": "Feature", "properties": { "GEOID": "4269360", "NAME": "Seven Valleys borough, Pennsylvania", "population": 472.0 }, "geometry": { "type": "Polygon", "coordinates": [ [ [ -76.781166, 39.847115 ], [ -76.778061, 39.844676 ], [ -76.773734, 39.843881 ], [ -76.770494, 39.845811 ], [ -76.766713, 39.847677 ], [ -76.764849, 39.846237 ], [ -76.760787, 39.848902 ], [ -76.760648, 39.853292 ], [ -76.758384, 39.855517 ], [ -76.752942, 39.862241 ], [ -76.758406, 39.865507 ], [ -76.759731, 39.866214 ], [ -76.768872, 39.860637 ], [ -76.774433, 39.855668 ], [ -76.776406, 39.850839 ], [ -76.7783, 39.850507 ], [ -76.779448, 39.848547 ], [ -76.781166, 39.847115 ] ] ] } },
{ "type": "Feature", "properties": { "GEOID": "4231088", "NAME": "Green Lane borough, Pennsylvania", "population": 471.0 }, "geometry": { "type": "Polygon", "coordinates": [ [ [ -75.47777, 40.333564 ], [ -75.474326, 40.331452 ], [ -75.471623, 40.334258 ], [ -75.4694, 40.332963 ], [ -75.468125, 40.334082 ], [ -75.466119, 40.332856 ], [ -75.463771, 40.333555 ], [ -75.461277, 40.336007 ], [ -75.465558, 40.337648 ], [ -75.470142, 40.340402 ], [ -75.470806, 40.342177 ], [ -75.472501, 40.340637 ], [ -75.474527, 40.341208 ], [ -75.477291, 40.340187 ], [ -75.47375, 40.33895 ], [ -75.476634, 40.33706 ], [ -75.478397, 40.335876 ], [ -75.47777, 40.333564 ] ] ] } },
{ "type": "Feature", "properties": { "GEOID": "4200988", "NAME": "Allenport borough, Pennsylvania", "population": 469.0 }, "geometry": { "type": "Polygon", "coordinates": [ [ [ -79.877689, 40.080185 ], [ -79.875128, 40.080473 ], [ -79.87077, 40.080211 ], [ -79.868778, 40.080207 ], [ -79.859024, 40.081545 ], [ -79.856375, 40.077374 ], [ -79.852746, 40.07843 ], [ -79.856684, 40.084129 ], [ -79.857306, 40.084983 ], [ -79.856907, 40.085911 ], [ -79.849355, 40.087769 ], [ -79.842283, 40.084193 ], [ -79.839863, 40.087865 ], [ -79.838999, 40.090601 ], [ -79.839271, 40.092473 ], [ -79.840675, 40.094905 ], [ -79.844874, 40.103029 ], [ -79.849128, 40.112616 ], [ -79.850088, 40.11396 ], [ -79.85045, 40.113091 ], [ -79.855704, 40.10492 ], [ -79.862054, 40.094717 ], [ -79.866072, 40.091081 ], [ -79.877142, 40.089863 ], [ -79.879497, 40.085001 ], [ -79.877689, 40.080185 ] ] ] } },
{ "type": "Feature", "properties": { "GEOID": "4233216", "NAME": "Hawthorn borough, Pennsylvania", "population": 468.0 }, "geometry": { "type": "Polygon", "coordinates": [ [ [ -79.289662, 41.021357 ], [ -79.29002, 41.018118 ], [ -79.2852, 41.010927 ], [ -79.285174, 41.009298 ], [ -79.282498, 41.009824 ], [ -79.281519, 41.010364 ], [ -79.276018, 41.01592 ], [ -79.273985, 41.017615 ], [ -79.271433, 41.018216 ], [ -79.26757, 41.020225 ], [ -79.26489, 41.023374 ], [ -79.26368, 41.02561 ], [ -79.26342, 41.030197 ], [ -79.267861, 41.030142 ], [ -79.27446, 41.026607 ], [ -79.27757, 41.023879 ], [ -79.283643, 41.028563 ], [ -79.288879, 41.024385 ], [ -79.291874, 41.023017 ], [ -79.289662, 41.021357 ] ] ] } },
{ "type": "Feature", "properties": { "GEOID": "4244400", "NAME": "Loganton borough, Pennsylvania", "population": 466.0 }, "geometry": { "type": "Polygon", "coordinates": [ [ [ -77.315018, 41.031536 ], [ -77.312576, 41.032181 ], [ -77.310852, 41.031925 ], [ -77.310578, 41.030514 ], [ -77.309355, 41.030966 ], [ -77.30893, 41.024815 ], [ -77.303017, 41.02504 ], [ -77.303009, 41.023628 ], [ -77.298119, 41.023582 ], [ -77.299278, 41.024994 ], [ -77.299438, 41.027412 ], [ -77.292977, 41.027809 ], [ -77.293958, 41.041911 ], [ -77.29068, 41.043015 ], [ -77.290382, 41.045601 ], [ -77.298515, 41.042995 ], [ -77.300652, 41.039467 ], [ -77.304397, 41.039158 ], [ -77.307632, 41.041202 ], [ -77.30871, 41.041216 ], [ -77.308548, 41.039391 ], [ -77.315216, 41.036472 ], [ -77.315018, 41.031536 ] ] ] } },
{ "type": "Feature", "properties": { "GEOID": "4271976", "NAME": "South Bethlehem borough, Pennsylvania", "population": 464.0 }, "geometry": { "type": "Polygon", "coordinates": [ [ [ -79.344207, 40.996361 ], [ -79.342085, 40.996148 ], [ -79.337573, 40.997513 ], [ -79.334027, 40.997582 ], [ -79.334331, 40.999091 ], [ -79.336035, 41.000107 ], [ -79.336741, 41.002124 ], [ -79.337621, 41.002485 ], [ -79.340681, 41.001993 ], [ -79.344263, 40.99872 ], [ -79.344207, 40.996361 ] ] ] } },
{ "type": "Feature", "properties": { "GEOID": "4203576", "NAME": "Austin borough, Pennsylvania", "population": 463.0 }, "geometry": { "type": "Polygon", "coordinates": [ [ [ -78.11159, 41.624152 ], [ -78.069383, 41.623782 ], [ -78.068888, 41.65058 ], [ -78.111672, 41.650608 ], [ -78.11159, 41.624152 ] ] ] } },
{ "type": "Feature", "properties": { "GEOID": "4275136", "NAME": "Summerhill borough, Pennsylvania", "population": 461.0 }, "geometry": { "type": "Polygon", "coordinates": [ [ [ -78.768847, 40.378631 ], [ -78.764974, 40.375216 ], [ -78.765879, 40.37196 ], [ -78.760936, 40.371165 ], [ -78.758464, 40.372102 ], [ -78.75375, 40.375625 ], [ -78.754257, 40.376012 ], [ -78.76149, 40.381523 ], [ -78.763192, 40.380129 ], [ -78.768849, 40.379956 ], [ -78.768847, 40.378631 ] ] ] } },
{ "type": "Feature", "properties": { "GEOID": "4248448", "NAME": "Mechanicsville borough, Pennsylvania", "population": 458.0 }, "geometry": { "type": "Polygon", "coordinates": [ [ [ -76.185987, 40.691616 ], [ -76.185793, 40.687706 ], [ -76.184656, 40.68549 ], [ -76.185069, 40.68493 ], [ -76.181477, 40.685353 ], [ -76.178952, 40.686288 ], [ -76.173772, 40.693257 ], [ -76.176993, 40.695494 ], [ -76.178215, 40.696919 ], [ -76.182345, 40.69477 ], [ -76.18597, 40.692909 ], [ -76.185987, 40.691616 ] ] ] } },
{ "type": "Feature", "properties": { "GEOID": "4220528", "NAME": "Dushore borough, Pennsylvania", "population": 452.0 }, "geometry": { "type": "Polygon", "coordinates": [ [ [ -76.409899, 41.525839 ], [ -76.406657, 41.519205 ], [ -76.404736, 41.51844 ], [ -76.400602, 41.516797 ], [ -76.398035, 41.517125 ], [ -76.396151, 41.517361 ], [ -76.393168, 41.522136 ], [ -76.383843, 41.53078 ], [ -76.385128, 41.531233 ], [ -76.385743, 41.530049 ], [ -76.398633, 41.531917 ], [ -76.401272, 41.529866 ], [ -76.408296, 41.528513 ], [ -76.409899, 41.525839 ] ] ] } },
{ "type": "Feature", "properties": { "GEOID": "4276560", "NAME": "Thornburg borough, Pennsylvania", "population": 447.0 }, "geometry": { "type": "Polygon", "coordinates": [ [ [ -80.092724, 40.432345 ], [ -80.090384, 40.430924 ], [ -80.086335, 40.428388 ], [ -80.085297, 40.429894 ], [ -80.083765, 40.430866 ], [ -80.080377, 40.432072 ], [ -80.076386, 40.431686 ], [ -80.075374, 40.434219 ], [ -80.078129, 40.43863 ], [ -80.080375, 40.439637 ], [ -80.086361, 40.43957 ], [ -80.085666, 40.438835 ], [ -80.089565, 40.436278 ], [ -80.091229, 40.437088 ], [ -80.092724, 40.432345 ] ] ] } },
{ "type": "Feature", "properties": { "GEOID": "4245752", "NAME": "Lyons borough, Pennsylvania", "population": 444.0 }, "geometry": { "type": "Polygon", "coordinates": [ [ [ -75.759725, 40.475622 ], [ -75.751213, 40.478556 ], [ -75.752201, 40.480206 ], [ -75.754175, 40.483348 ], [ -75.755788, 40.48609 ], [ -75.758818, 40.485005 ], [ -75.768856, 40.481367 ], [ -75.759725, 40.475622 ] ] ] } },
{ "type": "Feature", "properties": { "GEOID": "4266440", "NAME": "Rouseville borough, Pennsylvania", "population": 443.0 }, "geometry": { "type": "Polygon", "coordinates": [ [ [ -79.694773, 41.468588 ], [ -79.693075, 41.466478 ], [ -79.691793, 41.463731 ], [ -79.682334, 41.463781 ], [ -79.67379, 41.463826 ], [ -79.673917, 41.466433 ], [ -79.6742, 41.471299 ], [ -79.682365, 41.478188 ], [ -79.694082, 41.477922 ], [ -79.69276, 41.475492 ], [ -79.69458, 41.472039 ], [ -79.694773, 41.468588 ] ] ] } },
{ "type": "Feature", "properties": { "GEOID": "4270368", "NAME": "Shippenville borough, Pennsylvania", "population": 440.0 }, "geometry": { "type": "Polygon", "coordinates": [ [ [ -79.469442, 41.249713 ], [ -79.465256, 41.247882 ], [ -79.463573, 41.249582 ], [ -79.462532, 41.248609 ], [ -79.462827, 41.24395 ], [ -79.461654, 41.243638 ], [ -79.461609, 41.243638 ], [ -79.46151, 41.243637 ], [ -79.461372, 41.243612 ], [ -79.461303, 41.243589 ], [ -79.461235, 41.243547 ], [ -79.461214, 41.243531 ], [ -79.457176, 41.24248 ], [ -79.459511, 41.24901 ], [ -79.457718, 41.249009 ], [ -79.457492, 41.25593 ], [ -79.463692, 41.256371 ], [ -79.467536, 41.257123 ], [ -79.467926, 41.253664 ], [ -79.469458, 41.252558 ], [ -79.469442, 41.249713 ] ] ] } },
{ "type": "Feature", "properties": { "GEOID": "4261168", "NAME": "Platea borough, Pennsylvania", "population": 431.0 }, "geometry": { "type": "Polygon", "coordinates": [ [ [ -80.358294, 41.950365 ], [ -80.348015, 41.950453 ], [ -80.348345, 41.940149 ], [ -80.310212, 41.940166 ], [ -80.310079, 41.942698 ], [ -80.305692, 41.942571 ], [ -80.305899, 41.950442 ], [ -80.305847, 41.955387 ], [ -80.311132, 41.95535 ], [ -80.310994, 41.959942 ], [ -80.325417, 41.959891 ], [ -80.325253, 41.965203 ], [ -80.332422, 41.965135 ], [ -80.332435, 41.959985 ], [ -80.348143, 41.960051 ], [ -80.358106, 41.960088 ], [ -80.358173, 41.956303 ], [ -80.358294, 41.950365 ] ] ] } },
{ "type": "Feature", "properties": { "GEOID": "4214376", "NAME": "Clintonville borough, Pennsylvania", "population": 430.0 }, "geometry": { "type": "Polygon", "coordinates": [ [ [ -79.884762, 41.194013 ], [ -79.864144, 41.194536 ], [ -79.864415, 41.199623 ], [ -79.864871, 41.209292 ], [ -79.885302, 41.208686 ], [ -79.884762, 41.194013 ] ] ] } },
{ "type": "Feature", "properties": { "GEOID": "4276632", "NAME": "Three Springs borough, Pennsylvania", "population": 428.0 }, "geometry": { "type": "Polygon", "coordinates": [ [ [ -77.997328, 40.187913 ], [ -77.993712, 40.184022 ], [ -77.980732, 40.192631 ], [ -77.977621, 40.191911 ], [ -77.974996, 40.192079 ], [ -77.965469, 40.203341 ], [ -77.975721, 40.206971 ], [ -77.983213, 40.206716 ], [ -77.983205, 40.203668 ], [ -77.98665, 40.202087 ], [ -77.989325, 40.198726 ], [ -77.991055, 40.196921 ], [ -77.994783, 40.192963 ], [ -77.997328, 40.187913 ] ] ] } },
{ "type": "Feature", "properties": { "GEOID": "4263360", "NAME": "Ramey borough, Pennsylvania", "population": 421.0 }, "geometry": { "type": "Polygon", "coordinates": [ [ [ -78.404934, 40.794287 ], [ -78.401853, 40.796418 ], [ -78.400743, 40.795601 ], [ -78.397702, 40.796396 ], [ -78.395076, 40.794102 ], [ -78.385031, 40.800907 ], [ -78.391212, 40.80637 ], [ -78.395571, 40.806503 ], [ -78.396366, 40.807149 ], [ -78.400661, 40.810605 ], [ -78.413378, 40.801712 ], [ -78.404934, 40.794287 ] ] ] } },
{ "type": "Feature", "properties": { "GEOID": "4207480", "NAME": "Bolivar borough, Pennsylvania", "population": 419.0 }, "geometry": { "type": "Polygon", "coordinates": [ [ [ -79.156191, 40.393199 ], [ -79.153916, 40.390266 ], [ -79.149259, 40.393384 ], [ -79.146612, 40.397788 ], [ -79.147892, 40.3976 ], [ -79.148781, 40.39766 ], [ -79.150064, 40.398064 ], [ -79.152698, 40.399234 ], [ -79.153051, 40.399569 ], [ -79.155564, 40.398057 ], [ -79.15493, 40.395654 ], [ -79.156191, 40.393199 ] ] ] } },
{ "type": "Feature", "properties": { "GEOID": "4266320", "NAME": "Rosslyn Farms borough, Pennsylvania", "population": 419.0 }, "geometry": { "type": "Polygon", "coordinates": [ [ [ -80.09883, 40.418162 ], [ -80.092073, 40.4202 ], [ -80.088463, 40.418885 ], [ -80.085948, 40.41695 ], [ -80.084422, 40.417505 ], [ -80.079472, 40.41482 ], [ -80.079297, 40.416091 ], [ -80.078659, 40.416462 ], [ -80.07603, 40.417947 ], [ -80.074859, 40.420602 ], [ -80.079594, 40.420038 ], [ -80.084507, 40.420522 ], [ -80.085412, 40.421243 ], [ -80.085542, 40.423842 ], [ -80.084993, 40.424585 ], [ -80.086698, 40.425484 ], [ -80.086335, 40.428388 ], [ -80.090384, 40.430924 ], [ -80.092338, 40.428465 ], [ -80.095276, 40.429989 ], [ -80.096479, 40.421262 ], [ -80.09943, 40.421273 ], [ -80.09883, 40.418162 ] ] ] } },
{ "type": "Feature", "properties": { "GEOID": "4282080", "NAME": "Weissport borough, Pennsylvania", "population": 418.0 }, "geometry": { "type": "Polygon", "coordinates": [ [ [ -75.705843, 40.829618 ], [ -75.700102, 40.82559 ], [ -75.699023, 40.824919 ], [ -75.694588, 40.822755 ], [ -75.694302, 40.823135 ], [ -75.693967, 40.823592 ], [ -75.695237, 40.824136 ], [ -75.696618, 40.825201 ], [ -75.69951, 40.829424 ], [ -75.701269, 40.834469 ], [ -75.702179, 40.835038 ], [ -75.702162, 40.83443 ], [ -75.702961, 40.833355 ], [ -75.705345, 40.831008 ], [ -75.705843, 40.829618 ] ] ] } },
{ "type": "Feature", "properties": { "GEOID": "4227688", "NAME": "Fredonia borough, Pennsylvania", "population": 417.0 }, "geometry": { "type": "Polygon", "coordinates": [ [ [ -80.265936, 41.324834 ], [ -80.262601, 41.317711 ], [ -80.260177, 41.317853 ], [ -80.251184, 41.318149 ], [ -80.25131, 41.326127 ], [ -80.254635, 41.324935 ], [ -80.259486, 41.324593 ], [ -80.259521, 41.326273 ], [ -80.26137, 41.326344 ], [ -80.264822, 41.326499 ], [ -80.263989, 41.325666 ], [ -80.265936, 41.324834 ] ] ] } },
{ "type": "Feature", "properties": { "GEOID": "4258304", "NAME": "Parryville borough, Pennsylvania", "population": 417.0 }, "geometry": { "type": "Polygon", "coordinates": [ [ [ -75.688345, 40.823494 ], [ -75.685384, 40.822536 ], [ -75.687411, 40.819719 ], [ -75.687588, 40.819487 ], [ -75.683196, 40.817613 ], [ -75.675528, 40.815905 ], [ -75.673491, 40.815257 ], [ -75.664148, 40.817524 ], [ -75.650135, 40.820286 ], [ -75.662298, 40.83295 ], [ -75.662862, 40.833426 ], [ -75.669059, 40.834417 ], [ -75.676073, 40.833027 ], [ -75.678073, 40.832679 ], [ -75.680844, 40.831326 ], [ -75.679318, 40.827101 ], [ -75.680013, 40.825521 ], [ -75.681726, 40.824835 ], [ -75.685226, 40.825039 ], [ -75.687434, 40.826333 ], [ -75.69025, 40.826469 ], [ -75.688345, 40.823494 ] ] ] } },
{ "type": "Feature", "properties": { "GEOID": "4259616", "NAME": "Petersburg borough, Pennsylvania", "population": 416.0 }, "geometry": { "type": "Polygon", "coordinates": [ [ [ -78.056963, 40.57401 ], [ -78.05577, 40.56871 ], [ -78.052713, 40.569738 ], [ -78.049615, 40.569712 ], [ -78.046973, 40.565686 ], [ -78.045131, 40.565301 ], [ -78.044222, 40.566354 ], [ -78.04636, 40.568797 ], [ -78.046061, 40.57235 ], [ -78.042803, 40.574547 ], [ -78.044431, 40.575538 ], [ -78.047145, 40.576626 ], [ -78.049813, 40.576143 ], [ -78.051635, 40.573907 ], [ -78.053685, 40.574319 ], [ -78.053855, 40.578539 ], [ -78.056975, 40.578697 ], [ -78.056963, 40.57401 ] ] ] } },
{ "type": "Feature", "properties": { "GEOID": "4214656", "NAME": "Coalport borough, Pennsylvania", "population": 414.0 }, "geometry": { "type": "Polygon", "coordinates": [ [ [ -78.538125, 40.745365 ], [ -78.53449, 40.742423 ], [ -78.525769, 40.742199 ], [ -78.528329, 40.750607 ], [ -78.528562, 40.753851 ], [ -78.531654, 40.753548 ], [ -78.533172, 40.752281 ], [ -78.534328, 40.753382 ], [ -78.536412, 40.753324 ], [ -78.536426, 40.749891 ], [ -78.537535, 40.746816 ], [ -78.538125, 40.745365 ] ] ] } },
{ "type": "Feature", "properties": { "GEOID": "4274224", "NAME": "Stockdale borough, Pennsylvania", "population": 414.0 }, "geometry": { "type": "Polygon", "coordinates": [ [ [ -79.857306, 40.084983 ], [ -79.856684, 40.084129 ], [ -79.852746, 40.07843 ], [ -79.847815, 40.080185 ], [ -79.84243, 40.084011 ], [ -79.842283, 40.084193 ], [ -79.849355, 40.087769 ], [ -79.856907, 40.085911 ], [ -79.857306, 40.084983 ] ] ] } },
{ "type": "Feature", "properties": { "GEOID": "4256928", "NAME": "Orbisonia borough, Pennsylvania", "population": 413.0 }, "geometry": { "type": "Polygon", "coordinates": [ [ [ -77.897105, 40.244534 ], [ -77.894146, 40.242082 ], [ -77.890368, 40.238768 ], [ -77.889146, 40.239757 ], [ -77.88925, 40.240919 ], [ -77.890519, 40.243008 ], [ -77.895327, 40.246827 ], [ -77.896308, 40.246082 ], [ -77.897196, 40.245404 ], [ -77.897105, 40.244534 ] ] ] } },
{ "type": "Feature", "properties": { "GEOID": "4208744", "NAME": "Brisbin borough, Pennsylvania", "population": 412.0 }, "geometry": { "type": "Polygon", "coordinates": [ [ [ -78.361604, 40.838021 ], [ -78.346924, 40.830887 ], [ -78.346008, 40.82993 ], [ -78.342288, 40.831349 ], [ -78.342805, 40.834817 ], [ -78.346874, 40.83617 ], [ -78.346741, 40.840776 ], [ -78.346633, 40.844497 ], [ -78.35556, 40.848963 ], [ -78.363632, 40.84005 ], [ -78.361604, 40.838021 ] ] ] } },
{ "type": "Feature", "properties": { "GEOID": "4224040", "NAME": "Ernest borough, Pennsylvania", "population": 410.0 }, "geometry": { "type": "Polygon", "coordinates": [ [ [ -79.173745, 40.678174 ], [ -79.168968, 40.678595 ], [ -79.166953, 40.677655 ], [ -79.164186, 40.674194 ], [ -79.162132, 40.674173 ], [ -79.158592, 40.676459 ], [ -79.157465, 40.678823 ], [ -79.160297, 40.679595 ], [ -79.161924, 40.681085 ], [ -79.169313, 40.681039 ], [ -79.173687, 40.680466 ], [ -79.174377, 40.679158 ], [ -79.173745, 40.678174 ] ] ] } },
{ "type": "Feature", "properties": { "GEOID": "4244512", "NAME": "Long Branch borough, Pennsylvania", "population": 410.0 }, "geometry": { "type": "Polygon", "coordinates": [ [ [ -79.90137, 40.101608 ], [ -79.899938, 40.087369 ], [ -79.897972, 40.086278 ], [ -79.897675, 40.08429 ], [ -79.895588, 40.084224 ], [ -79.894617, 40.082394 ], [ -79.891979, 40.084069 ], [ -79.891577, 40.085417 ], [ -79.885737, 40.082057 ], [ -79.881017, 40.081929 ], [ -79.880985, 40.083337 ], [ -79.887961, 40.086137 ], [ -79.88809, 40.087624 ], [ -79.879497, 40.085001 ], [ -79.877142, 40.089863 ], [ -79.866072, 40.091081 ], [ -79.862054, 40.094717 ], [ -79.855704, 40.10492 ], [ -79.860408, 40.105368 ], [ -79.863064, 40.105864 ], [ -79.861976, 40.112488 ], [ -79.867805, 40.113965 ], [ -79.87116, 40.114776 ], [ -79.870872, 40.112936 ], [ -79.874073, 40.112984 ], [ -79.878105, 40.111096 ], [ -79.880928, 40.109858 ], [ -79.895224, 40.103081 ], [ -79.901402, 40.102984 ], [ -79.90137, 40.101608 ] ] ] } },
{ "type": "Feature", "properties": { "GEOID": "4228520", "NAME": "Garrett borough, Pennsylvania", "population": 408.0 }, "geometry": { "type": "Polygon", "coordinates": [ [ [ -79.071259, 39.860262 ], [ -79.066636, 39.857698 ], [ -79.058593, 39.858829 ], [ -79.056661, 39.863515 ], [ -79.056952, 39.865881 ], [ -79.056, 39.869894 ], [ -79.052139, 39.872011 ], [ -79.054164, 39.87368 ], [ -79.055802, 39.873328 ], [ -79.06035, 39.870323 ], [ -79.063099, 39.869157 ], [ -79.063395, 39.867365 ], [ -79.068717, 39.864974 ], [ -79.068741, 39.862765 ], [ -79.071259, 39.860262 ] ] ] } },
{ "type": "Feature", "properties": { "GEOID": "4247472", "NAME": "Marion Center borough, Pennsylvania", "population": 404.0 }, "geometry": { "type": "Polygon", "coordinates": [ [ [ -79.05356, 40.762869 ], [ -79.040079, 40.762857 ], [ -79.040167, 40.770572 ], [ -79.040208, 40.77411 ], [ -79.042084, 40.774104 ], [ -79.042238, 40.778568 ], [ -79.054064, 40.778573 ], [ -79.05356, 40.762869 ] ] ] } },
{ "type": "Feature", "properties": { "GEOID": "4272448", "NAME": "South Renovo borough, Pennsylvania", "population": 403.0 }, "geometry": { "type": "Polygon", "coordinates": [ [ [ -77.750709, 41.322708 ], [ -77.75, 41.321991 ], [ -77.748893, 41.319728 ], [ -77.735359, 41.3251 ], [ -77.736237, 41.329206 ], [ -77.742212, 41.326872 ], [ -77.749709, 41.324206 ], [ -77.751335, 41.323734 ], [ -77.750709, 41.322708 ] ] ] } },
{ "type": "Feature", "properties": { "GEOID": "4247248", "NAME": "Mapleton borough, Pennsylvania", "population": 402.0 }, "geometry": { "type": "Polygon", "coordinates": [ [ [ -77.946865, 40.392807 ], [ -77.940602, 40.389424 ], [ -77.936375, 40.389447 ], [ -77.934835, 40.392395 ], [ -77.935627, 40.392562 ], [ -77.937293, 40.393157 ], [ -77.938518, 40.393822 ], [ -77.939229, 40.394338 ], [ -77.939887, 40.394993 ], [ -77.940233, 40.396011 ], [ -77.943551, 40.39656 ], [ -77.944603, 40.397521 ], [ -77.946865, 40.392807 ] ] ] } },
{ "type": "Feature", "properties": { "GEOID": "4209528", "NAME": "Bruin borough, Pennsylvania", "population": 401.0 }, "geometry": { "type": "Polygon", "coordinates": [ [ [ -79.744673, 41.048728 ], [ -79.725272, 41.042048 ], [ -79.722354, 41.042887 ], [ -79.719151, 41.043807 ], [ -79.712963, 41.058989 ], [ -79.712206, 41.060811 ], [ -79.721644, 41.067776 ], [ -79.733152, 41.067778 ], [ -79.7312, 41.066928 ], [ -79.73355, 41.064057 ], [ -79.726924, 41.064239 ], [ -79.72645, 41.059901 ], [ -79.735637, 41.059655 ], [ -79.735643, 41.054917 ], [ -79.736726, 41.054898 ], [ -79.736884, 41.058331 ], [ -79.738572, 41.058332 ], [ -79.738615, 41.059649 ], [ -79.745159, 41.051916 ], [ -79.744673, 41.048728 ] ] ] } },
{ "type": "Feature", "properties": { "GEOID": "4211328", "NAME": "Carmichaels borough, Pennsylvania", "population": 401.0 }, "geometry": { "type": "Polygon", "coordinates": [ [ [ -79.979314, 39.899037 ], [ -79.979393, 39.898726 ], [ -79.977539, 39.896827 ], [ -79.974849, 39.893908 ], [ -79.97364, 39.893224 ], [ -79.972558, 39.893498 ], [ -79.972801, 39.893966 ], [ -79.970335, 39.895048 ], [ -79.97129, 39.897135 ], [ -79.970669, 39.899331 ], [ -79.971318, 39.900059 ], [ -79.973228, 39.899159 ], [ -79.975172, 39.901068 ], [ -79.978754, 39.900933 ], [ -79.980828, 39.900853 ], [ -79.979314, 39.899037 ] ] ] } },
{ "type": "Feature", "properties": { "GEOID": "4276848", "NAME": "Tionesta borough, Pennsylvania", "population": 399.0 }, "geometry": { "type": "Polygon", "coordinates": [ [ [ -79.459551, 41.492724 ], [ -79.458571, 41.491821 ], [ -79.455593, 41.487295 ], [ -79.451317, 41.486126 ], [ -79.44567, 41.483901 ], [ -79.444017, 41.481414 ], [ -79.440581, 41.481227 ], [ -79.439326, 41.482282 ], [ -79.433047, 41.48523 ], [ -79.444495, 41.500062 ], [ -79.449621, 41.509248 ], [ -79.453588, 41.506634 ], [ -79.458311, 41.499723 ], [ -79.459741, 41.496227 ], [ -79.459551, 41.492724 ] ] ] } },
{ "type": "Feature", "properties": { "GEOID": "4280288", "NAME": "Vintondale borough, Pennsylvania", "population": 399.0 }, "geometry": { "type": "Polygon", "coordinates": [ [ [ -78.923653, 40.480526 ], [ -78.908582, 40.472884 ], [ -78.901684, 40.480441 ], [ -78.904996, 40.486012 ], [ -78.906795, 40.484042 ], [ -78.909539, 40.481661 ], [ -78.917078, 40.481553 ], [ -78.917949, 40.481785 ], [ -78.92158, 40.484184 ], [ -78.922514, 40.482491 ], [ -78.923653, 40.480526 ] ] ] } },
{ "type": "Feature", "properties": { "GEOID": "4213776", "NAME": "Clarendon borough, Pennsylvania", "population": 395.0 }, "geometry": { "type": "Polygon", "coordinates": [ [ [ -79.102119, 41.785123 ], [ -79.098593, 41.78194 ], [ -79.098526, 41.776087 ], [ -79.088569, 41.77602 ], [ -79.088517, 41.784521 ], [ -79.09657, 41.784464 ], [ -79.096604, 41.785373 ], [ -79.098469, 41.785875 ], [ -79.100473, 41.785685 ], [ -79.102119, 41.785123 ] ] ] } },
{ "type": "Feature", "properties": { "GEOID": "4269368", "NAME": "Seward borough, Pennsylvania", "population": 395.0 }, "geometry": { "type": "Polygon", "coordinates": [ [ [ -79.027986, 40.414298 ], [ -79.022575, 40.412606 ], [ -79.024373, 40.409271 ], [ -79.020654, 40.408178 ], [ -79.01953, 40.407871 ], [ -79.01775, 40.411371 ], [ -79.018382, 40.416357 ], [ -79.021633, 40.415971 ], [ -79.026391, 40.417376 ], [ -79.027986, 40.414298 ] ] ] } },
{ "type": "Feature", "properties": { "GEOID": "4279768", "NAME": "Vanderbilt borough, Pennsylvania", "population": 395.0 }, "geometry": { "type": "Polygon", "coordinates": [ [ [ -79.669057, 40.032353 ], [ -79.667135, 40.030581 ], [ -79.668969, 40.028324 ], [ -79.663509, 40.031943 ], [ -79.659439, 40.03062 ], [ -79.658649, 40.031259 ], [ -79.658319, 40.036959 ], [ -79.658824, 40.038741 ], [ -79.661464, 40.036953 ], [ -79.667002, 40.034902 ], [ -79.668348, 40.033335 ], [ -79.669057, 40.032353 ] ] ] } },
{ "type": "Feature", "properties": { "GEOID": "4264432", "NAME": "Rices Landing borough, Pennsylvania", "population": 392.0 }, "geometry": { "type": "Polygon", "coordinates": [ [ [ -80.012398, 39.960071 ], [ -80.010028, 39.955004 ], [ -80.006792, 39.952086 ], [ -80.010264, 39.951065 ], [ -80.009199, 39.95091 ], [ -80.009519, 39.948268 ], [ -80.005487, 39.947155 ], [ -80.005718, 39.945504 ], [ -80.004982, 39.944136 ], [ -80.006202, 39.939219 ], [ -80.004809, 39.938995 ], [ -80.002372, 39.939944 ], [ -79.998359, 39.939827 ], [ -79.995333, 39.940872 ], [ -79.985749, 39.945487 ], [ -79.982654, 39.949072 ], [ -79.984441, 39.951979 ], [ -79.990687, 39.94977 ], [ -79.995072, 39.949514 ], [ -79.998816, 39.95089 ], [ -80.00528, 39.954922 ], [ -80.007584, 39.956666 ], [ -80.009344, 39.958794 ], [ -80.010063, 39.960986 ], [ -80.012398, 39.960071 ] ] ] } },
{ "type": "Feature", "properties": { "GEOID": "4204568", "NAME": "Beallsville borough, Pennsylvania", "population": 389.0 }, "geometry": { "type": "Polygon", "coordinates": [ [ [ -80.047328, 40.058584 ], [ -80.046662, 40.057197 ], [ -80.046483, 40.053993 ], [ -80.037455, 40.053944 ], [ -80.032543, 40.053048 ], [ -80.032401, 40.050109 ], [ -80.029688, 40.050224 ], [ -80.023875, 40.051805 ], [ -80.022595, 40.049641 ], [ -80.021121, 40.049547 ], [ -80.016287, 40.047659 ], [ -80.01059, 40.056136 ], [ -80.019741, 40.056551 ], [ -80.020381, 40.057831 ], [ -80.019772, 40.061255 ], [ -80.017717, 40.061988 ], [ -80.015772, 40.061165 ], [ -80.01352, 40.064132 ], [ -80.013495, 40.069158 ], [ -80.016297, 40.069264 ], [ -80.018987, 40.068779 ], [ -80.021298, 40.073278 ], [ -80.024564, 40.073328 ], [ -80.025303, 40.077074 ], [ -80.027448, 40.077107 ], [ -80.029785, 40.076356 ], [ -80.029275, 40.073429 ], [ -80.035028, 40.071002 ], [ -80.040321, 40.072572 ], [ -80.041081, 40.072866 ], [ -80.042912, 40.072456 ], [ -80.051152, 40.058584 ], [ -80.047328, 40.058584 ] ] ] } },
{ "type": "Feature", "properties": { "GEOID": "4247400", "NAME": "Marianna borough, Pennsylvania", "population": 386.0 }, "geometry": { "type": "Polygon", "coordinates": [ [ [ -80.132028, 39.999341 ], [ -80.130233, 39.999386 ], [ -80.12478, 39.998026 ], [ -80.12477, 39.991838 ], [ -80.123108, 39.992152 ], [ -80.120676, 39.992729 ], [ -80.119738, 39.994254 ], [ -80.117519, 39.992622 ], [ -80.115045, 39.996097 ], [ -80.115945, 39.998292 ], [ -80.117687, 40.000067 ], [ -80.114409, 40.006433 ], [ -80.114218, 40.010847 ], [ -80.111003, 40.01135 ], [ -80.1081, 40.010484 ], [ -80.105891, 40.01379 ], [ -80.106766, 40.018133 ], [ -80.103743, 40.022647 ], [ -80.100136, 40.022477 ], [ -80.09885, 40.017081 ], [ -80.099584, 40.013352 ], [ -80.101662, 40.010087 ], [ -80.100061, 40.00967 ], [ -80.096234, 40.013125 ], [ -80.094872, 40.01642 ], [ -80.096075, 40.018077 ], [ -80.095154, 40.019669 ], [ -80.094706, 40.020408 ], [ -80.094222, 40.0206 ], [ -80.093093, 40.022088 ], [ -80.090814, 40.02314 ], [ -80.089265, 40.023953 ], [ -80.088071, 40.024296 ], [ -80.08868, 40.025078 ], [ -80.089327, 40.026316 ], [ -80.090496, 40.02617 ], [ -80.094471, 40.02837 ], [ -80.093483, 40.030102 ], [ -80.095552, 40.030617 ], [ -80.096417, 40.032621 ], [ -80.100125, 40.031508 ], [ -80.101126, 40.028045 ], [ -80.110168, 40.025638 ], [ -80.112885, 40.027494 ], [ -80.113439, 40.023687 ], [ -80.114924, 40.020664 ], [ -80.113512, 40.019064 ], [ -80.113029, 40.017097 ], [ -80.113556, 40.015786 ], [ -80.115319, 40.016121 ], [ -80.115051, 40.017535 ], [ -80.117414, 40.017856 ], [ -80.117062, 40.015203 ], [ -80.119285, 40.014469 ], [ -80.12478, 40.007981 ], [ -80.126919, 40.008954 ], [ -80.133723, 40.003061 ], [ -80.132028, 39.999341 ] ] ] } },
{ "type": "Feature", "properties": { "GEOID": "4282848", "NAME": "West Elizabeth borough, Pennsylvania", "population": 385.0 }, "geometry": { "type": "Polygon", "coordinates": [ [ [ -79.901535, 40.26803 ], [ -79.89987, 40.269201 ], [ -79.897369, 40.267161 ], [ -79.896313, 40.267921 ], [ -79.888966, 40.274045 ], [ -79.886293, 40.276917 ], [ -79.887886, 40.278288 ], [ -79.890873, 40.276119 ], [ -79.893815, 40.274528 ], [ -79.89655, 40.273876 ], [ -79.90453, 40.26984 ], [ -79.901535, 40.26803 ] ] ] } },
{ "type": "Feature", "properties": { "GEOID": "4216080", "NAME": "Cooperstown borough, Pennsylvania", "population": 383.0 }, "geometry": { "type": "Polygon", "coordinates": [ [ [ -79.882226, 41.494338 ], [ -79.873808, 41.494591 ], [ -79.866501, 41.494982 ], [ -79.867206, 41.495826 ], [ -79.867314, 41.500993 ], [ -79.864857, 41.501063 ], [ -79.864878, 41.505347 ], [ -79.878204, 41.505328 ], [ -79.878374, 41.501179 ], [ -79.882191, 41.501232 ], [ -79.882226, 41.494338 ] ] ] } },
{ "type": "Feature", "properties": { "GEOID": "4229568", "NAME": "Glendon borough, Pennsylvania", "population": 383.0 }, "geometry": { "type": "Polygon", "coordinates": [ [ [ -75.244621, 40.653814 ], [ -75.244036, 40.650889 ], [ -75.242092, 40.648236 ], [ -75.240631, 40.649218 ], [ -75.234093, 40.656927 ], [ -75.232639, 40.66265 ], [ -75.228276, 40.666804 ], [ -75.226356, 40.667937 ], [ -75.227189, 40.672836 ], [ -75.227435, 40.672816 ], [ -75.231168, 40.67104 ], [ -75.231826, 40.672813 ], [ -75.236771, 40.666219 ], [ -75.236724, 40.66394 ], [ -75.237284, 40.662886 ], [ -75.242555, 40.658665 ], [ -75.246363, 40.654987 ], [ -75.244621, 40.653814 ] ] ] } },
{ "type": "Feature", "properties": { "GEOID": "4259054", "NAME": "Penn Lake Park borough, Pennsylvania", "population": 383.0 }, "geometry": { "type": "Polygon", "coordinates": [ [ [ -75.795714, 41.112952 ], [ -75.793885, 41.112194 ], [ -75.78848, 41.112048 ], [ -75.786148, 41.111175 ], [ -75.785118, 41.109879 ], [ -75.780609, 41.112916 ], [ -75.779044, 41.11199 ], [ -75.778314, 41.101085 ], [ -75.775618, 41.101159 ], [ -75.775853, 41.104365 ], [ -75.76826, 41.104718 ], [ -75.766154, 41.10702 ], [ -75.763542, 41.10797 ], [ -75.75983, 41.110944 ], [ -75.759502, 41.113786 ], [ -75.759883, 41.11711 ], [ -75.756347, 41.118219 ], [ -75.752395, 41.120419 ], [ -75.755967, 41.120296 ], [ -75.756247, 41.12433 ], [ -75.761181, 41.120687 ], [ -75.765478, 41.119488 ], [ -75.766488, 41.119659 ], [ -75.769039, 41.121266 ], [ -75.769324, 41.125692 ], [ -75.779417, 41.125321 ], [ -75.779321, 41.119656 ], [ -75.788123, 41.119495 ], [ -75.795618, 41.11304 ], [ -75.795923, 41.113358 ], [ -75.795714, 41.112952 ] ] ] } },
{ "type": "Feature", "properties": { "GEOID": "4242968", "NAME": "Lewisberry borough, Pennsylvania", "population": 378.0 }, "geometry": { "type": "Polygon", "coordinates": [ [ [ -76.864673, 40.133906 ], [ -76.860366, 40.131394 ], [ -76.859651, 40.133039 ], [ -76.855094, 40.138488 ], [ -76.857117, 40.139326 ], [ -76.857907, 40.138234 ], [ -76.860042, 40.138999 ], [ -76.861502, 40.138086 ], [ -76.863445, 40.13904 ], [ -76.864344, 40.134999 ], [ -76.864673, 40.133906 ] ] ] } },
{ "type": "Feature", "properties": { "GEOID": "4249936", "NAME": "Mill Village borough, Pennsylvania", "population": 378.0 }, "geometry": { "type": "Polygon", "coordinates": [ [ [ -79.982479, 41.875853 ], [ -79.982335, 41.871497 ], [ -79.971936, 41.87168 ], [ -79.971867, 41.868801 ], [ -79.964092, 41.868992 ], [ -79.964328, 41.876849 ], [ -79.964438, 41.880726 ], [ -79.963427, 41.880736 ], [ -79.963563, 41.884872 ], [ -79.980597, 41.884765 ], [ -79.981633, 41.882567 ], [ -79.981869, 41.878234 ], [ -79.983265, 41.876048 ], [ -79.982479, 41.875853 ] ] ] } },
{ "type": "Feature", "properties": { "GEOID": "4236888", "NAME": "Indian Lake borough, Pennsylvania", "population": 377.0 }, "geometry": { "type": "Polygon", "coordinates": [ [ [ -78.887205, 40.037651 ], [ -78.881672, 40.034436 ], [ -78.878255, 40.031782 ], [ -78.878282, 40.02886 ], [ -78.872513, 40.028141 ], [ -78.871961, 40.027298 ], [ -78.868161, 40.027581 ], [ -78.86751, 40.029113 ], [ -78.863969, 40.029405 ], [ -78.863835, 40.028163 ], [ -78.861669, 40.029666 ], [ -78.859676, 40.029745 ], [ -78.858068, 40.030999 ], [ -78.854393, 40.03124 ], [ -78.853565, 40.034907 ], [ -78.851333, 40.030439 ], [ -78.847078, 40.028558 ], [ -78.844548, 40.027473 ], [ -78.84234, 40.023314 ], [ -78.838974, 40.029139 ], [ -78.839547, 40.033245 ], [ -78.843141, 40.034749 ], [ -78.844375, 40.032999 ], [ -78.846834, 40.03396 ], [ -78.849036, 40.03566 ], [ -78.851024, 40.036445 ], [ -78.848936, 40.039609 ], [ -78.846916, 40.039264 ], [ -78.839126, 40.043242 ], [ -78.839142, 40.047074 ], [ -78.840686, 40.047037 ], [ -78.840698, 40.050468 ], [ -78.839076, 40.050544 ], [ -78.839071, 40.059517 ], [ -78.844484, 40.05944 ], [ -78.845807, 40.057975 ], [ -78.849113, 40.058873 ], [ -78.849229, 40.063309 ], [ -78.858519, 40.063258 ], [ -78.858749, 40.06545 ], [ -78.863152, 40.065164 ], [ -78.864971, 40.063993 ], [ -78.862702, 40.060356 ], [ -78.865654, 40.058045 ], [ -78.867488, 40.052923 ], [ -78.871162, 40.051289 ], [ -78.870784, 40.052592 ], [ -78.873411, 40.052857 ], [ -78.87383, 40.05151 ], [ -78.873907, 40.052896 ], [ -78.875048, 40.053002 ], [ -78.875168, 40.057199 ], [ -78.880688, 40.057501 ], [ -78.879819, 40.054912 ], [ -78.881353, 40.053242 ], [ -78.879498, 40.051184 ], [ -78.883168, 40.048873 ], [ -78.877792, 40.044968 ], [ -78.881535, 40.039618 ], [ -78.884607, 40.040006 ], [ -78.887205, 40.037651 ] ] ] } },
{ "type": "Feature", "properties": { "GEOID": "4205520", "NAME": "Ben Avon Heights borough, Pennsylvania", "population": 376.0 }, "geometry": { "type": "Polygon", "coordinates": [ [ [ -80.076803, 40.511503 ], [ -80.07545, 40.51201 ], [ -80.075357, 40.508832 ], [ -80.069516, 40.508993 ], [ -80.07132, 40.511933 ], [ -80.068476, 40.510725 ], [ -80.068799, 40.515383 ], [ -80.079054, 40.515165 ], [ -80.076803, 40.511503 ] ] ] } },
{ "type": "Feature", "properties": { "GEOID": "4272216", "NAME": "South Heights borough, Pennsylvania", "population": 376.0 }, "geometry": { "type": "Polygon", "coordinates": [ [ [ -80.243092, 40.570549 ], [ -80.236104, 40.569429 ], [ -80.233792, 40.570246 ], [ -80.233369, 40.569578 ], [ -80.228953, 40.572799 ], [ -80.228579, 40.573072 ], [ -80.230674, 40.57577 ], [ -80.233366, 40.580573 ], [ -80.23913, 40.581183 ], [ -80.237838, 40.577626 ], [ -80.243865, 40.575042 ], [ -80.243092, 40.570549 ] ] ] } },
{ "type": "Feature", "properties": { "GEOID": "4265944", "NAME": "Rome borough, Pennsylvania", "population": 373.0 }, "geometry": { "type": "Polygon", "coordinates": [ [ [ -76.347958, 41.846139 ], [ -76.345296, 41.845809 ], [ -76.346225, 41.847383 ], [ -76.346077, 41.848533 ], [ -76.34354, 41.850893 ], [ -76.341078, 41.854117 ], [ -76.340892, 41.85553 ], [ -76.339637, 41.857234 ], [ -76.336827, 41.857857 ], [ -76.331528, 41.863155 ], [ -76.330947, 41.864674 ], [ -76.332262, 41.866772 ], [ -76.333652, 41.868774 ], [ -76.346009, 41.858395 ], [ -76.351601, 41.846589 ], [ -76.347958, 41.846139 ] ] ] } },
{ "type": "Feature", "properties": { "GEOID": "4265496", "NAME": "Rockhill borough, Pennsylvania", "population": 372.0 }, "geometry": { "type": "Polygon", "coordinates": [ [ [ -77.903958, 40.237383 ], [ -77.899909, 40.237369 ], [ -77.893373, 40.235786 ], [ -77.894998, 40.241666 ], [ -77.894696, 40.241947 ], [ -77.894697, 40.242117 ], [ -77.895211, 40.24285 ], [ -77.895543, 40.243056 ], [ -77.896581, 40.243522 ], [ -77.897059, 40.244118 ], [ -77.89745, 40.244837 ], [ -77.899272, 40.246202 ], [ -77.904505, 40.245571 ], [ -77.903958, 40.237383 ] ] ] } },
{ "type": "Feature", "properties": { "GEOID": "4200756", "NAME": "Alexandria borough, Pennsylvania", "population": 367.0 }, "geometry": { "type": "Polygon", "coordinates": [ [ [ -78.106137, 40.559727 ], [ -78.099406, 40.55657 ], [ -78.0961, 40.555214 ], [ -78.093972, 40.557884 ], [ -78.098092, 40.559795 ], [ -78.09896, 40.558706 ], [ -78.101963, 40.560411 ], [ -78.104267, 40.562123 ], [ -78.106137, 40.559727 ] ] ] } },
{ "type": "Feature", "properties": { "GEOID": "4272872", "NAME": "Springboro borough, Pennsylvania", "population": 366.0 }, "geometry": { "type": "Polygon", "coordinates": [ [ [ -80.383605, 41.795728 ], [ -80.36017, 41.79531 ], [ -80.35976, 41.80538 ], [ -80.382826, 41.805978 ], [ -80.383208, 41.805983 ], [ -80.383605, 41.795728 ] ] ] } },
{ "type": "Feature", "properties": { "GEOID": "4247064", "NAME": "Manorville borough, Pennsylvania", "population": 364.0 }, "geometry": { "type": "Polygon", "coordinates": [ [ [ -79.524191, 40.781731 ], [ -79.519367, 40.785567 ], [ -79.5173, 40.791671 ], [ -79.517285, 40.793406 ], [ -79.518673, 40.793723 ], [ -79.521862, 40.788512 ], [ -79.525166, 40.782169 ], [ -79.524191, 40.781731 ] ] ] } },
{ "type": "Feature", "properties": { "GEOID": "4220328", "NAME": "Dunlevy borough, Pennsylvania", "population": 363.0 }, "geometry": { "type": "Polygon", "coordinates": [ [ [ -79.867805, 40.113965 ], [ -79.861976, 40.112488 ], [ -79.863064, 40.105864 ], [ -79.860408, 40.105368 ], [ -79.855704, 40.10492 ], [ -79.85045, 40.113091 ], [ -79.850088, 40.11396 ], [ -79.852536, 40.116104 ], [ -79.854928, 40.117153 ], [ -79.860056, 40.11884 ], [ -79.862049, 40.119902 ], [ -79.864919, 40.121253 ], [ -79.867331, 40.118192 ], [ -79.867805, 40.113965 ] ] ] } },
{ "type": "Feature", "properties": { "GEOID": "4249048", "NAME": "Middleport borough, Pennsylvania", "population": 363.0 }, "geometry": { "type": "Polygon", "coordinates": [ [ [ -76.091016, 40.721656 ], [ -76.078085, 40.726116 ], [ -76.082605, 40.73391 ], [ -76.09028, 40.731274 ], [ -76.095578, 40.729451 ], [ -76.091016, 40.721656 ] ] ] } },
{ "type": "Feature", "properties": { "GEOID": "4225944", "NAME": "Finleyville borough, Pennsylvania", "population": 360.0 }, "geometry": { "type": "Polygon", "coordinates": [ [ [ -80.009157, 40.251384 ], [ -80.003931, 40.250214 ], [ -79.99544, 40.252839 ], [ -79.995446, 40.253907 ], [ -79.996126, 40.256101 ], [ -80.001432, 40.254698 ], [ -80.008687, 40.252753 ], [ -80.009157, 40.251384 ] ] ] } },
{ "type": "Feature", "properties": { "GEOID": "4208896", "NAME": "Broad Top City borough, Pennsylvania", "population": 359.0 }, "geometry": { "type": "Polygon", "coordinates": [ [ [ -78.148984, 40.206573 ], [ -78.143704, 40.193134 ], [ -78.140859, 40.191952 ], [ -78.135493, 40.194772 ], [ -78.131594, 40.203761 ], [ -78.143918, 40.209774 ], [ -78.148984, 40.206573 ] ] ] } },
{ "type": "Feature", "properties": { "GEOID": "4253344", "NAME": "Newburg borough, Pennsylvania", "population": 359.0 }, "geometry": { "type": "Polygon", "coordinates": [ [ [ -77.559122, 40.136148 ], [ -77.556048, 40.133081 ], [ -77.54962, 40.135359 ], [ -77.550401, 40.13821 ], [ -77.55081, 40.139703 ], [ -77.555424, 40.140516 ], [ -77.560468, 40.137488 ], [ -77.559122, 40.136148 ] ] ] } },
{ "type": "Feature", "properties": { "GEOID": "4240744", "NAME": "Laceyville borough, Pennsylvania", "population": 354.0 }, "geometry": { "type": "Polygon", "coordinates": [ [ [ -76.164197, 41.647597 ], [ -76.165297, 41.646175 ], [ -76.164229, 41.645702 ], [ -76.164775, 41.644053 ], [ -76.164045, 41.64317 ], [ -76.157706, 41.643772 ], [ -76.153706, 41.643606 ], [ -76.152292, 41.643162 ], [ -76.150523, 41.644474 ], [ -76.150149, 41.645551 ], [ -76.161319, 41.648288 ], [ -76.160967, 41.649387 ], [ -76.165393, 41.649171 ], [ -76.164197, 41.647597 ] ] ] } },
{ "type": "Feature", "properties": { "GEOID": "4207120", "NAME": "Blooming Valley borough, Pennsylvania", "population": 350.0 }, "geometry": { "type": "Polygon", "coordinates": [ [ [ -80.057927, 41.670911 ], [ -80.032922, 41.671625 ], [ -80.032163, 41.67182 ], [ -80.023173, 41.672156 ], [ -80.023187, 41.676112 ], [ -80.025138, 41.691429 ], [ -80.042344, 41.690856 ], [ -80.041912, 41.68603 ], [ -80.045498, 41.685874 ], [ -80.04659, 41.684726 ], [ -80.045991, 41.684363 ], [ -80.058834, 41.683901 ], [ -80.057927, 41.670911 ] ] ] } },
{ "type": "Feature", "properties": { "GEOID": "4246488", "NAME": "Madison borough, Pennsylvania", "population": 350.0 }, "geometry": { "type": "Polygon", "coordinates": [ [ [ -79.683821, 40.248234 ], [ -79.681297, 40.246226 ], [ -79.679544, 40.244486 ], [ -79.677072, 40.24238 ], [ -79.674884, 40.239945 ], [ -79.670106, 40.238785 ], [ -79.66793, 40.240784 ], [ -79.668228, 40.246994 ], [ -79.673995, 40.25042 ], [ -79.678768, 40.250434 ], [ -79.680288, 40.252073 ], [ -79.68124, 40.251724 ], [ -79.683517, 40.248835 ], [ -79.683821, 40.248234 ] ] ] } },
{ "type": "Feature", "properties": { "GEOID": "4226520", "NAME": "Ford Cliff borough, Pennsylvania", "population": 346.0 }, "geometry": { "type": "Polygon", "coordinates": [ [ [ -79.536953, 40.75864 ], [ -79.535999, 40.758423 ], [ -79.531451, 40.761164 ], [ -79.53252, 40.761781 ], [ -79.534808, 40.763104 ], [ -79.540021, 40.760628 ], [ -79.536953, 40.75864 ] ] ] } },
{ "type": "Feature", "properties": { "GEOID": "4230280", "NAME": "Grampian borough, Pennsylvania", "population": 345.0 }, "geometry": { "type": "Polygon", "coordinates": [ [ [ -78.618846, 40.966294 ], [ -78.613369, 40.964284 ], [ -78.615789, 40.960621 ], [ -78.607549, 40.960536 ], [ -78.603392, 40.96417 ], [ -78.608579, 40.966355 ], [ -78.607955, 40.967369 ], [ -78.613146, 40.969149 ], [ -78.614349, 40.968509 ], [ -78.616996, 40.969515 ], [ -78.618846, 40.966294 ] ] ] } },
{ "type": "Feature", "properties": { "GEOID": "4283736", "NAME": "Westover borough, Pennsylvania", "population": 343.0 }, "geometry": { "type": "Polygon", "coordinates": [ [ [ -78.696411, 40.72435 ], [ -78.691153, 40.724318 ], [ -78.688187, 40.724251 ], [ -78.688093, 40.727555 ], [ -78.688605, 40.730413 ], [ -78.688574, 40.733924 ], [ -78.688085, 40.735564 ], [ -78.685975, 40.736739 ], [ -78.682387, 40.737213 ], [ -78.67981, 40.73837 ], [ -78.676308, 40.742181 ], [ -78.664672, 40.745235 ], [ -78.663984, 40.744045 ], [ -78.659718, 40.744059 ], [ -78.659576, 40.751617 ], [ -78.655245, 40.751691 ], [ -78.655231, 40.753504 ], [ -78.657664, 40.752993 ], [ -78.660999, 40.754266 ], [ -78.663018, 40.753838 ], [ -78.665703, 40.757609 ], [ -78.668292, 40.760106 ], [ -78.671884, 40.757259 ], [ -78.671049, 40.756239 ], [ -78.676476, 40.756413 ], [ -78.676667, 40.757301 ], [ -78.680822, 40.758656 ], [ -78.6882, 40.760157 ], [ -78.695926, 40.76039 ], [ -78.695551, 40.751204 ], [ -78.696721, 40.751188 ], [ -78.696411, 40.72435 ] ] ] } },
{ "type": "Feature", "properties": { "GEOID": "4234080", "NAME": "Herndon borough, Pennsylvania", "population": 341.0 }, "geometry": { "type": "Polygon", "coordinates": [ [ [ -76.869387, 40.698975 ], [ -76.85156, 40.699786 ], [ -76.848496, 40.699084 ], [ -76.839424, 40.706326 ], [ -76.838258, 40.718061 ], [ -76.84294, 40.718399 ], [ -76.848676, 40.724577 ], [ -76.856015, 40.724671 ], [ -76.856492, 40.72263 ], [ -76.858469, 40.717569 ], [ -76.861184, 40.711598 ], [ -76.863396, 40.70765 ], [ -76.864954, 40.706124 ], [ -76.865257, 40.704606 ], [ -76.867439, 40.702584 ], [ -76.869387, 40.698975 ] ] ] } },
{ "type": "Feature", "properties": { "GEOID": "4281648", "NAME": "Wattsburg borough, Pennsylvania", "population": 340.0 }, "geometry": { "type": "Polygon", "coordinates": [ [ [ -79.812968, 41.998874 ], [ -79.801864, 41.998855 ], [ -79.801702, 42.007088 ], [ -79.811378, 42.007115 ], [ -79.812826, 42.001985 ], [ -79.811953, 41.999578 ], [ -79.812968, 41.998874 ] ] ] } },
{ "type": "Feature", "properties": { "GEOID": "4218360", "NAME": "Dawson borough, Pennsylvania", "population": 336.0 }, "geometry": { "type": "Polygon", "coordinates": [ [ [ -79.664653, 40.049266 ], [ -79.65905, 40.045252 ], [ -79.652757, 40.04335 ], [ -79.648683, 40.040861 ], [ -79.648355, 40.041422 ], [ -79.652299, 40.044391 ], [ -79.65449, 40.04709 ], [ -79.651595, 40.051818 ], [ -79.652112, 40.05229 ], [ -79.65502, 40.04914 ], [ -79.661229, 40.051404 ], [ -79.66238, 40.049766 ], [ -79.664216, 40.050378 ], [ -79.664653, 40.049266 ] ] ] } },
{ "type": "Feature", "properties": { "GEOID": "4210800", "NAME": "Callery borough, Pennsylvania", "population": 335.0 }, "geometry": { "type": "Polygon", "coordinates": [ [ [ -80.044927, 40.744981 ], [ -80.041458, 40.739956 ], [ -80.044559, 40.73817 ], [ -80.040388, 40.732221 ], [ -80.034883, 40.732431 ], [ -80.029701, 40.735514 ], [ -80.030372, 40.736294 ], [ -80.032308, 40.742092 ], [ -80.034425, 40.744765 ], [ -80.039931, 40.744433 ], [ -80.042425, 40.747989 ], [ -80.047319, 40.747694 ], [ -80.044927, 40.744981 ] ] ] } },
{ "type": "Feature", "properties": { "GEOID": "4246400", "NAME": "McVeytown borough, Pennsylvania", "population": 334.0 }, "geometry": { "type": "Polygon", "coordinates": [ [ [ -77.74474, 40.496294 ], [ -77.738898, 40.495494 ], [ -77.73786, 40.495989 ], [ -77.738812, 40.498094 ], [ -77.738153, 40.499934 ], [ -77.743567, 40.500931 ], [ -77.744759, 40.498661 ], [ -77.74474, 40.496294 ] ] ] } },
{ "type": "Feature", "properties": { "GEOID": "4271424", "NAME": "Smithton borough, Pennsylvania", "population": 334.0 }, "geometry": { "type": "Polygon", "coordinates": [ [ [ -79.744766, 40.151234 ], [ -79.74248, 40.152195 ], [ -79.741795, 40.151005 ], [ -79.73948, 40.152018 ], [ -79.738408, 40.15064 ], [ -79.738687, 40.154816 ], [ -79.740682, 40.155259 ], [ -79.74322, 40.157029 ], [ -79.744876, 40.157009 ], [ -79.744709, 40.156305 ], [ -79.746216, 40.152727 ], [ -79.744766, 40.151234 ] ] ] } },
{ "type": "Feature", "properties": { "GEOID": "4267384", "NAME": "St. Petersburg borough, Pennsylvania", "population": 326.0 }, "geometry": { "type": "Polygon", "coordinates": [ [ [ -79.660852, 41.157226 ], [ -79.646975, 41.158284 ], [ -79.648575, 41.164516 ], [ -79.66144, 41.164053 ], [ -79.660852, 41.157226 ] ] ] } },
{ "type": "Feature", "properties": { "GEOID": "4202752", "NAME": "Applewold borough, Pennsylvania", "population": 324.0 }, "geometry": { "type": "Polygon", "coordinates": [ [ [ -79.524456, 40.811084 ], [ -79.524363, 40.810408 ], [ -79.523989, 40.809934 ], [ -79.523373, 40.808913 ], [ -79.52281, 40.806162 ], [ -79.519958, 40.806017 ], [ -79.519055, 40.806394 ], [ -79.52257, 40.810385 ], [ -79.524117, 40.811647 ], [ -79.524383, 40.811823 ], [ -79.524448, 40.81152 ], [ -79.524456, 40.811084 ] ] ] } },
{ "type": "Feature", "properties": { "GEOID": "4248856", "NAME": "Meshoppen borough, Pennsylvania", "population": 324.0 }, "geometry": { "type": "Polygon", "coordinates": [ [ [ -76.0583, 41.614879 ], [ -76.055554, 41.61427 ], [ -76.052744, 41.61305 ], [ -76.051826, 41.612267 ], [ -76.048998, 41.608363 ], [ -76.048218, 41.606022 ], [ -76.048039, 41.603619 ], [ -76.048335, 41.600951 ], [ -76.041355, 41.603509 ], [ -76.039321, 41.603127 ], [ -76.039024, 41.608685 ], [ -76.037635, 41.608684 ], [ -76.037259, 41.615662 ], [ -76.040012, 41.616417 ], [ -76.039553, 41.618467 ], [ -76.042329, 41.617303 ], [ -76.042955, 41.618215 ], [ -76.045703, 41.618031 ], [ -76.045405, 41.621225 ], [ -76.046301, 41.621196 ], [ -76.046867, 41.619309 ], [ -76.05309, 41.620674 ], [ -76.05277, 41.617055 ], [ -76.053492, 41.616171 ], [ -76.058216, 41.617245 ], [ -76.0583, 41.614879 ] ] ] } },
{ "type": "Feature", "properties": { "GEOID": "4205856", "NAME": "Berrysburg borough, Pennsylvania", "population": 323.0 }, "geometry": { "type": "Polygon", "coordinates": [ [ [ -76.816737, 40.596071 ], [ -76.808151, 40.597024 ], [ -76.803352, 40.598501 ], [ -76.802057, 40.5989 ], [ -76.801662, 40.601496 ], [ -76.806794, 40.610402 ], [ -76.812686, 40.609654 ], [ -76.817453, 40.606409 ], [ -76.816737, 40.596071 ] ] ] } },
{ "type": "Feature", "properties": { "GEOID": "4268152", "NAME": "Schellsburg borough, Pennsylvania", "population": 323.0 }, "geometry": { "type": "Polygon", "coordinates": [ [ [ -78.648231, 40.046748 ], [ -78.64821, 40.044841 ], [ -78.639005, 40.043841 ], [ -78.639095, 40.052068 ], [ -78.642261, 40.051762 ], [ -78.642615, 40.054279 ], [ -78.644497, 40.05152 ], [ -78.648275, 40.050715 ], [ -78.648231, 40.046748 ] ] ] } },
{ "type": "Feature", "properties": { "GEOID": "4222832", "NAME": "Elderton borough, Pennsylvania", "population": 322.0 }, "geometry": { "type": "Polygon", "coordinates": [ [ [ -79.348362, 40.698611 ], [ -79.345269, 40.693556 ], [ -79.342047, 40.687016 ], [ -79.336177, 40.691307 ], [ -79.341549, 40.701455 ], [ -79.346539, 40.69938 ], [ -79.348362, 40.698611 ] ] ] } },
{ "type": "Feature", "properties": { "GEOID": "4280640", "NAME": "Wallaceton borough, Pennsylvania", "population": 322.0 }, "geometry": { "type": "Polygon", "coordinates": [ [ [ -78.297402, 40.957402 ], [ -78.297398, 40.953776 ], [ -78.292811, 40.953791 ], [ -78.285737, 40.953815 ], [ -78.28347, 40.958538 ], [ -78.283068, 40.969287 ], [ -78.297402, 40.9692 ], [ -78.297402, 40.957402 ] ] ] } },
{ "type": "Feature", "properties": { "GEOID": "4212104", "NAME": "Centerport borough, Pennsylvania", "population": 321.0 }, "geometry": { "type": "Polygon", "coordinates": [ [ [ -76.009043, 40.48578 ], [ -76.006649, 40.483719 ], [ -76.002602, 40.480799 ], [ -76.002517, 40.482173 ], [ -76.00207, 40.489393 ], [ -76.008037, 40.490053 ], [ -76.010039, 40.489861 ], [ -76.009043, 40.48578 ] ] ] } },
{ "type": "Feature", "properties": { "GEOID": "4253592", "NAME": "New Galilee borough, Pennsylvania", "population": 321.0 }, "geometry": { "type": "Polygon", "coordinates": [ [ [ -80.406729, 40.831831 ], [ -80.401189, 40.832138 ], [ -80.399034, 40.828956 ], [ -80.394427, 40.82734 ], [ -80.395246, 40.829147 ], [ -80.39602, 40.82942 ], [ -80.395992, 40.833792 ], [ -80.397435, 40.833691 ], [ -80.396344, 40.836022 ], [ -80.400825, 40.83789 ], [ -80.408301, 40.835601 ], [ -80.406729, 40.831831 ] ] ] } },
{ "type": "Feature", "properties": { "GEOID": "4283376", "NAME": "West Liberty borough, Pennsylvania", "population": 320.0 }, "geometry": { "type": "Polygon", "coordinates": [ [ [ -80.073534, 41.010075 ], [ -80.072452, 41.004113 ], [ -80.071866, 40.990174 ], [ -80.040646, 40.991431 ], [ -80.040871, 40.99503 ], [ -80.040227, 40.995061 ], [ -80.03928, 40.990108 ], [ -80.032679, 40.990388 ], [ -80.029291, 40.990273 ], [ -80.029812, 40.99696 ], [ -80.050712, 40.996139 ], [ -80.050902, 41.002462 ], [ -80.045671, 41.002585 ], [ -80.045966, 41.008025 ], [ -80.041589, 41.007912 ], [ -80.043069, 41.026246 ], [ -80.044253, 41.026607 ], [ -80.044139, 41.023125 ], [ -80.052692, 41.022978 ], [ -80.05282, 41.026103 ], [ -80.060078, 41.026105 ], [ -80.06198, 41.026667 ], [ -80.063028, 41.025724 ], [ -80.065783, 41.026778 ], [ -80.070649, 41.026751 ], [ -80.074454, 41.02671 ], [ -80.073534, 41.010075 ] ] ] } },
{ "type": "Feature", "properties": { "GEOID": "4271688", "NAME": "Snydertown borough, Pennsylvania", "population": 316.0 }, "geometry": { "type": "Polygon", "coordinates": [ [ [ -76.697388, 40.869325 ], [ -76.697185, 40.860765 ], [ -76.671722, 40.861833 ], [ -76.653324, 40.86525 ], [ -76.650235, 40.876033 ], [ -76.642704, 40.875696 ], [ -76.642535, 40.883913 ], [ -76.661175, 40.883671 ], [ -76.697453, 40.879188 ], [ -76.697388, 40.869325 ] ] ] } },
{ "type": "Feature", "properties": { "GEOID": "4277232", "NAME": "Townville borough, Pennsylvania", "population": 315.0 }, "geometry": { "type": "Polygon", "coordinates": [ [ [ -79.889, 41.682876 ], [ -79.88378, 41.674404 ], [ -79.882648, 41.673351 ], [ -79.872848, 41.673593 ], [ -79.871711, 41.680861 ], [ -79.871474, 41.682483 ], [ -79.872285, 41.682455 ], [ -79.877356, 41.682238 ], [ -79.878889, 41.680972 ], [ -79.87935, 41.682851 ], [ -79.883639, 41.684744 ], [ -79.88427, 41.686467 ], [ -79.889, 41.682876 ] ] ] } },
{ "type": "Feature", "properties": { "GEOID": "4235624", "NAME": "Hop Bottom borough, Pennsylvania", "population": 314.0 }, "geometry": { "type": "Polygon", "coordinates": [ [ [ -75.771105, 41.699098 ], [ -75.765405, 41.696961 ], [ -75.762732, 41.696021 ], [ -75.759844, 41.703899 ], [ -75.762512, 41.707878 ], [ -75.765624, 41.712499 ], [ -75.765365, 41.713676 ], [ -75.775305, 41.712544 ], [ -75.771105, 41.699098 ] ] ] } },
{ "type": "Feature", "properties": { "GEOID": "4216304", "NAME": "Corsica borough, Pennsylvania", "population": 312.0 }, "geometry": { "type": "Polygon", "coordinates": [ [ [ -79.21017, 41.17725 ], [ -79.194595, 41.177217 ], [ -79.194497, 41.183471 ], [ -79.198545, 41.185529 ], [ -79.210101, 41.185657 ], [ -79.210136, 41.180246 ], [ -79.21017, 41.17725 ] ] ] } },
{ "type": "Feature", "properties": { "GEOID": "4241512", "NAME": "Laporte borough, Pennsylvania", "population": 312.0 }, "geometry": { "type": "Polygon", "coordinates": [ [ [ -76.503976, 41.41619 ], [ -76.497064, 41.416612 ], [ -76.497452, 41.415491 ], [ -76.498443, 41.411388 ], [ -76.495698, 41.411551 ], [ -76.495321, 41.409408 ], [ -76.490872, 41.407477 ], [ -76.483361, 41.407919 ], [ -76.480549, 41.419121 ], [ -76.478201, 41.419865 ], [ -76.47823, 41.422493 ], [ -76.487556, 41.423056 ], [ -76.490188, 41.424457 ], [ -76.490709, 41.427163 ], [ -76.505335, 41.426249 ], [ -76.503976, 41.41619 ] ] ] } },
{ "type": "Feature", "properties": { "GEOID": "4246568", "NAME": "Mahaffey borough, Pennsylvania", "population": 312.0 }, "geometry": { "type": "Polygon", "coordinates": [ [ [ -78.736913, 40.876123 ], [ -78.730422, 40.876955 ], [ -78.727952, 40.872868 ], [ -78.729353, 40.870345 ], [ -78.724813, 40.870376 ], [ -78.724826, 40.865279 ], [ -78.71765, 40.865134 ], [ -78.719521, 40.868156 ], [ -78.72419, 40.87015 ], [ -78.718856, 40.874534 ], [ -78.722339, 40.876901 ], [ -78.725258, 40.874523 ], [ -78.728262, 40.880694 ], [ -78.729948, 40.880605 ], [ -78.731195, 40.882347 ], [ -78.735979, 40.881426 ], [ -78.738363, 40.879081 ], [ -78.736913, 40.876123 ] ] ] } },
{ "type": "Feature", "properties": { "GEOID": "4246944", "NAME": "Manns Choice borough, Pennsylvania", "population": 305.0 }, "geometry": { "type": "Polygon", "coordinates": [ [ [ -78.600758, 39.997939 ], [ -78.597281, 39.995486 ], [ -78.596037, 39.99703 ], [ -78.595109, 39.996566 ], [ -78.594054, 39.99859 ], [ -78.591258, 39.995945 ], [ -78.587912, 39.997395 ], [ -78.583385, 40.000881 ], [ -78.588222, 39.999477 ], [ -78.590045, 40.003389 ], [ -78.588264, 40.005713 ], [ -78.584795, 40.004361 ], [ -78.581112, 40.006208 ], [ -78.582041, 40.008474 ], [ -78.592181, 40.011541 ], [ -78.595931, 40.012663 ], [ -78.595751, 40.010287 ], [ -78.593162, 40.00888 ], [ -78.592109, 40.00627 ], [ -78.589789, 40.005356 ], [ -78.591212, 40.003501 ], [ -78.592365, 40.004777 ], [ -78.594732, 40.003075 ], [ -78.597611, 40.002468 ], [ -78.600758, 39.997939 ] ] ] } },
{ "type": "Feature", "properties": { "GEOID": "4282200", "NAME": "Wellsville borough, Pennsylvania", "population": 305.0 }, "geometry": { "type": "Polygon", "coordinates": [ [ [ -76.947085, 40.051495 ], [ -76.944416, 40.050154 ], [ -76.945911, 40.048301 ], [ -76.944837, 40.047665 ], [ -76.942445, 40.050576 ], [ -76.939389, 40.050074 ], [ -76.941013, 40.048377 ], [ -76.9399, 40.047677 ], [ -76.936545, 40.050806 ], [ -76.932957, 40.052407 ], [ -76.932368, 40.053125 ], [ -76.93464, 40.053231 ], [ -76.935763, 40.051864 ], [ -76.940008, 40.053924 ], [ -76.941283, 40.051916 ], [ -76.945231, 40.053934 ], [ -76.946244, 40.052658 ], [ -76.947085, 40.051495 ] ] ] } },
{ "type": "Feature", "properties": { "GEOID": "4204599", "NAME": "Bear Creek Village borough, Pennsylvania", "population": 302.0 }, "geometry": { "type": "Polygon", "coordinates": [ [ [ -75.773088, 41.193992 ], [ -75.769898, 41.193462 ], [ -75.770364, 41.192136 ], [ -75.766578, 41.191557 ], [ -75.767879, 41.187872 ], [ -75.763506, 41.185506 ], [ -75.762551, 41.182345 ], [ -75.760041, 41.17981 ], [ -75.761407, 41.178859 ], [ -75.759511, 41.178674 ], [ -75.760982, 41.176164 ], [ -75.755041, 41.174351 ], [ -75.754138, 41.175106 ], [ -75.751322, 41.173519 ], [ -75.747008, 41.170257 ], [ -75.744569, 41.173328 ], [ -75.744856, 41.174664 ], [ -75.743735, 41.177025 ], [ -75.74208, 41.178654 ], [ -75.739309, 41.179848 ], [ -75.742893, 41.181806 ], [ -75.743882, 41.183403 ], [ -75.73943, 41.195186 ], [ -75.753309, 41.194957 ], [ -75.754279, 41.193737 ], [ -75.75922, 41.193608 ], [ -75.759517, 41.201953 ], [ -75.772517, 41.201735 ], [ -75.772294, 41.195501 ], [ -75.773088, 41.193992 ] ] ] } },
{ "type": "Feature", "properties": { "GEOID": "4236288", "NAME": "Hunker borough, Pennsylvania", "population": 302.0 }, "geometry": { "type": "Polygon", "coordinates": [ [ [ -79.622235, 40.20108 ], [ -79.621225, 40.200741 ], [ -79.616895, 40.202576 ], [ -79.615487, 40.200315 ], [ -79.612133, 40.200135 ], [ -79.609424, 40.200846 ], [ -79.613156, 40.209066 ], [ -79.615514, 40.208927 ], [ -79.619493, 40.206037 ], [ -79.62204, 40.202384 ], [ -79.622235, 40.20108 ] ] ] } },
{ "type": "Feature", "properties": { "GEOID": "4277808", "NAME": "Tunnelhill borough, Pennsylvania", "population": 302.0 }, "geometry": { "type": "Polygon", "coordinates": [ [ [ -78.545752, 40.475268 ], [ -78.545086, 40.47085 ], [ -78.544968, 40.470135 ], [ -78.542161, 40.469176 ], [ -78.542006, 40.469653 ], [ -78.540137, 40.470047 ], [ -78.538075, 40.472033 ], [ -78.537048, 40.476213 ], [ -78.537229, 40.47928 ], [ -78.541231, 40.484475 ], [ -78.540366, 40.488834 ], [ -78.544015, 40.489151 ], [ -78.54457, 40.48777 ], [ -78.544562, 40.484183 ], [ -78.545814, 40.484475 ], [ -78.546426, 40.48305 ], [ -78.545652, 40.482846 ], [ -78.546177, 40.481559 ], [ -78.545716, 40.480996 ], [ -78.549241, 40.476023 ], [ -78.545752, 40.475268 ] ] ] } },
{ "type": "Feature", "properties": { "GEOID": "4223768", "NAME": "Enon Valley borough, Pennsylvania", "population": 301.0 }, "geometry": { "type": "Polygon", "coordinates": [ [ [ -80.466137, 40.851873 ], [ -80.445654, 40.852065 ], [ -80.448404, 40.856753 ], [ -80.450362, 40.858253 ], [ -80.448906, 40.859235 ], [ -80.450114, 40.860074 ], [ -80.453853, 40.859579 ], [ -80.455738, 40.860693 ], [ -80.459259, 40.861934 ], [ -80.462853, 40.859878 ], [ -80.466137, 40.851873 ] ] ] } },
{ "type": "Feature", "properties": { "GEOID": "4267632", "NAME": "Saltillo borough, Pennsylvania", "population": 300.0 }, "geometry": { "type": "Polygon", "coordinates": [ [ [ -78.012213, 40.212879 ], [ -78.009603, 40.212788 ], [ -78.008526, 40.209809 ], [ -78.005944, 40.207613 ], [ -78.003497, 40.206574 ], [ -78.002321, 40.204012 ], [ -77.999816, 40.203983 ], [ -78.000906, 40.206046 ], [ -78.002904, 40.209609 ], [ -78.004134, 40.216614 ], [ -78.01032, 40.216598 ], [ -78.011831, 40.216896 ], [ -78.012213, 40.212879 ] ] ] } },
{ "type": "Feature", "properties": { "GEOID": "4240016", "NAME": "Kistler borough, Pennsylvania", "population": 291.0 }, "geometry": { "type": "Polygon", "coordinates": [ [ [ -77.871971, 40.382308 ], [ -77.87088, 40.379385 ], [ -77.866851, 40.373698 ], [ -77.865602, 40.372447 ], [ -77.863751, 40.371617 ], [ -77.862181, 40.37132 ], [ -77.85979, 40.375459 ], [ -77.861753, 40.376866 ], [ -77.860112, 40.378157 ], [ -77.861636, 40.379038 ], [ -77.86397, 40.379908 ], [ -77.872018, 40.382754 ], [ -77.871971, 40.382308 ] ] ] } },
{ "type": "Feature", "properties": { "GEOID": "4222128", "NAME": "Eau Claire borough, Pennsylvania", "population": 290.0 }, "geometry": { "type": "Polygon", "coordinates": [ [ [ -79.810843, 41.129492 ], [ -79.786775, 41.129302 ], [ -79.787239, 41.146319 ], [ -79.788328, 41.146282 ], [ -79.788241, 41.144766 ], [ -79.806614, 41.144359 ], [ -79.806433, 41.142341 ], [ -79.810855, 41.14227 ], [ -79.810843, 41.129492 ] ] ] } },
{ "type": "Feature", "properties": { "GEOID": "4260264", "NAME": "Pillow borough, Pennsylvania", "population": 288.0 }, "geometry": { "type": "Polygon", "coordinates": [ [ [ -76.810149, 40.634914 ], [ -76.808215, 40.635163 ], [ -76.799744, 40.637058 ], [ -76.796542, 40.634025 ], [ -76.79571, 40.633975 ], [ -76.797161, 40.637693 ], [ -76.794708, 40.640836 ], [ -76.794558, 40.641727 ], [ -76.798185, 40.644752 ], [ -76.800854, 40.645332 ], [ -76.803382, 40.647223 ], [ -76.805656, 40.646384 ], [ -76.809065, 40.64342 ], [ -76.810044, 40.640102 ], [ -76.810238, 40.638948 ], [ -76.810149, 40.634914 ] ] ] } },
{ "type": "Feature", "properties": { "GEOID": "4274672", "NAME": "Stoystown borough, Pennsylvania", "population": 286.0 }, "geometry": { "type": "Polygon", "coordinates": [ [ [ -78.961568, 40.105092 ], [ -78.956195, 40.1009 ], [ -78.95203, 40.098558 ], [ -78.950017, 40.099817 ], [ -78.949874, 40.103257 ], [ -78.952885, 40.10603 ], [ -78.954772, 40.106067 ], [ -78.954472, 40.107416 ], [ -78.955876, 40.10664 ], [ -78.961147, 40.105438 ], [ -78.961568, 40.105092 ] ] ] } },
{ "type": "Feature", "properties": { "GEOID": "4242824", "NAME": "LeRaysville borough, Pennsylvania", "population": 285.0 }, "geometry": { "type": "Polygon", "coordinates": [ [ [ -76.189598, 41.842471 ], [ -76.179827, 41.828104 ], [ -76.167215, 41.830741 ], [ -76.167434, 41.841962 ], [ -76.186266, 41.848285 ], [ -76.189598, 41.842471 ] ] ] } },
{ "type": "Feature", "properties": { "GEOID": "4246120", "NAME": "McEwensville borough, Pennsylvania", "population": 284.0 }, "geometry": { "type": "Polygon", "coordinates": [ [ [ -76.821963, 41.068163 ], [ -76.818417, 41.067771 ], [ -76.815556, 41.076181 ], [ -76.819051, 41.077071 ], [ -76.820422, 41.072977 ], [ -76.821963, 41.068163 ] ] ] } },
{ "type": "Feature", "properties": { "GEOID": "4217976", "NAME": "Daisytown borough, Pennsylvania", "population": 283.0 }, "geometry": { "type": "Polygon", "coordinates": [ [ [ -78.907256, 40.319687 ], [ -78.904545, 40.316813 ], [ -78.90268, 40.316273 ], [ -78.897807, 40.317227 ], [ -78.895995, 40.320737 ], [ -78.899787, 40.321917 ], [ -78.906072, 40.321475 ], [ -78.905256, 40.323729 ], [ -78.913013, 40.322575 ], [ -78.907256, 40.319687 ] ] ] } },
{ "type": "Feature", "properties": { "GEOID": "4249552", "NAME": "Mill Creek borough, Pennsylvania", "population": 283.0 }, "geometry": { "type": "Polygon", "coordinates": [ [ [ -77.936121, 40.437159 ], [ -77.935098, 40.435044 ], [ -77.931949, 40.431623 ], [ -77.931617, 40.429904 ], [ -77.927945, 40.430541 ], [ -77.92818, 40.433322 ], [ -77.930371, 40.436721 ], [ -77.927845, 40.438445 ], [ -77.926068, 40.436741 ], [ -77.923364, 40.438707 ], [ -77.926358, 40.443549 ], [ -77.932766, 40.439932 ], [ -77.935411, 40.441369 ], [ -77.935978, 40.441656 ], [ -77.93826, 40.438063 ], [ -77.936121, 40.437159 ] ] ] } },
{ "type": "Feature", "properties": { "GEOID": "4262136", "NAME": "Port Clinton borough, Pennsylvania", "population": 281.0 }, "geometry": { "type": "Polygon", "coordinates": [ [ [ -76.038516, 40.582323 ], [ -76.036692, 40.579328 ], [ -76.033843, 40.577259 ], [ -76.031535, 40.576996 ], [ -76.028648, 40.578265 ], [ -76.026509, 40.578595 ], [ -76.02481, 40.577762 ], [ -76.022489, 40.574691 ], [ -76.021201, 40.573755 ], [ -76.018562, 40.573826 ], [ -76.01708, 40.574455 ], [ -76.0168, 40.576013 ], [ -76.018585, 40.587982 ], [ -76.039114, 40.586069 ], [ -76.038516, 40.582323 ] ] ] } },
{ "type": "Feature", "properties": { "GEOID": "4286128", "NAME": "Woodbury borough, Pennsylvania", "population": 281.0 }, "geometry": { "type": "Polygon", "coordinates": [ [ [ -78.370483, 40.223286 ], [ -78.365495, 40.221992 ], [ -78.361842, 40.226732 ], [ -78.361248, 40.227502 ], [ -78.366729, 40.229061 ], [ -78.370483, 40.223286 ] ] ] } },
{ "type": "Feature", "properties": { "GEOID": "4217024", "NAME": "Creekside borough, Pennsylvania", "population": 280.0 }, "geometry": { "type": "Polygon", "coordinates": [ [ [ -79.199227, 40.682522 ], [ -79.194522, 40.679326 ], [ -79.19556, 40.677691 ], [ -79.192941, 40.678238 ], [ -79.18977, 40.675336 ], [ -79.187247, 40.678273 ], [ -79.187466, 40.681724 ], [ -79.190328, 40.681779 ], [ -79.195119, 40.684789 ], [ -79.195514, 40.687286 ], [ -79.197806, 40.687348 ], [ -79.197864, 40.683889 ], [ -79.199227, 40.682522 ] ] ] } },
{ "type": "Feature", "properties": { "GEOID": "4213120", "NAME": "Cherry Tree borough, Pennsylvania", "population": 271.0 }, "geometry": { "type": "Polygon", "coordinates": [ [ [ -78.816282, 40.725869 ], [ -78.816002, 40.723683 ], [ -78.813726, 40.722804 ], [ -78.808922, 40.720952 ], [ -78.799226, 40.7171 ], [ -78.802286, 40.724618 ], [ -78.801726, 40.724618 ], [ -78.803291, 40.72882 ], [ -78.806274, 40.729742 ], [ -78.815816, 40.732555 ], [ -78.816788, 40.728072 ], [ -78.816282, 40.725869 ] ] ] } },
{ "type": "Feature", "properties": { "GEOID": "4272704", "NAME": "Spartansburg borough, Pennsylvania", "population": 267.0 }, "geometry": { "type": "Polygon", "coordinates": [ [ [ -79.693716, 41.819479 ], [ -79.677908, 41.819736 ], [ -79.671992, 41.819653 ], [ -79.671951, 41.828556 ], [ -79.684319, 41.828576 ], [ -79.693709, 41.828626 ], [ -79.693716, 41.819479 ] ] ] } },
{ "type": "Feature", "properties": { "GEOID": "4263288", "NAME": "Railroad borough, Pennsylvania", "population": 265.0 }, "geometry": { "type": "Polygon", "coordinates": [ [ [ -76.70319, 39.753616 ], [ -76.70067, 39.753748 ], [ -76.697133, 39.752595 ], [ -76.68416, 39.760715 ], [ -76.687545, 39.765724 ], [ -76.692533, 39.763983 ], [ -76.696072, 39.762742 ], [ -76.706385, 39.765263 ], [ -76.70319, 39.753616 ] ] ] } },
{ "type": "Feature", "properties": { "GEOID": "4227360", "NAME": "Franklin borough, Pennsylvania", "population": 263.0 }, "geometry": { "type": "Polygon", "coordinates": [ [ [ -78.895747, 40.335939 ], [ -78.893341, 40.333401 ], [ -78.881347, 40.336054 ], [ -78.880671, 40.337122 ], [ -78.877279, 40.34247 ], [ -78.877175, 40.344725 ], [ -78.877067, 40.347106 ], [ -78.874731, 40.353068 ], [ -78.878762, 40.353466 ], [ -78.880913, 40.351771 ], [ -78.881654, 40.347025 ], [ -78.884553, 40.34367 ], [ -78.885132, 40.343514 ], [ -78.888014, 40.342736 ], [ -78.89282, 40.339773 ], [ -78.893608, 40.338894 ], [ -78.895747, 40.335939 ] ] ] } },
{ "type": "Feature", "properties": { "GEOID": "4278616", "NAME": "Unionville borough, Pennsylvania", "population": 259.0 }, "geometry": { "type": "Polygon", "coordinates": [ [ [ -77.882263, 40.908351 ], [ -77.878869, 40.905576 ], [ -77.881151, 40.904574 ], [ -77.878279, 40.901557 ], [ -77.875787, 40.90282 ], [ -77.873764, 40.900682 ], [ -77.871922, 40.90298 ], [ -77.873218, 40.905057 ], [ -77.870525, 40.90597 ], [ -77.871969, 40.907744 ], [ -77.874455, 40.908409 ], [ -77.879493, 40.912118 ], [ -77.882263, 40.908351 ] ] ] } },
{ "type": "Feature", "properties": { "GEOID": "4221816", "NAME": "East Side borough, Pennsylvania", "population": 257.0 }, "geometry": { "type": "Polygon", "coordinates": [ [ [ -75.770368, 41.054957 ], [ -75.763429, 41.054417 ], [ -75.74973, 41.054702 ], [ -75.749723, 41.057567 ], [ -75.748448, 41.061394 ], [ -75.748317, 41.069828 ], [ -75.76121, 41.069527 ], [ -75.770062, 41.06876 ], [ -75.770089, 41.067939 ], [ -75.770034, 41.065615 ], [ -75.770276, 41.061933 ], [ -75.771531, 41.061155 ], [ -75.770368, 41.054957 ] ] ] } },
{ "type": "Feature", "properties": { "GEOID": "4222800", "NAME": "Elco borough, Pennsylvania", "population": 257.0 }, "geometry": { "type": "Polygon", "coordinates": [ [ [ -79.893033, 40.080345 ], [ -79.884649, 40.079705 ], [ -79.878949, 40.078424 ], [ -79.87156, 40.075449 ], [ -79.870856, 40.075305 ], [ -79.870283, 40.076672 ], [ -79.87077, 40.080211 ], [ -79.875128, 40.080473 ], [ -79.877689, 40.080185 ], [ -79.879497, 40.085001 ], [ -79.88809, 40.087624 ], [ -79.887961, 40.086137 ], [ -79.880985, 40.083337 ], [ -79.881017, 40.081929 ], [ -79.885737, 40.082057 ], [ -79.891577, 40.085417 ], [ -79.891979, 40.084069 ], [ -79.893033, 40.080345 ] ] ] } },
{ "type": "Feature", "properties": { "GEOID": "4254016", "NAME": "New Ringgold borough, Pennsylvania", "population": 254.0 }, "geometry": { "type": "Polygon", "coordinates": [ [ [ -76.000828, 40.683613 ], [ -76.000689, 40.682263 ], [ -75.981889, 40.681473 ], [ -75.981828, 40.682166 ], [ -75.987359, 40.682422 ], [ -75.98567, 40.685949 ], [ -75.985486, 40.687266 ], [ -75.987843, 40.68744 ], [ -75.988253, 40.691625 ], [ -75.98023, 40.691264 ], [ -75.980472, 40.694002 ], [ -75.987229, 40.693567 ], [ -75.987772, 40.698332 ], [ -75.990996, 40.697621 ], [ -75.997631, 40.69616 ], [ -75.998971, 40.691613 ], [ -76.003049, 40.688633 ], [ -76.000828, 40.683613 ] ] ] } },
{ "type": "Feature", "properties": { "GEOID": "4229512", "NAME": "Glen Campbell borough, Pennsylvania", "population": 250.0 }, "geometry": { "type": "Polygon", "coordinates": [ [ [ -78.839549, 40.817547 ], [ -78.836613, 40.81657 ], [ -78.83562, 40.813599 ], [ -78.833751, 40.813843 ], [ -78.833894, 40.812916 ], [ -78.8321, 40.811852 ], [ -78.825408, 40.811776 ], [ -78.821522, 40.811415 ], [ -78.816694, 40.817532 ], [ -78.820844, 40.81824 ], [ -78.822867, 40.820873 ], [ -78.825731, 40.826292 ], [ -78.825723, 40.828011 ], [ -78.828614, 40.827545 ], [ -78.835642, 40.829333 ], [ -78.836566, 40.830701 ], [ -78.837818, 40.830468 ], [ -78.837227, 40.828161 ], [ -78.839549, 40.817547 ] ] ] } },
{ "type": "Feature", "properties": { "GEOID": "4253152", "NAME": "New Albany borough, Pennsylvania", "population": 250.0 }, "geometry": { "type": "Polygon", "coordinates": [ [ [ -76.44711, 41.594032 ], [ -76.441959, 41.591239 ], [ -76.438729, 41.594972 ], [ -76.439605, 41.596758 ], [ -76.439806, 41.600995 ], [ -76.439206, 41.602817 ], [ -76.444301, 41.608395 ], [ -76.445774, 41.607406 ], [ -76.449842, 41.604667 ], [ -76.44711, 41.594032 ] ] ] } },
{ "type": "Feature", "properties": { "GEOID": "4231192", "NAME": "Greensboro borough, Pennsylvania", "population": 248.0 }, "geometry": { "type": "Polygon", "coordinates": [ [ [ -79.915524, 39.791508 ], [ -79.91476, 39.790274 ], [ -79.916086, 39.789482 ], [ -79.914522, 39.787785 ], [ -79.913978, 39.787977 ], [ -79.911578, 39.789277 ], [ -79.910378, 39.790177 ], [ -79.909478, 39.791077 ], [ -79.908678, 39.792577 ], [ -79.90866, 39.793781 ], [ -79.912965, 39.796283 ], [ -79.917038, 39.792181 ], [ -79.915524, 39.791508 ] ] ] } },
{ "type": "Feature", "properties": { "GEOID": "4261632", "NAME": "Plumville borough, Pennsylvania", "population": 247.0 }, "geometry": { "type": "Polygon", "coordinates": [ [ [ -79.190206, 40.787122 ], [ -79.186013, 40.786969 ], [ -79.185735, 40.785688 ], [ -79.1814, 40.78541 ], [ -79.181359, 40.78956 ], [ -79.177345, 40.789976 ], [ -79.177263, 40.791155 ], [ -79.174826, 40.791251 ], [ -79.175427, 40.79226 ], [ -79.172814, 40.793291 ], [ -79.168572, 40.793008 ], [ -79.168223, 40.794421 ], [ -79.167402, 40.797456 ], [ -79.172697, 40.798985 ], [ -79.181191, 40.795379 ], [ -79.189777, 40.791134 ], [ -79.189842, 40.789883 ], [ -79.190206, 40.787122 ] ] ] } },
{ "type": "Feature", "properties": { "GEOID": "4218192", "NAME": "Darlington borough, Pennsylvania", "population": 246.0 }, "geometry": { "type": "Polygon", "coordinates": [ [ [ -80.431739, 40.808231 ], [ -80.425269, 40.809167 ], [ -80.42517, 40.80827 ], [ -80.422975, 40.808125 ], [ -80.42067, 40.808496 ], [ -80.420949, 40.810487 ], [ -80.418399, 40.811677 ], [ -80.419545, 40.812227 ], [ -80.420994, 40.810802 ], [ -80.421218, 40.812366 ], [ -80.427128, 40.811869 ], [ -80.425719, 40.811077 ], [ -80.42549, 40.809683 ], [ -80.431739, 40.808231 ] ] ] } },
{ "type": "Feature", "properties": { "GEOID": "4276496", "NAME": "Thompson borough, Pennsylvania", "population": 246.0 }, "geometry": { "type": "Polygon", "coordinates": [ [ [ -75.52249, 41.86138 ], [ -75.510792, 41.855991 ], [ -75.505748, 41.865 ], [ -75.508404, 41.866642 ], [ -75.516887, 41.871882 ], [ -75.52249, 41.86138 ] ] ] } },
{ "type": "Feature", "properties": { "GEOID": "4225152", "NAME": "Fallston borough, Pennsylvania", "population": 245.0 }, "geometry": { "type": "Polygon", "coordinates": [ [ [ -80.322056, 40.722211 ], [ -80.316932, 40.722394 ], [ -80.312345, 40.720937 ], [ -80.310137, 40.716932 ], [ -80.307408, 40.715064 ], [ -80.305799, 40.714944 ], [ -80.303268, 40.716153 ], [ -80.305284, 40.718665 ], [ -80.305858, 40.719709 ], [ -80.31016, 40.727531 ], [ -80.315631, 40.733506 ], [ -80.317697, 40.733343 ], [ -80.317091, 40.730806 ], [ -80.321395, 40.725383 ], [ -80.324245, 40.723526 ], [ -80.322056, 40.722211 ] ] ] } },
{ "type": "Feature", "properties": { "GEOID": "4232936", "NAME": "Hartleton borough, Pennsylvania", "population": 245.0 }, "geometry": { "type": "Polygon", "coordinates": [ [ [ -77.166157, 40.899928 ], [ -77.164258, 40.89691 ], [ -77.162631, 40.897714 ], [ -77.161209, 40.891508 ], [ -77.152875, 40.893355 ], [ -77.146522, 40.894817 ], [ -77.146517, 40.906346 ], [ -77.153068, 40.906415 ], [ -77.163721, 40.906514 ], [ -77.169978, 40.903588 ], [ -77.166157, 40.899928 ] ] ] } },
{ "type": "Feature", "properties": { "GEOID": "4203120", "NAME": "Arona borough, Pennsylvania", "population": 244.0 }, "geometry": { "type": "Polygon", "coordinates": [ [ [ -79.666186, 40.273919 ], [ -79.663139, 40.269364 ], [ -79.664005, 40.266586 ], [ -79.664125, 40.263938 ], [ -79.65032, 40.261648 ], [ -79.648982, 40.263079 ], [ -79.648394, 40.263706 ], [ -79.657423, 40.275135 ], [ -79.657924, 40.275812 ], [ -79.664226, 40.274717 ], [ -79.666186, 40.273919 ] ] ] } },
{ "type": "Feature", "properties": { "GEOID": "4243928", "NAME": "Little Meadows borough, Pennsylvania", "population": 243.0 }, "geometry": { "type": "Polygon", "coordinates": [ [ [ -76.14364, 41.977893 ], [ -76.109319, 41.980519 ], [ -76.1109076, 41.9988852 ], [ -76.123696, 41.998954 ], [ -76.131201, 41.998954 ], [ -76.1455192, 41.998913 ], [ -76.14364, 41.977893 ] ] ] } },
{ "type": "Feature", "properties": { "GEOID": "4267616", "NAME": "Salladasburg borough, Pennsylvania", "population": 243.0 }, "geometry": { "type": "Polygon", "coordinates": [ [ [ -77.23585, 41.276782 ], [ -77.233721, 41.276861 ], [ -77.233582, 41.271083 ], [ -77.21858, 41.271538 ], [ -77.218924, 41.277523 ], [ -77.218801, 41.284201 ], [ -77.2239, 41.283712 ], [ -77.231337, 41.283538 ], [ -77.233121, 41.285445 ], [ -77.233145, 41.287764 ], [ -77.236625, 41.287444 ], [ -77.23585, 41.276782 ] ] ] } },
{ "type": "Feature", "properties": { "GEOID": "4205976", "NAME": "Bethany borough, Pennsylvania", "population": 239.0 }, "geometry": { "type": "Polygon", "coordinates": [ [ [ -75.294094, 41.614136 ], [ -75.28832, 41.609297 ], [ -75.286659, 41.606869 ], [ -75.279508, 41.608625 ], [ -75.280217, 41.614175 ], [ -75.284352, 41.617807 ], [ -75.289569, 41.622365 ], [ -75.2939, 41.619794 ], [ -75.29518, 41.618329 ], [ -75.294094, 41.614136 ] ] ] } },
{ "type": "Feature", "properties": { "GEOID": "4237880", "NAME": "Jefferson borough, Pennsylvania", "population": 239.0 }, "geometry": { "type": "Polygon", "coordinates": [ [ [ -80.064031, 39.930056 ], [ -80.059135, 39.92621 ], [ -80.056666, 39.927762 ], [ -80.051657, 39.930909 ], [ -80.055541, 39.934776 ], [ -80.06103, 39.931394 ], [ -80.061601, 39.931837 ], [ -80.0639, 39.930185 ], [ -80.064031, 39.930056 ] ] ] } },
{ "type": "Feature", "properties": { "GEOID": "4287208", "NAME": "Youngstown borough, Pennsylvania", "population": 238.0 }, "geometry": { "type": "Polygon", "coordinates": [ [ [ -79.370053, 40.278565 ], [ -79.368746, 40.276649 ], [ -79.368062, 40.277907 ], [ -79.365626, 40.277272 ], [ -79.365026, 40.27699 ], [ -79.363314, 40.279095 ], [ -79.36079, 40.281282 ], [ -79.36144, 40.282159 ], [ -79.364635, 40.282338 ], [ -79.36619, 40.281253 ], [ -79.370205, 40.280891 ], [ -79.370053, 40.278565 ] ] ] } },
{ "type": "Feature", "properties": { "GEOID": "4278008", "NAME": "Twilight borough, Pennsylvania", "population": 236.0 }, "geometry": { "type": "Polygon", "coordinates": [ [ [ -79.901402, 40.102984 ], [ -79.895224, 40.103081 ], [ -79.880928, 40.109858 ], [ -79.878105, 40.111096 ], [ -79.879675, 40.118072 ], [ -79.882895, 40.118736 ], [ -79.887862, 40.118794 ], [ -79.890089, 40.119225 ], [ -79.889655, 40.120426 ], [ -79.889784, 40.125545 ], [ -79.897346, 40.13034 ], [ -79.900649, 40.129703 ], [ -79.904142, 40.129447 ], [ -79.901402, 40.102984 ] ] ] } },
{ "type": "Feature", "properties": { "GEOID": "4287064", "NAME": "Yorkana borough, Pennsylvania", "population": 236.0 }, "geometry": { "type": "Polygon", "coordinates": [ [ [ -76.592197, 39.972463 ], [ -76.589585, 39.972549 ], [ -76.589822, 39.97081 ], [ -76.586446, 39.97123 ], [ -76.582999, 39.975662 ], [ -76.579904, 39.978576 ], [ -76.578631, 39.978004 ], [ -76.577436, 39.979278 ], [ -76.579285, 39.98036 ], [ -76.579465, 39.980491 ], [ -76.581868, 39.981782 ], [ -76.583199, 39.980579 ], [ -76.582888, 39.979616 ], [ -76.585979, 39.976675 ], [ -76.587, 39.975012 ], [ -76.589082, 39.974883 ], [ -76.588236, 39.97348 ], [ -76.592132, 39.973738 ], [ -76.592197, 39.972463 ] ] ] } },
{ "type": "Feature", "properties": { "GEOID": "4247560", "NAME": "Markleysburg borough, Pennsylvania", "population": 234.0 }, "geometry": { "type": "Polygon", "coordinates": [ [ [ -79.456435, 39.728462 ], [ -79.447647, 39.734652 ], [ -79.446682, 39.741539 ], [ -79.450471, 39.742165 ], [ -79.45447, 39.74024 ], [ -79.456435, 39.728462 ] ] ] } },
{ "type": "Feature", "properties": { "GEOID": "4262744", "NAME": "Prompton borough, Pennsylvania", "population": 234.0 }, "geometry": { "type": "Polygon", "coordinates": [ [ [ -75.337829, 41.578332 ], [ -75.315351, 41.579131 ], [ -75.317525, 41.587634 ], [ -75.307481, 41.58518 ], [ -75.308617, 41.589418 ], [ -75.317672, 41.588131 ], [ -75.32092, 41.600849 ], [ -75.32878, 41.600383 ], [ -75.339303, 41.599781 ], [ -75.337829, 41.578332 ] ] ] } },
{ "type": "Feature", "properties": { "GEOID": "4243128", "NAME": "Liberty borough, Pennsylvania", "population": 232.0 }, "geometry": { "type": "Polygon", "coordinates": [ [ [ -77.113025, 41.553618 ], [ -77.102471, 41.554053 ], [ -77.102584, 41.555589 ], [ -77.097587, 41.555678 ], [ -77.097648, 41.554484 ], [ -77.095067, 41.554418 ], [ -77.094922, 41.55866 ], [ -77.100805, 41.55874 ], [ -77.101652, 41.564373 ], [ -77.105244, 41.563684 ], [ -77.112224, 41.563452 ], [ -77.113025, 41.553618 ] ] ] } },
{ "type": "Feature", "properties": { "GEOID": "4279424", "NAME": "Ursina borough, Pennsylvania", "population": 228.0 }, "geometry": { "type": "Polygon", "coordinates": [ [ [ -79.343581, 39.815594 ], [ -79.343331, 39.815107 ], [ -79.340041, 39.808657 ], [ -79.330635, 39.807331 ], [ -79.32446, 39.811702 ], [ -79.32105, 39.820229 ], [ -79.322009, 39.82111 ], [ -79.323912, 39.822818 ], [ -79.343169, 39.819477 ], [ -79.343401, 39.817363 ], [ -79.343581, 39.815594 ] ] ] } },
{ "type": "Feature", "properties": { "GEOID": "4206824", "NAME": "Blain borough, Pennsylvania", "population": 225.0 }, "geometry": { "type": "Polygon", "coordinates": [ [ [ -77.51431, 40.330853 ], [ -77.511079, 40.332687 ], [ -77.504461, 40.333858 ], [ -77.505073, 40.334559 ], [ -77.512221, 40.342736 ], [ -77.519143, 40.337791 ], [ -77.51431, 40.330853 ] ] ] } },
{ "type": "Feature", "properties": { "GEOID": "4277568", "NAME": "Troutville borough, Pennsylvania", "population": 225.0 }, "geometry": { "type": "Polygon", "coordinates": [ [ [ -78.79541, 41.027321 ], [ -78.793177, 41.026803 ], [ -78.793223, 41.018911 ], [ -78.777828, 41.019124 ], [ -78.7785, 41.024682 ], [ -78.778504, 41.029537 ], [ -78.778506, 41.032401 ], [ -78.796326, 41.032204 ], [ -78.79541, 41.027321 ] ] ] } },
{ "type": "Feature", "properties": { "GEOID": "4241272", "NAME": "Landisburg borough, Pennsylvania", "population": 224.0 }, "geometry": { "type": "Polygon", "coordinates": [ [ [ -77.309389, 40.342982 ], [ -77.307792, 40.340839 ], [ -77.301966, 40.342513 ], [ -77.302301, 40.343094 ], [ -77.301286, 40.343763 ], [ -77.301421, 40.344373 ], [ -77.303623, 40.344121 ], [ -77.303695, 40.344363 ], [ -77.305209, 40.344421 ], [ -77.305387, 40.344823 ], [ -77.308058, 40.344107 ], [ -77.309298, 40.343689 ], [ -77.309389, 40.342982 ] ] ] } },
{ "type": "Feature", "properties": { "GEOID": "4253448", "NAME": "New Columbus borough, Pennsylvania", "population": 223.0 }, "geometry": { "type": "Polygon", "coordinates": [ [ [ -76.299983, 41.171719 ], [ -76.300176, 41.171742 ], [ -76.28778, 41.150142 ], [ -76.282178, 41.152246 ], [ -76.280732, 41.154481 ], [ -76.282597, 41.157963 ], [ -76.267223, 41.17051 ], [ -76.277908, 41.18897 ], [ -76.278641, 41.188748 ], [ -76.286122, 41.186391 ], [ -76.287282, 41.188485 ], [ -76.293147, 41.186768 ], [ -76.294688, 41.189498 ], [ -76.307212, 41.18536 ], [ -76.299983, 41.171719 ] ] ] } },
{ "type": "Feature", "properties": { "GEOID": "4212656", "NAME": "Chapman borough, Pennsylvania", "population": 221.0 }, "geometry": { "type": "Polygon", "coordinates": [ [ [ -75.409128, 40.757078 ], [ -75.406812, 40.755283 ], [ -75.404279, 40.75332 ], [ -75.403299, 40.754495 ], [ -75.399417, 40.753454 ], [ -75.39839, 40.756203 ], [ -75.395892, 40.755622 ], [ -75.392652, 40.756578 ], [ -75.399901, 40.764158 ], [ -75.404088, 40.762926 ], [ -75.407161, 40.763296 ], [ -75.405201, 40.759435 ], [ -75.407194, 40.758238 ], [ -75.409128, 40.757078 ] ] ] } },
{ "type": "Feature", "properties": { "GEOID": "4254024", "NAME": "Newry borough, Pennsylvania", "population": 221.0 }, "geometry": { "type": "Polygon", "coordinates": [ [ [ -78.439168, 40.391441 ], [ -78.432974, 40.391344 ], [ -78.431975, 40.394134 ], [ -78.435168, 40.395702 ], [ -78.439303, 40.394747 ], [ -78.439168, 40.391441 ] ] ] } },
{ "type": "Feature", "properties": { "GEOID": "4278456", "NAME": "Union Dale borough, Pennsylvania", "population": 221.0 }, "geometry": { "type": "Polygon", "coordinates": [ [ [ -75.49606, 41.706366 ], [ -75.495949, 41.70307 ], [ -75.466081, 41.704647 ], [ -75.467344, 41.72702 ], [ -75.497642, 41.726655 ], [ -75.49606, 41.706366 ] ] ] } },
{ "type": "Feature", "properties": { "GEOID": "4262224", "NAME": "Portersville borough, Pennsylvania", "population": 220.0 }, "geometry": { "type": "Polygon", "coordinates": [ [ [ -80.158668, 40.917878 ], [ -80.15258, 40.917921 ], [ -80.152666, 40.921712 ], [ -80.149096, 40.922401 ], [ -80.148927, 40.92018 ], [ -80.142256, 40.919634 ], [ -80.135022, 40.9195 ], [ -80.134074, 40.920857 ], [ -80.134095, 40.924014 ], [ -80.13531, 40.925713 ], [ -80.136986, 40.925644 ], [ -80.136965, 40.92884 ], [ -80.139059, 40.928774 ], [ -80.139313, 40.926899 ], [ -80.141381, 40.926951 ], [ -80.140939, 40.929594 ], [ -80.142355, 40.929554 ], [ -80.142418, 40.932257 ], [ -80.144353, 40.932179 ], [ -80.149661, 40.931792 ], [ -80.149509, 40.926951 ], [ -80.159669, 40.926782 ], [ -80.158668, 40.917878 ] ] ] } },
{ "type": "Feature", "properties": { "GEOID": "4200396", "NAME": "Addison borough, Pennsylvania", "population": 215.0 }, "geometry": { "type": "Polygon", "coordinates": [ [ [ -79.349377, 39.74834 ], [ -79.342259, 39.746424 ], [ -79.339385, 39.743418 ], [ -79.332117, 39.740767 ], [ -79.329907, 39.737986 ], [ -79.32684, 39.739281 ], [ -79.325988, 39.740598 ], [ -79.324677, 39.739412 ], [ -79.322985, 39.740755 ], [ -79.32616, 39.744356 ], [ -79.327875, 39.749735 ], [ -79.33073, 39.747153 ], [ -79.333901, 39.749331 ], [ -79.337624, 39.750741 ], [ -79.340799, 39.748738 ], [ -79.346073, 39.750829 ], [ -79.346818, 39.749379 ], [ -79.350343, 39.749368 ], [ -79.349377, 39.74834 ] ] ] } },
{ "type": "Feature", "properties": { "GEOID": "4257112", "NAME": "Orrstown borough, Pennsylvania", "population": 210.0 }, "geometry": { "type": "Polygon", "coordinates": [ [ [ -77.612014, 40.05698 ], [ -77.610843, 40.055981 ], [ -77.608063, 40.058684 ], [ -77.601406, 40.060404 ], [ -77.602614, 40.061126 ], [ -77.610844, 40.059298 ], [ -77.612014, 40.05698 ] ] ] } },
{ "type": "Feature", "properties": { "GEOID": "4275944", "NAME": "Sylvania borough, Pennsylvania", "population": 207.0 }, "geometry": { "type": "Polygon", "coordinates": [ [ [ -76.875671, 41.797002 ], [ -76.853281, 41.797805 ], [ -76.845287, 41.79879 ], [ -76.845896, 41.805892 ], [ -76.846155, 41.808926 ], [ -76.875939, 41.80729 ], [ -76.875671, 41.797002 ] ] ] } },
{ "type": "Feature", "properties": { "GEOID": "4203296", "NAME": "Ashville borough, Pennsylvania", "population": 206.0 }, "geometry": { "type": "Polygon", "coordinates": [ [ [ -78.552772, 40.558619 ], [ -78.547678, 40.556564 ], [ -78.543729, 40.557142 ], [ -78.544106, 40.564349 ], [ -78.547384, 40.564019 ], [ -78.551115, 40.561063 ], [ -78.552772, 40.558619 ] ] ] } },
{ "type": "Feature", "properties": { "GEOID": "4281424", "NAME": "Washingtonville borough, Pennsylvania", "population": 206.0 }, "geometry": { "type": "Polygon", "coordinates": [ [ [ -76.677518, 41.054341 ], [ -76.676267, 41.050804 ], [ -76.67693, 41.0499 ], [ -76.671071, 41.051353 ], [ -76.676513, 41.0551 ], [ -76.677518, 41.054341 ] ] ] } },
{ "type": "Feature", "properties": { "GEOID": "4282128", "NAME": "Wellersburg borough, Pennsylvania", "population": 206.0 }, "geometry": { "type": "Polygon", "coordinates": [ [ [ -78.858425, 39.729114 ], [ -78.852718, 39.728724 ], [ -78.85048, 39.727414 ], [ -78.8499329, 39.7228799 ], [ -78.8453439, 39.7228858 ], [ -78.8376529, 39.7228957 ], [ -78.835691, 39.728422 ], [ -78.851078, 39.737346 ], [ -78.851504, 39.742245 ], [ -78.854712, 39.741539 ], [ -78.857388, 39.735844 ], [ -78.858425, 39.729114 ] ] ] } },
{ "type": "Feature", "properties": { "GEOID": "4279912", "NAME": "Venango borough, Pennsylvania", "population": 205.0 }, "geometry": { "type": "Polygon", "coordinates": [ [ [ -80.11619, 41.76537 ], [ -80.114456, 41.765349 ], [ -80.113874, 41.766711 ], [ -80.110004, 41.770999 ], [ -80.107234, 41.772095 ], [ -80.106047, 41.774043 ], [ -80.10654, 41.776031 ], [ -80.108091, 41.777448 ], [ -80.115937, 41.776857 ], [ -80.11619, 41.76537 ] ] ] } },
{ "type": "Feature", "properties": { "GEOID": "4254160", "NAME": "Newton Hamilton borough, Pennsylvania", "population": 203.0 }, "geometry": { "type": "Polygon", "coordinates": [ [ [ -77.843027, 40.389799 ], [ -77.8395, 40.387867 ], [ -77.837344, 40.389687 ], [ -77.832434, 40.392508 ], [ -77.827308, 40.394412 ], [ -77.829079, 40.397013 ], [ -77.838276, 40.393397 ], [ -77.838904, 40.393071 ], [ -77.840875, 40.39189 ], [ -77.843027, 40.389799 ] ] ] } },
{ "type": "Feature", "properties": { "GEOID": "4229592", "NAME": "Glenfield borough, Pennsylvania", "population": 200.0 }, "geometry": { "type": "Polygon", "coordinates": [ [ [ -80.152511, 40.521677 ], [ -80.147264, 40.520404 ], [ -80.143468, 40.519068 ], [ -80.137723, 40.516329 ], [ -80.13418, 40.515342 ], [ -80.128859, 40.514808 ], [ -80.120288, 40.51314 ], [ -80.120814, 40.525995 ], [ -80.13017, 40.52575 ], [ -80.133112, 40.525423 ], [ -80.149259, 40.525285 ], [ -80.150433, 40.525187 ], [ -80.152511, 40.521677 ] ] ] } },
{ "type": "Feature", "properties": { "GEOID": "4274184", "NAME": "Stillwater borough, Pennsylvania", "population": 199.0 }, "geometry": { "type": "Polygon", "coordinates": [ [ [ -76.391692, 41.141373 ], [ -76.376441, 41.137771 ], [ -76.37373, 41.136096 ], [ -76.367074, 41.135194 ], [ -76.366104, 41.132973 ], [ -76.361884, 41.132567 ], [ -76.361818, 41.135784 ], [ -76.358783, 41.139919 ], [ -76.357595, 41.144948 ], [ -76.357899, 41.147777 ], [ -76.35678, 41.147497 ], [ -76.354383, 41.150731 ], [ -76.343908, 41.155947 ], [ -76.349872, 41.16327 ], [ -76.351858, 41.166218 ], [ -76.356352, 41.166163 ], [ -76.354256, 41.162806 ], [ -76.361832, 41.159425 ], [ -76.364778, 41.16259 ], [ -76.366202, 41.160838 ], [ -76.370391, 41.158655 ], [ -76.373798, 41.162412 ], [ -76.369911, 41.164429 ], [ -76.371377, 41.165921 ], [ -76.373004, 41.165068 ], [ -76.37506, 41.167074 ], [ -76.385054, 41.165689 ], [ -76.383489, 41.161899 ], [ -76.378055, 41.155109 ], [ -76.384459, 41.154977 ], [ -76.385727, 41.152251 ], [ -76.383483, 41.151511 ], [ -76.383453, 41.148964 ], [ -76.391585, 41.14879 ], [ -76.391692, 41.141373 ] ] ] } },
{ "type": "Feature", "properties": { "GEOID": "4222960", "NAME": "Elgin borough, Pennsylvania", "population": 198.0 }, "geometry": { "type": "Polygon", "coordinates": [ [ [ -79.761628, 41.899069 ], [ -79.748833, 41.900914 ], [ -79.748874, 41.897772 ], [ -79.735338, 41.8975 ], [ -79.735197, 41.918014 ], [ -79.748586, 41.91814 ], [ -79.748682, 41.910863 ], [ -79.7616, 41.910789 ], [ -79.761628, 41.899069 ] ] ] } },
{ "type": "Feature", "properties": { "GEOID": "4228824", "NAME": "Georgetown borough, Pennsylvania", "population": 198.0 }, "geometry": { "type": "Polygon", "coordinates": [ [ [ -80.505971, 40.640085 ], [ -80.502246, 40.640892 ], [ -80.501389, 40.637958 ], [ -80.497968, 40.637007 ], [ -80.495874, 40.637664 ], [ -80.493569, 40.645861 ], [ -80.492469, 40.645974 ], [ -80.498683, 40.645355 ], [ -80.503248, 40.643964 ], [ -80.506923, 40.642802 ], [ -80.505971, 40.640085 ] ] ] } },
{ "type": "Feature", "properties": { "GEOID": "4285528", "NAME": "Wilmore borough, Pennsylvania", "population": 198.0 }, "geometry": { "type": "Polygon", "coordinates": [ [ [ -78.723687, 40.380527 ], [ -78.721154, 40.379864 ], [ -78.719028, 40.379316 ], [ -78.71644, 40.384924 ], [ -78.715514, 40.38562 ], [ -78.711173, 40.386816 ], [ -78.712658, 40.387707 ], [ -78.710914, 40.388877 ], [ -78.70855, 40.390927 ], [ -78.713916, 40.393834 ], [ -78.722687, 40.389813 ], [ -78.721661, 40.386803 ], [ -78.723687, 40.380527 ] ] ] } },
{ "type": "Feature", "properties": { "GEOID": "4222712", "NAME": "Ehrenfeld borough, Pennsylvania", "population": 196.0 }, "geometry": { "type": "Polygon", "coordinates": [ [ [ -78.785509, 40.370501 ], [ -78.785457, 40.370434 ], [ -78.785383, 40.370336 ], [ -78.784713, 40.369879 ], [ -78.777838, 40.3694 ], [ -78.770633, 40.374207 ], [ -78.767181, 40.373353 ], [ -78.765879, 40.37196 ], [ -78.764974, 40.375216 ], [ -78.768847, 40.378631 ], [ -78.768849, 40.379956 ], [ -78.786447, 40.375062 ], [ -78.785509, 40.370501 ] ] ] } },
{ "type": "Feature", "properties": { "GEOID": "4253768", "NAME": "New Lebanon borough, Pennsylvania", "population": 195.0 }, "geometry": { "type": "Polygon", "coordinates": [ [ [ -80.083617, 41.409224 ], [ -80.074999, 41.407692 ], [ -80.067954, 41.409461 ], [ -80.067475, 41.415225 ], [ -80.066964, 41.430544 ], [ -80.08372, 41.430292 ], [ -80.083617, 41.409224 ] ] ] } },
{ "type": "Feature", "properties": { "GEOID": "4251568", "NAME": "Mount Gretna borough, Pennsylvania", "population": 193.0 }, "geometry": { "type": "Polygon", "coordinates": [ [ [ -76.476303, 40.242701 ], [ -76.47416, 40.243467 ], [ -76.469415, 40.243725 ], [ -76.463867, 40.244328 ], [ -76.465317, 40.244702 ], [ -76.467548, 40.245495 ], [ -76.469263, 40.248491 ], [ -76.470507, 40.249049 ], [ -76.470516, 40.249031 ], [ -76.471057, 40.248826 ], [ -76.474347, 40.247381 ], [ -76.477626, 40.243828 ], [ -76.476303, 40.242701 ] ] ] } },
{ "type": "Feature", "properties": { "GEOID": "4261496", "NAME": "Pleasantville borough, Pennsylvania", "population": 193.0 }, "geometry": { "type": "Polygon", "coordinates": [ [ [ -78.614204, 40.178263 ], [ -78.612075, 40.177284 ], [ -78.611678, 40.177091 ], [ -78.608997, 40.179579 ], [ -78.611436, 40.18001 ], [ -78.613844, 40.182387 ], [ -78.61747, 40.180433 ], [ -78.614204, 40.178263 ] ] ] } },
{ "type": "Feature", "properties": { "GEOID": "4253928", "NAME": "New Paris borough, Pennsylvania", "population": 191.0 }, "geometry": { "type": "Polygon", "coordinates": [ [ [ -78.645323, 40.104671 ], [ -78.641391, 40.108958 ], [ -78.640312, 40.108644 ], [ -78.639869, 40.109085 ], [ -78.641006, 40.10978 ], [ -78.639622, 40.111621 ], [ -78.63986, 40.112427 ], [ -78.640179, 40.112541 ], [ -78.642517, 40.110082 ], [ -78.643191, 40.110323 ], [ -78.644004, 40.108305 ], [ -78.646803, 40.105912 ], [ -78.645323, 40.104671 ] ] ] } },
{ "type": "Feature", "properties": { "GEOID": "4237496", "NAME": "Jackson Center borough, Pennsylvania", "population": 189.0 }, "geometry": { "type": "Polygon", "coordinates": [ [ [ -80.153067, 41.276367 ], [ -80.151176, 41.276335 ], [ -80.150948, 41.272819 ], [ -80.148742, 41.271709 ], [ -80.144748, 41.271707 ], [ -80.143708, 41.269819 ], [ -80.143681, 41.266198 ], [ -80.141198, 41.266164 ], [ -80.140997, 41.260122 ], [ -80.135059, 41.260114 ], [ -80.135101, 41.262267 ], [ -80.133338, 41.260118 ], [ -80.133415, 41.265147 ], [ -80.131416, 41.264951 ], [ -80.131287, 41.272065 ], [ -80.131851, 41.283937 ], [ -80.136684, 41.282926 ], [ -80.138346, 41.281068 ], [ -80.143987, 41.28056 ], [ -80.153142, 41.280402 ], [ -80.153067, 41.276367 ] ] ] } },
{ "type": "Feature", "properties": { "GEOID": "4269680", "NAME": "Shanksville borough, Pennsylvania", "population": 189.0 }, "geometry": { "type": "Polygon", "coordinates": [ [ [ -78.910065, 40.018424 ], [ -78.911265, 40.016189 ], [ -78.907999, 40.014194 ], [ -78.90688, 40.013154 ], [ -78.903835, 40.013438 ], [ -78.904045, 40.014555 ], [ -78.901777, 40.015349 ], [ -78.901862, 40.016306 ], [ -78.901153, 40.017305 ], [ -78.904531, 40.018445 ], [ -78.90383, 40.019436 ], [ -78.906557, 40.020374 ], [ -78.90997, 40.021846 ], [ -78.912075, 40.019435 ], [ -78.910065, 40.018424 ] ] ] } },
{ "type": "Feature", "properties": { "GEOID": "4221968", "NAME": "Eastvale borough, Pennsylvania", "population": 186.0 }, "geometry": { "type": "Polygon", "coordinates": [ [ [ -80.316581, 40.766968 ], [ -80.316613, 40.766361 ], [ -80.316183, 40.763967 ], [ -80.31332, 40.761203 ], [ -80.312749, 40.760859 ], [ -80.313355, 40.764458 ], [ -80.311812, 40.764618 ], [ -80.31215, 40.767705 ], [ -80.31408, 40.76851 ], [ -80.314658, 40.768499 ], [ -80.315033, 40.772441 ], [ -80.316012, 40.772316 ], [ -80.317596, 40.77213 ], [ -80.316581, 40.766968 ] ] ] } },
{ "type": "Feature", "properties": { "GEOID": "4235648", "NAME": "Hopewell borough, Pennsylvania", "population": 185.0 }, "geometry": { "type": "Polygon", "coordinates": [ [ [ -78.269276, 40.133336 ], [ -78.269044, 40.132375 ], [ -78.266259, 40.131531 ], [ -78.263469, 40.132484 ], [ -78.26334, 40.135489 ], [ -78.264662, 40.136905 ], [ -78.268653, 40.137479 ], [ -78.269896, 40.134798 ], [ -78.269276, 40.133336 ] ] ] } },
{ "type": "Feature", "properties": { "GEOID": "4204136", "NAME": "Barkeyville borough, Pennsylvania", "population": 183.0 }, "geometry": { "type": "Polygon", "coordinates": [ [ [ -79.999274, 41.199491 ], [ -79.99948, 41.182487 ], [ -79.999199, 41.183359 ], [ -79.98545, 41.183685 ], [ -79.971345, 41.183244 ], [ -79.96357, 41.183232 ], [ -79.96352, 41.189748 ], [ -79.964224, 41.200032 ], [ -79.963891, 41.201102 ], [ -79.969585, 41.207369 ], [ -79.971035, 41.209443 ], [ -79.978737, 41.209213 ], [ -79.986674, 41.208883 ], [ -79.986711, 41.210675 ], [ -79.991721, 41.210617 ], [ -79.991816, 41.213114 ], [ -79.999779, 41.213087 ], [ -79.999274, 41.199491 ] ] ] } },
{ "type": "Feature", "properties": { "GEOID": "4210280", "NAME": "Burnside borough, Pennsylvania", "population": 183.0 }, "geometry": { "type": "Polygon", "coordinates": [ [ [ -78.806482, 40.805701 ], [ -78.795948, 40.802038 ], [ -78.791416, 40.803487 ], [ -78.784377, 40.80629 ], [ -78.7787, 40.811014 ], [ -78.775721, 40.8129 ], [ -78.77526, 40.814379 ], [ -78.776709, 40.815519 ], [ -78.776984, 40.816882 ], [ -78.781396, 40.824402 ], [ -78.788141, 40.824333 ], [ -78.794251, 40.820039 ], [ -78.799463, 40.820927 ], [ -78.806459, 40.817288 ], [ -78.806474, 40.810574 ], [ -78.806482, 40.805701 ] ] ] } },
{ "type": "Feature", "properties": { "GEOID": "4213896", "NAME": "Clarksville borough, Pennsylvania", "population": 183.0 }, "geometry": { "type": "Polygon", "coordinates": [ [ [ -80.04781, 39.9753 ], [ -80.045026, 39.97194 ], [ -80.042082, 39.971796 ], [ -80.039778, 39.9741 ], [ -80.040594, 39.974596 ], [ -80.043842, 39.977012 ], [ -80.04573, 39.977561 ], [ -80.046113, 39.97691 ], [ -80.04781, 39.9753 ] ] ] } },
{ "type": "Feature", "properties": { "GEOID": "4247544", "NAME": "Marklesburg borough, Pennsylvania", "population": 181.0 }, "geometry": { "type": "Polygon", "coordinates": [ [ [ -78.182447, 40.383692 ], [ -78.178513, 40.37903 ], [ -78.173628, 40.374884 ], [ -78.175233, 40.373677 ], [ -78.168431, 40.369696 ], [ -78.166372, 40.371707 ], [ -78.165372, 40.373351 ], [ -78.16757, 40.375193 ], [ -78.163237, 40.378553 ], [ -78.164305, 40.379367 ], [ -78.157095, 40.384539 ], [ -78.156152, 40.382122 ], [ -78.15421, 40.383368 ], [ -78.156155, 40.386291 ], [ -78.159048, 40.384884 ], [ -78.159991, 40.385957 ], [ -78.157494, 40.387381 ], [ -78.160648, 40.390106 ], [ -78.163725, 40.388964 ], [ -78.165455, 40.386711 ], [ -78.171949, 40.391872 ], [ -78.175093, 40.389025 ], [ -78.175705, 40.389567 ], [ -78.181379, 40.384571 ], [ -78.182447, 40.383692 ] ] ] } },
{ "type": "Feature", "properties": { "GEOID": "4242688", "NAME": "Lenhartsville borough, Pennsylvania", "population": 180.0 }, "geometry": { "type": "Polygon", "coordinates": [ [ [ -75.895221, 40.571141 ], [ -75.885284, 40.568317 ], [ -75.884186, 40.571799 ], [ -75.886175, 40.574588 ], [ -75.892818, 40.575464 ], [ -75.895221, 40.571141 ] ] ] } },
{ "type": "Feature", "properties": { "GEOID": "4279472", "NAME": "Utica borough, Pennsylvania", "population": 179.0 }, "geometry": { "type": "Polygon", "coordinates": [ [ [ -79.982028, 41.433236 ], [ -79.960921, 41.42754 ], [ -79.950217, 41.429073 ], [ -79.948348, 41.430243 ], [ -79.944634, 41.436937 ], [ -79.943087, 41.442935 ], [ -79.950092, 41.44424 ], [ -79.951861, 41.443057 ], [ -79.955807, 41.445634 ], [ -79.958004, 41.44329 ], [ -79.963636, 41.443979 ], [ -79.974731, 41.435996 ], [ -79.972922, 41.435164 ], [ -79.976082, 41.434837 ], [ -79.982028, 41.433236 ] ] ] } },
{ "type": "Feature", "properties": { "GEOID": "4220152", "NAME": "Dudley borough, Pennsylvania", "population": 178.0 }, "geometry": { "type": "Polygon", "coordinates": [ [ [ -78.184184, 40.201583 ], [ -78.164915, 40.20473 ], [ -78.169583, 40.204432 ], [ -78.177218, 40.20836 ], [ -78.178739, 40.210795 ], [ -78.186507, 40.206047 ], [ -78.184184, 40.201583 ] ] ] } },
{ "type": "Feature", "properties": { "GEOID": "4227112", "NAME": "Foxburg borough, Pennsylvania", "population": 178.0 }, "geometry": { "type": "Polygon", "coordinates": [ [ [ -79.686688, 41.144658 ], [ -79.686184, 41.143793 ], [ -79.684193, 41.142095 ], [ -79.680941, 41.138778 ], [ -79.679586, 41.137022 ], [ -79.675682, 41.137113 ], [ -79.676192, 41.154933 ], [ -79.678946, 41.154877 ], [ -79.682618, 41.151614 ], [ -79.684015, 41.151224 ], [ -79.68625, 41.148549 ], [ -79.686688, 41.144658 ] ] ] } },
{ "type": "Feature", "properties": { "GEOID": "4205648", "NAME": "Benson borough, Pennsylvania", "population": 177.0 }, "geometry": { "type": "Polygon", "coordinates": [ [ [ -78.936528, 40.19879 ], [ -78.935857, 40.197876 ], [ -78.933754, 40.197152 ], [ -78.92817, 40.196632 ], [ -78.92168, 40.209974 ], [ -78.925173, 40.209139 ], [ -78.928235, 40.209661 ], [ -78.930409, 40.209152 ], [ -78.930317, 40.207892 ], [ -78.928755, 40.206927 ], [ -78.928365, 40.205301 ], [ -78.929578, 40.203926 ], [ -78.931841, 40.203673 ], [ -78.936806, 40.201318 ], [ -78.936528, 40.19879 ] ] ] } },
{ "type": "Feature", "properties": { "GEOID": "4224832", "NAME": "Fairview borough, Pennsylvania", "population": 177.0 }, "geometry": { "type": "Polygon", "coordinates": [ [ [ -79.747482, 41.014398 ], [ -79.743692, 41.013699 ], [ -79.742616, 41.012258 ], [ -79.741054, 41.014549 ], [ -79.739173, 41.014794 ], [ -79.739062, 41.017207 ], [ -79.742092, 41.018113 ], [ -79.74698, 41.01743 ], [ -79.747482, 41.014398 ] ] ] } },
{ "type": "Feature", "properties": { "GEOID": "4266232", "NAME": "Roseville borough, Pennsylvania", "population": 174.0 }, "geometry": { "type": "Polygon", "coordinates": [ [ [ -76.965152, 41.857725 ], [ -76.951331, 41.858441 ], [ -76.95171, 41.866584 ], [ -76.953094, 41.866253 ], [ -76.953269, 41.869497 ], [ -76.955489, 41.870936 ], [ -76.963405, 41.86862 ], [ -76.963779, 41.860449 ], [ -76.965152, 41.857725 ] ] ] } },
{ "type": "Feature", "properties": { "GEOID": "4284064", "NAME": "West Sunbury borough, Pennsylvania", "population": 174.0 }, "geometry": { "type": "Polygon", "coordinates": [ [ [ -79.899065, 41.002833 ], [ -79.897426, 41.00271 ], [ -79.894698, 41.002505 ], [ -79.893729, 41.009285 ], [ -79.896038, 41.00939 ], [ -79.89836, 41.009496 ], [ -79.899065, 41.002833 ] ] ] } },
{ "type": "Feature", "properties": { "GEOID": "4212184", "NAME": "Centerville borough, Pennsylvania", "population": 172.0 }, "geometry": { "type": "Polygon", "coordinates": [ [ [ -79.772325, 41.728175 ], [ -79.772254, 41.726232 ], [ -79.77145, 41.726207 ], [ -79.758914, 41.726041 ], [ -79.758948, 41.73091 ], [ -79.755091, 41.730798 ], [ -79.75494, 41.73604 ], [ -79.746237, 41.736003 ], [ -79.745804, 41.748431 ], [ -79.769636, 41.748764 ], [ -79.772938, 41.74779 ], [ -79.772325, 41.728175 ] ] ] } },
{ "type": "Feature", "properties": { "GEOID": "4259672", "NAME": "Petrolia borough, Pennsylvania", "population": 171.0 }, "geometry": { "type": "Polygon", "coordinates": [ [ [ -79.723572, 41.024748 ], [ -79.718943, 41.023991 ], [ -79.718872, 41.022257 ], [ -79.719964, 41.018388 ], [ -79.719344, 41.016243 ], [ -79.721576, 41.016174 ], [ -79.721465, 41.014884 ], [ -79.716935, 41.013284 ], [ -79.713562, 41.013245 ], [ -79.713657, 41.016139 ], [ -79.712325, 41.028942 ], [ -79.716984, 41.0291 ], [ -79.718458, 41.029336 ], [ -79.718688, 41.026727 ], [ -79.721801, 41.026856 ], [ -79.724179, 41.026305 ], [ -79.723572, 41.024748 ] ] ] } },
{ "type": "Feature", "properties": { "GEOID": "4273784", "NAME": "Starrucca borough, Pennsylvania", "population": 170.0 }, "geometry": { "type": "Polygon", "coordinates": [ [ [ -75.478573, 41.915752 ], [ -75.476376, 41.873333 ], [ -75.426711, 41.875238 ], [ -75.427798, 41.897679 ], [ -75.429242, 41.925089 ], [ -75.478994, 41.924647 ], [ -75.478573, 41.915752 ] ] ] } },
{ "type": "Feature", "properties": { "GEOID": "4238768", "NAME": "Karns City borough, Pennsylvania", "population": 160.0 }, "geometry": { "type": "Polygon", "coordinates": [ [ [ -79.731814, 40.993211 ], [ -79.728117, 40.993289 ], [ -79.726881, 40.992727 ], [ -79.726272, 40.988553 ], [ -79.725801, 40.988571 ], [ -79.72501, 40.988602 ], [ -79.725269, 40.992787 ], [ -79.724989, 40.99341 ], [ -79.720079, 40.993533 ], [ -79.720882, 40.998393 ], [ -79.721374, 41.001711 ], [ -79.732216, 41.001443 ], [ -79.731814, 40.993211 ] ] ] } },
{ "type": "Feature", "properties": { "GEOID": "4270376", "NAME": "Shippingport borough, Pennsylvania", "population": 155.0 }, "geometry": { "type": "Polygon", "coordinates": [ [ [ -80.45311, 40.616785 ], [ -80.44173, 40.61208 ], [ -80.441335, 40.610436 ], [ -80.438762, 40.611376 ], [ -80.438304, 40.612317 ], [ -80.427555, 40.602909 ], [ -80.421095, 40.606371 ], [ -80.422756, 40.610522 ], [ -80.418987, 40.610478 ], [ -80.419093, 40.613459 ], [ -80.416498, 40.615035 ], [ -80.418174, 40.619482 ], [ -80.416937, 40.62028 ], [ -80.415175, 40.619078 ], [ -80.412106, 40.619385 ], [ -80.412133, 40.62055 ], [ -80.40677, 40.624217 ], [ -80.405349, 40.625676 ], [ -80.406505, 40.626699 ], [ -80.404244, 40.62695 ], [ -80.401964, 40.62972 ], [ -80.398169, 40.632394 ], [ -80.398416, 40.634066 ], [ -80.402111, 40.639601 ], [ -80.394742, 40.640991 ], [ -80.39198, 40.639487 ], [ -80.390696, 40.640071 ], [ -80.389491, 40.641447 ], [ -80.389525, 40.643772 ], [ -80.38816, 40.647075 ], [ -80.389258, 40.649537 ], [ -80.393578, 40.648353 ], [ -80.404242, 40.646081 ], [ -80.40883, 40.644283 ], [ -80.417383, 40.63981 ], [ -80.422151, 40.636019 ], [ -80.424834, 40.633443 ], [ -80.427902, 40.63002 ], [ -80.42954, 40.628836 ], [ -80.434141, 40.626388 ], [ -80.439961, 40.624451 ], [ -80.444495, 40.623769 ], [ -80.446461, 40.623549 ], [ -80.450694, 40.623397 ], [ -80.450355, 40.621104 ], [ -80.45311, 40.616785 ] ] ] } },
{ "type": "Feature", "properties": { "GEOID": "4211616", "NAME": "Cassandra borough, Pennsylvania", "population": 153.0 }, "geometry": { "type": "Polygon", "coordinates": [ [ [ -78.643518, 40.409314 ], [ -78.641454, 40.405655 ], [ -78.640977, 40.405881 ], [ -78.638237, 40.407181 ], [ -78.638376, 40.410486 ], [ -78.639384, 40.410702 ], [ -78.641964, 40.41116 ], [ -78.643518, 40.409314 ] ] ] } },
{ "type": "Feature", "properties": { "GEOID": "4220648", "NAME": "Eagles Mere borough, Pennsylvania", "population": 153.0 }, "geometry": { "type": "Polygon", "coordinates": [ [ [ -76.596846, 41.394408 ], [ -76.58588, 41.390156 ], [ -76.565587, 41.419761 ], [ -76.576674, 41.424144 ], [ -76.585769, 41.427708 ], [ -76.593958, 41.415766 ], [ -76.593246, 41.399666 ], [ -76.596846, 41.394408 ] ] ] } },
{ "type": "Feature", "properties": { "GEOID": "4241264", "NAME": "Landingville borough, Pennsylvania", "population": 145.0 }, "geometry": { "type": "Polygon", "coordinates": [ [ [ -76.1335, 40.625314 ], [ -76.13075, 40.619793 ], [ -76.123043, 40.621587 ], [ -76.121381, 40.620294 ], [ -76.118267, 40.617911 ], [ -76.116972, 40.618601 ], [ -76.112997, 40.619486 ], [ -76.110258, 40.619137 ], [ -76.111232, 40.619556 ], [ -76.111483, 40.62187 ], [ -76.113966, 40.622117 ], [ -76.113646, 40.62451 ], [ -76.110323, 40.624669 ], [ -76.111036, 40.628743 ], [ -76.120662, 40.62884 ], [ -76.123254, 40.629526 ], [ -76.124856, 40.632557 ], [ -76.127669, 40.633278 ], [ -76.137087, 40.630562 ], [ -76.1335, 40.625314 ] ] ] } },
{ "type": "Feature", "properties": { "GEOID": "4269936", "NAME": "Sheakleyville borough, Pennsylvania", "population": 145.0 }, "geometry": { "type": "Polygon", "coordinates": [ [ [ -80.212125, 41.441875 ], [ -80.203511, 41.439924 ], [ -80.203313, 41.440462 ], [ -80.20128, 41.44576 ], [ -80.209924, 41.447641 ], [ -80.212125, 41.441875 ] ] ] } },
{ "type": "Feature", "properties": { "GEOID": "4210240", "NAME": "Burlington borough, Pennsylvania", "population": 143.0 }, "geometry": { "type": "Polygon", "coordinates": [ [ [ -76.61542, 41.78563 ], [ -76.612242, 41.775803 ], [ -76.609629, 41.776181 ], [ -76.60765, 41.775158 ], [ -76.603725, 41.776139 ], [ -76.598363, 41.779652 ], [ -76.595813, 41.780788 ], [ -76.597555, 41.787281 ], [ -76.615382, 41.785652 ], [ -76.61542, 41.78563 ] ] ] } },
{ "type": "Feature", "properties": { "GEOID": "4210792", "NAME": "Callensburg borough, Pennsylvania", "population": 143.0 }, "geometry": { "type": "Polygon", "coordinates": [ [ [ -79.563461, 41.124049 ], [ -79.552093, 41.124029 ], [ -79.552398, 41.127613 ], [ -79.560506, 41.127785 ], [ -79.561193, 41.126609 ], [ -79.564319, 41.126525 ], [ -79.563461, 41.124049 ] ] ] } },
{ "type": "Feature", "properties": { "GEOID": "4241834", "NAME": "Laurel Mountain borough, Pennsylvania", "population": 142.0 }, "geometry": { "type": "Polygon", "coordinates": [ [ [ -79.188701, 40.209294 ], [ -79.187612, 40.208903 ], [ -79.183398, 40.207232 ], [ -79.183261, 40.209584 ], [ -79.180774, 40.209379 ], [ -79.180935, 40.210837 ], [ -79.186151, 40.215994 ], [ -79.189078, 40.209399 ], [ -79.188701, 40.209294 ] ] ] } },
{ "type": "Feature", "properties": { "GEOID": "4204608", "NAME": "Bear Lake borough, Pennsylvania", "population": 141.0 }, "geometry": { "type": "Polygon", "coordinates": [ [ [ -79.511288, 41.988625 ], [ -79.499751, 41.988386 ], [ -79.491607, 41.98849 ], [ -79.4916529, 41.9983341 ], [ -79.5109928, 41.9984138 ], [ -79.511288, 41.988625 ] ] ] } },
{ "type": "Feature", "properties": { "GEOID": "4276744", "NAME": "Timblin borough, Pennsylvania", "population": 140.0 }, "geometry": { "type": "Polygon", "coordinates": [ [ [ -79.212546, 40.96089 ], [ -79.21176, 40.96306 ], [ -79.195127, 40.961953 ], [ -79.192805, 40.962625 ], [ -79.184653, 40.96354 ], [ -79.18468, 40.965204 ], [ -79.184435, 40.971364 ], [ -79.196072, 40.971777 ], [ -79.200931, 40.971326 ], [ -79.202074, 40.966939 ], [ -79.204959, 40.967078 ], [ -79.203052, 40.969693 ], [ -79.201739, 40.972595 ], [ -79.212369, 40.973035 ], [ -79.212546, 40.96089 ] ] ] } },
{ "type": "Feature", "properties": { "GEOID": "4286160", "NAME": "Woodcock borough, Pennsylvania", "population": 139.0 }, "geometry": { "type": "Polygon", "coordinates": [ [ [ -80.093769, 41.75112 ], [ -80.090122, 41.751118 ], [ -80.088832, 41.750166 ], [ -80.089033, 41.748051 ], [ -80.085398, 41.748031 ], [ -80.085328, 41.746118 ], [ -80.078269, 41.746041 ], [ -80.078108, 41.761155 ], [ -80.08223, 41.761205 ], [ -80.088165, 41.761105 ], [ -80.088125, 41.759971 ], [ -80.091114, 41.759879 ], [ -80.093769, 41.75112 ] ] ] } },
{ "type": "Feature", "properties": { "GEOID": "4263312", "NAME": "Rainsburg borough, Pennsylvania", "population": 138.0 }, "geometry": { "type": "Polygon", "coordinates": [ [ [ -78.52007, 39.892985 ], [ -78.517607, 39.891129 ], [ -78.513519, 39.891277 ], [ -78.514827, 39.89248 ], [ -78.514759, 39.895901 ], [ -78.51612, 39.895892 ], [ -78.514527, 39.897198 ], [ -78.514553, 39.899554 ], [ -78.516173, 39.89979 ], [ -78.517545, 39.901767 ], [ -78.518069, 39.899665 ], [ -78.520121, 39.899213 ], [ -78.52007, 39.892985 ] ] ] } },
{ "type": "Feature", "properties": { "GEOID": "4200332", "NAME": "Adamsburg borough, Pennsylvania", "population": 136.0 }, "geometry": { "type": "Polygon", "coordinates": [ [ [ -79.66188, 40.31152 ], [ -79.660678, 40.311458 ], [ -79.657809, 40.310526 ], [ -79.65551, 40.309904 ], [ -79.651507, 40.309138 ], [ -79.647771, 40.309276 ], [ -79.646316, 40.309617 ], [ -79.644657, 40.312755 ], [ -79.647754, 40.314 ], [ -79.650102, 40.312355 ], [ -79.652052, 40.314169 ], [ -79.653714, 40.313046 ], [ -79.656419, 40.316285 ], [ -79.658475, 40.31586 ], [ -79.66105, 40.316544 ], [ -79.662263, 40.315544 ], [ -79.66188, 40.31152 ] ] ] } },
{ "type": "Feature", "properties": { "GEOID": "4200572", "NAME": "Alba borough, Pennsylvania", "population": 136.0 }, "geometry": { "type": "Polygon", "coordinates": [ [ [ -76.834467, 41.699105 ], [ -76.820617, 41.69925 ], [ -76.820716, 41.712746 ], [ -76.824915, 41.712716 ], [ -76.834732, 41.712645 ], [ -76.834467, 41.699105 ] ] ] } },
{ "type": "Feature", "properties": { "GEOID": "4253168", "NAME": "New Baltimore borough, Pennsylvania", "population": 134.0 }, "geometry": { "type": "Polygon", "coordinates": [ [ [ -78.780296, 39.985578 ], [ -78.773869, 39.98066 ], [ -78.766173, 39.977444 ], [ -78.764734, 39.979509 ], [ -78.762983, 39.981972 ], [ -78.768903, 39.984645 ], [ -78.772317, 39.986901 ], [ -78.779844, 39.989383 ], [ -78.780296, 39.985578 ] ] ] } },
{ "type": "Feature", "properties": { "GEOID": "4270408", "NAME": "Shirleysburg borough, Pennsylvania", "population": 134.0 }, "geometry": { "type": "Polygon", "coordinates": [ [ [ -77.882667, 40.296593 ], [ -77.87671, 40.295196 ], [ -77.876816, 40.293139 ], [ -77.873574, 40.293171 ], [ -77.873195, 40.30163 ], [ -77.875177, 40.301693 ], [ -77.875306, 40.300579 ], [ -77.876901, 40.300021 ], [ -77.878987, 40.300456 ], [ -77.879206, 40.300184 ], [ -77.879589, 40.298548 ], [ -77.8799, 40.298184 ], [ -77.881538, 40.297168 ], [ -77.882667, 40.296593 ] ] ] } },
{ "type": "Feature", "properties": { "GEOID": "4211632", "NAME": "Cassville borough, Pennsylvania", "population": 133.0 }, "geometry": { "type": "Polygon", "coordinates": [ [ [ -78.038354, 40.304176 ], [ -78.034648, 40.294812 ], [ -78.032773, 40.293587 ], [ -78.032864, 40.29035 ], [ -78.031166, 40.287614 ], [ -78.027188, 40.286637 ], [ -78.017276, 40.286262 ], [ -78.016465, 40.289781 ], [ -78.018798, 40.2899 ], [ -78.017628, 40.293226 ], [ -78.025348, 40.293662 ], [ -78.022213, 40.298809 ], [ -78.023666, 40.299324 ], [ -78.025501, 40.296886 ], [ -78.030834, 40.296905 ], [ -78.033616, 40.299354 ], [ -78.036328, 40.304768 ], [ -78.038354, 40.304176 ] ] ] } },
{ "type": "Feature", "properties": { "GEOID": "4213384", "NAME": "Chest Springs borough, Pennsylvania", "population": 133.0 }, "geometry": { "type": "Polygon", "coordinates": [ [ [ -78.617571, 40.57669 ], [ -78.613579, 40.573462 ], [ -78.610625, 40.575692 ], [ -78.605239, 40.578837 ], [ -78.602826, 40.579851 ], [ -78.603042, 40.580435 ], [ -78.606869, 40.582686 ], [ -78.61545, 40.577221 ], [ -78.616643, 40.57762 ], [ -78.617571, 40.57669 ] ] ] } },
{ "type": "Feature", "properties": { "GEOID": "4235576", "NAME": "Hookstown borough, Pennsylvania", "population": 129.0 }, "geometry": { "type": "Polygon", "coordinates": [ [ [ -80.476394, 40.595962 ], [ -80.474889, 40.594866 ], [ -80.474376, 40.594975 ], [ -80.473113, 40.595239 ], [ -80.470475, 40.597891 ], [ -80.470592, 40.601694 ], [ -80.474719, 40.602161 ], [ -80.476653, 40.602349 ], [ -80.476394, 40.595962 ] ] ] } },
{ "type": "Feature", "properties": { "GEOID": "4253320", "NAME": "New Buffalo borough, Pennsylvania", "population": 128.0 }, "geometry": { "type": "Polygon", "coordinates": [ [ [ -76.974039, 40.456118 ], [ -76.971244, 40.451969 ], [ -76.970986, 40.452106 ], [ -76.970152, 40.45251 ], [ -76.969496, 40.452732 ], [ -76.968945, 40.452835 ], [ -76.966833, 40.453747 ], [ -76.968818, 40.456083 ], [ -76.971423, 40.4549 ], [ -76.972487, 40.45675 ], [ -76.974039, 40.456118 ] ] ] } },
{ "type": "Feature", "properties": { "GEOID": "4214584", "NAME": "Coaldale borough, Pennsylvania", "population": 127.0 }, "geometry": { "type": "Polygon", "coordinates": [ [ [ -78.220271, 40.165818 ], [ -78.218269, 40.166724 ], [ -78.215579, 40.166966 ], [ -78.212708, 40.166303 ], [ -78.215139, 40.168948 ], [ -78.21866, 40.167675 ], [ -78.220679, 40.166395 ], [ -78.220271, 40.165818 ] ] ] } },
{ "type": "Feature", "properties": { "GEOID": "4257280", "NAME": "Oswayo borough, Pennsylvania", "population": 127.0 }, "geometry": { "type": "Polygon", "coordinates": [ [ [ -78.035227, 41.913224 ], [ -78.011345, 41.91336 ], [ -78.010992, 41.929004 ], [ -78.022941, 41.928937 ], [ -78.029837, 41.928724 ], [ -78.030045, 41.915223 ], [ -78.035152, 41.915315 ], [ -78.035227, 41.913224 ] ] ] } },
{ "type": "Feature", "properties": { "GEOID": "4280368", "NAME": "Volant borough, Pennsylvania", "population": 123.0 }, "geometry": { "type": "Polygon", "coordinates": [ [ [ -80.261516, 41.110751 ], [ -80.258706, 41.111548 ], [ -80.258325, 41.110739 ], [ -80.257668, 41.110195 ], [ -80.255351, 41.110794 ], [ -80.25523, 41.111585 ], [ -80.255943, 41.11399 ], [ -80.256989, 41.115973 ], [ -80.25849, 41.116102 ], [ -80.261428, 41.116007 ], [ -80.262899, 41.109875 ], [ -80.261516, 41.110751 ] ] ] } },
{ "type": "Feature", "properties": { "GEOID": "4229632", "NAME": "Glen Hope borough, Pennsylvania", "population": 122.0 }, "geometry": { "type": "Polygon", "coordinates": [ [ [ -78.5191, 40.797655 ], [ -78.507027, 40.793306 ], [ -78.507898, 40.791555 ], [ -78.503368, 40.791877 ], [ -78.50329, 40.794022 ], [ -78.501049, 40.792685 ], [ -78.500966, 40.791469 ], [ -78.495053, 40.78657 ], [ -78.483464, 40.791938 ], [ -78.486137, 40.79537 ], [ -78.485055, 40.798863 ], [ -78.483406, 40.800989 ], [ -78.482919, 40.803731 ], [ -78.496183, 40.816841 ], [ -78.498414, 40.813597 ], [ -78.499354, 40.814429 ], [ -78.510139, 40.807021 ], [ -78.508975, 40.806013 ], [ -78.514215, 40.802325 ], [ -78.517509, 40.803488 ], [ -78.518434, 40.801305 ], [ -78.5191, 40.797655 ] ] ] } },
{ "type": "Feature", "properties": { "GEOID": "4253416", "NAME": "New Centerville borough, Pennsylvania", "population": 121.0 }, "geometry": { "type": "Polygon", "coordinates": [ [ [ -79.194624, 39.938791 ], [ -79.186837, 39.941545 ], [ -79.187997, 39.943458 ], [ -79.188292, 39.94552 ], [ -79.193558, 39.944416 ], [ -79.196299, 39.942546 ], [ -79.194624, 39.938791 ] ] ] } },
{ "type": "Feature", "properties": { "GEOID": "4211624", "NAME": "Casselman borough, Pennsylvania", "population": 119.0 }, "geometry": { "type": "Polygon", "coordinates": [ [ [ -79.216321, 39.883229 ], [ -79.214808, 39.883392 ], [ -79.209787, 39.882808 ], [ -79.209059, 39.882855 ], [ -79.208054, 39.883137 ], [ -79.206734, 39.883939 ], [ -79.20518, 39.885732 ], [ -79.205292, 39.887251 ], [ -79.207673, 39.88884 ], [ -79.217437, 39.887177 ], [ -79.216321, 39.883229 ] ] ] } },
{ "type": "Feature", "properties": { "GEOID": "4227312", "NAME": "Frankfort Springs borough, Pennsylvania", "population": 112.0 }, "geometry": { "type": "Polygon", "coordinates": [ [ [ -80.448114, 40.477717 ], [ -80.437119, 40.477772 ], [ -80.4374, 40.484269 ], [ -80.440485, 40.484262 ], [ -80.442258, 40.484258 ], [ -80.448448, 40.484241 ], [ -80.448114, 40.477717 ] ] ] } },
{ "type": "Feature", "properties": { "GEOID": "4214568", "NAME": "Coal Center borough, Pennsylvania", "population": 110.0 }, "geometry": { "type": "Polygon", "coordinates": [ [ [ -79.904562, 40.06683 ], [ -79.903676, 40.06696 ], [ -79.900796, 40.068075 ], [ -79.899259, 40.067402 ], [ -79.897383, 40.069176 ], [ -79.895613, 40.069161 ], [ -79.894761, 40.070265 ], [ -79.898489, 40.071273 ], [ -79.90153, 40.073593 ], [ -79.903258, 40.073226 ], [ -79.90451, 40.06881 ], [ -79.906012, 40.067562 ], [ -79.904562, 40.06683 ] ] ] } },
{ "type": "Feature", "properties": { "GEOID": "4226760", "NAME": "Forksville borough, Pennsylvania", "population": 108.0 }, "geometry": { "type": "Polygon", "coordinates": [ [ [ -76.617681, 41.489223 ], [ -76.610575, 41.477937 ], [ -76.580773, 41.490087 ], [ -76.602729, 41.499761 ], [ -76.606654, 41.498237 ], [ -76.619991, 41.492918 ], [ -76.617681, 41.489223 ] ] ] } },
{ "type": "Feature", "properties": { "GEOID": "4283504", "NAME": "West Middletown borough, Pennsylvania", "population": 107.0 }, "geometry": { "type": "Polygon", "coordinates": [ [ [ -80.432917, 40.24128 ], [ -80.426449, 40.237836 ], [ -80.423276, 40.238645 ], [ -80.417182, 40.242454 ], [ -80.41956, 40.247586 ], [ -80.428828, 40.247444 ], [ -80.431522, 40.245862 ], [ -80.432917, 40.24128 ] ] ] } },
{ "type": "Feature", "properties": { "GEOID": "4203480", "NAME": "Atwood borough, Pennsylvania", "population": 104.0 }, "geometry": { "type": "Polygon", "coordinates": [ [ [ -79.279612, 40.753314 ], [ -79.278536, 40.7476 ], [ -79.277857, 40.746635 ], [ -79.275272, 40.743554 ], [ -79.271464, 40.744686 ], [ -79.251517, 40.737758 ], [ -79.2413, 40.74856 ], [ -79.238295, 40.751417 ], [ -79.244396, 40.754901 ], [ -79.257839, 40.758529 ], [ -79.259961, 40.760925 ], [ -79.270161, 40.7597 ], [ -79.276285, 40.756549 ], [ -79.278957, 40.75436 ], [ -79.279612, 40.753314 ] ] ] } },
{ "type": "Feature", "properties": { "GEOID": "4237792", "NAME": "Jeddo borough, Pennsylvania", "population": 102.0 }, "geometry": { "type": "Polygon", "coordinates": [ [ [ -75.898161, 40.987442 ], [ -75.897252, 40.984212 ], [ -75.891094, 40.985562 ], [ -75.89449, 40.996284 ], [ -75.900375, 40.995374 ], [ -75.898161, 40.987442 ] ] ] } },
{ "type": "Feature", "properties": { "GEOID": "4203032", "NAME": "Armagh borough, Pennsylvania", "population": 99.0 }, "geometry": { "type": "Polygon", "coordinates": [ [ [ -79.037525, 40.452324 ], [ -79.026633, 40.453542 ], [ -79.026826, 40.454276 ], [ -79.026976, 40.454785 ], [ -79.038203, 40.453677 ], [ -79.037525, 40.452324 ] ] ] } },
{ "type": "Feature", "properties": { "GEOID": "4219472", "NAME": "Donegal borough, Pennsylvania", "population": 99.0 }, "geometry": { "type": "Polygon", "coordinates": [ [ [ -79.388511, 40.111736 ], [ -79.385348, 40.111099 ], [ -79.383949, 40.110056 ], [ -79.382673, 40.110927 ], [ -79.379637, 40.108328 ], [ -79.377641, 40.1075 ], [ -79.376633, 40.107752 ], [ -79.375638, 40.108515 ], [ -79.375864, 40.113118 ], [ -79.380379, 40.116771 ], [ -79.383655, 40.114361 ], [ -79.384632, 40.113121 ], [ -79.388144, 40.113704 ], [ -79.388602, 40.112525 ], [ -79.388511, 40.111736 ] ] ] } },
{ "type": "Feature", "properties": { "GEOID": "4270040", "NAME": "Shelocta borough, Pennsylvania", "population": 99.0 }, "geometry": { "type": "Polygon", "coordinates": [ [ [ -79.306561, 40.659937 ], [ -79.301029, 40.653977 ], [ -79.299116, 40.653791 ], [ -79.298747, 40.654326 ], [ -79.29752, 40.656427 ], [ -79.302109, 40.658754 ], [ -79.300135, 40.660755 ], [ -79.302005, 40.661238 ], [ -79.30315, 40.659546 ], [ -79.306561, 40.659937 ] ] ] } },
{ "type": "Feature", "properties": { "GEOID": "4227968", "NAME": "Friendsville borough, Pennsylvania", "population": 98.0 }, "geometry": { "type": "Polygon", "coordinates": [ [ [ -76.058852, 41.914754 ], [ -76.04107, 41.905905 ], [ -76.035285, 41.91228 ], [ -76.03514, 41.912441 ], [ -76.030293, 41.917845 ], [ -76.054442, 41.930062 ], [ -76.065016, 41.917808 ], [ -76.058852, 41.914754 ] ] ] } },
{ "type": "Feature", "properties": { "GEOID": "4251488", "NAME": "Mount Carbon borough, Pennsylvania", "population": 92.0 }, "geometry": { "type": "Polygon", "coordinates": [ [ [ -76.192173, 40.672553 ], [ -76.192034, 40.672542 ], [ -76.191035, 40.672952 ], [ -76.189098, 40.67374 ], [ -76.186445, 40.669942 ], [ -76.186027, 40.669341 ], [ -76.185816, 40.673539 ], [ -76.187788, 40.675974 ], [ -76.189617, 40.675329 ], [ -76.193067, 40.673805 ], [ -76.192173, 40.672553 ] ] ] } },
{ "type": "Feature", "properties": { "GEOID": "4206560", "NAME": "Birmingham borough, Pennsylvania", "population": 90.0 }, "geometry": { "type": "Polygon", "coordinates": [ [ [ -78.197946, 40.646833 ], [ -78.197891, 40.64628 ], [ -78.197612, 40.645658 ], [ -78.197546, 40.644959 ], [ -78.197041, 40.644139 ], [ -78.192338, 40.647483 ], [ -78.195268, 40.64984 ], [ -78.198238, 40.64773 ], [ -78.197946, 40.646833 ] ] ] } },
{ "type": "Feature", "properties": { "GEOID": "4235488", "NAME": "Homewood borough, Pennsylvania", "population": 88.0 }, "geometry": { "type": "Polygon", "coordinates": [ [ [ -80.333864, 40.811713 ], [ -80.326355, 40.809452 ], [ -80.325088, 40.814102 ], [ -80.32553, 40.816006 ], [ -80.329045, 40.816091 ], [ -80.333792, 40.816235 ], [ -80.333864, 40.811713 ] ] ] } },
{ "type": "Feature", "properties": { "GEOID": "4214640", "NAME": "Coalmont borough, Pennsylvania", "population": 84.0 }, "geometry": { "type": "Polygon", "coordinates": [ [ [ -78.205564, 40.213541 ], [ -78.202363, 40.209369 ], [ -78.200194, 40.207504 ], [ -78.197394, 40.210827 ], [ -78.193412, 40.212665 ], [ -78.193716, 40.213215 ], [ -78.199318, 40.212221 ], [ -78.201754, 40.212334 ], [ -78.203658, 40.214371 ], [ -78.205564, 40.213541 ] ] ] } },
{ "type": "Feature", "properties": { "GEOID": "4253336", "NAME": "Newburg borough, Pennsylvania", "population": 78.0 }, "geometry": { "type": "Polygon", "coordinates": [ [ [ -78.695648, 40.839143 ], [ -78.695642, 40.826845 ], [ -78.694398, 40.826856 ], [ -78.694427, 40.829082 ], [ -78.691162, 40.82914 ], [ -78.687864, 40.827928 ], [ -78.675299, 40.827761 ], [ -78.675346, 40.831061 ], [ -78.669449, 40.837209 ], [ -78.672393, 40.839644 ], [ -78.668858, 40.841914 ], [ -78.676802, 40.848829 ], [ -78.684137, 40.844186 ], [ -78.687917, 40.847703 ], [ -78.677189, 40.854297 ], [ -78.683693, 40.859068 ], [ -78.685702, 40.859083 ], [ -78.685944, 40.85021 ], [ -78.695332, 40.850288 ], [ -78.695654, 40.844522 ], [ -78.695648, 40.839143 ] ] ] } },
{ "type": "Feature", "properties": { "GEOID": "4269456", "NAME": "Shade Gap borough, Pennsylvania", "population": 78.0 }, "geometry": { "type": "Polygon", "coordinates": [ [ [ -77.867631, 40.177897 ], [ -77.865974, 40.177684 ], [ -77.864988, 40.181898 ], [ -77.864862, 40.182719 ], [ -77.86644, 40.182972 ], [ -77.867631, 40.177897 ] ] ] } },
{ "type": "Feature", "properties": { "GEOID": "4233312", "NAME": "Haysville borough, Pennsylvania", "population": 77.0 }, "geometry": { "type": "Polygon", "coordinates": [ [ [ -80.16148, 40.523803 ], [ -80.159765, 40.523231 ], [ -80.152511, 40.521677 ], [ -80.150433, 40.525187 ], [ -80.149259, 40.525285 ], [ -80.157674, 40.528412 ], [ -80.153396, 40.531145 ], [ -80.153552, 40.532692 ], [ -80.15924, 40.533228 ], [ -80.159008, 40.526624 ], [ -80.159776, 40.525862 ], [ -80.162393, 40.52418 ], [ -80.16148, 40.523803 ] ] ] } },
{ "type": "Feature", "properties": { "GEOID": "4267256", "NAME": "St. Clairsville borough, Pennsylvania", "population": 75.0 }, "geometry": { "type": "Polygon", "coordinates": [ [ [ -78.511657, 40.154864 ], [ -78.51142, 40.153874 ], [ -78.509694, 40.154122 ], [ -78.508858, 40.155154 ], [ -78.510611, 40.157889 ], [ -78.512336, 40.157641 ], [ -78.511657, 40.154864 ] ] ] } },
{ "type": "Feature", "properties": { "GEOID": "4286568", "NAME": "Worthville borough, Pennsylvania", "population": 72.0 }, "geometry": { "type": "Polygon", "coordinates": [ [ [ -79.144565, 41.026001 ], [ -79.143914, 41.02503 ], [ -79.142417, 41.021727 ], [ -79.134019, 41.021417 ], [ -79.132566, 41.021435 ], [ -79.137149, 41.026202 ], [ -79.140156, 41.029352 ], [ -79.14451, 41.026477 ], [ -79.144565, 41.026001 ] ] ] } },
{ "type": "Feature", "properties": { "GEOID": "4229392", "NAME": "Glasgow borough, Pennsylvania", "population": 68.0 }, "geometry": { "type": "Polygon", "coordinates": [ [ [ -80.511055, 40.641377 ], [ -80.506923, 40.642802 ], [ -80.503248, 40.643964 ], [ -80.505213, 40.646764 ], [ -80.512421, 40.645158 ], [ -80.511055, 40.641377 ] ] ] } },
{ "type": "Feature", "properties": { "GEOID": "4213152", "NAME": "Cherry Valley borough, Pennsylvania", "population": 55.0 }, "geometry": { "type": "Polygon", "coordinates": [ [ [ -79.820107, 41.159604 ], [ -79.817711, 41.159647 ], [ -79.817479, 41.158107 ], [ -79.814368, 41.158136 ], [ -79.813896, 41.154238 ], [ -79.815967, 41.154177 ], [ -79.81522, 41.148714 ], [ -79.80939, 41.148755 ], [ -79.809327, 41.147853 ], [ -79.806766, 41.147875 ], [ -79.806614, 41.144359 ], [ -79.788241, 41.144766 ], [ -79.788328, 41.146282 ], [ -79.787239, 41.146319 ], [ -79.78737, 41.151098 ], [ -79.786692, 41.172963 ], [ -79.803429, 41.173123 ], [ -79.813639, 41.172895 ], [ -79.814298, 41.173134 ], [ -79.815532, 41.16726 ], [ -79.812552, 41.167076 ], [ -79.812492, 41.16498 ], [ -79.818578, 41.164877 ], [ -79.818451, 41.163814 ], [ -79.82044, 41.16378 ], [ -79.820107, 41.159604 ] ] ] } },
{ "type": "Feature", "properties": { "GEOID": "4271256", "NAME": "Smicksburg borough, Pennsylvania", "population": 54.0 }, "geometry": { "type": "Polygon", "coordinates": [ [ [ -79.176227, 40.87032 ], [ -79.171588, 40.8659 ], [ -79.169108, 40.868628 ], [ -79.166502, 40.86808 ], [ -79.167877, 40.870449 ], [ -79.167517, 40.87235 ], [ -79.172076, 40.873524 ], [ -79.176227, 40.87032 ] ] ] } },
{ "type": "Feature", "properties": { "GEOID": "4254344", "NAME": "New Washington borough, Pennsylvania", "population": 51.0 }, "geometry": { "type": "Polygon", "coordinates": [ [ [ -78.715843, 40.816996 ], [ -78.714452, 40.81701 ], [ -78.714385, 40.813169 ], [ -78.705884, 40.813279 ], [ -78.705716, 40.807716 ], [ -78.695877, 40.807728 ], [ -78.688484, 40.807773 ], [ -78.688523, 40.813208 ], [ -78.678376, 40.813094 ], [ -78.678217, 40.81363 ], [ -78.680541, 40.816152 ], [ -78.682252, 40.81543 ], [ -78.683375, 40.816947 ], [ -78.684765, 40.815853 ], [ -78.688984, 40.81703 ], [ -78.689985, 40.818879 ], [ -78.689522, 40.820565 ], [ -78.695632, 40.820557 ], [ -78.695642, 40.826845 ], [ -78.695648, 40.839143 ], [ -78.705583, 40.839073 ], [ -78.705674, 40.833612 ], [ -78.715917, 40.833591 ], [ -78.715843, 40.816996 ] ] ] } },
{ "type": "Feature", "properties": { "GEOID": "4210808", "NAME": "Callimont borough, Pennsylvania", "population": 48.0 }, "geometry": { "type": "Polygon", "coordinates": [ [ [ -78.950611, 39.817751 ], [ -78.940873, 39.811915 ], [ -78.939073, 39.812314 ], [ -78.940032, 39.811237 ], [ -78.942616, 39.80603 ], [ -78.942401, 39.801886 ], [ -78.94499, 39.798009 ], [ -78.938652, 39.793956 ], [ -78.930228, 39.799843 ], [ -78.925256, 39.796398 ], [ -78.930505, 39.792031 ], [ -78.931689, 39.792698 ], [ -78.93559, 39.789635 ], [ -78.933564, 39.788432 ], [ -78.930966, 39.787656 ], [ -78.928649, 39.790144 ], [ -78.927433, 39.789328 ], [ -78.920942, 39.795262 ], [ -78.919213, 39.794044 ], [ -78.920951, 39.791811 ], [ -78.925964, 39.787866 ], [ -78.928048, 39.786944 ], [ -78.925149, 39.78654 ], [ -78.922516, 39.782655 ], [ -78.919361, 39.780462 ], [ -78.918074, 39.779076 ], [ -78.912493, 39.781732 ], [ -78.914033, 39.783789 ], [ -78.90583, 39.787653 ], [ -78.901086, 39.782178 ], [ -78.902963, 39.781318 ], [ -78.899336, 39.778205 ], [ -78.894791, 39.783688 ], [ -78.903205, 39.789252 ], [ -78.901933, 39.790876 ], [ -78.89775, 39.791638 ], [ -78.895647, 39.793462 ], [ -78.893708, 39.803023 ], [ -78.895453, 39.804064 ], [ -78.901224, 39.798805 ], [ -78.910678, 39.80491 ], [ -78.908903, 39.80645 ], [ -78.913404, 39.810373 ], [ -78.91833, 39.812243 ], [ -78.914122, 39.81599 ], [ -78.920794, 39.820262 ], [ -78.924644, 39.816611 ], [ -78.925889, 39.818379 ], [ -78.927985, 39.818272 ], [ -78.931585, 39.819396 ], [ -78.936352, 39.818666 ], [ -78.937885, 39.819079 ], [ -78.939176, 39.81669 ], [ -78.941877, 39.817714 ], [ -78.940087, 39.819513 ], [ -78.942824, 39.822573 ], [ -78.947544, 39.822541 ], [ -78.949722, 39.818232 ], [ -78.950611, 39.817751 ] ] ] } },
{ "type": "Feature", "properties": { "GEOID": "4253916", "NAME": "New Morgan borough, Pennsylvania", "population": 46.0 }, "geometry": { "type": "Polygon", "coordinates": [ [ [ -75.920117, 40.19273 ], [ -75.919494, 40.187993 ], [ -75.918798, 40.185659 ], [ -75.916336, 40.180576 ], [ -75.912625, 40.175686 ], [ -75.903504, 40.16734 ], [ -75.899295, 40.167453 ], [ -75.898859, 40.164438 ], [ -75.894688, 40.165845 ], [ -75.888322, 40.166554 ], [ -75.888364, 40.168717 ], [ -75.886777, 40.168792 ], [ -75.886615, 40.170251 ], [ -75.884162, 40.170351 ], [ -75.883201, 40.168702 ], [ -75.885658, 40.168601 ], [ -75.883635, 40.166678 ], [ -75.879799, 40.164173 ], [ -75.875683, 40.165416 ], [ -75.874271, 40.16653 ], [ -75.873714, 40.167125 ], [ -75.871901, 40.167741 ], [ -75.872207, 40.169481 ], [ -75.869242, 40.171005 ], [ -75.863577, 40.171049 ], [ -75.865048, 40.171414 ], [ -75.865231, 40.17357 ], [ -75.867784, 40.173833 ], [ -75.868943, 40.173097 ], [ -75.867908, 40.171892 ], [ -75.870289, 40.173897 ], [ -75.87337, 40.172221 ], [ -75.875069, 40.1723 ], [ -75.875359, 40.171951 ], [ -75.875575, 40.173454 ], [ -75.874456, 40.173279 ], [ -75.873767, 40.173878 ], [ -75.873891, 40.175647 ], [ -75.875929, 40.17578 ], [ -75.876693, 40.180802 ], [ -75.877767, 40.180709 ], [ -75.87818, 40.182191 ], [ -75.87639, 40.182377 ], [ -75.876789, 40.181263 ], [ -75.87445, 40.179367 ], [ -75.870473, 40.176773 ], [ -75.869938, 40.177461 ], [ -75.867788, 40.17508 ], [ -75.86516, 40.177948 ], [ -75.864092, 40.17468 ], [ -75.862152, 40.174419 ], [ -75.85893, 40.175598 ], [ -75.858609, 40.174694 ], [ -75.859073, 40.177847 ], [ -75.856685, 40.178467 ], [ -75.856319, 40.177126 ], [ -75.853803, 40.177659 ], [ -75.853419, 40.178547 ], [ -75.855125, 40.18206 ], [ -75.856054, 40.182572 ], [ -75.854409, 40.187507 ], [ -75.85589, 40.188352 ], [ -75.857402, 40.187389 ], [ -75.85859, 40.188516 ], [ -75.85399, 40.191581 ], [ -75.855397, 40.193469 ], [ -75.857802, 40.192679 ], [ -75.858208, 40.193763 ], [ -75.862481, 40.191333 ], [ -75.865287, 40.194929 ], [ -75.863265, 40.196581 ], [ -75.865683, 40.200065 ], [ -75.865177, 40.2016 ], [ -75.868408, 40.199944 ], [ -75.870695, 40.197639 ], [ -75.867183, 40.19314 ], [ -75.874012, 40.190471 ], [ -75.878221, 40.194048 ], [ -75.884027, 40.19167 ], [ -75.883701, 40.190643 ], [ -75.88663, 40.190117 ], [ -75.886668, 40.189349 ], [ -75.890655, 40.189479 ], [ -75.892173, 40.191772 ], [ -75.893894, 40.196354 ], [ -75.896042, 40.198123 ], [ -75.90088, 40.199658 ], [ -75.901523, 40.198833 ], [ -75.906525, 40.200544 ], [ -75.91028, 40.200049 ], [ -75.911002, 40.20356 ], [ -75.907777, 40.203977 ], [ -75.90986, 40.206042 ], [ -75.917737, 40.199874 ], [ -75.918889, 40.20124 ], [ -75.919917, 40.196418 ], [ -75.920117, 40.19273 ] ] ] } },
{ "type": "Feature", "properties": { "GEOID": "4256408", "NAME": "Ohiopyle borough, Pennsylvania", "population": 36.0 }, "geometry": { "type": "Polygon", "coordinates": [ [ [ -79.498643, 39.861746 ], [ -79.494986, 39.861827 ], [ -79.492266, 39.865044 ], [ -79.487396, 39.868445 ], [ -79.487109, 39.871058 ], [ -79.49193, 39.875848 ], [ -79.49373, 39.875802 ], [ -79.498068, 39.874227 ], [ -79.501954, 39.866446 ], [ -79.498643, 39.861746 ] ] ] } },
{ "type": "Feature", "properties": { "GEOID": "4219976", "NAME": "Driftwood borough, Pennsylvania", "population": 35.0 }, "geometry": { "type": "Polygon", "coordinates": [ [ [ -78.154772, 41.33884 ], [ -78.141783, 41.338011 ], [ -78.147296, 41.333923 ], [ -78.138661, 41.330866 ], [ -78.133309, 41.336314 ], [ -78.129746, 41.336132 ], [ -78.128996, 41.337905 ], [ -78.113179, 41.33718 ], [ -78.112388, 41.351566 ], [ -78.124417, 41.352012 ], [ -78.12467, 41.353265 ], [ -78.12795, 41.354836 ], [ -78.134709, 41.358078 ], [ -78.13775, 41.352516 ], [ -78.154054, 41.353177 ], [ -78.154772, 41.33884 ] ] ] } },
{ "type": "Feature", "properties": { "GEOID": "4269336", "NAME": "Seven Springs borough, Pennsylvania", "population": 20.0 }, "geometry": { "type": "Polygon", "coordinates": [ [ [ -79.30548, 40.020575 ], [ -79.303945, 40.020007 ], [ -79.305451, 40.019365 ], [ -79.305411, 40.017558 ], [ -79.303915, 40.016986 ], [ -79.298956, 40.016582 ], [ -79.298335, 40.017751 ], [ -79.293507, 40.017758 ], [ -79.290126, 40.018184 ], [ -79.287915, 40.019853 ], [ -79.285265, 40.02308 ], [ -79.282933, 40.024118 ], [ -79.279622, 40.018158 ], [ -79.27683, 40.02011 ], [ -79.279463, 40.0238 ], [ -79.279521, 40.025454 ], [ -79.275626, 40.02615 ], [ -79.277178, 40.02902 ], [ -79.279465, 40.029429 ], [ -79.283283, 40.028821 ], [ -79.283783, 40.025523 ], [ -79.284022, 40.028296 ], [ -79.284739, 40.024868 ], [ -79.290748, 40.030392 ], [ -79.29357, 40.030223 ], [ -79.299851, 40.032033 ], [ -79.296429, 40.036809 ], [ -79.297256, 40.038935 ], [ -79.300713, 40.037446 ], [ -79.302559, 40.033869 ], [ -79.302654, 40.028656 ], [ -79.305326, 40.025239 ], [ -79.305333, 40.02476 ], [ -79.299573, 40.024184 ], [ -79.29965, 40.02277 ], [ -79.305506, 40.021598 ], [ -79.30548, 40.020575 ] ] ] } },
{ "type": "Feature", "properties": { "GEOID": "4231082", "NAME": "Green Hills borough, Pennsylvania", "population": 17.0 }, "geometry": { "type": "Polygon", "coordinates": [ [ [ -80.317733, 40.116062 ], [ -80.313503, 40.112401 ], [ -80.31185, 40.11238 ], [ -80.30934, 40.108874 ], [ -80.305109, 40.108277 ], [ -80.301723, 40.107296 ], [ -80.301795, 40.110012 ], [ -80.300745, 40.110024 ], [ -80.300728, 40.107302 ], [ -80.293872, 40.108903 ], [ -80.293871, 40.11074 ], [ -80.291164, 40.115953 ], [ -80.304528, 40.118928 ], [ -80.302723, 40.123034 ], [ -80.305899, 40.124678 ], [ -80.309834, 40.127206 ], [ -80.308794, 40.124442 ], [ -80.311282, 40.123137 ], [ -80.312705, 40.121513 ], [ -80.312635, 40.119075 ], [ -80.314326, 40.118062 ], [ -80.318615, 40.118632 ], [ -80.317733, 40.116062 ] ] ] } },
{ "type": "Feature", "properties": { "GEOID": "4271620", "NAME": "S.N.P.J. borough, Pennsylvania", "population": 15.0 }, "geometry": { "type": "Polygon", "coordinates": [ [ [ -80.509478, 40.925737 ], [ -80.507809, 40.924335 ], [ -80.488134, 40.925007 ], [ -80.488293, 40.93028 ], [ -80.48538, 40.930053 ], [ -80.485623, 40.933903 ], [ -80.493439, 40.934271 ], [ -80.493826, 40.937129 ], [ -80.495588, 40.936947 ], [ -80.49794, 40.936688 ], [ -80.497744, 40.932591 ], [ -80.50074, 40.936317 ], [ -80.504083, 40.934664 ], [ -80.50282, 40.932498 ], [ -80.507142, 40.932469 ], [ -80.509807, 40.930049 ], [ -80.509478, 40.925737 ] ] ] } },
{ "type": "Feature", "properties": { "GEOID": "4279644", "NAME": "Valley-Hi borough, Pennsylvania", "population": 5.0 }, "geometry": { "type": "Polygon", "coordinates": [ [ [ -78.19915, 40.021683 ], [ -78.196045, 40.021877 ], [ -78.190964, 40.023964 ], [ -78.188187, 40.025814 ], [ -78.186119, 40.028362 ], [ -78.182968, 40.034161 ], [ -78.18351, 40.037086 ], [ -78.185219, 40.036068 ], [ -78.196617, 40.035698 ], [ -78.196922, 40.033989 ], [ -78.19915, 40.021683 ] ] ] } },
{ "type": "Feature", "properties": { "GEOID": "4212312", "NAME": "Centralia borough, Pennsylvania", "population": 4.0 }, "geometry": { "type": "Polygon", "coordinates": [ [ [ -76.349472, 40.802457 ], [ -76.343411, 40.802985 ], [ -76.343071, 40.80095 ], [ -76.341109, 40.801123 ], [ -76.340184, 40.799227 ], [ -76.338827, 40.799608 ], [ -76.339105, 40.801328 ], [ -76.337792, 40.801435 ], [ -76.337961, 40.802908 ], [ -76.339284, 40.802798 ], [ -76.340095, 40.808525 ], [ -76.341404, 40.808396 ], [ -76.343209, 40.808227 ], [ -76.350222, 40.807557 ], [ -76.349472, 40.802457 ] ] ] } }
]
}
