{
"type": "FeatureCollection",
"name": "places-WA",
"crs": { "type": "name", "properties": { "name": "urn:ogc:def:crs:OGC:1.3:CRS84" } },
"features": [
{ "type": "Feature", "properties": { "GEOID": "5363000", "NAME": "Seattle city, Washington", "population": 784777.0 }, "geometry": { "type": "Polygon", "coordinates": [ [ [ -122.429841, 47.658919 ], [ -122.421367, 47.652949 ], [ -122.420098799999977, 47.6513202 ], [ -122.41784, 47.648419 ], [ -122.418271, 47.644445 ], [ -122.4167857, 47.6425284 ], [ -122.414645, 47.639766 ], [ -122.40424, 47.63392 ], [ -122.3954, 47.630594 ], [ -122.391835, 47.629953 ], [ -122.3896343, 47.6306239 ], [ -122.386039, 47.63172 ], [ -122.383991, 47.631875 ], [ -122.383739, 47.62632 ], [ -122.377939, 47.62652 ], [ -122.370174, 47.625183 ], [ -122.364501, 47.620342 ], [ -122.361579, 47.6185775 ], [ -122.3542099, 47.6141275 ], [ -122.353093, 47.613453 ], [ -122.3513224, 47.6125123 ], [ -122.3463628, 47.6098775 ], [ -122.344937, 47.60912 ], [ -122.343641600000012, 47.6067301 ], [ -122.3423253, 47.6043015 ], [ -122.34117, 47.6021702 ], [ -122.339571, 47.59922 ], [ -122.339513, 47.599113 ], [ -122.342937, 47.59122 ], [ -122.3443357, 47.5908016 ], [ -122.355945, 47.587329 ], [ -122.358559, 47.586207 ], [ -122.362125, 47.583802 ], [ -122.368538, 47.584881 ], [ -122.370167, 47.583087 ], [ -122.375421, 47.585181 ], [ -122.3761273, 47.5858162 ], [ -122.3761981, 47.585879899999981 ], [ -122.381175, 47.590356 ], [ -122.381259199999988, 47.5908891 ], [ -122.381738, 47.59392 ], [ -122.387139, 47.59572 ], [ -122.391366, 47.592328 ], [ -122.401839, 47.58392 ], [ -122.41193029999998, 47.5797894 ], [ -122.421139, 47.57602 ], [ -122.4152925, 47.5723465 ], [ -122.4105786, 47.5693847 ], [ -122.409839, 47.56892 ], [ -122.409781099999989, 47.5675312 ], [ -122.409739, 47.56652 ], [ -122.4051344, 47.5607766 ], [ -122.402364, 47.557321 ], [ -122.398338, 47.55012 ], [ -122.399438, 47.54582 ], [ -122.397895099999985, 47.5399305 ], [ -122.396729, 47.535479 ], [ -122.401104, 47.529908 ], [ -122.3948069, 47.5254369 ], [ -122.393938, 47.52482 ], [ -122.395201499999985, 47.5201544 ], [ -122.39521, 47.520123 ], [ -122.398805, 47.517437 ], [ -122.396538, 47.51522 ], [ -122.393974, 47.509683 ], [ -122.386637, 47.50222 ], [ -122.3824554, 47.5000175 ], [ -122.375652, 47.496434 ], [ -122.3738, 47.500834 ], [ -122.371413, 47.502778 ], [ -122.370561, 47.503866 ], [ -122.370877, 47.508199 ], [ -122.370984, 47.512047 ], [ -122.3714, 47.517424 ], [ -122.36262, 47.517361 ], [ -122.360542, 47.51736 ], [ -122.360495, 47.515528 ], [ -122.358564, 47.515528 ], [ -122.358557, 47.517347 ], [ -122.355167, 47.51738 ], [ -122.345426, 47.517302 ], [ -122.340134, 47.517277 ], [ -122.337521, 47.517257 ], [ -122.33704, 47.513893 ], [ -122.334252, 47.513897 ], [ -122.334357, 47.514523 ], [ -122.331182, 47.515149 ], [ -122.330273, 47.513999 ], [ -122.328184, 47.513994 ], [ -122.327326, 47.513997 ], [ -122.329917, 47.519564 ], [ -122.330906, 47.520902 ], [ -122.325876, 47.52092 ], [ -122.325879, 47.518691 ], [ -122.323154, 47.518686 ], [ -122.318131, 47.518727 ], [ -122.317578, 47.520107 ], [ -122.317656, 47.522222 ], [ -122.309671, 47.522145 ], [ -122.309972, 47.524754 ], [ -122.311887, 47.526583 ], [ -122.314898, 47.527369 ], [ -122.317554, 47.52821 ], [ -122.317576, 47.529436 ], [ -122.318493, 47.529439 ], [ -122.318455, 47.531767 ], [ -122.305172, 47.531678 ], [ -122.300916, 47.529034 ], [ -122.29989, 47.52709 ], [ -122.300302, 47.524663 ], [ -122.300501, 47.524453 ], [ -122.29365, 47.52446 ], [ -122.291372, 47.524462 ], [ -122.291283, 47.519301 ], [ -122.29134, 47.510146 ], [ -122.282967, 47.509953 ], [ -122.278235, 47.509852 ], [ -122.278229, 47.507991 ], [ -122.276241, 47.507231 ], [ -122.275411, 47.509784 ], [ -122.270069, 47.509663 ], [ -122.270157, 47.504896 ], [ -122.270202, 47.502629 ], [ -122.270264, 47.501468 ], [ -122.270887, 47.501613 ], [ -122.270704, 47.500827 ], [ -122.270671, 47.500303 ], [ -122.270327, 47.500303 ], [ -122.270294, 47.496354 ], [ -122.270302, 47.495543 ], [ -122.269276, 47.495531 ], [ -122.268426, 47.495523 ], [ -122.259643, 47.495601 ], [ -122.259529, 47.501306 ], [ -122.259515, 47.502537 ], [ -122.250814, 47.502831 ], [ -122.249635, 47.499343 ], [ -122.249023, 47.499357 ], [ -122.24087, 47.499245 ], [ -122.240836, 47.501466 ], [ -122.240819, 47.502883 ], [ -122.245644, 47.502953 ], [ -122.248843, 47.502995 ], [ -122.248784, 47.506361 ], [ -122.24802, 47.503081 ], [ -122.245635, 47.503056 ], [ -122.246079, 47.507236 ], [ -122.246972, 47.508211 ], [ -122.247146, 47.509734 ], [ -122.237053, 47.509524 ], [ -122.235294, 47.509513 ], [ -122.219822, 47.509801 ], [ -122.235699, 47.517769 ], [ -122.240322, 47.519865 ], [ -122.246099, 47.522571 ], [ -122.249087, 47.524407 ], [ -122.252617, 47.52764 ], [ -122.254699, 47.532185 ], [ -122.254892, 47.535264 ], [ -122.253717, 47.538534 ], [ -122.252158, 47.540468 ], [ -122.246748, 47.544389 ], [ -122.243386, 47.547974 ], [ -122.242137, 47.549925 ], [ -122.240575, 47.554038 ], [ -122.240183, 47.558065 ], [ -122.240388, 47.560026 ], [ -122.241698, 47.563849 ], [ -122.244154, 47.567405 ], [ -122.24578, 47.569033 ], [ -122.25116, 47.572682 ], [ -122.253772, 47.573614 ], [ -122.258604, 47.574925 ], [ -122.261153, 47.576115 ], [ -122.26328, 47.577637 ], [ -122.264851, 47.579372 ], [ -122.266493, 47.583781 ], [ -122.266556, 47.589953 ], [ -122.266327, 47.591805 ], [ -122.265147, 47.601321 ], [ -122.264069, 47.609819 ], [ -122.263651, 47.613115 ], [ -122.262238, 47.624776 ], [ -122.261091, 47.628694 ], [ -122.260051, 47.63699 ], [ -122.2591, 47.642636 ], [ -122.256908, 47.647229 ], [ -122.253351, 47.651413 ], [ -122.25103, 47.653346 ], [ -122.245926, 47.656132 ], [ -122.24199, 47.657767 ], [ -122.240175, 47.658433 ], [ -122.239443, 47.658764 ], [ -122.235832, 47.660633 ], [ -122.231924, 47.663757 ], [ -122.230229, 47.666003 ], [ -122.229681, 47.668681 ], [ -122.229983, 47.677172 ], [ -122.230575, 47.680901 ], [ -122.231443, 47.682572 ], [ -122.233657, 47.684762 ], [ -122.243423, 47.689524 ], [ -122.25105, 47.693615 ], [ -122.255062, 47.696866 ], [ -122.260725, 47.702264 ], [ -122.262323, 47.704308 ], [ -122.265263, 47.708068 ], [ -122.269138, 47.714124 ], [ -122.271223, 47.718857 ], [ -122.271923, 47.720434 ], [ -122.273491, 47.726578 ], [ -122.274368, 47.73349 ], [ -122.274397, 47.733732 ], [ -122.289753, 47.733732 ], [ -122.292435, 47.733751 ], [ -122.29652, 47.733784 ], [ -122.301955, 47.733828 ], [ -122.310048, 47.733919 ], [ -122.31275, 47.73395 ], [ -122.315443, 47.733975 ], [ -122.323589, 47.734052 ], [ -122.324734, 47.734061 ], [ -122.334277, 47.734135 ], [ -122.335926, 47.734134 ], [ -122.336983, 47.734133 ], [ -122.345211, 47.734127 ], [ -122.355572, 47.734129 ], [ -122.360931, 47.734139 ], [ -122.3748802, 47.734164 ], [ -122.37314, 47.729219 ], [ -122.376284, 47.72259 ], [ -122.37644, 47.716519 ], [ -122.379867899999979, 47.7132654 ], [ -122.381139, 47.712059 ], [ -122.38044, 47.709119 ], [ -122.380649499999976, 47.7089352 ], [ -122.385655, 47.704542 ], [ -122.392074699999981, 47.702056299999988 ], [ -122.393248, 47.701602 ], [ -122.3963142, 47.700434 ], [ -122.4031574, 47.697827 ], [ -122.403441, 47.697719 ], [ -122.406241, 47.693019 ], [ -122.403841, 47.689419 ], [ -122.405001700000014, 47.6867203 ], [ -122.407841, 47.680119 ], [ -122.40966, 47.676224 ], [ -122.4092836, 47.672673 ], [ -122.409185, 47.671743 ], [ -122.41584, 47.670622 ], [ -122.42269, 47.666614 ], [ -122.425506, 47.664709 ], [ -122.436941, 47.661719 ], [ -122.429841, 47.658919 ] ] ] } },
{ "type": "Feature", "properties": { "GEOID": "5367000", "NAME": "Spokane city, Washington", "population": 230783.0 }, "geometry": { "type": "Polygon", "coordinates": [ [ [ -117.604061, 47.613868 ], [ -117.580637, 47.613825 ], [ -117.580622, 47.611466 ], [ -117.585902, 47.611462 ], [ -117.585892, 47.605648 ], [ -117.580981, 47.605643 ], [ -117.580986, 47.60192 ], [ -117.578157, 47.601913 ], [ -117.575275, 47.602525 ], [ -117.575259, 47.605553 ], [ -117.572599, 47.60554 ], [ -117.57259, 47.607363 ], [ -117.569848, 47.607339 ], [ -117.569854, 47.609228 ], [ -117.567214, 47.609182 ], [ -117.567191, 47.610957 ], [ -117.564428, 47.610948 ], [ -117.564365, 47.609148 ], [ -117.564421, 47.608376 ], [ -117.561899, 47.608366 ], [ -117.561939, 47.60728 ], [ -117.564429, 47.60729 ], [ -117.564443, 47.604616 ], [ -117.562022, 47.605141 ], [ -117.562142, 47.601842 ], [ -117.554121, 47.601723 ], [ -117.554006, 47.602626 ], [ -117.551329, 47.604849 ], [ -117.54544, 47.608929 ], [ -117.523312, 47.613674 ], [ -117.5151, 47.613818 ], [ -117.51459, 47.614172 ], [ -117.489659, 47.637686 ], [ -117.48119, 47.634527 ], [ -117.478828, 47.635014 ], [ -117.477026, 47.635179 ], [ -117.472103, 47.637433 ], [ -117.473104, 47.635043 ], [ -117.472951, 47.632016 ], [ -117.464763, 47.632066 ], [ -117.464633, 47.631167 ], [ -117.464698, 47.624677 ], [ -117.464694, 47.617534 ], [ -117.464607, 47.613887 ], [ -117.443524, 47.61375 ], [ -117.429916, 47.613729 ], [ -117.430666, 47.612795 ], [ -117.430936, 47.612468 ], [ -117.43128, 47.611883 ], [ -117.434679, 47.604293 ], [ -117.439041, 47.600572 ], [ -117.442925, 47.598634 ], [ -117.446889, 47.594791 ], [ -117.447288, 47.594373 ], [ -117.437426, 47.594358 ], [ -117.437479, 47.590744 ], [ -117.431551, 47.590746 ], [ -117.431591, 47.587207 ], [ -117.431597, 47.5871 ], [ -117.428338, 47.58723 ], [ -117.4282, 47.587276 ], [ -117.422544, 47.587392 ], [ -117.411703, 47.587726 ], [ -117.403336, 47.587687 ], [ -117.403098, 47.587355 ], [ -117.400106, 47.586788 ], [ -117.398419, 47.587679 ], [ -117.396961, 47.589652 ], [ -117.393919, 47.591336 ], [ -117.392814, 47.596379 ], [ -117.38943, 47.597813 ], [ -117.388557, 47.599066 ], [ -117.389971, 47.601773 ], [ -117.389949, 47.602312 ], [ -117.393484, 47.602408 ], [ -117.395269, 47.605948 ], [ -117.389087, 47.605936 ], [ -117.381622, 47.605893 ], [ -117.36836, 47.605868 ], [ -117.368424, 47.604027 ], [ -117.357623, 47.603956 ], [ -117.357676, 47.604181 ], [ -117.357653, 47.606074 ], [ -117.357637, 47.606708 ], [ -117.357638, 47.607684 ], [ -117.355789, 47.607654 ], [ -117.35498, 47.60934 ], [ -117.34656, 47.609307 ], [ -117.346519, 47.612058 ], [ -117.346512, 47.612923 ], [ -117.341462, 47.612846 ], [ -117.341359, 47.616496 ], [ -117.33836, 47.616491 ], [ -117.338497, 47.620816 ], [ -117.340569, 47.62084 ], [ -117.337641, 47.622085 ], [ -117.337641, 47.62444 ], [ -117.340381, 47.624455 ], [ -117.345263, 47.622681 ], [ -117.347092, 47.622794 ], [ -117.347084, 47.623666 ], [ -117.347147, 47.625552 ], [ -117.34704, 47.628165 ], [ -117.347022, 47.631857 ], [ -117.347003, 47.63637 ], [ -117.34699, 47.640444 ], [ -117.346873, 47.642767 ], [ -117.346852, 47.644536 ], [ -117.346985, 47.646469 ], [ -117.346986, 47.649975 ], [ -117.346984, 47.653267 ], [ -117.346984, 47.653967 ], [ -117.34698, 47.657264 ], [ -117.346834, 47.66734 ], [ -117.33608, 47.669412 ], [ -117.325318, 47.671519 ], [ -117.325261, 47.678489 ], [ -117.313309, 47.681754 ], [ -117.312112, 47.685944 ], [ -117.309338, 47.68594 ], [ -117.309345, 47.688717 ], [ -117.303904, 47.688674 ], [ -117.303868, 47.693113 ], [ -117.312231, 47.693209 ], [ -117.31487, 47.693243 ], [ -117.318196, 47.691469 ], [ -117.320011, 47.691494 ], [ -117.320004, 47.689631 ], [ -117.327015, 47.689771 ], [ -117.326964, 47.686919 ], [ -117.3289, 47.686687 ], [ -117.33107, 47.686256 ], [ -117.332472, 47.685598 ], [ -117.334515, 47.682545 ], [ -117.332997, 47.681885 ], [ -117.334451, 47.680431 ], [ -117.341042, 47.676432 ], [ -117.34331, 47.676092 ], [ -117.346698, 47.676373 ], [ -117.346674, 47.683153 ], [ -117.346661, 47.685754 ], [ -117.34534, 47.689866 ], [ -117.341027, 47.689847 ], [ -117.335938, 47.68982 ], [ -117.335937, 47.691644 ], [ -117.333314, 47.691636 ], [ -117.333324, 47.693417 ], [ -117.335125, 47.693423 ], [ -117.335094, 47.700432 ], [ -117.3412, 47.70039 ], [ -117.341285, 47.702189 ], [ -117.344939, 47.702224 ], [ -117.346616, 47.700436 ], [ -117.346635, 47.701775 ], [ -117.346834, 47.710312 ], [ -117.34258, 47.710269 ], [ -117.342584, 47.712078 ], [ -117.34685, 47.712121 ], [ -117.346835, 47.714953 ], [ -117.347208, 47.714917 ], [ -117.357765, 47.71493 ], [ -117.362851, 47.714924 ], [ -117.371719, 47.714923 ], [ -117.371731, 47.716652 ], [ -117.373439, 47.71666 ], [ -117.373451, 47.718474 ], [ -117.378817, 47.718523 ], [ -117.37894, 47.72207 ], [ -117.379182, 47.7294 ], [ -117.379207, 47.73123 ], [ -117.379228, 47.736703 ], [ -117.395344, 47.736791 ], [ -117.395423, 47.744026 ], [ -117.390073, 47.744005 ], [ -117.38993, 47.747515 ], [ -117.395309, 47.747522 ], [ -117.395182, 47.751129 ], [ -117.400428, 47.751142 ], [ -117.405678, 47.745701 ], [ -117.41148, 47.745785 ], [ -117.411521, 47.743937 ], [ -117.411524, 47.740842 ], [ -117.411503, 47.739509 ], [ -117.411458, 47.73662 ], [ -117.411393, 47.729443 ], [ -117.413654, 47.72977 ], [ -117.415014, 47.728582 ], [ -117.415073, 47.725863 ], [ -117.422026, 47.725998 ], [ -117.422017, 47.722394 ], [ -117.412587, 47.722164 ], [ -117.412579, 47.716897 ], [ -117.412555, 47.715093 ], [ -117.416606, 47.715097 ], [ -117.425386, 47.715199 ], [ -117.432345, 47.715412 ], [ -117.432254, 47.72137 ], [ -117.433748, 47.720177 ], [ -117.434345, 47.720512 ], [ -117.433335, 47.722592 ], [ -117.432385, 47.723418 ], [ -117.432434, 47.729114 ], [ -117.432321, 47.729441 ], [ -117.430876, 47.732293 ], [ -117.430787, 47.732587 ], [ -117.430819, 47.733223 ], [ -117.430847, 47.735354 ], [ -117.427252, 47.738274 ], [ -117.427217, 47.740514 ], [ -117.42901, 47.742123 ], [ -117.43221, 47.743004 ], [ -117.429816, 47.742989 ], [ -117.43035, 47.743957 ], [ -117.438928, 47.744177 ], [ -117.438983, 47.740552 ], [ -117.446113, 47.740636 ], [ -117.446241, 47.73701 ], [ -117.453745, 47.737092 ], [ -117.453902, 47.729866 ], [ -117.467727, 47.729914 ], [ -117.469983, 47.729989 ], [ -117.469976, 47.731742 ], [ -117.472658, 47.731752 ], [ -117.4726, 47.737193 ], [ -117.475248, 47.737791 ], [ -117.475161, 47.74226 ], [ -117.47249, 47.742247 ], [ -117.472439, 47.74446 ], [ -117.472397, 47.747099 ], [ -117.472357, 47.749425 ], [ -117.475025, 47.749427 ], [ -117.474872, 47.758289 ], [ -117.474863, 47.758794 ], [ -117.495797, 47.7587 ], [ -117.50731, 47.758702 ], [ -117.517766, 47.758705 ], [ -117.521323, 47.758683 ], [ -117.5194, 47.757703 ], [ -117.508636, 47.749152 ], [ -117.507518, 47.747167 ], [ -117.507493, 47.741003 ], [ -117.503965, 47.741015 ], [ -117.503772, 47.740407 ], [ -117.50357, 47.738443 ], [ -117.503099, 47.737196 ], [ -117.502163, 47.733604 ], [ -117.4993, 47.733608 ], [ -117.496822, 47.731636 ], [ -117.496857, 47.730001 ], [ -117.510718, 47.72996 ], [ -117.513507, 47.727343 ], [ -117.514516, 47.72384 ], [ -117.513805, 47.722057 ], [ -117.512475, 47.721175 ], [ -117.50969, 47.720533 ], [ -117.501805, 47.720917 ], [ -117.498882, 47.719129 ], [ -117.499318, 47.71695 ], [ -117.501287, 47.713785 ], [ -117.49997, 47.707105 ], [ -117.494606, 47.704345 ], [ -117.492142, 47.701384 ], [ -117.492305, 47.700788 ], [ -117.496774, 47.698268 ], [ -117.497558, 47.697184 ], [ -117.496882, 47.694315 ], [ -117.49632, 47.69409 ], [ -117.49451, 47.693359 ], [ -117.492431, 47.693457 ], [ -117.488838, 47.694923 ], [ -117.48251, 47.696685 ], [ -117.480621, 47.696749 ], [ -117.478539, 47.696796 ], [ -117.471311, 47.693341 ], [ -117.469508, 47.692908 ], [ -117.46696, 47.690923 ], [ -117.466843, 47.689847 ], [ -117.469438, 47.688053 ], [ -117.476375, 47.687093 ], [ -117.476993, 47.685373 ], [ -117.474911, 47.681886 ], [ -117.474841, 47.679652 ], [ -117.478328, 47.680863 ], [ -117.480359, 47.680424 ], [ -117.476442, 47.673088 ], [ -117.474157, 47.670342 ], [ -117.469778, 47.667178 ], [ -117.469103, 47.66585 ], [ -117.464342, 47.665895 ], [ -117.464343, 47.657024 ], [ -117.464541, 47.653751 ], [ -117.469808, 47.655036 ], [ -117.470903, 47.655443 ], [ -117.472102, 47.654611 ], [ -117.478596, 47.653174 ], [ -117.479132, 47.652899 ], [ -117.480901, 47.649531 ], [ -117.47865, 47.649427 ], [ -117.475713, 47.646959 ], [ -117.475518, 47.646452 ], [ -117.475634, 47.642913 ], [ -117.484752, 47.643139 ], [ -117.486126, 47.644774 ], [ -117.492334, 47.644751 ], [ -117.492312, 47.645844 ], [ -117.496715, 47.645827 ], [ -117.496807, 47.645692 ], [ -117.498833, 47.644696 ], [ -117.506229, 47.644817 ], [ -117.50762, 47.645871 ], [ -117.510263, 47.645901 ], [ -117.510262, 47.64662 ], [ -117.539698, 47.646839 ], [ -117.550275, 47.646632 ], [ -117.550214, 47.643075 ], [ -117.550789, 47.641726 ], [ -117.550763, 47.637713 ], [ -117.555725, 47.637504 ], [ -117.555745, 47.635672 ], [ -117.55043, 47.635733 ], [ -117.550449, 47.633915 ], [ -117.55675, 47.631684 ], [ -117.556748, 47.630624 ], [ -117.560916, 47.630028 ], [ -117.560919, 47.628357 ], [ -117.571684, 47.628352 ], [ -117.571689, 47.627454 ], [ -117.576358, 47.626527 ], [ -117.58245, 47.626501 ], [ -117.582409, 47.624702 ], [ -117.593255, 47.624714 ], [ -117.593234, 47.628359 ], [ -117.604031, 47.628339 ], [ -117.604061, 47.613868 ] ] ] } },
{ "type": "Feature", "properties": { "GEOID": "5370000", "NAME": "Tacoma city, Washington", "population": 229816.0 }, "geometry": { "type": "MultiPolygon", "coordinates": [ [ [ [ -122.513726, 47.226466 ], [ -122.51324, 47.22647 ], [ -122.513222, 47.225562 ], [ -122.511986, 47.225444 ], [ -122.511966, 47.224661 ], [ -122.507609, 47.22469 ], [ -122.506414, 47.224697 ], [ -122.506443, 47.226519 ], [ -122.507672, 47.226512 ], [ -122.507684, 47.227254 ], [ -122.509535, 47.227244 ], [ -122.509547, 47.228257 ], [ -122.513904, 47.228276 ], [ -122.513726, 47.226466 ] ] ], [ [ [ -122.561547, 47.236338 ], [ -122.558347, 47.236432 ], [ -122.557417, 47.235581 ], [ -122.555082, 47.235308 ], [ -122.552358, 47.235273 ], [ -122.552998, 47.240288 ], [ -122.550961, 47.240243 ], [ -122.551508, 47.242676 ], [ -122.548999, 47.242685 ], [ -122.549011, 47.240198 ], [ -122.546407, 47.240293 ], [ -122.546927, 47.240734 ], [ -122.546931, 47.242678 ], [ -122.54502, 47.242678 ], [ -122.541576, 47.242681 ], [ -122.541851, 47.241276 ], [ -122.539803, 47.241278 ], [ -122.539766, 47.242123 ], [ -122.537058, 47.242114 ], [ -122.537057, 47.242681 ], [ -122.535729, 47.242685 ], [ -122.535687, 47.242309 ], [ -122.534245, 47.2423 ], [ -122.534266, 47.242691 ], [ -122.52637, 47.242709 ], [ -122.505269, 47.242901 ], [ -122.505028, 47.239712 ], [ -122.505107, 47.232 ], [ -122.50515, 47.228418 ], [ -122.505152, 47.22107 ], [ -122.505204, 47.217436 ], [ -122.50524, 47.213799 ], [ -122.505257, 47.209441 ], [ -122.505304, 47.206893 ], [ -122.505385, 47.206514 ], [ -122.505618, 47.205819 ], [ -122.508308, 47.202726 ], [ -122.506171, 47.202747 ], [ -122.505235, 47.201833 ], [ -122.505229, 47.199276 ], [ -122.5052, 47.197477 ], [ -122.505233, 47.194336 ], [ -122.508669, 47.194352 ], [ -122.508671, 47.199245 ], [ -122.513249, 47.199206 ], [ -122.521274, 47.199166 ], [ -122.522842, 47.198239 ], [ -122.521849, 47.197252 ], [ -122.521152, 47.195521 ], [ -122.51593, 47.195599 ], [ -122.514732, 47.19197 ], [ -122.508772, 47.192006 ], [ -122.508779, 47.19057 ], [ -122.505077, 47.190536 ], [ -122.504994, 47.18546 ], [ -122.504982, 47.184697 ], [ -122.497524, 47.184709 ], [ -122.487161, 47.184714 ], [ -122.483674, 47.184748 ], [ -122.473894, 47.18479 ], [ -122.464516, 47.184684 ], [ -122.463794, 47.184692 ], [ -122.463183, 47.184666 ], [ -122.463232, 47.182851 ], [ -122.463209, 47.181047 ], [ -122.463202, 47.180766 ], [ -122.464525, 47.180775 ], [ -122.464893, 47.179441 ], [ -122.463816, 47.179446 ], [ -122.463172, 47.179374 ], [ -122.463169, 47.179203 ], [ -122.46469, 47.179035 ], [ -122.465671, 47.177424 ], [ -122.466564, 47.175607 ], [ -122.468413, 47.17371 ], [ -122.468392, 47.17019 ], [ -122.465649, 47.170179 ], [ -122.465819, 47.169607 ], [ -122.465938, 47.166808 ], [ -122.464195, 47.166835 ], [ -122.464057, 47.170172 ], [ -122.46308, 47.170177 ], [ -122.455212, 47.17019 ], [ -122.452576, 47.170181 ], [ -122.441987, 47.170095 ], [ -122.43713, 47.170069 ], [ -122.435417, 47.17006 ], [ -122.43568, 47.166983 ], [ -122.432817, 47.167149 ], [ -122.431458, 47.167157 ], [ -122.431452, 47.167826 ], [ -122.434113, 47.167844 ], [ -122.434079, 47.170051 ], [ -122.43142, 47.170033 ], [ -122.426226, 47.170045 ], [ -122.424882, 47.170087 ], [ -122.420966, 47.170098 ], [ -122.42095, 47.173442 ], [ -122.420422, 47.173446 ], [ -122.420412, 47.17442 ], [ -122.420349, 47.17521 ], [ -122.420941, 47.17521 ], [ -122.420955, 47.179987 ], [ -122.420981, 47.180889 ], [ -122.42096, 47.1918 ], [ -122.419101, 47.191746 ], [ -122.413583, 47.191746 ], [ -122.411135, 47.191735 ], [ -122.411145, 47.190025 ], [ -122.410458, 47.190015 ], [ -122.410461, 47.189567 ], [ -122.407743, 47.189578 ], [ -122.407734, 47.191738 ], [ -122.402476, 47.191741 ], [ -122.399853, 47.191741 ], [ -122.396256, 47.191753 ], [ -122.394596, 47.191755 ], [ -122.394452, 47.191755 ], [ -122.394428, 47.194934 ], [ -122.394425, 47.195332 ], [ -122.394418, 47.199519 ], [ -122.394487, 47.210948 ], [ -122.394478, 47.214883 ], [ -122.39431, 47.223055 ], [ -122.394301, 47.230368 ], [ -122.394271, 47.237361 ], [ -122.39427, 47.237748 ], [ -122.397369, 47.23976 ], [ -122.399634, 47.240445 ], [ -122.399631, 47.240991 ], [ -122.399603, 47.243562 ], [ -122.399574, 47.244849 ], [ -122.396911, 47.244606 ], [ -122.396904, 47.245019 ], [ -122.39424, 47.244595 ], [ -122.385639, 47.244552 ], [ -122.385601, 47.246959 ], [ -122.380808, 47.246964 ], [ -122.377621, 47.245845 ], [ -122.377628, 47.245367 ], [ -122.372983, 47.245323 ], [ -122.373032, 47.246338 ], [ -122.359456, 47.246271 ], [ -122.359401, 47.253655 ], [ -122.360687, 47.253654 ], [ -122.360668, 47.254512 ], [ -122.357603, 47.255705 ], [ -122.358919, 47.256486 ], [ -122.356661, 47.256477 ], [ -122.356631, 47.25744 ], [ -122.355941, 47.257433 ], [ -122.352897, 47.257413 ], [ -122.35283, 47.257411 ], [ -122.350252, 47.257393 ], [ -122.348424, 47.257379 ], [ -122.349651, 47.25832 ], [ -122.350333, 47.262198 ], [ -122.353757, 47.261069 ], [ -122.355981, 47.261084 ], [ -122.355823, 47.268099 ], [ -122.353258, 47.268153 ], [ -122.353201, 47.26992 ], [ -122.350513, 47.269949 ], [ -122.351511, 47.271658 ], [ -122.355718, 47.271675 ], [ -122.355733, 47.273489 ], [ -122.355684, 47.277466 ], [ -122.357939, 47.279023 ], [ -122.358356, 47.279417 ], [ -122.363263, 47.282759 ], [ -122.367353, 47.285594 ], [ -122.36858, 47.286444 ], [ -122.376361, 47.291799 ], [ -122.376802, 47.292158 ], [ -122.381548, 47.295342 ], [ -122.381784, 47.295502 ], [ -122.384665, 47.297508 ], [ -122.385299, 47.297751 ], [ -122.389567, 47.300597 ], [ -122.391285, 47.30202 ], [ -122.391291, 47.302395 ], [ -122.395068, 47.304762 ], [ -122.39789, 47.304704 ], [ -122.409134, 47.304727 ], [ -122.409008, 47.30703 ], [ -122.408988, 47.31213 ], [ -122.414371, 47.312102 ], [ -122.414415, 47.315639 ], [ -122.416676, 47.315666 ], [ -122.418409, 47.313874 ], [ -122.418418, 47.312062 ], [ -122.421909, 47.312016 ], [ -122.425057, 47.312084 ], [ -122.425021, 47.31443 ], [ -122.427682, 47.315266 ], [ -122.427673, 47.312051 ], [ -122.429982, 47.31206 ], [ -122.431273, 47.31127 ], [ -122.432415, 47.30791 ], [ -122.4307, 47.306116 ], [ -122.430617, 47.301824 ], [ -122.434555, 47.302014 ], [ -122.431851, 47.301137 ], [ -122.432769, 47.298145 ], [ -122.432574, 47.297992 ], [ -122.4326187, 47.2970653 ], [ -122.432478, 47.297014 ], [ -122.424235, 47.297521 ], [ -122.413735, 47.293921 ], [ -122.409213099999988, 47.2885727 ], [ -122.409199, 47.288556 ], [ -122.4107008, 47.2874067 ], [ -122.413825, 47.285016 ], [ -122.4118, 47.282505 ], [ -122.418455, 47.275893 ], [ -122.421307, 47.270249 ], [ -122.42606, 47.27041 ], [ -122.429626, 47.268475 ], [ -122.433191, 47.263475 ], [ -122.436756, 47.261862 ], [ -122.440321, 47.262023 ], [ -122.4442, 47.266723 ], [ -122.453132, 47.272399 ], [ -122.461076, 47.275447 ], [ -122.4646275, 47.2760763 ], [ -122.471652, 47.277321 ], [ -122.477322, 47.2809345 ], [ -122.479788, 47.282506 ], [ -122.486669, 47.285729 ], [ -122.490199, 47.28914 ], [ -122.4989236, 47.2946981 ], [ -122.499275, 47.294922 ], [ -122.499273, 47.296552 ], [ -122.5057075, 47.3017723 ], [ -122.505168, 47.294356 ], [ -122.515708, 47.294429 ], [ -122.515689, 47.294866 ], [ -122.51564, 47.301782 ], [ -122.510351, 47.301708 ], [ -122.509305, 47.301771 ], [ -122.506952500000011, 47.3027823 ], [ -122.507026, 47.302842 ], [ -122.507822, 47.305557 ], [ -122.512383, 47.307534 ], [ -122.514974, 47.306054 ], [ -122.519733, 47.307955 ], [ -122.533338, 47.31662 ], [ -122.541335, 47.318932 ], [ -122.547408, 47.317734 ], [ -122.547747, 47.316403 ], [ -122.542048, 47.310714 ], [ -122.536819, 47.304428 ], [ -122.528868, 47.293113 ], [ -122.528738, 47.290888 ], [ -122.5287773, 47.2905748 ], [ -122.529689, 47.283311 ], [ -122.533016, 47.276377 ], [ -122.5341541, 47.2751543 ], [ -122.544425, 47.26412 ], [ -122.5446933, 47.2637834 ], [ -122.552268, 47.25428 ], [ -122.553457, 47.25186 ], [ -122.552981, 47.24944 ], [ -122.552268, 47.248311 ], [ -122.556309, 47.244439 ], [ -122.560050499999988, 47.2449465 ], [ -122.560034, 47.242688 ], [ -122.553669, 47.242707 ], [ -122.552206, 47.2427 ], [ -122.552212, 47.241544 ], [ -122.554073, 47.240312 ], [ -122.557713, 47.240392 ], [ -122.559601, 47.238788 ], [ -122.559964, 47.237886 ], [ -122.561403, 47.236492 ], [ -122.561547, 47.236338 ] ] ] ] } },
{ "type": "Feature", "properties": { "GEOID": "5374060", "NAME": "Vancouver city, Washington", "population": 199698.0 }, "geometry": { "type": "MultiPolygon", "coordinates": [ [ [ [ -122.575903, 45.685691 ], [ -122.567672, 45.685642 ], [ -122.567663, 45.686938 ], [ -122.571341, 45.68694 ], [ -122.57132, 45.687967 ], [ -122.575881, 45.687959 ], [ -122.575897, 45.685951 ], [ -122.575903, 45.685691 ] ] ], [ [ [ -122.774511, 45.680437 ], [ -122.76381, 45.657138 ], [ -122.7624141, 45.6564319 ], [ -122.7435402, 45.6468852 ], [ -122.738109, 45.644138 ], [ -122.713309, 45.637438 ], [ -122.6913816, 45.6249517 ], [ -122.6911851, 45.6248398 ], [ -122.691008, 45.624739 ], [ -122.67532749999998, 45.6181728 ], [ -122.6750938, 45.6180749 ], [ -122.675008, 45.618039 ], [ -122.643907, 45.609739 ], [ -122.6349629, 45.6092842 ], [ -122.6077182, 45.6078989 ], [ -122.602606, 45.607639 ], [ -122.5889178, 45.6052507 ], [ -122.5860056, 45.6047425 ], [ -122.582326, 45.6041005 ], [ -122.581406, 45.60394 ], [ -122.551279, 45.597443 ], [ -122.5502117, 45.5972128 ], [ -122.5499553, 45.5971575 ], [ -122.549438900000013, 45.5970462 ], [ -122.548149, 45.596768 ], [ -122.545981399999988, 45.596136199999989 ], [ -122.523668, 45.589632 ], [ -122.5053531, 45.5859287 ], [ -122.496019, 45.5840413 ], [ -122.492259, 45.583281 ], [ -122.479315, 45.579761 ], [ -122.475778100000014, 45.578655 ], [ -122.474659, 45.578305 ], [ -122.4718833, 45.5768359 ], [ -122.471156, 45.579966 ], [ -122.470646, 45.582118 ], [ -122.470686, 45.583642 ], [ -122.467922, 45.584542 ], [ -122.466487, 45.588546 ], [ -122.466338, 45.59055 ], [ -122.475013, 45.590861 ], [ -122.475377, 45.592263 ], [ -122.47103, 45.592402 ], [ -122.470995, 45.596729 ], [ -122.470692, 45.603204 ], [ -122.474274, 45.603188 ], [ -122.473048, 45.606785 ], [ -122.47081, 45.609567 ], [ -122.467945, 45.612913 ], [ -122.466157, 45.614002 ], [ -122.465925, 45.614001 ], [ -122.464508, 45.613999 ], [ -122.464525, 45.621365 ], [ -122.465608, 45.621372 ], [ -122.465651, 45.626833 ], [ -122.470776, 45.626808 ], [ -122.470789, 45.624991 ], [ -122.475933, 45.624949 ], [ -122.475901, 45.632233 ], [ -122.47588, 45.635472 ], [ -122.476365, 45.635866 ], [ -122.481091, 45.635825 ], [ -122.495709, 45.635708 ], [ -122.495658, 45.6271 ], [ -122.491515, 45.627243 ], [ -122.491456, 45.621234 ], [ -122.495588, 45.621189 ], [ -122.50134, 45.621172 ], [ -122.504267, 45.621182 ], [ -122.504425, 45.623617 ], [ -122.505958, 45.62651 ], [ -122.50608, 45.632082 ], [ -122.503056, 45.632084 ], [ -122.503112, 45.635671 ], [ -122.503853, 45.635667 ], [ -122.503375, 45.638379 ], [ -122.504614, 45.639332 ], [ -122.50609, 45.639437 ], [ -122.506055, 45.642922 ], [ -122.506016, 45.65033 ], [ -122.503849, 45.65031 ], [ -122.503677, 45.652752 ], [ -122.506018, 45.652806 ], [ -122.506003, 45.655134 ], [ -122.505981, 45.660602 ], [ -122.505945, 45.664898 ], [ -122.497586, 45.664787 ], [ -122.497582, 45.668415 ], [ -122.495609, 45.668666 ], [ -122.494595, 45.669431 ], [ -122.495601, 45.672049 ], [ -122.49552, 45.67931 ], [ -122.501872, 45.679339 ], [ -122.50193, 45.672127 ], [ -122.505922, 45.672162 ], [ -122.509547, 45.672173 ], [ -122.509537, 45.672737 ], [ -122.511102, 45.672744 ], [ -122.511095, 45.675742 ], [ -122.516276, 45.675731 ], [ -122.51629, 45.672145 ], [ -122.518923, 45.672091 ], [ -122.521322, 45.672264 ], [ -122.522578, 45.672495 ], [ -122.527635, 45.672553 ], [ -122.528887, 45.674274 ], [ -122.531622, 45.674271 ], [ -122.532622, 45.672264 ], [ -122.537931, 45.670942 ], [ -122.545589, 45.669029 ], [ -122.545559, 45.670537 ], [ -122.546968, 45.670549 ], [ -122.547099, 45.669595 ], [ -122.54886, 45.669615 ], [ -122.548809, 45.66823 ], [ -122.552507, 45.66731 ], [ -122.552563, 45.66873 ], [ -122.556633, 45.667731 ], [ -122.556295, 45.666359 ], [ -122.557354, 45.666101 ], [ -122.557526, 45.666518 ], [ -122.558724, 45.666233 ], [ -122.558728, 45.66722 ], [ -122.55956, 45.667022 ], [ -122.559557, 45.666097 ], [ -122.560323, 45.666097 ], [ -122.560312, 45.665347 ], [ -122.561375, 45.664944 ], [ -122.561647, 45.665319 ], [ -122.561921, 45.664724 ], [ -122.566332, 45.662875 ], [ -122.566203, 45.662431 ], [ -122.566213, 45.661444 ], [ -122.565638, 45.66144 ], [ -122.565633, 45.660797 ], [ -122.566223, 45.660614 ], [ -122.567658, 45.660617 ], [ -122.568378, 45.661086 ], [ -122.568467, 45.661841 ], [ -122.570519, 45.660926 ], [ -122.572589, 45.659779 ], [ -122.576797, 45.664298 ], [ -122.579639, 45.66804 ], [ -122.586056, 45.678796 ], [ -122.590747, 45.682504 ], [ -122.592855, 45.685047 ], [ -122.594204, 45.684808 ], [ -122.595089, 45.68458 ], [ -122.596078, 45.684769 ], [ -122.598318, 45.686013 ], [ -122.600486, 45.687522 ], [ -122.601586, 45.688332 ], [ -122.604852, 45.691676 ], [ -122.606883, 45.692989 ], [ -122.607745, 45.692506 ], [ -122.611011, 45.689675 ], [ -122.617162, 45.689646 ], [ -122.617165, 45.690424 ], [ -122.617892, 45.690427 ], [ -122.617899, 45.689643 ], [ -122.617895, 45.686022 ], [ -122.615522, 45.686033 ], [ -122.61934, 45.682364 ], [ -122.604981, 45.682444 ], [ -122.605414, 45.680395 ], [ -122.603142, 45.680408 ], [ -122.603141, 45.678826 ], [ -122.603427, 45.678825 ], [ -122.602504, 45.677013 ], [ -122.60322, 45.673418 ], [ -122.603148, 45.670496 ], [ -122.602194, 45.667947 ], [ -122.602189, 45.664304 ], [ -122.602123, 45.659024 ], [ -122.604568, 45.659008 ], [ -122.604642, 45.656034 ], [ -122.604607, 45.650725 ], [ -122.606448, 45.648435 ], [ -122.611419, 45.647989 ], [ -122.616828, 45.647985 ], [ -122.61683, 45.649261 ], [ -122.618607, 45.647963 ], [ -122.628699, 45.647098 ], [ -122.636061, 45.646189 ], [ -122.639569, 45.646335 ], [ -122.641967, 45.646819 ], [ -122.637293, 45.650633 ], [ -122.63602, 45.653293 ], [ -122.634574, 45.653296 ], [ -122.634968, 45.655481 ], [ -122.636, 45.655476 ], [ -122.635995, 45.656843 ], [ -122.636011, 45.659638 ], [ -122.635165, 45.659614 ], [ -122.635493, 45.661352 ], [ -122.636359, 45.661583 ], [ -122.636466, 45.666844 ], [ -122.636521, 45.669495 ], [ -122.635442, 45.669471 ], [ -122.635457, 45.670075 ], [ -122.636544, 45.670095 ], [ -122.636501, 45.671618 ], [ -122.636234, 45.672145 ], [ -122.6408, 45.671702 ], [ -122.641606, 45.671482 ], [ -122.642007, 45.669683 ], [ -122.642982, 45.668548 ], [ -122.647033, 45.667684 ], [ -122.647049, 45.665868 ], [ -122.651609, 45.664374 ], [ -122.651519, 45.66496 ], [ -122.656655, 45.664963 ], [ -122.65664, 45.666269 ], [ -122.660034, 45.666366 ], [ -122.660453, 45.665918 ], [ -122.661908, 45.66593 ], [ -122.661914, 45.66523 ], [ -122.663288, 45.66529 ], [ -122.66337, 45.663621 ], [ -122.667055, 45.664206 ], [ -122.667849, 45.664323 ], [ -122.666028, 45.65803 ], [ -122.670118, 45.658811 ], [ -122.668278, 45.656826 ], [ -122.668333, 45.654509 ], [ -122.671999, 45.654531 ], [ -122.672094, 45.655134 ], [ -122.67221, 45.65551 ], [ -122.673408, 45.655479 ], [ -122.673567, 45.655807 ], [ -122.673567, 45.65784 ], [ -122.673168, 45.657837 ], [ -122.673183, 45.660347 ], [ -122.672226, 45.660964 ], [ -122.673467, 45.662149 ], [ -122.673429, 45.667308 ], [ -122.677638, 45.670047 ], [ -122.683159, 45.672546 ], [ -122.686931, 45.674861 ], [ -122.687005, 45.678012 ], [ -122.688415, 45.678671 ], [ -122.690221, 45.67867 ], [ -122.691263, 45.678558 ], [ -122.692129, 45.678356 ], [ -122.692079, 45.678226 ], [ -122.692761, 45.678199 ], [ -122.691789, 45.67248 ], [ -122.699635, 45.670658 ], [ -122.69827, 45.662801 ], [ -122.699594, 45.662501 ], [ -122.700978, 45.664617 ], [ -122.699752, 45.66906 ], [ -122.702379, 45.668425 ], [ -122.709721, 45.665422 ], [ -122.713351, 45.664591 ], [ -122.713501, 45.663171 ], [ -122.708216, 45.664271 ], [ -122.705253, 45.665821 ], [ -122.703662, 45.665802 ], [ -122.702873, 45.665344 ], [ -122.702699, 45.663058 ], [ -122.70024, 45.66045 ], [ -122.700708, 45.659404 ], [ -122.701134, 45.660612 ], [ -122.702759, 45.660934 ], [ -122.703619, 45.664603 ], [ -122.706892, 45.663284 ], [ -122.708622, 45.660623 ], [ -122.707387, 45.657299 ], [ -122.705639, 45.654912 ], [ -122.707038, 45.654987 ], [ -122.710145, 45.65874 ], [ -122.710083, 45.656169 ], [ -122.708878, 45.655293 ], [ -122.721906, 45.65537 ], [ -122.720948, 45.650376 ], [ -122.725135, 45.65219 ], [ -122.728583, 45.654314 ], [ -122.733511, 45.657885 ], [ -122.730265, 45.658811 ], [ -122.729076, 45.659945 ], [ -122.726303, 45.65969 ], [ -122.727523, 45.661431 ], [ -122.731343, 45.661493 ], [ -122.731911, 45.663252 ], [ -122.732887, 45.663254 ], [ -122.732314, 45.660273 ], [ -122.732761, 45.659318 ], [ -122.734626, 45.659609 ], [ -122.736998, 45.661466 ], [ -122.737238, 45.662983 ], [ -122.740844, 45.665791 ], [ -122.743148, 45.66956 ], [ -122.742051, 45.676819 ], [ -122.740106, 45.681164 ], [ -122.738529, 45.682521 ], [ -122.738392, 45.685136 ], [ -122.736731, 45.68742 ], [ -122.72865, 45.695435 ], [ -122.733142, 45.695423 ], [ -122.735279, 45.693503 ], [ -122.735646, 45.691751 ], [ -122.739227, 45.688153 ], [ -122.741019, 45.68717 ], [ -122.745104, 45.682929 ], [ -122.747496, 45.678221 ], [ -122.749755, 45.676978 ], [ -122.749488, 45.680734 ], [ -122.748806, 45.683601 ], [ -122.749818, 45.68335 ], [ -122.75565, 45.684847 ], [ -122.753738, 45.679216 ], [ -122.761276, 45.681182 ], [ -122.761323, 45.688886 ], [ -122.762036, 45.693671 ], [ -122.761668, 45.695006 ], [ -122.7726812, 45.698003 ], [ -122.774511, 45.680437 ] ] ] ] } },
{ "type": "Feature", "properties": { "GEOID": "5305210", "NAME": "Bellevue city, Washington", "population": 154193.0 }, "geometry": { "type": "Polygon", "coordinates": [ [ [ -122.222799, 47.619886 ], [ -122.221791, 47.619222 ], [ -122.222723, 47.617158 ], [ -122.221149, 47.61704 ], [ -122.220015, 47.616509 ], [ -122.220234, 47.610121 ], [ -122.220419, 47.597838 ], [ -122.220434, 47.596821 ], [ -122.215804, 47.589042 ], [ -122.214734, 47.587021 ], [ -122.196555, 47.58674 ], [ -122.196545, 47.583778 ], [ -122.199495, 47.58375 ], [ -122.204468, 47.58382 ], [ -122.205893, 47.583413 ], [ -122.209515, 47.583124 ], [ -122.201384, 47.578777 ], [ -122.200335, 47.578222 ], [ -122.199007, 47.575921 ], [ -122.199091, 47.574044 ], [ -122.199306, 47.567079 ], [ -122.199333, 47.566221 ], [ -122.201133, 47.557721 ], [ -122.201604, 47.549436 ], [ -122.201999, 47.546088 ], [ -122.195624, 47.546091 ], [ -122.194812, 47.545713 ], [ -122.190898, 47.545799 ], [ -122.190922, 47.54242 ], [ -122.185612, 47.542055 ], [ -122.18163, 47.54119 ], [ -122.175041, 47.540969 ], [ -122.170843, 47.540756 ], [ -122.169869, 47.540096 ], [ -122.169766, 47.540096 ], [ -122.16556, 47.540015 ], [ -122.164366, 47.542917 ], [ -122.164354, 47.543892 ], [ -122.16432, 47.545478 ], [ -122.159957, 47.545429 ], [ -122.153559, 47.54537 ], [ -122.153569, 47.544563 ], [ -122.153596, 47.541755 ], [ -122.142754, 47.541677 ], [ -122.14283, 47.539335 ], [ -122.136822, 47.53834 ], [ -122.132222, 47.535985 ], [ -122.131004, 47.535111 ], [ -122.130038, 47.535032 ], [ -122.12883, 47.535655 ], [ -122.126915, 47.53513 ], [ -122.123775, 47.537151 ], [ -122.116747, 47.537948 ], [ -122.115252, 47.536135 ], [ -122.111101, 47.536055 ], [ -122.111002, 47.539541 ], [ -122.108789, 47.540555 ], [ -122.11003, 47.540542 ], [ -122.109986, 47.542642 ], [ -122.111848, 47.542978 ], [ -122.111817, 47.544258 ], [ -122.111397, 47.543803 ], [ -122.109339, 47.543787 ], [ -122.109316, 47.544614 ], [ -122.108062, 47.544656 ], [ -122.107131, 47.545406 ], [ -122.1071, 47.544694 ], [ -122.105451, 47.544754 ], [ -122.105453, 47.54499 ], [ -122.100524, 47.544933 ], [ -122.10047, 47.548492 ], [ -122.100411, 47.551035 ], [ -122.100374, 47.559014 ], [ -122.100194, 47.559225 ], [ -122.097971, 47.559228 ], [ -122.098697, 47.560582 ], [ -122.098181, 47.562475 ], [ -122.099076, 47.564812 ], [ -122.099091, 47.564911 ], [ -122.100071, 47.568389 ], [ -122.099435, 47.569897 ], [ -122.097823, 47.569831 ], [ -122.097756, 47.572319 ], [ -122.096725, 47.58019 ], [ -122.097336, 47.581083 ], [ -122.098464, 47.584703 ], [ -122.098471, 47.591933 ], [ -122.096531, 47.602307 ], [ -122.095724, 47.604635 ], [ -122.093758, 47.607749 ], [ -122.092425, 47.609186 ], [ -122.089695, 47.611344 ], [ -122.086465, 47.613517 ], [ -122.081966, 47.61748 ], [ -122.080912, 47.618523 ], [ -122.07973, 47.621057 ], [ -122.079311, 47.623034 ], [ -122.079301, 47.627536 ], [ -122.086926, 47.627533 ], [ -122.088189, 47.627531 ], [ -122.092219, 47.627183 ], [ -122.092554, 47.62753 ], [ -122.10862, 47.627637 ], [ -122.110937, 47.627634 ], [ -122.110863, 47.63124 ], [ -122.110907, 47.636724 ], [ -122.1109, 47.640649 ], [ -122.110902, 47.646088 ], [ -122.114278, 47.64608 ], [ -122.114383, 47.645283 ], [ -122.123135, 47.638068 ], [ -122.124918, 47.637029 ], [ -122.128028, 47.635194 ], [ -122.129496, 47.635103 ], [ -122.132349, 47.635137 ], [ -122.132354, 47.632695 ], [ -122.134041, 47.631583 ], [ -122.135179, 47.62891 ], [ -122.137275, 47.627873 ], [ -122.142391, 47.627864 ], [ -122.143106, 47.627161 ], [ -122.143041, 47.631491 ], [ -122.14308, 47.638619 ], [ -122.143073, 47.641468 ], [ -122.143049, 47.645036 ], [ -122.143048, 47.645951 ], [ -122.143175, 47.648705 ], [ -122.143403, 47.653459 ], [ -122.143341, 47.655061 ], [ -122.14335, 47.660643 ], [ -122.153403, 47.660559 ], [ -122.15875, 47.660644 ], [ -122.164068, 47.66078 ], [ -122.164307, 47.653376 ], [ -122.164495, 47.646622 ], [ -122.16449, 47.646178 ], [ -122.172286, 47.646313 ], [ -122.175044, 47.646374 ], [ -122.180272, 47.646371 ], [ -122.187164, 47.646426 ], [ -122.195251, 47.646432 ], [ -122.196291, 47.645426 ], [ -122.19628, 47.642855 ], [ -122.200196, 47.642849 ], [ -122.201477, 47.644037 ], [ -122.20168, 47.644721 ], [ -122.201927, 47.644207 ], [ -122.202947, 47.643317 ], [ -122.204008, 47.643119 ], [ -122.207013, 47.643534 ], [ -122.207571, 47.643545 ], [ -122.20973, 47.643248 ], [ -122.209746, 47.642945 ], [ -122.209759, 47.629245 ], [ -122.209779, 47.624725 ], [ -122.209961, 47.623832 ], [ -122.210051, 47.621079 ], [ -122.217857, 47.621052 ], [ -122.222446, 47.621042 ], [ -122.222799, 47.619886 ] ], [ [ -122.101936, 47.549512 ], [ -122.101148, 47.549302 ], [ -122.100704, 47.549033 ], [ -122.100705, 47.548491 ], [ -122.101942, 47.548494 ], [ -122.101936, 47.549512 ] ] ] } },
{ "type": "Feature", "properties": { "GEOID": "5335415", "NAME": "Kent city, Washington", "population": 134871.0 }, "geometry": { "type": "MultiPolygon", "coordinates": [ [ [ [ -122.016335, 47.362997 ], [ -122.016311, 47.361801 ], [ -122.016206, 47.358026 ], [ -122.014479, 47.358042 ], [ -121.995849, 47.358162 ], [ -121.994991, 47.358147 ], [ -121.995051, 47.364381 ], [ -121.99506, 47.365256 ], [ -122.01372, 47.365231 ], [ -122.016318, 47.365264 ], [ -122.016335, 47.362997 ] ] ], [ [ [ -122.053873, 47.34357 ], [ -122.043264, 47.34357 ], [ -122.043217, 47.3459 ], [ -122.043215, 47.34715 ], [ -122.050877, 47.34717 ], [ -122.053594, 47.347835 ], [ -122.053659, 47.344759 ], [ -122.053873, 47.34357 ] ] ], [ [ [ -122.112455, 47.351533 ], [ -122.108531, 47.352916 ], [ -122.101903, 47.354226 ], [ -122.102, 47.356188 ], [ -122.107219, 47.356288 ], [ -122.107214, 47.355115 ], [ -122.109057, 47.355133 ], [ -122.112466, 47.352365 ], [ -122.112455, 47.351533 ] ] ], [ [ [ -122.184173, 47.333831 ], [ -122.183101, 47.33382 ], [ -122.181653, 47.331834 ], [ -122.178608, 47.329787 ], [ -122.176368, 47.32976 ], [ -122.176229, 47.338478 ], [ -122.176148, 47.343503 ], [ -122.181458, 47.343536 ], [ -122.181531, 47.337044 ], [ -122.18416, 47.337087 ], [ -122.184173, 47.333831 ] ] ], [ [ [ -122.309524, 47.357943 ], [ -122.304713, 47.357942 ], [ -122.296731, 47.357844 ], [ -122.294593, 47.357821 ], [ -122.29209, 47.357785 ], [ -122.281205, 47.357827 ], [ -122.278489, 47.357812 ], [ -122.271659, 47.357786 ], [ -122.27226, 47.364767 ], [ -122.272413, 47.365086 ], [ -122.270487, 47.365081 ], [ -122.270496, 47.366852 ], [ -122.267855, 47.366866 ], [ -122.267847, 47.365098 ], [ -122.265198, 47.365117 ], [ -122.265186, 47.370354 ], [ -122.265181, 47.372176 ], [ -122.270525, 47.37217 ], [ -122.270509, 47.375732 ], [ -122.269679, 47.376266 ], [ -122.268328, 47.375754 ], [ -122.265178, 47.375786 ], [ -122.265203, 47.376672 ], [ -122.263608, 47.377622 ], [ -122.262527, 47.378024 ], [ -122.258033, 47.378833 ], [ -122.257319, 47.378496 ], [ -122.256867, 47.377146 ], [ -122.257487, 47.375993 ], [ -122.25782, 47.37235 ], [ -122.256766, 47.371482 ], [ -122.254526, 47.372559 ], [ -122.253805, 47.375785 ], [ -122.25274, 47.376519 ], [ -122.249739, 47.37654 ], [ -122.249242, 47.36798 ], [ -122.249272, 47.367716 ], [ -122.249469, 47.365983 ], [ -122.24916, 47.363838 ], [ -122.249216, 47.361066 ], [ -122.249314, 47.358082 ], [ -122.253485, 47.358032 ], [ -122.253671, 47.353659 ], [ -122.249484, 47.353653 ], [ -122.243441, 47.353651 ], [ -122.238766, 47.353652 ], [ -122.238815, 47.361258 ], [ -122.239895, 47.369037 ], [ -122.240009, 47.369964 ], [ -122.235855, 47.370051 ], [ -122.234349, 47.368637 ], [ -122.237091, 47.365997 ], [ -122.23703, 47.362661 ], [ -122.235834, 47.361967 ], [ -122.232107, 47.361015 ], [ -122.227023, 47.361613 ], [ -122.22558, 47.362488 ], [ -122.223379, 47.365248 ], [ -122.227352, 47.368627 ], [ -122.225565, 47.369431 ], [ -122.221901, 47.367945 ], [ -122.221892, 47.369344 ], [ -122.221897, 47.369791 ], [ -122.218064, 47.369788 ], [ -122.218056, 47.368885 ], [ -122.215388, 47.368888 ], [ -122.21539, 47.367991 ], [ -122.212707, 47.367989 ], [ -122.212659, 47.361649 ], [ -122.207324, 47.36167 ], [ -122.207461, 47.354944 ], [ -122.21073, 47.354882 ], [ -122.20953, 47.354091 ], [ -122.209055, 47.353708 ], [ -122.210592, 47.353984 ], [ -122.212692, 47.353871 ], [ -122.20948, 47.353178 ], [ -122.208657, 47.353388 ], [ -122.208598, 47.351835 ], [ -122.209154, 47.350935 ], [ -122.207608, 47.350909 ], [ -122.20414, 47.350862 ], [ -122.204167, 47.346099 ], [ -122.202388, 47.346091 ], [ -122.202361, 47.350827 ], [ -122.197115, 47.350819 ], [ -122.186773, 47.350715 ], [ -122.184134, 47.350261 ], [ -122.181451, 47.350266 ], [ -122.180782, 47.348908 ], [ -122.176138, 47.348914 ], [ -122.165536, 47.34888 ], [ -122.165501, 47.343439 ], [ -122.154854, 47.343482 ], [ -122.149562, 47.343495 ], [ -122.145819, 47.343515 ], [ -122.145805, 47.343532 ], [ -122.145313, 47.344756 ], [ -122.13476, 47.350621 ], [ -122.128317, 47.354098 ], [ -122.131698, 47.354992 ], [ -122.130034, 47.356199 ], [ -122.129246, 47.358012 ], [ -122.128295, 47.35802 ], [ -122.130951, 47.35892 ], [ -122.130954, 47.360708 ], [ -122.136257, 47.361595 ], [ -122.136275, 47.364126 ], [ -122.136276, 47.364241 ], [ -122.136283, 47.365226 ], [ -122.141559, 47.365217 ], [ -122.143287, 47.366997 ], [ -122.144224, 47.372379 ], [ -122.144122, 47.380123 ], [ -122.142392, 47.383856 ], [ -122.14371, 47.385585 ], [ -122.149407, 47.386904 ], [ -122.153026, 47.390632 ], [ -122.153017, 47.391965 ], [ -122.154641, 47.391971 ], [ -122.154687, 47.394049 ], [ -122.157281, 47.397768 ], [ -122.158642, 47.401369 ], [ -122.159994, 47.401554 ], [ -122.160222, 47.408212 ], [ -122.160364, 47.408649 ], [ -122.159494, 47.414065 ], [ -122.15883, 47.415896 ], [ -122.159908, 47.415887 ], [ -122.160585, 47.418225 ], [ -122.162908, 47.41881 ], [ -122.165218, 47.421337 ], [ -122.1679, 47.421333 ], [ -122.170546, 47.423064 ], [ -122.172381, 47.423085 ], [ -122.174718, 47.429386 ], [ -122.17581, 47.42938 ], [ -122.175797, 47.430282 ], [ -122.175792, 47.430603 ], [ -122.178004, 47.430265 ], [ -122.181142, 47.430246 ], [ -122.186458, 47.430217 ], [ -122.192466, 47.43023 ], [ -122.197091, 47.430228 ], [ -122.197059, 47.423098 ], [ -122.2018, 47.423113 ], [ -122.207566, 47.423131 ], [ -122.21485, 47.423058 ], [ -122.217904, 47.423004 ], [ -122.218102, 47.425332 ], [ -122.218106, 47.430244 ], [ -122.220274, 47.4302 ], [ -122.218527, 47.43699 ], [ -122.215659, 47.440421 ], [ -122.215497, 47.441145 ], [ -122.217459, 47.441169 ], [ -122.219887, 47.441122 ], [ -122.240985, 47.441196 ], [ -122.245629, 47.441233 ], [ -122.245384, 47.439411 ], [ -122.247519, 47.437053 ], [ -122.248503, 47.433403 ], [ -122.257305, 47.43323 ], [ -122.261695, 47.434444 ], [ -122.262834, 47.43362 ], [ -122.259402, 47.432006 ], [ -122.258251, 47.430494 ], [ -122.264932, 47.428885 ], [ -122.267221, 47.425541 ], [ -122.265335, 47.423069 ], [ -122.265275, 47.421793 ], [ -122.267268, 47.419397 ], [ -122.276615, 47.419283 ], [ -122.279557, 47.415547 ], [ -122.28133, 47.415526 ], [ -122.28235, 47.415517 ], [ -122.281537, 47.413562 ], [ -122.281374, 47.408385 ], [ -122.282753, 47.407502 ], [ -122.283911, 47.407045 ], [ -122.283908, 47.407143 ], [ -122.285255, 47.408264 ], [ -122.286581, 47.408243 ], [ -122.286556, 47.40381 ], [ -122.28868, 47.403777 ], [ -122.288305, 47.402227 ], [ -122.290186, 47.400968 ], [ -122.286552, 47.401031 ], [ -122.283888, 47.401068 ], [ -122.28276, 47.397454 ], [ -122.286522, 47.395704 ], [ -122.291727, 47.396065 ], [ -122.292092, 47.396069 ], [ -122.291848, 47.393923 ], [ -122.292762, 47.392202 ], [ -122.293332, 47.392457 ], [ -122.297001, 47.395157 ], [ -122.298848, 47.39553 ], [ -122.29879, 47.39374 ], [ -122.297191, 47.392464 ], [ -122.295137, 47.392312 ], [ -122.296239, 47.392333 ], [ -122.296259, 47.392173 ], [ -122.295645, 47.392185 ], [ -122.295674, 47.392057 ], [ -122.295195, 47.392031 ], [ -122.295921, 47.38901 ], [ -122.29722, 47.389033 ], [ -122.296543, 47.386522 ], [ -122.2986, 47.386518 ], [ -122.297511, 47.382589 ], [ -122.300599, 47.381147 ], [ -122.300616, 47.379451 ], [ -122.307899, 47.37956 ], [ -122.307861, 47.37778 ], [ -122.307822, 47.375981 ], [ -122.302557, 47.3759 ], [ -122.302557, 47.374809 ], [ -122.300675, 47.374788 ], [ -122.303848, 47.368703 ], [ -122.307613, 47.361537 ], [ -122.309524, 47.357943 ] ], [ [ -122.286502, 47.390555 ], [ -122.283089, 47.391152 ], [ -122.280811, 47.390883 ], [ -122.280797, 47.388552 ], [ -122.278337, 47.388507 ], [ -122.277418, 47.384955 ], [ -122.277043, 47.383057 ], [ -122.281141, 47.383046 ], [ -122.281133, 47.383758 ], [ -122.281135, 47.383889 ], [ -122.282478, 47.385445 ], [ -122.2805, 47.38646 ], [ -122.2808, 47.38843 ], [ -122.283562, 47.386657 ], [ -122.286508, 47.386609 ], [ -122.286502, 47.390555 ] ] ] ] } },
{ "type": "Feature", "properties": { "GEOID": "5322640", "NAME": "Everett city, Washington", "population": 113567.0 }, "geometry": { "type": "MultiPolygon", "coordinates": [ [ [ [ -121.796682, 47.957256 ], [ -121.794, 47.957276 ], [ -121.793975, 47.964408 ], [ -121.796667, 47.964389 ], [ -121.796682, 47.95739 ], [ -121.796682, 47.957256 ] ] ], [ [ [ -121.804006, 47.950035 ], [ -121.802135, 47.95262 ], [ -121.801491, 47.955268 ], [ -121.79668, 47.955269 ], [ -121.79668, 47.955593 ], [ -121.796682, 47.957256 ], [ -121.798577, 47.957253 ], [ -121.801186, 47.957039 ], [ -121.803645, 47.954669 ], [ -121.804006, 47.950035 ] ] ], [ [ [ -121.876775, 47.960886 ], [ -121.876103, 47.960877 ], [ -121.871902, 47.960824 ], [ -121.871933, 47.95349 ], [ -121.861236, 47.953356 ], [ -121.861352, 47.95 ], [ -121.848312, 47.950018 ], [ -121.848718, 47.942949 ], [ -121.836668, 47.942784 ], [ -121.836561, 47.939168 ], [ -121.831604, 47.9391 ], [ -121.831558, 47.935484 ], [ -121.826334, 47.935353 ], [ -121.826119, 47.928206 ], [ -121.820794, 47.928311 ], [ -121.820906, 47.910713 ], [ -121.820916, 47.910349 ], [ -121.815402, 47.910535 ], [ -121.815474, 47.913519 ], [ -121.814896, 47.914032 ], [ -121.80993, 47.914182 ], [ -121.809646, 47.916198 ], [ -121.809453, 47.924734 ], [ -121.801183, 47.924823 ], [ -121.801304, 47.928415 ], [ -121.798631, 47.928448 ], [ -121.798828, 47.932739 ], [ -121.800226, 47.93189 ], [ -121.804283, 47.931416 ], [ -121.809874, 47.931926 ], [ -121.810108, 47.935471 ], [ -121.821123, 47.93534 ], [ -121.821478, 47.949856 ], [ -121.821331, 47.949859 ], [ -121.818337, 47.95001 ], [ -121.81817, 47.964507 ], [ -121.818853, 47.964509 ], [ -121.839784, 47.963944 ], [ -121.83974, 47.967674 ], [ -121.847416, 47.967732 ], [ -121.850457, 47.968573 ], [ -121.852098, 47.969859 ], [ -121.855779, 47.969743 ], [ -121.855762, 47.971716 ], [ -121.861149, 47.971632 ], [ -121.861146, 47.967889 ], [ -121.871897, 47.968219 ], [ -121.871885, 47.964507 ], [ -121.871895, 47.962666 ], [ -121.873989, 47.962679 ], [ -121.875016, 47.962686 ], [ -121.87679, 47.962698 ], [ -121.876775, 47.960886 ] ] ], [ [ [ -121.882723, 47.956923 ], [ -121.882696, 47.953568 ], [ -121.877294, 47.953567 ], [ -121.877294, 47.957273 ], [ -121.882723, 47.957254 ], [ -121.882723, 47.956923 ] ] ], [ [ [ -122.293189, 47.929909 ], [ -122.287769, 47.929249 ], [ -122.287802, 47.924515 ], [ -122.28303, 47.924459 ], [ -122.282293, 47.9242 ], [ -122.282297, 47.911591 ], [ -122.271658, 47.911639 ], [ -122.271671, 47.915654 ], [ -122.266567, 47.915574 ], [ -122.266554, 47.914083 ], [ -122.264122, 47.914069 ], [ -122.263364, 47.909078 ], [ -122.264708, 47.90909 ], [ -122.26472, 47.907487 ], [ -122.266052, 47.907495 ], [ -122.266028, 47.905667 ], [ -122.270166, 47.905709 ], [ -122.263507, 47.8965 ], [ -122.259387, 47.890767 ], [ -122.258412, 47.889419 ], [ -122.257239, 47.890694 ], [ -122.25184, 47.896448 ], [ -122.247778, 47.896448 ], [ -122.245577, 47.898305 ], [ -122.244379, 47.901439 ], [ -122.243477, 47.903139 ], [ -122.242299, 47.903712 ], [ -122.238995, 47.903668 ], [ -122.233586, 47.903758 ], [ -122.228153, 47.903767 ], [ -122.228132, 47.902811 ], [ -122.228087, 47.900749 ], [ -122.228073, 47.900099 ], [ -122.232178, 47.900085 ], [ -122.23216, 47.896488 ], [ -122.233557, 47.896493 ], [ -122.233599, 47.896493 ], [ -122.23349, 47.892859 ], [ -122.229469, 47.892857 ], [ -122.225618, 47.892742 ], [ -122.222969, 47.892746 ], [ -122.221111, 47.892781 ], [ -122.221635, 47.891643 ], [ -122.220951, 47.891275 ], [ -122.219164, 47.8904 ], [ -122.217359, 47.890384 ], [ -122.21338, 47.889494 ], [ -122.213653, 47.888152 ], [ -122.212483, 47.885554 ], [ -122.212249, 47.878181 ], [ -122.206856, 47.878178 ], [ -122.206787, 47.880925 ], [ -122.204795, 47.880445 ], [ -122.201465, 47.88086 ], [ -122.201449, 47.885515 ], [ -122.201313, 47.889101 ], [ -122.200053, 47.889702 ], [ -122.199248, 47.889125 ], [ -122.198035, 47.889164 ], [ -122.198017, 47.892676 ], [ -122.200421, 47.892695 ], [ -122.198899, 47.893831 ], [ -122.199591, 47.896286 ], [ -122.200933, 47.896297 ], [ -122.201634, 47.898063 ], [ -122.205466, 47.898106 ], [ -122.206076, 47.899988 ], [ -122.205831, 47.899985 ], [ -122.206128, 47.900662 ], [ -122.205636, 47.906795 ], [ -122.201685, 47.906688 ], [ -122.201584, 47.903595 ], [ -122.19615, 47.903467 ], [ -122.196107, 47.899885 ], [ -122.196185, 47.899867 ], [ -122.196098, 47.897976 ], [ -122.195273, 47.898085 ], [ -122.193297, 47.898098 ], [ -122.193231, 47.899791 ], [ -122.190747, 47.899752 ], [ -122.19078, 47.903006 ], [ -122.189935, 47.904084 ], [ -122.189462, 47.905199 ], [ -122.189481, 47.907021 ], [ -122.190812, 47.907021 ], [ -122.196215, 47.907018 ], [ -122.196138, 47.910239 ], [ -122.198841, 47.910282 ], [ -122.198873, 47.90891 ], [ -122.200769, 47.908433 ], [ -122.20159, 47.909409 ], [ -122.207036, 47.910021 ], [ -122.204296, 47.910899 ], [ -122.204268, 47.913663 ], [ -122.202606, 47.914984 ], [ -122.202637, 47.916392 ], [ -122.205057, 47.916351 ], [ -122.205376, 47.916678 ], [ -122.205912, 47.918435 ], [ -122.204573, 47.921857 ], [ -122.189157, 47.921742 ], [ -122.18514, 47.921739 ], [ -122.18241, 47.921712 ], [ -122.181472, 47.921703 ], [ -122.174159, 47.921631 ], [ -122.174161, 47.925176 ], [ -122.174198, 47.928249 ], [ -122.174201, 47.92867 ], [ -122.174308, 47.934883 ], [ -122.174264, 47.936913 ], [ -122.171354, 47.936911 ], [ -122.170811, 47.940488 ], [ -122.171935, 47.941836 ], [ -122.177495, 47.94681 ], [ -122.178705, 47.947478 ], [ -122.180762, 47.948046 ], [ -122.188028, 47.948152 ], [ -122.191514, 47.948365 ], [ -122.191561, 47.949944 ], [ -122.186872, 47.957427 ], [ -122.186152, 47.95994 ], [ -122.188953, 47.965747 ], [ -122.187589, 47.971263 ], [ -122.187076, 47.975323 ], [ -122.186196, 47.976465 ], [ -122.183816, 47.978172 ], [ -122.182596, 47.97875 ], [ -122.180707, 47.979413 ], [ -122.173408, 47.980806 ], [ -122.170972, 47.981909 ], [ -122.169172, 47.983448 ], [ -122.168079, 47.984037 ], [ -122.165987, 47.986277 ], [ -122.163647, 47.986324 ], [ -122.162658, 47.987541 ], [ -122.163106, 47.990359 ], [ -122.164475, 47.992193 ], [ -122.164556, 47.994464 ], [ -122.162584, 47.997965 ], [ -122.162075, 48.000134 ], [ -122.160351, 48.00218 ], [ -122.160619, 48.004803 ], [ -122.158716, 48.006929 ], [ -122.156989, 48.007597 ], [ -122.174534, 48.007496 ], [ -122.175009, 48.017677 ], [ -122.175896, 48.023601 ], [ -122.176683, 48.024762 ], [ -122.1785, 48.033112 ], [ -122.17836, 48.035198 ], [ -122.178357, 48.036087 ], [ -122.184262, 48.036077 ], [ -122.184858, 48.035693 ], [ -122.191567, 48.034349 ], [ -122.196514, 48.033202 ], [ -122.210983, 48.031875 ], [ -122.222189, 48.031069 ], [ -122.2268063, 48.0298565 ], [ -122.224686, 48.026158 ], [ -122.2231916, 48.024617 ], [ -122.218982, 48.020276 ], [ -122.223498, 48.020356 ], [ -122.225859, 48.018345 ], [ -122.2259364, 48.0181887 ], [ -122.228767, 48.012468 ], [ -122.231104, 48.008749 ], [ -122.230866, 48.005331 ], [ -122.229202, 47.999367 ], [ -122.2296684, 47.98869 ], [ -122.229678, 47.988471 ], [ -122.230158, 47.984861 ], [ -122.2319367, 47.9832 ], [ -122.233679, 47.981573 ], [ -122.230809, 47.980108 ], [ -122.228265, 47.975097 ], [ -122.229796, 47.973437 ], [ -122.230046, 47.970917 ], [ -122.2306916, 47.9704385 ], [ -122.23663, 47.966037 ], [ -122.2401651, 47.9641719 ], [ -122.248746, 47.9596447 ], [ -122.249007, 47.959507 ], [ -122.259748699999989, 47.958401 ], [ -122.278047, 47.956517 ], [ -122.28918, 47.952555 ], [ -122.291111, 47.952052 ], [ -122.291113, 47.950848 ], [ -122.285776, 47.951284 ], [ -122.285794, 47.949634 ], [ -122.282325, 47.949516 ], [ -122.282312, 47.947396 ], [ -122.287707, 47.946492 ], [ -122.287727, 47.943812 ], [ -122.289558, 47.94381 ], [ -122.293152, 47.943835 ], [ -122.29311, 47.939991 ], [ -122.293149, 47.934824 ], [ -122.293189, 47.929909 ] ] ] ] } },
{ "type": "Feature", "properties": { "GEOID": "5367167", "NAME": "Spokane Valley city, Washington", "population": 108405.0 }, "geometry": { "type": "Polygon", "coordinates": [ [ [ -117.346985, 47.646469 ], [ -117.346852, 47.644536 ], [ -117.346873, 47.642767 ], [ -117.336321, 47.642624 ], [ -117.336327, 47.641788 ], [ -117.336302, 47.639085 ], [ -117.325665, 47.63892 ], [ -117.321567, 47.638107 ], [ -117.320909, 47.639854 ], [ -117.315684, 47.640521 ], [ -117.314928, 47.639971 ], [ -117.314925, 47.640796 ], [ -117.314912, 47.643815 ], [ -117.312624, 47.644927 ], [ -117.314894, 47.64609 ], [ -117.304159, 47.64597 ], [ -117.304179, 47.644507 ], [ -117.297979, 47.642583 ], [ -117.297353, 47.645017 ], [ -117.298818, 47.644218 ], [ -117.301588, 47.649768 ], [ -117.304136, 47.649674 ], [ -117.304134, 47.651071 ], [ -117.300812, 47.650983 ], [ -117.302517, 47.653507 ], [ -117.30174, 47.652789 ], [ -117.296349, 47.653262 ], [ -117.293744, 47.65432 ], [ -117.28883, 47.655438 ], [ -117.288379, 47.654442 ], [ -117.284649, 47.655466 ], [ -117.283881, 47.653067 ], [ -117.283043, 47.653069 ], [ -117.281792, 47.653051 ], [ -117.281736, 47.649706 ], [ -117.2795, 47.649711 ], [ -117.279999, 47.647604 ], [ -117.278639, 47.647721 ], [ -117.279338, 47.645343 ], [ -117.27754, 47.643837 ], [ -117.277545, 47.64243 ], [ -117.274081, 47.642423 ], [ -117.265348, 47.627947 ], [ -117.272078, 47.627938 ], [ -117.272477, 47.626067 ], [ -117.271758, 47.624286 ], [ -117.273007, 47.624309 ], [ -117.272094, 47.622854 ], [ -117.27265, 47.61731 ], [ -117.275366, 47.61628 ], [ -117.274807, 47.615224 ], [ -117.277496, 47.615227 ], [ -117.27754, 47.613419 ], [ -117.277562, 47.609388 ], [ -117.278797, 47.609386 ], [ -117.278136, 47.60837 ], [ -117.270817, 47.608845 ], [ -117.269768, 47.606627 ], [ -117.265567, 47.605005 ], [ -117.262457, 47.60529 ], [ -117.262456, 47.604268 ], [ -117.260146, 47.604143 ], [ -117.259231, 47.601549 ], [ -117.256649, 47.600266 ], [ -117.25469, 47.600211 ], [ -117.254656, 47.602513 ], [ -117.256421, 47.602562 ], [ -117.254498, 47.603891 ], [ -117.253325, 47.606426 ], [ -117.24959, 47.607088 ], [ -117.246275, 47.608873 ], [ -117.244589, 47.610723 ], [ -117.243893, 47.612518 ], [ -117.238388, 47.612537 ], [ -117.238386, 47.613379 ], [ -117.238446, 47.620457 ], [ -117.232433, 47.620524 ], [ -117.228581, 47.620611 ], [ -117.228549, 47.627891 ], [ -117.223595, 47.627875 ], [ -117.218188, 47.627857 ], [ -117.212797, 47.627853 ], [ -117.212803, 47.633311 ], [ -117.202008, 47.632962 ], [ -117.196616, 47.632941 ], [ -117.196623, 47.631398 ], [ -117.193001, 47.630773 ], [ -117.191984, 47.63 ], [ -117.192553, 47.632985 ], [ -117.189425, 47.633146 ], [ -117.189006, 47.635097 ], [ -117.188322, 47.635189 ], [ -117.179161, 47.635093 ], [ -117.178337, 47.634125 ], [ -117.175197, 47.633452 ], [ -117.17662, 47.634609 ], [ -117.173698, 47.634774 ], [ -117.172761, 47.636518 ], [ -117.180368, 47.638461 ], [ -117.178127, 47.642353 ], [ -117.175076, 47.642345 ], [ -117.164302, 47.64233 ], [ -117.164335, 47.645973 ], [ -117.165669, 47.645961 ], [ -117.165692, 47.64961 ], [ -117.164519, 47.649609 ], [ -117.158931, 47.647444 ], [ -117.153567, 47.646394 ], [ -117.153574, 47.648411 ], [ -117.151438, 47.64742 ], [ -117.149554, 47.647749 ], [ -117.14959, 47.649599 ], [ -117.142868, 47.649593 ], [ -117.142867, 47.656898 ], [ -117.14295, 47.656898 ], [ -117.143051, 47.665506 ], [ -117.143051, 47.665687 ], [ -117.143499, 47.679919 ], [ -117.143525, 47.680521 ], [ -117.144367, 47.700206 ], [ -117.148687, 47.70113 ], [ -117.155338, 47.699711 ], [ -117.168829, 47.69716 ], [ -117.175407, 47.696751 ], [ -117.175834, 47.700488 ], [ -117.180867, 47.700495 ], [ -117.180771, 47.703788 ], [ -117.186141, 47.702691 ], [ -117.191574, 47.702678 ], [ -117.191431, 47.704109 ], [ -117.202362, 47.704087 ], [ -117.202356, 47.706856 ], [ -117.204967, 47.709341 ], [ -117.20794, 47.709968 ], [ -117.212333, 47.707936 ], [ -117.217954, 47.707479 ], [ -117.218483, 47.706523 ], [ -117.233614, 47.706504 ], [ -117.233609, 47.700423 ], [ -117.233302, 47.693375 ], [ -117.237345, 47.69341 ], [ -117.243609, 47.69769 ], [ -117.245088, 47.69769 ], [ -117.246488, 47.695018 ], [ -117.24859, 47.694094 ], [ -117.250571, 47.692885 ], [ -117.253637, 47.691296 ], [ -117.263801, 47.688673 ], [ -117.26234, 47.685189 ], [ -117.271961, 47.683199 ], [ -117.282708, 47.681087 ], [ -117.293484, 47.678915 ], [ -117.293467, 47.682265 ], [ -117.290776, 47.682278 ], [ -117.290761, 47.685713 ], [ -117.293444, 47.686049 ], [ -117.293468, 47.690979 ], [ -117.299487, 47.692607 ], [ -117.303861, 47.694316 ], [ -117.303868, 47.693113 ], [ -117.303904, 47.688674 ], [ -117.309345, 47.688717 ], [ -117.309338, 47.68594 ], [ -117.312112, 47.685944 ], [ -117.313309, 47.681754 ], [ -117.325261, 47.678489 ], [ -117.325318, 47.671519 ], [ -117.33608, 47.669412 ], [ -117.346834, 47.66734 ], [ -117.34698, 47.657264 ], [ -117.346984, 47.653967 ], [ -117.346984, 47.653267 ], [ -117.346986, 47.649975 ], [ -117.346985, 47.646469 ] ] ] } },
{ "type": "Feature", "properties": { "GEOID": "5357745", "NAME": "Renton city, Washington", "population": 104975.0 }, "geometry": { "type": "MultiPolygon", "coordinates": [ [ [ [ -122.231451, 47.489497 ], [ -122.230183, 47.489535 ], [ -122.230255, 47.490017 ], [ -122.230257, 47.490243 ], [ -122.231449, 47.490217 ], [ -122.231451, 47.489497 ] ] ], [ [ [ -122.253979, 47.478841 ], [ -122.25113, 47.4758 ], [ -122.250643, 47.475588 ], [ -122.240899, 47.464868 ], [ -122.240356, 47.462576 ], [ -122.240985, 47.441196 ], [ -122.219887, 47.441122 ], [ -122.217459, 47.441169 ], [ -122.215497, 47.441145 ], [ -122.215659, 47.440421 ], [ -122.218527, 47.43699 ], [ -122.220274, 47.4302 ], [ -122.218106, 47.430244 ], [ -122.218102, 47.425332 ], [ -122.217904, 47.423004 ], [ -122.21485, 47.423058 ], [ -122.207566, 47.423131 ], [ -122.2018, 47.423113 ], [ -122.197059, 47.423098 ], [ -122.197091, 47.430228 ], [ -122.192466, 47.43023 ], [ -122.186458, 47.430217 ], [ -122.181142, 47.430246 ], [ -122.178004, 47.430265 ], [ -122.175792, 47.430603 ], [ -122.175797, 47.430282 ], [ -122.174814, 47.43029 ], [ -122.174115, 47.430294 ], [ -122.174513, 47.43323 ], [ -122.172169, 47.437742 ], [ -122.16997, 47.437719 ], [ -122.167018, 47.439627 ], [ -122.170202, 47.44136 ], [ -122.170128, 47.444985 ], [ -122.170106, 47.446084 ], [ -122.16877, 47.445858 ], [ -122.166877, 47.445666 ], [ -122.161616, 47.446829 ], [ -122.162177, 47.449165 ], [ -122.160369, 47.449375 ], [ -122.16088, 47.451502 ], [ -122.164462, 47.451877 ], [ -122.163733, 47.456105 ], [ -122.163569, 47.456294 ], [ -122.163077, 47.456717 ], [ -122.164324, 47.457636 ], [ -122.164252, 47.464151 ], [ -122.164245, 47.465982 ], [ -122.162132, 47.465668 ], [ -122.160816, 47.466761 ], [ -122.158889, 47.467042 ], [ -122.158901, 47.465407 ], [ -122.156754, 47.463236 ], [ -122.154758, 47.463238 ], [ -122.155429, 47.460447 ], [ -122.156371, 47.459592 ], [ -122.153653, 47.459581 ], [ -122.15367, 47.459033 ], [ -122.151101, 47.459602 ], [ -122.147444, 47.459625 ], [ -122.146706, 47.460742 ], [ -122.146948, 47.462018 ], [ -122.148065, 47.462928 ], [ -122.154572, 47.465519 ], [ -122.15186, 47.465657 ], [ -122.151798, 47.466385 ], [ -122.148165, 47.465406 ], [ -122.148207, 47.463257 ], [ -122.142815, 47.463281 ], [ -122.142923, 47.45964 ], [ -122.138416, 47.459573 ], [ -122.137584, 47.459561 ], [ -122.132373, 47.459485 ], [ -122.132352, 47.461342 ], [ -122.123415, 47.462194 ], [ -122.121683, 47.461861 ], [ -122.120914, 47.463243 ], [ -122.123503, 47.463359 ], [ -122.123871, 47.463382 ], [ -122.125149, 47.463464 ], [ -122.127009, 47.463629 ], [ -122.137516, 47.465255 ], [ -122.142582, 47.466076 ], [ -122.142153, 47.467188 ], [ -122.143617, 47.467439 ], [ -122.143271, 47.470042 ], [ -122.144752, 47.470553 ], [ -122.152216, 47.470422 ], [ -122.154433, 47.473991 ], [ -122.161505, 47.474061 ], [ -122.161508, 47.476326 ], [ -122.164154, 47.476355 ], [ -122.164152, 47.477711 ], [ -122.156404, 47.477636 ], [ -122.156448, 47.481277 ], [ -122.153606, 47.481256 ], [ -122.153589, 47.479429 ], [ -122.149503, 47.479401 ], [ -122.148224, 47.481216 ], [ -122.137587, 47.481142 ], [ -122.137601, 47.477912 ], [ -122.136237, 47.477457 ], [ -122.132275, 47.47742 ], [ -122.132262, 47.475809 ], [ -122.132269, 47.47514 ], [ -122.129808, 47.475113 ], [ -122.129216, 47.475638 ], [ -122.126943, 47.475597 ], [ -122.126955, 47.471034 ], [ -122.124928, 47.471004 ], [ -122.124969, 47.473677 ], [ -122.124393, 47.473747 ], [ -122.121624, 47.473725 ], [ -122.121748, 47.481077 ], [ -122.121797, 47.481804 ], [ -122.124467, 47.481854 ], [ -122.124416, 47.480958 ], [ -122.127059, 47.480996 ], [ -122.127068, 47.481891 ], [ -122.127081, 47.48275 ], [ -122.121918, 47.482715 ], [ -122.120294, 47.484012 ], [ -122.124579, 47.484575 ], [ -122.126513, 47.484613 ], [ -122.129766, 47.484184 ], [ -122.129743, 47.483438 ], [ -122.129738, 47.483236 ], [ -122.132362, 47.483282 ], [ -122.135734, 47.483327 ], [ -122.137599, 47.483347 ], [ -122.137624, 47.484671 ], [ -122.136958, 47.484697 ], [ -122.13238, 47.484649 ], [ -122.132385, 47.485116 ], [ -122.131083, 47.487311 ], [ -122.129803, 47.486396 ], [ -122.124624, 47.486318 ], [ -122.124723, 47.488132 ], [ -122.132417, 47.488299 ], [ -122.135058, 47.488324 ], [ -122.135196, 47.495436 ], [ -122.143148, 47.495551 ], [ -122.143237, 47.49922 ], [ -122.143282, 47.501006 ], [ -122.1474, 47.50105 ], [ -122.147421, 47.501953 ], [ -122.148635, 47.501965 ], [ -122.148644, 47.502873 ], [ -122.143312, 47.50281 ], [ -122.143331, 47.505589 ], [ -122.143327, 47.508557 ], [ -122.14333, 47.508711 ], [ -122.144889, 47.508723 ], [ -122.144881, 47.509248 ], [ -122.145367, 47.509761 ], [ -122.145344, 47.512102 ], [ -122.143281, 47.512072 ], [ -122.143189, 47.516452 ], [ -122.144072, 47.516821 ], [ -122.145928, 47.517051 ], [ -122.150895, 47.517471 ], [ -122.159125, 47.518727 ], [ -122.159152, 47.518403 ], [ -122.15875, 47.518387 ], [ -122.158776, 47.517925 ], [ -122.159191, 47.517937 ], [ -122.159197, 47.517862 ], [ -122.159255, 47.516444 ], [ -122.159082, 47.515697 ], [ -122.160315, 47.516456 ], [ -122.16454, 47.516483 ], [ -122.169856, 47.516518 ], [ -122.169898, 47.5144 ], [ -122.17134, 47.512849 ], [ -122.169939, 47.51217 ], [ -122.170434, 47.508961 ], [ -122.17261, 47.508453 ], [ -122.172952, 47.513571 ], [ -122.175219, 47.513597 ], [ -122.175206, 47.515479 ], [ -122.179702, 47.515517 ], [ -122.17969, 47.516462 ], [ -122.180403, 47.516603 ], [ -122.181484, 47.516612 ], [ -122.184078, 47.516636 ], [ -122.184249, 47.5168 ], [ -122.185319, 47.517811 ], [ -122.185712, 47.522224 ], [ -122.189556, 47.522863 ], [ -122.191015, 47.525023 ], [ -122.190923, 47.531257 ], [ -122.19358, 47.531265 ], [ -122.193735, 47.533005 ], [ -122.192388, 47.533004 ], [ -122.192373, 47.534816 ], [ -122.193105, 47.534823 ], [ -122.192514, 47.538438 ], [ -122.194262, 47.539357 ], [ -122.204273, 47.539344 ], [ -122.204815, 47.538329 ], [ -122.208233, 47.531921 ], [ -122.209733, 47.530421 ], [ -122.219133, 47.523721 ], [ -122.225394, 47.521368 ], [ -122.235699, 47.517769 ], [ -122.219822, 47.509801 ], [ -122.219161, 47.501409 ], [ -122.218059, 47.500548 ], [ -122.220139, 47.497727 ], [ -122.221046, 47.497733 ], [ -122.221204, 47.497072 ], [ -122.221803, 47.497087 ], [ -122.222303, 47.496746 ], [ -122.222359, 47.495672 ], [ -122.221973, 47.495307 ], [ -122.21946, 47.495251 ], [ -122.219305, 47.494683 ], [ -122.219892, 47.49352 ], [ -122.223047, 47.493571 ], [ -122.222953, 47.491792 ], [ -122.223013, 47.490887 ], [ -122.227587, 47.490922 ], [ -122.227565, 47.48938 ], [ -122.226435, 47.48936 ], [ -122.226447, 47.488898 ], [ -122.225325, 47.488895 ], [ -122.225323, 47.488171 ], [ -122.22755, 47.488166 ], [ -122.227558, 47.486362 ], [ -122.230403, 47.486409 ], [ -122.232954, 47.486441 ], [ -122.232955, 47.484398 ], [ -122.230718, 47.482654 ], [ -122.231168, 47.482707 ], [ -122.232201, 47.480451 ], [ -122.233355, 47.480707 ], [ -122.23381, 47.480315 ], [ -122.235263, 47.480839 ], [ -122.242793, 47.481274 ], [ -122.24559, 47.482058 ], [ -122.245818, 47.479934 ], [ -122.249705, 47.479933 ], [ -122.251673, 47.479438 ], [ -122.253716, 47.479498 ], [ -122.253979, 47.478841 ] ], [ [ -122.148611, 47.505449 ], [ -122.147299, 47.504478 ], [ -122.146062, 47.506557 ], [ -122.145962, 47.504365 ], [ -122.147278, 47.503928 ], [ -122.148627, 47.504279 ], [ -122.148611, 47.505449 ] ] ] ] } },
{ "type": "Feature", "properties": { "GEOID": "5323515", "NAME": "Federal Way city, Washington", "population": 99729.0 }, "geometry": { "type": "Polygon", "coordinates": [ [ [ -122.41763730000001, 47.3203858 ], [ -122.406684, 47.312695 ], [ -122.399832, 47.308001 ], [ -122.395068, 47.304762 ], [ -122.391291, 47.302395 ], [ -122.391285, 47.30202 ], [ -122.389567, 47.300597 ], [ -122.385299, 47.297751 ], [ -122.384665, 47.297508 ], [ -122.381784, 47.295502 ], [ -122.381548, 47.295342 ], [ -122.376802, 47.292158 ], [ -122.376361, 47.291799 ], [ -122.36858, 47.286444 ], [ -122.367353, 47.285594 ], [ -122.363263, 47.282759 ], [ -122.358356, 47.279417 ], [ -122.357939, 47.279023 ], [ -122.355684, 47.277466 ], [ -122.347359, 47.271644 ], [ -122.336992, 47.264582 ], [ -122.335874, 47.26382 ], [ -122.33483, 47.26311 ], [ -122.33492, 47.257594 ], [ -122.331322, 47.257365 ], [ -122.330645, 47.258307 ], [ -122.328937, 47.260208 ], [ -122.328622, 47.260554 ], [ -122.328748, 47.260615 ], [ -122.328059, 47.261245 ], [ -122.324027, 47.264548 ], [ -122.322752, 47.264549 ], [ -122.319448, 47.26458 ], [ -122.316383, 47.2645 ], [ -122.313781, 47.264512 ], [ -122.313805, 47.262734 ], [ -122.313831, 47.260903 ], [ -122.312304, 47.2609 ], [ -122.309393, 47.263735 ], [ -122.305251, 47.263376 ], [ -122.3034, 47.26449 ], [ -122.303229, 47.26892 ], [ -122.303816, 47.269744 ], [ -122.309895, 47.277879 ], [ -122.308527, 47.278647 ], [ -122.309367, 47.27865 ], [ -122.308579, 47.27986 ], [ -122.307108, 47.286176 ], [ -122.302339, 47.289119 ], [ -122.29934, 47.289749 ], [ -122.299167, 47.289745 ], [ -122.296257, 47.289677 ], [ -122.296211, 47.288448 ], [ -122.292631, 47.288417 ], [ -122.292392, 47.286465 ], [ -122.291256, 47.286118 ], [ -122.288656, 47.289728 ], [ -122.286988, 47.290008 ], [ -122.28698, 47.296353 ], [ -122.285268, 47.297154 ], [ -122.284605, 47.297683 ], [ -122.281637, 47.299383 ], [ -122.281635, 47.299766 ], [ -122.281631, 47.300198 ], [ -122.276364, 47.3034 ], [ -122.276312, 47.303345 ], [ -122.275212, 47.303852 ], [ -122.273722, 47.304308 ], [ -122.276061, 47.307145 ], [ -122.279009, 47.313 ], [ -122.280782, 47.314134 ], [ -122.283665, 47.315071 ], [ -122.286621, 47.315071 ], [ -122.286582, 47.316842 ], [ -122.288157, 47.317717 ], [ -122.289797, 47.316815 ], [ -122.292282, 47.316797 ], [ -122.292263, 47.31864 ], [ -122.295038, 47.31864 ], [ -122.294033, 47.321584 ], [ -122.293015, 47.327273 ], [ -122.29327, 47.328438 ], [ -122.292727, 47.334902 ], [ -122.292019, 47.343326 ], [ -122.291933, 47.343326 ], [ -122.291929, 47.345562 ], [ -122.293213, 47.34862 ], [ -122.295248, 47.352815 ], [ -122.295556, 47.355814 ], [ -122.294593, 47.357821 ], [ -122.296731, 47.357844 ], [ -122.304713, 47.357942 ], [ -122.309524, 47.357943 ], [ -122.313233, 47.357946 ], [ -122.313179, 47.353078 ], [ -122.312178, 47.352265 ], [ -122.31231, 47.351754 ], [ -122.313213, 47.351589 ], [ -122.313237, 47.350686 ], [ -122.31376, 47.348873 ], [ -122.315846, 47.348874 ], [ -122.315884, 47.347047 ], [ -122.318509, 47.34702 ], [ -122.318726, 47.343536 ], [ -122.319365, 47.345437 ], [ -122.3219, 47.346882 ], [ -122.324599, 47.346282 ], [ -122.326802, 47.343948 ], [ -122.330033, 47.343431 ], [ -122.330247, 47.342925 ], [ -122.329108, 47.340397 ], [ -122.331801, 47.340402 ], [ -122.334138, 47.340407 ], [ -122.3345, 47.340626 ], [ -122.334548200000015, 47.3424873 ], [ -122.336934, 47.341421 ], [ -122.3554524, 47.3377029 ], [ -122.364168, 47.335953 ], [ -122.374324, 47.333074 ], [ -122.3765024, 47.3288005 ], [ -122.377098, 47.327632 ], [ -122.3796707, 47.3266414 ], [ -122.3811, 47.326091 ], [ -122.384079, 47.325602 ], [ -122.386004, 47.327355 ], [ -122.391022, 47.32834 ], [ -122.396183, 47.326877 ], [ -122.402848, 47.322541 ], [ -122.403433799999988, 47.322465799999989 ], [ -122.414652, 47.321026 ], [ -122.41763730000001, 47.3203858 ] ] ] } },
{ "type": "Feature", "properties": { "GEOID": "5380010", "NAME": "Yakima city, Washington", "population": 97458.0 }, "geometry": { "type": "Polygon", "coordinates": [ [ [ -120.644427, 46.558306 ], [ -120.623546, 46.558296 ], [ -120.623468, 46.561367 ], [ -120.611482, 46.561927 ], [ -120.611679, 46.563832 ], [ -120.593819, 46.56374 ], [ -120.594075, 46.560968 ], [ -120.59699, 46.560973 ], [ -120.597014, 46.558338 ], [ -120.592356, 46.55829 ], [ -120.592421, 46.559313 ], [ -120.591718, 46.559323 ], [ -120.591734, 46.561819 ], [ -120.589056, 46.561822 ], [ -120.589042, 46.560032 ], [ -120.587369, 46.560029 ], [ -120.587367, 46.558922 ], [ -120.585442, 46.558868 ], [ -120.585433, 46.558203 ], [ -120.584593, 46.558193 ], [ -120.583857, 46.560448 ], [ -120.584391, 46.563665 ], [ -120.585896, 46.563673 ], [ -120.585897, 46.567358 ], [ -120.580534, 46.567314 ], [ -120.580566, 46.569146 ], [ -120.583237, 46.569156 ], [ -120.583225, 46.57074 ], [ -120.583223, 46.570986 ], [ -120.58116, 46.570979 ], [ -120.577823, 46.570962 ], [ -120.575488, 46.570953 ], [ -120.574511, 46.570949 ], [ -120.574493, 46.570207 ], [ -120.575208, 46.569973 ], [ -120.575116, 46.569112 ], [ -120.572622, 46.569125 ], [ -120.572601, 46.570942 ], [ -120.562159, 46.570939 ], [ -120.562528, 46.567377 ], [ -120.572596, 46.567322 ], [ -120.572646, 46.565509 ], [ -120.577972, 46.565515 ], [ -120.578002, 46.564585 ], [ -120.572671, 46.564607 ], [ -120.572697, 46.563703 ], [ -120.57557, 46.56369 ], [ -120.575634, 46.560786 ], [ -120.578102, 46.560842 ], [ -120.578103, 46.56063 ], [ -120.57564, 46.560622 ], [ -120.573055, 46.559929 ], [ -120.573116, 46.558038 ], [ -120.57243, 46.558031 ], [ -120.572379, 46.559921 ], [ -120.568423, 46.559992 ], [ -120.570303, 46.561269 ], [ -120.55992, 46.561662 ], [ -120.559721, 46.563651 ], [ -120.559552, 46.563712 ], [ -120.557114, 46.56369 ], [ -120.55689, 46.563831 ], [ -120.55687, 46.563635 ], [ -120.552795, 46.563619 ], [ -120.552773, 46.560758 ], [ -120.549696, 46.561793 ], [ -120.549287, 46.561476 ], [ -120.546142, 46.561082 ], [ -120.546173, 46.557891 ], [ -120.528491, 46.557982 ], [ -120.528269, 46.557292 ], [ -120.528258, 46.557981 ], [ -120.528178, 46.561607 ], [ -120.526021, 46.561635 ], [ -120.522973, 46.561668 ], [ -120.522952, 46.560115 ], [ -120.520291, 46.560172 ], [ -120.520392, 46.561644 ], [ -120.520394, 46.561668 ], [ -120.520096, 46.564939 ], [ -120.529082, 46.567228 ], [ -120.529745, 46.567666 ], [ -120.530314, 46.568505 ], [ -120.530313, 46.570864 ], [ -120.520013, 46.570793 ], [ -120.509502, 46.570728 ], [ -120.50156, 46.570628 ], [ -120.501637, 46.567883 ], [ -120.496091, 46.56871 ], [ -120.496305, 46.563284 ], [ -120.491045, 46.563219 ], [ -120.490361, 46.563211 ], [ -120.488446, 46.563187 ], [ -120.484237, 46.563135 ], [ -120.484236, 46.563648 ], [ -120.483032, 46.563669 ], [ -120.483, 46.564676 ], [ -120.484411, 46.564685 ], [ -120.484409, 46.565416 ], [ -120.483207, 46.56577 ], [ -120.482264, 46.566226 ], [ -120.482826, 46.570414 ], [ -120.486046, 46.57054 ], [ -120.485018, 46.574071 ], [ -120.488222, 46.574093 ], [ -120.48815, 46.577753 ], [ -120.471718, 46.577615 ], [ -120.471718, 46.577501 ], [ -120.471788, 46.570369 ], [ -120.466501, 46.570389 ], [ -120.465712, 46.573887 ], [ -120.465021, 46.573882 ], [ -120.465526, 46.575937 ], [ -120.466543, 46.577492 ], [ -120.466345, 46.578058 ], [ -120.461992, 46.581291 ], [ -120.46037, 46.582669 ], [ -120.461975, 46.585119 ], [ -120.466409, 46.587925 ], [ -120.468511, 46.589906 ], [ -120.469989, 46.592531 ], [ -120.472491, 46.59955 ], [ -120.470469, 46.601839 ], [ -120.471397, 46.603398 ], [ -120.475233, 46.605467 ], [ -120.482542, 46.606318 ], [ -120.483689, 46.606642 ], [ -120.48688, 46.608368 ], [ -120.487883, 46.609186 ], [ -120.488325, 46.609549 ], [ -120.489026, 46.610949 ], [ -120.488302, 46.61267 ], [ -120.487865, 46.613376 ], [ -120.488201, 46.614244 ], [ -120.488462, 46.615884 ], [ -120.490522, 46.618249 ], [ -120.489446, 46.62065 ], [ -120.490683, 46.622077 ], [ -120.4953, 46.623983 ], [ -120.497908, 46.624333 ], [ -120.49996, 46.624376 ], [ -120.500905, 46.624456 ], [ -120.500891, 46.62523 ], [ -120.502829, 46.627214 ], [ -120.505701, 46.629075 ], [ -120.508816, 46.630046 ], [ -120.509272, 46.630134 ], [ -120.511548, 46.6304 ], [ -120.511849, 46.630512 ], [ -120.514349, 46.630778 ], [ -120.514683, 46.630481 ], [ -120.515088, 46.630035 ], [ -120.519426, 46.628631 ], [ -120.520242, 46.62807 ], [ -120.521083, 46.627857 ], [ -120.52569, 46.626681 ], [ -120.534085, 46.625666 ], [ -120.538566, 46.625364 ], [ -120.542845, 46.624284 ], [ -120.549274, 46.625647 ], [ -120.55623, 46.626245 ], [ -120.562255, 46.626347 ], [ -120.562213, 46.628974 ], [ -120.570046, 46.629037 ], [ -120.570049, 46.628695 ], [ -120.570052, 46.627099 ], [ -120.565634, 46.624347 ], [ -120.564839, 46.622879 ], [ -120.572703, 46.626075 ], [ -120.572691, 46.625319 ], [ -120.577903, 46.627813 ], [ -120.577909, 46.628165 ], [ -120.579047, 46.62862 ], [ -120.581587, 46.627709 ], [ -120.579234, 46.625481 ], [ -120.579892, 46.625355 ], [ -120.578903, 46.624055 ], [ -120.576463, 46.622701 ], [ -120.572693, 46.621721 ], [ -120.577876, 46.621668 ], [ -120.577895, 46.619834 ], [ -120.572655, 46.619816 ], [ -120.572638, 46.618034 ], [ -120.571311, 46.616779 ], [ -120.572623, 46.616374 ], [ -120.571727, 46.614493 ], [ -120.570001, 46.61443 ], [ -120.570838, 46.613855 ], [ -120.572499, 46.612998 ], [ -120.573549, 46.613046 ], [ -120.575317, 46.611122 ], [ -120.572566, 46.611826 ], [ -120.572553, 46.610472 ], [ -120.574883, 46.610528 ], [ -120.576658, 46.608924 ], [ -120.577185, 46.608932 ], [ -120.576782, 46.610214 ], [ -120.57818, 46.613315 ], [ -120.580818, 46.612087 ], [ -120.584025, 46.611356 ], [ -120.584364, 46.611236 ], [ -120.585248, 46.613258 ], [ -120.585588, 46.615344 ], [ -120.588131, 46.6155 ], [ -120.588914, 46.617706 ], [ -120.591699, 46.617598 ], [ -120.593616, 46.618338 ], [ -120.593835, 46.616561 ], [ -120.592154, 46.616562 ], [ -120.59242, 46.615441 ], [ -120.592789, 46.613601 ], [ -120.591621, 46.612494 ], [ -120.587131, 46.613148 ], [ -120.585703, 46.610681 ], [ -120.590166, 46.609687 ], [ -120.593358, 46.609804 ], [ -120.596515, 46.61107 ], [ -120.596477, 46.612865 ], [ -120.593885, 46.61285 ], [ -120.593861, 46.614471 ], [ -120.596009, 46.614651 ], [ -120.601738, 46.614625 ], [ -120.601715, 46.613733 ], [ -120.604332, 46.613649 ], [ -120.604336, 46.611174 ], [ -120.614527, 46.611186 ], [ -120.614797, 46.608506 ], [ -120.616949, 46.608508 ], [ -120.617434, 46.610238 ], [ -120.618735, 46.610232 ], [ -120.619991, 46.609312 ], [ -120.620059, 46.602981 ], [ -120.624253, 46.60359 ], [ -120.62534, 46.602675 ], [ -120.627243, 46.603946 ], [ -120.626298, 46.605087 ], [ -120.628033, 46.605196 ], [ -120.630456, 46.603996 ], [ -120.630516, 46.603984 ], [ -120.630531, 46.605089 ], [ -120.635248, 46.605097 ], [ -120.635038, 46.603898 ], [ -120.632202, 46.603903 ], [ -120.634878, 46.603147 ], [ -120.635808, 46.603203 ], [ -120.635812, 46.594859 ], [ -120.63843, 46.594846 ], [ -120.638421, 46.592995 ], [ -120.63584, 46.592994 ], [ -120.63478, 46.592992 ], [ -120.634399, 46.592796 ], [ -120.634209, 46.592724 ], [ -120.631506, 46.592568 ], [ -120.630544, 46.59302 ], [ -120.630471, 46.589327 ], [ -120.628524, 46.589292 ], [ -120.628533, 46.585768 ], [ -120.633793, 46.585484 ], [ -120.633911, 46.582735 ], [ -120.630568, 46.582083 ], [ -120.620055, 46.582165 ], [ -120.619026, 46.585799 ], [ -120.616646, 46.585799 ], [ -120.616646, 46.584893 ], [ -120.6148, 46.584912 ], [ -120.614811, 46.582174 ], [ -120.614819, 46.574878 ], [ -120.625331, 46.57485 ], [ -120.625327, 46.573051 ], [ -120.622852, 46.573025 ], [ -120.622856, 46.571286 ], [ -120.61482, 46.571288 ], [ -120.614822, 46.569434 ], [ -120.609573, 46.56939 ], [ -120.609569, 46.567537 ], [ -120.622724, 46.567544 ], [ -120.622727, 46.569378 ], [ -120.630815, 46.569383 ], [ -120.630936, 46.571217 ], [ -120.636448, 46.571171 ], [ -120.636065, 46.567554 ], [ -120.641313, 46.567509 ], [ -120.641303, 46.563904 ], [ -120.640936, 46.563905 ], [ -120.640913, 46.562001 ], [ -120.644446, 46.562004 ], [ -120.644427, 46.558306 ] ], [ [ -120.566994, 46.625519 ], [ -120.564574, 46.625285 ], [ -120.563483, 46.62401 ], [ -120.561679, 46.622978 ], [ -120.563876, 46.622493 ], [ -120.56419, 46.622616 ], [ -120.564388, 46.622694 ], [ -120.565299, 46.624519 ], [ -120.566994, 46.625519 ] ] ] } },
{ "type": "Feature", "properties": { "GEOID": "5335940", "NAME": "Kirkland city, Washington", "population": 97410.0 }, "geometry": { "type": "Polygon", "coordinates": [ [ [ -122.271923, 47.720434 ], [ -122.271223, 47.718857 ], [ -122.269138, 47.714124 ], [ -122.265263, 47.708068 ], [ -122.262323, 47.704308 ], [ -122.260725, 47.702264 ], [ -122.255062, 47.696866 ], [ -122.25105, 47.693615 ], [ -122.243423, 47.689524 ], [ -122.233657, 47.684762 ], [ -122.231443, 47.682572 ], [ -122.230575, 47.680901 ], [ -122.229983, 47.677172 ], [ -122.229681, 47.668681 ], [ -122.230229, 47.666003 ], [ -122.231924, 47.663757 ], [ -122.235832, 47.660633 ], [ -122.239443, 47.658764 ], [ -122.240175, 47.658433 ], [ -122.24199, 47.657767 ], [ -122.239837, 47.657696 ], [ -122.228431, 47.657601 ], [ -122.217026, 47.657506 ], [ -122.212091, 47.657464 ], [ -122.209784, 47.649914 ], [ -122.21382, 47.644561 ], [ -122.213753, 47.642716 ], [ -122.21364, 47.642678 ], [ -122.212182, 47.642445 ], [ -122.20973, 47.643248 ], [ -122.207571, 47.643545 ], [ -122.207013, 47.643534 ], [ -122.204008, 47.643119 ], [ -122.202947, 47.643317 ], [ -122.201927, 47.644207 ], [ -122.20168, 47.644721 ], [ -122.201477, 47.644037 ], [ -122.200196, 47.642849 ], [ -122.19628, 47.642855 ], [ -122.196291, 47.645426 ], [ -122.195251, 47.646432 ], [ -122.187164, 47.646426 ], [ -122.180272, 47.646371 ], [ -122.180261, 47.653576 ], [ -122.185637, 47.653632 ], [ -122.185581, 47.661069 ], [ -122.180151, 47.660912 ], [ -122.180213, 47.657243 ], [ -122.169513, 47.657113 ], [ -122.169419, 47.660743 ], [ -122.164068, 47.66078 ], [ -122.15875, 47.660644 ], [ -122.158685, 47.665449 ], [ -122.161696, 47.665473 ], [ -122.161679, 47.666566 ], [ -122.16399, 47.666647 ], [ -122.163902, 47.675319 ], [ -122.163919, 47.679495 ], [ -122.163937, 47.6826 ], [ -122.164364, 47.685383 ], [ -122.164469, 47.686037 ], [ -122.164706, 47.687547 ], [ -122.164794, 47.688119 ], [ -122.164981, 47.689818 ], [ -122.164902, 47.691789 ], [ -122.164648, 47.696913 ], [ -122.164515, 47.701091 ], [ -122.164416, 47.706177 ], [ -122.163068, 47.70789 ], [ -122.163035, 47.711462 ], [ -122.157601, 47.711675 ], [ -122.154259, 47.711378 ], [ -122.153977, 47.711375 ], [ -122.151561, 47.718617 ], [ -122.149497, 47.725662 ], [ -122.152158, 47.725713 ], [ -122.153179, 47.726991 ], [ -122.153254, 47.723923 ], [ -122.155966, 47.723954 ], [ -122.155929, 47.725759 ], [ -122.159253, 47.725798 ], [ -122.159127, 47.729703 ], [ -122.162341, 47.729712 ], [ -122.163893, 47.730186 ], [ -122.163889, 47.730356 ], [ -122.163808, 47.732761 ], [ -122.163799, 47.733033 ], [ -122.163768, 47.73396 ], [ -122.171354, 47.7339 ], [ -122.175573, 47.733922 ], [ -122.175358, 47.737093 ], [ -122.181991, 47.739291 ], [ -122.186493, 47.740783 ], [ -122.186621, 47.73888 ], [ -122.187542, 47.733047 ], [ -122.188346, 47.733049 ], [ -122.189622, 47.733077 ], [ -122.195185, 47.733045 ], [ -122.200849, 47.733024 ], [ -122.207846, 47.733008 ], [ -122.213226, 47.733002 ], [ -122.213212, 47.732343 ], [ -122.215272, 47.733037 ], [ -122.217505, 47.733564 ], [ -122.218452, 47.734032 ], [ -122.2188, 47.733163 ], [ -122.223993, 47.733213 ], [ -122.237331, 47.73338 ], [ -122.240394, 47.733408 ], [ -122.243134, 47.732046 ], [ -122.245212, 47.731771 ], [ -122.244136, 47.728028 ], [ -122.246822, 47.728545 ], [ -122.247971, 47.727444 ], [ -122.250264, 47.727768 ], [ -122.250551, 47.725539 ], [ -122.259837, 47.725629 ], [ -122.259576, 47.726412 ], [ -122.273491, 47.726578 ], [ -122.271923, 47.720434 ] ] ] } },
{ "type": "Feature", "properties": { "GEOID": "5305280", "NAME": "Bellingham city, Washington", "population": 96395.0 }, "geometry": { "type": "Polygon", "coordinates": [ [ [ -122.524533, 48.793236 ], [ -122.526925, 48.793243 ], [ -122.52694, 48.789605 ], [ -122.524241, 48.789614 ], [ -122.524209, 48.785993 ], [ -122.522929, 48.784216 ], [ -122.518717, 48.784235 ], [ -122.518741, 48.782436 ], [ -122.518023, 48.782445 ], [ -122.517921, 48.776837 ], [ -122.517898, 48.7709 ], [ -122.511388, 48.769734 ], [ -122.509945, 48.769835 ], [ -122.507957, 48.769729 ], [ -122.507943, 48.76954 ], [ -122.507952, 48.76823 ], [ -122.512186, 48.767842 ], [ -122.515406, 48.766072 ], [ -122.516334, 48.764444 ], [ -122.509466, 48.762502 ], [ -122.5133111, 48.7588148 ], [ -122.51259779999998, 48.7575607 ], [ -122.512354, 48.757132 ], [ -122.506412, 48.754625 ], [ -122.497088, 48.753281 ], [ -122.4955256, 48.753336499999989 ], [ -122.494528, 48.753372 ], [ -122.490401, 48.751128 ], [ -122.4904528, 48.7491978 ], [ -122.490488, 48.747887 ], [ -122.4943951, 48.7456134 ], [ -122.494528, 48.745536 ], [ -122.4912699, 48.7424659 ], [ -122.491201, 48.742401 ], [ -122.495586, 48.738626 ], [ -122.4989421, 48.7339393 ], [ -122.4996377, 48.732968 ], [ -122.49973, 48.732839 ], [ -122.502609, 48.732526 ], [ -122.506129, 48.728046 ], [ -122.5057999, 48.725441 ], [ -122.505684, 48.724524 ], [ -122.507601, 48.721708 ], [ -122.508276, 48.7218008 ], [ -122.513305, 48.722492 ], [ -122.515511, 48.720992 ], [ -122.519247, 48.71716 ], [ -122.519172, 48.713095 ], [ -122.516227, 48.708342 ], [ -122.516182699999987, 48.708246 ], [ -122.514317, 48.704207 ], [ -122.515265299999982, 48.7022417 ], [ -122.515602, 48.701544 ], [ -122.513038, 48.697081 ], [ -122.507178, 48.689925 ], [ -122.5064051, 48.6896468 ], [ -122.505637100000015, 48.6893704 ], [ -122.505584, 48.6893513 ], [ -122.504569, 48.688986 ], [ -122.504511, 48.691436 ], [ -122.506888, 48.695358 ], [ -122.508076, 48.698809 ], [ -122.504273, 48.700692 ], [ -122.499995, 48.702731 ], [ -122.49738, 48.700692 ], [ -122.49879, 48.6985985 ], [ -122.499282, 48.697868 ], [ -122.4978769, 48.6957811 ], [ -122.479294, 48.695752 ], [ -122.47678, 48.695711 ], [ -122.454938, 48.695534 ], [ -122.449134, 48.693724 ], [ -122.449153, 48.695548 ], [ -122.444247, 48.695558 ], [ -122.444222, 48.693668 ], [ -122.44018, 48.693196 ], [ -122.431596, 48.691285 ], [ -122.425015, 48.689543 ], [ -122.423019, 48.68976 ], [ -122.422928, 48.698636 ], [ -122.424746, 48.699218 ], [ -122.426559, 48.699815 ], [ -122.43736, 48.705723 ], [ -122.438979, 48.706237 ], [ -122.4452, 48.706493 ], [ -122.454023, 48.706418 ], [ -122.453604, 48.72626 ], [ -122.453556, 48.73359 ], [ -122.446643, 48.733546 ], [ -122.44665, 48.734987 ], [ -122.442511, 48.735347 ], [ -122.432672, 48.735281 ], [ -122.420932, 48.735316 ], [ -122.420776, 48.738796 ], [ -122.420796, 48.751188 ], [ -122.417852, 48.751612 ], [ -122.415334, 48.751626 ], [ -122.415294, 48.753395 ], [ -122.411384, 48.753385 ], [ -122.403381, 48.755369 ], [ -122.399064, 48.756441 ], [ -122.399058, 48.771426 ], [ -122.409882, 48.771539 ], [ -122.409871, 48.772374 ], [ -122.409861, 48.774253 ], [ -122.42103, 48.774058 ], [ -122.421039, 48.774543 ], [ -122.420971, 48.782214 ], [ -122.420164, 48.785611 ], [ -122.415487, 48.785924 ], [ -122.415351, 48.791869 ], [ -122.414199, 48.792263 ], [ -122.415479, 48.794339 ], [ -122.417207, 48.79324 ], [ -122.417809, 48.793238 ], [ -122.420991, 48.793229 ], [ -122.42145, 48.789493 ], [ -122.421625, 48.789264 ], [ -122.432937, 48.789405 ], [ -122.439789, 48.789408 ], [ -122.439826, 48.79121 ], [ -122.437091, 48.791227 ], [ -122.43711, 48.793043 ], [ -122.434383, 48.793042 ], [ -122.434435, 48.800431 ], [ -122.448191, 48.800391 ], [ -122.448101, 48.796741 ], [ -122.458729, 48.796898 ], [ -122.45877, 48.803996 ], [ -122.463905, 48.803924 ], [ -122.480768, 48.804227 ], [ -122.480886, 48.807874 ], [ -122.486028, 48.807887 ], [ -122.486013, 48.81741 ], [ -122.497003, 48.817499 ], [ -122.497005, 48.816951 ], [ -122.505223, 48.817005 ], [ -122.508, 48.817049 ], [ -122.508003, 48.815102 ], [ -122.505253, 48.81509 ], [ -122.505272, 48.804291 ], [ -122.508115, 48.804289 ], [ -122.50839, 48.798611 ], [ -122.514554, 48.79876 ], [ -122.51585, 48.800472 ], [ -122.519117, 48.800804 ], [ -122.531662, 48.800466 ], [ -122.524533, 48.793236 ] ] ] } },
{ "type": "Feature", "properties": { "GEOID": "5335275", "NAME": "Kennewick city, Washington", "population": 88366.0 }, "geometry": { "type": "Polygon", "coordinates": [ [ [ -119.264876, 46.194316 ], [ -119.261294, 46.190993 ], [ -119.257629, 46.189161 ], [ -119.255578, 46.189331 ], [ -119.253463, 46.19371 ], [ -119.253485, 46.187708 ], [ -119.235593, 46.178751 ], [ -119.23204, 46.177055 ], [ -119.235922, 46.171319 ], [ -119.222593, 46.170121 ], [ -119.210085, 46.170026 ], [ -119.205491, 46.169822 ], [ -119.203502, 46.168107 ], [ -119.202557, 46.167634 ], [ -119.200097, 46.167842 ], [ -119.196369, 46.170074 ], [ -119.190857, 46.170138 ], [ -119.190955, 46.162734 ], [ -119.137999, 46.161975 ], [ -119.137967, 46.158359 ], [ -119.127678, 46.158183 ], [ -119.127679, 46.154538 ], [ -119.1216, 46.154399 ], [ -119.123009, 46.155824 ], [ -119.130093, 46.159578 ], [ -119.131278, 46.160778 ], [ -119.131461, 46.161236 ], [ -119.127677, 46.161821 ], [ -119.116896, 46.161671 ], [ -119.11683, 46.164456 ], [ -119.11661, 46.163035 ], [ -119.113308, 46.164216 ], [ -119.110126, 46.164216 ], [ -119.110149, 46.167418 ], [ -119.107826, 46.167478 ], [ -119.103142, 46.169044 ], [ -119.102913, 46.17156 ], [ -119.107259, 46.175684 ], [ -119.107323, 46.179995 ], [ -119.112636, 46.180037 ], [ -119.115663, 46.182021 ], [ -119.115846, 46.183702 ], [ -119.114818, 46.189968 ], [ -119.117122, 46.190622 ], [ -119.11712, 46.190962 ], [ -119.117106, 46.192437 ], [ -119.114904, 46.19374 ], [ -119.11251, 46.193735 ], [ -119.112482, 46.196393 ], [ -119.107204, 46.196385 ], [ -119.10719, 46.198181 ], [ -119.106413, 46.198179 ], [ -119.103464, 46.195564 ], [ -119.095228, 46.191551 ], [ -119.09499, 46.190886 ], [ -119.094352, 46.189077 ], [ -119.091504, 46.189029 ], [ -119.091373, 46.194514 ], [ -119.087213, 46.194514 ], [ -119.091385, 46.197203 ], [ -119.091341, 46.198166 ], [ -119.090845, 46.198235 ], [ -119.089624, 46.19834 ], [ -119.089529, 46.200431 ], [ -119.092798, 46.201805 ], [ -119.091435, 46.2018 ], [ -119.091416, 46.205421 ], [ -119.095294, 46.205436 ], [ -119.095231, 46.203639 ], [ -119.09666, 46.203727 ], [ -119.096646, 46.207267 ], [ -119.091407, 46.207224 ], [ -119.091417, 46.20588 ], [ -119.089202, 46.205874 ], [ -119.088722, 46.20715 ], [ -119.091407, 46.207788 ], [ -119.09141, 46.208944 ], [ -119.096623, 46.210716 ], [ -119.09656, 46.214357 ], [ -119.097581, 46.214964 ], [ -119.101196, 46.217122 ], [ -119.104502, 46.218488 ], [ -119.113237, 46.221564 ], [ -119.11982, 46.223301 ], [ -119.125749, 46.224475 ], [ -119.135239, 46.225777 ], [ -119.135432, 46.225795 ], [ -119.148592, 46.226884 ], [ -119.15905, 46.226688 ], [ -119.168004, 46.227411 ], [ -119.173297, 46.228564 ], [ -119.181217, 46.231012 ], [ -119.187132, 46.232805 ], [ -119.191597, 46.233427 ], [ -119.198835, 46.234271 ], [ -119.201279, 46.234819 ], [ -119.203363, 46.235341 ], [ -119.20703, 46.236817 ], [ -119.210448, 46.238934 ], [ -119.21204, 46.240535 ], [ -119.211507, 46.232495 ], [ -119.21163, 46.231941 ], [ -119.219574, 46.232249 ], [ -119.222985, 46.230912 ], [ -119.223703, 46.22922 ], [ -119.227292, 46.229208 ], [ -119.229497, 46.229403 ], [ -119.231948, 46.23006 ], [ -119.243745, 46.235584 ], [ -119.243765, 46.233651 ], [ -119.248966, 46.233644 ], [ -119.249142, 46.227214 ], [ -119.243944, 46.227242 ], [ -119.244286, 46.216374 ], [ -119.244357, 46.212621 ], [ -119.242785, 46.212619 ], [ -119.242847, 46.209068 ], [ -119.25539, 46.205392 ], [ -119.258924, 46.203828 ], [ -119.26236, 46.200817 ], [ -119.266847, 46.195092 ], [ -119.264876, 46.194316 ] ], [ [ -119.264024, 46.198451 ], [ -119.260933, 46.200435 ], [ -119.257441, 46.20054 ], [ -119.24705, 46.200398 ], [ -119.245516, 46.197447 ], [ -119.264028, 46.197016 ], [ -119.264024, 46.198451 ] ], [ [ -119.232447, 46.200115 ], [ -119.227803, 46.199684 ], [ -119.225933, 46.19837 ], [ -119.226485, 46.196199 ], [ -119.228632, 46.196679 ], [ -119.229214, 46.195144 ], [ -119.232599, 46.19589 ], [ -119.232447, 46.200115 ] ], [ [ -119.217903, 46.230978 ], [ -119.213175, 46.231802 ], [ -119.206943, 46.230383 ], [ -119.205529, 46.230289 ], [ -119.202365, 46.229716 ], [ -119.191231, 46.228227 ], [ -119.187686, 46.227702 ], [ -119.171945, 46.224312 ], [ -119.17131, 46.223839 ], [ -119.169437, 46.223502 ], [ -119.170012, 46.222215 ], [ -119.177418, 46.222863 ], [ -119.180958, 46.222457 ], [ -119.181485, 46.222281 ], [ -119.183489, 46.223249 ], [ -119.187743, 46.223263 ], [ -119.18803, 46.226624 ], [ -119.191555, 46.227172 ], [ -119.19159, 46.225079 ], [ -119.194381, 46.225088 ], [ -119.194363, 46.226897 ], [ -119.207647, 46.226928 ], [ -119.218311, 46.226951 ], [ -119.217903, 46.230978 ] ], [ [ -119.179439, 46.200409 ], [ -119.178403, 46.200366 ], [ -119.178431, 46.199459 ], [ -119.179467, 46.199505 ], [ -119.179439, 46.200409 ] ] ] } },
{ "type": "Feature", "properties": { "GEOID": "5303180", "NAME": "Auburn city, Washington", "population": 86301.0 }, "geometry": { "type": "Polygon", "coordinates": [ [ [ -122.279009, 47.313 ], [ -122.276061, 47.307145 ], [ -122.273722, 47.304308 ], [ -122.273168, 47.30428 ], [ -122.270986, 47.304535 ], [ -122.270991, 47.304105 ], [ -122.270999, 47.303268 ], [ -122.265756, 47.303216 ], [ -122.265766, 47.300649 ], [ -122.265015, 47.300649 ], [ -122.26511, 47.290892 ], [ -122.26459, 47.290405 ], [ -122.262184, 47.290533 ], [ -122.26145, 47.291047 ], [ -122.260443, 47.290472 ], [ -122.260468, 47.29348 ], [ -122.259746, 47.293495 ], [ -122.248278, 47.293579 ], [ -122.240393, 47.293638 ], [ -122.245729, 47.285582 ], [ -122.246205, 47.28449 ], [ -122.246449, 47.279092 ], [ -122.239422, 47.279126 ], [ -122.239444, 47.275484 ], [ -122.236788, 47.275482 ], [ -122.236833, 47.271897 ], [ -122.230358, 47.271933 ], [ -122.23013, 47.268298 ], [ -122.228747, 47.268375 ], [ -122.228823, 47.266641 ], [ -122.230031, 47.26673 ], [ -122.229982, 47.265887 ], [ -122.229495, 47.257556 ], [ -122.229494, 47.257538 ], [ -122.2292, 47.251815 ], [ -122.229415, 47.251774 ], [ -122.235145, 47.250712 ], [ -122.229109, 47.250034 ], [ -122.228911, 47.246383 ], [ -122.227646, 47.246377 ], [ -122.223926, 47.246361 ], [ -122.223222, 47.242709 ], [ -122.218687, 47.242665 ], [ -122.218698, 47.241733 ], [ -122.208341, 47.241713 ], [ -122.208307, 47.240753 ], [ -122.203262, 47.24094 ], [ -122.203134, 47.242754 ], [ -122.196505, 47.24308 ], [ -122.194682, 47.246759 ], [ -122.189888, 47.246926 ], [ -122.189855, 47.247592 ], [ -122.189731, 47.250256 ], [ -122.189714, 47.250431 ], [ -122.187491, 47.250477 ], [ -122.187188, 47.250473 ], [ -122.187071, 47.250743 ], [ -122.186892, 47.254053 ], [ -122.201667, 47.253818 ], [ -122.208399, 47.253803 ], [ -122.208347, 47.257474 ], [ -122.186825, 47.257471 ], [ -122.174531, 47.257538 ], [ -122.165759, 47.257547 ], [ -122.144392, 47.25752 ], [ -122.144384, 47.258768 ], [ -122.149228, 47.263384 ], [ -122.152736, 47.262785 ], [ -122.156288, 47.264306 ], [ -122.157085, 47.266051 ], [ -122.155753, 47.267973 ], [ -122.158416, 47.271967 ], [ -122.144509, 47.271972 ], [ -122.144513, 47.284059 ], [ -122.150182, 47.284978 ], [ -122.155553, 47.28636 ], [ -122.161482, 47.286353 ], [ -122.165869, 47.286363 ], [ -122.171117, 47.286376 ], [ -122.171068, 47.289171 ], [ -122.173023, 47.289986 ], [ -122.17875, 47.29031 ], [ -122.181539, 47.292265 ], [ -122.181496, 47.299486 ], [ -122.181482, 47.300502 ], [ -122.184499, 47.300894 ], [ -122.186891, 47.300927 ], [ -122.192246, 47.300971 ], [ -122.197536, 47.302244 ], [ -122.197745, 47.303892 ], [ -122.199863, 47.305117 ], [ -122.199599, 47.306404 ], [ -122.199626, 47.306459 ], [ -122.200767, 47.306988 ], [ -122.201192, 47.308204 ], [ -122.200918, 47.308203 ], [ -122.20121, 47.310325 ], [ -122.202886, 47.311864 ], [ -122.200958, 47.311828 ], [ -122.198076, 47.308586 ], [ -122.197163, 47.306098 ], [ -122.192305, 47.306221 ], [ -122.192319, 47.308163 ], [ -122.176352, 47.308041 ], [ -122.176393, 47.311681 ], [ -122.171697, 47.311574 ], [ -122.170162, 47.312354 ], [ -122.167716, 47.316509 ], [ -122.166447, 47.318113 ], [ -122.165539, 47.319821 ], [ -122.161672, 47.324175 ], [ -122.160584, 47.328303 ], [ -122.158985, 47.332133 ], [ -122.15774, 47.333095 ], [ -122.155276, 47.332809 ], [ -122.151258, 47.335126 ], [ -122.150064, 47.336755 ], [ -122.148956, 47.336751 ], [ -122.148112, 47.338195 ], [ -122.145819, 47.343515 ], [ -122.149562, 47.343495 ], [ -122.154854, 47.343482 ], [ -122.165501, 47.343439 ], [ -122.165536, 47.34888 ], [ -122.176138, 47.348914 ], [ -122.180782, 47.348908 ], [ -122.181451, 47.350266 ], [ -122.184134, 47.350261 ], [ -122.186773, 47.350715 ], [ -122.197115, 47.350819 ], [ -122.202361, 47.350827 ], [ -122.202388, 47.346091 ], [ -122.204167, 47.346099 ], [ -122.20414, 47.350862 ], [ -122.207608, 47.350909 ], [ -122.207738, 47.347145 ], [ -122.205102, 47.343538 ], [ -122.205636, 47.341419 ], [ -122.206916, 47.340718 ], [ -122.206582, 47.340949 ], [ -122.20566, 47.342143 ], [ -122.205651, 47.343517 ], [ -122.20986, 47.349342 ], [ -122.209154, 47.350935 ], [ -122.208598, 47.351835 ], [ -122.208657, 47.353388 ], [ -122.20948, 47.353178 ], [ -122.212692, 47.353871 ], [ -122.229173, 47.353769 ], [ -122.238766, 47.353652 ], [ -122.243441, 47.353651 ], [ -122.244036, 47.352598 ], [ -122.24468, 47.34489 ], [ -122.249745, 47.344888 ], [ -122.249683, 47.347127 ], [ -122.265485, 47.347055 ], [ -122.265517, 47.345234 ], [ -122.266091, 47.345234 ], [ -122.26594, 47.343417 ], [ -122.270804, 47.343385 ], [ -122.270804, 47.336704 ], [ -122.270814, 47.334899 ], [ -122.270849, 47.331997 ], [ -122.270888, 47.329464 ], [ -122.270919, 47.315264 ], [ -122.271001, 47.315052 ], [ -122.271736, 47.314587 ], [ -122.277528, 47.314569 ], [ -122.280782, 47.314134 ], [ -122.279009, 47.313 ] ], [ [ -122.228875, 47.282771 ], [ -122.224016, 47.282791 ], [ -122.224097, 47.279473 ], [ -122.227224, 47.279847 ], [ -122.228879, 47.280681 ], [ -122.228875, 47.282771 ] ], [ [ -122.228479, 47.349963 ], [ -122.226711, 47.349964 ], [ -122.226738, 47.348991 ], [ -122.22506, 47.348693 ], [ -122.225149, 47.346867 ], [ -122.228452, 47.346394 ], [ -122.228479, 47.349963 ] ], [ [ -122.198758, 47.245939 ], [ -122.197405, 47.245992 ], [ -122.197401, 47.245265 ], [ -122.197634, 47.245112 ], [ -122.19813, 47.244834 ], [ -122.198758, 47.245939 ] ], [ [ -122.18416, 47.337087 ], [ -122.181531, 47.337044 ], [ -122.181458, 47.343536 ], [ -122.176148, 47.343503 ], [ -122.176229, 47.338478 ], [ -122.176368, 47.32976 ], [ -122.178608, 47.329787 ], [ -122.181653, 47.331834 ], [ -122.183101, 47.33382 ], [ -122.184173, 47.333831 ], [ -122.18416, 47.337087 ] ] ] } },
{ "type": "Feature", "properties": { "GEOID": "5353545", "NAME": "Pasco city, Washington", "population": 82848.0 }, "geometry": { "type": "MultiPolygon", "coordinates": [ [ [ [ -119.265854, 46.273988 ], [ -119.259981, 46.269354 ], [ -119.256801, 46.268295 ], [ -119.247204, 46.266388 ], [ -119.244806, 46.267781 ], [ -119.244823, 46.271086 ], [ -119.241879, 46.271055 ], [ -119.242679, 46.26787 ], [ -119.242222, 46.266561 ], [ -119.240775, 46.266564 ], [ -119.243352, 46.264739 ], [ -119.242508, 46.264347 ], [ -119.238231, 46.262084 ], [ -119.236787, 46.261081 ], [ -119.232873, 46.257581 ], [ -119.227849, 46.252997 ], [ -119.217237, 46.244801 ], [ -119.21204, 46.240535 ], [ -119.210448, 46.238934 ], [ -119.20703, 46.236817 ], [ -119.203363, 46.235341 ], [ -119.201279, 46.234819 ], [ -119.198835, 46.234271 ], [ -119.191597, 46.233427 ], [ -119.187132, 46.232805 ], [ -119.181217, 46.231012 ], [ -119.173297, 46.228564 ], [ -119.168004, 46.227411 ], [ -119.15905, 46.226688 ], [ -119.148592, 46.226884 ], [ -119.135432, 46.225795 ], [ -119.135239, 46.225777 ], [ -119.125749, 46.224475 ], [ -119.11982, 46.223301 ], [ -119.113237, 46.221564 ], [ -119.104502, 46.218488 ], [ -119.101196, 46.217122 ], [ -119.097581, 46.214964 ], [ -119.09656, 46.214357 ], [ -119.089, 46.210939 ], [ -119.07937, 46.207875 ], [ -119.073545, 46.205753 ], [ -119.065183, 46.202173 ], [ -119.061465, 46.200768 ], [ -119.054383, 46.198671 ], [ -119.045645, 46.195287 ], [ -119.041498, 46.192667 ], [ -119.039918, 46.196256 ], [ -119.037218, 46.198056 ], [ -119.031961, 46.207376 ], [ -119.023453, 46.216616 ], [ -119.02686, 46.218901 ], [ -119.034489, 46.224731 ], [ -119.034191, 46.240765 ], [ -119.044706, 46.240817 ], [ -119.044864, 46.241402 ], [ -119.044557, 46.24582 ], [ -119.048638, 46.246352 ], [ -119.049735, 46.248127 ], [ -119.054939, 46.248151 ], [ -119.054121, 46.270349 ], [ -119.075326, 46.270075 ], [ -119.074022, 46.281371 ], [ -119.084451, 46.281404 ], [ -119.084128, 46.284387 ], [ -119.085837, 46.285158 ], [ -119.093399, 46.285173 ], [ -119.093558, 46.285811 ], [ -119.093363, 46.292659 ], [ -119.09315, 46.300101 ], [ -119.100419, 46.30009 ], [ -119.10296, 46.301149 ], [ -119.104733, 46.303733 ], [ -119.104672, 46.307471 ], [ -119.113192, 46.307475 ], [ -119.114642, 46.305379 ], [ -119.113276, 46.300061 ], [ -119.103406, 46.300084 ], [ -119.104162, 46.2927 ], [ -119.104921, 46.285305 ], [ -119.109148, 46.285353 ], [ -119.10543, 46.279178 ], [ -119.104272, 46.277891 ], [ -119.106366, 46.277884 ], [ -119.136836, 46.278065 ], [ -119.137015, 46.285416 ], [ -119.14893, 46.285436 ], [ -119.152098, 46.287745 ], [ -119.14785, 46.290617 ], [ -119.14721, 46.29277 ], [ -119.168273, 46.292724 ], [ -119.167926, 46.300126 ], [ -119.174137, 46.300133 ], [ -119.176062, 46.299647 ], [ -119.178577, 46.29755 ], [ -119.178511, 46.300138 ], [ -119.194125, 46.300155 ], [ -119.200247, 46.305598 ], [ -119.212846, 46.305539 ], [ -119.215158, 46.303981 ], [ -119.216978, 46.303979 ], [ -119.216447, 46.304898 ], [ -119.213294, 46.306993 ], [ -119.220468, 46.307014 ], [ -119.220432, 46.309029 ], [ -119.232843, 46.30898 ], [ -119.232529, 46.307977 ], [ -119.241507, 46.307982 ], [ -119.241893, 46.292988 ], [ -119.236687, 46.292956 ], [ -119.23705, 46.285649 ], [ -119.250051, 46.285671 ], [ -119.250244, 46.279547 ], [ -119.250896, 46.274694 ], [ -119.266295, 46.27466 ], [ -119.265854, 46.273988 ] ], [ [ -119.238386, 46.270907 ], [ -119.232471, 46.27095 ], [ -119.235709, 46.269083 ], [ -119.235743, 46.269676 ], [ -119.238456, 46.269706 ], [ -119.238386, 46.270907 ] ], [ [ -119.231126, 46.300181 ], [ -119.228447, 46.30018 ], [ -119.225965, 46.300178 ], [ -119.225945, 46.296631 ], [ -119.221612, 46.292866 ], [ -119.231475, 46.292925 ], [ -119.231126, 46.300181 ] ], [ [ -119.195578, 46.256196 ], [ -119.183746, 46.256158 ], [ -119.183811, 46.254358 ], [ -119.181695, 46.25435 ], [ -119.179893, 46.255246 ], [ -119.179915, 46.254515 ], [ -119.175928, 46.254342 ], [ -119.174556, 46.256147 ], [ -119.174603, 46.254339 ], [ -119.169436, 46.254337 ], [ -119.169398, 46.256147 ], [ -119.16593, 46.256146 ], [ -119.166184, 46.250523 ], [ -119.169495, 46.250347 ], [ -119.169485, 46.250678 ], [ -119.180002, 46.250706 ], [ -119.180134, 46.247103 ], [ -119.185385, 46.247145 ], [ -119.185321, 46.248951 ], [ -119.187948, 46.248971 ], [ -119.188095, 46.244806 ], [ -119.192894, 46.24537 ], [ -119.1933, 46.246194 ], [ -119.195778, 46.24617 ], [ -119.195578, 46.256196 ] ], [ [ -119.191878, 46.292737 ], [ -119.181448, 46.292687 ], [ -119.181681, 46.288981 ], [ -119.178998, 46.288959 ], [ -119.179161, 46.285246 ], [ -119.179388, 46.285247 ], [ -119.189193, 46.28531 ], [ -119.191878, 46.292737 ] ], [ [ -119.184893, 46.259784 ], [ -119.180702, 46.259749 ], [ -119.180229, 46.258392 ], [ -119.181029, 46.258207 ], [ -119.18492, 46.258644 ], [ -119.184893, 46.259784 ] ], [ [ -119.168741, 46.278019 ], [ -119.168615, 46.279802 ], [ -119.168591, 46.281631 ], [ -119.158208, 46.281774 ], [ -119.15817, 46.279951 ], [ -119.158164, 46.278137 ], [ -119.168743, 46.27792 ], [ -119.168741, 46.278019 ] ], [ [ -119.164293, 46.247797 ], [ -119.163016, 46.24707 ], [ -119.159067, 46.247061 ], [ -119.158959, 46.250695 ], [ -119.161583, 46.250696 ], [ -119.161477, 46.254303 ], [ -119.160165, 46.254306 ], [ -119.160114, 46.256141 ], [ -119.158809, 46.256141 ], [ -119.151753, 46.256038 ], [ -119.142869, 46.256042 ], [ -119.142963, 46.25398 ], [ -119.142703, 46.253239 ], [ -119.14265, 46.252767 ], [ -119.143033, 46.252422 ], [ -119.143322, 46.246065 ], [ -119.148577, 46.246099 ], [ -119.148686, 46.243379 ], [ -119.149995, 46.243383 ], [ -119.150068, 46.241569 ], [ -119.156617, 46.241594 ], [ -119.156695, 46.237921 ], [ -119.159312, 46.237959 ], [ -119.159221, 46.241604 ], [ -119.159171, 46.243421 ], [ -119.161813, 46.243443 ], [ -119.161762, 46.245243 ], [ -119.164357, 46.245278 ], [ -119.164293, 46.247797 ] ] ], [ [ [ -119.159171, 46.243421 ], [ -119.158833, 46.243416 ], [ -119.156555, 46.2434 ], [ -119.153967, 46.242523 ], [ -119.153916, 46.244236 ], [ -119.159132, 46.244832 ], [ -119.159171, 46.243421 ] ] ] ] } },
{ "type": "Feature", "properties": { "GEOID": "5357535", "NAME": "Redmond city, Washington", "population": 82506.0 }, "geometry": { "type": "MultiPolygon", "coordinates": [ [ [ [ -122.057394, 47.694743 ], [ -122.046428, 47.694492 ], [ -122.046713, 47.701899 ], [ -122.035999, 47.701666 ], [ -122.035658, 47.709087 ], [ -122.034617, 47.716645 ], [ -122.056391, 47.717018 ], [ -122.057426, 47.70213 ], [ -122.057394, 47.694743 ] ] ], [ [ [ -122.083878, 47.692222 ], [ -122.079269, 47.692059 ], [ -122.078992, 47.692394 ], [ -122.078567, 47.69306 ], [ -122.078643, 47.698327 ], [ -122.084045, 47.698543 ], [ -122.083878, 47.692222 ] ] ], [ [ [ -122.164981, 47.689818 ], [ -122.164794, 47.688119 ], [ -122.164706, 47.687547 ], [ -122.162721, 47.687715 ], [ -122.160276, 47.685909 ], [ -122.161824, 47.685574 ], [ -122.164364, 47.685383 ], [ -122.163937, 47.6826 ], [ -122.163919, 47.679495 ], [ -122.163902, 47.675319 ], [ -122.16399, 47.666647 ], [ -122.161679, 47.666566 ], [ -122.161696, 47.665473 ], [ -122.158685, 47.665449 ], [ -122.15875, 47.660644 ], [ -122.153403, 47.660559 ], [ -122.14335, 47.660643 ], [ -122.143341, 47.655061 ], [ -122.143403, 47.653459 ], [ -122.143175, 47.648705 ], [ -122.143048, 47.645951 ], [ -122.143049, 47.645036 ], [ -122.143073, 47.641468 ], [ -122.14308, 47.638619 ], [ -122.143041, 47.631491 ], [ -122.143106, 47.627161 ], [ -122.142391, 47.627864 ], [ -122.137275, 47.627873 ], [ -122.135179, 47.62891 ], [ -122.134041, 47.631583 ], [ -122.132354, 47.632695 ], [ -122.132349, 47.635137 ], [ -122.129496, 47.635103 ], [ -122.128028, 47.635194 ], [ -122.124918, 47.637029 ], [ -122.123135, 47.638068 ], [ -122.114383, 47.645283 ], [ -122.114278, 47.64608 ], [ -122.110902, 47.646088 ], [ -122.1109, 47.640649 ], [ -122.110907, 47.636724 ], [ -122.110863, 47.63124 ], [ -122.110937, 47.627634 ], [ -122.10862, 47.627637 ], [ -122.092554, 47.62753 ], [ -122.092219, 47.627183 ], [ -122.088189, 47.627531 ], [ -122.086926, 47.627533 ], [ -122.079301, 47.627536 ], [ -122.079991, 47.632142 ], [ -122.081666, 47.635207 ], [ -122.084247, 47.637969 ], [ -122.086475, 47.639701 ], [ -122.093522, 47.64449 ], [ -122.096628, 47.647138 ], [ -122.098154, 47.648381 ], [ -122.101145, 47.650148 ], [ -122.111887, 47.65424 ], [ -122.115182, 47.657252 ], [ -122.118907, 47.655666 ], [ -122.121294, 47.65781 ], [ -122.125849, 47.661348 ], [ -122.126133, 47.661714 ], [ -122.125876, 47.661778 ], [ -122.126935, 47.664106 ], [ -122.12646, 47.666766 ], [ -122.121613, 47.667022 ], [ -122.112397, 47.666872 ], [ -122.110913, 47.667089 ], [ -122.110939, 47.664061 ], [ -122.105555, 47.664006 ], [ -122.105554, 47.662222 ], [ -122.100154, 47.662156 ], [ -122.100087, 47.65937 ], [ -122.096255, 47.659741 ], [ -122.094157, 47.656167 ], [ -122.091999, 47.653625 ], [ -122.090609, 47.654476 ], [ -122.088162, 47.657487 ], [ -122.086963, 47.657324 ], [ -122.087261, 47.658274 ], [ -122.085787, 47.661951 ], [ -122.084091, 47.662909 ], [ -122.079278, 47.66397 ], [ -122.079471, 47.666044 ], [ -122.082082, 47.671327 ], [ -122.082224, 47.672872 ], [ -122.078992, 47.673195 ], [ -122.078993, 47.674998 ], [ -122.0817, 47.675032 ], [ -122.08169, 47.678629 ], [ -122.084367, 47.678621 ], [ -122.084321, 47.682236 ], [ -122.079175, 47.682331 ], [ -122.079663, 47.68321 ], [ -122.081286, 47.684383 ], [ -122.086942, 47.683901 ], [ -122.086873, 47.685597 ], [ -122.090569, 47.685597 ], [ -122.08944, 47.687069 ], [ -122.08938, 47.689017 ], [ -122.089495, 47.688966 ], [ -122.09007, 47.689372 ], [ -122.091886, 47.690041 ], [ -122.091966, 47.690723 ], [ -122.092905, 47.692821 ], [ -122.093197, 47.699012 ], [ -122.093049, 47.699584 ], [ -122.090456, 47.699687 ], [ -122.091098, 47.702895 ], [ -122.09299, 47.703073 ], [ -122.099926, 47.70372 ], [ -122.099758, 47.710985 ], [ -122.110621, 47.711023 ], [ -122.113989, 47.711033 ], [ -122.114018, 47.710371 ], [ -122.117329, 47.710657 ], [ -122.117262, 47.712293 ], [ -122.118716, 47.711818 ], [ -122.12294, 47.711257 ], [ -122.124183, 47.711085 ], [ -122.131852, 47.711153 ], [ -122.131852, 47.707579 ], [ -122.134399, 47.707604 ], [ -122.133645, 47.704019 ], [ -122.142613, 47.704074 ], [ -122.142637, 47.707672 ], [ -122.153657, 47.707805 ], [ -122.153977, 47.711375 ], [ -122.154259, 47.711378 ], [ -122.157601, 47.711675 ], [ -122.163035, 47.711462 ], [ -122.163068, 47.70789 ], [ -122.164416, 47.706177 ], [ -122.164515, 47.701091 ], [ -122.164648, 47.696913 ], [ -122.164902, 47.691789 ], [ -122.164981, 47.689818 ] ] ] ] } },
{ "type": "Feature", "properties": { "GEOID": "5343955", "NAME": "Marysville city, Washington", "population": 77686.0 }, "geometry": { "type": "MultiPolygon", "coordinates": [ [ [ [ -122.120114, 48.08292 ], [ -122.118802, 48.082906 ], [ -122.118837, 48.083777 ], [ -122.118874, 48.084698 ], [ -122.120186, 48.08471 ], [ -122.120114, 48.08292 ] ] ], [ [ [ -122.196121, 48.18786 ], [ -122.196019, 48.187864 ], [ -122.196042, 48.188103 ], [ -122.196142, 48.1881 ], [ -122.196121, 48.18786 ] ] ], [ [ [ -122.215403, 48.151841 ], [ -122.210911, 48.151893 ], [ -122.210935, 48.151025 ], [ -122.207997, 48.151441 ], [ -122.205426, 48.149215 ], [ -122.207893, 48.148286 ], [ -122.20317, 48.148332 ], [ -122.199601, 48.143122 ], [ -122.189101, 48.129514 ], [ -122.194607, 48.129383 ], [ -122.194885, 48.126359 ], [ -122.189464, 48.126199 ], [ -122.190033, 48.12289 ], [ -122.18636, 48.122925 ], [ -122.185203, 48.122982 ], [ -122.184324, 48.122947 ], [ -122.18415, 48.110892 ], [ -122.184094, 48.107269 ], [ -122.184081, 48.106914 ], [ -122.183995, 48.103801 ], [ -122.183966, 48.100107 ], [ -122.183872, 48.097938 ], [ -122.183878, 48.097758 ], [ -122.183911, 48.095676 ], [ -122.183795, 48.075735 ], [ -122.183819, 48.068141 ], [ -122.183944, 48.061294 ], [ -122.184107, 48.051901 ], [ -122.184125, 48.049214 ], [ -122.184128, 48.047744 ], [ -122.184262, 48.036077 ], [ -122.178357, 48.036087 ], [ -122.173172, 48.035964 ], [ -122.173172, 48.037705 ], [ -122.171612, 48.03727 ], [ -122.167289, 48.039181 ], [ -122.165835, 48.038714 ], [ -122.162156, 48.035687 ], [ -122.156773, 48.03478 ], [ -122.155436, 48.034124 ], [ -122.154565, 48.032407 ], [ -122.156572, 48.029709 ], [ -122.150891, 48.029182 ], [ -122.148554, 48.0253 ], [ -122.14498, 48.021781 ], [ -122.140562, 48.021796 ], [ -122.135083, 48.021694 ], [ -122.134702, 48.021621 ], [ -122.130978, 48.020078 ], [ -122.129695, 48.02001 ], [ -122.1296, 48.020014 ], [ -122.125384, 48.021583 ], [ -122.124537, 48.021702 ], [ -122.122519, 48.021683 ], [ -122.115796, 48.021597 ], [ -122.109388, 48.02146 ], [ -122.1102, 48.027921 ], [ -122.11047, 48.034139 ], [ -122.110827, 48.050029 ], [ -122.110942, 48.053419 ], [ -122.111176, 48.064714 ], [ -122.111978, 48.064707 ], [ -122.112029, 48.0669 ], [ -122.111231, 48.06691 ], [ -122.111395, 48.071956 ], [ -122.111506, 48.078061 ], [ -122.118585, 48.077539 ], [ -122.118662, 48.08201 ], [ -122.121401, 48.082045 ], [ -122.121417, 48.082935 ], [ -122.129319, 48.083022 ], [ -122.129234, 48.076033 ], [ -122.133208, 48.076082 ], [ -122.133359, 48.074343 ], [ -122.140005, 48.07438 ], [ -122.13975, 48.077782 ], [ -122.140089, 48.084894 ], [ -122.140546, 48.091959 ], [ -122.150062, 48.091896 ], [ -122.151307, 48.091885 ], [ -122.151743, 48.113209 ], [ -122.151761, 48.114315 ], [ -122.150585, 48.114256 ], [ -122.1497, 48.114835 ], [ -122.149745, 48.117996 ], [ -122.152061, 48.118069 ], [ -122.151658, 48.125905 ], [ -122.151655, 48.126378 ], [ -122.147241, 48.126365 ], [ -122.146019, 48.130297 ], [ -122.145955, 48.133687 ], [ -122.151344, 48.133758 ], [ -122.151126, 48.137903 ], [ -122.143104, 48.146475 ], [ -122.161746, 48.146633 ], [ -122.161799, 48.144785 ], [ -122.167096, 48.14489 ], [ -122.168389, 48.146719 ], [ -122.171997, 48.146787 ], [ -122.172368, 48.146795 ], [ -122.172406, 48.144996 ], [ -122.187405, 48.145093 ], [ -122.188682, 48.152378 ], [ -122.190617, 48.163285 ], [ -122.196558, 48.163154 ], [ -122.196582, 48.15578 ], [ -122.202382, 48.155486 ], [ -122.204781, 48.155604 ], [ -122.215677, 48.155539 ], [ -122.215403, 48.151841 ] ], [ [ -122.173254, 48.126447 ], [ -122.168141, 48.126377 ], [ -122.168436, 48.122773 ], [ -122.170385, 48.120674 ], [ -122.172235, 48.12067 ], [ -122.173468, 48.121127 ], [ -122.173254, 48.126447 ] ] ], [ [ [ -122.286503, 48.153893 ], [ -122.283803, 48.153865 ], [ -122.283775, 48.155825 ], [ -122.284909, 48.155733 ], [ -122.285699, 48.1557 ], [ -122.286494, 48.155691 ], [ -122.286503, 48.153893 ] ] ] ] } },
{ "type": "Feature", "properties": { "GEOID": "5363960", "NAME": "Shoreline city, Washington", "population": 66542.0 }, "geometry": { "type": "Polygon", "coordinates": [ [ [ -122.394355, 47.777093 ], [ -122.393623, 47.773876 ], [ -122.394442, 47.772219 ], [ -122.388969, 47.766939 ], [ -122.387742, 47.764519 ], [ -122.386365700000013, 47.763418099999988 ], [ -122.380241, 47.758519 ], [ -122.382430899999989, 47.7489019 ], [ -122.382675, 47.74783 ], [ -122.376385, 47.73844 ], [ -122.3748802, 47.734164 ], [ -122.360931, 47.734139 ], [ -122.355572, 47.734129 ], [ -122.345211, 47.734127 ], [ -122.336983, 47.734133 ], [ -122.335926, 47.734134 ], [ -122.334277, 47.734135 ], [ -122.324734, 47.734061 ], [ -122.323589, 47.734052 ], [ -122.315443, 47.733975 ], [ -122.31275, 47.73395 ], [ -122.310048, 47.733919 ], [ -122.301955, 47.733828 ], [ -122.29652, 47.733784 ], [ -122.292435, 47.733751 ], [ -122.292428, 47.735543 ], [ -122.292189, 47.73631 ], [ -122.293122, 47.73693 ], [ -122.29929, 47.737413 ], [ -122.299332, 47.741024 ], [ -122.294684, 47.741064 ], [ -122.294721, 47.742798 ], [ -122.296697, 47.744643 ], [ -122.297298, 47.74465 ], [ -122.297342, 47.748298 ], [ -122.299042, 47.74831 ], [ -122.299109, 47.749799 ], [ -122.302185, 47.749846 ], [ -122.303, 47.750158 ], [ -122.30332, 47.752646 ], [ -122.302053, 47.754138 ], [ -122.302321, 47.756997 ], [ -122.304245, 47.758391 ], [ -122.303637, 47.759365 ], [ -122.307344, 47.761465 ], [ -122.308092, 47.763008 ], [ -122.30627, 47.762978 ], [ -122.306274, 47.764318 ], [ -122.306725, 47.764394 ], [ -122.306764, 47.766613 ], [ -122.30924, 47.767004 ], [ -122.309576, 47.769199 ], [ -122.313945, 47.769531 ], [ -122.313422, 47.770154 ], [ -122.313005, 47.770343 ], [ -122.310533, 47.771201 ], [ -122.310003, 47.771427 ], [ -122.308047, 47.770627 ], [ -122.307252, 47.770624 ], [ -122.30726, 47.771543 ], [ -122.306374, 47.771542 ], [ -122.306364, 47.771104 ], [ -122.305484, 47.770883 ], [ -122.305462, 47.770127 ], [ -122.302806, 47.770117 ], [ -122.297425, 47.770105 ], [ -122.297594, 47.77742 ], [ -122.302979, 47.777473 ], [ -122.303008, 47.777473 ], [ -122.308359, 47.777533 ], [ -122.317652, 47.777618 ], [ -122.326845, 47.777679 ], [ -122.327229, 47.777657 ], [ -122.329939, 47.77762 ], [ -122.335323, 47.77777 ], [ -122.346286, 47.777794 ], [ -122.35149, 47.777781 ], [ -122.35595, 47.777766 ], [ -122.361326, 47.777764 ], [ -122.361617, 47.777777 ], [ -122.372084, 47.777801 ], [ -122.377334, 47.777848 ], [ -122.377522, 47.77785 ], [ -122.382879, 47.777872 ], [ -122.393172, 47.777929 ], [ -122.3952033, 47.7779218 ], [ -122.394355, 47.777093 ] ] ] } },
{ "type": "Feature", "properties": { "GEOID": "5361115", "NAME": "Sammamish city, Washington", "population": 66110.0 }, "geometry": { "type": "Polygon", "coordinates": [ [ [ -122.098464, 47.584703 ], [ -122.097336, 47.581083 ], [ -122.096725, 47.58019 ], [ -122.095942, 47.579466 ], [ -122.094106, 47.578659 ], [ -122.082267, 47.575222 ], [ -122.076975, 47.571156 ], [ -122.07262, 47.5664 ], [ -122.071901, 47.56561 ], [ -122.057336, 47.565533 ], [ -122.057341, 47.568462 ], [ -122.057391, 47.570278 ], [ -122.05273, 47.570227 ], [ -122.050623, 47.570884 ], [ -122.046544, 47.568505 ], [ -122.046449, 47.573766 ], [ -122.041083, 47.573725 ], [ -122.041022, 47.577369 ], [ -122.035651, 47.577334 ], [ -122.035701, 47.574892 ], [ -122.035719, 47.573862 ], [ -122.035816, 47.569039 ], [ -122.035939, 47.56274 ], [ -122.042013, 47.562833 ], [ -122.042689, 47.561445 ], [ -122.042672, 47.559234 ], [ -122.033911, 47.559074 ], [ -122.025163, 47.55897 ], [ -122.024105, 47.559013 ], [ -122.021284, 47.554767 ], [ -122.020063, 47.555464 ], [ -122.019443, 47.553604 ], [ -122.014797, 47.555726 ], [ -122.014908, 47.558375 ], [ -122.009468, 47.561116 ], [ -122.006991, 47.562277 ], [ -122.003994, 47.563675 ], [ -122.000944, 47.564922 ], [ -121.995929, 47.567681 ], [ -121.990596, 47.569983 ], [ -121.989755, 47.572882 ], [ -121.988019, 47.575423 ], [ -121.98499, 47.579472 ], [ -121.982928, 47.581007 ], [ -121.98185, 47.58176 ], [ -121.981742, 47.587622 ], [ -121.97635, 47.587546 ], [ -121.976424, 47.584182 ], [ -121.973468, 47.584419 ], [ -121.973556, 47.580201 ], [ -121.971127, 47.580166 ], [ -121.968893, 47.580153 ], [ -121.969173, 47.582273 ], [ -121.966978, 47.584604 ], [ -121.965221, 47.584649 ], [ -121.964584, 47.58756 ], [ -121.968608, 47.590106 ], [ -121.970129, 47.59455 ], [ -121.970677, 47.594546 ], [ -121.97066, 47.601136 ], [ -121.979785, 47.601265 ], [ -121.992348, 47.601365 ], [ -121.992385, 47.5986 ], [ -122.002833, 47.598728 ], [ -122.003425, 47.599994 ], [ -122.004539, 47.601498 ], [ -122.004023, 47.601486 ], [ -122.003513, 47.604006 ], [ -122.005764, 47.606693 ], [ -122.00484, 47.609464 ], [ -122.001343, 47.61049 ], [ -121.997481, 47.610317 ], [ -121.995444, 47.608313 ], [ -121.992198, 47.60828 ], [ -121.992112, 47.612117 ], [ -121.992099, 47.612716 ], [ -121.996674, 47.612942 ], [ -121.996962, 47.612107 ], [ -122.003831, 47.612447 ], [ -122.014036, 47.612995 ], [ -122.013867, 47.616726 ], [ -122.013869, 47.627695 ], [ -122.002972, 47.626982 ], [ -122.002975, 47.630632 ], [ -122.007004, 47.630893 ], [ -122.006326, 47.632545 ], [ -122.008388, 47.632783 ], [ -122.008308, 47.637582 ], [ -122.013651, 47.638305 ], [ -122.013649, 47.638559 ], [ -122.019136, 47.638534 ], [ -122.020482, 47.639486 ], [ -122.020463, 47.638528 ], [ -122.047656, 47.638461 ], [ -122.049876, 47.640924 ], [ -122.051771, 47.640921 ], [ -122.051776, 47.642091 ], [ -122.055249, 47.642091 ], [ -122.055356, 47.642294 ], [ -122.056458, 47.643932 ], [ -122.056585, 47.644495 ], [ -122.055768, 47.648605 ], [ -122.055819, 47.649299 ], [ -122.064499, 47.649317 ], [ -122.064613, 47.650635 ], [ -122.066446, 47.650478 ], [ -122.066127, 47.64932 ], [ -122.078859, 47.649381 ], [ -122.078841, 47.653001 ], [ -122.080207, 47.653233 ], [ -122.084594, 47.656854 ], [ -122.086963, 47.657324 ], [ -122.088162, 47.657487 ], [ -122.090609, 47.654476 ], [ -122.091999, 47.653625 ], [ -122.096872, 47.649874 ], [ -122.098154, 47.648381 ], [ -122.096628, 47.647138 ], [ -122.093522, 47.64449 ], [ -122.086475, 47.639701 ], [ -122.084247, 47.637969 ], [ -122.081666, 47.635207 ], [ -122.079991, 47.632142 ], [ -122.079301, 47.627536 ], [ -122.079311, 47.623034 ], [ -122.07973, 47.621057 ], [ -122.080912, 47.618523 ], [ -122.081966, 47.61748 ], [ -122.086465, 47.613517 ], [ -122.089695, 47.611344 ], [ -122.092425, 47.609186 ], [ -122.093758, 47.607749 ], [ -122.095724, 47.604635 ], [ -122.096531, 47.602307 ], [ -122.098471, 47.591933 ], [ -122.098464, 47.584703 ] ] ] } },
{ "type": "Feature", "properties": { "GEOID": "5358235", "NAME": "Richland city, Washington", "population": 65258.0 }, "geometry": { "type": "Polygon", "coordinates": [ [ [ -119.400281, 46.369223 ], [ -119.399032, 46.367557 ], [ -119.39812, 46.363024 ], [ -119.396603, 46.358737 ], [ -119.394846, 46.358017 ], [ -119.390152, 46.355174 ], [ -119.388143, 46.354786 ], [ -119.384898, 46.353293 ], [ -119.379573, 46.352593 ], [ -119.376858, 46.35171 ], [ -119.374122, 46.348872 ], [ -119.368928, 46.346736 ], [ -119.363735, 46.343049 ], [ -119.358858, 46.341243 ], [ -119.355438, 46.341585 ], [ -119.352463, 46.340724 ], [ -119.351231, 46.33862 ], [ -119.351924, 46.336015 ], [ -119.349124, 46.333727 ], [ -119.345183, 46.331507 ], [ -119.342963, 46.331231 ], [ -119.340272, 46.329419 ], [ -119.339748, 46.328161 ], [ -119.341529, 46.325417 ], [ -119.341338, 46.324106 ], [ -119.339628, 46.323959 ], [ -119.337857, 46.322657 ], [ -119.337546, 46.321622 ], [ -119.333474, 46.319643 ], [ -119.328544, 46.319162 ], [ -119.327298, 46.317876 ], [ -119.328765, 46.314995 ], [ -119.32599, 46.314093 ], [ -119.322091, 46.31407 ], [ -119.322316, 46.308627 ], [ -119.326169, 46.30864 ], [ -119.329072, 46.307729 ], [ -119.32957, 46.304922 ], [ -119.330991, 46.30246 ], [ -119.335015, 46.302295 ], [ -119.336251, 46.299651 ], [ -119.333691, 46.297384 ], [ -119.332559, 46.296724 ], [ -119.329174, 46.295611 ], [ -119.326337, 46.295757 ], [ -119.323958, 46.294616 ], [ -119.323667, 46.292782 ], [ -119.324557, 46.291423 ], [ -119.327576, 46.28991 ], [ -119.328994, 46.287504 ], [ -119.326363, 46.286021 ], [ -119.319193, 46.279719 ], [ -119.318586, 46.278851 ], [ -119.317457, 46.274692 ], [ -119.31456, 46.271357 ], [ -119.326343, 46.271416 ], [ -119.326343, 46.271369 ], [ -119.326624, 46.25826 ], [ -119.328471, 46.257037 ], [ -119.331293, 46.257035 ], [ -119.331904, 46.257036 ], [ -119.331933, 46.253405 ], [ -119.342385, 46.253353 ], [ -119.342384, 46.252448 ], [ -119.339565, 46.252471 ], [ -119.339544, 46.251542 ], [ -119.34002, 46.250644 ], [ -119.340979, 46.250637 ], [ -119.340982, 46.251549 ], [ -119.342381, 46.25154 ], [ -119.3424, 46.250113 ], [ -119.343917, 46.247902 ], [ -119.342371, 46.247909 ], [ -119.342358, 46.246329 ], [ -119.34465, 46.246068 ], [ -119.34491, 46.24398 ], [ -119.34572, 46.242488 ], [ -119.345134, 46.242285 ], [ -119.327599, 46.242572 ], [ -119.321657, 46.242454 ], [ -119.316583, 46.238655 ], [ -119.306383, 46.235036 ], [ -119.306631, 46.227931 ], [ -119.306998, 46.219052 ], [ -119.308497, 46.219048 ], [ -119.309544, 46.22042 ], [ -119.312479, 46.22231 ], [ -119.31816, 46.222827 ], [ -119.327415, 46.224244 ], [ -119.340294, 46.22829 ], [ -119.34283, 46.22831 ], [ -119.342826, 46.2292 ], [ -119.347596, 46.229215 ], [ -119.347601, 46.228292 ], [ -119.353112, 46.228188 ], [ -119.353484, 46.227446 ], [ -119.348623, 46.219354 ], [ -119.347276, 46.2182 ], [ -119.346399, 46.21828 ], [ -119.345409, 46.2171 ], [ -119.34555, 46.215239 ], [ -119.344363, 46.213335 ], [ -119.32706, 46.213277 ], [ -119.327006, 46.201979 ], [ -119.324783, 46.201734 ], [ -119.306321, 46.201588 ], [ -119.30619, 46.205132 ], [ -119.308352, 46.208534 ], [ -119.307758, 46.210506 ], [ -119.305947, 46.211842 ], [ -119.305896, 46.213143 ], [ -119.307234, 46.213125 ], [ -119.307066, 46.217075 ], [ -119.298232, 46.217184 ], [ -119.293539, 46.217112 ], [ -119.293609, 46.215859 ], [ -119.295544, 46.213123 ], [ -119.275497, 46.212963 ], [ -119.274439, 46.21072 ], [ -119.269351, 46.2107 ], [ -119.270828, 46.209556 ], [ -119.274285, 46.209162 ], [ -119.274382, 46.207275 ], [ -119.263978, 46.207243 ], [ -119.264, 46.205541 ], [ -119.269278, 46.205544 ], [ -119.269286, 46.204633 ], [ -119.271617, 46.203827 ], [ -119.274562, 46.204069 ], [ -119.274612, 46.201895 ], [ -119.276257, 46.201657 ], [ -119.27675, 46.200512 ], [ -119.282623, 46.201421 ], [ -119.28638, 46.19927 ], [ -119.287931, 46.197775 ], [ -119.280655, 46.197718 ], [ -119.275765, 46.197156 ], [ -119.273088, 46.196449 ], [ -119.267685, 46.194089 ], [ -119.266847, 46.195092 ], [ -119.26236, 46.200817 ], [ -119.258924, 46.203828 ], [ -119.25539, 46.205392 ], [ -119.242847, 46.209068 ], [ -119.242785, 46.212619 ], [ -119.244357, 46.212621 ], [ -119.244286, 46.216374 ], [ -119.243944, 46.227242 ], [ -119.249142, 46.227214 ], [ -119.248966, 46.233644 ], [ -119.243765, 46.233651 ], [ -119.243745, 46.235584 ], [ -119.231948, 46.23006 ], [ -119.229497, 46.229403 ], [ -119.227292, 46.229208 ], [ -119.223703, 46.22922 ], [ -119.222985, 46.230912 ], [ -119.219574, 46.232249 ], [ -119.21163, 46.231941 ], [ -119.211507, 46.232495 ], [ -119.21204, 46.240535 ], [ -119.217237, 46.244801 ], [ -119.227849, 46.252997 ], [ -119.232873, 46.257581 ], [ -119.236787, 46.261081 ], [ -119.238231, 46.262084 ], [ -119.242508, 46.264347 ], [ -119.243352, 46.264739 ], [ -119.243751, 46.264901 ], [ -119.245135, 46.265605 ], [ -119.247042, 46.266356 ], [ -119.247204, 46.266388 ], [ -119.256801, 46.268295 ], [ -119.259981, 46.269354 ], [ -119.265854, 46.273988 ], [ -119.266295, 46.27466 ], [ -119.266985, 46.275651 ], [ -119.267598, 46.277752 ], [ -119.267476, 46.282648 ], [ -119.266888, 46.285717 ], [ -119.266261, 46.287485 ], [ -119.263743, 46.292175 ], [ -119.257228, 46.299613 ], [ -119.254859, 46.30328 ], [ -119.25249, 46.307042 ], [ -119.251428, 46.309368 ], [ -119.250226, 46.314754 ], [ -119.250676, 46.319384 ], [ -119.251752, 46.324281 ], [ -119.252574, 46.329632 ], [ -119.253654, 46.334871 ], [ -119.256932, 46.345408 ], [ -119.259437, 46.348623 ], [ -119.262589, 46.351241 ], [ -119.26267, 46.351333 ], [ -119.266009, 46.351251 ], [ -119.268633, 46.362987 ], [ -119.283445, 46.362917 ], [ -119.285674, 46.362544 ], [ -119.298768, 46.371711 ], [ -119.298816, 46.382954 ], [ -119.283484, 46.382974 ], [ -119.283539, 46.39775 ], [ -119.30494, 46.397126 ], [ -119.305275, 46.35954 ], [ -119.317652, 46.359513 ], [ -119.31777, 46.352658 ], [ -119.314657, 46.352636 ], [ -119.314642, 46.351218 ], [ -119.321205, 46.351364 ], [ -119.391879, 46.367132 ], [ -119.392679, 46.366862 ], [ -119.399034, 46.370324 ], [ -119.400281, 46.369223 ] ], [ [ -119.310912, 46.355251 ], [ -119.304575, 46.355204 ], [ -119.304642, 46.351144 ], [ -119.311044, 46.35121 ], [ -119.310912, 46.355251 ] ], [ [ -119.304447, 46.242147 ], [ -119.303181, 46.242144 ], [ -119.303285, 46.239261 ], [ -119.303494, 46.239085 ], [ -119.30362, 46.239154 ], [ -119.303855, 46.239216 ], [ -119.303891, 46.239295 ], [ -119.303832, 46.239406 ], [ -119.303831, 46.239654 ], [ -119.303937, 46.239801 ], [ -119.304073, 46.239895 ], [ -119.30436, 46.240005 ], [ -119.304579, 46.24005 ], [ -119.304447, 46.242147 ] ], [ [ -119.301897, 46.251629 ], [ -119.296768, 46.252541 ], [ -119.296655, 46.256371 ], [ -119.29438, 46.256921 ], [ -119.289332, 46.25483 ], [ -119.285016, 46.251859 ], [ -119.285016, 46.251089 ], [ -119.285068, 46.249421 ], [ -119.2903, 46.249452 ], [ -119.290273, 46.251123 ], [ -119.292853, 46.251766 ], [ -119.292891, 46.250381 ], [ -119.294195, 46.250388 ], [ -119.294151, 46.252025 ], [ -119.296409, 46.252477 ], [ -119.2968, 46.250359 ], [ -119.295526, 46.249485 ], [ -119.300695, 46.249513 ], [ -119.301696, 46.250431 ], [ -119.301897, 46.251629 ] ], [ [ -119.29822, 46.35635 ], [ -119.291567, 46.356301 ], [ -119.291635, 46.351017 ], [ -119.298301, 46.351079 ], [ -119.29822, 46.35635 ] ], [ [ -119.289686, 46.22532 ], [ -119.288257, 46.225672 ], [ -119.287929, 46.225583 ], [ -119.287728, 46.225278 ], [ -119.287334, 46.225248 ], [ -119.286103, 46.225662 ], [ -119.284397, 46.223795 ], [ -119.285348, 46.223514 ], [ -119.286143, 46.223527 ], [ -119.28614, 46.223897 ], [ -119.289705, 46.223956 ], [ -119.289686, 46.22532 ] ], [ [ -119.283255, 46.236327 ], [ -119.280949, 46.234909 ], [ -119.281197, 46.234768 ], [ -119.283331, 46.234792 ], [ -119.283255, 46.236327 ] ], [ [ -119.279219, 46.319344 ], [ -119.27802, 46.319344 ], [ -119.278388, 46.31841 ], [ -119.279226, 46.318409 ], [ -119.279219, 46.319344 ] ] ] } },
{ "type": "Feature", "properties": { "GEOID": "5338038", "NAME": "Lakewood city, Washington", "population": 62755.0 }, "geometry": { "type": "Polygon", "coordinates": [ [ [ -122.579174, 47.160425 ], [ -122.57908, 47.156091 ], [ -122.579078, 47.155985 ], [ -122.579075, 47.152369 ], [ -122.576414, 47.15235 ], [ -122.576414, 47.148718 ], [ -122.568471, 47.148675 ], [ -122.568481, 47.146649 ], [ -122.568473, 47.145941 ], [ -122.568522, 47.139464 ], [ -122.563202, 47.139434 ], [ -122.563897, 47.137622 ], [ -122.566611, 47.130554 ], [ -122.568151, 47.126544 ], [ -122.570354, 47.12494 ], [ -122.564532, 47.120939 ], [ -122.560624, 47.119265 ], [ -122.557964, 47.119279 ], [ -122.556885, 47.118417 ], [ -122.546419, 47.124808 ], [ -122.542938, 47.126246 ], [ -122.542868, 47.120419 ], [ -122.541464, 47.119364 ], [ -122.540136, 47.119373 ], [ -122.540156, 47.121169 ], [ -122.538832, 47.121183 ], [ -122.538811, 47.119382 ], [ -122.513396, 47.119506 ], [ -122.513423, 47.121286 ], [ -122.521343, 47.121289 ], [ -122.521344, 47.123089 ], [ -122.522672, 47.123082 ], [ -122.522711, 47.124885 ], [ -122.518266, 47.1257 ], [ -122.518286, 47.126737 ], [ -122.528407, 47.126689 ], [ -122.542042, 47.126738 ], [ -122.537845, 47.129829 ], [ -122.530433, 47.134201 ], [ -122.525205, 47.136608 ], [ -122.521687, 47.138723 ], [ -122.514913, 47.141436 ], [ -122.509959, 47.139162 ], [ -122.505287, 47.139167 ], [ -122.504563, 47.139172 ], [ -122.497423, 47.139182 ], [ -122.497093, 47.141302 ], [ -122.496862, 47.142789 ], [ -122.495608, 47.152088 ], [ -122.489254, 47.155802 ], [ -122.488762, 47.155802 ], [ -122.480014, 47.155815 ], [ -122.472941, 47.155771 ], [ -122.472933, 47.154135 ], [ -122.467953, 47.154169 ], [ -122.467855, 47.15958 ], [ -122.467762, 47.160069 ], [ -122.467245, 47.162648 ], [ -122.469076, 47.16498 ], [ -122.471808, 47.168424 ], [ -122.471707, 47.170203 ], [ -122.472011, 47.170203 ], [ -122.468413, 47.17371 ], [ -122.466564, 47.175607 ], [ -122.465671, 47.177424 ], [ -122.465837, 47.177421 ], [ -122.466483, 47.181856 ], [ -122.464516, 47.184684 ], [ -122.473894, 47.18479 ], [ -122.483674, 47.184748 ], [ -122.487161, 47.184714 ], [ -122.497524, 47.184709 ], [ -122.504982, 47.184697 ], [ -122.504994, 47.18546 ], [ -122.505077, 47.190536 ], [ -122.508779, 47.19057 ], [ -122.508772, 47.192006 ], [ -122.514732, 47.19197 ], [ -122.51593, 47.195599 ], [ -122.521152, 47.195521 ], [ -122.521849, 47.197252 ], [ -122.522842, 47.198239 ], [ -122.524834, 47.198368 ], [ -122.526657, 47.197961 ], [ -122.526973, 47.197936 ], [ -122.527886, 47.197498 ], [ -122.531219, 47.197954 ], [ -122.534081, 47.197202 ], [ -122.534992, 47.197705 ], [ -122.537983, 47.197505 ], [ -122.540755, 47.196539 ], [ -122.543615, 47.196141 ], [ -122.546556, 47.196339 ], [ -122.548796, 47.195502 ], [ -122.553233, 47.194657 ], [ -122.557666, 47.195922 ], [ -122.55926, 47.195654 ], [ -122.560857, 47.195818 ], [ -122.563509, 47.195758 ], [ -122.56751, 47.194762 ], [ -122.568939, 47.195035 ], [ -122.56892, 47.193497 ], [ -122.571018, 47.192578 ], [ -122.573032, 47.189378 ], [ -122.57232, 47.187279 ], [ -122.572334, 47.18146 ], [ -122.574662, 47.181476 ], [ -122.574625, 47.179891 ], [ -122.574592, 47.178776 ], [ -122.574398, 47.17878 ], [ -122.574444, 47.17857 ], [ -122.574403, 47.176832 ], [ -122.574297, 47.175503 ], [ -122.574172, 47.166879 ], [ -122.57402, 47.166463 ], [ -122.577894, 47.166405 ], [ -122.579423, 47.166385 ], [ -122.579174, 47.160425 ] ], [ [ -122.480006, 47.159458 ], [ -122.47466, 47.159415 ], [ -122.47409, 47.160282 ], [ -122.472642, 47.160287 ], [ -122.472827, 47.156002 ], [ -122.47947, 47.155936 ], [ -122.480011, 47.155964 ], [ -122.480006, 47.159458 ] ] ] } },
{ "type": "Feature", "properties": { "GEOID": "5336745", "NAME": "Lacey city, Washington", "population": 58833.0 }, "geometry": { "type": "Polygon", "coordinates": [ [ [ -122.839177, 47.035143 ], [ -122.838944, 47.034265 ], [ -122.839, 47.034265 ], [ -122.838966, 47.024752 ], [ -122.838973, 47.021572 ], [ -122.834342, 47.021639 ], [ -122.834098, 47.020654 ], [ -122.833855, 47.014332 ], [ -122.833616, 47.008144 ], [ -122.832989, 47.006719 ], [ -122.832211, 47.005197 ], [ -122.833535, 47.000749 ], [ -122.833628, 46.996262 ], [ -122.833477, 46.994685 ], [ -122.832569, 46.992556 ], [ -122.825301, 46.983245 ], [ -122.823947, 46.981484 ], [ -122.823729, 46.981237 ], [ -122.823333, 46.980831 ], [ -122.823078, 46.980599 ], [ -122.821713, 46.979749 ], [ -122.82052, 46.979349 ], [ -122.817817, 46.980616 ], [ -122.816314, 46.981386 ], [ -122.807372, 46.9855 ], [ -122.796505, 46.9905 ], [ -122.784426, 46.99614 ], [ -122.785601, 46.996389 ], [ -122.789877, 46.99953 ], [ -122.79122, 46.999367 ], [ -122.794097, 47.001723 ], [ -122.798021, 47.002798 ], [ -122.799211, 46.999807 ], [ -122.800679, 46.99981 ], [ -122.800661, 47.003374 ], [ -122.79921, 47.0053 ], [ -122.796712, 47.004451 ], [ -122.79135, 47.004323 ], [ -122.791364, 47.005669 ], [ -122.791427, 47.010556 ], [ -122.786118, 47.010533 ], [ -122.786142, 47.006461 ], [ -122.784838, 47.005413 ], [ -122.783664, 47.005227 ], [ -122.78035, 47.004479 ], [ -122.774949, 47.00345 ], [ -122.77013, 47.003549 ], [ -122.769989, 47.006344 ], [ -122.772445, 47.00883 ], [ -122.77209, 47.009222 ], [ -122.771899, 47.009562 ], [ -122.772571, 47.009651 ], [ -122.773616, 47.009116 ], [ -122.776387, 47.01 ], [ -122.775601, 47.010625 ], [ -122.77431, 47.013262 ], [ -122.776255, 47.014085 ], [ -122.776022, 47.015213 ], [ -122.773929, 47.015209 ], [ -122.775684, 47.016076 ], [ -122.774644, 47.017651 ], [ -122.776668, 47.019076 ], [ -122.777119, 47.018201 ], [ -122.780852, 47.018167 ], [ -122.781543, 47.019379 ], [ -122.784755, 47.019575 ], [ -122.789959, 47.019849 ], [ -122.791522, 47.02145 ], [ -122.78457, 47.021308 ], [ -122.781708, 47.0213 ], [ -122.784823, 47.02402 ], [ -122.791581, 47.024499 ], [ -122.791503, 47.029509 ], [ -122.791433, 47.032529 ], [ -122.784157, 47.032441 ], [ -122.781816, 47.03366 ], [ -122.782609, 47.035259 ], [ -122.783905, 47.036345 ], [ -122.788405, 47.036706 ], [ -122.7891, 47.037625 ], [ -122.788786, 47.038799 ], [ -122.790962, 47.040963 ], [ -122.791279, 47.04093 ], [ -122.791285, 47.046801 ], [ -122.794748, 47.046831 ], [ -122.796596, 47.047761 ], [ -122.796586, 47.050421 ], [ -122.796601, 47.052307 ], [ -122.796724, 47.053109 ], [ -122.796727, 47.054078 ], [ -122.79656, 47.054074 ], [ -122.796561, 47.054087 ], [ -122.791294, 47.054071 ], [ -122.791273, 47.057664 ], [ -122.788492, 47.057635 ], [ -122.788466, 47.059564 ], [ -122.780717, 47.060845 ], [ -122.775333, 47.061232 ], [ -122.775345, 47.059473 ], [ -122.770028, 47.059465 ], [ -122.770064, 47.055669 ], [ -122.769841, 47.055713 ], [ -122.770107, 47.052249 ], [ -122.770147, 47.045456 ], [ -122.771337, 47.045165 ], [ -122.770838, 47.043078 ], [ -122.76489, 47.043066 ], [ -122.754357, 47.043044 ], [ -122.755134, 47.046676 ], [ -122.755128, 47.048263 ], [ -122.754613, 47.048425 ], [ -122.749058, 47.050383 ], [ -122.74898, 47.059869 ], [ -122.743085, 47.061055 ], [ -122.760893, 47.06124 ], [ -122.759506, 47.063778 ], [ -122.759499, 47.064338 ], [ -122.764414, 47.064881 ], [ -122.764603, 47.068473 ], [ -122.741498, 47.068394 ], [ -122.74024, 47.068997 ], [ -122.738925, 47.069872 ], [ -122.738604, 47.070343 ], [ -122.73838, 47.083112 ], [ -122.738237, 47.097411 ], [ -122.759489, 47.097606 ], [ -122.759454, 47.101109 ], [ -122.754123, 47.100966 ], [ -122.753689900000012, 47.1120558 ], [ -122.755997, 47.115721 ], [ -122.759502, 47.117853 ], [ -122.762192, 47.118322 ], [ -122.762600600000013, 47.1188821 ], [ -122.764329, 47.117815 ], [ -122.764701, 47.119328 ], [ -122.764726, 47.11203 ], [ -122.759558, 47.111954 ], [ -122.759473, 47.10481 ], [ -122.770024, 47.104856 ], [ -122.770097, 47.097654 ], [ -122.78072, 47.097694 ], [ -122.780711, 47.093959 ], [ -122.788847, 47.094018 ], [ -122.791208, 47.092632 ], [ -122.79122, 47.090816 ], [ -122.792549, 47.090808 ], [ -122.780719, 47.090514 ], [ -122.78072, 47.09033 ], [ -122.780725, 47.086718 ], [ -122.786036, 47.086775 ], [ -122.786051, 47.083128 ], [ -122.785986, 47.079472 ], [ -122.788706, 47.079447 ], [ -122.788597, 47.075769 ], [ -122.791243, 47.075791 ], [ -122.791311, 47.081418 ], [ -122.793951, 47.081436 ], [ -122.793943, 47.083933 ], [ -122.794214, 47.084009 ], [ -122.796634, 47.083177 ], [ -122.796515, 47.072179 ], [ -122.812806, 47.072223 ], [ -122.814099, 47.071516 ], [ -122.816569, 47.071343 ], [ -122.817228, 47.071841 ], [ -122.81838, 47.071351 ], [ -122.819596, 47.070528 ], [ -122.81859, 47.069542 ], [ -122.816219, 47.069238 ], [ -122.816226, 47.066273 ], [ -122.820384, 47.066276 ], [ -122.820383, 47.064978 ], [ -122.815085, 47.064975 ], [ -122.815093, 47.06135 ], [ -122.812466, 47.061351 ], [ -122.812431, 47.064976 ], [ -122.809626, 47.064974 ], [ -122.80974, 47.068597 ], [ -122.807353, 47.068595 ], [ -122.801769, 47.06859 ], [ -122.801769, 47.070419 ], [ -122.796491, 47.070384 ], [ -122.796509, 47.064931 ], [ -122.801792, 47.064967 ], [ -122.804218, 47.061045 ], [ -122.805778, 47.057777 ], [ -122.833662, 47.05774 ], [ -122.833692, 47.050532 ], [ -122.825878, 47.05051 ], [ -122.824918, 47.051528 ], [ -122.82315, 47.050485 ], [ -122.823202, 47.046957 ], [ -122.82449, 47.046626 ], [ -122.839174, 47.045365 ], [ -122.839044, 47.039909 ], [ -122.839357, 47.039157 ], [ -122.839177, 47.035143 ] ] ] } },
{ "type": "Feature", "properties": { "GEOID": "5351300", "NAME": "Olympia city, Washington", "population": 56724.0 }, "geometry": { "type": "Polygon", "coordinates": [ [ [ -122.970926, 47.046023 ], [ -122.968909, 47.043741 ], [ -122.965596, 47.042011 ], [ -122.965597, 47.041856 ], [ -122.965616, 47.040071 ], [ -122.960399, 47.03978 ], [ -122.952999, 47.037565 ], [ -122.949708, 47.036186 ], [ -122.955083, 47.036178 ], [ -122.95511, 47.032544 ], [ -122.960492, 47.032538 ], [ -122.960578, 47.02533 ], [ -122.94678, 47.025304 ], [ -122.939209, 47.025336 ], [ -122.939211, 47.025937 ], [ -122.939205, 47.028773 ], [ -122.934297, 47.028702 ], [ -122.928713, 47.025984 ], [ -122.92624, 47.025339 ], [ -122.936094, 47.025348 ], [ -122.936104, 47.018908 ], [ -122.933324, 47.019712 ], [ -122.931593, 47.019151 ], [ -122.93132, 47.021175 ], [ -122.928667, 47.021174 ], [ -122.927182, 47.022474 ], [ -122.923121, 47.022443 ], [ -122.923086, 47.022686 ], [ -122.923072, 47.023308 ], [ -122.925815, 47.023314 ], [ -122.925808, 47.025146 ], [ -122.923375, 47.025157 ], [ -122.923039, 47.025241 ], [ -122.920234, 47.025296 ], [ -122.912401, 47.025259 ], [ -122.904775, 47.025239 ], [ -122.90328, 47.023814 ], [ -122.900224, 47.022642 ], [ -122.896786, 47.02339 ], [ -122.89683, 47.020924 ], [ -122.895019, 47.020924 ], [ -122.894902, 47.018887 ], [ -122.896667, 47.019424 ], [ -122.897027, 47.018212 ], [ -122.892033, 47.018099 ], [ -122.89199, 47.019286 ], [ -122.889498, 47.019705 ], [ -122.89135, 47.018038 ], [ -122.892679, 47.016601 ], [ -122.890722, 47.016595 ], [ -122.890036, 47.017656 ], [ -122.889559, 47.018029 ], [ -122.887786, 47.018 ], [ -122.887782, 47.017631 ], [ -122.888915, 47.017784 ], [ -122.889496, 47.0175 ], [ -122.889472, 47.016971 ], [ -122.88859, 47.016971 ], [ -122.888597, 47.016589 ], [ -122.886694, 47.016583 ], [ -122.886716, 47.018373 ], [ -122.886136, 47.016581 ], [ -122.884522, 47.016576 ], [ -122.886151, 47.016163 ], [ -122.887208, 47.014784 ], [ -122.887213, 47.012994 ], [ -122.887193, 47.012994 ], [ -122.884529, 47.013003 ], [ -122.885067, 47.009342 ], [ -122.888667, 47.007783 ], [ -122.888659, 47.005409 ], [ -122.888651, 47.003535 ], [ -122.88099, 47.003543 ], [ -122.881016, 47.002274 ], [ -122.879978, 47.001576 ], [ -122.878203, 47.001739 ], [ -122.878199, 47.003545 ], [ -122.877184, 47.003553 ], [ -122.877209, 47.007195 ], [ -122.865217, 47.007238 ], [ -122.865233, 47.007994 ], [ -122.865239, 47.010819 ], [ -122.84969, 47.010729 ], [ -122.844278, 47.010743 ], [ -122.844278, 47.010678 ], [ -122.839056, 47.010691 ], [ -122.839063, 47.003466 ], [ -122.836168, 47.003458 ], [ -122.834237, 47.002256 ], [ -122.833535, 47.000749 ], [ -122.832211, 47.005197 ], [ -122.832989, 47.006719 ], [ -122.833616, 47.008144 ], [ -122.833855, 47.014332 ], [ -122.834098, 47.020654 ], [ -122.834342, 47.021639 ], [ -122.838973, 47.021572 ], [ -122.838966, 47.024752 ], [ -122.839, 47.034265 ], [ -122.838944, 47.034265 ], [ -122.839177, 47.035143 ], [ -122.839357, 47.039157 ], [ -122.839044, 47.039909 ], [ -122.839174, 47.045365 ], [ -122.82449, 47.046626 ], [ -122.823202, 47.046957 ], [ -122.82315, 47.050485 ], [ -122.824918, 47.051528 ], [ -122.825878, 47.05051 ], [ -122.833692, 47.050532 ], [ -122.833662, 47.05774 ], [ -122.839109, 47.057775 ], [ -122.839092, 47.068692 ], [ -122.844286, 47.068696 ], [ -122.849605, 47.068758 ], [ -122.849578, 47.057046 ], [ -122.853988, 47.057922 ], [ -122.854793, 47.054309 ], [ -122.854801, 47.050792 ], [ -122.859098, 47.050802 ], [ -122.859105, 47.048951 ], [ -122.860784, 47.047472 ], [ -122.863171, 47.047502 ], [ -122.863175, 47.049499 ], [ -122.864711, 47.049515 ], [ -122.865113, 47.049383 ], [ -122.86415, 47.051756 ], [ -122.868774, 47.052182 ], [ -122.867897, 47.050823 ], [ -122.867886, 47.048815 ], [ -122.870267, 47.048813 ], [ -122.870782, 47.050356 ], [ -122.873403, 47.050359 ], [ -122.873162, 47.05202 ], [ -122.875196, 47.05162 ], [ -122.87567, 47.055831 ], [ -122.8751, 47.057401 ], [ -122.871695, 47.057488 ], [ -122.871458, 47.061881 ], [ -122.875652, 47.061984 ], [ -122.875636, 47.066651 ], [ -122.871426, 47.066608 ], [ -122.87242, 47.068842 ], [ -122.884617, 47.068823 ], [ -122.888057, 47.068897 ], [ -122.88812, 47.069344 ], [ -122.889474, 47.069336 ], [ -122.890461, 47.069528 ], [ -122.8905, 47.076555 ], [ -122.890505, 47.07726 ], [ -122.895064, 47.077268 ], [ -122.895064, 47.078214 ], [ -122.897924, 47.078226 ], [ -122.897928, 47.077259 ], [ -122.900709, 47.077245 ], [ -122.900923, 47.075601 ], [ -122.904421, 47.075581 ], [ -122.903465, 47.077261 ], [ -122.905161, 47.077226 ], [ -122.90552, 47.076302 ], [ -122.902633, 47.069694 ], [ -122.90459, 47.069257 ], [ -122.904431, 47.068941 ], [ -122.912023, 47.068905 ], [ -122.923166, 47.068882 ], [ -122.923176, 47.067283 ], [ -122.929732, 47.067243 ], [ -122.931986, 47.070282 ], [ -122.933906, 47.071119 ], [ -122.942361, 47.071291 ], [ -122.949417, 47.071341 ], [ -122.949501, 47.068928 ], [ -122.952161, 47.068921 ], [ -122.953544, 47.06528 ], [ -122.958033, 47.065262 ], [ -122.959553, 47.063122 ], [ -122.960313, 47.057442 ], [ -122.960399, 47.052498 ], [ -122.964236, 47.052479 ], [ -122.964247, 47.050733 ], [ -122.96682, 47.050704 ], [ -122.966996, 47.047036 ], [ -122.97087, 47.047026 ], [ -122.970926, 47.046023 ] ] ] } },
{ "type": "Feature", "properties": { "GEOID": "5307380", "NAME": "Bothell city, Washington", "population": 52199.0 }, "geometry": { "type": "Polygon", "coordinates": [ [ [ -122.249225, 47.798813 ], [ -122.243824, 47.798731 ], [ -122.243767, 47.791496 ], [ -122.243681, 47.784205 ], [ -122.242431, 47.784197 ], [ -122.242429, 47.780602 ], [ -122.243687, 47.780613 ], [ -122.243776, 47.776961 ], [ -122.241624, 47.77695 ], [ -122.238371, 47.7769 ], [ -122.233039, 47.776816 ], [ -122.227607, 47.776745 ], [ -122.22797, 47.766568 ], [ -122.229007, 47.765939 ], [ -122.228009, 47.765475 ], [ -122.228246, 47.757901 ], [ -122.228387, 47.7539 ], [ -122.225015, 47.752929 ], [ -122.224259, 47.752832 ], [ -122.220646, 47.75266 ], [ -122.220687, 47.752467 ], [ -122.220909, 47.751697 ], [ -122.223886, 47.751378 ], [ -122.22415, 47.747773 ], [ -122.219289, 47.747737 ], [ -122.219128, 47.744256 ], [ -122.218953, 47.740448 ], [ -122.218866, 47.738617 ], [ -122.222826, 47.738697 ], [ -122.218452, 47.734032 ], [ -122.217505, 47.733564 ], [ -122.215272, 47.733037 ], [ -122.213212, 47.732343 ], [ -122.213226, 47.733002 ], [ -122.207846, 47.733008 ], [ -122.200849, 47.733024 ], [ -122.195185, 47.733045 ], [ -122.189622, 47.733077 ], [ -122.188346, 47.733049 ], [ -122.187542, 47.733047 ], [ -122.186621, 47.73888 ], [ -122.186493, 47.740783 ], [ -122.181991, 47.739291 ], [ -122.175358, 47.737093 ], [ -122.174937, 47.743479 ], [ -122.174179, 47.751507 ], [ -122.174762, 47.754124 ], [ -122.175717, 47.75414 ], [ -122.175732, 47.754538 ], [ -122.175863, 47.754545 ], [ -122.175469, 47.755488 ], [ -122.175331, 47.755857 ], [ -122.175959, 47.757345 ], [ -122.174587, 47.757072 ], [ -122.174578, 47.758367 ], [ -122.167599, 47.757999 ], [ -122.166906, 47.758098 ], [ -122.164, 47.758079 ], [ -122.163294, 47.758512 ], [ -122.1636, 47.761673 ], [ -122.166346, 47.761693 ], [ -122.166424, 47.765286 ], [ -122.16376, 47.765268 ], [ -122.164921, 47.766838 ], [ -122.166471, 47.768888 ], [ -122.166746, 47.776249 ], [ -122.169443, 47.776259 ], [ -122.169437, 47.776775 ], [ -122.170647, 47.776772 ], [ -122.170634, 47.777178 ], [ -122.171346, 47.77719 ], [ -122.171337, 47.777628 ], [ -122.172106, 47.777633 ], [ -122.172089, 47.778114 ], [ -122.172367, 47.778116 ], [ -122.172482, 47.779934 ], [ -122.175261, 47.779968 ], [ -122.175747, 47.787256 ], [ -122.186361, 47.787439 ], [ -122.186634, 47.791137 ], [ -122.186556, 47.791137 ], [ -122.186239, 47.803234 ], [ -122.186139, 47.805501 ], [ -122.186118, 47.805502 ], [ -122.186114, 47.814045 ], [ -122.18943, 47.814522 ], [ -122.192234, 47.812931 ], [ -122.194264, 47.811617 ], [ -122.196838, 47.811985 ], [ -122.199738, 47.811409 ], [ -122.202556, 47.809496 ], [ -122.207689, 47.809412 ], [ -122.213603, 47.809425 ], [ -122.22062, 47.809399 ], [ -122.222745, 47.809428 ], [ -122.223443, 47.809542 ], [ -122.228672, 47.809323 ], [ -122.229633, 47.809341 ], [ -122.227897, 47.80576 ], [ -122.231304, 47.805783 ], [ -122.232079, 47.804913 ], [ -122.232445, 47.802196 ], [ -122.233023, 47.802194 ], [ -122.238434, 47.802283 ], [ -122.245747, 47.802806 ], [ -122.248779, 47.802433 ], [ -122.249183, 47.802438 ], [ -122.249225, 47.798813 ] ], [ [ -122.185908, 47.755849 ], [ -122.184904, 47.756611 ], [ -122.184745, 47.756846 ], [ -122.180423, 47.757231 ], [ -122.180296, 47.75662 ], [ -122.185204, 47.75617 ], [ -122.185908, 47.755849 ] ] ] } },
{ "type": "Feature", "properties": { "GEOID": "5308850", "NAME": "Burien city, Washington", "population": 51859.0 }, "geometry": { "type": "Polygon", "coordinates": [ [ [ -122.3743889, 47.4489454 ], [ -122.367036, 47.447621 ], [ -122.362505, 47.445451 ], [ -122.36230590000001, 47.4451668 ], [ -122.359346, 47.445163 ], [ -122.355585, 47.445122 ], [ -122.355493, 47.447875 ], [ -122.355452, 47.44883 ], [ -122.361336, 47.448741 ], [ -122.36246, 47.450024 ], [ -122.358499, 47.450635 ], [ -122.358449, 47.452342 ], [ -122.347358, 47.45244 ], [ -122.346578, 47.452419 ], [ -122.339365, 47.452384 ], [ -122.339312, 47.45608 ], [ -122.336624, 47.45607 ], [ -122.336617, 47.457469 ], [ -122.333887, 47.457466 ], [ -122.333936, 47.450288 ], [ -122.333961, 47.445243 ], [ -122.33442, 47.441644 ], [ -122.334889, 47.438204 ], [ -122.335804, 47.431269 ], [ -122.324969, 47.431227 ], [ -122.324093, 47.439895 ], [ -122.3228, 47.439221 ], [ -122.321667, 47.44027 ], [ -122.321578, 47.44519 ], [ -122.321453, 47.44519 ], [ -122.325606, 47.452366 ], [ -122.326235, 47.4535 ], [ -122.324873, 47.458082 ], [ -122.323784, 47.459651 ], [ -122.32346, 47.460243 ], [ -122.323431, 47.463286 ], [ -122.323426, 47.466015 ], [ -122.322996, 47.466322 ], [ -122.318917, 47.470091 ], [ -122.315736, 47.473197 ], [ -122.315404, 47.474159 ], [ -122.314086, 47.481344 ], [ -122.313466, 47.484647 ], [ -122.31158, 47.488569 ], [ -122.302111, 47.488694 ], [ -122.297234, 47.48873 ], [ -122.29681, 47.488679 ], [ -122.294236, 47.488708 ], [ -122.292255, 47.48878 ], [ -122.292835, 47.490109 ], [ -122.294292, 47.490094 ], [ -122.294368, 47.492308 ], [ -122.296407, 47.495828 ], [ -122.296742, 47.497341 ], [ -122.296306, 47.497665 ], [ -122.296809, 47.497893 ], [ -122.296857, 47.497936 ], [ -122.297516, 47.498926 ], [ -122.299436, 47.503036 ], [ -122.300787, 47.506486 ], [ -122.303156, 47.506513 ], [ -122.304041, 47.506584 ], [ -122.304059, 47.506623 ], [ -122.307186, 47.506607 ], [ -122.307359, 47.507046 ], [ -122.312597, 47.507094 ], [ -122.312642, 47.503056 ], [ -122.315272, 47.503024 ], [ -122.317081, 47.503004 ], [ -122.323148, 47.503049 ], [ -122.323169, 47.501035 ], [ -122.324336, 47.500278 ], [ -122.324789, 47.499466 ], [ -122.324929, 47.499467 ], [ -122.333698, 47.499488 ], [ -122.339065, 47.49939 ], [ -122.34713, 47.499274 ], [ -122.347115, 47.501099 ], [ -122.353835, 47.500984 ], [ -122.353791, 47.502803 ], [ -122.355145, 47.50278 ], [ -122.360452, 47.50279 ], [ -122.365759, 47.502794 ], [ -122.371413, 47.502778 ], [ -122.3738, 47.500834 ], [ -122.375652, 47.496434 ], [ -122.368542, 47.492341 ], [ -122.365236, 47.48842 ], [ -122.36491, 47.4881342 ], [ -122.3622832, 47.4858311 ], [ -122.361649, 47.485275 ], [ -122.361336, 47.481421 ], [ -122.3615436, 47.481108 ], [ -122.363925400000014, 47.4775162 ], [ -122.364145, 47.477185 ], [ -122.36878, 47.472745 ], [ -122.370206, 47.467764 ], [ -122.368036, 47.459221 ], [ -122.370275400000011, 47.4574449 ], [ -122.372362, 47.45579 ], [ -122.383136, 47.450521 ], [ -122.3743889, 47.4489454 ] ] ] } },
{ "type": "Feature", "properties": { "GEOID": "5307695", "NAME": "Bremerton city, Washington", "population": 45482.0 }, "geometry": { "type": "MultiPolygon", "coordinates": [ [ [ [ -122.697483, 47.516957 ], [ -122.694826, 47.516951 ], [ -122.694981, 47.512304 ], [ -122.679054, 47.512347 ], [ -122.678918, 47.516877 ], [ -122.683447, 47.516859 ], [ -122.683428, 47.517768 ], [ -122.681829, 47.51777 ], [ -122.681779, 47.5198 ], [ -122.678853, 47.519828 ], [ -122.678889, 47.525302 ], [ -122.683706, 47.525308 ], [ -122.684106, 47.5270871 ], [ -122.688946, 47.52642 ], [ -122.6893783, 47.5264103 ], [ -122.691587, 47.524634 ], [ -122.696019, 47.524662 ], [ -122.697327, 47.523544 ], [ -122.697483, 47.516957 ] ] ], [ [ [ -122.77301, 47.567028 ], [ -122.762452, 47.566898 ], [ -122.762475, 47.568695 ], [ -122.773026, 47.568825 ], [ -122.77301, 47.567028 ] ] ], [ [ [ -122.778261, 47.563494 ], [ -122.77299, 47.563433 ], [ -122.77301, 47.567028 ], [ -122.778291, 47.567091 ], [ -122.778261, 47.563494 ] ] ], [ [ [ -122.805419, 47.538556 ], [ -122.80023, 47.538438 ], [ -122.800561, 47.530503 ], [ -122.800566, 47.530272 ], [ -122.800831, 47.524007 ], [ -122.779151, 47.523869 ], [ -122.779092, 47.525532 ], [ -122.779026, 47.527482 ], [ -122.768406, 47.52741 ], [ -122.768477, 47.525165 ], [ -122.768697, 47.517134 ], [ -122.769792, 47.516777 ], [ -122.774053, 47.516813 ], [ -122.774039, 47.514931 ], [ -122.774093, 47.513365 ], [ -122.775154, 47.513382 ], [ -122.775701, 47.510009 ], [ -122.778018, 47.510014 ], [ -122.778091, 47.506635 ], [ -122.776264, 47.50663 ], [ -122.776526, 47.504783 ], [ -122.779542, 47.504781 ], [ -122.779381, 47.497383 ], [ -122.77856, 47.485841 ], [ -122.778387, 47.484052 ], [ -122.781191, 47.484027 ], [ -122.792166, 47.47641 ], [ -122.789675, 47.474212 ], [ -122.793464, 47.471607 ], [ -122.796396, 47.473567 ], [ -122.79867, 47.472009 ], [ -122.795729, 47.470046 ], [ -122.798554, 47.468099 ], [ -122.800743, 47.469558 ], [ -122.800624, 47.461954 ], [ -122.777887, 47.461617 ], [ -122.777823, 47.466597 ], [ -122.775142, 47.465065 ], [ -122.772441, 47.46481 ], [ -122.772416, 47.469167 ], [ -122.767047, 47.469232 ], [ -122.76704, 47.465627 ], [ -122.761919, 47.464756 ], [ -122.741269, 47.474921 ], [ -122.741235, 47.483703 ], [ -122.751295, 47.484142 ], [ -122.751379, 47.491565 ], [ -122.746061, 47.491286 ], [ -122.746297, 47.494924 ], [ -122.741215, 47.494691 ], [ -122.741215, 47.501975 ], [ -122.736126, 47.501753 ], [ -122.736176, 47.506845 ], [ -122.739184, 47.50918 ], [ -122.741436, 47.50924 ], [ -122.741711, 47.511151 ], [ -122.742168, 47.511456 ], [ -122.736323, 47.515426 ], [ -122.736349, 47.519996 ], [ -122.729425, 47.520023 ], [ -122.723167, 47.523548 ], [ -122.72017, 47.5243 ], [ -122.720352, 47.523799 ], [ -122.721183, 47.521664 ], [ -122.721184, 47.520015 ], [ -122.713234, 47.52005 ], [ -122.713191, 47.523498 ], [ -122.714461, 47.523986 ], [ -122.713122, 47.528315 ], [ -122.707878, 47.52911 ], [ -122.707852, 47.530516 ], [ -122.707853, 47.530763 ], [ -122.707591, 47.534514 ], [ -122.705144, 47.53452 ], [ -122.705209, 47.538158 ], [ -122.702576, 47.539072 ], [ -122.702626, 47.541797 ], [ -122.699979, 47.541801 ], [ -122.700031, 47.545436 ], [ -122.694727, 47.545894 ], [ -122.694723, 47.54544 ], [ -122.684207, 47.545483 ], [ -122.682916, 47.545462 ], [ -122.679642, 47.545486 ], [ -122.679101, 47.547509 ], [ -122.678717, 47.548046 ], [ -122.672178, 47.548178 ], [ -122.670752, 47.54905 ], [ -122.669967, 47.549122 ], [ -122.670607, 47.553344 ], [ -122.669549, 47.558012 ], [ -122.671683, 47.559433 ], [ -122.673068, 47.560648 ], [ -122.673146, 47.562169 ], [ -122.67038, 47.562248 ], [ -122.670199, 47.563705 ], [ -122.667758, 47.563759 ], [ -122.667767, 47.565557 ], [ -122.664731, 47.565508 ], [ -122.663767, 47.56551 ], [ -122.664454, 47.560365 ], [ -122.662494, 47.56004 ], [ -122.662032, 47.556423 ], [ -122.65949, 47.556463 ], [ -122.658695, 47.554602 ], [ -122.656628, 47.555402 ], [ -122.6570618, 47.5536175 ], [ -122.6552288, 47.5544651 ], [ -122.652355, 47.555794 ], [ -122.642439, 47.556511 ], [ -122.636374, 47.559895 ], [ -122.626369, 47.560943 ], [ -122.625691099999983, 47.5617202 ], [ -122.623743, 47.563954 ], [ -122.62306, 47.568645 ], [ -122.6225983, 47.5693543 ], [ -122.6213544, 47.5712651 ], [ -122.621305, 47.571341 ], [ -122.617414, 47.570781 ], [ -122.613857, 47.567436 ], [ -122.610352, 47.567548 ], [ -122.60749, 47.569217 ], [ -122.606781, 47.5699553 ], [ -122.602965399999988, 47.5739288 ], [ -122.60633, 47.574066 ], [ -122.60608, 47.577067 ], [ -122.603043, 47.577267 ], [ -122.602924, 47.581064 ], [ -122.608316, 47.58108 ], [ -122.608237, 47.58384 ], [ -122.61359, 47.5838 ], [ -122.614756, 47.583804 ], [ -122.615242, 47.588319 ], [ -122.613489, 47.588348 ], [ -122.613448, 47.589874 ], [ -122.616115, 47.590147 ], [ -122.616939, 47.588329 ], [ -122.618825, 47.588356 ], [ -122.621563, 47.588352 ], [ -122.621571, 47.589794 ], [ -122.61881, 47.589567 ], [ -122.619752, 47.591984 ], [ -122.619649, 47.59514 ], [ -122.618487, 47.595628 ], [ -122.621323, 47.595644 ], [ -122.62091, 47.606874 ], [ -122.623393, 47.606878 ], [ -122.62884, 47.606888 ], [ -122.634085, 47.606869 ], [ -122.634583, 47.600178 ], [ -122.637217, 47.600177 ], [ -122.639787, 47.60139 ], [ -122.639905, 47.599235 ], [ -122.64531, 47.599165 ], [ -122.645064, 47.603005 ], [ -122.650428, 47.603013 ], [ -122.650654, 47.599943 ], [ -122.659084, 47.598579 ], [ -122.659336, 47.597326 ], [ -122.658871, 47.592102 ], [ -122.656452, 47.591326 ], [ -122.655532, 47.591779 ], [ -122.650806, 47.592606 ], [ -122.648396, 47.591998 ], [ -122.648427, 47.590183 ], [ -122.645685, 47.590107 ], [ -122.645168, 47.587778 ], [ -122.649827, 47.58649 ], [ -122.65009, 47.586334 ], [ -122.652421, 47.588818 ], [ -122.653764, 47.589954 ], [ -122.660055, 47.590927 ], [ -122.661036, 47.589809 ], [ -122.662216, 47.584752 ], [ -122.661614, 47.580243 ], [ -122.659746, 47.579397 ], [ -122.659727, 47.579109 ], [ -122.662044, 47.578839 ], [ -122.661385, 47.575568 ], [ -122.659693, 47.575108 ], [ -122.659713, 47.572376 ], [ -122.663339, 47.572456 ], [ -122.665125, 47.576236 ], [ -122.66779, 47.575085 ], [ -122.668866, 47.578823 ], [ -122.671167, 47.57881 ], [ -122.672784, 47.578322 ], [ -122.672847, 47.590624 ], [ -122.672458, 47.594407 ], [ -122.673174, 47.595328 ], [ -122.673535, 47.596116 ], [ -122.678859, 47.597671 ], [ -122.682007, 47.596811 ], [ -122.682454, 47.596453 ], [ -122.683103, 47.594882 ], [ -122.688118, 47.595286 ], [ -122.689256, 47.596353 ], [ -122.697836, 47.596343 ], [ -122.698879, 47.596333 ], [ -122.699417, 47.585454 ], [ -122.699422, 47.58528 ], [ -122.699675, 47.580912 ], [ -122.701618, 47.58091 ], [ -122.701693, 47.582948 ], [ -122.704787, 47.582725 ], [ -122.704854, 47.580914 ], [ -122.706664, 47.580787 ], [ -122.706828, 47.580565 ], [ -122.710118, 47.580869 ], [ -122.711144, 47.580304 ], [ -122.712342, 47.57956 ], [ -122.714664, 47.580425 ], [ -122.715065, 47.58181 ], [ -122.715328, 47.580848 ], [ -122.715496, 47.579759 ], [ -122.715535, 47.578929 ], [ -122.716454, 47.578355 ], [ -122.71672, 47.578195 ], [ -122.717349, 47.577079 ], [ -122.720498, 47.575808 ], [ -122.72132, 47.576849 ], [ -122.722654, 47.576421 ], [ -122.724441, 47.574541 ], [ -122.724936, 47.56935 ], [ -122.725828, 47.565761 ], [ -122.727644, 47.56419 ], [ -122.728617, 47.561918 ], [ -122.729556, 47.556136 ], [ -122.729216, 47.555186 ], [ -122.728522, 47.554682 ], [ -122.727221, 47.554388 ], [ -122.725875, 47.554626 ], [ -122.722139, 47.556259 ], [ -122.718212, 47.558518 ], [ -122.715945, 47.563601 ], [ -122.715728, 47.570867 ], [ -122.715055, 47.570868 ], [ -122.711787, 47.570865 ], [ -122.712072, 47.571631 ], [ -122.71182, 47.57169 ], [ -122.712071, 47.57227 ], [ -122.711834, 47.57227 ], [ -122.711572, 47.571744 ], [ -122.711255, 47.570866 ], [ -122.710318, 47.570872 ], [ -122.708554, 47.570877 ], [ -122.707329, 47.56841 ], [ -122.705176, 47.568968 ], [ -122.705308, 47.561845 ], [ -122.705126, 47.561846 ], [ -122.706658, 47.559968 ], [ -122.705542, 47.557531 ], [ -122.705377, 47.552697 ], [ -122.710698, 47.552698 ], [ -122.710725, 47.549067 ], [ -122.712471, 47.549067 ], [ -122.716046, 47.549065 ], [ -122.716008, 47.555746 ], [ -122.72117, 47.550589 ], [ -122.721756, 47.549014 ], [ -122.736221, 47.548876 ], [ -122.736244, 47.545269 ], [ -122.741583, 47.545232 ], [ -122.741432, 47.556083 ], [ -122.741372, 47.563286 ], [ -122.746643, 47.563271 ], [ -122.77299, 47.563433 ], [ -122.773015, 47.559836 ], [ -122.778295, 47.559892 ], [ -122.778328, 47.556291 ], [ -122.778346, 47.55269 ], [ -122.783617, 47.552716 ], [ -122.783784, 47.545514 ], [ -122.789124, 47.545558 ], [ -122.78892, 47.549118 ], [ -122.794349, 47.549189 ], [ -122.794509, 47.545598 ], [ -122.805175, 47.54574 ], [ -122.805304, 47.542158 ], [ -122.805419, 47.538556 ] ], [ [ -122.757359, 47.506444 ], [ -122.753408, 47.508321 ], [ -122.751663, 47.508258 ], [ -122.751775, 47.509654 ], [ -122.747836, 47.509477 ], [ -122.747681, 47.507044 ], [ -122.746883, 47.507597 ], [ -122.744102, 47.505756 ], [ -122.747171, 47.506269 ], [ -122.7488, 47.505672 ], [ -122.7463, 47.503923 ], [ -122.746302, 47.502201 ], [ -122.750081, 47.504868 ], [ -122.751631, 47.504351 ], [ -122.75189, 47.504172 ], [ -122.757333, 47.504608 ], [ -122.757359, 47.506444 ] ], [ [ -122.692851, 47.56504 ], [ -122.69463, 47.56503 ], [ -122.694637, 47.566388 ], [ -122.693881, 47.566493 ], [ -122.694278, 47.567321 ], [ -122.694513, 47.569074 ], [ -122.689229, 47.569096 ], [ -122.689236, 47.567683 ], [ -122.689249, 47.565456 ], [ -122.687229, 47.565462 ], [ -122.686561, 47.564576 ], [ -122.686622, 47.559989 ], [ -122.683931, 47.559996 ], [ -122.683945, 47.559083 ], [ -122.681333, 47.55909 ], [ -122.67992, 47.558182 ], [ -122.67995, 47.556326 ], [ -122.689362, 47.556329 ], [ -122.689344, 47.558212 ], [ -122.690708, 47.558199 ], [ -122.690699, 47.559974 ], [ -122.691969, 47.559974 ], [ -122.691915, 47.563628 ], [ -122.694646, 47.563621 ], [ -122.692851, 47.56504 ] ] ] ] } },
{ "type": "Feature", "properties": { "GEOID": "5320750", "NAME": "Edmonds city, Washington", "population": 42748.0 }, "geometry": { "type": "Polygon", "coordinates": [ [ [ -122.394944, 47.803318 ], [ -122.3949394, 47.8033042 ], [ -122.390501, 47.803194 ], [ -122.39041, 47.803295 ], [ -122.387147, 47.803294 ], [ -122.38301, 47.803274 ], [ -122.382951, 47.799768 ], [ -122.377528, 47.799778 ], [ -122.377528, 47.79953 ], [ -122.37755, 47.797743 ], [ -122.377454, 47.794101 ], [ -122.374853, 47.794158 ], [ -122.374868, 47.792311 ], [ -122.377445, 47.792396 ], [ -122.377506, 47.782983 ], [ -122.377522, 47.77785 ], [ -122.377334, 47.777848 ], [ -122.372084, 47.777801 ], [ -122.361617, 47.777777 ], [ -122.361326, 47.777764 ], [ -122.35595, 47.777766 ], [ -122.35149, 47.777781 ], [ -122.346286, 47.777794 ], [ -122.335323, 47.77777 ], [ -122.329939, 47.77762 ], [ -122.327229, 47.777657 ], [ -122.327544, 47.778644 ], [ -122.329438, 47.781403 ], [ -122.330718, 47.781472 ], [ -122.331158, 47.781703 ], [ -122.331691, 47.782198 ], [ -122.331871, 47.782844 ], [ -122.331828, 47.783272 ], [ -122.331441, 47.78372 ], [ -122.331982, 47.785701 ], [ -122.333407, 47.785706 ], [ -122.333273, 47.788137 ], [ -122.333085, 47.788979 ], [ -122.331565, 47.792325 ], [ -122.332838, 47.794159 ], [ -122.330575, 47.794132 ], [ -122.330454, 47.794132 ], [ -122.330162, 47.794691 ], [ -122.330017, 47.795076 ], [ -122.329983, 47.795315 ], [ -122.329995, 47.795723 ], [ -122.33005, 47.795971 ], [ -122.330056, 47.796891 ], [ -122.329969, 47.799625 ], [ -122.330141, 47.799627 ], [ -122.331612, 47.799652 ], [ -122.331735, 47.799655 ], [ -122.329873, 47.802373 ], [ -122.326653, 47.806843 ], [ -122.32559, 47.808315 ], [ -122.328746, 47.808697 ], [ -122.330215, 47.810531 ], [ -122.335791, 47.810567 ], [ -122.335803, 47.812365 ], [ -122.335876, 47.818731 ], [ -122.337075, 47.818733 ], [ -122.337244, 47.821444 ], [ -122.335902, 47.821805 ], [ -122.335928, 47.825919 ], [ -122.337592, 47.827661 ], [ -122.337757, 47.831541 ], [ -122.336677, 47.831291 ], [ -122.334808, 47.83113 ], [ -122.331613, 47.830345 ], [ -122.330592, 47.831088 ], [ -122.328288, 47.833666 ], [ -122.325129, 47.835974 ], [ -122.324826, 47.839237 ], [ -122.323875, 47.840912 ], [ -122.323536, 47.841383 ], [ -122.321904, 47.842904 ], [ -122.319684, 47.844267 ], [ -122.31936, 47.844756 ], [ -122.319671, 47.844737 ], [ -122.330441, 47.844881 ], [ -122.330464, 47.848402 ], [ -122.327661, 47.848416 ], [ -122.327586, 47.849863 ], [ -122.324829, 47.848923 ], [ -122.324783, 47.850163 ], [ -122.324928, 47.851951 ], [ -122.325358, 47.858364 ], [ -122.328131, 47.859348 ], [ -122.330854, 47.859356 ], [ -122.331234, 47.859483 ], [ -122.334385, 47.859539 ], [ -122.3349077, 47.85914 ], [ -122.334729, 47.856305 ], [ -122.33595, 47.852306 ], [ -122.339798099999982, 47.8469221 ], [ -122.339207, 47.846652 ], [ -122.337436, 47.846644 ], [ -122.336965, 47.846233 ], [ -122.337756, 47.8459 ], [ -122.338055, 47.846228 ], [ -122.340122, 47.846229 ], [ -122.341324, 47.845235 ], [ -122.341322, 47.8458202 ], [ -122.346544, 47.842418 ], [ -122.353244, 47.840618 ], [ -122.3603588, 47.8340103 ], [ -122.374009, 47.821333 ], [ -122.3776577, 47.8177053 ], [ -122.381481, 47.813904 ], [ -122.383492199999978, 47.8127262 ], [ -122.392044, 47.807718 ], [ -122.395637, 47.806808 ], [ -122.394944, 47.803318 ] ], [ [ -122.356127, 47.792337 ], [ -122.356188, 47.798362 ], [ -122.356214, 47.799598 ], [ -122.354089, 47.799593 ], [ -122.349212, 47.799626 ], [ -122.346469, 47.799634 ], [ -122.34102, 47.799657 ], [ -122.33566, 47.79968 ], [ -122.335607, 47.796015 ], [ -122.33559, 47.795094 ], [ -122.338318, 47.795106 ], [ -122.338337, 47.793884 ], [ -122.338809, 47.793556 ], [ -122.340256, 47.793432 ], [ -122.340974, 47.793001 ], [ -122.340994, 47.792353 ], [ -122.336992, 47.792355 ], [ -122.33825, 47.790555 ], [ -122.339549, 47.788711 ], [ -122.342062, 47.788713 ], [ -122.341985, 47.7869 ], [ -122.34629, 47.786893 ], [ -122.346292, 47.787341 ], [ -122.35158, 47.787344 ], [ -122.351555, 47.785068 ], [ -122.353387, 47.785073 ], [ -122.353968, 47.787705 ], [ -122.354936, 47.788707 ], [ -122.356273, 47.789934 ], [ -122.356127, 47.792337 ] ] ] } },
{ "type": "Feature", "properties": { "GEOID": "5356695", "NAME": "Puyallup city, Washington", "population": 42682.0 }, "geometry": { "type": "Polygon", "coordinates": [ [ [ -122.337878, 47.203631 ], [ -122.335759, 47.202588 ], [ -122.335785, 47.199974 ], [ -122.331309, 47.199026 ], [ -122.326705, 47.198231 ], [ -122.326315, 47.195661 ], [ -122.327142, 47.194706 ], [ -122.327521, 47.195121 ], [ -122.331594, 47.195279 ], [ -122.332173, 47.195634 ], [ -122.336442, 47.191457 ], [ -122.336437, 47.191377 ], [ -122.336343, 47.182514 ], [ -122.332593, 47.182487 ], [ -122.333105, 47.180674 ], [ -122.327336, 47.180628 ], [ -122.327464, 47.179772 ], [ -122.325509, 47.175242 ], [ -122.328234, 47.175248 ], [ -122.328232, 47.176172 ], [ -122.331003, 47.176169 ], [ -122.330908, 47.169882 ], [ -122.328226, 47.16987 ], [ -122.328116, 47.162107 ], [ -122.328122, 47.15839 ], [ -122.315179, 47.158811 ], [ -122.31483, 47.158057 ], [ -122.314869, 47.154891 ], [ -122.307912, 47.154856 ], [ -122.305454, 47.15352 ], [ -122.305456, 47.15293 ], [ -122.30398, 47.152921 ], [ -122.303988, 47.151186 ], [ -122.294246, 47.151172 ], [ -122.294227, 47.149323 ], [ -122.292993, 47.149313 ], [ -122.292949, 47.147474 ], [ -122.28367, 47.147389 ], [ -122.283673, 47.151093 ], [ -122.282345, 47.151087 ], [ -122.281656, 47.151075 ], [ -122.275722, 47.150932 ], [ -122.275747, 47.152823 ], [ -122.269121, 47.152716 ], [ -122.266483, 47.151803 ], [ -122.266481, 47.151284 ], [ -122.263828, 47.150888 ], [ -122.263767, 47.149076 ], [ -122.261203, 47.149092 ], [ -122.261183, 47.15316 ], [ -122.261177, 47.154498 ], [ -122.25793, 47.154501 ], [ -122.25629, 47.159439 ], [ -122.256103, 47.160103 ], [ -122.249209, 47.160029 ], [ -122.249217, 47.161845 ], [ -122.239944, 47.161713 ], [ -122.237809, 47.16167 ], [ -122.236354, 47.165429 ], [ -122.236291, 47.169397 ], [ -122.236289, 47.169544 ], [ -122.236229, 47.173397 ], [ -122.235839, 47.177038 ], [ -122.239935, 47.17704 ], [ -122.240006, 47.180533 ], [ -122.241511, 47.180564 ], [ -122.245389, 47.181764 ], [ -122.250718, 47.183495 ], [ -122.25078, 47.185006 ], [ -122.247279, 47.184433 ], [ -122.247421, 47.188128 ], [ -122.25085, 47.188106 ], [ -122.250925, 47.190046 ], [ -122.257263, 47.190406 ], [ -122.250438, 47.19634 ], [ -122.251038, 47.196572 ], [ -122.252999, 47.197454 ], [ -122.253449, 47.197666 ], [ -122.258518, 47.199424 ], [ -122.25897, 47.199464 ], [ -122.261582, 47.198294 ], [ -122.268979, 47.196082 ], [ -122.277162, 47.19377 ], [ -122.27987, 47.193117 ], [ -122.282407, 47.193298 ], [ -122.282901, 47.194094 ], [ -122.284403, 47.19516 ], [ -122.287008, 47.198848 ], [ -122.288988, 47.201254 ], [ -122.288873, 47.203627 ], [ -122.285818, 47.203927 ], [ -122.287791, 47.210279 ], [ -122.288655, 47.210777 ], [ -122.293905, 47.212466 ], [ -122.302001, 47.214683 ], [ -122.311785, 47.217459 ], [ -122.312295, 47.218299 ], [ -122.315157, 47.218645 ], [ -122.320604, 47.220563 ], [ -122.320576, 47.219835 ], [ -122.320415, 47.207716 ], [ -122.320403, 47.207166 ], [ -122.32178, 47.20738 ], [ -122.3217, 47.205555 ], [ -122.325717, 47.20464 ], [ -122.32605, 47.20261 ], [ -122.328837, 47.2026 ], [ -122.328743, 47.206186 ], [ -122.337887, 47.206147 ], [ -122.337878, 47.203631 ] ] ] } },
{ "type": "Feature", "properties": { "GEOID": "5340840", "NAME": "Lynnwood city, Washington", "population": 42132.0 }, "geometry": { "type": "MultiPolygon", "coordinates": [ [ [ [ -122.337592, 47.827661 ], [ -122.335928, 47.825919 ], [ -122.335902, 47.821805 ], [ -122.337244, 47.821444 ], [ -122.337075, 47.818733 ], [ -122.335876, 47.818731 ], [ -122.335803, 47.812365 ], [ -122.335791, 47.810567 ], [ -122.330215, 47.810531 ], [ -122.328746, 47.808697 ], [ -122.32559, 47.808315 ], [ -122.326653, 47.806843 ], [ -122.329873, 47.802373 ], [ -122.329727, 47.802325 ], [ -122.328697, 47.802019 ], [ -122.317076, 47.806683 ], [ -122.314392, 47.806668 ], [ -122.312095, 47.807278 ], [ -122.305797, 47.806533 ], [ -122.303211, 47.806537 ], [ -122.297793, 47.80649 ], [ -122.292337, 47.806436 ], [ -122.292308, 47.80824 ], [ -122.292305, 47.808702 ], [ -122.287095, 47.808667 ], [ -122.287094, 47.810029 ], [ -122.290002, 47.810049 ], [ -122.290041, 47.811839 ], [ -122.292328, 47.811863 ], [ -122.292274, 47.812426 ], [ -122.290985, 47.813691 ], [ -122.285475, 47.813639 ], [ -122.284698, 47.813627 ], [ -122.28313, 47.816245 ], [ -122.284459, 47.817451 ], [ -122.281257, 47.819142 ], [ -122.280401, 47.819251 ], [ -122.278262, 47.817449 ], [ -122.274687, 47.817239 ], [ -122.274735, 47.818554 ], [ -122.271021, 47.818956 ], [ -122.270941, 47.81993 ], [ -122.265739, 47.819813 ], [ -122.265715, 47.818011 ], [ -122.263251, 47.817948 ], [ -122.261873, 47.81883 ], [ -122.262506, 47.820684 ], [ -122.265721, 47.820754 ], [ -122.26835, 47.822616 ], [ -122.268374, 47.826923 ], [ -122.264032, 47.831451 ], [ -122.26413, 47.832166 ], [ -122.264341, 47.8326 ], [ -122.270288, 47.836167 ], [ -122.270783, 47.836616 ], [ -122.270873, 47.836854 ], [ -122.271345, 47.83717 ], [ -122.27229, 47.83768 ], [ -122.272624, 47.837529 ], [ -122.272286, 47.836845 ], [ -122.273198, 47.836489 ], [ -122.273779, 47.837878 ], [ -122.274101, 47.838879 ], [ -122.274939, 47.844145 ], [ -122.275078, 47.846388 ], [ -122.277369, 47.847544 ], [ -122.2802, 47.847426 ], [ -122.280544, 47.847491 ], [ -122.280753, 47.847625 ], [ -122.281065, 47.847684 ], [ -122.281886, 47.847693 ], [ -122.281877, 47.848049 ], [ -122.281902, 47.84878 ], [ -122.281894, 47.849139 ], [ -122.284858, 47.849127 ], [ -122.284707, 47.850052 ], [ -122.285659, 47.850071 ], [ -122.288015, 47.850981 ], [ -122.288729, 47.850767 ], [ -122.290509, 47.849737 ], [ -122.292313, 47.849159 ], [ -122.292475, 47.849774 ], [ -122.29221, 47.849984 ], [ -122.292854, 47.85033 ], [ -122.293174, 47.850191 ], [ -122.294122, 47.847829 ], [ -122.295776, 47.847244 ], [ -122.298118, 47.848392 ], [ -122.303628, 47.848424 ], [ -122.309041, 47.848395 ], [ -122.309021, 47.850306 ], [ -122.31111, 47.850361 ], [ -122.31437, 47.850284 ], [ -122.314394, 47.851718 ], [ -122.314589, 47.853887 ], [ -122.318979, 47.853885 ], [ -122.32219, 47.853884 ], [ -122.322033, 47.85198 ], [ -122.324928, 47.851951 ], [ -122.324783, 47.850163 ], [ -122.324829, 47.848923 ], [ -122.327586, 47.849863 ], [ -122.327661, 47.848416 ], [ -122.330464, 47.848402 ], [ -122.330441, 47.844881 ], [ -122.319671, 47.844737 ], [ -122.31936, 47.844756 ], [ -122.319684, 47.844267 ], [ -122.321904, 47.842904 ], [ -122.323536, 47.841383 ], [ -122.323875, 47.840912 ], [ -122.324826, 47.839237 ], [ -122.325129, 47.835974 ], [ -122.328288, 47.833666 ], [ -122.330592, 47.831088 ], [ -122.331613, 47.830345 ], [ -122.334808, 47.83113 ], [ -122.336677, 47.831291 ], [ -122.337757, 47.831541 ], [ -122.337592, 47.827661 ] ] ], [ [ [ -122.341324, 47.845235 ], [ -122.340122, 47.846229 ], [ -122.338055, 47.846228 ], [ -122.337756, 47.8459 ], [ -122.336965, 47.846233 ], [ -122.337436, 47.846644 ], [ -122.339207, 47.846652 ], [ -122.339798099999982, 47.8469221 ], [ -122.339944, 47.846718 ], [ -122.341322, 47.8458202 ], [ -122.341324, 47.845235 ] ] ] ] } },
{ "type": "Feature", "properties": { "GEOID": "5337900", "NAME": "Lake Stevens city, Washington", "population": 42091.0 }, "geometry": { "type": "Polygon", "coordinates": [ [ [ -122.135514, 47.985353 ], [ -122.135612, 47.985254 ], [ -122.13636, 47.984409 ], [ -122.137266, 47.982947 ], [ -122.137572, 47.981938 ], [ -122.13768, 47.981004 ], [ -122.13748, 47.980518 ], [ -122.137214, 47.979464 ], [ -122.137122, 47.979199 ], [ -122.137077, 47.97875 ], [ -122.137226, 47.978422 ], [ -122.137488, 47.97818 ], [ -122.137657, 47.977826 ], [ -122.137239, 47.97736 ], [ -122.136894, 47.976818 ], [ -122.136256, 47.975293 ], [ -122.135743, 47.974276 ], [ -122.135163, 47.974261 ], [ -122.135121, 47.974475 ], [ -122.135095, 47.975931 ], [ -122.129636, 47.976208 ], [ -122.129667, 47.974497 ], [ -122.124662, 47.974516 ], [ -122.124732, 47.970959 ], [ -122.119618, 47.970946 ], [ -122.119529, 47.974494 ], [ -122.108954, 47.973574 ], [ -122.103896, 47.973267 ], [ -122.102501, 47.973248 ], [ -122.102374, 47.970641 ], [ -122.101098, 47.970912 ], [ -122.093146, 47.970918 ], [ -122.087725, 47.970899 ], [ -122.087579, 47.97817 ], [ -122.082124, 47.978122 ], [ -122.076878, 47.978113 ], [ -122.076745, 47.978108 ], [ -122.069953, 47.977956 ], [ -122.070022, 47.976083 ], [ -122.068669, 47.97607 ], [ -122.067309, 47.976139 ], [ -122.067282, 47.976784 ], [ -122.067148, 47.976784 ], [ -122.066555, 47.976334 ], [ -122.065984, 47.976208 ], [ -122.065817, 47.983175 ], [ -122.065778, 47.985527 ], [ -122.065668, 47.992746 ], [ -122.065637, 47.994709 ], [ -122.065517, 48.000629 ], [ -122.05439, 48.000579 ], [ -122.05464, 48.002434 ], [ -122.054603, 48.004326 ], [ -122.05864, 48.004359 ], [ -122.058674, 48.006329 ], [ -122.059897, 48.006346 ], [ -122.05992, 48.008072 ], [ -122.05454, 48.008037 ], [ -122.053339, 48.008039 ], [ -122.053332, 48.009777 ], [ -122.054577, 48.009781 ], [ -122.054609, 48.011779 ], [ -122.04899, 48.011714 ], [ -122.049047, 48.009891 ], [ -122.046366, 48.010749 ], [ -122.043906, 48.008086 ], [ -122.04573, 48.010655 ], [ -122.046954, 48.011791 ], [ -122.048955, 48.01317 ], [ -122.046894, 48.018925 ], [ -122.049766, 48.019179 ], [ -122.050311, 48.021983 ], [ -122.052624, 48.022046 ], [ -122.052536, 48.022961 ], [ -122.05374, 48.030461 ], [ -122.057253, 48.030294 ], [ -122.058039, 48.032174 ], [ -122.074979, 48.030243 ], [ -122.078866, 48.030149 ], [ -122.091245, 48.029361 ], [ -122.098033, 48.028853 ], [ -122.1102, 48.027921 ], [ -122.109388, 48.02146 ], [ -122.115796, 48.021597 ], [ -122.122519, 48.021683 ], [ -122.121729, 48.017013 ], [ -122.125612, 48.017048 ], [ -122.12438, 48.014322 ], [ -122.124312, 48.010726 ], [ -122.119112, 48.010699 ], [ -122.119034, 48.010699 ], [ -122.118983, 48.008919 ], [ -122.122635, 48.008932 ], [ -122.124271, 48.008941 ], [ -122.124234, 48.00713 ], [ -122.122411, 48.007124 ], [ -122.119002, 48.007116 ], [ -122.118997, 48.003515 ], [ -122.116993, 48.003525 ], [ -122.113166, 48.000787 ], [ -122.115144, 47.999925 ], [ -122.119088, 48.000891 ], [ -122.12304, 48.001262 ], [ -122.122286, 48.003523 ], [ -122.123902, 48.004658 ], [ -122.124386, 47.999754 ], [ -122.125792, 47.995869 ], [ -122.1244, 47.995912 ], [ -122.12446, 47.99303 ], [ -122.130271, 47.989062 ], [ -122.134555, 47.98909 ], [ -122.135367, 47.98788 ], [ -122.137856, 47.985362 ], [ -122.135514, 47.985353 ] ] ] } },
{ "type": "Feature", "properties": { "GEOID": "5333805", "NAME": "Issaquah city, Washington", "population": 39423.0 }, "geometry": { "type": "Polygon", "coordinates": [ [ [ -122.10047, 47.548492 ], [ -122.094761, 47.548446 ], [ -122.094833, 47.551993 ], [ -122.086107, 47.551835 ], [ -122.084235, 47.551803 ], [ -122.084146, 47.548311 ], [ -122.078782, 47.548265 ], [ -122.078796, 47.546828 ], [ -122.070346, 47.546884 ], [ -122.069788, 47.5464 ], [ -122.06824, 47.54544 ], [ -122.073505, 47.544814 ], [ -122.073616, 47.541304 ], [ -122.073725, 47.537566 ], [ -122.076371, 47.537551 ], [ -122.076506, 47.533 ], [ -122.076586, 47.530302 ], [ -122.079242, 47.530306 ], [ -122.079475, 47.519645 ], [ -122.07284, 47.519632 ], [ -122.07276, 47.523176 ], [ -122.070104, 47.523167 ], [ -122.069871, 47.521397 ], [ -122.070219, 47.520911 ], [ -122.069765, 47.519624 ], [ -122.064037, 47.51958 ], [ -122.064198, 47.516249 ], [ -122.047707, 47.515582 ], [ -122.036949, 47.515601 ], [ -122.036941, 47.512824 ], [ -122.031504, 47.512774 ], [ -122.031369, 47.509181 ], [ -122.023109, 47.509099 ], [ -122.023676, 47.51305 ], [ -122.025862, 47.515443 ], [ -122.022211, 47.515445 ], [ -122.020707, 47.51913 ], [ -122.020632, 47.526395 ], [ -122.023437, 47.52639 ], [ -122.026093, 47.524727 ], [ -122.027534, 47.526386 ], [ -122.024967, 47.528201 ], [ -122.023369, 47.529972 ], [ -122.014831, 47.529992 ], [ -122.01522, 47.520835 ], [ -122.009926, 47.520792 ], [ -122.009642, 47.526265 ], [ -122.004381, 47.526282 ], [ -122.004608, 47.522647 ], [ -121.994063, 47.522532 ], [ -121.993493, 47.529687 ], [ -121.988008, 47.529697 ], [ -121.98798, 47.531025 ], [ -121.995732, 47.532109 ], [ -121.998703, 47.532964 ], [ -122.006779, 47.536223 ], [ -122.010619, 47.536429 ], [ -122.016541, 47.534201 ], [ -122.014829, 47.537245 ], [ -122.014798, 47.538989 ], [ -122.011976, 47.53891 ], [ -122.012341, 47.541112 ], [ -122.011302, 47.539916 ], [ -122.009657, 47.54031 ], [ -122.009275, 47.543417 ], [ -122.008346, 47.541771 ], [ -122.005597, 47.54134 ], [ -122.003272, 47.544005 ], [ -122.004646, 47.541301 ], [ -122.004969, 47.540451 ], [ -122.000989, 47.538899 ], [ -121.993171, 47.539321 ], [ -121.991871, 47.541204 ], [ -121.99359, 47.54254 ], [ -121.991688, 47.544187 ], [ -121.98573, 47.546695 ], [ -121.985762, 47.549142 ], [ -121.98899, 47.549421 ], [ -121.990463, 47.546909 ], [ -121.99433, 47.548957 ], [ -121.992435, 47.549521 ], [ -121.992433, 47.551344 ], [ -121.994571, 47.551194 ], [ -121.994898, 47.551173 ], [ -121.995121, 47.551113 ], [ -121.995455, 47.551166 ], [ -121.995526, 47.551246 ], [ -121.995435, 47.551409 ], [ -121.994802, 47.551529 ], [ -121.994572, 47.551532 ], [ -121.991351, 47.552448 ], [ -121.989896, 47.551733 ], [ -121.98872, 47.551736 ], [ -121.987788, 47.554583 ], [ -121.995365, 47.555129 ], [ -121.996992, 47.556435 ], [ -122.001142, 47.556948 ], [ -122.003339, 47.555708 ], [ -122.003753, 47.551773 ], [ -122.008783, 47.549864 ], [ -122.011536, 47.550381 ], [ -122.012869, 47.551139 ], [ -122.014808, 47.551017 ], [ -122.015593, 47.54821 ], [ -122.020048, 47.548218 ], [ -122.021666, 47.550346 ], [ -122.020054, 47.553485 ], [ -122.020743, 47.553512 ], [ -122.020747, 47.553603 ], [ -122.019443, 47.553604 ], [ -122.020063, 47.555464 ], [ -122.021284, 47.554767 ], [ -122.024105, 47.559013 ], [ -122.025163, 47.55897 ], [ -122.033911, 47.559074 ], [ -122.042672, 47.559234 ], [ -122.042689, 47.561445 ], [ -122.042013, 47.562833 ], [ -122.035939, 47.56274 ], [ -122.035816, 47.569039 ], [ -122.035719, 47.573862 ], [ -122.035701, 47.574892 ], [ -122.035651, 47.577334 ], [ -122.041022, 47.577369 ], [ -122.041083, 47.573725 ], [ -122.046449, 47.573766 ], [ -122.046544, 47.568505 ], [ -122.050623, 47.570884 ], [ -122.05273, 47.570227 ], [ -122.057391, 47.570278 ], [ -122.057341, 47.568462 ], [ -122.057336, 47.565533 ], [ -122.071901, 47.56561 ], [ -122.07262, 47.5664 ], [ -122.076975, 47.571156 ], [ -122.082267, 47.575222 ], [ -122.094106, 47.578659 ], [ -122.095942, 47.579466 ], [ -122.096725, 47.58019 ], [ -122.097756, 47.572319 ], [ -122.097823, 47.569831 ], [ -122.099435, 47.569897 ], [ -122.100071, 47.568389 ], [ -122.099091, 47.564911 ], [ -122.099076, 47.564812 ], [ -122.098181, 47.562475 ], [ -122.098697, 47.560582 ], [ -122.097971, 47.559228 ], [ -122.100194, 47.559225 ], [ -122.100374, 47.559014 ], [ -122.100411, 47.551035 ], [ -122.10047, 47.548492 ] ] ] } },
{ "type": "Feature", "properties": { "GEOID": "5340245", "NAME": "Longview city, Washington", "population": 38362.0 }, "geometry": { "type": "Polygon", "coordinates": [ [ [ -123.03769, 46.150444 ], [ -123.03419, 46.147297 ], [ -123.025824, 46.142235 ], [ -123.020161, 46.141399 ], [ -123.015749, 46.140763 ], [ -123.015763, 46.144488 ], [ -123.015773, 46.147587 ], [ -123.011258, 46.147629 ], [ -123.010552, 46.148314 ], [ -123.004129, 46.147046 ], [ -123.003271, 46.14707 ], [ -123.00243, 46.146836 ], [ -123.001525, 46.146396 ], [ -122.971672, 46.128101 ], [ -122.962683, 46.122618 ], [ -122.95612, 46.118606 ], [ -122.954142, 46.117374 ], [ -122.950518, 46.116436 ], [ -122.958689, 46.107664 ], [ -122.950323, 46.103807 ], [ -122.942451, 46.101009 ], [ -122.941861, 46.10178 ], [ -122.950283, 46.105137 ], [ -122.95213, 46.107403 ], [ -122.950133, 46.109578 ], [ -122.95431, 46.111208 ], [ -122.950821, 46.114933 ], [ -122.948483, 46.115259 ], [ -122.93886, 46.11181 ], [ -122.935056, 46.11068 ], [ -122.926337, 46.107426 ], [ -122.921582, 46.107884 ], [ -122.920702, 46.110542 ], [ -122.917513, 46.11082 ], [ -122.916382, 46.10991 ], [ -122.91603, 46.105956 ], [ -122.914147, 46.105231 ], [ -122.912748, 46.106419 ], [ -122.91237, 46.10437 ], [ -122.911091, 46.103818 ], [ -122.910113, 46.105334 ], [ -122.91108, 46.110029 ], [ -122.909213, 46.110405 ], [ -122.909263, 46.111462 ], [ -122.913839, 46.113083 ], [ -122.920641, 46.113246 ], [ -122.920615, 46.115262 ], [ -122.918378, 46.115733 ], [ -122.914067, 46.115779 ], [ -122.912025, 46.115106 ], [ -122.899616, 46.108384 ], [ -122.897987, 46.10833 ], [ -122.891719, 46.106901 ], [ -122.894351, 46.11172 ], [ -122.896873, 46.113457 ], [ -122.899463, 46.114552 ], [ -122.911129, 46.117145 ], [ -122.914755, 46.118367 ], [ -122.917915, 46.120503 ], [ -122.920383, 46.123596 ], [ -122.920871, 46.127726 ], [ -122.919579, 46.132797 ], [ -122.917213, 46.137381 ], [ -122.916502, 46.139859 ], [ -122.914766, 46.142675 ], [ -122.917149, 46.143153 ], [ -122.923007, 46.144288 ], [ -122.923113, 46.144308 ], [ -122.924091, 46.144498 ], [ -122.923521, 46.148132 ], [ -122.923283, 46.150234 ], [ -122.920911, 46.150237 ], [ -122.918693, 46.150233 ], [ -122.913544, 46.150239 ], [ -122.913601, 46.151458 ], [ -122.91371, 46.152078 ], [ -122.914608, 46.157396 ], [ -122.914644, 46.159218 ], [ -122.923039, 46.159232 ], [ -122.927627, 46.159255 ], [ -122.936717, 46.160021 ], [ -122.939684, 46.160306 ], [ -122.94077, 46.161909 ], [ -122.941086, 46.162837 ], [ -122.94122, 46.163181 ], [ -122.947144, 46.163154 ], [ -122.947013, 46.166287 ], [ -122.948095, 46.166683 ], [ -122.948282, 46.16725 ], [ -122.945639, 46.168271 ], [ -122.945992, 46.169065 ], [ -122.946317, 46.171337 ], [ -122.946296, 46.171661 ], [ -122.951799, 46.171701 ], [ -122.951749, 46.17465 ], [ -122.955117, 46.177516 ], [ -122.960153, 46.177471 ], [ -122.960068, 46.183579 ], [ -122.961624, 46.183239 ], [ -122.968021, 46.18287 ], [ -122.968442, 46.179116 ], [ -122.973246, 46.179303 ], [ -122.972869, 46.178011 ], [ -122.973076, 46.177453 ], [ -122.974004, 46.176773 ], [ -122.972461, 46.175225 ], [ -122.974156, 46.17403 ], [ -122.9718, 46.17284 ], [ -122.970241, 46.17438 ], [ -122.965285, 46.171494 ], [ -122.964195, 46.169307 ], [ -122.966693, 46.168645 ], [ -122.966988, 46.167113 ], [ -122.964861, 46.166072 ], [ -122.966952, 46.165297 ], [ -122.968378, 46.163862 ], [ -122.96843, 46.16381 ], [ -122.969294, 46.163854 ], [ -122.969937, 46.164061 ], [ -122.970772, 46.165576 ], [ -122.971331, 46.167289 ], [ -122.972373, 46.168877 ], [ -122.97639, 46.171998 ], [ -122.978358, 46.172866 ], [ -122.981281, 46.173634 ], [ -122.98438, 46.175639 ], [ -122.986799, 46.173239 ], [ -122.985136, 46.172418 ], [ -122.986233, 46.17135 ], [ -122.992295, 46.174285 ], [ -122.994083, 46.174612 ], [ -122.994483, 46.173616 ], [ -122.991708, 46.172247 ], [ -122.991189, 46.17041 ], [ -122.988534, 46.1691 ], [ -122.989682, 46.168002 ], [ -122.988608, 46.167472 ], [ -122.989735, 46.166363 ], [ -122.995051, 46.168977 ], [ -122.996392, 46.167666 ], [ -122.998105, 46.165986 ], [ -123.000232, 46.167031 ], [ -122.998755, 46.168423 ], [ -122.997664, 46.170448 ], [ -122.999073, 46.170725 ], [ -122.998324, 46.172232 ], [ -123.000287, 46.171567 ], [ -123.001832, 46.174151 ], [ -123.001254, 46.175552 ], [ -123.004179, 46.173771 ], [ -123.006025, 46.17421 ], [ -123.002618, 46.17644 ], [ -123.007486, 46.176411 ], [ -123.008047, 46.178551 ], [ -123.008595, 46.178866 ], [ -123.010868, 46.179518 ], [ -123.011411, 46.180502 ], [ -123.015897, 46.180323 ], [ -123.015898, 46.180064 ], [ -123.018121, 46.179611 ], [ -123.022964, 46.179594 ], [ -123.024478, 46.179655 ], [ -123.025881, 46.179429 ], [ -123.025845, 46.178634 ], [ -123.026145, 46.17861 ], [ -123.025828, 46.177213 ], [ -123.025926, 46.176672 ], [ -123.024434, 46.176066 ], [ -123.028053, 46.171506 ], [ -123.027546, 46.169656 ], [ -123.028136, 46.168108 ], [ -123.030155, 46.16653 ], [ -123.030508, 46.164482 ], [ -123.028835, 46.162826 ], [ -123.026158, 46.162156 ], [ -123.025295, 46.163133 ], [ -123.021907, 46.162535 ], [ -123.014625, 46.163264 ], [ -123.011952, 46.162785 ], [ -123.010874, 46.166137 ], [ -123.011431, 46.167069 ], [ -123.00993, 46.168655 ], [ -123.010229, 46.168803 ], [ -123.009541, 46.171732 ], [ -123.00613, 46.169805 ], [ -123.007501, 46.168463 ], [ -123.006032, 46.166739 ], [ -123.004822, 46.166144 ], [ -123.002628, 46.16505 ], [ -123.00183, 46.165825 ], [ -122.999474, 46.164646 ], [ -122.998124, 46.162838 ], [ -122.997084, 46.163888 ], [ -122.994821, 46.164041 ], [ -122.995596, 46.162418 ], [ -122.992986, 46.161973 ], [ -122.9939, 46.160744 ], [ -122.987511, 46.157594 ], [ -122.990172, 46.154981 ], [ -122.992476, 46.156208 ], [ -123.003955, 46.160175 ], [ -123.001823, 46.16234 ], [ -123.00391, 46.163354 ], [ -123.002993, 46.164055 ], [ -123.005613, 46.165347 ], [ -123.009244, 46.161915 ], [ -123.01173, 46.162733 ], [ -123.012354, 46.161299 ], [ -123.009988, 46.160827 ], [ -123.008598, 46.159625 ], [ -123.007629, 46.16085 ], [ -123.002794, 46.159108 ], [ -123.003721, 46.157979 ], [ -123.001344, 46.157179 ], [ -123.001836, 46.15647 ], [ -122.994911, 46.153832 ], [ -122.992338, 46.154824 ], [ -122.986318, 46.15256 ], [ -122.987571, 46.15182 ], [ -122.99036, 46.152596 ], [ -122.99167, 46.150637 ], [ -122.994215, 46.150708 ], [ -122.997268, 46.149726 ], [ -122.997837, 46.148478 ], [ -122.999447, 46.148338 ], [ -123.000487, 46.14787 ], [ -123.000741, 46.147814 ], [ -123.001346, 46.150703 ], [ -123.00328, 46.153542 ], [ -123.005713, 46.152893 ], [ -123.012564, 46.15302 ], [ -123.015595, 46.151701 ], [ -123.018206, 46.155333 ], [ -123.020198, 46.156202 ], [ -123.022932, 46.159325 ], [ -123.025503, 46.15965 ], [ -123.027589, 46.156926 ], [ -123.023632, 46.153415 ], [ -123.026178, 46.153705 ], [ -123.036002, 46.153735 ], [ -123.039392, 46.152792 ], [ -123.03769, 46.150444 ] ] ] } },
{ "type": "Feature", "properties": { "GEOID": "5377105", "NAME": "Wenatchee city, Washington", "population": 35547.0 }, "geometry": { "type": "MultiPolygon", "coordinates": [ [ [ [ -120.330977, 47.395158 ], [ -120.329744, 47.395149 ], [ -120.329632, 47.395263 ], [ -120.329613, 47.395724 ], [ -120.329681, 47.39661 ], [ -120.329578, 47.3968 ], [ -120.329301, 47.396972 ], [ -120.330983, 47.396988 ], [ -120.330977, 47.395158 ] ] ], [ [ [ -120.367362, 47.437285 ], [ -120.364537, 47.436489 ], [ -120.364185, 47.434423 ], [ -120.361759, 47.433153 ], [ -120.36191, 47.430694 ], [ -120.365326, 47.430821 ], [ -120.363959, 47.430545 ], [ -120.364339, 47.427613 ], [ -120.365264, 47.427362 ], [ -120.366941, 47.426649 ], [ -120.366932, 47.426003 ], [ -120.359695, 47.426232 ], [ -120.359004, 47.424059 ], [ -120.356372, 47.424106 ], [ -120.355823, 47.412445 ], [ -120.356533, 47.410723 ], [ -120.354443, 47.409302 ], [ -120.35105, 47.411508 ], [ -120.346375, 47.412427 ], [ -120.343676, 47.41193 ], [ -120.346045, 47.411945 ], [ -120.346013, 47.409876 ], [ -120.343172, 47.409864 ], [ -120.34049, 47.407962 ], [ -120.337991, 47.408347 ], [ -120.33566, 47.407362 ], [ -120.334922, 47.404292 ], [ -120.330966, 47.404248 ], [ -120.330938, 47.40064 ], [ -120.325252, 47.400592 ], [ -120.324439, 47.400202 ], [ -120.32447, 47.401603 ], [ -120.321131, 47.401567 ], [ -120.319178, 47.400598 ], [ -120.318409, 47.39695 ], [ -120.315205, 47.397813 ], [ -120.313767, 47.396876 ], [ -120.313656, 47.393206 ], [ -120.310881, 47.391794 ], [ -120.310378, 47.390365 ], [ -120.310572, 47.387498 ], [ -120.306182, 47.388881 ], [ -120.306161, 47.389996 ], [ -120.305535, 47.390896 ], [ -120.308681, 47.391723 ], [ -120.30835, 47.393223 ], [ -120.308347, 47.39594 ], [ -120.305681, 47.395932 ], [ -120.305684, 47.396833 ], [ -120.308353, 47.396819 ], [ -120.308356, 47.398189 ], [ -120.303463, 47.398622 ], [ -120.303057, 47.39824 ], [ -120.303082, 47.39997 ], [ -120.303078, 47.400449 ], [ -120.29815, 47.40043 ], [ -120.29793, 47.399961 ], [ -120.296374, 47.39682 ], [ -120.294876, 47.396862 ], [ -120.296211, 47.400433 ], [ -120.292847, 47.400437 ], [ -120.294846, 47.405094 ], [ -120.295501, 47.409825 ], [ -120.296621, 47.41352 ], [ -120.297133, 47.414415 ], [ -120.300601, 47.420368 ], [ -120.302008, 47.424403 ], [ -120.304525, 47.427606 ], [ -120.307982, 47.431648 ], [ -120.308941, 47.433267 ], [ -120.309461, 47.435104 ], [ -120.309683, 47.437248 ], [ -120.310406, 47.439042 ], [ -120.311383, 47.442048 ], [ -120.311361, 47.442334 ], [ -120.312383, 47.446148 ], [ -120.313579, 47.44781 ], [ -120.316631, 47.446816 ], [ -120.321828, 47.448073 ], [ -120.323582, 47.45075 ], [ -120.323199, 47.450329 ], [ -120.324606, 47.452741 ], [ -120.324702, 47.455473 ], [ -120.322186, 47.455304 ], [ -120.317383, 47.455348 ], [ -120.318084, 47.457748 ], [ -120.317782, 47.462746 ], [ -120.31698, 47.466946 ], [ -120.316608, 47.471186 ], [ -120.318727, 47.471576 ], [ -120.316594, 47.471273 ], [ -120.315284, 47.474848 ], [ -120.314284, 47.476048 ], [ -120.314584, 47.479848 ], [ -120.312484, 47.483648 ], [ -120.309884, 47.490648 ], [ -120.308584, 47.496348 ], [ -120.308097, 47.50219 ], [ -120.31082, 47.502227 ], [ -120.309096, 47.508293 ], [ -120.314202, 47.501149 ], [ -120.318501, 47.501044 ], [ -120.319292, 47.487731 ], [ -120.324746, 47.479614 ], [ -120.324717, 47.477435 ], [ -120.335564, 47.470569 ], [ -120.33652, 47.469538 ], [ -120.339552, 47.469413 ], [ -120.339511, 47.471153 ], [ -120.343139, 47.470656 ], [ -120.342836, 47.469288 ], [ -120.338711, 47.467152 ], [ -120.339198, 47.466594 ], [ -120.336707, 47.464233 ], [ -120.33609, 47.461906 ], [ -120.336701, 47.458776 ], [ -120.33687, 47.45814 ], [ -120.341756, 47.45878 ], [ -120.343442, 47.46005 ], [ -120.344969, 47.459904 ], [ -120.345099, 47.459141 ], [ -120.3466, 47.459157 ], [ -120.347333, 47.459973 ], [ -120.351122, 47.459899 ], [ -120.351133, 47.460674 ], [ -120.352229, 47.458642 ], [ -120.355342, 47.455216 ], [ -120.357502, 47.45162 ], [ -120.367117, 47.451367 ], [ -120.367791, 47.445683 ], [ -120.365765, 47.445668 ], [ -120.365908, 47.444476 ], [ -120.367923, 47.444491 ], [ -120.367362, 47.437285 ] ], [ [ -120.346261, 47.451493 ], [ -120.341539, 47.451474 ], [ -120.340706, 47.450602 ], [ -120.340697, 47.451482 ], [ -120.338109, 47.451455 ], [ -120.338103, 47.453276 ], [ -120.336558, 47.453275 ], [ -120.336837, 47.447844 ], [ -120.340812, 47.447891 ], [ -120.340815, 47.445749 ], [ -120.337798, 47.445445 ], [ -120.338843, 47.442448 ], [ -120.338942, 47.442448 ], [ -120.338922, 47.443538 ], [ -120.341849, 47.443005 ], [ -120.343524, 47.444239 ], [ -120.343514, 47.447009 ], [ -120.34623, 47.447864 ], [ -120.346261, 47.451493 ] ], [ [ -120.340844, 47.441991 ], [ -120.340106, 47.441991 ], [ -120.340098, 47.442444 ], [ -120.340071, 47.442444 ], [ -120.339983, 47.442444 ], [ -120.339719, 47.442445 ], [ -120.339632, 47.442446 ], [ -120.339494, 47.442446 ], [ -120.339494, 47.441712 ], [ -120.338159, 47.441711 ], [ -120.338166, 47.440659 ], [ -120.340858, 47.440644 ], [ -120.340844, 47.441991 ] ] ] ] } },
{ "type": "Feature", "properties": { "GEOID": "5373465", "NAME": "University Place city, Washington", "population": 35479.0 }, "geometry": { "type": "Polygon", "coordinates": [ [ [ -122.58483, 47.18745 ], [ -122.584125, 47.187211 ], [ -122.582394, 47.186275 ], [ -122.580637, 47.184819 ], [ -122.577194, 47.18563 ], [ -122.576311, 47.186518 ], [ -122.575902, 47.187236 ], [ -122.575599, 47.187768 ], [ -122.573823, 47.191214 ], [ -122.574192, 47.191616 ], [ -122.57365, 47.191973 ], [ -122.570895, 47.194761 ], [ -122.568939, 47.195035 ], [ -122.56751, 47.194762 ], [ -122.563509, 47.195758 ], [ -122.560857, 47.195818 ], [ -122.55926, 47.195654 ], [ -122.557666, 47.195922 ], [ -122.553233, 47.194657 ], [ -122.548796, 47.195502 ], [ -122.546556, 47.196339 ], [ -122.543615, 47.196141 ], [ -122.540755, 47.196539 ], [ -122.537983, 47.197505 ], [ -122.534992, 47.197705 ], [ -122.534081, 47.197202 ], [ -122.531219, 47.197954 ], [ -122.527886, 47.197498 ], [ -122.526973, 47.197936 ], [ -122.526657, 47.197961 ], [ -122.524834, 47.198368 ], [ -122.522842, 47.198239 ], [ -122.521274, 47.199166 ], [ -122.513249, 47.199206 ], [ -122.508671, 47.199245 ], [ -122.505968, 47.199283 ], [ -122.505229, 47.199276 ], [ -122.505235, 47.201833 ], [ -122.506171, 47.202747 ], [ -122.508308, 47.202726 ], [ -122.505618, 47.205819 ], [ -122.505385, 47.206514 ], [ -122.505304, 47.206893 ], [ -122.505257, 47.209441 ], [ -122.50524, 47.213799 ], [ -122.505204, 47.217436 ], [ -122.51185, 47.217389 ], [ -122.511922, 47.221031 ], [ -122.515815, 47.221008 ], [ -122.515839, 47.21921 ], [ -122.515865, 47.217356 ], [ -122.520073, 47.217338 ], [ -122.526458, 47.217294 ], [ -122.526362, 47.224587 ], [ -122.521711, 47.224609 ], [ -122.521037, 47.225002 ], [ -122.521259, 47.228207 ], [ -122.526298, 47.228202 ], [ -122.526376, 47.235445 ], [ -122.526392, 47.237606 ], [ -122.52637, 47.242709 ], [ -122.534266, 47.242691 ], [ -122.534245, 47.2423 ], [ -122.535687, 47.242309 ], [ -122.535729, 47.242685 ], [ -122.537057, 47.242681 ], [ -122.537058, 47.242114 ], [ -122.539766, 47.242123 ], [ -122.539803, 47.241278 ], [ -122.541851, 47.241276 ], [ -122.541576, 47.242681 ], [ -122.54502, 47.242678 ], [ -122.546931, 47.242678 ], [ -122.546927, 47.240734 ], [ -122.546407, 47.240293 ], [ -122.549011, 47.240198 ], [ -122.548999, 47.242685 ], [ -122.551508, 47.242676 ], [ -122.550961, 47.240243 ], [ -122.552998, 47.240288 ], [ -122.552358, 47.235273 ], [ -122.555082, 47.235308 ], [ -122.557417, 47.235581 ], [ -122.558347, 47.236432 ], [ -122.561547, 47.236338 ], [ -122.561403, 47.236492 ], [ -122.559964, 47.237886 ], [ -122.559601, 47.238788 ], [ -122.557713, 47.240392 ], [ -122.554073, 47.240312 ], [ -122.552212, 47.241544 ], [ -122.552206, 47.2427 ], [ -122.553669, 47.242707 ], [ -122.560034, 47.242688 ], [ -122.560050499999988, 47.2449465 ], [ -122.562251, 47.245245 ], [ -122.563915, 47.243471 ], [ -122.563915, 47.239114 ], [ -122.563439, 47.236532 ], [ -122.5640309, 47.235627 ], [ -122.564732, 47.234555 ], [ -122.56485090000001, 47.2279556 ], [ -122.564865, 47.227171 ], [ -122.567242, 47.221844 ], [ -122.5720771, 47.2184039 ], [ -122.572233, 47.218293 ], [ -122.5770949, 47.21367 ], [ -122.5775511, 47.2132362 ], [ -122.580517, 47.210416 ], [ -122.583977, 47.199578 ], [ -122.583642, 47.196818 ], [ -122.5834202, 47.195801 ], [ -122.5833728, 47.1955836 ], [ -122.582691, 47.192457 ], [ -122.58483, 47.189711 ], [ -122.58483, 47.18745 ] ] ] } },
{ "type": "Feature", "properties": { "GEOID": "5347560", "NAME": "Mount Vernon city, Washington", "population": 35193.0 }, "geometry": { "type": "MultiPolygon", "coordinates": [ [ [ [ -122.35183, 48.397389 ], [ -122.349148, 48.397393 ], [ -122.349151, 48.399159 ], [ -122.351844, 48.399158 ], [ -122.35183, 48.397389 ] ] ], [ [ [ -122.360863, 48.420748 ], [ -122.357759, 48.42072 ], [ -122.357219, 48.422494 ], [ -122.354502, 48.422537 ], [ -122.354483, 48.421625 ], [ -122.352462, 48.420809 ], [ -122.350057, 48.42086 ], [ -122.350221, 48.413439 ], [ -122.352871, 48.413867 ], [ -122.352869, 48.413681 ], [ -122.352886, 48.410198 ], [ -122.353323, 48.410204 ], [ -122.355146, 48.40976 ], [ -122.355908, 48.402841 ], [ -122.354549, 48.400972 ], [ -122.357223, 48.40098 ], [ -122.357196, 48.399146 ], [ -122.351844, 48.399158 ], [ -122.351747, 48.410202 ], [ -122.347676, 48.410165 ], [ -122.347494, 48.406499 ], [ -122.344938, 48.406513 ], [ -122.344819, 48.402961 ], [ -122.336352, 48.40312 ], [ -122.33816, 48.384809 ], [ -122.335747, 48.384812 ], [ -122.333163, 48.382589 ], [ -122.33212, 48.383766 ], [ -122.331469, 48.384785 ], [ -122.326253, 48.38479 ], [ -122.327436, 48.388291 ], [ -122.326046, 48.392014 ], [ -122.326527, 48.396621 ], [ -122.325898, 48.397457 ], [ -122.323451, 48.398338 ], [ -122.324692, 48.400984 ], [ -122.319193, 48.401042 ], [ -122.319252, 48.39929 ], [ -122.318196, 48.399269 ], [ -122.318364, 48.400294 ], [ -122.31535, 48.402789 ], [ -122.317678, 48.402836 ], [ -122.314958, 48.406393 ], [ -122.305926, 48.406381 ], [ -122.30592, 48.404567 ], [ -122.305149, 48.40231 ], [ -122.308243, 48.402234 ], [ -122.308369, 48.399146 ], [ -122.313876, 48.399151 ], [ -122.313924, 48.391963 ], [ -122.303089, 48.391966 ], [ -122.303045, 48.387053 ], [ -122.305078, 48.387076 ], [ -122.305053, 48.384742 ], [ -122.304435, 48.384664 ], [ -122.29212, 48.384532 ], [ -122.292207, 48.390982 ], [ -122.292223, 48.397075 ], [ -122.292184, 48.399116 ], [ -122.26989, 48.399026 ], [ -122.264351, 48.398973 ], [ -122.264337, 48.403545 ], [ -122.26956, 48.403593 ], [ -122.26975, 48.413547 ], [ -122.270053, 48.413557 ], [ -122.27528, 48.413588 ], [ -122.27528, 48.414324 ], [ -122.278043, 48.414333 ], [ -122.278004, 48.42085 ], [ -122.269896, 48.420793 ], [ -122.269623, 48.420736 ], [ -122.26968, 48.424436 ], [ -122.26691, 48.424418 ], [ -122.266422, 48.428374 ], [ -122.266865, 48.429881 ], [ -122.267116, 48.429876 ], [ -122.268282, 48.429907 ], [ -122.269696, 48.430365 ], [ -122.269859, 48.431771 ], [ -122.272466, 48.431777 ], [ -122.275756, 48.433841 ], [ -122.284318, 48.435513 ], [ -122.285381, 48.435524 ], [ -122.285361, 48.43733 ], [ -122.282184, 48.437348 ], [ -122.282168, 48.439185 ], [ -122.290681, 48.439175 ], [ -122.288962, 48.440975 ], [ -122.291745, 48.440989 ], [ -122.29207, 48.442595 ], [ -122.29584, 48.44281 ], [ -122.295874, 48.444624 ], [ -122.297165, 48.444623 ], [ -122.297267, 48.450029 ], [ -122.29184, 48.450031 ], [ -122.291932, 48.453757 ], [ -122.297347, 48.453706 ], [ -122.297305, 48.45184 ], [ -122.300023, 48.451843 ], [ -122.299995, 48.450658 ], [ -122.302689, 48.450639 ], [ -122.30277, 48.453232 ], [ -122.306342, 48.453602 ], [ -122.308594, 48.449989 ], [ -122.310835, 48.449973 ], [ -122.310775, 48.448199 ], [ -122.312143, 48.448191 ], [ -122.312197, 48.449963 ], [ -122.313547, 48.449955 ], [ -122.313739, 48.457175 ], [ -122.308336, 48.457266 ], [ -122.308362, 48.464356 ], [ -122.311892, 48.464306 ], [ -122.312587, 48.460969 ], [ -122.316433, 48.45886 ], [ -122.319919, 48.45557 ], [ -122.321144, 48.453116 ], [ -122.320452, 48.448796 ], [ -122.320985, 48.446421 ], [ -122.322208, 48.445711 ], [ -122.324758, 48.445488 ], [ -122.336912, 48.444646 ], [ -122.341123, 48.44482 ], [ -122.346868, 48.445566 ], [ -122.347717, 48.445684 ], [ -122.347358, 48.428947 ], [ -122.346159, 48.428875 ], [ -122.346234, 48.423119 ], [ -122.349815, 48.422599 ], [ -122.351763, 48.424319 ], [ -122.352805, 48.422994 ], [ -122.356534, 48.424924 ], [ -122.360869, 48.424308 ], [ -122.360863, 48.420748 ] ] ] ] } },
{ "type": "Feature", "properties": { "GEOID": "5362288", "NAME": "SeaTac city, Washington", "population": 34578.0 }, "geometry": { "type": "Polygon", "coordinates": [ [ [ -122.325606, 47.452366 ], [ -122.321453, 47.44519 ], [ -122.321578, 47.44519 ], [ -122.321667, 47.44027 ], [ -122.3228, 47.439221 ], [ -122.324093, 47.439895 ], [ -122.324969, 47.431227 ], [ -122.32491, 47.428554 ], [ -122.318298, 47.428443 ], [ -122.318519, 47.42695 ], [ -122.320057, 47.422939 ], [ -122.320296, 47.421629 ], [ -122.320257, 47.416038 ], [ -122.318207, 47.415754 ], [ -122.314436, 47.415599 ], [ -122.302495, 47.415519 ], [ -122.302488, 47.411878 ], [ -122.297829, 47.411796 ], [ -122.298321, 47.408234 ], [ -122.292639, 47.408188 ], [ -122.292543, 47.406028 ], [ -122.292651, 47.404589 ], [ -122.292664, 47.403619 ], [ -122.293155, 47.403618 ], [ -122.292092, 47.396069 ], [ -122.291727, 47.396065 ], [ -122.286522, 47.395704 ], [ -122.28276, 47.397454 ], [ -122.283888, 47.401068 ], [ -122.286552, 47.401031 ], [ -122.290186, 47.400968 ], [ -122.288305, 47.402227 ], [ -122.28868, 47.403777 ], [ -122.286556, 47.40381 ], [ -122.286581, 47.408243 ], [ -122.285255, 47.408264 ], [ -122.283908, 47.407143 ], [ -122.282753, 47.407502 ], [ -122.281374, 47.408385 ], [ -122.281537, 47.413562 ], [ -122.28235, 47.415517 ], [ -122.28133, 47.415526 ], [ -122.281451, 47.41918 ], [ -122.284079, 47.419143 ], [ -122.28417, 47.421712 ], [ -122.283664, 47.422067 ], [ -122.282811, 47.421503 ], [ -122.281557, 47.422368 ], [ -122.281572, 47.422817 ], [ -122.280965, 47.423373 ], [ -122.278287, 47.425068 ], [ -122.275751, 47.426845 ], [ -122.274902, 47.42712 ], [ -122.270359, 47.430641 ], [ -122.269689, 47.432834 ], [ -122.270847, 47.432894 ], [ -122.270697, 47.434317 ], [ -122.269994, 47.435459 ], [ -122.268268, 47.437052 ], [ -122.265397, 47.438813 ], [ -122.265159, 47.442961 ], [ -122.267165, 47.443598 ], [ -122.266817, 47.445122 ], [ -122.265734, 47.445108 ], [ -122.265137, 47.447806 ], [ -122.267044, 47.447824 ], [ -122.268862, 47.447847 ], [ -122.267303, 47.449108 ], [ -122.267042, 47.45113 ], [ -122.267958, 47.451133 ], [ -122.268892, 47.451729 ], [ -122.267782, 47.454491 ], [ -122.271334, 47.454499 ], [ -122.271347, 47.456254 ], [ -122.28124, 47.456275 ], [ -122.281177, 47.459637 ], [ -122.28604, 47.459495 ], [ -122.286734, 47.459637 ], [ -122.291581, 47.459652 ], [ -122.289725, 47.463443 ], [ -122.288875, 47.465142 ], [ -122.288108, 47.466962 ], [ -122.288789, 47.466965 ], [ -122.2889, 47.467242 ], [ -122.289187, 47.468805 ], [ -122.289769, 47.472475 ], [ -122.289915, 47.472733 ], [ -122.293432, 47.477986 ], [ -122.294447, 47.479757 ], [ -122.29471, 47.480309 ], [ -122.295656, 47.484204 ], [ -122.297234, 47.48873 ], [ -122.302111, 47.488694 ], [ -122.31158, 47.488569 ], [ -122.313466, 47.484647 ], [ -122.314086, 47.481344 ], [ -122.315404, 47.474159 ], [ -122.315736, 47.473197 ], [ -122.318917, 47.470091 ], [ -122.322996, 47.466322 ], [ -122.323426, 47.466015 ], [ -122.323431, 47.463286 ], [ -122.32346, 47.460243 ], [ -122.323784, 47.459651 ], [ -122.324873, 47.458082 ], [ -122.326235, 47.4535 ], [ -122.325606, 47.452366 ] ] ] } },
{ "type": "Feature", "properties": { "GEOID": "5375775", "NAME": "Walla Walla city, Washington", "population": 34058.0 }, "geometry": { "type": "MultiPolygon", "coordinates": [ [ [ [ -118.263012, 46.085495 ], [ -118.255818, 46.085868 ], [ -118.252585, 46.086349 ], [ -118.252553, 46.088889 ], [ -118.247001, 46.08847 ], [ -118.242065, 46.08825 ], [ -118.24206, 46.103121 ], [ -118.250554, 46.100626 ], [ -118.253016, 46.099268 ], [ -118.254468, 46.097446 ], [ -118.258156, 46.089408 ], [ -118.263022, 46.089381 ], [ -118.263012, 46.085495 ] ] ], [ [ [ -118.37907, 46.071678 ], [ -118.376274, 46.071841 ], [ -118.374215, 46.072456 ], [ -118.374244, 46.071662 ], [ -118.375643, 46.071594 ], [ -118.378173, 46.071105 ], [ -118.378154, 46.068129 ], [ -118.376454, 46.068183 ], [ -118.376457, 46.065965 ], [ -118.37807, 46.063856 ], [ -118.375612, 46.063803 ], [ -118.375609, 46.063084 ], [ -118.372793, 46.062439 ], [ -118.373973, 46.061012 ], [ -118.37279, 46.061012 ], [ -118.372347, 46.061011 ], [ -118.371699, 46.061003 ], [ -118.372352, 46.059767 ], [ -118.372367, 46.057543 ], [ -118.372347, 46.057268 ], [ -118.372467, 46.057244 ], [ -118.374378, 46.05687 ], [ -118.371181, 46.052686 ], [ -118.368015, 46.048452 ], [ -118.367493, 46.047534 ], [ -118.365205, 46.044407 ], [ -118.363319, 46.041984 ], [ -118.362802, 46.041561 ], [ -118.363005, 46.041453 ], [ -118.367709, 46.03887 ], [ -118.367708, 46.037128 ], [ -118.367707, 46.035462 ], [ -118.367707, 46.035345 ], [ -118.368664, 46.034948 ], [ -118.370677, 46.034875 ], [ -118.370668, 46.032974 ], [ -118.367689, 46.033169 ], [ -118.36205, 46.033468 ], [ -118.362087, 46.03578 ], [ -118.359865, 46.035781 ], [ -118.359862, 46.037142 ], [ -118.355473, 46.037143 ], [ -118.355347, 46.038585 ], [ -118.354497, 46.038558 ], [ -118.353606, 46.03579 ], [ -118.349148, 46.035653 ], [ -118.349266, 46.034548 ], [ -118.346174, 46.034867 ], [ -118.344703, 46.033139 ], [ -118.344692, 46.035963 ], [ -118.344685, 46.036739 ], [ -118.342293, 46.037987 ], [ -118.339843, 46.037736 ], [ -118.339833, 46.041287 ], [ -118.339908, 46.041583 ], [ -118.335651, 46.04325 ], [ -118.335668, 46.041292 ], [ -118.335543, 46.041316 ], [ -118.329065, 46.041316 ], [ -118.329069, 46.039787 ], [ -118.324275, 46.041115 ], [ -118.324055, 46.039871 ], [ -118.325263, 46.038532 ], [ -118.323825, 46.038489 ], [ -118.323427, 46.033812 ], [ -118.318741, 46.029513 ], [ -118.317078, 46.029931 ], [ -118.312963, 46.03148 ], [ -118.315488, 46.033721 ], [ -118.318677, 46.032325 ], [ -118.318363, 46.034128 ], [ -118.321049, 46.035758 ], [ -118.319157, 46.035898 ], [ -118.314094, 46.037775 ], [ -118.313256, 46.037082 ], [ -118.31324, 46.039759 ], [ -118.313906, 46.042222 ], [ -118.312784, 46.044445 ], [ -118.310875, 46.044437 ], [ -118.310882, 46.045852 ], [ -118.307111, 46.045855 ], [ -118.306943, 46.049476 ], [ -118.306114, 46.052798 ], [ -118.312164, 46.053121 ], [ -118.312148, 46.056745 ], [ -118.311079, 46.05718 ], [ -118.311077, 46.058064 ], [ -118.312136, 46.058557 ], [ -118.3104, 46.058943 ], [ -118.309531, 46.059738 ], [ -118.309523, 46.057161 ], [ -118.310327, 46.056743 ], [ -118.308223, 46.05674 ], [ -118.306919, 46.059832 ], [ -118.304311, 46.060364 ], [ -118.303915, 46.061659 ], [ -118.30136, 46.062142 ], [ -118.300317, 46.062137 ], [ -118.301096, 46.061172 ], [ -118.301132, 46.059825 ], [ -118.299141, 46.060152 ], [ -118.299803, 46.058443 ], [ -118.29801, 46.057498 ], [ -118.295528, 46.060099 ], [ -118.295751, 46.062374 ], [ -118.289268, 46.062432 ], [ -118.288946, 46.062824 ], [ -118.284498, 46.062465 ], [ -118.285614, 46.06404 ], [ -118.282631, 46.067301 ], [ -118.278467, 46.070386 ], [ -118.27847, 46.07125 ], [ -118.280279, 46.071247 ], [ -118.283564, 46.069236 ], [ -118.283821, 46.072656 ], [ -118.284487, 46.073766 ], [ -118.28387, 46.076213 ], [ -118.278382, 46.076739 ], [ -118.274067, 46.076383 ], [ -118.268088, 46.077681 ], [ -118.268363, 46.080707 ], [ -118.273271, 46.079809 ], [ -118.274965, 46.082144 ], [ -118.283745, 46.080202 ], [ -118.283753, 46.080949 ], [ -118.281003, 46.081431 ], [ -118.280856, 46.082404 ], [ -118.277468, 46.082406 ], [ -118.27747, 46.083969 ], [ -118.282716, 46.083153 ], [ -118.282659, 46.083601 ], [ -118.283773, 46.083722 ], [ -118.283767, 46.083524 ], [ -118.285081, 46.083512 ], [ -118.289691, 46.082875 ], [ -118.297692, 46.082263 ], [ -118.300334, 46.081548 ], [ -118.300355, 46.086677 ], [ -118.303569, 46.085784 ], [ -118.307709, 46.084385 ], [ -118.307768, 46.084461 ], [ -118.314631, 46.083153 ], [ -118.314914, 46.085775 ], [ -118.317581, 46.085784 ], [ -118.317548, 46.083658 ], [ -118.320144, 46.083404 ], [ -118.320131, 46.085794 ], [ -118.327634, 46.085771 ], [ -118.325879, 46.086768 ], [ -118.331584, 46.086777 ], [ -118.336607, 46.086701 ], [ -118.342414, 46.082629 ], [ -118.342408, 46.080776 ], [ -118.344397, 46.079656 ], [ -118.346033, 46.079646 ], [ -118.346031, 46.078528 ], [ -118.351177, 46.078511 ], [ -118.351136, 46.081261 ], [ -118.356427, 46.081276 ], [ -118.356461, 46.085668 ], [ -118.367636, 46.085486 ], [ -118.378967, 46.085549 ], [ -118.379062, 46.07272 ], [ -118.37907, 46.071678 ] ], [ [ -118.346551, 46.038501 ], [ -118.344676, 46.038495 ], [ -118.344684, 46.037137 ], [ -118.346556, 46.037144 ], [ -118.346551, 46.038501 ] ], [ [ -118.346033, 46.053212 ], [ -118.338034, 46.053304 ], [ -118.338736, 46.051615 ], [ -118.335607, 46.05101 ], [ -118.335614, 46.05071 ], [ -118.337285, 46.050262 ], [ -118.338034, 46.049344 ], [ -118.344075, 46.049321 ], [ -118.346134, 46.051871 ], [ -118.346033, 46.053212 ] ], [ [ -118.344258, 46.048801 ], [ -118.343614, 46.048804 ], [ -118.342674, 46.047665 ], [ -118.342739, 46.047647 ], [ -118.343992, 46.047615 ], [ -118.344258, 46.048801 ] ], [ [ -118.322425, 46.082678 ], [ -118.320963, 46.082954 ], [ -118.320071, 46.083016 ], [ -118.317554, 46.082768 ], [ -118.317598, 46.081951 ], [ -118.320134, 46.081181 ], [ -118.320134, 46.082186 ], [ -118.323968, 46.082233 ], [ -118.322425, 46.082678 ] ], [ [ -118.321932, 46.045843 ], [ -118.31898, 46.045832 ], [ -118.319062, 46.047082 ], [ -118.314747, 46.047653 ], [ -118.314772, 46.045856 ], [ -118.314865, 46.042728 ], [ -118.315951, 46.039766 ], [ -118.318155, 46.039776 ], [ -118.318173, 46.038231 ], [ -118.321261, 46.037784 ], [ -118.320179, 46.039776 ], [ -118.319218, 46.042223 ], [ -118.322453, 46.042121 ], [ -118.321932, 46.045843 ] ], [ [ -118.294152, 46.064965 ], [ -118.292333, 46.064957 ], [ -118.291189, 46.063988 ], [ -118.293984, 46.064009 ], [ -118.294152, 46.064965 ] ] ], [ [ [ -118.41475, 46.074714 ], [ -118.409548, 46.074733 ], [ -118.409526, 46.071046 ], [ -118.409038, 46.07096 ], [ -118.403853, 46.069386 ], [ -118.40118, 46.068941 ], [ -118.396201, 46.071127 ], [ -118.388554, 46.071148 ], [ -118.381989, 46.072141 ], [ -118.38042, 46.071766 ], [ -118.380411, 46.073002 ], [ -118.380305, 46.085562 ], [ -118.409417, 46.085649 ], [ -118.409533, 46.079697 ], [ -118.414772, 46.078303 ], [ -118.41475, 46.074714 ] ], [ [ -118.399013, 46.078383 ], [ -118.39798, 46.078389 ], [ -118.396782, 46.07806 ], [ -118.393837, 46.078033 ], [ -118.393842, 46.07731 ], [ -118.395534, 46.0773 ], [ -118.397084, 46.077444 ], [ -118.399044, 46.07782 ], [ -118.399013, 46.078383 ] ] ] ] } },
{ "type": "Feature", "properties": { "GEOID": "5356625", "NAME": "Pullman city, Washington", "population": 33756.0 }, "geometry": { "type": "Polygon", "coordinates": [ [ [ -117.22238, 46.72492 ], [ -117.220377, 46.719564 ], [ -117.213352, 46.719522 ], [ -117.21384, 46.712145 ], [ -117.203102, 46.712053 ], [ -117.20272, 46.718178 ], [ -117.199105, 46.718066 ], [ -117.192545, 46.718691 ], [ -117.192758, 46.71558 ], [ -117.195362, 46.715605 ], [ -117.195515, 46.712403 ], [ -117.1984, 46.711604 ], [ -117.20059, 46.71063 ], [ -117.203196, 46.708387 ], [ -117.19983, 46.708336 ], [ -117.196705, 46.710595 ], [ -117.197555, 46.711658 ], [ -117.193951, 46.712331 ], [ -117.192942, 46.712295 ], [ -117.193148, 46.708293 ], [ -117.187848, 46.708251 ], [ -117.188027, 46.704601 ], [ -117.182719, 46.704557 ], [ -117.182295, 46.713463 ], [ -117.176501, 46.70902 ], [ -117.171878, 46.709038 ], [ -117.171903, 46.708305 ], [ -117.1621, 46.708252 ], [ -117.161253, 46.70929 ], [ -117.160872, 46.719228 ], [ -117.153635, 46.71922 ], [ -117.153464, 46.721576 ], [ -117.148427, 46.721679 ], [ -117.137039, 46.721093 ], [ -117.134563, 46.721162 ], [ -117.13249, 46.721616 ], [ -117.129464, 46.722773 ], [ -117.123026, 46.722695 ], [ -117.123577, 46.719093 ], [ -117.113075, 46.718997 ], [ -117.112516, 46.722605 ], [ -117.106957, 46.722557 ], [ -117.106814, 46.725114 ], [ -117.122593, 46.725267 ], [ -117.123035, 46.725426 ], [ -117.122594, 46.725594 ], [ -117.122525, 46.730078 ], [ -117.117528, 46.730014 ], [ -117.11712, 46.735049 ], [ -117.117052, 46.740348 ], [ -117.116503, 46.741456 ], [ -117.11162, 46.743047 ], [ -117.11123, 46.742195 ], [ -117.110605, 46.743299 ], [ -117.097024, 46.746632 ], [ -117.097542, 46.74733 ], [ -117.095179, 46.748268 ], [ -117.094278, 46.749372 ], [ -117.09567, 46.74887 ], [ -117.10221, 46.74737 ], [ -117.104355, 46.746544 ], [ -117.107961, 46.746303 ], [ -117.109996, 46.745216 ], [ -117.11391, 46.74498 ], [ -117.1226, 46.7422 ], [ -117.127714, 46.742157 ], [ -117.12771, 46.745814 ], [ -117.138261, 46.745928 ], [ -117.138256, 46.749417 ], [ -117.154153, 46.749478 ], [ -117.154208, 46.750562 ], [ -117.156625, 46.752702 ], [ -117.163772, 46.753335 ], [ -117.170337, 46.752379 ], [ -117.168469, 46.759929 ], [ -117.16895, 46.75995 ], [ -117.168766, 46.760741 ], [ -117.169719, 46.761063 ], [ -117.17039, 46.76 ], [ -117.181, 46.75935 ], [ -117.18293, 46.75979 ], [ -117.18522, 46.761118 ], [ -117.185804, 46.760593 ], [ -117.186159, 46.757181 ], [ -117.212371, 46.756936 ], [ -117.21232, 46.75472 ], [ -117.20893, 46.75116 ], [ -117.20617, 46.7496 ], [ -117.201879, 46.749473 ], [ -117.19652, 46.749961 ], [ -117.196433, 46.746042 ], [ -117.19643, 46.74455 ], [ -117.196256, 46.742433 ], [ -117.18831, 46.742451 ], [ -117.18877, 46.742201 ], [ -117.188966, 46.74102 ], [ -117.189976, 46.740885 ], [ -117.189697, 46.740405 ], [ -117.191362, 46.739698 ], [ -117.190687, 46.738649 ], [ -117.190115, 46.735182 ], [ -117.191324, 46.732784 ], [ -117.192189, 46.734927 ], [ -117.194352, 46.733559 ], [ -117.19474, 46.73363 ], [ -117.19557, 46.73373 ], [ -117.201867, 46.73375 ], [ -117.201858, 46.735178 ], [ -117.2121, 46.735133 ], [ -117.21224, 46.733751 ], [ -117.21295, 46.726081 ], [ -117.21385, 46.7261 ], [ -117.219988, 46.725591 ], [ -117.220047, 46.724799 ], [ -117.221974, 46.724919 ], [ -117.22238, 46.72492 ] ] ] } },
{ "type": "Feature", "properties": { "GEOID": "5317635", "NAME": "Des Moines city, Washington", "population": 33032.0 }, "geometry": { "type": "Polygon", "coordinates": [ [ [ -122.335212, 47.423273 ], [ -122.33525, 47.421088 ], [ -122.335283, 47.416593 ], [ -122.33447, 47.411579 ], [ -122.332601, 47.408387 ], [ -122.332051, 47.408092 ], [ -122.329108, 47.408474 ], [ -122.326915, 47.408541 ], [ -122.327413, 47.406957 ], [ -122.329508, 47.404386 ], [ -122.3333972, 47.4038912 ], [ -122.332177, 47.400882 ], [ -122.3310643, 47.3978696 ], [ -122.330513, 47.396377 ], [ -122.327324, 47.395632 ], [ -122.325734, 47.391521 ], [ -122.327234, 47.387721 ], [ -122.325531099999978, 47.3758859 ], [ -122.325234, 47.373821 ], [ -122.325997, 47.372238 ], [ -122.3257991, 47.372089 ], [ -122.323858, 47.370628 ], [ -122.325056, 47.3676 ], [ -122.325026799999989, 47.3650986 ], [ -122.324833, 47.348521 ], [ -122.327423, 47.345672 ], [ -122.328559700000014, 47.345164 ], [ -122.3304333, 47.3443265 ], [ -122.3333757, 47.343011399999988 ], [ -122.334548200000015, 47.3424873 ], [ -122.3345, 47.340626 ], [ -122.334138, 47.340407 ], [ -122.331801, 47.340402 ], [ -122.329108, 47.340397 ], [ -122.330247, 47.342925 ], [ -122.330033, 47.343431 ], [ -122.326802, 47.343948 ], [ -122.324599, 47.346282 ], [ -122.3219, 47.346882 ], [ -122.319365, 47.345437 ], [ -122.318726, 47.343536 ], [ -122.318509, 47.34702 ], [ -122.315884, 47.347047 ], [ -122.315846, 47.348874 ], [ -122.31376, 47.348873 ], [ -122.313237, 47.350686 ], [ -122.313444, 47.350692 ], [ -122.313452, 47.351582 ], [ -122.313213, 47.351589 ], [ -122.31231, 47.351754 ], [ -122.312178, 47.352265 ], [ -122.313179, 47.353078 ], [ -122.313233, 47.357946 ], [ -122.309524, 47.357943 ], [ -122.307613, 47.361537 ], [ -122.303848, 47.368703 ], [ -122.300675, 47.374788 ], [ -122.302557, 47.374809 ], [ -122.302557, 47.3759 ], [ -122.307822, 47.375981 ], [ -122.307861, 47.37778 ], [ -122.307899, 47.37956 ], [ -122.300616, 47.379451 ], [ -122.300599, 47.381147 ], [ -122.297511, 47.382589 ], [ -122.2986, 47.386518 ], [ -122.296543, 47.386522 ], [ -122.29722, 47.389033 ], [ -122.295921, 47.38901 ], [ -122.295195, 47.392031 ], [ -122.295674, 47.392057 ], [ -122.295645, 47.392185 ], [ -122.296259, 47.392173 ], [ -122.296239, 47.392333 ], [ -122.295137, 47.392312 ], [ -122.297191, 47.392464 ], [ -122.29879, 47.39374 ], [ -122.298848, 47.39553 ], [ -122.297001, 47.395157 ], [ -122.293332, 47.392457 ], [ -122.292762, 47.392202 ], [ -122.291848, 47.393923 ], [ -122.292092, 47.396069 ], [ -122.293155, 47.403618 ], [ -122.292664, 47.403619 ], [ -122.292651, 47.404589 ], [ -122.292543, 47.406028 ], [ -122.292639, 47.408188 ], [ -122.298321, 47.408234 ], [ -122.297829, 47.411796 ], [ -122.302488, 47.411878 ], [ -122.302495, 47.415519 ], [ -122.314436, 47.415599 ], [ -122.318207, 47.415754 ], [ -122.320257, 47.416038 ], [ -122.320296, 47.421629 ], [ -122.320057, 47.422939 ], [ -122.318519, 47.42695 ], [ -122.318298, 47.428443 ], [ -122.32491, 47.428554 ], [ -122.324969, 47.431227 ], [ -122.335804, 47.431269 ], [ -122.335212, 47.423273 ] ] ] } },
{ "type": "Feature", "properties": { "GEOID": "5343150", "NAME": "Maple Valley city, Washington", "population": 28482.0 }, "geometry": { "type": "Polygon", "coordinates": [ [ [ -122.065794, 47.354413 ], [ -122.060131, 47.354374 ], [ -122.060164, 47.351742 ], [ -122.060243, 47.349529 ], [ -122.05904, 47.349259 ], [ -122.059035, 47.349399 ], [ -122.053842, 47.348201 ], [ -122.053849, 47.347896 ], [ -122.053594, 47.347835 ], [ -122.050877, 47.34717 ], [ -122.043215, 47.34715 ], [ -122.043217, 47.3459 ], [ -122.043264, 47.34357 ], [ -122.042366, 47.343547 ], [ -122.03779, 47.343544 ], [ -122.027115, 47.343518 ], [ -122.024384, 47.343523 ], [ -122.024421, 47.34302 ], [ -122.025301, 47.342782 ], [ -122.024622, 47.342238 ], [ -122.024996, 47.341292 ], [ -122.023773, 47.340506 ], [ -122.023051, 47.340653 ], [ -122.022504, 47.341137 ], [ -122.022025, 47.341042 ], [ -122.021961, 47.341673 ], [ -122.022385, 47.342 ], [ -122.02189, 47.342387 ], [ -122.022316, 47.342653 ], [ -122.022179, 47.34353 ], [ -122.021758, 47.34352 ], [ -122.021042, 47.343546 ], [ -122.018668, 47.343548 ], [ -122.016426, 47.343552 ], [ -122.01634, 47.35248 ], [ -122.008383, 47.351268 ], [ -122.005259, 47.349735 ], [ -122.003219, 47.350829 ], [ -122.00009, 47.350992 ], [ -121.998353, 47.351826 ], [ -121.998689, 47.356154 ], [ -122.002197, 47.356162 ], [ -122.004705, 47.356834 ], [ -122.005552, 47.354634 ], [ -122.003578, 47.353041 ], [ -122.006703, 47.352112 ], [ -122.008609, 47.352809 ], [ -122.010306, 47.354733 ], [ -122.01185, 47.356043 ], [ -122.012848, 47.355713 ], [ -122.014479, 47.358042 ], [ -122.016206, 47.358026 ], [ -122.016311, 47.361801 ], [ -122.016335, 47.362997 ], [ -122.016318, 47.365264 ], [ -122.016308, 47.37451 ], [ -122.018558, 47.374323 ], [ -122.021463, 47.376045 ], [ -122.021493, 47.378679 ], [ -122.017388, 47.3787 ], [ -122.020802, 47.380166 ], [ -122.02236, 47.383168 ], [ -122.027284, 47.38679 ], [ -122.032019, 47.389362 ], [ -122.032061, 47.393504 ], [ -122.035335, 47.393795 ], [ -122.041338, 47.396526 ], [ -122.03824, 47.39453 ], [ -122.039375, 47.393754 ], [ -122.044569, 47.397447 ], [ -122.045187, 47.39418 ], [ -122.048019, 47.392819 ], [ -122.052947, 47.390415 ], [ -122.057634, 47.386931 ], [ -122.049415, 47.386905 ], [ -122.04987, 47.384638 ], [ -122.048101, 47.38211 ], [ -122.048117, 47.379613 ], [ -122.049549, 47.379629 ], [ -122.051228, 47.376817 ], [ -122.054375, 47.376125 ], [ -122.059079, 47.37621 ], [ -122.059165, 47.372663 ], [ -122.06255, 47.372676 ], [ -122.062314, 47.364316 ], [ -122.061161, 47.365624 ], [ -122.059981, 47.366349 ], [ -122.059095, 47.366155 ], [ -122.059063, 47.36465 ], [ -122.058974, 47.35799 ], [ -122.06572, 47.358032 ], [ -122.065794, 47.354413 ] ] ] } },
{ "type": "Feature", "properties": { "GEOID": "5372905", "NAME": "Tumwater city, Washington", "population": 28010.0 }, "geometry": { "type": "Polygon", "coordinates": [ [ [ -122.971155, 46.992626 ], [ -122.968496, 46.992614 ], [ -122.968522, 46.989009 ], [ -122.966116, 46.989006 ], [ -122.966293, 46.988265 ], [ -122.963549, 46.987396 ], [ -122.964326, 46.984639 ], [ -122.967704, 46.977634 ], [ -122.967785, 46.974502 ], [ -122.955327, 46.97451 ], [ -122.955341, 46.973496 ], [ -122.949418, 46.972293 ], [ -122.938765, 46.980125 ], [ -122.937655, 46.980963 ], [ -122.936685, 46.98186 ], [ -122.934127, 46.981793 ], [ -122.934097, 46.979089 ], [ -122.935652, 46.978101 ], [ -122.935502, 46.976122 ], [ -122.932283, 46.975834 ], [ -122.931221, 46.974688 ], [ -122.932441, 46.970467 ], [ -122.932174, 46.970366 ], [ -122.93551, 46.960038 ], [ -122.94483, 46.960026 ], [ -122.944842, 46.956382 ], [ -122.947381, 46.956381 ], [ -122.948001, 46.952739 ], [ -122.950125, 46.952746 ], [ -122.95022, 46.945521 ], [ -122.9476, 46.945522 ], [ -122.947543, 46.941882 ], [ -122.944926, 46.941899 ], [ -122.9449, 46.940321 ], [ -122.941496, 46.939674 ], [ -122.941179, 46.939658 ], [ -122.939458, 46.945529 ], [ -122.929143, 46.945571 ], [ -122.929054, 46.952784 ], [ -122.928993, 46.967266 ], [ -122.913742, 46.967274 ], [ -122.913171, 46.960045 ], [ -122.910435, 46.960039 ], [ -122.910465, 46.958172 ], [ -122.913115, 46.958171 ], [ -122.913135, 46.955036 ], [ -122.915862, 46.954677 ], [ -122.915863, 46.952796 ], [ -122.902022, 46.952788 ], [ -122.902006, 46.956403 ], [ -122.891947, 46.956393 ], [ -122.891953, 46.952734 ], [ -122.876128, 46.952761 ], [ -122.87611, 46.957698 ], [ -122.875951, 46.957817 ], [ -122.876115, 46.95794 ], [ -122.876279, 46.957817 ], [ -122.87859, 46.957825 ], [ -122.878587, 46.959538 ], [ -122.878536, 46.959748 ], [ -122.878865, 46.959978 ], [ -122.87518, 46.959997 ], [ -122.876098, 46.960815 ], [ -122.876094, 46.962225 ], [ -122.878946, 46.964076 ], [ -122.879333, 46.965233 ], [ -122.878806, 46.965995 ], [ -122.873378, 46.967379 ], [ -122.871793, 46.969306 ], [ -122.873299, 46.970126 ], [ -122.86714, 46.973196 ], [ -122.867438, 46.974355 ], [ -122.864313, 46.974213 ], [ -122.863065, 46.975224 ], [ -122.863006, 46.975964 ], [ -122.865968, 46.976593 ], [ -122.864987, 46.977717 ], [ -122.866212, 46.978075 ], [ -122.864382, 46.980796 ], [ -122.865591, 46.981476 ], [ -122.862243, 46.982647 ], [ -122.862701, 46.984894 ], [ -122.864119, 46.985523 ], [ -122.867226, 46.985195 ], [ -122.869171, 46.986799 ], [ -122.868059, 46.987497 ], [ -122.868266, 46.98907 ], [ -122.86873, 46.990932 ], [ -122.871811, 46.992672 ], [ -122.873717, 46.992668 ], [ -122.8738, 46.995646 ], [ -122.875695, 46.995396 ], [ -122.875686, 46.996209 ], [ -122.875711, 47.001729 ], [ -122.878203, 47.001739 ], [ -122.879978, 47.001576 ], [ -122.881016, 47.002274 ], [ -122.88099, 47.003543 ], [ -122.888651, 47.003535 ], [ -122.888659, 47.005409 ], [ -122.888667, 47.007783 ], [ -122.885067, 47.009342 ], [ -122.884529, 47.013003 ], [ -122.887193, 47.012994 ], [ -122.887213, 47.012994 ], [ -122.887208, 47.014784 ], [ -122.886151, 47.016163 ], [ -122.884522, 47.016576 ], [ -122.886136, 47.016581 ], [ -122.886716, 47.018373 ], [ -122.886694, 47.016583 ], [ -122.888597, 47.016589 ], [ -122.88859, 47.016971 ], [ -122.889472, 47.016971 ], [ -122.889496, 47.0175 ], [ -122.888915, 47.017784 ], [ -122.887782, 47.017631 ], [ -122.887786, 47.018 ], [ -122.889559, 47.018029 ], [ -122.890036, 47.017656 ], [ -122.890722, 47.016595 ], [ -122.892679, 47.016601 ], [ -122.89135, 47.018038 ], [ -122.889498, 47.019705 ], [ -122.89199, 47.019286 ], [ -122.892033, 47.018099 ], [ -122.897027, 47.018212 ], [ -122.896667, 47.019424 ], [ -122.894902, 47.018887 ], [ -122.895019, 47.020924 ], [ -122.89683, 47.020924 ], [ -122.896786, 47.02339 ], [ -122.900224, 47.022642 ], [ -122.90328, 47.023814 ], [ -122.904775, 47.025239 ], [ -122.912401, 47.025259 ], [ -122.920234, 47.025296 ], [ -122.923039, 47.025241 ], [ -122.923375, 47.025157 ], [ -122.925808, 47.025146 ], [ -122.925815, 47.023314 ], [ -122.923072, 47.023308 ], [ -122.923086, 47.022686 ], [ -122.923121, 47.022443 ], [ -122.927182, 47.022474 ], [ -122.928667, 47.021174 ], [ -122.93132, 47.021175 ], [ -122.931593, 47.019151 ], [ -122.933324, 47.019712 ], [ -122.936104, 47.018908 ], [ -122.936094, 47.025348 ], [ -122.92624, 47.025339 ], [ -122.928713, 47.025984 ], [ -122.934297, 47.028702 ], [ -122.939205, 47.028773 ], [ -122.939211, 47.025937 ], [ -122.939209, 47.025336 ], [ -122.94678, 47.025304 ], [ -122.960578, 47.02533 ], [ -122.960556, 47.01804 ], [ -122.968443, 47.018052 ], [ -122.965863, 47.013634 ], [ -122.9625, 47.013622 ], [ -122.961716, 47.014393 ], [ -122.960525, 47.01439 ], [ -122.960509, 47.01075 ], [ -122.951819, 47.010787 ], [ -122.952579, 47.008943 ], [ -122.95533, 47.003501 ], [ -122.955448, 47.003414 ], [ -122.96583, 47.003392 ], [ -122.965909, 46.99353 ], [ -122.971131, 46.993564 ], [ -122.971155, 46.992626 ] ] ] } },
{ "type": "Feature", "properties": { "GEOID": "5309480", "NAME": "Camas city, Washington", "population": 27749.0 }, "geometry": { "type": "Polygon", "coordinates": [ [ [ -122.474274, 45.603188 ], [ -122.470692, 45.603204 ], [ -122.470995, 45.596729 ], [ -122.470219, 45.596732 ], [ -122.466179, 45.592596 ], [ -122.466338, 45.59055 ], [ -122.466487, 45.588546 ], [ -122.467922, 45.584542 ], [ -122.470686, 45.583642 ], [ -122.470646, 45.582118 ], [ -122.462707, 45.580324 ], [ -122.455174, 45.578646 ], [ -122.455261799999988, 45.5680385 ], [ -122.453891, 45.567313 ], [ -122.438674, 45.563585 ], [ -122.416934, 45.5667316 ], [ -122.410706, 45.567633 ], [ -122.401223, 45.5710983 ], [ -122.3971005, 45.5726048 ], [ -122.391802, 45.574541 ], [ -122.3834359, 45.5755595 ], [ -122.381949, 45.582878 ], [ -122.381868, 45.583426 ], [ -122.374892, 45.582796 ], [ -122.375155, 45.582279 ], [ -122.369146, 45.581717 ], [ -122.368167, 45.583651 ], [ -122.367342, 45.585327 ], [ -122.369492, 45.58484 ], [ -122.372399, 45.58737 ], [ -122.370593, 45.588603 ], [ -122.371312, 45.589483 ], [ -122.373205, 45.589002 ], [ -122.375954, 45.589663 ], [ -122.378135, 45.590147 ], [ -122.385596, 45.591797 ], [ -122.387593, 45.592028 ], [ -122.38957, 45.591602 ], [ -122.390493, 45.589917 ], [ -122.38983, 45.588804 ], [ -122.391149, 45.588858 ], [ -122.390716, 45.593742 ], [ -122.397447, 45.597639 ], [ -122.398234, 45.596882 ], [ -122.400569, 45.596817 ], [ -122.401636, 45.598283 ], [ -122.404093, 45.599865 ], [ -122.40263, 45.601413 ], [ -122.403804, 45.603519 ], [ -122.393523, 45.603547 ], [ -122.393516, 45.602497 ], [ -122.384334, 45.602482 ], [ -122.382639, 45.603798 ], [ -122.382621, 45.604804 ], [ -122.382616, 45.605989 ], [ -122.386418, 45.605954 ], [ -122.386449, 45.607147 ], [ -122.388347, 45.607115 ], [ -122.388617, 45.610669 ], [ -122.389645, 45.610687 ], [ -122.389633, 45.607109 ], [ -122.396723, 45.607084 ], [ -122.397373, 45.61071 ], [ -122.394425, 45.610712 ], [ -122.394496, 45.618854 ], [ -122.398631, 45.61885 ], [ -122.398621, 45.62159 ], [ -122.40378, 45.621572 ], [ -122.414187, 45.621531 ], [ -122.414081, 45.628792 ], [ -122.424468, 45.628751 ], [ -122.424443, 45.632378 ], [ -122.434783, 45.632322 ], [ -122.434799, 45.624902 ], [ -122.428418, 45.621206 ], [ -122.42757, 45.619564 ], [ -122.424212, 45.617874 ], [ -122.427934, 45.617865 ], [ -122.436133, 45.624843 ], [ -122.436828, 45.626755 ], [ -122.440777, 45.627913 ], [ -122.445022, 45.630042 ], [ -122.445026, 45.632392 ], [ -122.446468, 45.632402 ], [ -122.449184, 45.635541 ], [ -122.449062, 45.63599 ], [ -122.451559, 45.636537 ], [ -122.452036, 45.63706 ], [ -122.452033, 45.64037 ], [ -122.453573, 45.641515 ], [ -122.449843, 45.643125 ], [ -122.446896, 45.6432 ], [ -122.446949, 45.639618 ], [ -122.444973, 45.639618 ], [ -122.44387, 45.639611 ], [ -122.444377, 45.643207 ], [ -122.436091, 45.643237 ], [ -122.435625, 45.64565 ], [ -122.437621, 45.645715 ], [ -122.437587, 45.647759 ], [ -122.434737, 45.647776 ], [ -122.434753, 45.650482 ], [ -122.445016, 45.650433 ], [ -122.445023, 45.64687 ], [ -122.452007, 45.64682 ], [ -122.452054, 45.650428 ], [ -122.455331, 45.650422 ], [ -122.455298, 45.655799 ], [ -122.463846, 45.656401 ], [ -122.471415, 45.656321 ], [ -122.471463, 45.65334 ], [ -122.469036, 45.653343 ], [ -122.463007, 45.648627 ], [ -122.462988, 45.64975 ], [ -122.458653, 45.646317 ], [ -122.45595, 45.643571 ], [ -122.455412, 45.642276 ], [ -122.457313, 45.642117 ], [ -122.456386, 45.641082 ], [ -122.457332, 45.640248 ], [ -122.456619, 45.639099 ], [ -122.45684, 45.638823 ], [ -122.457717, 45.637894 ], [ -122.461768, 45.635583 ], [ -122.463891, 45.632868 ], [ -122.467001, 45.632284 ], [ -122.466999, 45.628663 ], [ -122.465664, 45.628672 ], [ -122.465651, 45.626833 ], [ -122.465608, 45.621372 ], [ -122.464525, 45.621365 ], [ -122.464508, 45.613999 ], [ -122.460479, 45.613998 ], [ -122.45891, 45.61039 ], [ -122.45891, 45.606744 ], [ -122.462516, 45.606738 ], [ -122.462819, 45.610379 ], [ -122.465682, 45.610079 ], [ -122.465703, 45.607788 ], [ -122.467023, 45.607794 ], [ -122.468334, 45.608581 ], [ -122.468743, 45.60891 ], [ -122.47081, 45.609567 ], [ -122.473048, 45.606785 ], [ -122.474274, 45.603188 ] ] ] } },
{ "type": "Feature", "properties": { "GEOID": "5347245", "NAME": "Moses Lake city, Washington", "population": 27469.0 }, "geometry": { "type": "MultiPolygon", "coordinates": [ [ [ [ -119.258248, 47.057829 ], [ -119.247313, 47.057754 ], [ -119.247364, 47.072416 ], [ -119.257609, 47.072542 ], [ -119.258129, 47.058148 ], [ -119.258248, 47.057829 ] ] ], [ [ [ -119.36352, 47.102319 ], [ -119.345936, 47.10215 ], [ -119.345063, 47.102113 ], [ -119.336965, 47.102077 ], [ -119.337104, 47.094556 ], [ -119.337166, 47.093841 ], [ -119.337223, 47.091169 ], [ -119.335569, 47.091156 ], [ -119.333346, 47.091142 ], [ -119.333202, 47.094761 ], [ -119.326411, 47.094797 ], [ -119.326497, 47.083006 ], [ -119.318492, 47.08297 ], [ -119.310559, 47.082935 ], [ -119.310495, 47.087366 ], [ -119.305183, 47.087371 ], [ -119.305163, 47.094597 ], [ -119.299889, 47.094602 ], [ -119.299707, 47.101257 ], [ -119.289717, 47.102039 ], [ -119.278513, 47.102649 ], [ -119.278507, 47.101984 ], [ -119.27089, 47.101892 ], [ -119.257309, 47.100179 ], [ -119.257588, 47.094476 ], [ -119.238195, 47.094371 ], [ -119.236281, 47.094378 ], [ -119.236173, 47.098286 ], [ -119.225649, 47.097347 ], [ -119.225673, 47.101697 ], [ -119.236145, 47.10162 ], [ -119.242576, 47.10167 ], [ -119.242359, 47.105709 ], [ -119.243724, 47.107831 ], [ -119.241729, 47.110965 ], [ -119.242785, 47.112309 ], [ -119.24141, 47.116344 ], [ -119.25334, 47.116427 ], [ -119.25333, 47.117959 ], [ -119.251833, 47.117942 ], [ -119.251706, 47.123683 ], [ -119.246376, 47.123642 ], [ -119.246375, 47.131023 ], [ -119.235784, 47.130934 ], [ -119.235792, 47.129406 ], [ -119.233664, 47.129407 ], [ -119.233689, 47.128185 ], [ -119.231719, 47.128169 ], [ -119.226885, 47.125557 ], [ -119.22522, 47.125277 ], [ -119.225192, 47.13089 ], [ -119.215129, 47.130862 ], [ -119.217426, 47.128 ], [ -119.217188, 47.126102 ], [ -119.218413, 47.124466 ], [ -119.221292, 47.122551 ], [ -119.222262, 47.11985 ], [ -119.222647, 47.116243 ], [ -119.190268, 47.116028 ], [ -119.189049, 47.118115 ], [ -119.188977, 47.130023 ], [ -119.188171, 47.130694 ], [ -119.192545, 47.130721 ], [ -119.193222, 47.132488 ], [ -119.182692, 47.132407 ], [ -119.182551, 47.138008 ], [ -119.178825, 47.137926 ], [ -119.180943, 47.140091 ], [ -119.186007, 47.145279 ], [ -119.193001, 47.145347 ], [ -119.199856, 47.14241 ], [ -119.198632, 47.145376 ], [ -119.203809, 47.145401 ], [ -119.205178, 47.143736 ], [ -119.204548, 47.140641 ], [ -119.206325, 47.138102 ], [ -119.235676, 47.138205 ], [ -119.235592, 47.145559 ], [ -119.264941, 47.145739 ], [ -119.272915, 47.14577 ], [ -119.271763, 47.147743 ], [ -119.274978, 47.148641 ], [ -119.276479, 47.146483 ], [ -119.274295, 47.145777 ], [ -119.276314, 47.145787 ], [ -119.280915, 47.149164 ], [ -119.281007, 47.152364 ], [ -119.283421, 47.152315 ], [ -119.283435, 47.151023 ], [ -119.283548, 47.1511 ], [ -119.283551, 47.14947 ], [ -119.28879, 47.149471 ], [ -119.288774, 47.150487 ], [ -119.294142, 47.15094 ], [ -119.294114, 47.154348 ], [ -119.296356, 47.154354 ], [ -119.29635, 47.155588 ], [ -119.294108, 47.155576 ], [ -119.294078, 47.157085 ], [ -119.29942, 47.157156 ], [ -119.299365, 47.1605 ], [ -119.299361, 47.162746 ], [ -119.304759, 47.166711 ], [ -119.302328, 47.168281 ], [ -119.299304, 47.167715 ], [ -119.2992, 47.181825 ], [ -119.296141, 47.183516 ], [ -119.293143, 47.1862 ], [ -119.289208, 47.18625 ], [ -119.288588, 47.186867 ], [ -119.288548, 47.189816 ], [ -119.288767, 47.193235 ], [ -119.287421, 47.196019 ], [ -119.280604, 47.194501 ], [ -119.277838, 47.194491 ], [ -119.277546, 47.218765 ], [ -119.289392, 47.212571 ], [ -119.28748, 47.206848 ], [ -119.292689, 47.207983 ], [ -119.295819, 47.201155 ], [ -119.290165, 47.201171 ], [ -119.292135, 47.197069 ], [ -119.298092, 47.198388 ], [ -119.298977, 47.196302 ], [ -119.293141, 47.194995 ], [ -119.295088, 47.190896 ], [ -119.297348, 47.191421 ], [ -119.301529, 47.191322 ], [ -119.303284, 47.190097 ], [ -119.305266, 47.189851 ], [ -119.300987, 47.1825 ], [ -119.310363, 47.182173 ], [ -119.316538, 47.182155 ], [ -119.316486, 47.177902 ], [ -119.319938, 47.178162 ], [ -119.319885, 47.182162 ], [ -119.327052, 47.182175 ], [ -119.326758, 47.17938 ], [ -119.328299, 47.178569 ], [ -119.321705, 47.178516 ], [ -119.318407, 47.174493 ], [ -119.319094, 47.174176 ], [ -119.318719, 47.171068 ], [ -119.317656, 47.171323 ], [ -119.315596, 47.167264 ], [ -119.312394, 47.160581 ], [ -119.31121, 47.157656 ], [ -119.311653, 47.156594 ], [ -119.308911, 47.155498 ], [ -119.308956, 47.153211 ], [ -119.312165, 47.153226 ], [ -119.312215, 47.151097 ], [ -119.307441, 47.151114 ], [ -119.307424, 47.153204 ], [ -119.307573, 47.153205 ], [ -119.307549, 47.154713 ], [ -119.307546, 47.154961 ], [ -119.299339, 47.151657 ], [ -119.299516, 47.138443 ], [ -119.30883, 47.138531 ], [ -119.312676, 47.141994 ], [ -119.315369, 47.142202 ], [ -119.315402, 47.138626 ], [ -119.315923, 47.137849 ], [ -119.312038, 47.135822 ], [ -119.308041, 47.131202 ], [ -119.31615, 47.131202 ], [ -119.316922, 47.133717 ], [ -119.321104, 47.134217 ], [ -119.321201, 47.13474 ], [ -119.32592, 47.133415 ], [ -119.324551, 47.129126 ], [ -119.321258, 47.12781 ], [ -119.32093, 47.127021 ], [ -119.320984, 47.123901 ], [ -119.312784, 47.123875 ], [ -119.310322, 47.123351 ], [ -119.3097, 47.120449 ], [ -119.310315, 47.118652 ], [ -119.312371, 47.114953 ], [ -119.314251, 47.113225 ], [ -119.316524, 47.111906 ], [ -119.321493, 47.110164 ], [ -119.324274, 47.110271 ], [ -119.327541, 47.11397 ], [ -119.33151, 47.116006 ], [ -119.333424, 47.116587 ], [ -119.334419, 47.11672 ], [ -119.344362, 47.116746 ], [ -119.342469, 47.113988 ], [ -119.34454, 47.113083 ], [ -119.347643, 47.113113 ], [ -119.347811, 47.105259 ], [ -119.349181, 47.10439 ], [ -119.359995, 47.104325 ], [ -119.35909, 47.105846 ], [ -119.355646, 47.106744 ], [ -119.355721, 47.107523 ], [ -119.358885, 47.107294 ], [ -119.358085, 47.110524 ], [ -119.358811, 47.111568 ], [ -119.355407, 47.112473 ], [ -119.353535, 47.111538 ], [ -119.3529, 47.113079 ], [ -119.363408, 47.113222 ], [ -119.363503, 47.103919 ], [ -119.36352, 47.102319 ] ], [ [ -119.256794, 47.118425 ], [ -119.25539, 47.118423 ], [ -119.255387, 47.116447 ], [ -119.256301, 47.116437 ], [ -119.256791, 47.116461 ], [ -119.256794, 47.118425 ] ], [ [ -119.233113, 47.130922 ], [ -119.230668, 47.130912 ], [ -119.230349, 47.130082 ], [ -119.23053, 47.129083 ], [ -119.233101, 47.129085 ], [ -119.233113, 47.130922 ] ] ] ] } },
{ "type": "Feature", "properties": { "GEOID": "5347490", "NAME": "Mountlake Terrace city, Washington", "population": 25430.0 }, "geometry": { "type": "Polygon", "coordinates": [ [ [ -122.333407, 47.785706 ], [ -122.331982, 47.785701 ], [ -122.331441, 47.78372 ], [ -122.331828, 47.783272 ], [ -122.331871, 47.782844 ], [ -122.331691, 47.782198 ], [ -122.331158, 47.781703 ], [ -122.330718, 47.781472 ], [ -122.329438, 47.781403 ], [ -122.327544, 47.778644 ], [ -122.327229, 47.777657 ], [ -122.326845, 47.777679 ], [ -122.317652, 47.777618 ], [ -122.308359, 47.777533 ], [ -122.303008, 47.777473 ], [ -122.302979, 47.777473 ], [ -122.297594, 47.77742 ], [ -122.290087, 47.777349 ], [ -122.289849, 47.779986 ], [ -122.28902, 47.779967 ], [ -122.286839, 47.780941 ], [ -122.286794, 47.788195 ], [ -122.286224, 47.791843 ], [ -122.28414, 47.791806 ], [ -122.284159, 47.793638 ], [ -122.281465, 47.793615 ], [ -122.281486, 47.795468 ], [ -122.28149, 47.795862 ], [ -122.281527, 47.799164 ], [ -122.286105, 47.799165 ], [ -122.285164, 47.802772 ], [ -122.281562, 47.80275 ], [ -122.281573, 47.804117 ], [ -122.283301, 47.804331 ], [ -122.285561, 47.804269 ], [ -122.285545, 47.803519 ], [ -122.286891, 47.803498 ], [ -122.286897, 47.804539 ], [ -122.286967, 47.804549 ], [ -122.286984, 47.806394 ], [ -122.286981, 47.80654 ], [ -122.289671, 47.806867 ], [ -122.289664, 47.80822 ], [ -122.292308, 47.80824 ], [ -122.292337, 47.806436 ], [ -122.297793, 47.80649 ], [ -122.303211, 47.806537 ], [ -122.305797, 47.806533 ], [ -122.312095, 47.807278 ], [ -122.314392, 47.806668 ], [ -122.317076, 47.806683 ], [ -122.328697, 47.802019 ], [ -122.329727, 47.802325 ], [ -122.329873, 47.802373 ], [ -122.331735, 47.799655 ], [ -122.331612, 47.799652 ], [ -122.330141, 47.799627 ], [ -122.329969, 47.799625 ], [ -122.330056, 47.796891 ], [ -122.33005, 47.795971 ], [ -122.329995, 47.795723 ], [ -122.329983, 47.795315 ], [ -122.330017, 47.795076 ], [ -122.330162, 47.794691 ], [ -122.330454, 47.794132 ], [ -122.330575, 47.794132 ], [ -122.332838, 47.794159 ], [ -122.331565, 47.792325 ], [ -122.333085, 47.788979 ], [ -122.333273, 47.788137 ], [ -122.333407, 47.785706 ] ], [ [ -122.329826, 47.795096 ], [ -122.329066, 47.795088 ], [ -122.328796, 47.795086 ], [ -122.328795, 47.794675 ], [ -122.329942, 47.794689 ], [ -122.329826, 47.795096 ] ], [ [ -122.30373, 47.780865 ], [ -122.303007, 47.780851 ], [ -122.303009, 47.780787 ], [ -122.303006, 47.780686 ], [ -122.303002, 47.780525 ], [ -122.30373, 47.780535 ], [ -122.30373, 47.780865 ] ], [ [ -122.297055, 47.781547 ], [ -122.296493, 47.781537 ], [ -122.296504, 47.78104 ], [ -122.296866, 47.781042 ], [ -122.297042, 47.781062 ], [ -122.297055, 47.781547 ] ] ] } },
{ "type": "Feature", "properties": { "GEOID": "5345005", "NAME": "Mercer Island city, Washington", "population": 25422.0 }, "geometry": { "type": "Polygon", "coordinates": [ [ [ -122.266493, 47.583781 ], [ -122.264851, 47.579372 ], [ -122.26328, 47.577637 ], [ -122.261153, 47.576115 ], [ -122.258604, 47.574925 ], [ -122.253772, 47.573614 ], [ -122.25116, 47.572682 ], [ -122.24578, 47.569033 ], [ -122.244154, 47.567405 ], [ -122.241698, 47.563849 ], [ -122.240388, 47.560026 ], [ -122.240183, 47.558065 ], [ -122.240575, 47.554038 ], [ -122.242137, 47.549925 ], [ -122.243386, 47.547974 ], [ -122.246748, 47.544389 ], [ -122.252158, 47.540468 ], [ -122.253717, 47.538534 ], [ -122.254892, 47.535264 ], [ -122.254699, 47.532185 ], [ -122.252617, 47.52764 ], [ -122.249087, 47.524407 ], [ -122.246099, 47.522571 ], [ -122.240322, 47.519865 ], [ -122.235699, 47.517769 ], [ -122.225394, 47.521368 ], [ -122.219133, 47.523721 ], [ -122.209733, 47.530421 ], [ -122.208233, 47.531921 ], [ -122.204815, 47.538329 ], [ -122.204273, 47.539344 ], [ -122.203433, 47.540921 ], [ -122.201999, 47.546088 ], [ -122.201604, 47.549436 ], [ -122.201133, 47.557721 ], [ -122.199333, 47.566221 ], [ -122.199306, 47.567079 ], [ -122.199091, 47.574044 ], [ -122.199007, 47.575921 ], [ -122.200335, 47.578222 ], [ -122.201384, 47.578777 ], [ -122.209515, 47.583124 ], [ -122.210634, 47.583721 ], [ -122.214734, 47.587021 ], [ -122.215804, 47.589042 ], [ -122.220434, 47.596821 ], [ -122.228334, 47.604521 ], [ -122.233134, 47.606521 ], [ -122.246734, 47.609021 ], [ -122.263651, 47.613115 ], [ -122.264069, 47.609819 ], [ -122.265147, 47.601321 ], [ -122.266327, 47.591805 ], [ -122.266556, 47.589953 ], [ -122.266493, 47.583781 ] ] ] } },
{ "type": "Feature", "properties": { "GEOID": "5303736", "NAME": "Bainbridge Island city, Washington", "population": 24691.0 }, "geometry": { "type": "Polygon", "coordinates": [ [ [ -122.590768, 47.661615 ], [ -122.580601, 47.645493 ], [ -122.577802, 47.643664 ], [ -122.5777712, 47.6423649 ], [ -122.577243, 47.620058 ], [ -122.5736, 47.61569 ], [ -122.575174100000012, 47.6082734 ], [ -122.576847, 47.600391 ], [ -122.573312, 47.594583 ], [ -122.56764, 47.590677 ], [ -122.561621, 47.593709 ], [ -122.556911, 47.601694 ], [ -122.550971, 47.604506 ], [ -122.549155399999989, 47.6040128 ], [ -122.547971, 47.603691 ], [ -122.545796, 47.600861 ], [ -122.546699, 47.599094 ], [ -122.544547, 47.597194 ], [ -122.5418622, 47.5967023 ], [ -122.53842, 47.596072 ], [ -122.532166, 47.589612 ], [ -122.522752, 47.575423 ], [ -122.518367, 47.57408 ], [ -122.503924, 47.575336 ], [ -122.498581, 47.5779 ], [ -122.495924, 47.580293 ], [ -122.485255, 47.582157 ], [ -122.480278, 47.583268 ], [ -122.479871, 47.58483 ], [ -122.483938, 47.586418 ], [ -122.499191, 47.590024 ], [ -122.503494, 47.592353 ], [ -122.51474, 47.594438 ], [ -122.516126, 47.595731 ], [ -122.5157333, 47.5959494 ], [ -122.514211, 47.596796 ], [ -122.505854, 47.597433 ], [ -122.499653, 47.596964 ], [ -122.498479, 47.59723 ], [ -122.498343, 47.597867 ], [ -122.499326, 47.605508 ], [ -122.4989357, 47.6068002 ], [ -122.497786, 47.610606 ], [ -122.4992054, 47.6145865 ], [ -122.500357, 47.617816 ], [ -122.502007, 47.617826 ], [ -122.503459, 47.616224 ], [ -122.511836, 47.615721 ], [ -122.524193, 47.617951 ], [ -122.525852, 47.619213 ], [ -122.525657099999989, 47.6194198 ], [ -122.524625, 47.620515 ], [ -122.519897, 47.622462 ], [ -122.514385, 47.621092 ], [ -122.510767399999978, 47.6228725 ], [ -122.504527, 47.625944 ], [ -122.501399, 47.626135 ], [ -122.496383, 47.62177 ], [ -122.493806, 47.621378 ], [ -122.493281, 47.622557 ], [ -122.494304, 47.625532 ], [ -122.4932614, 47.6283628 ], [ -122.492809, 47.629591 ], [ -122.489131, 47.633184 ], [ -122.493205, 47.635122 ], [ -122.502116, 47.639074 ], [ -122.508164, 47.643657 ], [ -122.512576, 47.649972 ], [ -122.517414, 47.6517371 ], [ -122.51828, 47.652053 ], [ -122.514953, 47.654134 ], [ -122.507885, 47.656591 ], [ -122.500697, 47.659597 ], [ -122.49784, 47.661819 ], [ -122.5038791, 47.6647841 ], [ -122.504162, 47.664923 ], [ -122.508709, 47.670843 ], [ -122.507794, 47.681852 ], [ -122.5049864, 47.6851047 ], [ -122.504646, 47.685499 ], [ -122.506302, 47.68702 ], [ -122.503823, 47.694399 ], [ -122.504604, 47.699136 ], [ -122.507911, 47.704929 ], [ -122.509914, 47.707715 ], [ -122.511196, 47.708715 ], [ -122.512438, 47.708915 ], [ -122.514123, 47.708713 ], [ -122.516662, 47.706998 ], [ -122.517548, 47.705285 ], [ -122.520482, 47.705071 ], [ -122.52284, 47.707887 ], [ -122.525357, 47.707554 ], [ -122.526456, 47.700889 ], [ -122.5281143, 47.7001036 ], [ -122.528278, 47.700026 ], [ -122.530027, 47.700787 ], [ -122.529852, 47.704024 ], [ -122.540868, 47.708631 ], [ -122.543161, 47.710941 ], [ -122.544106, 47.718186 ], [ -122.548185, 47.720527 ], [ -122.552848, 47.720757 ], [ -122.562873499999981, 47.7110682 ], [ -122.563896, 47.71008 ], [ -122.562718, 47.701531 ], [ -122.565458, 47.694541 ], [ -122.564639, 47.681886 ], [ -122.561292, 47.67707 ], [ -122.5610624, 47.6745396 ], [ -122.561007, 47.673929 ], [ -122.564503, 47.671563 ], [ -122.565722, 47.665942 ], [ -122.569179, 47.663219 ], [ -122.570849, 47.663744 ], [ -122.569952, 47.67333 ], [ -122.570947, 47.674726 ], [ -122.573174, 47.674242 ], [ -122.585715, 47.66546 ], [ -122.590841, 47.663261 ], [ -122.590768, 47.661615 ] ] ] } },
{ "type": "Feature", "properties": { "GEOID": "5335170", "NAME": "Kenmore city, Washington", "population": 24249.0 }, "geometry": { "type": "Polygon", "coordinates": [ [ [ -122.274397, 47.733732 ], [ -122.274368, 47.73349 ], [ -122.273491, 47.726578 ], [ -122.259576, 47.726412 ], [ -122.259837, 47.725629 ], [ -122.250551, 47.725539 ], [ -122.250264, 47.727768 ], [ -122.247971, 47.727444 ], [ -122.246822, 47.728545 ], [ -122.244136, 47.728028 ], [ -122.245212, 47.731771 ], [ -122.243134, 47.732046 ], [ -122.240394, 47.733408 ], [ -122.237331, 47.73338 ], [ -122.223993, 47.733213 ], [ -122.2188, 47.733163 ], [ -122.218452, 47.734032 ], [ -122.222826, 47.738697 ], [ -122.218866, 47.738617 ], [ -122.218953, 47.740448 ], [ -122.219128, 47.744256 ], [ -122.219289, 47.747737 ], [ -122.22415, 47.747773 ], [ -122.223886, 47.751378 ], [ -122.220909, 47.751697 ], [ -122.220687, 47.752467 ], [ -122.220646, 47.75266 ], [ -122.224259, 47.752832 ], [ -122.225015, 47.752929 ], [ -122.228387, 47.7539 ], [ -122.228246, 47.757901 ], [ -122.228009, 47.765475 ], [ -122.229007, 47.765939 ], [ -122.22797, 47.766568 ], [ -122.227607, 47.776745 ], [ -122.233039, 47.776816 ], [ -122.238371, 47.7769 ], [ -122.241624, 47.77695 ], [ -122.243776, 47.776961 ], [ -122.249393, 47.77704 ], [ -122.249939, 47.777043 ], [ -122.253166, 47.777059 ], [ -122.260683, 47.777083 ], [ -122.267047, 47.777087 ], [ -122.271033, 47.777095 ], [ -122.270286, 47.776033 ], [ -122.269469, 47.773949 ], [ -122.269492, 47.772945 ], [ -122.269315, 47.769326 ], [ -122.267495, 47.768509 ], [ -122.270517, 47.768551 ], [ -122.270611, 47.766239 ], [ -122.270501, 47.766225 ], [ -122.27042, 47.762645 ], [ -122.269411, 47.761128 ], [ -122.270493, 47.761161 ], [ -122.270734, 47.756709 ], [ -122.269768, 47.757187 ], [ -122.269275, 47.757316 ], [ -122.268875, 47.757385 ], [ -122.268036, 47.755281 ], [ -122.268372, 47.755127 ], [ -122.268389, 47.754723 ], [ -122.26699, 47.752125 ], [ -122.269637, 47.74972 ], [ -122.274137, 47.74502 ], [ -122.276137, 47.73972 ], [ -122.274397, 47.733732 ] ] ] } },
{ "type": "Feature", "properties": { "GEOID": "5350360", "NAME": "Oak Harbor city, Washington", "population": 24083.0 }, "geometry": { "type": "Polygon", "coordinates": [ [ [ -122.700162, 48.286393 ], [ -122.69542, 48.286395 ], [ -122.695211, 48.282763 ], [ -122.694741, 48.282765 ], [ -122.694749, 48.280964 ], [ -122.694104, 48.280957 ], [ -122.69411, 48.280056 ], [ -122.691402, 48.280101 ], [ -122.691369, 48.282786 ], [ -122.685887, 48.282764 ], [ -122.68591, 48.279155 ], [ -122.674954, 48.27911 ], [ -122.676344, 48.275493 ], [ -122.669835, 48.275424 ], [ -122.666233, 48.27426 ], [ -122.666427, 48.269955 ], [ -122.664122, 48.269936 ], [ -122.664187, 48.271726 ], [ -122.6617038, 48.271749 ], [ -122.663431, 48.273783 ], [ -122.6628334, 48.2769644 ], [ -122.662718, 48.277579 ], [ -122.656301, 48.283273 ], [ -122.64789, 48.2859388 ], [ -122.646318, 48.286437 ], [ -122.642991, 48.288809 ], [ -122.636098, 48.288493 ], [ -122.632533, 48.285646 ], [ -122.631107, 48.282641 ], [ -122.635385, 48.279794 ], [ -122.643941, 48.279636 ], [ -122.643704, 48.276156 ], [ -122.638237, 48.270619 ], [ -122.631107, 48.267138 ], [ -122.623779, 48.269431 ], [ -122.625878, 48.27141 ], [ -122.624927, 48.277896 ], [ -122.621421, 48.279958 ], [ -122.620748, 48.282961 ], [ -122.625872, 48.285812 ], [ -122.626757, 48.288991 ], [ -122.618466, 48.294159 ], [ -122.6168164, 48.29452 ], [ -122.599532, 48.298303 ], [ -122.584086, 48.297987 ], [ -122.574872, 48.294903 ], [ -122.558332, 48.282061 ], [ -122.561229, 48.277263 ], [ -122.560489, 48.273217 ], [ -122.558436, 48.272166 ], [ -122.55784, 48.273445 ], [ -122.5589, 48.277093 ], [ -122.557664, 48.279319 ], [ -122.5555286, 48.2801166 ], [ -122.555933, 48.280958 ], [ -122.555937, 48.285851 ], [ -122.555823, 48.296898 ], [ -122.555909, 48.30718 ], [ -122.556924, 48.307243 ], [ -122.592133, 48.307229 ], [ -122.607447, 48.307395 ], [ -122.609095, 48.30751 ], [ -122.629838, 48.308363 ], [ -122.63144, 48.308398 ], [ -122.634023, 48.309365 ], [ -122.633975, 48.311255 ], [ -122.633556, 48.311255 ], [ -122.633554, 48.312756 ], [ -122.630725, 48.312751 ], [ -122.630617, 48.313381 ], [ -122.630188, 48.311938 ], [ -122.629489, 48.318413 ], [ -122.625906, 48.318416 ], [ -122.624707, 48.319358 ], [ -122.624718, 48.325699 ], [ -122.628617, 48.325708 ], [ -122.629584, 48.319878 ], [ -122.631323, 48.31702 ], [ -122.633828, 48.314843 ], [ -122.639424, 48.314847 ], [ -122.639416, 48.316657 ], [ -122.64211, 48.316657 ], [ -122.64208, 48.325897 ], [ -122.644807, 48.32591 ], [ -122.647552, 48.325923 ], [ -122.647575, 48.316664 ], [ -122.653015, 48.316682 ], [ -122.653003, 48.318472 ], [ -122.655852, 48.318473 ], [ -122.656266, 48.314896 ], [ -122.650694, 48.314857 ], [ -122.652702, 48.313249 ], [ -122.647574, 48.312585 ], [ -122.646662, 48.309798 ], [ -122.646569, 48.305255 ], [ -122.648579, 48.303743 ], [ -122.651219, 48.303743 ], [ -122.651169, 48.308244 ], [ -122.650436, 48.308239 ], [ -122.650425, 48.309813 ], [ -122.656586, 48.309852 ], [ -122.656506, 48.311298 ], [ -122.663915, 48.311328 ], [ -122.663855, 48.318528 ], [ -122.669287, 48.318582 ], [ -122.669311, 48.311335 ], [ -122.674814, 48.311354 ], [ -122.674813, 48.306894 ], [ -122.684607, 48.307224 ], [ -122.683393, 48.304161 ], [ -122.680213, 48.304151 ], [ -122.680244, 48.300087 ], [ -122.680271, 48.297419 ], [ -122.685716, 48.296953 ], [ -122.685511, 48.293881 ], [ -122.685253, 48.29373 ], [ -122.687405, 48.293621 ], [ -122.690549, 48.292534 ], [ -122.692311, 48.293552 ], [ -122.695725, 48.290203 ], [ -122.700921, 48.287085 ], [ -122.700162, 48.286393 ] ], [ [ -122.684379, 48.293658 ], [ -122.682882, 48.293698 ], [ -122.682878, 48.294621 ], [ -122.681959, 48.294966 ], [ -122.681491, 48.294497 ], [ -122.681035, 48.294773 ], [ -122.680302, 48.29444 ], [ -122.680346, 48.29066 ], [ -122.684643, 48.293351 ], [ -122.684379, 48.293658 ] ], [ [ -122.68409, 48.288389 ], [ -122.683283, 48.288984 ], [ -122.684109, 48.290026 ], [ -122.679342, 48.290018 ], [ -122.674846, 48.289964 ], [ -122.674843, 48.287259 ], [ -122.674862, 48.286343 ], [ -122.680375, 48.286406 ], [ -122.684123, 48.28726 ], [ -122.68409, 48.288389 ] ], [ [ -122.680225, 48.28277 ], [ -122.672807, 48.282698 ], [ -122.672784, 48.283642 ], [ -122.66928, 48.28346 ], [ -122.66935, 48.283295 ], [ -122.669438, 48.282664 ], [ -122.672164, 48.282691 ], [ -122.673578, 48.279414 ], [ -122.674902, 48.280908 ], [ -122.679033, 48.280922 ], [ -122.680225, 48.28277 ] ], [ [ -122.672183, 48.280874 ], [ -122.669438, 48.280832 ], [ -122.66783, 48.280602 ], [ -122.667801, 48.281314 ], [ -122.666206, 48.2813 ], [ -122.66623, 48.279011 ], [ -122.669514, 48.279046 ], [ -122.669473, 48.279947 ], [ -122.672192, 48.279978 ], [ -122.672183, 48.280874 ] ] ] } },
{ "type": "Feature", "properties": { "GEOID": "5304475", "NAME": "Battle Ground city, Washington", "population": 23513.0 }, "geometry": { "type": "Polygon", "coordinates": [ [ [ -122.579041, 45.773145 ], [ -122.568631, 45.773246 ], [ -122.568427, 45.766 ], [ -122.567101, 45.766021 ], [ -122.56723, 45.769634 ], [ -122.564947, 45.769656 ], [ -122.564835, 45.766047 ], [ -122.557945, 45.766117 ], [ -122.557834, 45.758784 ], [ -122.556484, 45.758802 ], [ -122.55649, 45.759322 ], [ -122.555197, 45.759339 ], [ -122.555216, 45.760649 ], [ -122.553847, 45.760674 ], [ -122.54874, 45.760723 ], [ -122.547319, 45.761242 ], [ -122.547274, 45.756177 ], [ -122.55262, 45.755202 ], [ -122.552599, 45.751561 ], [ -122.550195, 45.751647 ], [ -122.549396, 45.749153 ], [ -122.548739, 45.750006 ], [ -122.547324, 45.750006 ], [ -122.546832, 45.75527 ], [ -122.537208, 45.755424 ], [ -122.537169, 45.754515 ], [ -122.53463, 45.754534 ], [ -122.53448, 45.752653 ], [ -122.533271, 45.75185 ], [ -122.526808, 45.751891 ], [ -122.526796, 45.749013 ], [ -122.520547, 45.748409 ], [ -122.519918, 45.745908 ], [ -122.516477, 45.748404 ], [ -122.516458, 45.753324 ], [ -122.516406, 45.754992 ], [ -122.511284, 45.754981 ], [ -122.504992, 45.755746 ], [ -122.505818, 45.754216 ], [ -122.50914, 45.753473 ], [ -122.507317, 45.753375 ], [ -122.507571, 45.752046 ], [ -122.503693, 45.752108 ], [ -122.503682, 45.754677 ], [ -122.500892, 45.754728 ], [ -122.500891, 45.754806 ], [ -122.500884, 45.755832 ], [ -122.503498, 45.755766 ], [ -122.503481, 45.757605 ], [ -122.506059, 45.757552 ], [ -122.506041, 45.759395 ], [ -122.50952, 45.759346 ], [ -122.508235, 45.759466 ], [ -122.50425, 45.762334 ], [ -122.501802, 45.763123 ], [ -122.511174, 45.76297 ], [ -122.511163, 45.766643 ], [ -122.511226, 45.779919 ], [ -122.511245, 45.781176 ], [ -122.519431, 45.7811 ], [ -122.519613, 45.783713 ], [ -122.518399, 45.78472 ], [ -122.511217, 45.784796 ], [ -122.511214, 45.789769 ], [ -122.516307, 45.789766 ], [ -122.516296, 45.790646 ], [ -122.516443, 45.790578 ], [ -122.516497, 45.795583 ], [ -122.526668, 45.795496 ], [ -122.526691, 45.793718 ], [ -122.537236, 45.79378 ], [ -122.537231, 45.795872 ], [ -122.532578, 45.795059 ], [ -122.531965, 45.797318 ], [ -122.535614, 45.798151 ], [ -122.531978, 45.799094 ], [ -122.526713, 45.799144 ], [ -122.52681, 45.802741 ], [ -122.537209, 45.802683 ], [ -122.542482, 45.802682 ], [ -122.542474, 45.806237 ], [ -122.546748, 45.806252 ], [ -122.548578, 45.806145 ], [ -122.549073, 45.805011 ], [ -122.549331, 45.80408 ], [ -122.54944, 45.803168 ], [ -122.548453, 45.798863 ], [ -122.547544, 45.795231 ], [ -122.547875, 45.795228 ], [ -122.550377, 45.795196 ], [ -122.554388, 45.795592 ], [ -122.554384, 45.79877 ], [ -122.555845, 45.798789 ], [ -122.555846, 45.798332 ], [ -122.556014, 45.798157 ], [ -122.556217, 45.797686 ], [ -122.556346, 45.797612 ], [ -122.556798, 45.79746 ], [ -122.557081, 45.797231 ], [ -122.557575, 45.797151 ], [ -122.557826, 45.797015 ], [ -122.558296, 45.796924 ], [ -122.558288, 45.795241 ], [ -122.568494, 45.79505 ], [ -122.57637, 45.794924 ], [ -122.576394, 45.79312 ], [ -122.578995, 45.791567 ], [ -122.579263, 45.780324 ], [ -122.579041, 45.773145 ] ], [ [ -122.526802, 45.755046 ], [ -122.524195, 45.755059 ], [ -122.523454, 45.758236 ], [ -122.520439, 45.759129 ], [ -122.520823, 45.757092 ], [ -122.522766, 45.754035 ], [ -122.526126, 45.753479 ], [ -122.526802, 45.755046 ] ], [ [ -122.524661, 45.751691 ], [ -122.521864, 45.752844 ], [ -122.521777, 45.752905 ], [ -122.521566, 45.753086 ], [ -122.520283, 45.751978 ], [ -122.522346, 45.750279 ], [ -122.524853, 45.750686 ], [ -122.524661, 45.751691 ] ], [ [ -122.520393, 45.755322 ], [ -122.520415, 45.75565 ], [ -122.519992, 45.756158 ], [ -122.51993, 45.756333 ], [ -122.518846, 45.756148 ], [ -122.518323, 45.756142 ], [ -122.518392, 45.755103 ], [ -122.519027, 45.755017 ], [ -122.520351, 45.755113 ], [ -122.520481, 45.755122 ], [ -122.520393, 45.755322 ] ], [ [ -122.532797, 45.799118 ], [ -122.537223, 45.799093 ], [ -122.537222, 45.800816 ], [ -122.531992, 45.800852 ], [ -122.531978, 45.799094 ], [ -122.532797, 45.799118 ] ] ] } },
{ "type": "Feature", "properties": { "GEOID": "5307170", "NAME": "Bonney Lake city, Washington", "population": 22139.0 }, "geometry": { "type": "MultiPolygon", "coordinates": [ [ [ [ -122.141563, 47.170138 ], [ -122.138737, 47.170154 ], [ -122.138719, 47.171057 ], [ -122.138745, 47.17301 ], [ -122.141545, 47.172998 ], [ -122.141563, 47.170138 ] ] ], [ [ [ -122.189492, 47.147607 ], [ -122.185222, 47.147614 ], [ -122.185174, 47.149046 ], [ -122.185613, 47.149408 ], [ -122.186167, 47.150153 ], [ -122.187804, 47.15022 ], [ -122.18944, 47.149199 ], [ -122.189492, 47.147607 ] ] ], [ [ [ -122.189888, 47.246926 ], [ -122.187435, 47.246995 ], [ -122.187445, 47.247655 ], [ -122.189855, 47.247592 ], [ -122.189888, 47.246926 ] ] ], [ [ [ -122.19813, 47.244834 ], [ -122.197634, 47.245112 ], [ -122.197401, 47.245265 ], [ -122.197405, 47.245992 ], [ -122.198758, 47.245939 ], [ -122.19813, 47.244834 ] ] ], [ [ [ -122.201944, 47.212631 ], [ -122.201139, 47.212789 ], [ -122.201345, 47.213323 ], [ -122.202152, 47.213167 ], [ -122.201944, 47.212631 ] ] ], [ [ [ -122.208789, 47.155606 ], [ -122.208108, 47.155008 ], [ -122.204363, 47.155727 ], [ -122.20212, 47.155204 ], [ -122.201319, 47.155339 ], [ -122.201028, 47.155342 ], [ -122.200718, 47.155252 ], [ -122.199919, 47.154853 ], [ -122.199684, 47.154558 ], [ -122.199508, 47.15376 ], [ -122.196378, 47.151465 ], [ -122.188635, 47.150126 ], [ -122.188027, 47.150679 ], [ -122.187678, 47.154933 ], [ -122.182903, 47.15493 ], [ -122.180057, 47.154926 ], [ -122.181151, 47.15309 ], [ -122.177046, 47.153084 ], [ -122.175587, 47.154923 ], [ -122.174175, 47.153092 ], [ -122.174199, 47.152181 ], [ -122.171695, 47.152172 ], [ -122.171475, 47.158564 ], [ -122.168809, 47.158546 ], [ -122.168875, 47.156731 ], [ -122.166292, 47.154984 ], [ -122.160882, 47.154935 ], [ -122.160716, 47.158487 ], [ -122.164825, 47.158519 ], [ -122.166103, 47.159458 ], [ -122.16601, 47.162336 ], [ -122.163311, 47.16227 ], [ -122.160515, 47.162564 ], [ -122.160456, 47.163439 ], [ -122.160289, 47.166071 ], [ -122.158559, 47.164949 ], [ -122.152802, 47.162214 ], [ -122.152409, 47.162029 ], [ -122.149902, 47.160836 ], [ -122.149665, 47.160724 ], [ -122.144288, 47.158169 ], [ -122.144249, 47.161044 ], [ -122.13887, 47.161077 ], [ -122.138862, 47.161991 ], [ -122.1335, 47.162039 ], [ -122.133484, 47.16383 ], [ -122.128681, 47.163828 ], [ -122.128713, 47.16561 ], [ -122.12262, 47.165629 ], [ -122.122582, 47.164912 ], [ -122.117949, 47.164839 ], [ -122.117416, 47.16587 ], [ -122.116501, 47.165771 ], [ -122.116244, 47.170174 ], [ -122.117515, 47.170174 ], [ -122.118476, 47.168866 ], [ -122.121558, 47.168448 ], [ -122.121451, 47.166146 ], [ -122.121894, 47.166176 ], [ -122.122784, 47.169427 ], [ -122.126, 47.169422 ], [ -122.127343, 47.168005 ], [ -122.129168, 47.167988 ], [ -122.129184, 47.169011 ], [ -122.132978, 47.168722 ], [ -122.144173, 47.168756 ], [ -122.144122, 47.17106 ], [ -122.149418, 47.170999 ], [ -122.149425, 47.17373 ], [ -122.144106, 47.17378 ], [ -122.144994, 47.175272 ], [ -122.144082, 47.177356 ], [ -122.154049, 47.177287 ], [ -122.157383, 47.176119 ], [ -122.159951, 47.175122 ], [ -122.167012, 47.173531 ], [ -122.170613, 47.173894 ], [ -122.176211, 47.176744 ], [ -122.176326, 47.179678 ], [ -122.174262, 47.180465 ], [ -122.172644, 47.180911 ], [ -122.157476, 47.180937 ], [ -122.156149, 47.180946 ], [ -122.154371, 47.181267 ], [ -122.149322, 47.181025 ], [ -122.144076, 47.181097 ], [ -122.144054, 47.185506 ], [ -122.144063, 47.188362 ], [ -122.144066, 47.189074 ], [ -122.144056, 47.191566 ], [ -122.144072, 47.199224 ], [ -122.144083, 47.202354 ], [ -122.14421, 47.203107 ], [ -122.144533, 47.203774 ], [ -122.149615, 47.2058 ], [ -122.160391, 47.210094 ], [ -122.162217, 47.210822 ], [ -122.165917, 47.212297 ], [ -122.168821, 47.210072 ], [ -122.16748, 47.207696 ], [ -122.171035, 47.206363 ], [ -122.168135, 47.203086 ], [ -122.171051, 47.202186 ], [ -122.169081, 47.200346 ], [ -122.16967, 47.199125 ], [ -122.172422, 47.199169 ], [ -122.176251, 47.199333 ], [ -122.176315, 47.20291 ], [ -122.186998, 47.203107 ], [ -122.187301, 47.206755 ], [ -122.192472, 47.206649 ], [ -122.19217, 47.201172 ], [ -122.186876, 47.201258 ], [ -122.186724, 47.199451 ], [ -122.184093, 47.199387 ], [ -122.184255, 47.195683 ], [ -122.192466, 47.195666 ], [ -122.194842, 47.195625 ], [ -122.194939, 47.191944 ], [ -122.194924, 47.188239 ], [ -122.197492, 47.188094 ], [ -122.198552, 47.186301 ], [ -122.197468, 47.18323 ], [ -122.197381, 47.175586 ], [ -122.196765, 47.169703 ], [ -122.197618, 47.162179 ], [ -122.202873, 47.162127 ], [ -122.203283, 47.1585 ], [ -122.208553, 47.158486 ], [ -122.208882, 47.155675 ], [ -122.208789, 47.155606 ] ] ] ] } },
{ "type": "Feature", "properties": { "GEOID": "5302585", "NAME": "Arlington city, Washington", "population": 22031.0 }, "geometry": { "type": "Polygon", "coordinates": [ [ [ -122.203356, 48.188996 ], [ -122.201511, 48.187907 ], [ -122.201304, 48.186794 ], [ -122.200152, 48.18501 ], [ -122.196968, 48.181456 ], [ -122.19408, 48.178134 ], [ -122.193164, 48.176501 ], [ -122.192806, 48.175479 ], [ -122.191928, 48.170704 ], [ -122.188303, 48.170337 ], [ -122.188306, 48.167798 ], [ -122.190518, 48.1678 ], [ -122.190519, 48.167024 ], [ -122.191286, 48.167061 ], [ -122.190617, 48.163285 ], [ -122.188682, 48.152378 ], [ -122.187405, 48.145093 ], [ -122.172406, 48.144996 ], [ -122.172368, 48.146795 ], [ -122.171997, 48.146787 ], [ -122.168389, 48.146719 ], [ -122.167096, 48.14489 ], [ -122.161799, 48.144785 ], [ -122.161746, 48.146633 ], [ -122.143104, 48.146475 ], [ -122.140883, 48.146474 ], [ -122.140899, 48.14854 ], [ -122.140649, 48.149083 ], [ -122.140517, 48.149608 ], [ -122.140567, 48.151893 ], [ -122.134277, 48.152831 ], [ -122.129819, 48.152219 ], [ -122.129768, 48.148187 ], [ -122.11935, 48.147968 ], [ -122.108544, 48.147992 ], [ -122.108567, 48.150217 ], [ -122.10585, 48.150219 ], [ -122.105863, 48.151655 ], [ -122.108425, 48.15166 ], [ -122.108352, 48.15529 ], [ -122.114113, 48.154824 ], [ -122.116102, 48.158917 ], [ -122.117885, 48.162564 ], [ -122.114903, 48.162565 ], [ -122.113409, 48.164423 ], [ -122.113374, 48.166238 ], [ -122.113358, 48.169876 ], [ -122.115368, 48.169879 ], [ -122.118849, 48.169877 ], [ -122.118771, 48.173579 ], [ -122.118753, 48.17983 ], [ -122.118575, 48.180859 ], [ -122.115857, 48.180851 ], [ -122.114465, 48.178405 ], [ -122.110451, 48.174481 ], [ -122.108334, 48.173518 ], [ -122.102388, 48.173488 ], [ -122.1024, 48.176987 ], [ -122.101878, 48.18716 ], [ -122.101392, 48.191141 ], [ -122.106846, 48.189757 ], [ -122.107064, 48.187962 ], [ -122.112399, 48.18786 ], [ -122.111776, 48.193324 ], [ -122.109794, 48.193341 ], [ -122.107846, 48.195011 ], [ -122.110262, 48.197161 ], [ -122.110635, 48.198672 ], [ -122.103486, 48.198875 ], [ -122.102111, 48.199697 ], [ -122.104351, 48.202602 ], [ -122.106903, 48.203041 ], [ -122.108015, 48.204003 ], [ -122.107242, 48.206822 ], [ -122.109081, 48.208393 ], [ -122.114552, 48.206838 ], [ -122.116958, 48.204164 ], [ -122.116836, 48.20163 ], [ -122.118694, 48.200697 ], [ -122.126651, 48.202878 ], [ -122.127633, 48.202593 ], [ -122.128194, 48.203676 ], [ -122.128505, 48.203618 ], [ -122.13615, 48.201883 ], [ -122.138996, 48.200846 ], [ -122.138274, 48.198679 ], [ -122.133651, 48.198889 ], [ -122.129293, 48.200834 ], [ -122.128686, 48.191433 ], [ -122.130405, 48.190593 ], [ -122.133046, 48.18798 ], [ -122.150691, 48.188384 ], [ -122.153258, 48.188461 ], [ -122.152972, 48.186974 ], [ -122.152479, 48.186509 ], [ -122.151817, 48.186385 ], [ -122.15149, 48.186705 ], [ -122.150836, 48.186688 ], [ -122.150849, 48.186554 ], [ -122.148143, 48.186487 ], [ -122.148315, 48.184616 ], [ -122.151012, 48.184665 ], [ -122.153469, 48.184549 ], [ -122.151273, 48.182414 ], [ -122.151409, 48.180954 ], [ -122.15046, 48.182082 ], [ -122.145774, 48.182536 ], [ -122.145924, 48.180913 ], [ -122.14595, 48.177397 ], [ -122.150772, 48.177445 ], [ -122.150979, 48.177436 ], [ -122.157704, 48.177622 ], [ -122.161244, 48.177973 ], [ -122.164024, 48.179216 ], [ -122.164102, 48.181039 ], [ -122.168942, 48.181447 ], [ -122.170533, 48.180706 ], [ -122.171333, 48.17781 ], [ -122.167024, 48.177774 ], [ -122.167016, 48.176581 ], [ -122.167024, 48.175029 ], [ -122.172189, 48.175054 ], [ -122.172091, 48.169523 ], [ -122.174218, 48.168862 ], [ -122.174225, 48.166959 ], [ -122.179953, 48.166991 ], [ -122.180169, 48.166992 ], [ -122.180181, 48.169231 ], [ -122.182878, 48.169228 ], [ -122.182879, 48.170632 ], [ -122.189467, 48.172104 ], [ -122.190674, 48.173724 ], [ -122.190521, 48.176191 ], [ -122.193697, 48.178506 ], [ -122.193729, 48.186959 ], [ -122.193543, 48.187402 ], [ -122.193214, 48.187735 ], [ -122.192773, 48.188002 ], [ -122.192534, 48.188103 ], [ -122.192206, 48.188244 ], [ -122.193785, 48.188198 ], [ -122.193799, 48.190174 ], [ -122.203959, 48.189757 ], [ -122.203356, 48.188996 ] ], [ [ -122.196142, 48.1881 ], [ -122.196042, 48.188103 ], [ -122.196019, 48.187864 ], [ -122.196121, 48.18786 ], [ -122.196142, 48.1881 ] ] ] } },
{ "type": "Feature", "properties": { "GEOID": "5372625", "NAME": "Tukwila city, Washington", "population": 22003.0 }, "geometry": { "type": "Polygon", "coordinates": [ [ [ -122.315336, 47.529978 ], [ -122.309571, 47.526756 ], [ -122.308347, 47.524281 ], [ -122.306218, 47.518758 ], [ -122.304974, 47.5137 ], [ -122.30415, 47.512935 ], [ -122.307436, 47.512949 ], [ -122.302283, 47.508853 ], [ -122.300787, 47.506486 ], [ -122.299436, 47.503036 ], [ -122.297516, 47.498926 ], [ -122.296857, 47.497936 ], [ -122.296809, 47.497893 ], [ -122.296306, 47.497665 ], [ -122.296742, 47.497341 ], [ -122.296407, 47.495828 ], [ -122.294368, 47.492308 ], [ -122.294292, 47.490094 ], [ -122.292835, 47.490109 ], [ -122.292255, 47.48878 ], [ -122.294236, 47.488708 ], [ -122.29681, 47.488679 ], [ -122.297234, 47.48873 ], [ -122.295656, 47.484204 ], [ -122.29471, 47.480309 ], [ -122.294447, 47.479757 ], [ -122.293432, 47.477986 ], [ -122.289915, 47.472733 ], [ -122.289769, 47.472475 ], [ -122.289187, 47.468805 ], [ -122.2889, 47.467242 ], [ -122.288789, 47.466965 ], [ -122.288108, 47.466962 ], [ -122.288875, 47.465142 ], [ -122.289725, 47.463443 ], [ -122.291581, 47.459652 ], [ -122.286734, 47.459637 ], [ -122.28604, 47.459495 ], [ -122.281177, 47.459637 ], [ -122.28124, 47.456275 ], [ -122.271347, 47.456254 ], [ -122.271334, 47.454499 ], [ -122.267782, 47.454491 ], [ -122.268892, 47.451729 ], [ -122.267958, 47.451133 ], [ -122.267042, 47.45113 ], [ -122.267303, 47.449108 ], [ -122.268862, 47.447847 ], [ -122.267044, 47.447824 ], [ -122.265137, 47.447806 ], [ -122.265734, 47.445108 ], [ -122.266817, 47.445122 ], [ -122.267165, 47.443598 ], [ -122.265159, 47.442961 ], [ -122.265397, 47.438813 ], [ -122.268268, 47.437052 ], [ -122.269994, 47.435459 ], [ -122.270697, 47.434317 ], [ -122.270847, 47.432894 ], [ -122.269689, 47.432834 ], [ -122.270359, 47.430641 ], [ -122.274902, 47.42712 ], [ -122.276946, 47.424584 ], [ -122.277575, 47.421783 ], [ -122.280517, 47.41934 ], [ -122.277978, 47.419732 ], [ -122.277648, 47.419483 ], [ -122.276615, 47.419283 ], [ -122.267268, 47.419397 ], [ -122.265275, 47.421793 ], [ -122.265335, 47.423069 ], [ -122.267221, 47.425541 ], [ -122.264932, 47.428885 ], [ -122.258251, 47.430494 ], [ -122.259402, 47.432006 ], [ -122.262834, 47.43362 ], [ -122.261695, 47.434444 ], [ -122.257305, 47.43323 ], [ -122.248503, 47.433403 ], [ -122.247519, 47.437053 ], [ -122.245384, 47.439411 ], [ -122.245629, 47.441233 ], [ -122.240985, 47.441196 ], [ -122.240356, 47.462576 ], [ -122.240899, 47.464868 ], [ -122.250643, 47.475588 ], [ -122.25113, 47.4758 ], [ -122.253979, 47.478841 ], [ -122.253716, 47.479498 ], [ -122.254265, 47.479832 ], [ -122.258235, 47.484154 ], [ -122.263775, 47.488115 ], [ -122.264232, 47.488685 ], [ -122.263967, 47.491266 ], [ -122.269276, 47.495531 ], [ -122.270302, 47.495543 ], [ -122.270294, 47.496354 ], [ -122.270327, 47.500303 ], [ -122.270671, 47.500303 ], [ -122.270704, 47.500827 ], [ -122.270887, 47.501613 ], [ -122.270264, 47.501468 ], [ -122.270202, 47.502629 ], [ -122.270157, 47.504896 ], [ -122.270069, 47.509663 ], [ -122.275411, 47.509784 ], [ -122.276241, 47.507231 ], [ -122.278229, 47.507991 ], [ -122.278235, 47.509852 ], [ -122.282967, 47.509953 ], [ -122.29134, 47.510146 ], [ -122.291283, 47.519301 ], [ -122.29365, 47.52446 ], [ -122.300501, 47.524453 ], [ -122.300302, 47.524663 ], [ -122.29989, 47.52709 ], [ -122.300916, 47.529034 ], [ -122.305172, 47.531678 ], [ -122.318455, 47.531767 ], [ -122.315336, 47.529978 ] ] ] } },
{ "type": "Feature", "properties": { "GEOID": "5315290", "NAME": "Covington city, Washington", "population": 21496.0 }, "geometry": { "type": "Polygon", "coordinates": [ [ [ -122.144224, 47.372379 ], [ -122.143287, 47.366997 ], [ -122.141559, 47.365217 ], [ -122.136283, 47.365226 ], [ -122.136276, 47.364241 ], [ -122.136275, 47.364126 ], [ -122.136257, 47.361595 ], [ -122.130954, 47.360708 ], [ -122.130951, 47.35892 ], [ -122.128295, 47.35802 ], [ -122.129246, 47.358012 ], [ -122.130034, 47.356199 ], [ -122.131698, 47.354992 ], [ -122.128317, 47.354098 ], [ -122.13476, 47.350621 ], [ -122.128301, 47.346811 ], [ -122.122625, 47.344418 ], [ -122.116875, 47.349026 ], [ -122.115841, 47.349616 ], [ -122.112466, 47.352365 ], [ -122.109057, 47.355133 ], [ -122.107214, 47.355115 ], [ -122.107219, 47.356288 ], [ -122.102, 47.356188 ], [ -122.101903, 47.354226 ], [ -122.101832, 47.347206 ], [ -122.099167, 47.347219 ], [ -122.100103, 47.34907 ], [ -122.091343, 47.35364 ], [ -122.091347, 47.355704 ], [ -122.099349, 47.354701 ], [ -122.099955, 47.35802 ], [ -122.093948, 47.358094 ], [ -122.086027, 47.358073 ], [ -122.084368, 47.358078 ], [ -122.069846, 47.35806 ], [ -122.06572, 47.358032 ], [ -122.058974, 47.35799 ], [ -122.059063, 47.36465 ], [ -122.059095, 47.366155 ], [ -122.059981, 47.366349 ], [ -122.061161, 47.365624 ], [ -122.062314, 47.364316 ], [ -122.06255, 47.372676 ], [ -122.069766, 47.372703 ], [ -122.069817, 47.376234 ], [ -122.071687, 47.376222 ], [ -122.08057, 47.376187 ], [ -122.080562, 47.377468 ], [ -122.080564, 47.377588 ], [ -122.086978, 47.375112 ], [ -122.094595, 47.371362 ], [ -122.101889, 47.367969 ], [ -122.101886, 47.368114 ], [ -122.1018, 47.372603 ], [ -122.101765, 47.375045 ], [ -122.090895, 47.380667 ], [ -122.080462, 47.384884 ], [ -122.08043, 47.387006 ], [ -122.09759, 47.387055 ], [ -122.09759, 47.387604 ], [ -122.098631, 47.387609 ], [ -122.098936, 47.387715 ], [ -122.099131, 47.387713 ], [ -122.099107, 47.387063 ], [ -122.101613, 47.387068 ], [ -122.102962, 47.387063 ], [ -122.105289, 47.387037 ], [ -122.105862, 47.385285 ], [ -122.106987, 47.385296 ], [ -122.106988, 47.383555 ], [ -122.101667, 47.38418 ], [ -122.101756, 47.376419 ], [ -122.112374, 47.376319 ], [ -122.112339, 47.379948 ], [ -122.122957, 47.379643 ], [ -122.122973, 47.378775 ], [ -122.12828, 47.378754 ], [ -122.128299, 47.376032 ], [ -122.133614, 47.375996 ], [ -122.133586, 47.376879 ], [ -122.138888, 47.376888 ], [ -122.138874, 47.384217 ], [ -122.14016, 47.38322 ], [ -122.142392, 47.383856 ], [ -122.144122, 47.380123 ], [ -122.144224, 47.372379 ] ] ] } },
{ "type": "Feature", "properties": { "GEOID": "5321240", "NAME": "Ellensburg city, Washington", "population": 21308.0 }, "geometry": { "type": "Polygon", "coordinates": [ [ [ -120.594971, 47.009064 ], [ -120.593507, 47.007878 ], [ -120.589628, 47.006224 ], [ -120.587027, 47.003028 ], [ -120.582696, 46.999586 ], [ -120.581718, 46.999595 ], [ -120.582219, 47.003116 ], [ -120.575756, 47.000618 ], [ -120.575795, 47.000166 ], [ -120.572275, 46.990601 ], [ -120.578842, 46.995967 ], [ -120.580539, 46.994094 ], [ -120.57735, 46.990881 ], [ -120.57697, 46.987608 ], [ -120.571295, 46.986893 ], [ -120.568942, 46.984304 ], [ -120.570134, 46.981322 ], [ -120.56721, 46.97786 ], [ -120.562435, 46.980145 ], [ -120.558415, 46.980971 ], [ -120.549517, 46.980796 ], [ -120.549538, 46.978401 ], [ -120.547272, 46.97628 ], [ -120.546888, 46.975004 ], [ -120.542613, 46.974229 ], [ -120.539823, 46.970153 ], [ -120.542578, 46.970135 ], [ -120.543149, 46.967803 ], [ -120.541776, 46.96694 ], [ -120.539163, 46.968069 ], [ -120.539432, 46.969486 ], [ -120.537936, 46.969832 ], [ -120.528628, 46.969813 ], [ -120.528609, 46.971401 ], [ -120.535133, 46.972328 ], [ -120.539212, 46.971871 ], [ -120.539178, 46.974563 ], [ -120.537572, 46.974567 ], [ -120.53539, 46.973112 ], [ -120.528608, 46.971708 ], [ -120.528625, 46.974026 ], [ -120.527631, 46.97404 ], [ -120.528242, 46.971645 ], [ -120.523423, 46.970949 ], [ -120.520942, 46.971242 ], [ -120.518123, 46.972445 ], [ -120.518169, 46.977387 ], [ -120.523415, 46.977372 ], [ -120.523422, 46.978335 ], [ -120.528646, 46.980985 ], [ -120.528603, 46.982644 ], [ -120.52618, 46.983733 ], [ -120.526077, 46.984659 ], [ -120.518359, 46.984741 ], [ -120.518326, 46.988483 ], [ -120.523336, 46.988403 ], [ -120.525261, 46.987688 ], [ -120.527182, 46.987641 ], [ -120.528074, 46.990744 ], [ -120.527281, 46.991276 ], [ -120.525405, 46.990769 ], [ -120.521556, 46.990854 ], [ -120.521587, 46.991935 ], [ -120.521775, 46.99193 ], [ -120.521787, 46.993088 ], [ -120.519556, 46.99312 ], [ -120.518352, 46.994994 ], [ -120.524853, 46.99497 ], [ -120.52575, 46.996222 ], [ -120.528362, 46.99541 ], [ -120.528649, 46.996282 ], [ -120.528651, 46.996523 ], [ -120.527826, 46.998587 ], [ -120.526199, 47.00004 ], [ -120.522669, 46.99957 ], [ -120.518361, 46.999372 ], [ -120.518352, 46.998786 ], [ -120.507979, 46.997009 ], [ -120.507852, 46.999662 ], [ -120.518364, 46.999577 ], [ -120.518384, 47.000809 ], [ -120.516627, 47.001263 ], [ -120.515082, 47.002776 ], [ -120.509918, 47.002879 ], [ -120.509895, 47.004328 ], [ -120.513269, 47.003511 ], [ -120.513355, 47.006949 ], [ -120.514546, 47.006941 ], [ -120.514545, 47.008703 ], [ -120.517274, 47.008693 ], [ -120.514753, 47.006212 ], [ -120.51845, 47.006228 ], [ -120.519362, 47.014122 ], [ -120.521699, 47.014103 ], [ -120.518939, 47.017655 ], [ -120.522803, 47.018174 ], [ -120.525427, 47.019071 ], [ -120.529162, 47.020233 ], [ -120.529162, 47.021219 ], [ -120.523902, 47.019472 ], [ -120.523866, 47.025472 ], [ -120.529156, 47.025312 ], [ -120.530438, 47.023201 ], [ -120.53172, 47.023897 ], [ -120.531718, 47.021238 ], [ -120.532176, 47.02125 ], [ -120.53446, 47.022023 ], [ -120.534459, 47.025027 ], [ -120.539715, 47.02495 ], [ -120.540759, 47.024235 ], [ -120.543986, 47.026241 ], [ -120.549651, 47.028364 ], [ -120.550469, 47.029016 ], [ -120.551318, 47.022938 ], [ -120.551494, 47.02577 ], [ -120.554146, 47.025758 ], [ -120.554153, 47.026428 ], [ -120.559086, 47.026242 ], [ -120.557291, 47.026249 ], [ -120.55722, 47.022959 ], [ -120.553566, 47.023279 ], [ -120.553549, 47.021179 ], [ -120.557454, 47.021182 ], [ -120.557392, 47.015456 ], [ -120.55564, 47.016292 ], [ -120.555595, 47.013942 ], [ -120.552995, 47.013914 ], [ -120.555559, 47.013455 ], [ -120.55641, 47.013994 ], [ -120.560892, 47.013992 ], [ -120.561408, 47.015999 ], [ -120.562856, 47.017523 ], [ -120.569691, 47.017569 ], [ -120.571546, 47.018355 ], [ -120.573015, 47.014861 ], [ -120.577921, 47.019402 ], [ -120.581483, 47.01757 ], [ -120.58261, 47.016046 ], [ -120.582062, 47.014299 ], [ -120.590458, 47.020061 ], [ -120.591097, 47.017694 ], [ -120.592582, 47.017701 ], [ -120.594539, 47.01401 ], [ -120.594971, 47.009064 ] ], [ [ -120.567449, 47.003097 ], [ -120.566793, 47.00311 ], [ -120.566124, 47.002657 ], [ -120.566093, 46.99946 ], [ -120.567427, 46.999461 ], [ -120.567449, 47.003097 ] ], [ [ -120.566054, 46.996924 ], [ -120.562014, 46.997116 ], [ -120.561945, 46.99623 ], [ -120.566018, 46.99619 ], [ -120.566054, 46.996924 ] ], [ [ -120.560413, 46.991836 ], [ -120.55595, 46.991825 ], [ -120.557427, 46.990084 ], [ -120.557412, 46.98821 ], [ -120.560206, 46.988182 ], [ -120.560413, 46.991836 ] ], [ [ -120.55034, 47.010135 ], [ -120.548966, 47.010125 ], [ -120.54896, 47.009758 ], [ -120.547442, 47.009763 ], [ -120.547352, 47.009032 ], [ -120.549144, 47.009032 ], [ -120.550329, 47.008979 ], [ -120.55034, 47.010135 ] ], [ [ -120.539735, 47.020773 ], [ -120.537151, 47.01976 ], [ -120.537128, 47.021248 ], [ -120.537948, 47.021245 ], [ -120.537167, 47.023518 ], [ -120.53446, 47.021253 ], [ -120.534553, 47.013995 ], [ -120.539757, 47.013996 ], [ -120.539735, 47.020773 ] ], [ [ -120.52101, 47.003209 ], [ -120.518528, 47.003224 ], [ -120.518402, 47.002234 ], [ -120.520996, 47.002222 ], [ -120.52101, 47.003209 ] ], [ [ -120.518441, 47.005501 ], [ -120.514753, 47.005512 ], [ -120.514753, 47.003507 ], [ -120.518423, 47.003588 ], [ -120.516943, 47.005212 ], [ -120.518441, 47.005501 ] ] ] } },
{ "type": "Feature", "properties": { "GEOID": "5347735", "NAME": "Mukilteo city, Washington", "population": 21239.0 }, "geometry": { "type": "Polygon", "coordinates": [ [ [ -122.327767, 47.894022 ], [ -122.3280597, 47.893324 ], [ -122.320188, 47.893333 ], [ -122.318802, 47.891267 ], [ -122.319691, 47.890493 ], [ -122.319842, 47.884752 ], [ -122.319837, 47.883107 ], [ -122.318518, 47.883705 ], [ -122.319574, 47.88119 ], [ -122.31683, 47.881165 ], [ -122.316071, 47.87987 ], [ -122.313143, 47.881292 ], [ -122.309076, 47.88237 ], [ -122.307126, 47.882544 ], [ -122.30217, 47.881021 ], [ -122.300451, 47.879338 ], [ -122.298349, 47.878705 ], [ -122.298295, 47.87511 ], [ -122.291423, 47.874403 ], [ -122.28567, 47.879507 ], [ -122.280006, 47.88266 ], [ -122.284971, 47.889956 ], [ -122.292614, 47.901367 ], [ -122.29296, 47.905139 ], [ -122.292947, 47.90854 ], [ -122.293192, 47.910275 ], [ -122.293572, 47.911209 ], [ -122.293215, 47.918513 ], [ -122.290443, 47.918533 ], [ -122.29047, 47.923199 ], [ -122.289479, 47.924018 ], [ -122.287802, 47.924515 ], [ -122.287769, 47.929249 ], [ -122.293189, 47.929909 ], [ -122.293149, 47.934824 ], [ -122.29311, 47.939991 ], [ -122.293152, 47.943835 ], [ -122.289558, 47.94381 ], [ -122.287727, 47.943812 ], [ -122.287707, 47.946492 ], [ -122.282312, 47.947396 ], [ -122.282325, 47.949516 ], [ -122.285794, 47.949634 ], [ -122.285776, 47.951284 ], [ -122.291113, 47.950848 ], [ -122.291111, 47.952052 ], [ -122.296838, 47.95056 ], [ -122.3046092, 47.9494617 ], [ -122.307048, 47.949117 ], [ -122.308694, 47.946345 ], [ -122.311148, 47.936717 ], [ -122.309747, 47.929117 ], [ -122.310747, 47.925117 ], [ -122.3121843, 47.9237048 ], [ -122.318431, 47.917567 ], [ -122.319227700000013, 47.9165587 ], [ -122.321947, 47.913117 ], [ -122.322190800000016, 47.9115266 ], [ -122.322551, 47.909177 ], [ -122.3274788, 47.8999214 ], [ -122.328546, 47.897917 ], [ -122.327767, 47.894022 ] ] ] } },
{ "type": "Feature", "properties": { "GEOID": "5345865", "NAME": "Mill Creek city, Washington", "population": 20902.0 }, "geometry": { "type": "Polygon", "coordinates": [ [ [ -122.227947, 47.863769 ], [ -122.227947, 47.863752 ], [ -122.227893, 47.859351 ], [ -122.227859, 47.856618 ], [ -122.227866, 47.855189 ], [ -122.225608, 47.855214 ], [ -122.225595, 47.854305 ], [ -122.227858, 47.854261 ], [ -122.227835, 47.852919 ], [ -122.225508, 47.852957 ], [ -122.224014, 47.852961 ], [ -122.22401, 47.84935 ], [ -122.222051, 47.849386 ], [ -122.221919, 47.849389 ], [ -122.222049, 47.847531 ], [ -122.223143, 47.846531 ], [ -122.223089, 47.841975 ], [ -122.222969, 47.838327 ], [ -122.214388, 47.838299 ], [ -122.215138, 47.839324 ], [ -122.21587, 47.844337 ], [ -122.216044, 47.845745 ], [ -122.212548, 47.845733 ], [ -122.210903, 47.846621 ], [ -122.209029, 47.845719 ], [ -122.209585, 47.845452 ], [ -122.208921, 47.844141 ], [ -122.207229, 47.843763 ], [ -122.207288, 47.845719 ], [ -122.204176, 47.845688 ], [ -122.204226, 47.849499 ], [ -122.194173, 47.849314 ], [ -122.19041, 47.849165 ], [ -122.186828, 47.849012 ], [ -122.187651, 47.850567 ], [ -122.187798, 47.851153 ], [ -122.186988, 47.856331 ], [ -122.187024, 47.858051 ], [ -122.186045, 47.860444 ], [ -122.181259, 47.861892 ], [ -122.179373, 47.863767 ], [ -122.175926, 47.868549 ], [ -122.175224, 47.870926 ], [ -122.173759, 47.872203 ], [ -122.173012, 47.87291 ], [ -122.170331, 47.874683 ], [ -122.166313, 47.876973 ], [ -122.165973, 47.877758 ], [ -122.170639, 47.877818 ], [ -122.174573, 47.877848 ], [ -122.18533, 47.877953 ], [ -122.193456, 47.87801 ], [ -122.195392, 47.878025 ], [ -122.206856, 47.878178 ], [ -122.212249, 47.878181 ], [ -122.215093, 47.878188 ], [ -122.215832, 47.878259 ], [ -122.217373, 47.878749 ], [ -122.219665, 47.880325 ], [ -122.220316, 47.879488 ], [ -122.219219, 47.878227 ], [ -122.223069, 47.878269 ], [ -122.223002, 47.871009 ], [ -122.223146, 47.87101 ], [ -122.223747, 47.871016 ], [ -122.226527, 47.871044 ], [ -122.22795, 47.867429 ], [ -122.227947, 47.863769 ] ] ] } },
{ "type": "Feature", "properties": { "GEOID": "5355365", "NAME": "Port Angeles city, Washington", "population": 20146.0 }, "geometry": { "type": "Polygon", "coordinates": [ [ [ -123.525561, 48.123359 ], [ -123.525549, 48.121206 ], [ -123.525479, 48.111919 ], [ -123.518391, 48.111381 ], [ -123.5117, 48.111979 ], [ -123.51183, 48.115637 ], [ -123.504081, 48.114902 ], [ -123.504041, 48.113033 ], [ -123.494758, 48.113578 ], [ -123.494758, 48.112095 ], [ -123.487607, 48.112193 ], [ -123.48559, 48.11451 ], [ -123.473633, 48.11251 ], [ -123.472396, 48.112311 ], [ -123.471153, 48.112081 ], [ -123.471291, 48.107306 ], [ -123.47382, 48.107244 ], [ -123.473847, 48.105653 ], [ -123.50391, 48.10272 ], [ -123.503893, 48.101187 ], [ -123.496222, 48.101649 ], [ -123.496268, 48.099852 ], [ -123.497568, 48.099764 ], [ -123.497445, 48.094332 ], [ -123.492046, 48.094723 ], [ -123.492048, 48.094354 ], [ -123.486708, 48.094115 ], [ -123.486704, 48.095116 ], [ -123.484327, 48.095077 ], [ -123.482925, 48.095933 ], [ -123.482937, 48.097826 ], [ -123.48159, 48.097804 ], [ -123.481569, 48.103753 ], [ -123.477925, 48.104055 ], [ -123.473875, 48.104636 ], [ -123.473895, 48.103755 ], [ -123.471282, 48.103789 ], [ -123.471264, 48.105743 ], [ -123.470156, 48.106022 ], [ -123.46833, 48.1062 ], [ -123.468352, 48.105027 ], [ -123.468117, 48.104866 ], [ -123.466044, 48.104888 ], [ -123.466092, 48.10642 ], [ -123.465164, 48.106501 ], [ -123.45221, 48.107435 ], [ -123.45227, 48.106288 ], [ -123.452533, 48.101764 ], [ -123.451834, 48.100208 ], [ -123.451852, 48.098083 ], [ -123.448719, 48.098036 ], [ -123.448183, 48.097923 ], [ -123.448336, 48.094517 ], [ -123.450676, 48.094561 ], [ -123.450712, 48.092374 ], [ -123.450338, 48.092107 ], [ -123.44849, 48.090961 ], [ -123.446109, 48.090973 ], [ -123.446252, 48.088322 ], [ -123.44626, 48.088181 ], [ -123.446406, 48.083549 ], [ -123.445891, 48.083547 ], [ -123.435549, 48.083505 ], [ -123.435507, 48.087232 ], [ -123.43375, 48.089179 ], [ -123.430903, 48.089163 ], [ -123.425257, 48.089123 ], [ -123.425151, 48.090904 ], [ -123.422387, 48.090861 ], [ -123.422154, 48.095199 ], [ -123.419521, 48.095175 ], [ -123.419604, 48.092403 ], [ -123.416231, 48.090764 ], [ -123.415892, 48.091248 ], [ -123.414112, 48.091231 ], [ -123.413948, 48.093671 ], [ -123.412513, 48.093646 ], [ -123.412463, 48.094382 ], [ -123.411027, 48.094369 ], [ -123.410994, 48.096314 ], [ -123.410261, 48.096302 ], [ -123.410134, 48.096714 ], [ -123.408138, 48.09665 ], [ -123.408241, 48.094347 ], [ -123.399304, 48.094265 ], [ -123.398592, 48.096053 ], [ -123.394637, 48.096001 ], [ -123.394595, 48.096911 ], [ -123.393145, 48.096893 ], [ -123.391865, 48.098408 ], [ -123.391716, 48.101109 ], [ -123.391526, 48.105364 ], [ -123.394209, 48.105695 ], [ -123.39693, 48.106051 ], [ -123.396885, 48.107466 ], [ -123.399482, 48.107837 ], [ -123.402319, 48.108886 ], [ -123.402304, 48.109643 ], [ -123.400183200000015, 48.115655 ], [ -123.404959699999978, 48.1169684 ], [ -123.40538, 48.117084 ], [ -123.407449, 48.118589 ], [ -123.411603, 48.116379 ], [ -123.4155048, 48.1168825 ], [ -123.424668, 48.118065 ], [ -123.4300938, 48.1200072 ], [ -123.437869, 48.1227903 ], [ -123.441972, 48.124259 ], [ -123.451363, 48.125982 ], [ -123.460157, 48.12979 ], [ -123.462059, 48.134708 ], [ -123.45683, 48.135342 ], [ -123.446372, 48.136135 ], [ -123.436865, 48.139466 ], [ -123.401526, 48.137753 ], [ -123.4008731, 48.1385366 ], [ -123.399808, 48.139815 ], [ -123.403352, 48.141369 ], [ -123.406811099999985, 48.1415016 ], [ -123.425586, 48.142221 ], [ -123.4339111, 48.1421025 ], [ -123.440128, 48.142014 ], [ -123.453398, 48.1397544 ], [ -123.455732, 48.139357 ], [ -123.466982, 48.135515 ], [ -123.4695751, 48.1349329 ], [ -123.473379, 48.134079 ], [ -123.4873278, 48.1325813 ], [ -123.488635, 48.132441 ], [ -123.4926994, 48.1323025 ], [ -123.507235, 48.131807 ], [ -123.5130344, 48.1326893 ], [ -123.515504, 48.133065 ], [ -123.5202938, 48.1348035 ], [ -123.522078, 48.132816 ], [ -123.520802, 48.13051 ], [ -123.524633, 48.126703 ], [ -123.520303, 48.126659 ], [ -123.52029, 48.12565 ], [ -123.525593, 48.12572 ], [ -123.525561, 48.123359 ] ] ] } },
{ "type": "Feature", "properties": { "GEOID": "5346685", "NAME": "Monroe city, Washington", "population": 20025.0 }, "geometry": { "type": "MultiPolygon", "coordinates": [ [ [ [ -121.93452, 47.877197 ], [ -121.933181, 47.87787 ], [ -121.935293, 47.877828 ], [ -121.93452, 47.877197 ] ] ], [ [ [ -121.950936, 47.873311 ], [ -121.948323, 47.873313 ], [ -121.948351, 47.875762 ], [ -121.950942, 47.875769 ], [ -121.950936, 47.873311 ] ] ], [ [ [ -122.012452, 47.877827 ], [ -122.012395, 47.873914 ], [ -122.012356, 47.863149 ], [ -122.012206, 47.856087 ], [ -122.012157, 47.855412 ], [ -122.012372, 47.848736 ], [ -122.012177, 47.844986 ], [ -122.012153, 47.83755 ], [ -122.001215, 47.837676 ], [ -122.001297, 47.841298 ], [ -121.995578, 47.84133 ], [ -121.995681, 47.840023 ], [ -121.993402, 47.839915 ], [ -121.993289, 47.841344 ], [ -121.991609, 47.841351 ], [ -121.990987, 47.841354 ], [ -121.991098, 47.841259 ], [ -121.991274, 47.840964 ], [ -121.991296, 47.840813 ], [ -121.991151, 47.840443 ], [ -121.990899, 47.839347 ], [ -121.990561, 47.839279 ], [ -121.982043, 47.83938 ], [ -121.980066, 47.839984 ], [ -121.979282, 47.841232 ], [ -121.97073, 47.846224 ], [ -121.968348, 47.8469 ], [ -121.959588, 47.851311 ], [ -121.957425, 47.853221 ], [ -121.95497, 47.854588 ], [ -121.953562, 47.855089 ], [ -121.953582, 47.85799 ], [ -121.950455, 47.857301 ], [ -121.942849, 47.857509 ], [ -121.940841, 47.856592 ], [ -121.937763, 47.856429 ], [ -121.937746, 47.860079 ], [ -121.939473, 47.861104 ], [ -121.942991, 47.861748 ], [ -121.949016, 47.860833 ], [ -121.951447, 47.861023 ], [ -121.953693, 47.860466 ], [ -121.957396, 47.858304 ], [ -121.957312, 47.85956 ], [ -121.95907, 47.859701 ], [ -121.961577, 47.858991 ], [ -121.964542, 47.861341 ], [ -121.959524, 47.864679 ], [ -121.953594, 47.867415 ], [ -121.953576, 47.870448 ], [ -121.958872, 47.870421 ], [ -121.958757, 47.875538 ], [ -121.953532, 47.875841 ], [ -121.953541, 47.877645 ], [ -121.96542, 47.877627 ], [ -121.967147, 47.877616 ], [ -121.972035, 47.877573 ], [ -121.972017, 47.878578 ], [ -121.974718, 47.878594 ], [ -121.974728, 47.87757 ], [ -121.984834, 47.877506 ], [ -121.987344, 47.874535 ], [ -121.98544, 47.873981 ], [ -121.985438, 47.872127 ], [ -121.981272, 47.870338 ], [ -121.980913, 47.866769 ], [ -121.985367, 47.866768 ], [ -121.985354, 47.86352 ], [ -121.990682, 47.865608 ], [ -121.990696, 47.865336 ], [ -122.003577, 47.870429 ], [ -122.001545, 47.871322 ], [ -121.996134, 47.871277 ], [ -121.996129, 47.87038 ], [ -121.990645, 47.870343 ], [ -121.990611, 47.87405 ], [ -121.990735, 47.875667 ], [ -121.99715, 47.877578 ], [ -121.996367, 47.877564 ], [ -121.996712, 47.879661 ], [ -121.995756, 47.880953 ], [ -121.996798, 47.88147 ], [ -121.996709, 47.884976 ], [ -122.010936, 47.885159 ], [ -122.012597, 47.886234 ], [ -122.012452, 47.877827 ] ] ] ] } },
{ "type": "Feature", "properties": { "GEOID": "5355785", "NAME": "Port Orchard city, Washington", "population": 19839.0 }, "geometry": { "type": "MultiPolygon", "coordinates": [ [ [ [ -122.614006, 47.546847 ], [ -122.613275, 47.543973 ], [ -122.612123, 47.543965 ], [ -122.612102, 47.544504 ], [ -122.6125848, 47.5469205 ], [ -122.6156375, 47.547346 ], [ -122.614006, 47.546847 ] ] ], [ [ [ -122.721576, 47.503414 ], [ -122.716372, 47.503353 ], [ -122.716379, 47.502988 ], [ -122.716371, 47.481746 ], [ -122.7083, 47.481756 ], [ -122.708312, 47.482892 ], [ -122.690021, 47.482731 ], [ -122.690067, 47.487082 ], [ -122.684801, 47.487039 ], [ -122.684767, 47.483397 ], [ -122.679549, 47.48335 ], [ -122.679554, 47.490652 ], [ -122.675267, 47.490628 ], [ -122.674276, 47.490109 ], [ -122.674286, 47.488795 ], [ -122.669017, 47.488715 ], [ -122.668022, 47.483263 ], [ -122.666338, 47.484441 ], [ -122.665466, 47.485858 ], [ -122.664598, 47.487361 ], [ -122.663782, 47.490433 ], [ -122.668978, 47.490534 ], [ -122.668996, 47.491445 ], [ -122.662837, 47.491348 ], [ -122.661561, 47.494088 ], [ -122.653135, 47.493973 ], [ -122.649602, 47.494806 ], [ -122.649595, 47.495767 ], [ -122.640304, 47.495839 ], [ -122.637104, 47.49294 ], [ -122.636861, 47.503066 ], [ -122.631522, 47.503576 ], [ -122.631551, 47.502628 ], [ -122.628855, 47.502609 ], [ -122.628883, 47.501287 ], [ -122.624836, 47.501275 ], [ -122.624537, 47.504896 ], [ -122.626135, 47.504904 ], [ -122.624555, 47.510342 ], [ -122.626055, 47.510352 ], [ -122.625832, 47.519521 ], [ -122.626326, 47.519514 ], [ -122.626335, 47.52041 ], [ -122.62851, 47.52043 ], [ -122.628539, 47.523093 ], [ -122.62706, 47.523206 ], [ -122.630509, 47.525457 ], [ -122.629471, 47.530487 ], [ -122.62035, 47.530411 ], [ -122.617826, 47.532267 ], [ -122.617724, 47.53403 ], [ -122.611663, 47.534031 ], [ -122.609634, 47.533972 ], [ -122.606983, 47.533994 ], [ -122.606983, 47.533371 ], [ -122.608321, 47.533371 ], [ -122.608323, 47.532828 ], [ -122.606984, 47.532652 ], [ -122.605179, 47.532651 ], [ -122.605187, 47.533991 ], [ -122.602013, 47.533969 ], [ -122.60205, 47.534501 ], [ -122.603997, 47.534566 ], [ -122.603032, 47.537604 ], [ -122.60594, 47.539351 ], [ -122.611454, 47.539453 ], [ -122.612379, 47.54122 ], [ -122.614059, 47.541239 ], [ -122.6139, 47.543267 ], [ -122.615369, 47.541331 ], [ -122.61892, 47.541212 ], [ -122.622433, 47.541335 ], [ -122.622424, 47.541423 ], [ -122.616537900000012, 47.5474715 ], [ -122.62, 47.547954 ], [ -122.622313, 47.547253 ], [ -122.624762, 47.543475 ], [ -122.6274133, 47.5432602 ], [ -122.637943, 47.542407 ], [ -122.640169, 47.5411194 ], [ -122.647531, 47.536861 ], [ -122.6564007, 47.5385095 ], [ -122.661052, 47.539374 ], [ -122.663092, 47.538533 ], [ -122.667292, 47.531777 ], [ -122.6701149, 47.5309884 ], [ -122.666287, 47.529681 ], [ -122.662984, 47.528332 ], [ -122.663625, 47.526981 ], [ -122.672805, 47.527132 ], [ -122.673523, 47.523473 ], [ -122.673601, 47.515993 ], [ -122.670397, 47.515972 ], [ -122.668221, 47.518751 ], [ -122.668198, 47.519822 ], [ -122.662875, 47.5198 ], [ -122.662921, 47.523243 ], [ -122.660574, 47.523387 ], [ -122.658564, 47.51865 ], [ -122.652611, 47.512432 ], [ -122.652607, 47.511852 ], [ -122.652598, 47.507797 ], [ -122.652385, 47.508387 ], [ -122.65165, 47.50839 ], [ -122.651642, 47.507513 ], [ -122.649494, 47.507527 ], [ -122.64906, 47.507554 ], [ -122.648492, 47.506603 ], [ -122.648924, 47.506602 ], [ -122.655403, 47.506721 ], [ -122.654097, 47.504872 ], [ -122.654215, 47.50197 ], [ -122.652956, 47.5003 ], [ -122.658217, 47.500382 ], [ -122.658288, 47.497663 ], [ -122.661757, 47.497715 ], [ -122.668821, 47.497808 ], [ -122.66887, 47.49599 ], [ -122.674127, 47.496066 ], [ -122.673806, 47.508693 ], [ -122.679125, 47.508386 ], [ -122.679054, 47.512347 ], [ -122.694981, 47.512304 ], [ -122.700294, 47.512336 ], [ -122.700427, 47.508713 ], [ -122.705751, 47.508766 ], [ -122.705679, 47.510581 ], [ -122.703363, 47.515124 ], [ -122.705397, 47.516015 ], [ -122.705277, 47.519927 ], [ -122.710595, 47.519961 ], [ -122.710825, 47.513305 ], [ -122.713458, 47.513319 ], [ -122.713449, 47.512516 ], [ -122.710862, 47.512499 ], [ -122.711148, 47.505183 ], [ -122.711481, 47.505161 ], [ -122.71641, 47.505213 ], [ -122.716363, 47.504257 ], [ -122.721555, 47.50432 ], [ -122.721576, 47.503414 ] ] ] ] } },
{ "type": "Feature", "properties": { "GEOID": "5311160", "NAME": "Centralia city, Washington", "population": 19375.0 }, "geometry": { "type": "Polygon", "coordinates": [ [ [ -123.020187, 46.735373 ], [ -123.016696, 46.730401 ], [ -123.017638, 46.728681 ], [ -123.016415, 46.725882 ], [ -123.0138, 46.722902 ], [ -123.011577, 46.723962 ], [ -123.008987, 46.723778 ], [ -123.009013, 46.727065 ], [ -123.007318, 46.725651 ], [ -123.006558, 46.727222 ], [ -123.006431, 46.732024 ], [ -122.999679, 46.73203 ], [ -122.99676, 46.732015 ], [ -122.996766, 46.730155 ], [ -122.994557, 46.730153 ], [ -122.99593, 46.727137 ], [ -122.99339, 46.727134 ], [ -122.990583, 46.726151 ], [ -122.990974, 46.723161 ], [ -122.98796, 46.723222 ], [ -122.987963, 46.72396 ], [ -122.987265, 46.718709 ], [ -122.992195, 46.717171 ], [ -122.999827, 46.717106 ], [ -123.001061, 46.716097 ], [ -123.001807, 46.715993 ], [ -123.007695, 46.717734 ], [ -123.008022, 46.714371 ], [ -123.008873, 46.714115 ], [ -123.008473, 46.713667 ], [ -123.008778, 46.709934 ], [ -123.003617, 46.710016 ], [ -123.003581, 46.706368 ], [ -122.998297, 46.706454 ], [ -122.998309, 46.70742 ], [ -122.99635, 46.707451 ], [ -122.995452, 46.709665 ], [ -122.991058, 46.710168 ], [ -122.991043, 46.707729 ], [ -122.988678, 46.707679 ], [ -122.988682, 46.706456 ], [ -122.987009, 46.706469 ], [ -122.986835, 46.706477 ], [ -122.986815, 46.706251 ], [ -122.98174, 46.70617 ], [ -122.982036, 46.708225 ], [ -122.981454, 46.709692 ], [ -122.976017, 46.710001 ], [ -122.97535, 46.708998 ], [ -122.973691, 46.706328 ], [ -122.972672, 46.704885 ], [ -122.970984, 46.704866 ], [ -122.97099, 46.702691 ], [ -122.967492, 46.70264 ], [ -122.967254, 46.704157 ], [ -122.96328, 46.704085 ], [ -122.963367, 46.701145 ], [ -122.964081, 46.698979 ], [ -122.967634, 46.699031 ], [ -122.968744, 46.692285 ], [ -122.965875, 46.691926 ], [ -122.964826, 46.691773 ], [ -122.964549, 46.691769 ], [ -122.957155, 46.691768 ], [ -122.95719, 46.694465 ], [ -122.955296, 46.694466 ], [ -122.955028, 46.694846 ], [ -122.952707, 46.694856 ], [ -122.952708, 46.693861 ], [ -122.95271, 46.691676 ], [ -122.950084, 46.691553 ], [ -122.950091, 46.699448 ], [ -122.949994, 46.701885 ], [ -122.952699, 46.701901 ], [ -122.952695, 46.706027 ], [ -122.950086, 46.70599 ], [ -122.950098, 46.709576 ], [ -122.942547, 46.70961 ], [ -122.94258, 46.712221 ], [ -122.942576, 46.713199 ], [ -122.941303, 46.713206 ], [ -122.941293, 46.712436 ], [ -122.939608, 46.712401 ], [ -122.939601, 46.71162 ], [ -122.937003, 46.711633 ], [ -122.937009, 46.71237 ], [ -122.935828, 46.712365 ], [ -122.935821, 46.711731 ], [ -122.934011, 46.711091 ], [ -122.933058, 46.711281 ], [ -122.933073, 46.712697 ], [ -122.934426, 46.712692 ], [ -122.934318, 46.716848 ], [ -122.923996, 46.716858 ], [ -122.923987, 46.720463 ], [ -122.926698, 46.720522 ], [ -122.926675, 46.722267 ], [ -122.929184, 46.722269 ], [ -122.929188, 46.724079 ], [ -122.931838, 46.724074 ], [ -122.931816, 46.725935 ], [ -122.937071, 46.725953 ], [ -122.9397, 46.725495 ], [ -122.939704, 46.727613 ], [ -122.936416, 46.727757 ], [ -122.936928, 46.728643 ], [ -122.934435, 46.728741 ], [ -122.934437, 46.727697 ], [ -122.933038, 46.727739 ], [ -122.933019, 46.729652 ], [ -122.93051, 46.732943 ], [ -122.931174, 46.735185 ], [ -122.935741, 46.735203 ], [ -122.935753, 46.733942 ], [ -122.93769, 46.732995 ], [ -122.939717, 46.733529 ], [ -122.945242, 46.733559 ], [ -122.942639, 46.738844 ], [ -122.943115, 46.738846 ], [ -122.945015, 46.737851 ], [ -122.949066, 46.738391 ], [ -122.95005, 46.736706 ], [ -122.948574, 46.7344 ], [ -122.950283, 46.733892 ], [ -122.950307, 46.735395 ], [ -122.952558, 46.735493 ], [ -122.951196, 46.73678 ], [ -122.951134, 46.740702 ], [ -122.952395, 46.740705 ], [ -122.952409, 46.742511 ], [ -122.945019, 46.74247 ], [ -122.945046, 46.756124 ], [ -122.947144, 46.756671 ], [ -122.948211, 46.754871 ], [ -122.950706, 46.752842 ], [ -122.953616, 46.749098 ], [ -122.953881, 46.746149 ], [ -122.95901, 46.746275 ], [ -122.958861, 46.744968 ], [ -122.961082, 46.742581 ], [ -122.962138, 46.74259 ], [ -122.962155, 46.738985 ], [ -122.95902, 46.738958 ], [ -122.958953, 46.736045 ], [ -122.955888, 46.736551 ], [ -122.955848, 46.735372 ], [ -122.958081, 46.73536 ], [ -122.958139, 46.734391 ], [ -122.953763, 46.733894 ], [ -122.953704, 46.730651 ], [ -122.956385, 46.729762 ], [ -122.960125, 46.732369 ], [ -122.96601, 46.730951 ], [ -122.966028, 46.733363 ], [ -122.964364, 46.735335 ], [ -122.966087, 46.735373 ], [ -122.966088, 46.73644 ], [ -122.96854, 46.736481 ], [ -122.968532, 46.737217 ], [ -122.971335, 46.737232 ], [ -122.971334, 46.736829 ], [ -122.974358, 46.736851 ], [ -122.974377, 46.735448 ], [ -122.975096, 46.735457 ], [ -122.975099, 46.735659 ], [ -122.976117, 46.736425 ], [ -122.981803, 46.741371 ], [ -122.981808, 46.740229 ], [ -122.985876, 46.74029 ], [ -122.985986, 46.735665 ], [ -122.988545, 46.735824 ], [ -122.988475, 46.739235 ], [ -122.993003, 46.739301 ], [ -122.991517, 46.737731 ], [ -122.992241, 46.735539 ], [ -122.998469, 46.735567 ], [ -122.998375, 46.740658 ], [ -122.999404, 46.740954 ], [ -122.999919, 46.73929 ], [ -123.005701, 46.739268 ], [ -123.007078, 46.738494 ], [ -123.006182, 46.742698 ], [ -123.003635, 46.74217 ], [ -123.003042, 46.746006 ], [ -123.006047, 46.746013 ], [ -123.006922, 46.745207 ], [ -123.014233, 46.744118 ], [ -123.014361, 46.735646 ], [ -123.017726, 46.735548 ], [ -123.018718, 46.735613 ], [ -123.020187, 46.735373 ] ], [ [ -122.98184, 46.719353 ], [ -122.977947, 46.717721 ], [ -122.977291, 46.716569 ], [ -122.977969, 46.713655 ], [ -122.980845, 46.713688 ], [ -122.981712, 46.714377 ], [ -122.981763, 46.718059 ], [ -122.98184, 46.719353 ] ], [ [ -122.945027, 46.724048 ], [ -122.941804, 46.723151 ], [ -122.937078, 46.723047 ], [ -122.934445, 46.722278 ], [ -122.934447, 46.7204 ], [ -122.937068, 46.720394 ], [ -122.941569, 46.719528 ], [ -122.945004, 46.72042 ], [ -122.945027, 46.724048 ] ] ] } },
{ "type": "Feature", "properties": { "GEOID": "5377665", "NAME": "West Richland city, Washington", "population": 19257.0 }, "geometry": { "type": "Polygon", "coordinates": [ [ [ -119.490286, 46.330497 ], [ -119.482199, 46.330357 ], [ -119.482613, 46.316605 ], [ -119.48043, 46.316151 ], [ -119.472159, 46.312432 ], [ -119.471803, 46.314996 ], [ -119.470593, 46.315646 ], [ -119.47207, 46.315716 ], [ -119.471735, 46.322923 ], [ -119.466547, 46.322947 ], [ -119.466819, 46.316345 ], [ -119.462658, 46.318175 ], [ -119.459517, 46.319018 ], [ -119.45435, 46.319712 ], [ -119.451142, 46.319532 ], [ -119.444606, 46.318512 ], [ -119.441363, 46.317423 ], [ -119.437429, 46.315577 ], [ -119.43035, 46.310885 ], [ -119.430114, 46.310725 ], [ -119.415275, 46.300891 ], [ -119.414589, 46.300884 ], [ -119.413869, 46.300856 ], [ -119.398835, 46.300795 ], [ -119.398802, 46.293448 ], [ -119.404794, 46.293491 ], [ -119.391399, 46.284636 ], [ -119.392242, 46.284088 ], [ -119.398882, 46.281361 ], [ -119.398965, 46.278799 ], [ -119.388514, 46.278758 ], [ -119.388726, 46.271491 ], [ -119.378214, 46.271325 ], [ -119.368232, 46.271729 ], [ -119.368483, 46.264658 ], [ -119.367369, 46.264418 ], [ -119.35938, 46.264341 ], [ -119.360784, 46.262979 ], [ -119.363374, 46.263557 ], [ -119.363449, 46.260731 ], [ -119.358205, 46.26069 ], [ -119.358248, 46.25702 ], [ -119.355831, 46.256341 ], [ -119.353787, 46.257016 ], [ -119.342387, 46.256902 ], [ -119.339562, 46.256982 ], [ -119.339315, 46.258218 ], [ -119.33713, 46.257732 ], [ -119.337141, 46.257018 ], [ -119.334931, 46.257265 ], [ -119.331904, 46.257036 ], [ -119.331293, 46.257035 ], [ -119.328471, 46.257037 ], [ -119.326624, 46.25826 ], [ -119.326343, 46.271369 ], [ -119.326343, 46.271416 ], [ -119.326373, 46.274107 ], [ -119.337045, 46.274147 ], [ -119.341062, 46.274182 ], [ -119.34109, 46.276853 ], [ -119.341196, 46.28597 ], [ -119.338618, 46.28592 ], [ -119.338582, 46.284123 ], [ -119.329344, 46.283971 ], [ -119.329403, 46.285775 ], [ -119.336146, 46.290032 ], [ -119.336117, 46.293135 ], [ -119.334276, 46.293105 ], [ -119.332559, 46.296724 ], [ -119.333691, 46.297384 ], [ -119.336251, 46.299651 ], [ -119.335015, 46.302295 ], [ -119.330991, 46.30246 ], [ -119.32957, 46.304922 ], [ -119.329072, 46.307729 ], [ -119.329943, 46.309934 ], [ -119.336091, 46.311367 ], [ -119.33963, 46.312857 ], [ -119.340725, 46.315072 ], [ -119.34706, 46.315068 ], [ -119.347296, 46.305187 ], [ -119.347119, 46.302447 ], [ -119.35283, 46.302436 ], [ -119.355531, 46.304206 ], [ -119.353923, 46.304219 ], [ -119.353669, 46.306994 ], [ -119.357518, 46.306115 ], [ -119.358245, 46.307282 ], [ -119.360497, 46.307421 ], [ -119.360851, 46.308135 ], [ -119.358864, 46.308405 ], [ -119.366204, 46.31308 ], [ -119.366391, 46.314378 ], [ -119.37095, 46.318732 ], [ -119.371111, 46.320071 ], [ -119.37373, 46.323114 ], [ -119.374281, 46.322515 ], [ -119.379445, 46.325012 ], [ -119.380818, 46.326938 ], [ -119.387802, 46.329403 ], [ -119.391037, 46.329548 ], [ -119.391081, 46.329481 ], [ -119.392757, 46.333004 ], [ -119.402809, 46.332953 ], [ -119.402841, 46.338383 ], [ -119.408118, 46.338542 ], [ -119.407451, 46.358819 ], [ -119.424277, 46.358904 ], [ -119.428279, 46.3603 ], [ -119.429867, 46.361177 ], [ -119.431145, 46.364404 ], [ -119.432461, 46.365139 ], [ -119.437399, 46.366051 ], [ -119.437727, 46.36526 ], [ -119.433013, 46.364391 ], [ -119.431271, 46.362694 ], [ -119.430675, 46.360572 ], [ -119.428416, 46.359411 ], [ -119.428444, 46.358951 ], [ -119.442154, 46.359083 ], [ -119.446151, 46.356496 ], [ -119.449677, 46.353275 ], [ -119.451757, 46.352593 ], [ -119.457201, 46.352206 ], [ -119.461047, 46.351074 ], [ -119.465438, 46.349157 ], [ -119.466669, 46.348013 ], [ -119.468372, 46.344809 ], [ -119.475593, 46.338442 ], [ -119.482254, 46.336326 ], [ -119.487392, 46.333564 ], [ -119.490286, 46.330497 ] ], [ [ -119.351998, 46.264283 ], [ -119.349684, 46.264255 ], [ -119.349664, 46.260524 ], [ -119.351976, 46.261016 ], [ -119.351998, 46.264283 ] ] ] } },
{ "type": "Feature", "properties": { "GEOID": "5301990", "NAME": "Anacortes city, Washington", "population": 18080.0 }, "geometry": { "type": "Polygon", "coordinates": [ [ [ -122.702919, 48.492011 ], [ -122.696318, 48.490996 ], [ -122.691565, 48.490524 ], [ -122.687999, 48.491942 ], [ -122.676353, 48.489579 ], [ -122.668272, 48.486271 ], [ -122.667193499999982, 48.484055 ], [ -122.66718920000001, 48.4840462 ], [ -122.636308, 48.484274 ], [ -122.636987, 48.483359 ], [ -122.636133, 48.47698 ], [ -122.636616, 48.469979 ], [ -122.642062, 48.469858 ], [ -122.641859, 48.465976 ], [ -122.636364, 48.466087 ], [ -122.636119, 48.458406 ], [ -122.641616, 48.458466 ], [ -122.641591, 48.456365 ], [ -122.639794, 48.454848 ], [ -122.638007, 48.45464 ], [ -122.630811, 48.455033 ], [ -122.630671, 48.451822 ], [ -122.619742, 48.451997 ], [ -122.619632, 48.448392 ], [ -122.607532, 48.448244 ], [ -122.608797, 48.451909 ], [ -122.60884, 48.455563 ], [ -122.598286, 48.455313 ], [ -122.598126, 48.465997 ], [ -122.592709, 48.46599 ], [ -122.592698, 48.469665 ], [ -122.603193, 48.469604 ], [ -122.603293, 48.475077 ], [ -122.605976, 48.475067 ], [ -122.605964, 48.473247 ], [ -122.614153, 48.473231 ], [ -122.614322, 48.480627 ], [ -122.625418, 48.480696 ], [ -122.625207, 48.484391 ], [ -122.597423, 48.484242 ], [ -122.594271, 48.481054 ], [ -122.592493, 48.477406 ], [ -122.589071, 48.473766 ], [ -122.585882, 48.464914 ], [ -122.589735, 48.464748 ], [ -122.58976, 48.463695 ], [ -122.592717, 48.46371 ], [ -122.592722, 48.462339 ], [ -122.588542, 48.462285 ], [ -122.586918, 48.460618 ], [ -122.581885, 48.460542 ], [ -122.581888, 48.461123 ], [ -122.578897, 48.461226 ], [ -122.579565, 48.463028 ], [ -122.572233, 48.462749 ], [ -122.570975, 48.46204 ], [ -122.570933, 48.460422 ], [ -122.568545, 48.460132 ], [ -122.565678, 48.459075 ], [ -122.560274, 48.458486 ], [ -122.543996, 48.458366 ], [ -122.539855, 48.458429 ], [ -122.538645, 48.46151 ], [ -122.538482, 48.462708 ], [ -122.533044, 48.460803 ], [ -122.531808, 48.463175 ], [ -122.530546, 48.460687 ], [ -122.527671, 48.460697 ], [ -122.52767, 48.461397299999987 ], [ -122.530157, 48.464239 ], [ -122.5332791, 48.4655939 ], [ -122.533996, 48.465905 ], [ -122.5366973, 48.4662731 ], [ -122.557922, 48.461912 ], [ -122.560198, 48.461769 ], [ -122.565342, 48.462647 ], [ -122.570395, 48.46309 ], [ -122.571774, 48.468293 ], [ -122.571774, 48.46626 ], [ -122.574864, 48.463265 ], [ -122.580568, 48.463738 ], [ -122.58556, 48.46626 ], [ -122.5864298, 48.4684591 ], [ -122.589156899999978, 48.4753535 ], [ -122.589362, 48.475872 ], [ -122.5922918, 48.4812262 ], [ -122.592568, 48.481731 ], [ -122.5913342, 48.48273 ], [ -122.590624, 48.483305 ], [ -122.59138, 48.48422 ], [ -122.5945712, 48.485124 ], [ -122.595701, 48.485444 ], [ -122.600569, 48.492508 ], [ -122.601426, 48.497917 ], [ -122.601959, 48.502337 ], [ -122.601722, 48.504699 ], [ -122.606238, 48.506903 ], [ -122.605287, 48.509108 ], [ -122.604336, 48.511785 ], [ -122.598469, 48.512169 ], [ -122.597764, 48.514489 ], [ -122.599951, 48.520946 ], [ -122.606961, 48.522152 ], [ -122.615183, 48.521427 ], [ -122.6155154, 48.5213238 ], [ -122.6364551, 48.5148235 ], [ -122.6579879, 48.5081392 ], [ -122.671386, 48.50398 ], [ -122.676922, 48.504484 ], [ -122.6782465, 48.5064786 ], [ -122.679122, 48.507797 ], [ -122.684521, 48.509123 ], [ -122.688737, 48.506292 ], [ -122.688841, 48.504317 ], [ -122.691279, 48.503042 ], [ -122.691934, 48.500151 ], [ -122.692972700000013, 48.5001484 ], [ -122.699646, 48.500132 ], [ -122.701644, 48.497622 ], [ -122.700838, 48.495983 ], [ -122.702279, 48.494393 ], [ -122.702919, 48.492011 ] ] ] } },
{ "type": "Feature", "properties": { "GEOID": "5376405", "NAME": "Washougal city, Washington", "population": 18028.0 }, "geometry": { "type": "Polygon", "coordinates": [ [ [ -122.385575, 45.595281 ], [ -122.385596, 45.591797 ], [ -122.378135, 45.590147 ], [ -122.375954, 45.589663 ], [ -122.373205, 45.589002 ], [ -122.371312, 45.589483 ], [ -122.370593, 45.588603 ], [ -122.372399, 45.58737 ], [ -122.369492, 45.58484 ], [ -122.367342, 45.585327 ], [ -122.368167, 45.583651 ], [ -122.369146, 45.581717 ], [ -122.375155, 45.582279 ], [ -122.374892, 45.582796 ], [ -122.381868, 45.583426 ], [ -122.381949, 45.582878 ], [ -122.3834359, 45.5755595 ], [ -122.380302, 45.575941 ], [ -122.3721892, 45.5740234 ], [ -122.352802, 45.569441 ], [ -122.3418117, 45.5585023 ], [ -122.339070299999975, 45.5557737 ], [ -122.333361, 45.564363 ], [ -122.326601, 45.560461 ], [ -122.323921, 45.559779 ], [ -122.321332, 45.559779 ], [ -122.320047, 45.565433 ], [ -122.32566, 45.566279 ], [ -122.328903, 45.568451 ], [ -122.321724, 45.568453 ], [ -122.321665, 45.572258 ], [ -122.320702, 45.572116 ], [ -122.315324, 45.571336 ], [ -122.315339, 45.574326 ], [ -122.31514, 45.574746 ], [ -122.315827, 45.574869 ], [ -122.315242, 45.578081 ], [ -122.311084, 45.579692 ], [ -122.306499, 45.583631 ], [ -122.306184, 45.58479 ], [ -122.306168, 45.592624 ], [ -122.31197, 45.592122 ], [ -122.316554, 45.592657 ], [ -122.31655, 45.592923 ], [ -122.316595, 45.596858 ], [ -122.322006, 45.595865 ], [ -122.321997, 45.597076 ], [ -122.32047, 45.597345 ], [ -122.320495, 45.601717 ], [ -122.322297, 45.599945 ], [ -122.329501, 45.599942 ], [ -122.329502, 45.596907 ], [ -122.334139, 45.596419 ], [ -122.334971, 45.595057 ], [ -122.335038, 45.59483 ], [ -122.337333, 45.589745 ], [ -122.337362, 45.588953 ], [ -122.339658, 45.587087 ], [ -122.341623, 45.587363 ], [ -122.344789, 45.590886 ], [ -122.344781, 45.592664 ], [ -122.347276, 45.59305 ], [ -122.349313, 45.590842 ], [ -122.349679, 45.5927 ], [ -122.35293, 45.592686 ], [ -122.352908, 45.596323 ], [ -122.351599, 45.596321 ], [ -122.351592, 45.599823 ], [ -122.352872, 45.600244 ], [ -122.36057, 45.600161 ], [ -122.360545, 45.597571 ], [ -122.361799, 45.597569 ], [ -122.368266, 45.597542 ], [ -122.369228, 45.597517 ], [ -122.369284, 45.604901 ], [ -122.372033, 45.604811 ], [ -122.377466, 45.604805 ], [ -122.377501, 45.601169 ], [ -122.382997, 45.601183 ], [ -122.382948, 45.599434 ], [ -122.384928, 45.599809 ], [ -122.385472, 45.597055 ], [ -122.386376, 45.595673 ], [ -122.385575, 45.595281 ] ] ] } },
{ "type": "Feature", "properties": { "GEOID": "5323620", "NAME": "Ferndale city, Washington", "population": 17559.0 }, "geometry": { "type": "Polygon", "coordinates": [ [ [ -122.633257, 48.862678 ], [ -122.630442, 48.862678 ], [ -122.630448, 48.860882 ], [ -122.633179, 48.860898 ], [ -122.633211, 48.855548 ], [ -122.627715, 48.85554 ], [ -122.627716, 48.856613 ], [ -122.622207, 48.856616 ], [ -122.622172, 48.848337 ], [ -122.616456, 48.848361 ], [ -122.61532, 48.848366 ], [ -122.616601, 48.846531 ], [ -122.61669, 48.837524 ], [ -122.612087, 48.837495 ], [ -122.612029, 48.841138 ], [ -122.606966, 48.841134 ], [ -122.606922, 48.843472 ], [ -122.604101, 48.844755 ], [ -122.59579, 48.84477 ], [ -122.595782, 48.842832 ], [ -122.597845, 48.842827 ], [ -122.597826, 48.841154 ], [ -122.601358, 48.841166 ], [ -122.601384, 48.839356 ], [ -122.607001, 48.83932 ], [ -122.607037, 48.837466 ], [ -122.602184, 48.837426 ], [ -122.602192, 48.836678 ], [ -122.596344, 48.836706 ], [ -122.594911, 48.836588 ], [ -122.592331, 48.837155 ], [ -122.591519, 48.838208 ], [ -122.590233, 48.843202 ], [ -122.584793, 48.84321 ], [ -122.584782, 48.837304 ], [ -122.577013, 48.837261 ], [ -122.571774, 48.837248 ], [ -122.570763, 48.833564 ], [ -122.573775, 48.833609 ], [ -122.573671, 48.832036 ], [ -122.566043, 48.818924 ], [ -122.565783, 48.818923 ], [ -122.563412, 48.814983 ], [ -122.551879, 48.814918 ], [ -122.546921, 48.81498 ], [ -122.550592, 48.816691 ], [ -122.552024, 48.820099 ], [ -122.55202, 48.821448 ], [ -122.552063, 48.829792 ], [ -122.554748, 48.829799 ], [ -122.554747, 48.831625 ], [ -122.553386, 48.833444 ], [ -122.554791, 48.833457 ], [ -122.554761, 48.83708 ], [ -122.55608, 48.838914 ], [ -122.557446, 48.838925 ], [ -122.559077, 48.845735 ], [ -122.561784, 48.8478 ], [ -122.56328, 48.848408 ], [ -122.563659, 48.848725 ], [ -122.563895, 48.848968 ], [ -122.56426, 48.849121 ], [ -122.564349, 48.849212 ], [ -122.564473, 48.84928 ], [ -122.565133, 48.849509 ], [ -122.565625, 48.849872 ], [ -122.566554, 48.850452 ], [ -122.56809, 48.850102 ], [ -122.568089, 48.848696 ], [ -122.571292, 48.848735 ], [ -122.570811, 48.849288 ], [ -122.570638, 48.850218 ], [ -122.571636, 48.850567 ], [ -122.571691, 48.851702 ], [ -122.572101, 48.852927 ], [ -122.573588, 48.853585 ], [ -122.573635, 48.851767 ], [ -122.580356, 48.851835 ], [ -122.582608, 48.854114 ], [ -122.579071, 48.855331 ], [ -122.577417, 48.856144 ], [ -122.575923, 48.857079 ], [ -122.575006, 48.857526 ], [ -122.574918, 48.859106 ], [ -122.579057, 48.859149 ], [ -122.574924, 48.862753 ], [ -122.578994, 48.862822 ], [ -122.5788, 48.87 ], [ -122.578596, 48.877267 ], [ -122.581267, 48.877271 ], [ -122.581285, 48.880049 ], [ -122.584067, 48.880055 ], [ -122.584093, 48.879373 ], [ -122.588193, 48.882832 ], [ -122.588248, 48.885213 ], [ -122.589382, 48.887457 ], [ -122.589235, 48.891796 ], [ -122.589159, 48.894062 ], [ -122.592488, 48.894137 ], [ -122.592454, 48.895267 ], [ -122.599689, 48.894788 ], [ -122.601892, 48.894796 ], [ -122.605724, 48.897124 ], [ -122.605735, 48.894178 ], [ -122.602512, 48.892031 ], [ -122.591371, 48.884618 ], [ -122.595021, 48.884623 ], [ -122.5956, 48.870392 ], [ -122.5956, 48.870178 ], [ -122.60104, 48.870119 ], [ -122.606482, 48.868496 ], [ -122.609021, 48.868467 ], [ -122.609005, 48.870031 ], [ -122.611743, 48.869997 ], [ -122.611766, 48.86817 ], [ -122.616637, 48.868147 ], [ -122.616647, 48.866282 ], [ -122.622151, 48.86726 ], [ -122.622148, 48.869976 ], [ -122.633123, 48.869996 ], [ -122.633257, 48.862678 ] ] ] } },
{ "type": "Feature", "properties": { "GEOID": "5300100", "NAME": "Aberdeen city, Washington", "population": 17088.0 }, "geometry": { "type": "MultiPolygon", "coordinates": [ [ [ [ -123.696851, 47.015999 ], [ -123.696598, 47.015515 ], [ -123.695704, 47.014519 ], [ -123.686303, 47.014583 ], [ -123.686279, 47.016387 ], [ -123.682851, 47.016409 ], [ -123.682841, 47.018428 ], [ -123.690482, 47.018506 ], [ -123.693605, 47.019783 ], [ -123.696755, 47.020329 ], [ -123.69662, 47.019674 ], [ -123.696876, 47.018953 ], [ -123.696851, 47.015999 ] ] ], [ [ [ -123.757253, 46.982582 ], [ -123.756003, 46.982903 ], [ -123.750154, 46.981281 ], [ -123.74676, 46.981801 ], [ -123.746766, 46.980297 ], [ -123.744455, 46.979889 ], [ -123.74155, 46.978748 ], [ -123.741575, 46.976662 ], [ -123.736319, 46.976637 ], [ -123.736317, 46.976905 ], [ -123.736203, 46.989303 ], [ -123.731412, 46.989297 ], [ -123.731379, 46.99018 ], [ -123.736196, 46.990231 ], [ -123.73616, 46.994728 ], [ -123.757407, 46.994834 ], [ -123.757253, 46.982582 ] ] ], [ [ [ -123.860355, 46.980552 ], [ -123.854525, 46.980503 ], [ -123.852182, 46.980565 ], [ -123.85222, 46.976939 ], [ -123.852215, 46.976045 ], [ -123.852205, 46.974238 ], [ -123.8521192, 46.9643739 ], [ -123.844604, 46.960927 ], [ -123.841453800000011, 46.9570743 ], [ -123.841121300000012, 46.9566677 ], [ -123.8389, 46.953951 ], [ -123.850546, 46.952004 ], [ -123.8512732, 46.9516583 ], [ -123.844972, 46.951744 ], [ -123.851493, 46.950472 ], [ -123.852474, 46.948022 ], [ -123.851928, 46.945708 ], [ -123.85389, 46.945197 ], [ -123.852881, 46.943428 ], [ -123.849088, 46.943411 ], [ -123.84673, 46.943773 ], [ -123.838234, 46.947409 ], [ -123.838929, 46.948696 ], [ -123.83732, 46.950517 ], [ -123.839179, 46.95066 ], [ -123.842172, 46.951722 ], [ -123.825878, 46.95161 ], [ -123.826063, 46.948167 ], [ -123.824968, 46.948159 ], [ -123.820638, 46.948138 ], [ -123.82076, 46.940893 ], [ -123.815368, 46.940831 ], [ -123.81526, 46.943859 ], [ -123.815252, 46.944215 ], [ -123.815273, 46.948079 ], [ -123.817937, 46.948078 ], [ -123.820371, 46.951648 ], [ -123.815139, 46.951613 ], [ -123.813519, 46.951663 ], [ -123.799545, 46.951517 ], [ -123.794212, 46.951555 ], [ -123.794218, 46.948044 ], [ -123.789065, 46.948088 ], [ -123.789006, 46.955177 ], [ -123.781201, 46.955798 ], [ -123.781205, 46.95887 ], [ -123.783607, 46.958843 ], [ -123.783535, 46.96228 ], [ -123.778361, 46.962521 ], [ -123.778379, 46.96365 ], [ -123.778455, 46.968772 ], [ -123.77836, 46.980175 ], [ -123.778352, 46.98174 ], [ -123.778377, 46.986575 ], [ -123.7784, 46.987605 ], [ -123.77832, 46.99003 ], [ -123.778161, 46.994832 ], [ -123.786075, 46.994802 ], [ -123.803707, 46.994788 ], [ -123.804064, 46.994787 ], [ -123.809583, 46.994798 ], [ -123.807746, 46.999303 ], [ -123.810986, 47.001523 ], [ -123.812, 47.001999 ], [ -123.82025, 47.002048 ], [ -123.820415, 47.000198 ], [ -123.820467, 46.995748 ], [ -123.815636, 46.995743 ], [ -123.815623, 46.994952 ], [ -123.820475, 46.99484 ], [ -123.82802, 46.994892 ], [ -123.841442, 46.995032 ], [ -123.860149, 46.995456 ], [ -123.860297, 46.983543 ], [ -123.860355, 46.980552 ] ], [ [ -123.794192, 46.954991 ], [ -123.790806, 46.955004 ], [ -123.790824, 46.954475 ], [ -123.791413, 46.954453 ], [ -123.791474, 46.951575 ], [ -123.794212, 46.951555 ], [ -123.794192, 46.954991 ] ], [ [ -123.820618, 46.949182 ], [ -123.820584, 46.95135 ], [ -123.818326, 46.948093 ], [ -123.820638, 46.948138 ], [ -123.820618, 46.949182 ] ] ] ] } },
{ "type": "Feature", "properties": { "GEOID": "5340805", "NAME": "Lynden city, Washington", "population": 16881.0 }, "geometry": { "type": "Polygon", "coordinates": [ [ [ -122.507305, 48.940598 ], [ -122.50166, 48.940647 ], [ -122.501662, 48.942409 ], [ -122.496008, 48.942408 ], [ -122.495967, 48.935611 ], [ -122.492384, 48.934987 ], [ -122.491143, 48.933238 ], [ -122.493379, 48.931672 ], [ -122.48762, 48.931922 ], [ -122.485447, 48.931521 ], [ -122.480376, 48.931588 ], [ -122.479826, 48.935383 ], [ -122.476006, 48.935563 ], [ -122.476162, 48.933383 ], [ -122.474742, 48.93389 ], [ -122.467353, 48.93392 ], [ -122.46642, 48.936384 ], [ -122.463598, 48.936689 ], [ -122.463617, 48.937429 ], [ -122.459121, 48.937371 ], [ -122.459039, 48.93917 ], [ -122.456647, 48.939797 ], [ -122.454313, 48.938045 ], [ -122.449847, 48.936806 ], [ -122.450338, 48.939776 ], [ -122.446608, 48.941664 ], [ -122.446918, 48.94236 ], [ -122.445188, 48.945022 ], [ -122.441893, 48.945376 ], [ -122.438553, 48.945851 ], [ -122.433251, 48.946161 ], [ -122.429315, 48.948606 ], [ -122.429448, 48.949587 ], [ -122.418937, 48.949496 ], [ -122.418855, 48.951315 ], [ -122.413304, 48.951287 ], [ -122.413267, 48.953049 ], [ -122.407762, 48.952994 ], [ -122.407683, 48.956631 ], [ -122.402046, 48.956596 ], [ -122.401771, 48.963954 ], [ -122.407497, 48.964055 ], [ -122.418607, 48.964088 ], [ -122.441062, 48.96432 ], [ -122.452123, 48.964765 ], [ -122.463114, 48.964575 ], [ -122.463214, 48.961125 ], [ -122.468913, 48.961018 ], [ -122.468915, 48.953992 ], [ -122.474519, 48.953956 ], [ -122.474545, 48.950459 ], [ -122.485312, 48.949882 ], [ -122.4962, 48.950271 ], [ -122.496133, 48.946341 ], [ -122.507287, 48.946094 ], [ -122.507305, 48.940598 ] ] ] } },
{ "type": "Feature", "properties": { "GEOID": "5368750", "NAME": "Sunnyside city, Washington", "population": 16430.0 }, "geometry": { "type": "Polygon", "coordinates": [ [ [ -120.072503, 46.328533 ], [ -120.060261, 46.327713 ], [ -120.041055, 46.327833 ], [ -120.034298, 46.327512 ], [ -120.034267, 46.324775 ], [ -120.034003, 46.324302 ], [ -120.033447, 46.322643 ], [ -120.037875, 46.321469 ], [ -120.038421, 46.320241 ], [ -120.038522, 46.322433 ], [ -120.041103, 46.322087 ], [ -120.041123, 46.31661 ], [ -120.043827, 46.316649 ], [ -120.04377, 46.313033 ], [ -120.041282, 46.31311 ], [ -120.041081, 46.313783 ], [ -120.037401, 46.315408 ], [ -120.036463, 46.31429 ], [ -120.033201, 46.315917 ], [ -120.032793, 46.314947 ], [ -120.031144, 46.313416 ], [ -120.027792, 46.314976 ], [ -120.026672, 46.312972 ], [ -120.0305, 46.312988 ], [ -120.030552, 46.309358 ], [ -120.029344, 46.309347 ], [ -120.029349, 46.30648 ], [ -120.025463, 46.306472 ], [ -120.025414, 46.305866 ], [ -120.023794, 46.305438 ], [ -120.022809, 46.305038 ], [ -120.022806, 46.303908 ], [ -120.025415, 46.303934 ], [ -120.025427, 46.302072 ], [ -120.021608, 46.302053 ], [ -120.020044, 46.300976 ], [ -120.020037, 46.297515 ], [ -120.022843, 46.297507 ], [ -120.022848, 46.296603 ], [ -120.020035, 46.296573 ], [ -120.019998, 46.291231 ], [ -120.022257, 46.291213 ], [ -120.022077, 46.290355 ], [ -120.019988, 46.290331 ], [ -120.01996, 46.288453 ], [ -120.022163, 46.288462 ], [ -120.022623, 46.287536 ], [ -120.019946, 46.287519 ], [ -120.01996, 46.285225 ], [ -120.006621, 46.281435 ], [ -120.001331, 46.279405 ], [ -120.000683, 46.284858 ], [ -119.999183, 46.286846 ], [ -119.999109, 46.295595 ], [ -120.000251, 46.296509 ], [ -120.004371, 46.296526 ], [ -120.004348, 46.298447 ], [ -120.006934, 46.29832 ], [ -120.006966, 46.29471 ], [ -120.014782, 46.29474 ], [ -120.014782, 46.298395 ], [ -120.012254, 46.298385 ], [ -120.012243, 46.300114 ], [ -120.009593, 46.300103 ], [ -120.009587, 46.302017 ], [ -120.004321, 46.302004 ], [ -120.004345, 46.306159 ], [ -119.999073, 46.306122 ], [ -119.999264, 46.314577 ], [ -119.996617, 46.314596 ], [ -119.996561, 46.312926 ], [ -119.984757, 46.313234 ], [ -119.98767, 46.309478 ], [ -119.985888, 46.309525 ], [ -119.986757, 46.308517 ], [ -119.98614, 46.306066 ], [ -119.986001, 46.302206 ], [ -119.978168, 46.302346 ], [ -119.967753, 46.302177 ], [ -119.966561, 46.302206 ], [ -119.961569, 46.298317 ], [ -119.959674, 46.298313 ], [ -119.957178, 46.298308 ], [ -119.957268, 46.302103 ], [ -119.96251, 46.302161 ], [ -119.964769, 46.302353 ], [ -119.970813, 46.306752 ], [ -119.970748, 46.308594 ], [ -119.97082, 46.309667 ], [ -119.968219, 46.309637 ], [ -119.968425, 46.313321 ], [ -119.973703, 46.313363 ], [ -119.974978, 46.312506 ], [ -119.975063, 46.314054 ], [ -119.978053, 46.313277 ], [ -119.978534, 46.312609 ], [ -119.982965, 46.315965 ], [ -119.983312, 46.316942 ], [ -119.979135, 46.317075 ], [ -119.973939, 46.317078 ], [ -119.973872, 46.320699 ], [ -119.971237, 46.32072 ], [ -119.971175, 46.324374 ], [ -119.96572, 46.324338 ], [ -119.963283, 46.325785 ], [ -119.963262, 46.327985 ], [ -119.96174, 46.327969 ], [ -119.958895, 46.331626 ], [ -119.973653, 46.331656 ], [ -119.974861, 46.329922 ], [ -119.978868, 46.329855 ], [ -119.978976, 46.33024 ], [ -119.978971, 46.33167 ], [ -119.989334, 46.331288 ], [ -119.989359, 46.329457 ], [ -119.993057, 46.329303 ], [ -119.993048, 46.331157 ], [ -119.993978, 46.331131 ], [ -119.994113, 46.342014 ], [ -119.996476, 46.341911 ], [ -119.996465, 46.339197 ], [ -119.999108, 46.339092 ], [ -119.999124, 46.335496 ], [ -120.002933, 46.334586 ], [ -120.004275, 46.332424 ], [ -120.006886, 46.332444 ], [ -120.006902, 46.334606 ], [ -120.00952, 46.33464 ], [ -120.00952, 46.335518 ], [ -120.012744, 46.336317 ], [ -120.01474, 46.334715 ], [ -120.014696, 46.338309 ], [ -120.016632, 46.338323 ], [ -120.016634, 46.337524 ], [ -120.02001, 46.335635 ], [ -120.023304, 46.334747 ], [ -120.023325, 46.331128 ], [ -120.027965, 46.33119 ], [ -120.041048, 46.331213 ], [ -120.041051, 46.329384 ], [ -120.046355, 46.329381 ], [ -120.04636, 46.3312 ], [ -120.058156, 46.331134 ], [ -120.05809, 46.329127 ], [ -120.062976, 46.329123 ], [ -120.063043, 46.331119 ], [ -120.072496, 46.331203 ], [ -120.072503, 46.328533 ] ] ] } },
{ "type": "Feature", "properties": { "GEOID": "5358410", "NAME": "Ridgefield city, Washington", "population": 16132.0 }, "geometry": { "type": "MultiPolygon", "coordinates": [ [ [ [ -122.753216, 45.819028 ], [ -122.749477, 45.814976 ], [ -122.747375, 45.813314 ], [ -122.741876, 45.810106 ], [ -122.740555, 45.807361 ], [ -122.740316, 45.803756 ], [ -122.741244, 45.802257 ], [ -122.743538, 45.793659 ], [ -122.7131, 45.793943 ], [ -122.713163, 45.78669 ], [ -122.702875, 45.786744 ], [ -122.692538, 45.78677 ], [ -122.692565, 45.790452 ], [ -122.695907, 45.795243 ], [ -122.694002, 45.795731 ], [ -122.694162, 45.79763 ], [ -122.692586, 45.79764 ], [ -122.692582, 45.801292 ], [ -122.678558, 45.801362 ], [ -122.678901, 45.803053 ], [ -122.680406, 45.805169 ], [ -122.677076, 45.805004 ], [ -122.662238, 45.805027 ], [ -122.662313, 45.807623 ], [ -122.661622, 45.808652 ], [ -122.661618, 45.809026 ], [ -122.66034, 45.809032 ], [ -122.66034, 45.81048 ], [ -122.66161, 45.81047 ], [ -122.661619, 45.812271 ], [ -122.661627, 45.81411 ], [ -122.659049, 45.814117 ], [ -122.659745, 45.810475 ], [ -122.659744, 45.808653 ], [ -122.657751, 45.808672 ], [ -122.657744, 45.810503 ], [ -122.655407, 45.81052 ], [ -122.655408, 45.812318 ], [ -122.654122, 45.812327 ], [ -122.654119, 45.814127 ], [ -122.651254, 45.814171 ], [ -122.651252, 45.815955 ], [ -122.654183, 45.815929 ], [ -122.654049, 45.818993 ], [ -122.651247, 45.819017 ], [ -122.65124, 45.823219 ], [ -122.654502, 45.823198 ], [ -122.655333, 45.821691 ], [ -122.654553, 45.819167 ], [ -122.656224, 45.819159 ], [ -122.658406, 45.821358 ], [ -122.658429, 45.823176 ], [ -122.660209, 45.82316 ], [ -122.659789, 45.820695 ], [ -122.661606, 45.820992 ], [ -122.661596, 45.823133 ], [ -122.671955, 45.823071 ], [ -122.672766, 45.821361 ], [ -122.675231, 45.821348 ], [ -122.675348, 45.823052 ], [ -122.677038, 45.823038 ], [ -122.677039, 45.826639 ], [ -122.679456, 45.826624 ], [ -122.679475, 45.825746 ], [ -122.682667, 45.825734 ], [ -122.682547, 45.830204 ], [ -122.684491, 45.830886 ], [ -122.686934, 45.830204 ], [ -122.691867, 45.829968 ], [ -122.689058, 45.82299 ], [ -122.70285, 45.822954 ], [ -122.702864, 45.830215 ], [ -122.70553, 45.830196 ], [ -122.708031, 45.829042 ], [ -122.708022, 45.826536 ], [ -122.713165, 45.826522 ], [ -122.713059, 45.8229 ], [ -122.723561, 45.822779 ], [ -122.732449, 45.822708 ], [ -122.734327, 45.824099 ], [ -122.742514, 45.823998 ], [ -122.745916, 45.824391 ], [ -122.746813, 45.82439 ], [ -122.747293, 45.825287 ], [ -122.747306, 45.825503 ], [ -122.747222, 45.825864 ], [ -122.747057, 45.826212 ], [ -122.749093, 45.826382 ], [ -122.750292, 45.826385 ], [ -122.75019, 45.824361 ], [ -122.755981, 45.824313 ], [ -122.753216, 45.819028 ] ], [ [ -122.723333, 45.809603 ], [ -122.721676, 45.808488 ], [ -122.718098, 45.808415 ], [ -122.718238, 45.81204 ], [ -122.708046, 45.812053 ], [ -122.708052, 45.81115 ], [ -122.70289, 45.811154 ], [ -122.702881, 45.808442 ], [ -122.707988, 45.808435 ], [ -122.707994, 45.806017 ], [ -122.707207, 45.804814 ], [ -122.710556, 45.804801 ], [ -122.710557, 45.801209 ], [ -122.723223, 45.801177 ], [ -122.72333, 45.806037 ], [ -122.723333, 45.809603 ] ], [ [ -122.709234, 45.797569 ], [ -122.697737, 45.797653 ], [ -122.697734, 45.801257 ], [ -122.695971, 45.801268 ], [ -122.695689, 45.797839 ], [ -122.696312, 45.794566 ], [ -122.697709, 45.794047 ], [ -122.697683, 45.790404 ], [ -122.701179, 45.790374 ], [ -122.701188, 45.793128 ], [ -122.702955, 45.793027 ], [ -122.702874, 45.790359 ], [ -122.705534, 45.790338 ], [ -122.707383, 45.792217 ], [ -122.711735, 45.794714 ], [ -122.709234, 45.797569 ] ] ], [ [ [ -122.70587, 45.795312 ], [ -122.707205, 45.794815 ], [ -122.704372, 45.792515 ], [ -122.703205, 45.792949 ], [ -122.702955, 45.793027 ], [ -122.703054, 45.793125 ], [ -122.701352, 45.79636 ], [ -122.702976, 45.795628 ], [ -122.705152, 45.796987 ], [ -122.707969, 45.797239 ], [ -122.70587, 45.795312 ] ] ] ] } },
{ "type": "Feature", "properties": { "GEOID": "5379590", "NAME": "Woodinville city, Washington", "population": 14548.0 }, "geometry": { "type": "MultiPolygon", "coordinates": [ [ [ [ -122.145398, 47.732228 ], [ -122.142069, 47.728633 ], [ -122.139225, 47.729692 ], [ -122.140738, 47.731527 ], [ -122.140958, 47.734654 ], [ -122.142198, 47.734659 ], [ -122.143818, 47.732768 ], [ -122.145456, 47.732797 ], [ -122.145398, 47.732228 ] ] ], [ [ [ -122.175331, 47.755857 ], [ -122.175469, 47.755488 ], [ -122.175863, 47.754545 ], [ -122.175732, 47.754538 ], [ -122.175717, 47.75414 ], [ -122.174762, 47.754124 ], [ -122.174179, 47.751507 ], [ -122.174937, 47.743479 ], [ -122.175358, 47.737093 ], [ -122.175573, 47.733922 ], [ -122.171354, 47.7339 ], [ -122.163768, 47.73396 ], [ -122.163799, 47.733033 ], [ -122.163808, 47.732761 ], [ -122.163889, 47.730356 ], [ -122.163893, 47.730186 ], [ -122.162341, 47.729712 ], [ -122.159127, 47.729703 ], [ -122.159253, 47.725798 ], [ -122.155929, 47.725759 ], [ -122.155966, 47.723954 ], [ -122.153254, 47.723923 ], [ -122.153179, 47.726991 ], [ -122.152158, 47.725713 ], [ -122.149497, 47.725662 ], [ -122.148487, 47.730241 ], [ -122.15013, 47.732893 ], [ -122.145456, 47.732797 ], [ -122.145893, 47.734644 ], [ -122.149072, 47.736343 ], [ -122.152801, 47.740608 ], [ -122.153743, 47.742856 ], [ -122.156047, 47.744721 ], [ -122.158031, 47.745561 ], [ -122.160317, 47.747567 ], [ -122.160277, 47.750699 ], [ -122.156355, 47.750662 ], [ -122.15402, 47.751378 ], [ -122.152654, 47.750481 ], [ -122.152403, 47.74971 ], [ -122.149949, 47.749682 ], [ -122.149516, 47.751626 ], [ -122.144324, 47.751338 ], [ -122.142481, 47.753255 ], [ -122.140294, 47.752675 ], [ -122.133474, 47.752398 ], [ -122.13195, 47.754935 ], [ -122.130584, 47.75447 ], [ -122.124676, 47.754228 ], [ -122.120974, 47.753537 ], [ -122.120991, 47.757971 ], [ -122.117521, 47.759322 ], [ -122.117146, 47.761533 ], [ -122.111675, 47.761467 ], [ -122.11087, 47.761463 ], [ -122.1116, 47.765101 ], [ -122.113592, 47.76868 ], [ -122.112945, 47.775949 ], [ -122.131834, 47.776046 ], [ -122.153842, 47.776196 ], [ -122.154157, 47.776196 ], [ -122.154444, 47.7762 ], [ -122.166746, 47.776249 ], [ -122.166471, 47.768888 ], [ -122.164921, 47.766838 ], [ -122.16376, 47.765268 ], [ -122.166424, 47.765286 ], [ -122.166346, 47.761693 ], [ -122.1636, 47.761673 ], [ -122.163294, 47.758512 ], [ -122.164, 47.758079 ], [ -122.166906, 47.758098 ], [ -122.167599, 47.757999 ], [ -122.174578, 47.758367 ], [ -122.174587, 47.757072 ], [ -122.175959, 47.757345 ], [ -122.175331, 47.755857 ] ] ] ] } },
{ "type": "Feature", "properties": { "GEOID": "5320155", "NAME": "East Wenatchee city, Washington", "population": 14414.0 }, "geometry": { "type": "Polygon", "coordinates": [ [ [ -120.308941, 47.433267 ], [ -120.307982, 47.431648 ], [ -120.304525, 47.427606 ], [ -120.302008, 47.424403 ], [ -120.300601, 47.420368 ], [ -120.297133, 47.414415 ], [ -120.296621, 47.41352 ], [ -120.295501, 47.409825 ], [ -120.294846, 47.405094 ], [ -120.292847, 47.400437 ], [ -120.290332, 47.397908 ], [ -120.287895, 47.399324 ], [ -120.284899, 47.400326 ], [ -120.275973, 47.399868 ], [ -120.273843, 47.398636 ], [ -120.268373, 47.398602 ], [ -120.260359, 47.398519 ], [ -120.260432, 47.405806 ], [ -120.260459, 47.413072 ], [ -120.260493, 47.420388 ], [ -120.2621, 47.420376 ], [ -120.263659, 47.420385 ], [ -120.269935, 47.42042 ], [ -120.270046, 47.423162 ], [ -120.271115, 47.423166 ], [ -120.271068, 47.42766 ], [ -120.270979, 47.435144 ], [ -120.2772, 47.43285 ], [ -120.279295, 47.433145 ], [ -120.279668, 47.434668 ], [ -120.281066, 47.435848 ], [ -120.281456, 47.436561 ], [ -120.286566, 47.436472 ], [ -120.289009, 47.43725 ], [ -120.292149, 47.43605 ], [ -120.292151, 47.435141 ], [ -120.297463, 47.435128 ], [ -120.309461, 47.435104 ], [ -120.308941, 47.433267 ] ] ] } },
{ "type": "Feature", "properties": { "GEOID": "5339335", "NAME": "Liberty Lake city, Washington", "population": 14029.0 }, "geometry": { "type": "Polygon", "coordinates": [ [ [ -117.143051, 47.665687 ], [ -117.143051, 47.665506 ], [ -117.14295, 47.656898 ], [ -117.142867, 47.656898 ], [ -117.133411, 47.656899 ], [ -117.133457, 47.658707 ], [ -117.132226, 47.658713 ], [ -117.132195, 47.656896 ], [ -117.121571, 47.656869 ], [ -117.121468, 47.649547 ], [ -117.112834, 47.649524 ], [ -117.110751, 47.649516 ], [ -117.110834, 47.653165 ], [ -117.100224, 47.653165 ], [ -117.099913, 47.654045 ], [ -117.099673, 47.656785 ], [ -117.098837, 47.656801 ], [ -117.089665, 47.65674 ], [ -117.070673, 47.656684 ], [ -117.068296, 47.656676 ], [ -117.068306, 47.659766 ], [ -117.068262, 47.671275 ], [ -117.06858, 47.686391 ], [ -117.06404, 47.689195 ], [ -117.068629, 47.688343 ], [ -117.08607, 47.681548 ], [ -117.089795, 47.680993 ], [ -117.092355, 47.680882 ], [ -117.10411, 47.684064 ], [ -117.106808, 47.683907 ], [ -117.111173, 47.6822 ], [ -117.112776, 47.681626 ], [ -117.114667, 47.678994 ], [ -117.120319, 47.677116 ], [ -117.124896, 47.676996 ], [ -117.12892, 47.677605 ], [ -117.132574, 47.678812 ], [ -117.135669, 47.680493 ], [ -117.138333, 47.680824 ], [ -117.143499, 47.679919 ], [ -117.143051, 47.665687 ] ] ] } },
{ "type": "Feature", "properties": { "GEOID": "5365205", "NAME": "Snoqualmie city, Washington", "population": 13640.0 }, "geometry": { "type": "MultiPolygon", "coordinates": [ [ [ [ -121.82451, 47.506898 ], [ -121.823108, 47.506897 ], [ -121.823103, 47.509867 ], [ -121.825125, 47.507461 ], [ -121.82451, 47.506898 ] ] ], [ [ [ -121.843999, 47.506986 ], [ -121.829207, 47.506883 ], [ -121.832189, 47.508328 ], [ -121.832372, 47.51076 ], [ -121.835448, 47.51297 ], [ -121.839196, 47.513795 ], [ -121.839218, 47.510527 ], [ -121.84461, 47.510481 ], [ -121.843999, 47.506986 ] ] ], [ [ [ -121.892903, 47.542936 ], [ -121.892146, 47.541819 ], [ -121.891948, 47.538333 ], [ -121.890813, 47.536973 ], [ -121.890696, 47.536352 ], [ -121.881929, 47.536373 ], [ -121.881872, 47.528873 ], [ -121.885894, 47.528978 ], [ -121.887301, 47.529088 ], [ -121.887184, 47.514579 ], [ -121.887207, 47.511658 ], [ -121.884824, 47.511769 ], [ -121.882911, 47.512042 ], [ -121.882697, 47.512767 ], [ -121.881122, 47.514555 ], [ -121.86564, 47.514455 ], [ -121.865688, 47.523591 ], [ -121.864318, 47.52404 ], [ -121.860342, 47.524053 ], [ -121.860309, 47.525311 ], [ -121.862982, 47.52534 ], [ -121.862956, 47.526273 ], [ -121.865627, 47.526315 ], [ -121.864911, 47.529051 ], [ -121.844411, 47.528622 ], [ -121.844363, 47.532212 ], [ -121.83619, 47.532084 ], [ -121.83389, 47.531296 ], [ -121.832351, 47.530737 ], [ -121.832337, 47.528827 ], [ -121.830799, 47.52883 ], [ -121.828485, 47.528226 ], [ -121.828422, 47.514192 ], [ -121.826785, 47.513169 ], [ -121.82411, 47.51278 ], [ -121.823045, 47.512947 ], [ -121.813891, 47.512279 ], [ -121.812275, 47.510519 ], [ -121.809658, 47.50691 ], [ -121.808342, 47.507873 ], [ -121.805741, 47.508402 ], [ -121.805631, 47.510058 ], [ -121.808486, 47.509896 ], [ -121.81024, 47.511015 ], [ -121.807052, 47.511954 ], [ -121.794112, 47.512467 ], [ -121.792624, 47.510446 ], [ -121.789257, 47.510502 ], [ -121.790169, 47.511925 ], [ -121.787943, 47.511921 ], [ -121.789024, 47.514255 ], [ -121.788632, 47.516336 ], [ -121.786394, 47.518916 ], [ -121.783213, 47.521953 ], [ -121.783564, 47.524581 ], [ -121.784126, 47.524887 ], [ -121.786072, 47.52523 ], [ -121.79213, 47.526254 ], [ -121.798537, 47.524252 ], [ -121.803205, 47.526282 ], [ -121.805379, 47.528793 ], [ -121.806121, 47.528793 ], [ -121.806631, 47.529461 ], [ -121.810721, 47.535111 ], [ -121.809485, 47.535117 ], [ -121.810026, 47.53843 ], [ -121.809089, 47.539418 ], [ -121.810376, 47.543293 ], [ -121.824919, 47.543198 ], [ -121.824939, 47.547474 ], [ -121.828604, 47.548754 ], [ -121.828616, 47.546855 ], [ -121.843041, 47.546925 ], [ -121.843598, 47.548295 ], [ -121.84402, 47.547981 ], [ -121.844256, 47.539072 ], [ -121.850623, 47.53903 ], [ -121.850561, 47.543372 ], [ -121.857335, 47.54345 ], [ -121.86134, 47.545016 ], [ -121.86451, 47.543655 ], [ -121.865468, 47.547122 ], [ -121.876671, 47.547219 ], [ -121.887365, 47.547305 ], [ -121.887308, 47.543738 ], [ -121.893679, 47.543631 ], [ -121.892903, 47.542936 ] ] ] ] } },
{ "type": "Feature", "properties": { "GEOID": "5320645", "NAME": "Edgewood city, Washington", "population": 13548.0 }, "geometry": { "type": "Polygon", "coordinates": [ [ [ -122.326469, 47.237864 ], [ -122.325142, 47.237116 ], [ -122.323877, 47.23533 ], [ -122.323918, 47.232024 ], [ -122.323816, 47.231841 ], [ -122.320426, 47.228509 ], [ -122.320604, 47.220563 ], [ -122.315157, 47.218645 ], [ -122.312295, 47.218299 ], [ -122.311785, 47.217459 ], [ -122.302001, 47.214683 ], [ -122.293905, 47.212466 ], [ -122.288655, 47.210777 ], [ -122.288547, 47.210968 ], [ -122.283307, 47.209894 ], [ -122.275014, 47.207307 ], [ -122.272487, 47.206932 ], [ -122.269084, 47.206486 ], [ -122.264378, 47.205889 ], [ -122.259816, 47.205304 ], [ -122.253304, 47.204008 ], [ -122.251512, 47.203785 ], [ -122.251309, 47.203782 ], [ -122.250898, 47.203777 ], [ -122.250953, 47.206569 ], [ -122.248129, 47.206597 ], [ -122.250303, 47.2082 ], [ -122.252162, 47.21112 ], [ -122.253024, 47.214276 ], [ -122.253098, 47.218235 ], [ -122.25485, 47.221232 ], [ -122.257418, 47.22119 ], [ -122.261853, 47.221133 ], [ -122.261978, 47.226612 ], [ -122.259178, 47.226672 ], [ -122.259199, 47.228454 ], [ -122.255141, 47.228503 ], [ -122.25389, 47.233545 ], [ -122.254404, 47.23824 ], [ -122.255741, 47.241081 ], [ -122.255765, 47.241125 ], [ -122.256726, 47.242889 ], [ -122.256754, 47.245353 ], [ -122.258563, 47.248596 ], [ -122.258905, 47.250691 ], [ -122.260126, 47.254773 ], [ -122.261192, 47.255807 ], [ -122.262152, 47.257374 ], [ -122.271499, 47.25736 ], [ -122.272206, 47.257336 ], [ -122.282121, 47.257306 ], [ -122.291152, 47.257202 ], [ -122.293736, 47.257251 ], [ -122.294596, 47.257246 ], [ -122.294853, 47.257246 ], [ -122.293982, 47.255881 ], [ -122.293867, 47.255207 ], [ -122.293869, 47.250031 ], [ -122.293885, 47.245012 ], [ -122.293902, 47.242744 ], [ -122.296423, 47.242758 ], [ -122.296408, 47.243558 ], [ -122.300383, 47.243583 ], [ -122.30041, 47.242778 ], [ -122.307192, 47.242826 ], [ -122.307214, 47.241004 ], [ -122.309908, 47.241051 ], [ -122.313967, 47.240704 ], [ -122.313992, 47.239245 ], [ -122.31526, 47.239232 ], [ -122.31655, 47.239142 ], [ -122.317804, 47.239106 ], [ -122.323972, 47.239122 ], [ -122.325605, 47.239056 ], [ -122.326469, 47.237864 ] ] ] } },
{ "type": "Feature", "properties": { "GEOID": "5363210", "NAME": "Sedro-Woolley city, Washington", "population": 13308.0 }, "geometry": { "type": "MultiPolygon", "coordinates": [ [ [ [ -122.212982, 48.503204 ], [ -122.209839, 48.503205 ], [ -122.20994, 48.504698 ], [ -122.210088, 48.504618 ], [ -122.212982, 48.503204 ] ] ], [ [ [ -122.216153, 48.506902 ], [ -122.212835, 48.506893 ], [ -122.212969, 48.509613 ], [ -122.214382, 48.510218 ], [ -122.21022, 48.510396 ], [ -122.211653, 48.511106 ], [ -122.215815, 48.511327 ], [ -122.216153, 48.506902 ] ] ], [ [ [ -122.280363, 48.492539 ], [ -122.267317, 48.497425 ], [ -122.261095, 48.497106 ], [ -122.261105, 48.498384 ], [ -122.258333, 48.499316 ], [ -122.253352, 48.499381 ], [ -122.253338, 48.497528 ], [ -122.247511, 48.498637 ], [ -122.247186, 48.496699 ], [ -122.243085, 48.496667 ], [ -122.23813, 48.496596 ], [ -122.238813, 48.492871 ], [ -122.237503, 48.495644 ], [ -122.236355, 48.49564 ], [ -122.235926, 48.492692 ], [ -122.235488, 48.4942 ], [ -122.231497, 48.494756 ], [ -122.231502, 48.493344 ], [ -122.225975, 48.493431 ], [ -122.225966, 48.491673 ], [ -122.225712, 48.490004 ], [ -122.227435, 48.489765 ], [ -122.230016, 48.48983 ], [ -122.22782, 48.489318 ], [ -122.226208, 48.489618 ], [ -122.225884, 48.489304 ], [ -122.222695, 48.489709 ], [ -122.220274, 48.489827 ], [ -122.220637, 48.494275 ], [ -122.222901, 48.494284 ], [ -122.222884, 48.496158 ], [ -122.220716, 48.496142 ], [ -122.21896, 48.496876 ], [ -122.218075, 48.498775 ], [ -122.215067, 48.498713 ], [ -122.214108, 48.499503 ], [ -122.21637, 48.50152 ], [ -122.212982, 48.503204 ], [ -122.22005, 48.503242 ], [ -122.219432, 48.505081 ], [ -122.219587, 48.506923 ], [ -122.220914, 48.506934 ], [ -122.221138, 48.508978 ], [ -122.221204, 48.510339 ], [ -122.221236, 48.510919 ], [ -122.210446, 48.515947 ], [ -122.204973, 48.518512 ], [ -122.205058, 48.521423 ], [ -122.210611, 48.521382 ], [ -122.210722, 48.525002 ], [ -122.20641, 48.525035 ], [ -122.204046, 48.526187 ], [ -122.201297, 48.53043 ], [ -122.202105, 48.533036 ], [ -122.204832, 48.533719 ], [ -122.20579, 48.535216 ], [ -122.216212, 48.535243 ], [ -122.216372, 48.529388 ], [ -122.216396, 48.52858 ], [ -122.221973, 48.528536 ], [ -122.221936, 48.527675 ], [ -122.226118, 48.527652 ], [ -122.226114, 48.528548 ], [ -122.231668, 48.528556 ], [ -122.232365, 48.526164 ], [ -122.23149, 48.524942 ], [ -122.23564, 48.525007 ], [ -122.23965, 48.523488 ], [ -122.239598, 48.521636 ], [ -122.242198, 48.521435 ], [ -122.238366, 48.51862 ], [ -122.237506, 48.516875 ], [ -122.237466, 48.516688 ], [ -122.23741, 48.51614 ], [ -122.23744, 48.515591 ], [ -122.237686, 48.514649 ], [ -122.238274, 48.514645 ], [ -122.243073, 48.514641 ], [ -122.243088, 48.515767 ], [ -122.242189, 48.515793 ], [ -122.24222, 48.517417 ], [ -122.246911, 48.517385 ], [ -122.247567, 48.515746 ], [ -122.24425, 48.51576 ], [ -122.244255, 48.514607 ], [ -122.250281, 48.514712 ], [ -122.2503, 48.516935 ], [ -122.254381, 48.516534 ], [ -122.255702, 48.518343 ], [ -122.255692, 48.515202 ], [ -122.256801, 48.51578 ], [ -122.256788, 48.513956 ], [ -122.255178, 48.512903 ], [ -122.25517, 48.511093 ], [ -122.257735, 48.511116 ], [ -122.257681, 48.507432 ], [ -122.260419, 48.507434 ], [ -122.261122, 48.5017 ], [ -122.274858, 48.496572 ], [ -122.280405, 48.496627 ], [ -122.280363, 48.492539 ] ] ] ] } },
{ "type": "Feature", "properties": { "GEOID": "5337270", "NAME": "Lake Forest Park city, Washington", "population": 13191.0 }, "geometry": { "type": "Polygon", "coordinates": [ [ [ -122.313945, 47.769531 ], [ -122.309576, 47.769199 ], [ -122.30924, 47.767004 ], [ -122.306764, 47.766613 ], [ -122.306725, 47.764394 ], [ -122.306274, 47.764318 ], [ -122.30627, 47.762978 ], [ -122.308092, 47.763008 ], [ -122.307344, 47.761465 ], [ -122.303637, 47.759365 ], [ -122.304245, 47.758391 ], [ -122.302321, 47.756997 ], [ -122.302053, 47.754138 ], [ -122.30332, 47.752646 ], [ -122.303, 47.750158 ], [ -122.302185, 47.749846 ], [ -122.299109, 47.749799 ], [ -122.299042, 47.74831 ], [ -122.297342, 47.748298 ], [ -122.297298, 47.74465 ], [ -122.296697, 47.744643 ], [ -122.294721, 47.742798 ], [ -122.294684, 47.741064 ], [ -122.299332, 47.741024 ], [ -122.29929, 47.737413 ], [ -122.293122, 47.73693 ], [ -122.292189, 47.73631 ], [ -122.292428, 47.735543 ], [ -122.292435, 47.733751 ], [ -122.289753, 47.733732 ], [ -122.274397, 47.733732 ], [ -122.276137, 47.73972 ], [ -122.274137, 47.74502 ], [ -122.269637, 47.74972 ], [ -122.26699, 47.752125 ], [ -122.268389, 47.754723 ], [ -122.268372, 47.755127 ], [ -122.268036, 47.755281 ], [ -122.268875, 47.757385 ], [ -122.269275, 47.757316 ], [ -122.269768, 47.757187 ], [ -122.270734, 47.756709 ], [ -122.270493, 47.761161 ], [ -122.269411, 47.761128 ], [ -122.27042, 47.762645 ], [ -122.270501, 47.766225 ], [ -122.270611, 47.766239 ], [ -122.270517, 47.768551 ], [ -122.267495, 47.768509 ], [ -122.269315, 47.769326 ], [ -122.269492, 47.772945 ], [ -122.269469, 47.773949 ], [ -122.270286, 47.776033 ], [ -122.271033, 47.777095 ], [ -122.286863, 47.777322 ], [ -122.290087, 47.777349 ], [ -122.297594, 47.77742 ], [ -122.297425, 47.770105 ], [ -122.302806, 47.770117 ], [ -122.305462, 47.770127 ], [ -122.305484, 47.770883 ], [ -122.306364, 47.771104 ], [ -122.306374, 47.771542 ], [ -122.30726, 47.771543 ], [ -122.307252, 47.770624 ], [ -122.308047, 47.770627 ], [ -122.310003, 47.771427 ], [ -122.310533, 47.771201 ], [ -122.313005, 47.770343 ], [ -122.313422, 47.770154 ], [ -122.313945, 47.769531 ] ] ] } },
{ "type": "Feature", "properties": { "GEOID": "5322045", "NAME": "Enumclaw city, Washington", "population": 13172.0 }, "geometry": { "type": "MultiPolygon", "coordinates": [ [ [ [ -121.944202, 47.192797 ], [ -121.940181, 47.192837 ], [ -121.940219, 47.194628 ], [ -121.942063, 47.194609 ], [ -121.944241, 47.194588 ], [ -121.944202, 47.192797 ] ] ], [ [ [ -121.983951, 47.16466 ], [ -121.983901, 47.1633 ], [ -121.979087, 47.16322 ], [ -121.979079, 47.163884 ], [ -121.979245, 47.164314 ], [ -121.978947, 47.165048 ], [ -121.980805, 47.165741 ], [ -121.984017, 47.166402 ], [ -121.983951, 47.16466 ] ] ], [ [ [ -122.026521, 47.193811 ], [ -122.0164, 47.191549 ], [ -122.016347, 47.183099 ], [ -122.015366, 47.183109 ], [ -122.015, 47.180295 ], [ -122.013606, 47.179722 ], [ -122.010905, 47.181704 ], [ -122.010928, 47.184747 ], [ -122.007758, 47.184757 ], [ -122.005649, 47.186803 ], [ -122.005455, 47.185695 ], [ -122.002131, 47.188443 ], [ -121.998384, 47.192082 ], [ -121.984242, 47.19208 ], [ -121.984241, 47.192027 ], [ -121.967139, 47.192095 ], [ -121.966077, 47.19251 ], [ -121.966137, 47.195642 ], [ -121.968666, 47.195656 ], [ -121.968695, 47.198426 ], [ -121.966227, 47.198294 ], [ -121.966259, 47.19918 ], [ -121.965363, 47.199165 ], [ -121.963723, 47.197863 ], [ -121.963318, 47.186718 ], [ -121.958113, 47.186633 ], [ -121.95816, 47.188448 ], [ -121.952922, 47.188437 ], [ -121.953071, 47.193845 ], [ -121.949099, 47.194814 ], [ -121.949161, 47.197337 ], [ -121.951074, 47.198312 ], [ -121.952521, 47.198739 ], [ -121.951549, 47.202841 ], [ -121.952581, 47.206599 ], [ -121.963373, 47.206549 ], [ -121.979133, 47.206544 ], [ -121.979791, 47.211683 ], [ -121.977585, 47.213921 ], [ -121.979038, 47.213933 ], [ -121.979127, 47.221037 ], [ -121.98427, 47.221942 ], [ -121.981753, 47.221834 ], [ -121.981749, 47.224707 ], [ -121.989692, 47.224526 ], [ -121.989678, 47.218876 ], [ -121.994956, 47.218807 ], [ -122.000271, 47.218194 ], [ -122.002715, 47.218075 ], [ -122.002464, 47.213795 ], [ -122.004181, 47.213792 ], [ -122.008234, 47.21383 ], [ -122.008233, 47.213107 ], [ -122.008236, 47.21199 ], [ -122.010864, 47.212 ], [ -122.012668, 47.211998 ], [ -122.012674, 47.211088 ], [ -122.016256, 47.211074 ], [ -122.016258, 47.21204 ], [ -122.01625, 47.213811 ], [ -122.020244, 47.213795 ], [ -122.020218, 47.210174 ], [ -122.016254, 47.210189 ], [ -122.016248, 47.209234 ], [ -122.019384, 47.209239 ], [ -122.01938, 47.208572 ], [ -122.016241, 47.207417 ], [ -122.016268, 47.199314 ], [ -122.021, 47.199308 ], [ -122.021583, 47.197472 ], [ -122.02425, 47.197471 ], [ -122.02425, 47.195646 ], [ -122.026479, 47.195649 ], [ -122.026521, 47.193811 ] ], [ [ -121.961067, 47.193339 ], [ -121.95937, 47.194048 ], [ -121.959144, 47.195133 ], [ -121.956796, 47.194936 ], [ -121.95873, 47.193883 ], [ -121.959344, 47.192094 ], [ -121.961035, 47.192123 ], [ -121.961067, 47.193339 ] ] ], [ [ [ -122.026824, 47.225595 ], [ -122.023223, 47.22561 ], [ -122.023227, 47.226447 ], [ -122.021573, 47.226453 ], [ -122.021591, 47.228314 ], [ -122.022841, 47.228309 ], [ -122.025598, 47.228361 ], [ -122.026845, 47.228331 ], [ -122.026824, 47.225595 ] ] ] ] } },
{ "type": "Feature", "properties": { "GEOID": "5348645", "NAME": "Newcastle city, Washington", "population": 13128.0 }, "geometry": { "type": "Polygon", "coordinates": [ [ [ -122.195136, 47.544836 ], [ -122.194262, 47.539357 ], [ -122.192514, 47.538438 ], [ -122.193105, 47.534823 ], [ -122.192373, 47.534816 ], [ -122.192388, 47.533004 ], [ -122.193735, 47.533005 ], [ -122.19358, 47.531265 ], [ -122.190923, 47.531257 ], [ -122.191015, 47.525023 ], [ -122.189556, 47.522863 ], [ -122.185712, 47.522224 ], [ -122.185319, 47.517811 ], [ -122.184249, 47.5168 ], [ -122.184078, 47.516636 ], [ -122.181484, 47.516612 ], [ -122.180403, 47.516603 ], [ -122.177134, 47.516718 ], [ -122.1645, 47.518379 ], [ -122.162726, 47.518268 ], [ -122.160315, 47.516456 ], [ -122.159082, 47.515697 ], [ -122.159255, 47.516444 ], [ -122.159197, 47.517862 ], [ -122.159191, 47.517937 ], [ -122.158776, 47.517925 ], [ -122.15875, 47.518387 ], [ -122.159152, 47.518403 ], [ -122.159125, 47.518727 ], [ -122.150895, 47.517471 ], [ -122.145928, 47.517051 ], [ -122.144072, 47.516821 ], [ -122.143189, 47.516452 ], [ -122.142994, 47.516358 ], [ -122.137848, 47.516346 ], [ -122.13776, 47.523616 ], [ -122.14311, 47.52365 ], [ -122.142997, 47.52722 ], [ -122.129108, 47.527212 ], [ -122.12757, 47.528837 ], [ -122.129474, 47.532587 ], [ -122.132223, 47.532594 ], [ -122.132222, 47.535985 ], [ -122.136822, 47.53834 ], [ -122.14283, 47.539335 ], [ -122.142754, 47.541677 ], [ -122.153596, 47.541755 ], [ -122.153569, 47.544563 ], [ -122.153559, 47.54537 ], [ -122.159957, 47.545429 ], [ -122.16432, 47.545478 ], [ -122.164354, 47.543892 ], [ -122.164366, 47.542917 ], [ -122.16556, 47.540015 ], [ -122.169766, 47.540096 ], [ -122.169869, 47.540096 ], [ -122.170843, 47.540756 ], [ -122.175041, 47.540969 ], [ -122.18163, 47.54119 ], [ -122.185612, 47.542055 ], [ -122.190922, 47.54242 ], [ -122.190898, 47.545799 ], [ -122.194812, 47.545713 ], [ -122.195136, 47.544836 ] ] ] } },
{ "type": "Feature", "properties": { "GEOID": "5335065", "NAME": "Kelso city, Washington", "population": 12801.0 }, "geometry": { "type": "Polygon", "coordinates": [ [ [ -122.924091, 46.144498 ], [ -122.923113, 46.144308 ], [ -122.923007, 46.144288 ], [ -122.917149, 46.143153 ], [ -122.914766, 46.142675 ], [ -122.916502, 46.139859 ], [ -122.917213, 46.137381 ], [ -122.919579, 46.132797 ], [ -122.920871, 46.127726 ], [ -122.920383, 46.123596 ], [ -122.917915, 46.120503 ], [ -122.914755, 46.118367 ], [ -122.911129, 46.117145 ], [ -122.899463, 46.114552 ], [ -122.896873, 46.113457 ], [ -122.894351, 46.11172 ], [ -122.891719, 46.106901 ], [ -122.893619, 46.103934 ], [ -122.899702, 46.101385 ], [ -122.913469, 46.097858 ], [ -122.90869, 46.094845 ], [ -122.899945, 46.092385 ], [ -122.890632, 46.088732 ], [ -122.884136, 46.086733 ], [ -122.878961, 46.084663 ], [ -122.876723, 46.083345 ], [ -122.867282, 46.08335 ], [ -122.866746, 46.083354 ], [ -122.869435, 46.08986 ], [ -122.869625, 46.091285 ], [ -122.870358, 46.092632 ], [ -122.869623, 46.092993 ], [ -122.867586, 46.097763 ], [ -122.857612, 46.097745 ], [ -122.857296, 46.099219 ], [ -122.85728, 46.101293 ], [ -122.862284, 46.101299 ], [ -122.862231, 46.104971 ], [ -122.867212, 46.104975 ], [ -122.867222, 46.112185 ], [ -122.877475, 46.11224 ], [ -122.87769, 46.119491 ], [ -122.867386, 46.119432 ], [ -122.867544, 46.12668 ], [ -122.866717, 46.134046 ], [ -122.866733, 46.13767 ], [ -122.877576, 46.137704 ], [ -122.87846, 46.135881 ], [ -122.884166, 46.136357 ], [ -122.887951, 46.135212 ], [ -122.891883, 46.135176 ], [ -122.891889, 46.132218 ], [ -122.893734, 46.132214 ], [ -122.895728, 46.133359 ], [ -122.897102, 46.135248 ], [ -122.896283, 46.136636 ], [ -122.893985, 46.137738 ], [ -122.89169, 46.137648 ], [ -122.892685, 46.138688 ], [ -122.895211, 46.13907 ], [ -122.894271, 46.139812 ], [ -122.890722, 46.137626 ], [ -122.887908, 46.13925 ], [ -122.887236, 46.141197 ], [ -122.883491, 46.14261 ], [ -122.882724, 46.142207 ], [ -122.880481, 46.141297 ], [ -122.877524, 46.141348 ], [ -122.877517, 46.141693 ], [ -122.874236, 46.141573 ], [ -122.874059, 46.143623 ], [ -122.877471, 46.143875 ], [ -122.874969, 46.144908 ], [ -122.873996, 46.148876 ], [ -122.872668, 46.148399 ], [ -122.872012, 46.152117 ], [ -122.87735, 46.152191 ], [ -122.878299, 46.15124 ], [ -122.881744, 46.150313 ], [ -122.882552, 46.152172 ], [ -122.885089, 46.152176 ], [ -122.885229, 46.155712 ], [ -122.880766, 46.155727 ], [ -122.880759, 46.156943 ], [ -122.881223, 46.157986 ], [ -122.882409, 46.159321 ], [ -122.887644, 46.159293 ], [ -122.88767, 46.154488 ], [ -122.892864, 46.153911 ], [ -122.892931, 46.152133 ], [ -122.896991, 46.152252 ], [ -122.898463, 46.152236 ], [ -122.897982, 46.155755 ], [ -122.897812, 46.166424 ], [ -122.898663, 46.1643 ], [ -122.899882, 46.164872 ], [ -122.903232, 46.164386 ], [ -122.903272, 46.159222 ], [ -122.907133, 46.161179 ], [ -122.90878, 46.161199 ], [ -122.908988, 46.159247 ], [ -122.912623, 46.159294 ], [ -122.913752, 46.159347 ], [ -122.914644, 46.159218 ], [ -122.914608, 46.157396 ], [ -122.91371, 46.152078 ], [ -122.913601, 46.151458 ], [ -122.913544, 46.150239 ], [ -122.918693, 46.150233 ], [ -122.920911, 46.150237 ], [ -122.923283, 46.150234 ], [ -122.923521, 46.148132 ], [ -122.924091, 46.144498 ] ], [ [ -122.918383, 46.125893 ], [ -122.911769, 46.125874 ], [ -122.911063, 46.125619 ], [ -122.91012, 46.124834 ], [ -122.917981, 46.124897 ], [ -122.918383, 46.125893 ] ], [ [ -122.915564, 46.133119 ], [ -122.9136, 46.132786 ], [ -122.910593, 46.132254 ], [ -122.911076, 46.130937 ], [ -122.904534, 46.130801 ], [ -122.904526, 46.129696 ], [ -122.903248, 46.129724 ], [ -122.901115, 46.129716 ], [ -122.901063, 46.129608 ], [ -122.903713, 46.127216 ], [ -122.90373, 46.125817 ], [ -122.902378, 46.123984 ], [ -122.904116, 46.123597 ], [ -122.904149, 46.12479 ], [ -122.907287, 46.124794 ], [ -122.906927, 46.123285 ], [ -122.910106, 46.12521 ], [ -122.913898, 46.128758 ], [ -122.915564, 46.133119 ] ], [ [ -122.902728, 46.134409 ], [ -122.901658, 46.133224 ], [ -122.898928, 46.132218 ], [ -122.900352, 46.132364 ], [ -122.902317, 46.131724 ], [ -122.903247, 46.133635 ], [ -122.902728, 46.134409 ] ], [ [ -122.898423, 46.133661 ], [ -122.895792, 46.132727 ], [ -122.893129, 46.128631 ], [ -122.894375, 46.127892 ], [ -122.894088, 46.126795 ], [ -122.896649, 46.12829 ], [ -122.898613, 46.132038 ], [ -122.898423, 46.133661 ] ] ] } },
{ "type": "Feature", "properties": { "GEOID": "5355995", "NAME": "Poulsbo city, Washington", "population": 12749.0 }, "geometry": { "type": "MultiPolygon", "coordinates": [ [ [ [ -122.612098, 47.715568 ], [ -122.609381, 47.715572 ], [ -122.609325, 47.719161 ], [ -122.611981, 47.71917 ], [ -122.612098, 47.715568 ] ] ], [ [ [ -122.61515, 47.748575 ], [ -122.612765, 47.750856 ], [ -122.612518, 47.751076 ], [ -122.615929, 47.751596 ], [ -122.61515, 47.748575 ] ] ], [ [ [ -122.650939, 47.774982 ], [ -122.649167, 47.774962 ], [ -122.649136, 47.773155 ], [ -122.646482, 47.773172 ], [ -122.646519, 47.77672 ], [ -122.650987, 47.776726 ], [ -122.650939, 47.774982 ] ] ], [ [ [ -122.675804, 47.762766 ], [ -122.673193, 47.76273 ], [ -122.673228, 47.759563 ], [ -122.669381, 47.756824 ], [ -122.667268, 47.755558 ], [ -122.668027, 47.755532 ], [ -122.666642, 47.752861 ], [ -122.663935, 47.753416 ], [ -122.663368, 47.753022 ], [ -122.661769, 47.75366 ], [ -122.660014, 47.753721 ], [ -122.660023, 47.750721 ], [ -122.659973, 47.748196 ], [ -122.658123, 47.748185 ], [ -122.656912, 47.746246 ], [ -122.659938, 47.745855 ], [ -122.659912, 47.741972 ], [ -122.665164, 47.741898 ], [ -122.665117, 47.737408 ], [ -122.666421, 47.737407 ], [ -122.666424, 47.735552 ], [ -122.663899, 47.734455 ], [ -122.662452, 47.734449 ], [ -122.661501, 47.735941 ], [ -122.660009, 47.735942 ], [ -122.660693, 47.737136 ], [ -122.653666, 47.737329 ], [ -122.653431, 47.734569 ], [ -122.653552, 47.733068 ], [ -122.653788, 47.730147 ], [ -122.653031, 47.728945 ], [ -122.651509, 47.72653 ], [ -122.648282, 47.723501 ], [ -122.640596, 47.716543 ], [ -122.639447, 47.717384 ], [ -122.633997, 47.721453 ], [ -122.633373, 47.724116 ], [ -122.632018, 47.723669 ], [ -122.625689, 47.721458 ], [ -122.622345, 47.719786 ], [ -122.617361, 47.720068 ], [ -122.617312, 47.724583 ], [ -122.614653, 47.724608 ], [ -122.611938, 47.724613 ], [ -122.611932, 47.726107 ], [ -122.61211, 47.737304 ], [ -122.612009, 47.740821 ], [ -122.614685, 47.740832 ], [ -122.614709, 47.742626 ], [ -122.612039, 47.742626 ], [ -122.612431, 47.747863 ], [ -122.615883, 47.747877 ], [ -122.615849, 47.74791 ], [ -122.620825, 47.748046 ], [ -122.628034, 47.748102 ], [ -122.628063, 47.750825 ], [ -122.638777, 47.750784 ], [ -122.642119, 47.751769 ], [ -122.642062, 47.75447 ], [ -122.644113, 47.752778 ], [ -122.643993, 47.758816 ], [ -122.646675, 47.758803 ], [ -122.646692, 47.757926 ], [ -122.64883, 47.757913 ], [ -122.649515, 47.761058 ], [ -122.643938, 47.761507 ], [ -122.643864, 47.765095 ], [ -122.649225, 47.765154 ], [ -122.650443, 47.76608 ], [ -122.653789, 47.762198 ], [ -122.654478, 47.766151 ], [ -122.675856, 47.766359 ], [ -122.675804, 47.762766 ] ] ] ] } },
{ "type": "Feature", "properties": { "GEOID": "5311825", "NAME": "Cheney city, Washington", "population": 12650.0 }, "geometry": { "type": "Polygon", "coordinates": [ [ [ -117.611069, 47.466664 ], [ -117.608074, 47.467898 ], [ -117.607619, 47.468124 ], [ -117.607614, 47.465351 ], [ -117.584933, 47.478416 ], [ -117.580249, 47.481173 ], [ -117.579531, 47.480133 ], [ -117.580059, 47.47829 ], [ -117.570116, 47.478301 ], [ -117.570104, 47.481925 ], [ -117.564926, 47.481295 ], [ -117.560871, 47.479023 ], [ -117.557761, 47.4819 ], [ -117.554513, 47.481891 ], [ -117.55098, 47.485594 ], [ -117.546627, 47.489611 ], [ -117.546657, 47.492627 ], [ -117.556607, 47.492744 ], [ -117.556579, 47.494244 ], [ -117.556544, 47.496151 ], [ -117.561924, 47.495777 ], [ -117.56223, 47.497452 ], [ -117.560288, 47.49963 ], [ -117.55621, 47.50325 ], [ -117.559658, 47.503433 ], [ -117.55962, 47.504865 ], [ -117.561825, 47.504866 ], [ -117.561753, 47.507406 ], [ -117.564614, 47.507389 ], [ -117.564642, 47.513716 ], [ -117.569908, 47.513673 ], [ -117.57018, 47.507354 ], [ -117.575514, 47.507344 ], [ -117.57551, 47.510979 ], [ -117.580861, 47.512002 ], [ -117.586252, 47.511992 ], [ -117.586333, 47.510791 ], [ -117.586076, 47.50763 ], [ -117.584853, 47.506935 ], [ -117.585862, 47.506065 ], [ -117.586221, 47.503681 ], [ -117.586452, 47.500316 ], [ -117.586548, 47.496416 ], [ -117.596917, 47.496512 ], [ -117.596887, 47.485657 ], [ -117.602226, 47.485705 ], [ -117.602228, 47.483761 ], [ -117.604201, 47.483776 ], [ -117.605035, 47.482131 ], [ -117.607568, 47.482393 ], [ -117.607622, 47.47225 ], [ -117.611061, 47.471694 ], [ -117.611069, 47.466664 ] ] ] } },
{ "type": "Feature", "properties": { "GEOID": "5326735", "NAME": "Gig Harbor city, Washington", "population": 12630.0 }, "geometry": { "type": "Polygon", "coordinates": [ [ [ -122.626286, 47.360114 ], [ -122.621, 47.360082 ], [ -122.621023, 47.35642 ], [ -122.622786, 47.35643 ], [ -122.622767, 47.35376 ], [ -122.620991, 47.353441 ], [ -122.6211, 47.352832 ], [ -122.612127, 47.352728 ], [ -122.610464, 47.35271 ], [ -122.610455, 47.353771 ], [ -122.608721, 47.352564 ], [ -122.606871, 47.350012 ], [ -122.606883, 47.349503 ], [ -122.610317, 47.349508 ], [ -122.608788, 47.345428 ], [ -122.611576, 47.34533 ], [ -122.616891, 47.345652 ], [ -122.616958, 47.340942 ], [ -122.617717, 47.337221 ], [ -122.615752, 47.336282 ], [ -122.610364, 47.33626 ], [ -122.610497, 47.329913 ], [ -122.610615, 47.32991 ], [ -122.610644, 47.327944 ], [ -122.610545, 47.322664 ], [ -122.605515, 47.322843 ], [ -122.605466, 47.324661 ], [ -122.59614, 47.325026 ], [ -122.596222, 47.323229 ], [ -122.600206, 47.323048 ], [ -122.600357, 47.317593 ], [ -122.603035, 47.317474 ], [ -122.603073, 47.315682 ], [ -122.596238, 47.315947 ], [ -122.589696, 47.3162 ], [ -122.589768, 47.308931 ], [ -122.589825, 47.304895 ], [ -122.59012, 47.294396 ], [ -122.579234, 47.294397 ], [ -122.577905, 47.290773 ], [ -122.574903, 47.29077 ], [ -122.574794, 47.297998 ], [ -122.569846, 47.298012 ], [ -122.573512, 47.303076 ], [ -122.573876, 47.303733 ], [ -122.573799, 47.308943 ], [ -122.572475, 47.308951 ], [ -122.574533, 47.310305 ], [ -122.576448, 47.310299 ], [ -122.576427, 47.311632 ], [ -122.578167, 47.311629 ], [ -122.578157, 47.311935 ], [ -122.578419, 47.311933 ], [ -122.578338, 47.312851 ], [ -122.579069, 47.312852 ], [ -122.579057, 47.313483 ], [ -122.578521, 47.313488 ], [ -122.578519, 47.313954 ], [ -122.579011, 47.316235 ], [ -122.575913, 47.316206 ], [ -122.575143, 47.316284 ], [ -122.575077, 47.318074 ], [ -122.573445299999989, 47.31809 ], [ -122.573739, 47.318419 ], [ -122.5749813, 47.3228443 ], [ -122.5758236, 47.3258451 ], [ -122.5759552, 47.326313899999988 ], [ -122.575985, 47.32642 ], [ -122.5750974, 47.3265727 ], [ -122.573895400000012, 47.3267794 ], [ -122.573572, 47.327113 ], [ -122.57361, 47.32793 ], [ -122.579927, 47.336584 ], [ -122.581892, 47.33695 ], [ -122.583327, 47.338174 ], [ -122.58383, 47.339455 ], [ -122.583504, 47.340938 ], [ -122.584696, 47.343207 ], [ -122.584263, 47.343572 ], [ -122.582449, 47.343585 ], [ -122.582032, 47.345396 ], [ -122.578748, 47.345421 ], [ -122.578525, 47.346343 ], [ -122.583864, 47.346309 ], [ -122.58521, 47.348111 ], [ -122.589221, 47.348147 ], [ -122.589107, 47.349013 ], [ -122.583874, 47.349032 ], [ -122.583875, 47.349914 ], [ -122.589229, 47.34993 ], [ -122.589305, 47.359986 ], [ -122.592109, 47.359741 ], [ -122.594678, 47.359761 ], [ -122.594651, 47.366726 ], [ -122.594651, 47.367234 ], [ -122.599957, 47.367205 ], [ -122.599947, 47.363607 ], [ -122.610318, 47.363563 ], [ -122.610258, 47.366228 ], [ -122.615388, 47.367224 ], [ -122.615512, 47.372062 ], [ -122.615301, 47.372497 ], [ -122.616718, 47.3745 ], [ -122.617497, 47.374229 ], [ -122.620672, 47.374205 ], [ -122.621485, 47.373947 ], [ -122.623777, 47.373718 ], [ -122.623945, 47.372086 ], [ -122.624136, 47.371655 ], [ -122.624212, 47.371637 ], [ -122.623901, 47.371324 ], [ -122.622526, 47.369362 ], [ -122.623749, 47.369318 ], [ -122.623648, 47.368677 ], [ -122.624801, 47.368675 ], [ -122.62434, 47.36729 ], [ -122.623516, 47.367286 ], [ -122.62353, 47.366584 ], [ -122.626207, 47.366607 ], [ -122.626286, 47.360114 ] ] ] } },
{ "type": "Feature", "properties": { "GEOID": "5327925", "NAME": "Grandview city, Washington", "population": 12062.0 }, "geometry": { "type": "MultiPolygon", "coordinates": [ [ [ [ -119.894513, 46.273783 ], [ -119.894083, 46.272566 ], [ -119.888936, 46.270417 ], [ -119.888081, 46.270578 ], [ -119.891423, 46.272936 ], [ -119.889646, 46.274951 ], [ -119.893408, 46.275441 ], [ -119.894541, 46.277378 ], [ -119.894513, 46.273783 ] ] ], [ [ [ -119.92374, 46.203349 ], [ -119.918507, 46.203489 ], [ -119.918445, 46.199803 ], [ -119.88706, 46.199704 ], [ -119.876994, 46.200754 ], [ -119.876958, 46.196542 ], [ -119.871711, 46.196459 ], [ -119.871712, 46.198258 ], [ -119.876148, 46.200617 ], [ -119.882088, 46.205756 ], [ -119.885708, 46.209262 ], [ -119.891489, 46.212358 ], [ -119.895551, 46.212913 ], [ -119.899887, 46.214766 ], [ -119.903019, 46.21562 ], [ -119.911675, 46.215484 ], [ -119.915574, 46.21576 ], [ -119.915604, 46.214491 ], [ -119.918415, 46.214819 ], [ -119.918492, 46.209018 ], [ -119.923697, 46.209075 ], [ -119.92374, 46.203349 ] ] ], [ [ [ -119.936658, 46.258482 ], [ -119.933045, 46.258503 ], [ -119.933195, 46.257458 ], [ -119.933869, 46.256955 ], [ -119.935547, 46.256941 ], [ -119.935589, 46.255751 ], [ -119.936653, 46.255746 ], [ -119.936612, 46.251171 ], [ -119.936611, 46.246647 ], [ -119.931903, 46.245694 ], [ -119.929819, 46.247384 ], [ -119.927061, 46.246975 ], [ -119.926736, 46.248191 ], [ -119.922687, 46.247913 ], [ -119.923248, 46.244075 ], [ -119.923055, 46.243828 ], [ -119.920001, 46.243855 ], [ -119.91913, 46.24357 ], [ -119.922529, 46.241197 ], [ -119.919132, 46.240687 ], [ -119.916972, 46.239676 ], [ -119.918214, 46.237921 ], [ -119.915503, 46.237514 ], [ -119.915503, 46.237438 ], [ -119.912892, 46.237463 ], [ -119.912896, 46.236586 ], [ -119.904954, 46.236575 ], [ -119.904962, 46.243074 ], [ -119.901215, 46.242372 ], [ -119.901032, 46.243925 ], [ -119.899698, 46.243925 ], [ -119.899737, 46.247572 ], [ -119.897133, 46.247612 ], [ -119.894495, 46.245623 ], [ -119.89443, 46.247601 ], [ -119.887867, 46.24754 ], [ -119.887894, 46.251213 ], [ -119.883903, 46.251165 ], [ -119.880592, 46.251122 ], [ -119.873437, 46.251041 ], [ -119.873455, 46.263876 ], [ -119.87867, 46.263876 ], [ -119.87868, 46.258712 ], [ -119.883649, 46.258562 ], [ -119.883943, 46.25531 ], [ -119.883237, 46.25468 ], [ -119.890583, 46.256693 ], [ -119.891554, 46.257381 ], [ -119.891808, 46.258638 ], [ -119.89452, 46.259192 ], [ -119.894526, 46.260494 ], [ -119.89175, 46.261032 ], [ -119.891868, 46.262213 ], [ -119.889263, 46.263902 ], [ -119.889254, 46.262157 ], [ -119.886668, 46.262133 ], [ -119.88672, 46.265666 ], [ -119.889255, 46.265688 ], [ -119.893842, 46.265652 ], [ -119.897719, 46.269316 ], [ -119.899868, 46.269311 ], [ -119.899817, 46.265178 ], [ -119.905092, 46.266339 ], [ -119.915652, 46.26867 ], [ -119.915643, 46.271011 ], [ -119.910338, 46.271057 ], [ -119.910337, 46.272829 ], [ -119.915946, 46.272817 ], [ -119.915789, 46.28187 ], [ -119.923913, 46.281932 ], [ -119.923388, 46.284593 ], [ -119.925653, 46.284497 ], [ -119.926081, 46.28014 ], [ -119.936515, 46.280163 ], [ -119.936552, 46.272928 ], [ -119.935598, 46.272083 ], [ -119.931342, 46.271998 ], [ -119.931376, 46.269295 ], [ -119.936577, 46.269329 ], [ -119.936597, 46.267538 ], [ -119.925387, 46.267439 ], [ -119.924525, 46.26646 ], [ -119.9261, 46.265642 ], [ -119.936606, 46.265728 ], [ -119.936655, 46.25889 ], [ -119.936658, 46.258482 ] ] ] ] } },
{ "type": "Feature", "properties": { "GEOID": "5380220", "NAME": "Yelm city, Washington", "population": 12043.0 }, "geometry": { "type": "Polygon", "coordinates": [ [ [ -122.67529, 46.92335 ], [ -122.671591, 46.923336 ], [ -122.654008, 46.923375 ], [ -122.635388, 46.923615 ], [ -122.632691, 46.926126 ], [ -122.636507, 46.928456 ], [ -122.640346, 46.929254 ], [ -122.643396, 46.930798 ], [ -122.643396, 46.938012 ], [ -122.622209, 46.938073 ], [ -122.621958, 46.934482 ], [ -122.620709, 46.934399 ], [ -122.622279, 46.933528 ], [ -122.62223, 46.930889 ], [ -122.620626, 46.930886 ], [ -122.606071, 46.930833 ], [ -122.606053, 46.932999 ], [ -122.604696, 46.9345 ], [ -122.600905, 46.934498 ], [ -122.603859, 46.936556 ], [ -122.606506, 46.937197 ], [ -122.606048, 46.938492 ], [ -122.604899, 46.93787 ], [ -122.603405, 46.939182 ], [ -122.600685, 46.938075 ], [ -122.59945, 46.937228 ], [ -122.598017, 46.936312 ], [ -122.598044, 46.929961 ], [ -122.595447, 46.929033 ], [ -122.590155, 46.92993 ], [ -122.589121, 46.932364 ], [ -122.58794, 46.931586 ], [ -122.586034, 46.930411 ], [ -122.583227, 46.929549 ], [ -122.583224, 46.930863 ], [ -122.578153, 46.93086 ], [ -122.578168, 46.933084 ], [ -122.576007, 46.93308 ], [ -122.575975, 46.938081 ], [ -122.585444, 46.938224 ], [ -122.585469, 46.936594 ], [ -122.586635, 46.93621 ], [ -122.59001, 46.938195 ], [ -122.588459, 46.938331 ], [ -122.587862, 46.939936 ], [ -122.584796, 46.939607 ], [ -122.585402, 46.940916 ], [ -122.587104, 46.94091 ], [ -122.587091, 46.942059 ], [ -122.589927, 46.942065 ], [ -122.589293, 46.943147 ], [ -122.5848, 46.943171 ], [ -122.585331, 46.946152 ], [ -122.582679, 46.947445 ], [ -122.583327, 46.949291 ], [ -122.586258, 46.946917 ], [ -122.58902, 46.945412 ], [ -122.594507, 46.945787 ], [ -122.590073, 46.948262 ], [ -122.591472, 46.950924 ], [ -122.583726, 46.955244 ], [ -122.588631, 46.955945 ], [ -122.590094, 46.956319 ], [ -122.590779, 46.956491 ], [ -122.594655, 46.957189 ], [ -122.595287, 46.956965 ], [ -122.590024, 46.952653 ], [ -122.600667, 46.952604 ], [ -122.60067, 46.957521 ], [ -122.606027, 46.958021 ], [ -122.608836, 46.958059 ], [ -122.608828, 46.956862 ], [ -122.610008, 46.953058 ], [ -122.60735, 46.94898 ], [ -122.611606, 46.949012 ], [ -122.611614, 46.959647 ], [ -122.61689, 46.959649 ], [ -122.616912, 46.95439 ], [ -122.619591, 46.954395 ], [ -122.622179, 46.955302 ], [ -122.622667, 46.95895 ], [ -122.624846, 46.95895 ], [ -122.624813, 46.960264 ], [ -122.624803, 46.961626 ], [ -122.627423, 46.961628 ], [ -122.62872, 46.954002 ], [ -122.627399, 46.953284 ], [ -122.629236, 46.952613 ], [ -122.629196, 46.948986 ], [ -122.643439, 46.949018 ], [ -122.643425, 46.945322 ], [ -122.65408, 46.945115 ], [ -122.654202, 46.938014 ], [ -122.659736, 46.938016 ], [ -122.675262, 46.938021 ], [ -122.67529, 46.92335 ] ] ] } },
{ "type": "Feature", "properties": { "GEOID": "5300905", "NAME": "Airway Heights city, Washington", "population": 11811.0 }, "geometry": { "type": "Polygon", "coordinates": [ [ [ -117.614687, 47.642961 ], [ -117.603885, 47.642969 ], [ -117.604031, 47.628339 ], [ -117.593234, 47.628359 ], [ -117.593255, 47.624714 ], [ -117.582409, 47.624702 ], [ -117.58245, 47.626501 ], [ -117.576358, 47.626527 ], [ -117.571689, 47.627454 ], [ -117.571684, 47.628352 ], [ -117.560919, 47.628357 ], [ -117.560916, 47.630028 ], [ -117.556748, 47.630624 ], [ -117.55675, 47.631684 ], [ -117.550449, 47.633915 ], [ -117.55043, 47.635733 ], [ -117.555745, 47.635672 ], [ -117.555725, 47.637504 ], [ -117.550763, 47.637713 ], [ -117.550789, 47.641726 ], [ -117.550214, 47.643075 ], [ -117.550275, 47.646632 ], [ -117.550364, 47.650244 ], [ -117.560899, 47.650108 ], [ -117.56095, 47.657401 ], [ -117.560952, 47.657591 ], [ -117.56098, 47.661128 ], [ -117.561082, 47.671948 ], [ -117.582315, 47.671873 ], [ -117.582333, 47.664616 ], [ -117.587732, 47.664618 ], [ -117.587728, 47.662808 ], [ -117.582231, 47.662804 ], [ -117.582232, 47.657394 ], [ -117.582231, 47.657278 ], [ -117.58223, 47.655555 ], [ -117.593109, 47.655572 ], [ -117.593109, 47.65738 ], [ -117.603897, 47.657378 ], [ -117.603866, 47.6504 ], [ -117.603865, 47.650192 ], [ -117.603864, 47.65012 ], [ -117.61463, 47.650128 ], [ -117.614686, 47.643125 ], [ -117.614687, 47.642961 ] ] ] } },
{ "type": "Feature", "properties": { "GEOID": "5308920", "NAME": "Burlington city, Washington", "population": 11356.0 }, "geometry": { "type": "Polygon", "coordinates": [ [ [ -122.357078, 48.471979 ], [ -122.35059, 48.471888 ], [ -122.350583, 48.468851 ], [ -122.34865, 48.468834 ], [ -122.347458, 48.46922 ], [ -122.347452, 48.468918 ], [ -122.346468, 48.468221 ], [ -122.346465, 48.461042 ], [ -122.346465, 48.460417 ], [ -122.346465, 48.457585 ], [ -122.347816, 48.457488 ], [ -122.346872, 48.450331 ], [ -122.346868, 48.445566 ], [ -122.341123, 48.44482 ], [ -122.336912, 48.444646 ], [ -122.324758, 48.445488 ], [ -122.322208, 48.445711 ], [ -122.320985, 48.446421 ], [ -122.320452, 48.448796 ], [ -122.321144, 48.453116 ], [ -122.319919, 48.45557 ], [ -122.316433, 48.45886 ], [ -122.312587, 48.460969 ], [ -122.311892, 48.464306 ], [ -122.310291, 48.466634 ], [ -122.308311, 48.467159 ], [ -122.308459, 48.471608 ], [ -122.306854, 48.472599 ], [ -122.308492, 48.474665 ], [ -122.308493, 48.473841 ], [ -122.311194, 48.473414 ], [ -122.311152, 48.475429 ], [ -122.308515, 48.475405 ], [ -122.308538, 48.478844 ], [ -122.308555, 48.48234 ], [ -122.308533, 48.483841 ], [ -122.312053, 48.483957 ], [ -122.313785, 48.48325 ], [ -122.313796, 48.48067 ], [ -122.319595, 48.480849 ], [ -122.319154, 48.48248 ], [ -122.318677, 48.489683 ], [ -122.321565, 48.490126 ], [ -122.324305, 48.48954 ], [ -122.323919, 48.493008 ], [ -122.334669, 48.493103 ], [ -122.33512, 48.48384 ], [ -122.335584, 48.48359 ], [ -122.337019, 48.484851 ], [ -122.341289, 48.481134 ], [ -122.341633, 48.480632 ], [ -122.342412, 48.478556 ], [ -122.342448, 48.475338 ], [ -122.351938, 48.475411 ], [ -122.351973, 48.472524 ], [ -122.357087, 48.47262 ], [ -122.357078, 48.471979 ] ] ] } },
{ "type": "Feature", "properties": { "GEOID": "5323795", "NAME": "Fife city, Washington", "population": 11061.0 }, "geometry": { "type": "Polygon", "coordinates": [ [ [ -122.399634, 47.240445 ], [ -122.397369, 47.23976 ], [ -122.39427, 47.237748 ], [ -122.393402, 47.236951 ], [ -122.392031, 47.236189 ], [ -122.376542, 47.230068 ], [ -122.362285, 47.224665 ], [ -122.357033, 47.22244 ], [ -122.355552, 47.221813 ], [ -122.341641, 47.21399 ], [ -122.340123, 47.213227 ], [ -122.338135, 47.211995 ], [ -122.336716, 47.211326 ], [ -122.329961, 47.209502 ], [ -122.32178, 47.20738 ], [ -122.320403, 47.207166 ], [ -122.320415, 47.207716 ], [ -122.320576, 47.219835 ], [ -122.320604, 47.220563 ], [ -122.320426, 47.228509 ], [ -122.323816, 47.231841 ], [ -122.323918, 47.232024 ], [ -122.323877, 47.23533 ], [ -122.325142, 47.237116 ], [ -122.326469, 47.237864 ], [ -122.327572, 47.239051 ], [ -122.32885, 47.239049 ], [ -122.328818, 47.2427 ], [ -122.330927, 47.242664 ], [ -122.33095, 47.244357 ], [ -122.335137, 47.242993 ], [ -122.335737, 47.242847 ], [ -122.335861, 47.243266 ], [ -122.336057, 47.243891 ], [ -122.336337, 47.244775 ], [ -122.336672, 47.24496 ], [ -122.338632, 47.24377 ], [ -122.339639, 47.243406 ], [ -122.339608, 47.244186 ], [ -122.338892, 47.247674 ], [ -122.339565, 47.248115 ], [ -122.34069, 47.248105 ], [ -122.341504, 47.246747 ], [ -122.343792, 47.246817 ], [ -122.346738, 47.24995 ], [ -122.347538, 47.253642 ], [ -122.349995, 47.253655 ], [ -122.349996, 47.254007 ], [ -122.349144, 47.256991 ], [ -122.350252, 47.257393 ], [ -122.35283, 47.257411 ], [ -122.352897, 47.257413 ], [ -122.355941, 47.257433 ], [ -122.356631, 47.25744 ], [ -122.356661, 47.256477 ], [ -122.358919, 47.256486 ], [ -122.357603, 47.255705 ], [ -122.360668, 47.254512 ], [ -122.360687, 47.253654 ], [ -122.359401, 47.253655 ], [ -122.359456, 47.246271 ], [ -122.373032, 47.246338 ], [ -122.372983, 47.245323 ], [ -122.377628, 47.245367 ], [ -122.377621, 47.245845 ], [ -122.380808, 47.246964 ], [ -122.385601, 47.246959 ], [ -122.385639, 47.244552 ], [ -122.39424, 47.244595 ], [ -122.396904, 47.245019 ], [ -122.396911, 47.244606 ], [ -122.399574, 47.244849 ], [ -122.399603, 47.243562 ], [ -122.399631, 47.240991 ], [ -122.399634, 47.240445 ] ] ] } },
{ "type": "Feature", "properties": { "GEOID": "5363735", "NAME": "Shelton city, Washington", "population": 10921.0 }, "geometry": { "type": "Polygon", "coordinates": [ [ [ -123.162514, 47.223291 ], [ -123.140776, 47.223161 ], [ -123.140643, 47.215918 ], [ -123.129377, 47.215915 ], [ -123.124674, 47.215887 ], [ -123.12467, 47.212445 ], [ -123.122985, 47.213636 ], [ -123.119361, 47.214355 ], [ -123.119357, 47.21264 ], [ -123.11932, 47.207282 ], [ -123.12465, 47.207319 ], [ -123.12454, 47.201533 ], [ -123.119324, 47.201523 ], [ -123.119122, 47.194294 ], [ -123.11294, 47.194059 ], [ -123.108059, 47.193875 ], [ -123.108118, 47.197436 ], [ -123.10599, 47.198383 ], [ -123.102822, 47.197313 ], [ -123.1028, 47.19631 ], [ -123.098566, 47.196153 ], [ -123.096428, 47.19712 ], [ -123.093138, 47.198976 ], [ -123.09248, 47.199499 ], [ -123.091688, 47.20076 ], [ -123.087025, 47.200758 ], [ -123.084972, 47.200759 ], [ -123.081715, 47.200759 ], [ -123.076427, 47.200736 ], [ -123.063169, 47.200227 ], [ -123.062294, 47.200231 ], [ -123.063009, 47.20075 ], [ -123.075296, 47.204097 ], [ -123.074334, 47.205856 ], [ -123.071688, 47.207599 ], [ -123.076487, 47.209921 ], [ -123.078259, 47.210938 ], [ -123.081843, 47.21419 ], [ -123.080723, 47.215463 ], [ -123.088124, 47.215343 ], [ -123.087394, 47.218805 ], [ -123.092125, 47.218787 ], [ -123.092685, 47.220639 ], [ -123.092579, 47.229575 ], [ -123.087201, 47.229587 ], [ -123.086987, 47.238799 ], [ -123.089697, 47.238769 ], [ -123.089707, 47.236898 ], [ -123.097897, 47.236858 ], [ -123.10609, 47.237093 ], [ -123.103869, 47.238815 ], [ -123.10309, 47.244246 ], [ -123.098124, 47.244069 ], [ -123.094299, 47.247612 ], [ -123.104477, 47.247939 ], [ -123.106124, 47.248013 ], [ -123.107324, 47.244489 ], [ -123.113944, 47.244641 ], [ -123.113945, 47.24103 ], [ -123.119327, 47.241226 ], [ -123.11932, 47.244845 ], [ -123.124681, 47.244841 ], [ -123.124677, 47.238794 ], [ -123.124671, 47.233926 ], [ -123.130896, 47.233981 ], [ -123.131959, 47.236295 ], [ -123.140668, 47.230401 ], [ -123.150324, 47.230462 ], [ -123.150331, 47.22868 ], [ -123.162231, 47.228771 ], [ -123.162514, 47.223291 ] ], [ [ -123.127782, 47.222209 ], [ -123.122992, 47.222062 ], [ -123.122132, 47.220747 ], [ -123.1247, 47.220317 ], [ -123.124686, 47.219511 ], [ -123.12862, 47.219524 ], [ -123.127782, 47.222209 ] ], [ [ -123.108682, 47.224075 ], [ -123.103288, 47.223879 ], [ -123.103292, 47.222525 ], [ -123.097975, 47.222333 ], [ -123.09796, 47.218762 ], [ -123.100368, 47.218823 ], [ -123.106631, 47.219028 ], [ -123.106789, 47.221603 ], [ -123.108086, 47.222296 ], [ -123.108682, 47.224075 ] ] ] } },
{ "type": "Feature", "properties": { "GEOID": "5368435", "NAME": "Sumner city, Washington", "population": 10871.0 }, "geometry": { "type": "MultiPolygon", "coordinates": [ [ [ [ -122.200045, 47.190414 ], [ -122.199795, 47.188526 ], [ -122.199097, 47.18854 ], [ -122.198822, 47.188206 ], [ -122.198918, 47.188206 ], [ -122.199083, 47.188481 ], [ -122.199388, 47.18839 ], [ -122.199445, 47.188231 ], [ -122.199752, 47.188204 ], [ -122.19969, 47.187733 ], [ -122.197492, 47.188094 ], [ -122.194924, 47.188239 ], [ -122.194939, 47.191944 ], [ -122.200281, 47.191922 ], [ -122.200045, 47.190414 ] ] ], [ [ [ -122.200166, 47.184532 ], [ -122.199862, 47.188117 ], [ -122.200138, 47.190179 ], [ -122.200284, 47.190175 ], [ -122.200166, 47.184532 ] ] ], [ [ [ -122.261853, 47.221133 ], [ -122.257418, 47.22119 ], [ -122.25485, 47.221232 ], [ -122.253098, 47.218235 ], [ -122.253024, 47.214276 ], [ -122.252162, 47.21112 ], [ -122.250303, 47.2082 ], [ -122.248129, 47.206597 ], [ -122.250953, 47.206569 ], [ -122.250898, 47.203777 ], [ -122.251309, 47.203782 ], [ -122.254977, 47.202178 ], [ -122.253682, 47.200884 ], [ -122.254199, 47.200592 ], [ -122.254272, 47.200543 ], [ -122.255435, 47.200144 ], [ -122.25666, 47.200144 ], [ -122.256666, 47.199866 ], [ -122.258447, 47.199586 ], [ -122.256678, 47.19919 ], [ -122.250786, 47.196781 ], [ -122.250241, 47.196524 ], [ -122.249911, 47.19679 ], [ -122.249744, 47.196696 ], [ -122.249506, 47.196562 ], [ -122.248228, 47.196229 ], [ -122.247812, 47.196087 ], [ -122.245502, 47.195087 ], [ -122.245513, 47.193657 ], [ -122.243919, 47.193641 ], [ -122.242005, 47.191053 ], [ -122.240012, 47.18915 ], [ -122.234276, 47.186058 ], [ -122.22932, 47.185015 ], [ -122.229406, 47.192625 ], [ -122.229398, 47.193395 ], [ -122.225287, 47.193751 ], [ -122.215808, 47.196355 ], [ -122.209497, 47.195432 ], [ -122.209514, 47.19618 ], [ -122.20816, 47.196186 ], [ -122.208161, 47.196217 ], [ -122.207507, 47.194942 ], [ -122.202034, 47.195371 ], [ -122.202944, 47.19652 ], [ -122.203488, 47.196951 ], [ -122.204604, 47.199139 ], [ -122.202806, 47.199169 ], [ -122.202904, 47.206415 ], [ -122.208248, 47.206355 ], [ -122.208198, 47.213537 ], [ -122.208349, 47.213539 ], [ -122.212906, 47.213556 ], [ -122.213498, 47.214262 ], [ -122.213729, 47.217166 ], [ -122.218831, 47.217173 ], [ -122.218851, 47.228088 ], [ -122.218941, 47.228089 ], [ -122.21886, 47.232433 ], [ -122.21874, 47.238199 ], [ -122.218698, 47.241733 ], [ -122.218687, 47.242665 ], [ -122.223222, 47.242709 ], [ -122.223926, 47.246361 ], [ -122.227646, 47.246377 ], [ -122.228911, 47.246383 ], [ -122.229109, 47.250034 ], [ -122.235145, 47.250712 ], [ -122.229415, 47.251774 ], [ -122.2292, 47.251815 ], [ -122.229494, 47.257538 ], [ -122.229495, 47.257556 ], [ -122.229792, 47.257559 ], [ -122.238761, 47.257482 ], [ -122.241949, 47.252928 ], [ -122.243085, 47.250089 ], [ -122.243872, 47.250096 ], [ -122.245187, 47.250124 ], [ -122.246426, 47.250159 ], [ -122.246381, 47.242925 ], [ -122.255673, 47.242897 ], [ -122.256726, 47.242889 ], [ -122.255765, 47.241125 ], [ -122.255741, 47.241081 ], [ -122.254404, 47.23824 ], [ -122.25389, 47.233545 ], [ -122.255141, 47.228503 ], [ -122.259199, 47.228454 ], [ -122.259178, 47.226672 ], [ -122.261978, 47.226612 ], [ -122.261853, 47.221133 ] ] ], [ [ [ -122.268966, 47.202273 ], [ -122.267632, 47.201104 ], [ -122.263488, 47.20101 ], [ -122.263555, 47.204611 ], [ -122.259801, 47.203914 ], [ -122.259816, 47.205304 ], [ -122.264378, 47.205889 ], [ -122.267209, 47.205292 ], [ -122.26795, 47.203502 ], [ -122.269071, 47.205629 ], [ -122.268966, 47.202273 ] ] ] ] } },
{ "type": "Feature", "properties": { "GEOID": "5365170", "NAME": "Snohomish city, Washington", "population": 10719.0 }, "geometry": { "type": "MultiPolygon", "coordinates": [ [ [ [ -121.914944, 48.018709 ], [ -121.914436, 48.018737 ], [ -121.913939, 48.018825 ], [ -121.913544, 48.019047 ], [ -121.913416, 48.019198 ], [ -121.913305, 48.019536 ], [ -121.913412, 48.019873 ], [ -121.913638, 48.020192 ], [ -121.914813, 48.020177 ], [ -121.914804, 48.019662 ], [ -121.914719, 48.019287 ], [ -121.914961, 48.018795 ], [ -121.914944, 48.018709 ] ] ], [ [ [ -122.071703, 47.934782 ], [ -122.07012, 47.934986 ], [ -122.066431, 47.93493 ], [ -122.069473, 47.93507 ], [ -122.06946, 47.935748 ], [ -122.066405, 47.935975 ], [ -122.066348, 47.938484 ], [ -122.071661, 47.938498 ], [ -122.071703, 47.934782 ] ] ], [ [ [ -122.120397, 47.916682 ], [ -122.118198, 47.913656 ], [ -122.113393, 47.91217 ], [ -122.111008, 47.912139 ], [ -122.108757, 47.912007 ], [ -122.09867, 47.910634 ], [ -122.094925, 47.910187 ], [ -122.090147, 47.906019 ], [ -122.089271, 47.906 ], [ -122.082276, 47.905997 ], [ -122.082215, 47.909612 ], [ -122.081488, 47.911039 ], [ -122.083433, 47.91298 ], [ -122.083697, 47.917734 ], [ -122.082662, 47.918748 ], [ -122.080996, 47.922021 ], [ -122.079532, 47.923117 ], [ -122.07813, 47.924568 ], [ -122.07755, 47.924959 ], [ -122.077472, 47.926683 ], [ -122.079468, 47.92992 ], [ -122.076553, 47.933506 ], [ -122.076966, 47.938044 ], [ -122.076945, 47.938514 ], [ -122.082296, 47.938491 ], [ -122.082353, 47.942113 ], [ -122.087751, 47.942069 ], [ -122.087789, 47.938459 ], [ -122.095311, 47.938409 ], [ -122.095155, 47.940196 ], [ -122.096691, 47.941967 ], [ -122.096651, 47.945027 ], [ -122.098778, 47.945618 ], [ -122.100076, 47.947104 ], [ -122.101874, 47.947112 ], [ -122.101627, 47.945639 ], [ -122.101452, 47.945635 ], [ -122.10106, 47.939628 ], [ -122.107159, 47.939673 ], [ -122.107557, 47.940398 ], [ -122.104499, 47.940527 ], [ -122.104069, 47.945662 ], [ -122.109956, 47.945697 ], [ -122.110275, 47.945641 ], [ -122.110942, 47.946745 ], [ -122.112305, 47.949282 ], [ -122.112316, 47.951064 ], [ -122.109383, 47.951028 ], [ -122.109207, 47.951871 ], [ -122.114569, 47.953823 ], [ -122.118523, 47.95383 ], [ -122.114868, 47.949737 ], [ -122.114708, 47.949581 ], [ -122.115833, 47.949304 ], [ -122.115353, 47.94802 ], [ -122.116489, 47.94714 ], [ -122.114892, 47.946212 ], [ -122.114776, 47.9439 ], [ -122.11728, 47.943903 ], [ -122.117257, 47.94212 ], [ -122.114652, 47.942102 ], [ -122.114761, 47.934878 ], [ -122.113424, 47.93486 ], [ -122.11274, 47.931232 ], [ -122.111979, 47.931232 ], [ -122.108992, 47.931289 ], [ -122.104794, 47.931266 ], [ -122.10722, 47.929604 ], [ -122.108151, 47.925504 ], [ -122.111702, 47.925407 ], [ -122.111967, 47.925801 ], [ -122.115847, 47.925403 ], [ -122.114779, 47.922348 ], [ -122.112872, 47.921624 ], [ -122.111331, 47.917642 ], [ -122.11266, 47.9167 ], [ -122.119722, 47.91669 ], [ -122.120397, 47.916682 ] ] ] ] } },
{ "type": "Feature", "properties": { "GEOID": "5355855", "NAME": "Port Townsend city, Washington", "population": 10678.0 }, "geometry": { "type": "Polygon", "coordinates": [ [ [ -122.816342, 48.100072 ], [ -122.814202, 48.100058 ], [ -122.81281, 48.10005 ], [ -122.798832, 48.100076 ], [ -122.796107, 48.100061 ], [ -122.793055, 48.097552 ], [ -122.7920588, 48.0981326 ], [ -122.781205, 48.105277 ], [ -122.773876799999982, 48.1075277 ], [ -122.77187, 48.108144 ], [ -122.754203499999988, 48.1149785 ], [ -122.748911, 48.117026 ], [ -122.7565193, 48.1242553 ], [ -122.757402, 48.125094 ], [ -122.760716, 48.127805 ], [ -122.762454, 48.131172 ], [ -122.761789, 48.136371 ], [ -122.759046, 48.140056 ], [ -122.753995, 48.143222 ], [ -122.754509, 48.144344 ], [ -122.762676, 48.142755 ], [ -122.781340499999985, 48.1428365 ], [ -122.782370799999981, 48.142841 ], [ -122.784192, 48.142849 ], [ -122.7926059, 48.1411284 ], [ -122.811439, 48.137277 ], [ -122.816237199999989, 48.1366432 ], [ -122.815797, 48.128516 ], [ -122.816045, 48.120128 ], [ -122.816342, 48.100072 ] ] ] } },
{ "type": "Feature", "properties": { "GEOID": "5313855", "NAME": "College Place city, Washington", "population": 9923.0 }, "geometry": { "type": "MultiPolygon", "coordinates": [ [ [ [ -118.430149, 46.042013 ], [ -118.404324, 46.042057 ], [ -118.404172, 46.044126 ], [ -118.401415, 46.044504 ], [ -118.401422, 46.043172 ], [ -118.39827, 46.043263 ], [ -118.396105, 46.043883 ], [ -118.396256, 46.04274 ], [ -118.399044, 46.040923 ], [ -118.399066, 46.039457 ], [ -118.397621, 46.040334 ], [ -118.395701, 46.035835 ], [ -118.392221, 46.037124 ], [ -118.39179, 46.037265 ], [ -118.38861, 46.035716 ], [ -118.388629, 46.035337 ], [ -118.388633, 46.035277 ], [ -118.397794, 46.034817 ], [ -118.401645, 46.033803 ], [ -118.40118, 46.031161 ], [ -118.404345, 46.03028 ], [ -118.404387, 46.028107 ], [ -118.406388, 46.028109 ], [ -118.406381, 46.02688 ], [ -118.404399, 46.027514 ], [ -118.399215, 46.027508 ], [ -118.399227, 46.026656 ], [ -118.388771, 46.026637 ], [ -118.387574, 46.027515 ], [ -118.387218, 46.027851 ], [ -118.381953, 46.030972 ], [ -118.372964, 46.031164 ], [ -118.373481, 46.033797 ], [ -118.372963, 46.033616 ], [ -118.370677, 46.034875 ], [ -118.368664, 46.034948 ], [ -118.367707, 46.035345 ], [ -118.367707, 46.035462 ], [ -118.367708, 46.037128 ], [ -118.367709, 46.03887 ], [ -118.363005, 46.041453 ], [ -118.362802, 46.041561 ], [ -118.363319, 46.041984 ], [ -118.365205, 46.044407 ], [ -118.367493, 46.047534 ], [ -118.367713, 46.04749 ], [ -118.371415, 46.046237 ], [ -118.373565, 46.046235 ], [ -118.37356, 46.048123 ], [ -118.373141, 46.04798 ], [ -118.368015, 46.048452 ], [ -118.371181, 46.052686 ], [ -118.374378, 46.05687 ], [ -118.372467, 46.057244 ], [ -118.372347, 46.057268 ], [ -118.372367, 46.057543 ], [ -118.372352, 46.059767 ], [ -118.37235, 46.060209 ], [ -118.375121, 46.06021 ], [ -118.375356, 46.059742 ], [ -118.378862, 46.060229 ], [ -118.379094, 46.055866 ], [ -118.388466, 46.05473 ], [ -118.388469, 46.054613 ], [ -118.39134, 46.054599 ], [ -118.391795, 46.055148 ], [ -118.394254, 46.053078 ], [ -118.395213, 46.052891 ], [ -118.3952, 46.05389 ], [ -118.397121, 46.053893 ], [ -118.399019, 46.052063 ], [ -118.397626, 46.052323 ], [ -118.397632, 46.051881 ], [ -118.395225, 46.051588 ], [ -118.395243, 46.049335 ], [ -118.399033, 46.049326 ], [ -118.401673, 46.049322 ], [ -118.401682, 46.04819 ], [ -118.404803, 46.048182 ], [ -118.404801, 46.049311 ], [ -118.413325, 46.049216 ], [ -118.414335, 46.049042 ], [ -118.419709, 46.047937 ], [ -118.430096, 46.044071 ], [ -118.430149, 46.042013 ] ], [ [ -118.395133, 46.040958 ], [ -118.395121, 46.041903 ], [ -118.393988, 46.041358 ], [ -118.393831, 46.039692 ], [ -118.395858, 46.040247 ], [ -118.395133, 46.040958 ] ], [ [ -118.394241, 46.05216 ], [ -118.393867, 46.052161 ], [ -118.393874, 46.051761 ], [ -118.394247, 46.051761 ], [ -118.394241, 46.05216 ] ], [ [ -118.377505, 46.054583 ], [ -118.37676, 46.054044 ], [ -118.376634, 46.055197 ], [ -118.375962, 46.055057 ], [ -118.375892, 46.052964 ], [ -118.376851, 46.052966 ], [ -118.376926, 46.052962 ], [ -118.377505, 46.054583 ] ], [ [ -118.375827, 46.038701 ], [ -118.375285, 46.039139 ], [ -118.374003, 46.039549 ], [ -118.373778, 46.038549 ], [ -118.374466, 46.038775 ], [ -118.375664, 46.038515 ], [ -118.375827, 46.038701 ] ], [ [ -118.367707, 46.041426 ], [ -118.36737, 46.041591 ], [ -118.367353, 46.042114 ], [ -118.366753, 46.042342 ], [ -118.366736, 46.041318 ], [ -118.366133, 46.04132 ], [ -118.366132, 46.040656 ], [ -118.3665, 46.040436 ], [ -118.367709, 46.0402 ], [ -118.367707, 46.041426 ] ] ], [ [ [ -118.430271, 46.034704 ], [ -118.420138, 46.034719 ], [ -118.42009, 46.030045 ], [ -118.416223, 46.031175 ], [ -118.409624, 46.031204 ], [ -118.409548, 46.038416 ], [ -118.430247, 46.038394 ], [ -118.430271, 46.034704 ] ] ] ] } },
{ "type": "Feature", "properties": { "GEOID": "5318965", "NAME": "DuPont city, Washington", "population": 9778.0 }, "geometry": { "type": "Polygon", "coordinates": [ [ [ -122.685888, 47.090068 ], [ -122.683177, 47.090069 ], [ -122.682876, 47.086467 ], [ -122.68131, 47.086463 ], [ -122.68132, 47.087367 ], [ -122.680477, 47.087374 ], [ -122.680476, 47.08646 ], [ -122.676839, 47.086449 ], [ -122.675249, 47.086444 ], [ -122.675111, 47.090152 ], [ -122.669953, 47.090017 ], [ -122.669923, 47.097311 ], [ -122.664711, 47.0973 ], [ -122.664686, 47.093633 ], [ -122.662478, 47.093617 ], [ -122.646644, 47.093539 ], [ -122.646633, 47.087938 ], [ -122.640564, 47.089438 ], [ -122.637695, 47.090095 ], [ -122.624136, 47.093481 ], [ -122.621207, 47.094221 ], [ -122.622375, 47.095073 ], [ -122.621743, 47.097241 ], [ -122.623032, 47.096622 ], [ -122.622535, 47.09774 ], [ -122.622504, 47.108285 ], [ -122.62249, 47.11158 ], [ -122.623163, 47.113094 ], [ -122.624961, 47.113896 ], [ -122.624957, 47.115476 ], [ -122.624555, 47.115462 ], [ -122.624684, 47.115981 ], [ -122.624714, 47.122733 ], [ -122.62757, 47.122715 ], [ -122.627548, 47.126329 ], [ -122.643375, 47.1263 ], [ -122.6434798, 47.1351741 ], [ -122.645053, 47.135088 ], [ -122.650634, 47.132738 ], [ -122.658036, 47.127166 ], [ -122.669682, 47.114551 ], [ -122.6709403, 47.1126437 ], [ -122.674911, 47.106625 ], [ -122.676479, 47.102096 ], [ -122.681198, 47.0991914 ], [ -122.684695, 47.097039 ], [ -122.685888, 47.090068 ] ] ] } },
{ "type": "Feature", "properties": { "GEOID": "5319035", "NAME": "Duvall city, Washington", "population": 9440.0 }, "geometry": { "type": "Polygon", "coordinates": [ [ [ -121.997509, 47.728641 ], [ -121.98788, 47.728554 ], [ -121.98715, 47.728965 ], [ -121.986815, 47.725573 ], [ -121.980481, 47.725725 ], [ -121.978933, 47.724967 ], [ -121.971014, 47.724908 ], [ -121.968199, 47.724808 ], [ -121.9682, 47.722828 ], [ -121.965235, 47.723667 ], [ -121.963091, 47.725026 ], [ -121.961532, 47.724998 ], [ -121.958179, 47.720237 ], [ -121.954491, 47.721742 ], [ -121.955395, 47.722722 ], [ -121.958825, 47.721328 ], [ -121.959627, 47.722418 ], [ -121.956367, 47.723763 ], [ -121.957377, 47.724824 ], [ -121.954206, 47.726136 ], [ -121.95519, 47.726831 ], [ -121.957827, 47.728661 ], [ -121.958694, 47.729586 ], [ -121.959007, 47.730197 ], [ -121.959236, 47.7343 ], [ -121.9567, 47.735043 ], [ -121.95153, 47.734609 ], [ -121.949026, 47.734413 ], [ -121.947745, 47.734405 ], [ -121.94788, 47.73626 ], [ -121.946517, 47.736248 ], [ -121.946639, 47.738103 ], [ -121.943899, 47.738055 ], [ -121.943986, 47.741695 ], [ -121.94949, 47.741821 ], [ -121.949442, 47.739996 ], [ -121.959524, 47.740904 ], [ -121.959625, 47.742772 ], [ -121.964723, 47.743277 ], [ -121.9648, 47.747029 ], [ -121.969461, 47.747531 ], [ -121.969475, 47.737877 ], [ -121.97141, 47.737741 ], [ -121.971496, 47.740923 ], [ -121.974934, 47.740949 ], [ -121.97498, 47.74377 ], [ -121.975051, 47.747556 ], [ -121.977239, 47.747615 ], [ -121.977615, 47.747538 ], [ -121.980629, 47.74755 ], [ -121.981095, 47.751218 ], [ -121.984699, 47.751229 ], [ -121.98596, 47.74796 ], [ -121.984967, 47.747416 ], [ -121.985395, 47.746363 ], [ -121.987074, 47.747579 ], [ -121.986903, 47.746193 ], [ -121.988837, 47.741416 ], [ -121.992207, 47.740393 ], [ -121.990935, 47.737945 ], [ -121.99264, 47.732686 ], [ -121.994875, 47.730822 ], [ -121.997499, 47.730526 ], [ -121.997509, 47.728641 ] ] ] } },
{ "type": "Feature", "properties": { "GEOID": "5367455", "NAME": "Stanwood city, Washington", "population": 9421.0 }, "geometry": { "type": "MultiPolygon", "coordinates": [ [ [ [ -122.328935, 48.20508 ], [ -122.326497, 48.204182 ], [ -122.324891, 48.204412 ], [ -122.324853, 48.205663 ], [ -122.328459, 48.206074 ], [ -122.328935, 48.20508 ] ] ], [ [ [ -122.383513, 48.240401 ], [ -122.380442, 48.238625 ], [ -122.377901, 48.238093 ], [ -122.377047, 48.238207 ], [ -122.370545, 48.240198 ], [ -122.367139, 48.238608 ], [ -122.366004, 48.23921 ], [ -122.365362, 48.235991 ], [ -122.361782, 48.235908 ], [ -122.361523, 48.234939 ], [ -122.357839, 48.235382 ], [ -122.356662, 48.235949 ], [ -122.357293, 48.239458 ], [ -122.347297, 48.239576 ], [ -122.342686, 48.234655 ], [ -122.337421, 48.231604 ], [ -122.331471, 48.229576 ], [ -122.330956, 48.232305 ], [ -122.326278, 48.232191 ], [ -122.325311, 48.23305 ], [ -122.324801, 48.233878 ], [ -122.324854, 48.237913 ], [ -122.325412, 48.23842 ], [ -122.324742, 48.239317 ], [ -122.324881, 48.240101 ], [ -122.324916, 48.243634 ], [ -122.324934, 48.245058 ], [ -122.324325, 48.245074 ], [ -122.324442, 48.245182 ], [ -122.322277, 48.245163 ], [ -122.319242, 48.246754 ], [ -122.319315, 48.251091 ], [ -122.317981, 48.250438 ], [ -122.317848, 48.253967 ], [ -122.321146, 48.253844 ], [ -122.321102, 48.256646 ], [ -122.325024, 48.256564 ], [ -122.324965, 48.259914 ], [ -122.324916, 48.26016 ], [ -122.32821, 48.259308 ], [ -122.338731, 48.25922 ], [ -122.338697, 48.257585 ], [ -122.341387, 48.257613 ], [ -122.341438, 48.256135 ], [ -122.342734, 48.257091 ], [ -122.34675, 48.255984 ], [ -122.349571, 48.254247 ], [ -122.350104, 48.254169 ], [ -122.352062, 48.255562 ], [ -122.355361, 48.255154 ], [ -122.354983, 48.254289 ], [ -122.351697, 48.250399 ], [ -122.35202, 48.246701 ], [ -122.371863, 48.246929 ], [ -122.37506, 48.246727 ], [ -122.374486, 48.244412 ], [ -122.375507, 48.241016 ], [ -122.380807, 48.240937 ], [ -122.383513, 48.240401 ] ] ] ] } },
{ "type": "Feature", "properties": { "GEOID": "5352215", "NAME": "Othello city, Washington", "population": 9237.0 }, "geometry": { "type": "MultiPolygon", "coordinates": [ [ [ [ -119.13331, 46.8263 ], [ -119.1281, 46.82627 ], [ -119.127894, 46.832708 ], [ -119.133192, 46.832737 ], [ -119.13331, 46.8263 ] ] ], [ [ [ -119.189151, 46.81144 ], [ -119.1884, 46.81145 ], [ -119.186877, 46.813335 ], [ -119.18708, 46.81145 ], [ -119.179028, 46.81151 ], [ -119.181073, 46.80773 ], [ -119.182839, 46.806154 ], [ -119.184604, 46.805058 ], [ -119.186868, 46.804353 ], [ -119.186547, 46.803189 ], [ -119.187274, 46.802284 ], [ -119.181826, 46.802274 ], [ -119.181803, 46.798146 ], [ -119.176538, 46.798108 ], [ -119.172355, 46.798096 ], [ -119.172249, 46.804096 ], [ -119.16576, 46.804202 ], [ -119.165766, 46.807836 ], [ -119.154762, 46.807925 ], [ -119.154791, 46.81158 ], [ -119.149623, 46.811594 ], [ -119.149511, 46.815107 ], [ -119.144334, 46.815193 ], [ -119.144189, 46.818829 ], [ -119.143699, 46.82462 ], [ -119.13348, 46.82469 ], [ -119.13331, 46.8263 ], [ -119.141662, 46.82626 ], [ -119.142273, 46.829779 ], [ -119.138474, 46.833731 ], [ -119.1384, 46.840891 ], [ -119.151754, 46.84081 ], [ -119.151753, 46.841356 ], [ -119.152019, 46.841472 ], [ -119.152599, 46.841472 ], [ -119.152606, 46.840806 ], [ -119.15427, 46.84081 ], [ -119.162205, 46.840809 ], [ -119.162181, 46.843874 ], [ -119.172702, 46.843968 ], [ -119.172349, 46.846117 ], [ -119.175349, 46.846119 ], [ -119.176737, 46.840871 ], [ -119.177321, 46.84087 ], [ -119.178273, 46.837214 ], [ -119.17887, 46.833554 ], [ -119.179019, 46.829005 ], [ -119.180279, 46.829332 ], [ -119.18031, 46.82618 ], [ -119.182254, 46.826185 ], [ -119.181171, 46.825242 ], [ -119.181906, 46.817338 ], [ -119.186926, 46.815026 ], [ -119.1901, 46.81143 ], [ -119.189151, 46.81144 ] ], [ [ -119.14649, 46.81878 ], [ -119.146491, 46.820269 ], [ -119.144238, 46.819179 ], [ -119.144189, 46.818829 ], [ -119.14649, 46.81878 ] ] ], [ [ [ -119.19943, 46.82242 ], [ -119.19688, 46.82243 ], [ -119.19666, 46.8261 ], [ -119.19925, 46.82611 ], [ -119.19943, 46.82242 ] ] ] ] } },
{ "type": "Feature", "properties": { "GEOID": "5346020", "NAME": "Milton city, Washington", "population": 8911.0 }, "geometry": { "type": "Polygon", "coordinates": [ [ [ -122.34007, 47.256995 ], [ -122.338938, 47.25177 ], [ -122.336207, 47.251758 ], [ -122.336249, 47.248109 ], [ -122.336285, 47.246234 ], [ -122.336672, 47.24496 ], [ -122.336337, 47.244775 ], [ -122.336057, 47.243891 ], [ -122.33399, 47.249035 ], [ -122.333214, 47.249058 ], [ -122.328162, 47.24918 ], [ -122.325501, 47.250122 ], [ -122.325482, 47.246971 ], [ -122.327505, 47.24582 ], [ -122.335215, 47.243263 ], [ -122.335137, 47.242993 ], [ -122.33095, 47.244357 ], [ -122.325479, 47.246527 ], [ -122.325561, 47.244412 ], [ -122.325641, 47.242756 ], [ -122.326654, 47.242737 ], [ -122.328818, 47.2427 ], [ -122.32885, 47.239049 ], [ -122.327572, 47.239051 ], [ -122.326469, 47.237864 ], [ -122.325605, 47.239056 ], [ -122.323972, 47.239122 ], [ -122.317804, 47.239106 ], [ -122.31655, 47.239142 ], [ -122.31526, 47.239232 ], [ -122.313992, 47.239245 ], [ -122.313967, 47.240704 ], [ -122.309908, 47.241051 ], [ -122.307214, 47.241004 ], [ -122.307192, 47.242826 ], [ -122.30041, 47.242778 ], [ -122.300383, 47.243583 ], [ -122.296408, 47.243558 ], [ -122.296423, 47.242758 ], [ -122.293902, 47.242744 ], [ -122.293885, 47.245012 ], [ -122.293869, 47.250031 ], [ -122.293867, 47.255207 ], [ -122.293982, 47.255881 ], [ -122.294853, 47.257246 ], [ -122.294596, 47.257246 ], [ -122.293736, 47.257251 ], [ -122.291152, 47.257202 ], [ -122.293192, 47.258738 ], [ -122.292611, 47.259579 ], [ -122.29656, 47.260235 ], [ -122.297961, 47.261915 ], [ -122.299629, 47.260881 ], [ -122.300425, 47.260943 ], [ -122.303304, 47.262905 ], [ -122.305251, 47.263376 ], [ -122.309393, 47.263735 ], [ -122.312304, 47.2609 ], [ -122.313831, 47.260903 ], [ -122.313805, 47.262734 ], [ -122.316416, 47.262716 ], [ -122.316383, 47.2645 ], [ -122.319448, 47.26458 ], [ -122.322752, 47.264549 ], [ -122.324027, 47.264548 ], [ -122.328059, 47.261245 ], [ -122.328748, 47.260615 ], [ -122.328622, 47.260554 ], [ -122.328937, 47.260208 ], [ -122.330645, 47.258307 ], [ -122.331322, 47.257365 ], [ -122.33492, 47.257594 ], [ -122.33483, 47.26311 ], [ -122.335874, 47.26382 ], [ -122.336992, 47.264582 ], [ -122.340121, 47.26461 ], [ -122.34007, 47.256995 ] ] ] } },
{ "type": "Feature", "properties": { "GEOID": "5352005", "NAME": "Orting city, Washington", "population": 8884.0 }, "geometry": { "type": "Polygon", "coordinates": [ [ [ -122.234788, 47.108619 ], [ -122.229384, 47.105902 ], [ -122.226533, 47.105482 ], [ -122.224384, 47.105122 ], [ -122.223256, 47.104568 ], [ -122.22093, 47.101083 ], [ -122.22021, 47.098897 ], [ -122.219954, 47.096806 ], [ -122.219998, 47.096314 ], [ -122.212769, 47.089669 ], [ -122.213016, 47.088886 ], [ -122.214479, 47.087956 ], [ -122.214265, 47.081577 ], [ -122.2144, 47.076648 ], [ -122.216363, 47.075209 ], [ -122.215723, 47.074489 ], [ -122.200165, 47.074561 ], [ -122.198778, 47.074557 ], [ -122.198332, 47.081705 ], [ -122.198405, 47.087022 ], [ -122.193626, 47.090824 ], [ -122.190631, 47.093122 ], [ -122.190307, 47.094849 ], [ -122.190901, 47.096405 ], [ -122.191458, 47.09754 ], [ -122.202003, 47.103721 ], [ -122.204087, 47.104395 ], [ -122.20743, 47.10195 ], [ -122.207711, 47.102366 ], [ -122.206626, 47.103162 ], [ -122.208, 47.103814 ], [ -122.207632, 47.104343 ], [ -122.206736, 47.104206 ], [ -122.206724, 47.105674 ], [ -122.206711, 47.107311 ], [ -122.209437, 47.107326 ], [ -122.209435, 47.107071 ], [ -122.212813, 47.108275 ], [ -122.214122, 47.109543 ], [ -122.214501, 47.109513 ], [ -122.218028, 47.113936 ], [ -122.22262, 47.119918 ], [ -122.225007, 47.121625 ], [ -122.226028, 47.120142 ], [ -122.230398, 47.119999 ], [ -122.22902, 47.117627 ], [ -122.225462, 47.113706 ], [ -122.22745, 47.11377 ], [ -122.231269, 47.113762 ], [ -122.234791, 47.113671 ], [ -122.234788, 47.108619 ] ] ] } },
{ "type": "Feature", "properties": { "GEOID": "5322080", "NAME": "Ephrata city, Washington", "population": 8834.0 }, "geometry": { "type": "Polygon", "coordinates": [ [ [ -119.583432, 47.281008 ], [ -119.555374, 47.281618 ], [ -119.555234, 47.281568 ], [ -119.544227, 47.281658 ], [ -119.544227, 47.281774 ], [ -119.544176, 47.296232 ], [ -119.555075, 47.296205 ], [ -119.555081, 47.292466 ], [ -119.558882, 47.292393 ], [ -119.56036, 47.293038 ], [ -119.560351, 47.294245 ], [ -119.562951, 47.294206 ], [ -119.563943, 47.293479 ], [ -119.563927, 47.292247 ], [ -119.569565, 47.292125 ], [ -119.56707, 47.296044 ], [ -119.560746, 47.304819 ], [ -119.559212, 47.304801 ], [ -119.557624, 47.30675 ], [ -119.554978, 47.307062 ], [ -119.549599, 47.307114 ], [ -119.549611, 47.305194 ], [ -119.544337, 47.303239 ], [ -119.544329, 47.300505 ], [ -119.541376, 47.300486 ], [ -119.540459, 47.301655 ], [ -119.518559, 47.292591 ], [ -119.493712, 47.282358 ], [ -119.490939, 47.282405 ], [ -119.490925, 47.289519 ], [ -119.496261, 47.289506 ], [ -119.496203, 47.300415 ], [ -119.501146, 47.300433 ], [ -119.500928, 47.340043 ], [ -119.519632, 47.339873 ], [ -119.525406, 47.339781 ], [ -119.533829, 47.339667 ], [ -119.533873, 47.33963 ], [ -119.534119, 47.339633 ], [ -119.538963, 47.339704 ], [ -119.538951, 47.336009 ], [ -119.544271, 47.332476 ], [ -119.544467, 47.330502 ], [ -119.54964, 47.330564 ], [ -119.549605, 47.332511 ], [ -119.554362, 47.332518 ], [ -119.555229, 47.328985 ], [ -119.556781, 47.325279 ], [ -119.554681, 47.332525 ], [ -119.56424, 47.332396 ], [ -119.565757, 47.333282 ], [ -119.565736, 47.335886 ], [ -119.570918, 47.335775 ], [ -119.570958, 47.339389 ], [ -119.576168, 47.339282 ], [ -119.57626, 47.325687 ], [ -119.56857, 47.325681 ], [ -119.566889, 47.325329 ], [ -119.566834, 47.328268 ], [ -119.565621, 47.328297 ], [ -119.565504, 47.325286 ], [ -119.565646, 47.324925 ], [ -119.56575, 47.306665 ], [ -119.568397, 47.300509 ], [ -119.571699, 47.296965 ], [ -119.573996, 47.29373 ], [ -119.576324, 47.29135 ], [ -119.580352, 47.285746 ], [ -119.580753, 47.28313 ], [ -119.583432, 47.281008 ] ] ] } },
{ "type": "Feature", "properties": { "GEOID": "5349485", "NAME": "North Bend city, Washington", "population": 8758.0 }, "geometry": { "type": "Polygon", "coordinates": [ [ [ -121.808486, 47.509896 ], [ -121.805631, 47.510058 ], [ -121.805741, 47.508402 ], [ -121.808342, 47.507873 ], [ -121.809658, 47.50691 ], [ -121.808239, 47.505239 ], [ -121.80481, 47.503282 ], [ -121.806822, 47.503259 ], [ -121.806943, 47.499553 ], [ -121.806951, 47.49393 ], [ -121.806916, 47.485057 ], [ -121.801733, 47.485069 ], [ -121.801719, 47.481457 ], [ -121.79689, 47.481411 ], [ -121.796293, 47.485014 ], [ -121.792871, 47.485001 ], [ -121.790809, 47.485437 ], [ -121.790762, 47.490112 ], [ -121.785283, 47.490192 ], [ -121.785197, 47.487944 ], [ -121.786934, 47.486931 ], [ -121.787611, 47.483456 ], [ -121.782867, 47.482856 ], [ -121.782585, 47.481469 ], [ -121.785385, 47.4811 ], [ -121.78475, 47.479515 ], [ -121.77999, 47.479479 ], [ -121.779941, 47.481269 ], [ -121.774468, 47.481228 ], [ -121.771766, 47.480156 ], [ -121.771773, 47.478719 ], [ -121.769095, 47.478705 ], [ -121.769176, 47.473946 ], [ -121.763642, 47.473972 ], [ -121.763711, 47.48158 ], [ -121.763305, 47.481779 ], [ -121.758313, 47.479245 ], [ -121.758318, 47.477738 ], [ -121.754587, 47.477355 ], [ -121.74811, 47.474109 ], [ -121.744833, 47.474314 ], [ -121.739924, 47.473617 ], [ -121.720527, 47.467308 ], [ -121.716111, 47.467183 ], [ -121.716121, 47.46662 ], [ -121.712839, 47.465703 ], [ -121.712777, 47.469267 ], [ -121.711271, 47.469261 ], [ -121.711234, 47.47298 ], [ -121.715656, 47.471994 ], [ -121.718639, 47.472327 ], [ -121.718615, 47.480366 ], [ -121.723894, 47.478096 ], [ -121.725971, 47.477976 ], [ -121.728558, 47.478656 ], [ -121.730714, 47.482228 ], [ -121.734387, 47.482242 ], [ -121.736604, 47.481325 ], [ -121.742876, 47.476303 ], [ -121.745033, 47.475947 ], [ -121.745448, 47.47558 ], [ -121.747574, 47.47638 ], [ -121.754733, 47.481562 ], [ -121.76138, 47.485321 ], [ -121.773448, 47.492144 ], [ -121.769186, 47.492165 ], [ -121.769337, 47.495855 ], [ -121.769311, 47.497588 ], [ -121.769321, 47.503081 ], [ -121.780035, 47.502984 ], [ -121.780109, 47.506813 ], [ -121.785854, 47.506797 ], [ -121.78525, 47.508474 ], [ -121.787828, 47.509297 ], [ -121.789257, 47.510502 ], [ -121.792624, 47.510446 ], [ -121.794112, 47.512467 ], [ -121.807052, 47.511954 ], [ -121.81024, 47.511015 ], [ -121.808486, 47.509896 ] ] ] } },
{ "type": "Feature", "properties": { "GEOID": "5332300", "NAME": "Hoquiam city, Washington", "population": 8710.0 }, "geometry": { "type": "MultiPolygon", "coordinates": [ [ [ [ -123.885834, 46.964144 ], [ -123.881333, 46.963377 ], [ -123.876719, 46.961051 ], [ -123.8717, 46.960602 ], [ -123.868848, 46.959629 ], [ -123.860529, 46.95606 ], [ -123.856726, 46.95606 ], [ -123.853398, 46.958656 ], [ -123.854587, 46.960927 ], [ -123.859578, 46.962711 ], [ -123.864807, 46.965144 ], [ -123.877166, 46.966929 ], [ -123.884535, 46.965793 ], [ -123.885834, 46.964144 ] ] ], [ [ [ -123.9545125, 46.976476299999987 ], [ -123.94927, 46.970549 ], [ -123.946882, 46.968739 ], [ -123.939214, 46.969739 ], [ -123.921617, 46.971864 ], [ -123.9137829, 46.9718851 ], [ -123.9022589, 46.971916199999988 ], [ -123.898245, 46.971927 ], [ -123.889402, 46.968904 ], [ -123.878980299999981, 46.9696241 ], [ -123.87574, 46.969848 ], [ -123.8601505, 46.96772 ], [ -123.859103, 46.967577 ], [ -123.8521192, 46.9643739 ], [ -123.852205, 46.974238 ], [ -123.852215, 46.976045 ], [ -123.85222, 46.976939 ], [ -123.852182, 46.980565 ], [ -123.854525, 46.980503 ], [ -123.860355, 46.980552 ], [ -123.860297, 46.983543 ], [ -123.860149, 46.995456 ], [ -123.860001, 47.003908 ], [ -123.880818, 47.004415 ], [ -123.88306, 47.004594 ], [ -123.883853, 47.003518 ], [ -123.883443, 46.999638 ], [ -123.886309, 46.995975 ], [ -123.890116, 46.997534 ], [ -123.892891, 46.995462 ], [ -123.896467, 46.995507 ], [ -123.898346, 46.996698 ], [ -123.902029, 46.997942 ], [ -123.902059, 46.996936 ], [ -123.907233, 46.997274 ], [ -123.907321, 47.004944 ], [ -123.908524, 47.006213 ], [ -123.912353, 47.00627 ], [ -123.912394, 47.013186 ], [ -123.917479, 47.013224 ], [ -123.917316, 47.020031 ], [ -123.914058, 47.020046 ], [ -123.915323, 47.021462 ], [ -123.922379, 47.021332 ], [ -123.922494, 47.017093 ], [ -123.932975, 47.017415 ], [ -123.932951, 47.013825 ], [ -123.922573, 47.013596 ], [ -123.922656, 47.009777 ], [ -123.932992, 47.010232 ], [ -123.933043, 47.008669 ], [ -123.93311, 47.00668 ], [ -123.943627, 47.006961 ], [ -123.944124, 46.996071 ], [ -123.944042, 46.983517 ], [ -123.946319, 46.983561 ], [ -123.954662, 46.982729 ], [ -123.9545125, 46.976476299999987 ] ] ] ] } },
{ "type": "Feature", "properties": { "GEOID": "5363280", "NAME": "Selah city, Washington", "population": 8678.0 }, "geometry": { "type": "Polygon", "coordinates": [ [ [ -120.56222, 46.669001 ], [ -120.558237, 46.668029 ], [ -120.558237, 46.665657 ], [ -120.557467, 46.665273 ], [ -120.551598, 46.665276 ], [ -120.551592, 46.663445 ], [ -120.551586, 46.663213 ], [ -120.549213, 46.66161 ], [ -120.551601, 46.661601 ], [ -120.551609, 46.657772 ], [ -120.554939, 46.656056 ], [ -120.554929, 46.65203 ], [ -120.551595, 46.652029 ], [ -120.551578, 46.646158 ], [ -120.548945, 46.647667 ], [ -120.546275, 46.648315 ], [ -120.546305, 46.644078 ], [ -120.543122, 46.64433 ], [ -120.540405, 46.646198 ], [ -120.538338, 46.645619 ], [ -120.537522, 46.643968 ], [ -120.537521, 46.643177 ], [ -120.539788, 46.643201 ], [ -120.542571, 46.63964 ], [ -120.540977, 46.639626 ], [ -120.541007, 46.636093 ], [ -120.554392, 46.636154 ], [ -120.555261, 46.639756 ], [ -120.555231, 46.643348 ], [ -120.556808, 46.643377 ], [ -120.562166, 46.643419 ], [ -120.562264, 46.632591 ], [ -120.562072, 46.631661 ], [ -120.562213, 46.628974 ], [ -120.562255, 46.626347 ], [ -120.55623, 46.626245 ], [ -120.549274, 46.625647 ], [ -120.542845, 46.624284 ], [ -120.538566, 46.625364 ], [ -120.534085, 46.625666 ], [ -120.52569, 46.626681 ], [ -120.521083, 46.627857 ], [ -120.520242, 46.62807 ], [ -120.521235, 46.629783 ], [ -120.52529, 46.632516 ], [ -120.530414, 46.632515 ], [ -120.530379, 46.635927 ], [ -120.535689, 46.636007 ], [ -120.535704, 46.639569 ], [ -120.533199, 46.639534 ], [ -120.533094, 46.642094 ], [ -120.533732, 46.643129 ], [ -120.530372, 46.64243 ], [ -120.53007, 46.641236 ], [ -120.529508, 46.640812 ], [ -120.528623, 46.642437 ], [ -120.526949, 46.642431 ], [ -120.52855, 46.638829 ], [ -120.527603, 46.637501 ], [ -120.526717, 46.636622 ], [ -120.525448, 46.636245 ], [ -120.523867, 46.638725 ], [ -120.521676, 46.640095 ], [ -120.515638, 46.642338 ], [ -120.513853, 46.643462 ], [ -120.511448, 46.646755 ], [ -120.514557, 46.646865 ], [ -120.514529, 46.649115 ], [ -120.514532, 46.650411 ], [ -120.519875, 46.650438 ], [ -120.520335, 46.654002 ], [ -120.521818, 46.654527 ], [ -120.520373, 46.657684 ], [ -120.522183, 46.657677 ], [ -120.521124, 46.659556 ], [ -120.516165, 46.66502 ], [ -120.516631, 46.666855 ], [ -120.520491, 46.666884 ], [ -120.521572, 46.665081 ], [ -120.525135, 46.665105 ], [ -120.525143, 46.665656 ], [ -120.526829, 46.665543 ], [ -120.526814, 46.66693 ], [ -120.527899, 46.666971 ], [ -120.527899, 46.66624 ], [ -120.529617, 46.666217 ], [ -120.529957, 46.665141 ], [ -120.530394, 46.665144 ], [ -120.530449, 46.668763 ], [ -120.535875, 46.668828 ], [ -120.536437, 46.667985 ], [ -120.536413, 46.667019 ], [ -120.533076, 46.666978 ], [ -120.533102, 46.665161 ], [ -120.537352, 46.665187 ], [ -120.536793, 46.666546 ], [ -120.537826, 46.667021 ], [ -120.537699, 46.66883 ], [ -120.542936, 46.668859 ], [ -120.544643, 46.67083 ], [ -120.547797, 46.672563 ], [ -120.562321, 46.672636 ], [ -120.56222, 46.669001 ] ] ] } },
{ "type": "Feature", "properties": { "GEOID": "5371960", "NAME": "Toppenish city, Washington", "population": 8635.0 }, "geometry": { "type": "MultiPolygon", "coordinates": [ [ [ [ -120.286157, 46.369545 ], [ -120.285094, 46.367647 ], [ -120.281552, 46.367624 ], [ -120.282464, 46.36874 ], [ -120.286158, 46.371273 ], [ -120.286157, 46.369545 ] ] ], [ [ [ -120.335893, 46.364111 ], [ -120.331995, 46.364124 ], [ -120.333305, 46.365904 ], [ -120.333304, 46.367517 ], [ -120.335942, 46.367583 ], [ -120.335893, 46.364111 ] ] ], [ [ [ -120.335972, 46.378601 ], [ -120.328064, 46.378621 ], [ -120.327001, 46.377853 ], [ -120.324896, 46.378685 ], [ -120.325467, 46.373241 ], [ -120.32149, 46.371748 ], [ -120.320443, 46.371685 ], [ -120.320203, 46.369772 ], [ -120.320214, 46.368086 ], [ -120.320216, 46.367716 ], [ -120.309808, 46.367793 ], [ -120.309796, 46.368494 ], [ -120.308393, 46.367856 ], [ -120.296019, 46.367811 ], [ -120.301472, 46.371464 ], [ -120.301299, 46.371468 ], [ -120.299284, 46.371458 ], [ -120.299238, 46.374303 ], [ -120.293978, 46.374346 ], [ -120.293931, 46.378558 ], [ -120.299096, 46.378662 ], [ -120.299265, 46.385954 ], [ -120.31497, 46.385995 ], [ -120.314654, 46.389451 ], [ -120.30418, 46.389432 ], [ -120.304205, 46.393143 ], [ -120.314359, 46.393199 ], [ -120.312987, 46.394332 ], [ -120.31285, 46.39605 ], [ -120.304067, 46.395993 ], [ -120.304117, 46.400389 ], [ -120.314561, 46.400433 ], [ -120.314531, 46.396726 ], [ -120.319815, 46.396789 ], [ -120.319856, 46.393095 ], [ -120.316708, 46.392995 ], [ -120.316285, 46.38957 ], [ -120.317334, 46.38601 ], [ -120.316274, 46.384189 ], [ -120.317418, 46.382563 ], [ -120.317395, 46.382035 ], [ -120.317641, 46.381679 ], [ -120.325163, 46.386614 ], [ -120.325167, 46.385995 ], [ -120.330442, 46.385985 ], [ -120.330712, 46.382296 ], [ -120.335809, 46.382294 ], [ -120.335972, 46.378601 ] ] ] ] } },
{ "type": "Feature", "properties": { "GEOID": "5357115", "NAME": "Quincy city, Washington", "population": 8510.0 }, "geometry": { "type": "MultiPolygon", "coordinates": [ [ [ [ -119.896622, 47.233807 ], [ -119.893573, 47.234075 ], [ -119.893578, 47.232869 ], [ -119.888295, 47.233062 ], [ -119.875081, 47.2331 ], [ -119.875139, 47.218599 ], [ -119.875138, 47.21427 ], [ -119.872717, 47.212156 ], [ -119.853381, 47.212744 ], [ -119.853382, 47.212301 ], [ -119.842623, 47.212285 ], [ -119.842612, 47.210052 ], [ -119.838556, 47.20884 ], [ -119.831963, 47.208852 ], [ -119.831979, 47.211128 ], [ -119.833732, 47.212324 ], [ -119.842675, 47.212346 ], [ -119.842657, 47.219484 ], [ -119.85337, 47.219444 ], [ -119.853372, 47.21763 ], [ -119.856213, 47.21944 ], [ -119.863964, 47.219797 ], [ -119.861002, 47.220003 ], [ -119.85785, 47.221921 ], [ -119.858769, 47.222376 ], [ -119.85868, 47.223141 ], [ -119.856627, 47.223148 ], [ -119.854086, 47.225215 ], [ -119.853355, 47.225252 ], [ -119.853344, 47.222423 ], [ -119.842701, 47.228838 ], [ -119.842707, 47.229374 ], [ -119.842724, 47.229957 ], [ -119.835519, 47.234019 ], [ -119.835599, 47.234017 ], [ -119.834994, 47.234964 ], [ -119.832226, 47.236459 ], [ -119.832007, 47.23547 ], [ -119.814991, 47.240198 ], [ -119.812518, 47.242693 ], [ -119.804148, 47.244611 ], [ -119.801993, 47.244777 ], [ -119.797529, 47.243799 ], [ -119.787568, 47.244447 ], [ -119.768082, 47.246258 ], [ -119.76808, 47.248775 ], [ -119.805439, 47.248608 ], [ -119.805342, 47.255928 ], [ -119.808529, 47.256026 ], [ -119.814345, 47.255101 ], [ -119.819085, 47.253925 ], [ -119.822902, 47.254117 ], [ -119.827258, 47.25291 ], [ -119.83035, 47.254122 ], [ -119.832061, 47.253924 ], [ -119.832032, 47.248524 ], [ -119.837328, 47.248487 ], [ -119.837734, 47.253819 ], [ -119.844014, 47.253455 ], [ -119.849922, 47.25023 ], [ -119.853385, 47.250002 ], [ -119.853367, 47.248468 ], [ -119.856049, 47.248463 ], [ -119.856085, 47.247418 ], [ -119.857343, 47.247439 ], [ -119.857377, 47.246271 ], [ -119.861388, 47.246223 ], [ -119.861381, 47.247583 ], [ -119.862343, 47.2477 ], [ -119.863899, 47.248257 ], [ -119.863336, 47.248258 ], [ -119.868213, 47.24841 ], [ -119.875126, 47.248398 ], [ -119.875112, 47.24322 ], [ -119.876136, 47.243996 ], [ -119.878226, 47.243875 ], [ -119.879982, 47.242883 ], [ -119.887011, 47.241861 ], [ -119.89648, 47.239222 ], [ -119.896622, 47.233807 ] ], [ [ -119.842413, 47.241254 ], [ -119.836567, 47.241265 ], [ -119.837382, 47.244896 ], [ -119.832054, 47.244921 ], [ -119.832043, 47.241284 ], [ -119.829533, 47.241287 ], [ -119.829466, 47.245046 ], [ -119.827969, 47.245044 ], [ -119.827958, 47.240134 ], [ -119.83204, 47.239772 ], [ -119.842817, 47.238776 ], [ -119.842413, 47.241254 ] ] ], [ [ [ -119.896519, 47.211178 ], [ -119.893715, 47.21119 ], [ -119.875536, 47.218434 ], [ -119.896633, 47.218412 ], [ -119.896519, 47.211178 ] ] ] ] } },
{ "type": "Feature", "properties": { "GEOID": "5363385", "NAME": "Sequim city, Washington", "population": 8215.0 }, "geometry": { "type": "MultiPolygon", "coordinates": [ [ [ [ -123.065053, 48.084319 ], [ -123.062797, 48.084521 ], [ -123.060476, 48.084641 ], [ -123.060588, 48.085401 ], [ -123.065208, 48.085152 ], [ -123.065053, 48.084319 ] ] ], [ [ [ -123.140366, 48.07484 ], [ -123.13902, 48.07337 ], [ -123.137686, 48.072532 ], [ -123.134915, 48.072539 ], [ -123.134949, 48.066763 ], [ -123.132186, 48.067023 ], [ -123.13221, 48.072426 ], [ -123.119969, 48.072385 ], [ -123.11857, 48.072233 ], [ -123.118606, 48.068777 ], [ -123.124052, 48.068785 ], [ -123.124071, 48.066086 ], [ -123.126802, 48.066091 ], [ -123.126787, 48.065198 ], [ -123.12408, 48.065183 ], [ -123.124093, 48.063344 ], [ -123.126797, 48.063347 ], [ -123.126764, 48.061507 ], [ -123.130858, 48.061515 ], [ -123.130859, 48.063295 ], [ -123.132205, 48.062608 ], [ -123.134952, 48.062613 ], [ -123.13497, 48.057857 ], [ -123.119374, 48.057807 ], [ -123.11856, 48.0578 ], [ -123.118615, 48.060152 ], [ -123.114575, 48.059643 ], [ -123.114576, 48.061485 ], [ -123.109943, 48.061488 ], [ -123.109953, 48.06341 ], [ -123.111866, 48.064406 ], [ -123.107763, 48.064825 ], [ -123.107764, 48.064265 ], [ -123.105149, 48.06426 ], [ -123.104919, 48.065164 ], [ -123.102447, 48.064715 ], [ -123.102408, 48.061495 ], [ -123.096942, 48.061472 ], [ -123.096969, 48.065214 ], [ -123.087182, 48.068063 ], [ -123.086064, 48.068699 ], [ -123.080628, 48.068609 ], [ -123.080594, 48.061282 ], [ -123.07494, 48.061323 ], [ -123.073983, 48.059359 ], [ -123.069893, 48.059046 ], [ -123.069859, 48.061376 ], [ -123.058956, 48.061058 ], [ -123.058569, 48.060577 ], [ -123.057784, 48.061362 ], [ -123.055862, 48.061369 ], [ -123.051704, 48.057604 ], [ -123.049769, 48.05522 ], [ -123.048318, 48.054709 ], [ -123.048308, 48.058091 ], [ -123.0464701, 48.0580618 ], [ -123.044628, 48.060744 ], [ -123.040864, 48.062273 ], [ -123.0428394, 48.0658497 ], [ -123.046096, 48.065842 ], [ -123.048094, 48.069458 ], [ -123.047957, 48.070084 ], [ -123.0451758, 48.0700803 ], [ -123.046246, 48.072018 ], [ -123.046240399999988, 48.0722979 ], [ -123.047727, 48.072176 ], [ -123.051359, 48.072223 ], [ -123.05133, 48.072498 ], [ -123.053438, 48.072502 ], [ -123.058914, 48.072227 ], [ -123.058877, 48.075975 ], [ -123.069847, 48.075964 ], [ -123.069734, 48.086855 ], [ -123.075202, 48.086836 ], [ -123.075201, 48.083195 ], [ -123.080634, 48.083183 ], [ -123.080633, 48.084577 ], [ -123.082344, 48.084648 ], [ -123.086053, 48.083757 ], [ -123.08602, 48.08521 ], [ -123.085917, 48.086807 ], [ -123.09139, 48.086823 ], [ -123.091472, 48.084361 ], [ -123.094862, 48.084464 ], [ -123.09486, 48.085973 ], [ -123.096884, 48.085067 ], [ -123.102284, 48.085089 ], [ -123.102272, 48.086824 ], [ -123.102284, 48.087652 ], [ -123.100819, 48.087654 ], [ -123.100818, 48.088051 ], [ -123.102282, 48.088066 ], [ -123.103524, 48.088268 ], [ -123.103527, 48.087455 ], [ -123.102927, 48.087453 ], [ -123.102923, 48.08683 ], [ -123.10952, 48.086851 ], [ -123.109501, 48.091785 ], [ -123.104992, 48.092055 ], [ -123.104987, 48.089622 ], [ -123.102271, 48.089614 ], [ -123.102279, 48.088721 ], [ -123.096866, 48.088694 ], [ -123.096857, 48.090505 ], [ -123.099586, 48.090514 ], [ -123.099569, 48.092306 ], [ -123.0982, 48.092306 ], [ -123.098187, 48.097409 ], [ -123.095617, 48.097371 ], [ -123.095732, 48.094141 ], [ -123.091431, 48.094129 ], [ -123.091407, 48.100596 ], [ -123.091405, 48.101356 ], [ -123.098183, 48.101413 ], [ -123.098183, 48.098967 ], [ -123.104079, 48.099144 ], [ -123.104959, 48.097852 ], [ -123.104989, 48.09415 ], [ -123.112285, 48.094196 ], [ -123.113102, 48.093005 ], [ -123.1131, 48.094202 ], [ -123.119975, 48.094233 ], [ -123.119975, 48.093037 ], [ -123.118547, 48.089482 ], [ -123.121837, 48.089493 ], [ -123.123946, 48.088394 ], [ -123.123951, 48.087874 ], [ -123.125048, 48.086959 ], [ -123.123964, 48.086967 ], [ -123.123992, 48.084217 ], [ -123.126044, 48.083323 ], [ -123.126055, 48.080601 ], [ -123.129441, 48.08063 ], [ -123.132173, 48.079668 ], [ -123.13216, 48.083386 ], [ -123.133747, 48.083393 ], [ -123.134043, 48.083376 ], [ -123.140174, 48.083394 ], [ -123.140306, 48.083403 ], [ -123.140366, 48.07484 ] ], [ [ -123.099641, 48.07247 ], [ -123.094213, 48.072543 ], [ -123.094208, 48.068764 ], [ -123.096423, 48.068776 ], [ -123.096945, 48.070539 ], [ -123.099651, 48.070558 ], [ -123.099641, 48.07247 ] ], [ [ -123.09012, 48.075325 ], [ -123.087014, 48.076005 ], [ -123.08604, 48.07493 ], [ -123.083756, 48.073298 ], [ -123.083769, 48.072295 ], [ -123.087364, 48.073707 ], [ -123.091507, 48.073371 ], [ -123.09012, 48.075325 ] ] ] ] } },
{ "type": "Feature", "properties": { "GEOID": "5350570", "NAME": "Ocean Shores city, Washington", "population": 7892.0 }, "geometry": { "type": "Polygon", "coordinates": [ [ [ -124.174789, 46.931113 ], [ -124.173877, 46.927235 ], [ -124.158624, 46.929439 ], [ -124.152162, 46.932045 ], [ -124.151876, 46.936955 ], [ -124.141267, 46.940266 ], [ -124.1394368, 46.941813 ], [ -124.139089, 46.942107 ], [ -124.135541, 46.943547 ], [ -124.127141, 46.941904 ], [ -124.120123, 46.938889 ], [ -124.10997, 46.935846 ], [ -124.106243, 46.937551 ], [ -124.106032, 46.944621 ], [ -124.109655, 46.947236 ], [ -124.112491, 46.947559 ], [ -124.119362, 46.944378 ], [ -124.127443, 46.945514 ], [ -124.128325, 46.950785 ], [ -124.132632, 46.961428 ], [ -124.130897, 46.964905 ], [ -124.135565, 46.965158 ], [ -124.138035, 46.970959 ], [ -124.1383399, 46.974085 ], [ -124.139733, 46.98837 ], [ -124.137444, 46.999151 ], [ -124.139234, 47.002929 ], [ -124.143665, 47.007017 ], [ -124.146669, 47.009876 ], [ -124.1479338, 47.0129527 ], [ -124.158627, 47.013022 ], [ -124.158613, 47.017278 ], [ -124.162606, 47.017375 ], [ -124.1705156, 47.0174776 ], [ -124.169113, 46.994508 ], [ -124.169149499999989, 46.9938654 ], [ -124.1709488, 46.9621803 ], [ -124.171161, 46.958443 ], [ -124.174503, 46.941623 ], [ -124.174789, 46.931113 ] ] ] } },
{ "type": "Feature", "properties": { "GEOID": "5311475", "NAME": "Chehalis city, Washington", "population": 7764.0 }, "geometry": { "type": "Polygon", "coordinates": [ [ [ -122.998057, 46.666131 ], [ -122.994245, 46.664682 ], [ -122.992472, 46.665064 ], [ -122.991376, 46.667494 ], [ -122.990393, 46.667664 ], [ -122.988567, 46.664464 ], [ -122.991454, 46.66284 ], [ -122.991262, 46.661288 ], [ -122.989658, 46.66096 ], [ -122.986237, 46.661816 ], [ -122.984252, 46.661397 ], [ -122.985381, 46.657854 ], [ -122.986243, 46.655602 ], [ -122.986015, 46.653903 ], [ -122.980943, 46.652058 ], [ -122.97951, 46.65136 ], [ -122.978385, 46.65159 ], [ -122.977495, 46.652094 ], [ -122.971634, 46.652106 ], [ -122.970168, 46.65138 ], [ -122.969802, 46.648491 ], [ -122.9684, 46.648487 ], [ -122.967919, 46.641313 ], [ -122.968494, 46.639714 ], [ -122.968258, 46.635942 ], [ -122.967745, 46.63378 ], [ -122.96626, 46.634849 ], [ -122.96494, 46.635056 ], [ -122.963684, 46.635645 ], [ -122.962273, 46.639171 ], [ -122.960757, 46.639779 ], [ -122.96068, 46.644164 ], [ -122.957297, 46.644671 ], [ -122.950151, 46.640123 ], [ -122.950135, 46.640771 ], [ -122.950122, 46.641265 ], [ -122.948835, 46.640192 ], [ -122.943723, 46.640018 ], [ -122.941755, 46.639709 ], [ -122.941832, 46.637524 ], [ -122.937153, 46.636867 ], [ -122.938384, 46.636391 ], [ -122.938171, 46.6341 ], [ -122.929015, 46.634123 ], [ -122.929099, 46.639934 ], [ -122.931397, 46.639935 ], [ -122.931406, 46.64117 ], [ -122.934711, 46.641156 ], [ -122.934682, 46.642616 ], [ -122.931939, 46.643818 ], [ -122.934008, 46.645143 ], [ -122.935279, 46.644206 ], [ -122.93817, 46.64606 ], [ -122.938141, 46.647512 ], [ -122.936847, 46.646935 ], [ -122.929508, 46.650964 ], [ -122.933807, 46.651263 ], [ -122.938248, 46.647549 ], [ -122.941668, 46.648609 ], [ -122.941637, 46.652342 ], [ -122.944929, 46.653283 ], [ -122.949034, 46.653201 ], [ -122.947355, 46.65497 ], [ -122.950165, 46.655024 ], [ -122.950118, 46.655936 ], [ -122.939668, 46.655845 ], [ -122.939726, 46.659365 ], [ -122.94489, 46.658566 ], [ -122.950202, 46.658555 ], [ -122.950213, 46.662898 ], [ -122.956204, 46.662897 ], [ -122.960655, 46.665571 ], [ -122.960614, 46.67238 ], [ -122.960584, 46.677322 ], [ -122.950296, 46.677258 ], [ -122.950225, 46.680808 ], [ -122.950084, 46.691553 ], [ -122.95271, 46.691676 ], [ -122.952708, 46.693861 ], [ -122.954883, 46.693852 ], [ -122.955296, 46.694466 ], [ -122.95719, 46.694465 ], [ -122.957155, 46.691768 ], [ -122.964549, 46.691769 ], [ -122.964826, 46.691773 ], [ -122.96789, 46.684561 ], [ -122.970881, 46.684596 ], [ -122.971127, 46.688237 ], [ -122.972839, 46.687764 ], [ -122.976393, 46.687392 ], [ -122.978051, 46.686299 ], [ -122.984408, 46.685801 ], [ -122.985186, 46.685225 ], [ -122.985731, 46.678492 ], [ -122.991354, 46.679692 ], [ -122.994973, 46.677274 ], [ -122.994873, 46.674233 ], [ -122.993917, 46.673726 ], [ -122.991962, 46.674185 ], [ -122.9913, 46.673371 ], [ -122.993289, 46.670806 ], [ -122.993789, 46.668108 ], [ -122.996791, 46.668502 ], [ -122.998057, 46.666131 ] ] ] } },
{ "type": "Feature", "properties": { "GEOID": "5368260", "NAME": "Sultan city, Washington", "population": 7230.0 }, "geometry": { "type": "Polygon", "coordinates": [ [ [ -121.834169, 47.856877 ], [ -121.820636, 47.86052 ], [ -121.820328, 47.860222 ], [ -121.818687, 47.860384 ], [ -121.814966, 47.860368 ], [ -121.805252, 47.859391 ], [ -121.798077, 47.859263 ], [ -121.794281, 47.859235 ], [ -121.788598, 47.86196 ], [ -121.790936, 47.861911 ], [ -121.790937, 47.862719 ], [ -121.790639, 47.86304 ], [ -121.787226, 47.863065 ], [ -121.786065, 47.864135 ], [ -121.788585, 47.864109 ], [ -121.788538, 47.86592 ], [ -121.787537, 47.866418 ], [ -121.787448, 47.866659 ], [ -121.786111, 47.866812 ], [ -121.783148, 47.867217 ], [ -121.77998, 47.867208 ], [ -121.776186, 47.866561 ], [ -121.774045, 47.866644 ], [ -121.77046, 47.867605 ], [ -121.770975, 47.868811 ], [ -121.767665, 47.869245 ], [ -121.767458, 47.871697 ], [ -121.777639, 47.871438 ], [ -121.77763, 47.874993 ], [ -121.785637, 47.874929 ], [ -121.785569, 47.878551 ], [ -121.780863, 47.87856 ], [ -121.781568, 47.879302 ], [ -121.781573, 47.882157 ], [ -121.799182, 47.882002 ], [ -121.799186, 47.880215 ], [ -121.80553, 47.880107 ], [ -121.806365, 47.876435 ], [ -121.809649, 47.876387 ], [ -121.809768, 47.885399 ], [ -121.80446, 47.885502 ], [ -121.804493, 47.88915 ], [ -121.820635, 47.888757 ], [ -121.820626, 47.886747 ], [ -121.820623, 47.885189 ], [ -121.816403, 47.885316 ], [ -121.815217, 47.88532 ], [ -121.815184, 47.882768 ], [ -121.817201, 47.881692 ], [ -121.817173, 47.878154 ], [ -121.819259, 47.878116 ], [ -121.820846, 47.874451 ], [ -121.825345, 47.874418 ], [ -121.825221, 47.872618 ], [ -121.829713, 47.869113 ], [ -121.829565, 47.867177 ], [ -121.831548, 47.867172 ], [ -121.831753, 47.863594 ], [ -121.831138, 47.859281 ], [ -121.834264, 47.858441 ], [ -121.834169, 47.856877 ] ] ] } },
{ "type": "Feature", "properties": { "GEOID": "5312630", "NAME": "Clarkston city, Washington", "population": 7189.0 }, "geometry": { "type": "Polygon", "coordinates": [ [ [ -117.069146, 46.42044 ], [ -117.06911, 46.41991 ], [ -117.06909, 46.4181 ], [ -117.05866, 46.4181 ], [ -117.05866, 46.415261 ], [ -117.059056, 46.414757 ], [ -117.059686, 46.411774 ], [ -117.05865, 46.409959 ], [ -117.05864, 46.40725 ], [ -117.05997, 46.40725 ], [ -117.05997, 46.406543 ], [ -117.058636, 46.405978 ], [ -117.05863, 46.404202 ], [ -117.059933, 46.402787 ], [ -117.058654, 46.402801 ], [ -117.05936, 46.40209 ], [ -117.05905, 46.40172 ], [ -117.05537, 46.401446 ], [ -117.05535, 46.4 ], [ -117.054694, 46.399968 ], [ -117.054696, 46.40119 ], [ -117.053387, 46.400628 ], [ -117.049999, 46.400992 ], [ -117.04893, 46.399485 ], [ -117.04426, 46.40056 ], [ -117.04426, 46.40364 ], [ -117.04215, 46.4039 ], [ -117.042021, 46.406006 ], [ -117.038648, 46.408369 ], [ -117.0362076, 46.4083956 ], [ -117.035545, 46.410012 ], [ -117.034696, 46.418318 ], [ -117.0356261, 46.4204505 ], [ -117.0356626, 46.4205341 ], [ -117.036562, 46.422596 ], [ -117.039652499999988, 46.4252853 ], [ -117.039813, 46.425425 ], [ -117.0398121, 46.4259041 ], [ -117.048323, 46.42915 ], [ -117.052917, 46.430014 ], [ -117.055422, 46.429873 ], [ -117.056015, 46.426242 ], [ -117.058655, 46.426156 ], [ -117.058662, 46.426693 ], [ -117.061348, 46.426661 ], [ -117.061556, 46.428774 ], [ -117.067537, 46.426993 ], [ -117.068374, 46.426593 ], [ -117.06916, 46.42347 ], [ -117.069146, 46.42044 ] ] ] } },
{ "type": "Feature", "properties": { "GEOID": "5352495", "NAME": "Pacific city, Washington", "population": 7056.0 }, "geometry": { "type": "Polygon", "coordinates": [ [ [ -122.271499, 47.25736 ], [ -122.262152, 47.257374 ], [ -122.261192, 47.255807 ], [ -122.260126, 47.254773 ], [ -122.258905, 47.250691 ], [ -122.258658, 47.250372 ], [ -122.255673, 47.242897 ], [ -122.246381, 47.242925 ], [ -122.246426, 47.250159 ], [ -122.245187, 47.250124 ], [ -122.245013, 47.257434 ], [ -122.240181, 47.257473 ], [ -122.238761, 47.257482 ], [ -122.229792, 47.257559 ], [ -122.229495, 47.257556 ], [ -122.229982, 47.265887 ], [ -122.230031, 47.26673 ], [ -122.228823, 47.266641 ], [ -122.228747, 47.268375 ], [ -122.23013, 47.268298 ], [ -122.230358, 47.271933 ], [ -122.236833, 47.271897 ], [ -122.23949, 47.271817 ], [ -122.23953, 47.268258 ], [ -122.242234, 47.268246 ], [ -122.246465, 47.268266 ], [ -122.247229, 47.272927 ], [ -122.250022, 47.272902 ], [ -122.252471, 47.272932 ], [ -122.256138, 47.274041 ], [ -122.260473, 47.274187 ], [ -122.261071, 47.272603 ], [ -122.261944, 47.268319 ], [ -122.263406, 47.268342 ], [ -122.271244, 47.268416 ], [ -122.271499, 47.25736 ] ] ] } },
{ "type": "Feature", "properties": { "GEOID": "5306330", "NAME": "Black Diamond city, Washington", "population": 6978.0 }, "geometry": { "type": "MultiPolygon", "coordinates": [ [ [ [ -121.966252, 47.284812 ], [ -121.961382, 47.284694 ], [ -121.959908, 47.286334 ], [ -121.959354, 47.288255 ], [ -121.964516, 47.288917 ], [ -121.968655, 47.286412 ], [ -121.966252, 47.284812 ] ] ], [ [ [ -122.053898, 47.340587 ], [ -122.052254, 47.336919 ], [ -122.051479, 47.336739 ], [ -122.045821, 47.335891 ], [ -122.044304, 47.329567 ], [ -122.043878, 47.328199 ], [ -122.039611, 47.324975 ], [ -122.038877, 47.322361 ], [ -122.037931, 47.318592 ], [ -122.034179, 47.315025 ], [ -122.038764, 47.315045 ], [ -122.038818, 47.310924 ], [ -122.038451, 47.301286 ], [ -122.038199, 47.286681 ], [ -122.037219, 47.285723 ], [ -122.036761, 47.285557 ], [ -122.035518, 47.285797 ], [ -122.034764, 47.28615 ], [ -122.032845, 47.286462 ], [ -122.031967, 47.286694 ], [ -122.022277, 47.286772 ], [ -122.022254, 47.285885 ], [ -122.021563, 47.286567 ], [ -122.020798, 47.286748 ], [ -122.019554, 47.286729 ], [ -122.019614, 47.28839 ], [ -122.019681, 47.290165 ], [ -122.017059, 47.290087 ], [ -122.011649, 47.290036 ], [ -122.011779, 47.293316 ], [ -121.996598, 47.292791 ], [ -121.998471, 47.294556 ], [ -121.999502, 47.296475 ], [ -121.995958, 47.29641 ], [ -121.995912, 47.300061 ], [ -121.985167, 47.300008 ], [ -121.985224, 47.303649 ], [ -121.980063, 47.303614 ], [ -121.978148, 47.305834 ], [ -121.979766, 47.307238 ], [ -121.983819, 47.307276 ], [ -121.985294, 47.308642 ], [ -121.985295, 47.31829 ], [ -121.987613, 47.318327 ], [ -122.004005, 47.318596 ], [ -122.0042, 47.320136 ], [ -122.003652, 47.323647 ], [ -122.000517, 47.326514 ], [ -121.996927, 47.328141 ], [ -121.995755, 47.329527 ], [ -122.010033, 47.3296 ], [ -122.01233, 47.334388 ], [ -122.012932, 47.335144 ], [ -122.017319, 47.331954 ], [ -122.019477, 47.329408 ], [ -122.02811, 47.329467 ], [ -122.027115, 47.343518 ], [ -122.03779, 47.343544 ], [ -122.042366, 47.343547 ], [ -122.043264, 47.34357 ], [ -122.053873, 47.34357 ], [ -122.053898, 47.340587 ] ] ] ] } },
{ "type": "Feature", "properties": { "GEOID": "5323970", "NAME": "Fircrest city, Washington", "population": 6959.0 }, "geometry": { "type": "Polygon", "coordinates": [ [ [ -122.526458, 47.217294 ], [ -122.520073, 47.217338 ], [ -122.515865, 47.217356 ], [ -122.515839, 47.21921 ], [ -122.515815, 47.221008 ], [ -122.511922, 47.221031 ], [ -122.51185, 47.217389 ], [ -122.505204, 47.217436 ], [ -122.505152, 47.22107 ], [ -122.50515, 47.228418 ], [ -122.505107, 47.232 ], [ -122.505028, 47.239712 ], [ -122.505269, 47.242901 ], [ -122.52637, 47.242709 ], [ -122.526392, 47.237606 ], [ -122.526376, 47.235445 ], [ -122.526298, 47.228202 ], [ -122.521259, 47.228207 ], [ -122.521037, 47.225002 ], [ -122.521711, 47.224609 ], [ -122.526362, 47.224587 ], [ -122.526458, 47.217294 ] ], [ [ -122.513904, 47.228276 ], [ -122.509547, 47.228257 ], [ -122.509535, 47.227244 ], [ -122.507684, 47.227254 ], [ -122.507672, 47.226512 ], [ -122.506443, 47.226519 ], [ -122.506414, 47.224697 ], [ -122.507609, 47.22469 ], [ -122.511966, 47.224661 ], [ -122.511986, 47.225444 ], [ -122.513222, 47.225562 ], [ -122.51324, 47.22647 ], [ -122.513726, 47.226466 ], [ -122.513904, 47.228276 ] ] ] } },
{ "type": "Feature", "properties": { "GEOID": "5356450", "NAME": "Prosser city, Washington", "population": 6654.0 }, "geometry": { "type": "MultiPolygon", "coordinates": [ [ [ [ -119.742556, 46.203901 ], [ -119.740001, 46.203909 ], [ -119.74001, 46.202976 ], [ -119.737453, 46.202975 ], [ -119.737475, 46.200142 ], [ -119.726872, 46.201102 ], [ -119.726883, 46.207899 ], [ -119.73959, 46.207645 ], [ -119.742692, 46.206961 ], [ -119.742556, 46.203901 ] ] ], [ [ [ -119.778903, 46.222174 ], [ -119.77832, 46.221819 ], [ -119.777683, 46.221753 ], [ -119.777676, 46.2235 ], [ -119.779048, 46.223504 ], [ -119.778903, 46.222174 ] ] ], [ [ [ -119.809765, 46.186028 ], [ -119.789506, 46.186011 ], [ -119.7894, 46.191519 ], [ -119.777634, 46.191437 ], [ -119.758363, 46.191302 ], [ -119.758317, 46.199578 ], [ -119.756525, 46.200272 ], [ -119.749044, 46.200261 ], [ -119.747917, 46.200216 ], [ -119.747834, 46.203881 ], [ -119.74651, 46.206075 ], [ -119.742692, 46.206961 ], [ -119.746193, 46.207535 ], [ -119.746193, 46.208693 ], [ -119.7437, 46.210091 ], [ -119.739903, 46.211079 ], [ -119.74156, 46.212209 ], [ -119.743911, 46.212584 ], [ -119.74572, 46.214048 ], [ -119.728458, 46.217582 ], [ -119.728475, 46.214262 ], [ -119.726808, 46.214488 ], [ -119.721564, 46.217434 ], [ -119.721456, 46.217162 ], [ -119.718558, 46.218466 ], [ -119.712681, 46.220029 ], [ -119.709267, 46.22039 ], [ -119.716614, 46.220321 ], [ -119.721614, 46.219349 ], [ -119.721755, 46.219911 ], [ -119.723397, 46.219436 ], [ -119.722419, 46.219984 ], [ -119.721673, 46.22328 ], [ -119.727098, 46.2237 ], [ -119.729243, 46.223609 ], [ -119.736549, 46.221619 ], [ -119.745351, 46.21843 ], [ -119.749509, 46.216195 ], [ -119.751143, 46.216098 ], [ -119.75934, 46.212949 ], [ -119.761833, 46.212301 ], [ -119.761799, 46.215093 ], [ -119.75655, 46.218241 ], [ -119.752107, 46.219534 ], [ -119.75726, 46.220814 ], [ -119.763338, 46.220739 ], [ -119.763344, 46.219843 ], [ -119.76677, 46.219843 ], [ -119.768598, 46.219302 ], [ -119.76868, 46.21504 ], [ -119.769253, 46.213547 ], [ -119.77186, 46.212267 ], [ -119.774068, 46.211851 ], [ -119.775849, 46.215621 ], [ -119.773856, 46.215532 ], [ -119.773831, 46.22085 ], [ -119.779051, 46.220864 ], [ -119.780283, 46.221194 ], [ -119.780848, 46.225329 ], [ -119.776431, 46.225309 ], [ -119.776427, 46.226221 ], [ -119.780284, 46.226379 ], [ -119.780682, 46.228946 ], [ -119.781653, 46.228955 ], [ -119.781662, 46.227145 ], [ -119.784284, 46.227156 ], [ -119.784275, 46.228972 ], [ -119.789488, 46.22897 ], [ -119.789481, 46.225357 ], [ -119.792149, 46.225374 ], [ -119.792135, 46.228981 ], [ -119.797643, 46.229005 ], [ -119.798435, 46.228473 ], [ -119.798441, 46.224946 ], [ -119.800165, 46.225874 ], [ -119.802609, 46.225436 ], [ -119.802623, 46.221775 ], [ -119.800034, 46.221784 ], [ -119.800001, 46.225179 ], [ -119.796303, 46.222669 ], [ -119.79749, 46.221761 ], [ -119.800034, 46.221749 ], [ -119.800094, 46.214498 ], [ -119.799794, 46.211216 ], [ -119.789359, 46.211261 ], [ -119.789341, 46.20945 ], [ -119.788041, 46.209443 ], [ -119.788014, 46.20762 ], [ -119.784157, 46.207605 ], [ -119.784158, 46.209033 ], [ -119.780445, 46.20906 ], [ -119.779179, 46.21008 ], [ -119.777475, 46.208973 ], [ -119.77904, 46.206159 ], [ -119.77836, 46.20254 ], [ -119.779124, 46.201649 ], [ -119.782514, 46.203083 ], [ -119.782512, 46.200651 ], [ -119.785268, 46.199961 ], [ -119.792425, 46.198943 ], [ -119.792456, 46.197071 ], [ -119.791901, 46.197205 ], [ -119.791941, 46.194396 ], [ -119.796062, 46.193304 ], [ -119.798188, 46.191842 ], [ -119.798282, 46.191137 ], [ -119.800347, 46.191152 ], [ -119.809763, 46.18799 ], [ -119.809758, 46.187974 ], [ -119.809765, 46.186028 ] ], [ [ -119.779055, 46.220721 ], [ -119.779087, 46.218976 ], [ -119.781686, 46.218992 ], [ -119.781686, 46.220866 ], [ -119.779154, 46.220862 ], [ -119.779051, 46.220864 ], [ -119.779055, 46.220721 ] ] ] ] } },
{ "type": "Feature", "properties": { "GEOID": "5367770", "NAME": "Steilacoom town, Washington", "population": 6648.0 }, "geometry": { "type": "Polygon", "coordinates": [ [ [ -122.616246, 47.157244 ], [ -122.602989, 47.157163 ], [ -122.602986, 47.159541 ], [ -122.593093, 47.159442 ], [ -122.593087, 47.159644 ], [ -122.593044, 47.1611 ], [ -122.589806, 47.161087 ], [ -122.582648, 47.161064 ], [ -122.582649, 47.161388 ], [ -122.582585, 47.169832 ], [ -122.580609, 47.173867 ], [ -122.579312, 47.173846 ], [ -122.578016, 47.173874 ], [ -122.577209, 47.175555 ], [ -122.574297, 47.175503 ], [ -122.574403, 47.176832 ], [ -122.574444, 47.17857 ], [ -122.574398, 47.17878 ], [ -122.574592, 47.178776 ], [ -122.574625, 47.179891 ], [ -122.574662, 47.181476 ], [ -122.572334, 47.18146 ], [ -122.57232, 47.187279 ], [ -122.575902, 47.187236 ], [ -122.576311, 47.186518 ], [ -122.577194, 47.18563 ], [ -122.580637, 47.184819 ], [ -122.582394, 47.186275 ], [ -122.584125, 47.187211 ], [ -122.58483, 47.18745 ], [ -122.584953399999989, 47.1872579 ], [ -122.590829, 47.178107 ], [ -122.592853, 47.1758838 ], [ -122.592912, 47.175819 ], [ -122.593175300000013, 47.1757874 ], [ -122.596952, 47.175334 ], [ -122.6033931, 47.1725095 ], [ -122.603193, 47.172253 ], [ -122.610582, 47.170022 ], [ -122.613068, 47.168311 ], [ -122.614348, 47.165619 ], [ -122.616246, 47.157244 ] ] ] } },
{ "type": "Feature", "properties": { "GEOID": "5373290", "NAME": "Union Gap city, Washington", "population": 6617.0 }, "geometry": { "type": "Polygon", "coordinates": [ [ [ -120.552072, 46.551163 ], [ -120.551074, 46.550503 ], [ -120.549175, 46.550557 ], [ -120.549173, 46.550433 ], [ -120.546477, 46.551058 ], [ -120.53829, 46.550518 ], [ -120.529636, 46.551792 ], [ -120.528828, 46.551509 ], [ -120.528274, 46.551555 ], [ -120.52817, 46.551625 ], [ -120.526004, 46.551856 ], [ -120.525869, 46.552353 ], [ -120.522971, 46.552522 ], [ -120.51991, 46.550724 ], [ -120.518137, 46.551604 ], [ -120.506975, 46.551048 ], [ -120.503383, 46.548347 ], [ -120.502178, 46.548542 ], [ -120.50153, 46.549122 ], [ -120.498881, 46.547225 ], [ -120.495203, 46.547531 ], [ -120.494446, 46.544837 ], [ -120.491831, 46.542422 ], [ -120.497768, 46.542464 ], [ -120.498268, 46.541018 ], [ -120.502322, 46.540687 ], [ -120.502358, 46.538953 ], [ -120.490985, 46.53879 ], [ -120.491043, 46.535314 ], [ -120.480469, 46.535236 ], [ -120.480374, 46.531744 ], [ -120.47406, 46.531624 ], [ -120.474157, 46.53523 ], [ -120.474554, 46.536426 ], [ -120.475358, 46.537232 ], [ -120.475978, 46.538213 ], [ -120.476264, 46.540368 ], [ -120.475538, 46.539703 ], [ -120.4743, 46.542495 ], [ -120.470865, 46.542452 ], [ -120.470508, 46.553487 ], [ -120.472267, 46.553485 ], [ -120.471636, 46.556302 ], [ -120.470219, 46.557196 ], [ -120.466348, 46.557204 ], [ -120.464533, 46.557211 ], [ -120.464528, 46.558404 ], [ -120.464481, 46.562886 ], [ -120.46567, 46.566566 ], [ -120.472039, 46.566615 ], [ -120.472436, 46.570337 ], [ -120.472435, 46.570401 ], [ -120.47204, 46.570398 ], [ -120.471788, 46.570369 ], [ -120.471718, 46.577501 ], [ -120.471718, 46.577615 ], [ -120.48815, 46.577753 ], [ -120.488222, 46.574093 ], [ -120.485018, 46.574071 ], [ -120.486046, 46.57054 ], [ -120.482826, 46.570414 ], [ -120.482264, 46.566226 ], [ -120.483207, 46.56577 ], [ -120.484409, 46.565416 ], [ -120.484411, 46.564685 ], [ -120.483, 46.564676 ], [ -120.483032, 46.563669 ], [ -120.484236, 46.563648 ], [ -120.484237, 46.563135 ], [ -120.488446, 46.563187 ], [ -120.490361, 46.563211 ], [ -120.491045, 46.563219 ], [ -120.496305, 46.563284 ], [ -120.496091, 46.56871 ], [ -120.501637, 46.567883 ], [ -120.50156, 46.570628 ], [ -120.509502, 46.570728 ], [ -120.520013, 46.570793 ], [ -120.530313, 46.570864 ], [ -120.530314, 46.568505 ], [ -120.529745, 46.567666 ], [ -120.529082, 46.567228 ], [ -120.520096, 46.564939 ], [ -120.520394, 46.561668 ], [ -120.520392, 46.561644 ], [ -120.520291, 46.560172 ], [ -120.522952, 46.560115 ], [ -120.522973, 46.561668 ], [ -120.526021, 46.561635 ], [ -120.528178, 46.561607 ], [ -120.528258, 46.557981 ], [ -120.528269, 46.557292 ], [ -120.528491, 46.557982 ], [ -120.546173, 46.557891 ], [ -120.549363, 46.557904 ], [ -120.552253, 46.557917 ], [ -120.552072, 46.551163 ] ] ] } },
{ "type": "Feature", "properties": { "GEOID": "5379625", "NAME": "Woodland city, Washington", "population": 6611.0 }, "geometry": { "type": "Polygon", "coordinates": [ [ [ -122.773426, 45.931379 ], [ -122.770805, 45.931391 ], [ -122.770865, 45.927756 ], [ -122.764834, 45.927681 ], [ -122.762997, 45.927325 ], [ -122.764709, 45.92325 ], [ -122.769387, 45.9239 ], [ -122.771156, 45.917688 ], [ -122.771192, 45.915426 ], [ -122.769215, 45.915843 ], [ -122.76968, 45.903903 ], [ -122.769599, 45.901068 ], [ -122.766249, 45.90111 ], [ -122.76628, 45.897638 ], [ -122.763196, 45.897571 ], [ -122.763209, 45.892806 ], [ -122.754417, 45.892675 ], [ -122.746526, 45.892073 ], [ -122.745716, 45.893035 ], [ -122.747064, 45.893485 ], [ -122.749446, 45.896269 ], [ -122.748636, 45.898341 ], [ -122.742382, 45.898774 ], [ -122.739656, 45.89849 ], [ -122.738827, 45.898486 ], [ -122.74013, 45.900625 ], [ -122.739856, 45.900732 ], [ -122.737661, 45.901886 ], [ -122.737293, 45.905775 ], [ -122.737752, 45.907997 ], [ -122.739534, 45.910802 ], [ -122.740128, 45.914754 ], [ -122.738996, 45.915287 ], [ -122.732568, 45.914027 ], [ -122.73018, 45.914308 ], [ -122.725933, 45.915729 ], [ -122.723821, 45.917653 ], [ -122.72245, 45.920224 ], [ -122.723193, 45.920303 ], [ -122.721291, 45.923455 ], [ -122.719095, 45.92601 ], [ -122.723173, 45.926616 ], [ -122.721887, 45.930743 ], [ -122.723064, 45.931463 ], [ -122.726804, 45.931442 ], [ -122.727066, 45.92925 ], [ -122.729502, 45.930132 ], [ -122.729953, 45.928696 ], [ -122.733881, 45.928224 ], [ -122.734, 45.927419 ], [ -122.733886, 45.925863 ], [ -122.736774, 45.925822 ], [ -122.736783, 45.92723 ], [ -122.739126, 45.925691 ], [ -122.742737, 45.926581 ], [ -122.745079, 45.924101 ], [ -122.748152, 45.924081 ], [ -122.748126, 45.924553 ], [ -122.747682, 45.92597 ], [ -122.747439, 45.929901 ], [ -122.75008, 45.931531 ], [ -122.756709, 45.930119 ], [ -122.755153, 45.927778 ], [ -122.756777, 45.9273 ], [ -122.75697, 45.927243 ], [ -122.757904, 45.926969 ], [ -122.762068, 45.932248 ], [ -122.762971, 45.933094 ], [ -122.765428, 45.935008 ], [ -122.773402, 45.935029 ], [ -122.773426, 45.931379 ] ] ] } },
{ "type": "Feature", "properties": { "GEOID": "5349415", "NAME": "Normandy Park city, Washington", "population": 6609.0 }, "geometry": { "type": "Polygon", "coordinates": [ [ [ -122.361336, 47.448741 ], [ -122.355452, 47.44883 ], [ -122.355493, 47.447875 ], [ -122.355585, 47.445122 ], [ -122.359346, 47.445163 ], [ -122.36230590000001, 47.4451668 ], [ -122.360461, 47.442533 ], [ -122.3563036, 47.4420553 ], [ -122.355135, 47.441921 ], [ -122.354281, 47.436424 ], [ -122.351191, 47.430797 ], [ -122.351191, 47.423078 ], [ -122.348035, 47.415921 ], [ -122.335234, 47.408421 ], [ -122.3346328, 47.4069385 ], [ -122.3333972, 47.4038912 ], [ -122.329508, 47.404386 ], [ -122.327413, 47.406957 ], [ -122.326915, 47.408541 ], [ -122.329108, 47.408474 ], [ -122.332051, 47.408092 ], [ -122.332601, 47.408387 ], [ -122.33447, 47.411579 ], [ -122.335283, 47.416593 ], [ -122.33525, 47.421088 ], [ -122.335212, 47.423273 ], [ -122.335804, 47.431269 ], [ -122.334889, 47.438204 ], [ -122.33442, 47.441644 ], [ -122.333961, 47.445243 ], [ -122.333936, 47.450288 ], [ -122.333887, 47.457466 ], [ -122.336617, 47.457469 ], [ -122.336624, 47.45607 ], [ -122.339312, 47.45608 ], [ -122.339365, 47.452384 ], [ -122.346578, 47.452419 ], [ -122.347358, 47.45244 ], [ -122.358449, 47.452342 ], [ -122.358499, 47.450635 ], [ -122.36246, 47.450024 ], [ -122.361336, 47.448741 ] ] ] } },
{ "type": "Feature", "properties": { "GEOID": "5307940", "NAME": "Brier city, Washington", "population": 6597.0 }, "geometry": { "type": "Polygon", "coordinates": [ [ [ -122.286967, 47.804549 ], [ -122.286897, 47.804539 ], [ -122.286674, 47.804504 ], [ -122.286478, 47.804423 ], [ -122.286274, 47.804386 ], [ -122.286061, 47.80433 ], [ -122.285772, 47.804286 ], [ -122.285561, 47.804269 ], [ -122.283301, 47.804331 ], [ -122.281573, 47.804117 ], [ -122.281562, 47.80275 ], [ -122.285164, 47.802772 ], [ -122.286105, 47.799165 ], [ -122.281527, 47.799164 ], [ -122.28149, 47.795862 ], [ -122.281486, 47.795468 ], [ -122.281465, 47.793615 ], [ -122.284159, 47.793638 ], [ -122.28414, 47.791806 ], [ -122.286224, 47.791843 ], [ -122.286794, 47.788195 ], [ -122.286839, 47.780941 ], [ -122.286863, 47.777322 ], [ -122.271033, 47.777095 ], [ -122.267047, 47.777087 ], [ -122.265838, 47.779071 ], [ -122.26531, 47.784298 ], [ -122.264828, 47.784292 ], [ -122.26338, 47.785544 ], [ -122.264392, 47.788127 ], [ -122.261267, 47.788107 ], [ -122.264121, 47.790202 ], [ -122.264557, 47.791849 ], [ -122.263969, 47.79179 ], [ -122.260867, 47.791815 ], [ -122.255562, 47.791697 ], [ -122.259194, 47.795348 ], [ -122.259456, 47.796514 ], [ -122.258034, 47.797604 ], [ -122.260238, 47.797821 ], [ -122.2602, 47.798989 ], [ -122.26007, 47.80012 ], [ -122.260078, 47.800898 ], [ -122.260174, 47.806284 ], [ -122.266379, 47.806309 ], [ -122.266437, 47.809021 ], [ -122.269349, 47.808995 ], [ -122.269442, 47.806545 ], [ -122.272826, 47.806313 ], [ -122.27916, 47.806385 ], [ -122.28028, 47.80636 ], [ -122.286984, 47.806394 ], [ -122.286967, 47.804549 ] ] ] } },
{ "type": "Feature", "properties": { "GEOID": "5306505", "NAME": "Blaine city, Washington", "population": 6475.0 }, "geometry": { "type": "Polygon", "coordinates": [ [ [ -122.8004495, 48.9693588 ], [ -122.791773, 48.969207 ], [ -122.792354, 48.950978 ], [ -122.770882, 48.950687 ], [ -122.77075, 48.964718 ], [ -122.763882, 48.963597 ], [ -122.75993, 48.962212 ], [ -122.758721, 48.962546 ], [ -122.7634, 48.969336 ], [ -122.764014, 48.970278 ], [ -122.770911, 48.969863 ], [ -122.771291, 48.971761 ], [ -122.778604, 48.971315 ], [ -122.777628, 48.974703 ], [ -122.781426, 48.977307 ], [ -122.777904, 48.982736 ], [ -122.775233, 48.984024 ], [ -122.768014, 48.985402 ], [ -122.766231, 48.986233 ], [ -122.766311, 48.98768 ], [ -122.763441, 48.985323 ], [ -122.7593, 48.981963 ], [ -122.746898, 48.972629 ], [ -122.73068, 48.972604 ], [ -122.728508, 48.972389 ], [ -122.727088, 48.972436 ], [ -122.725657, 48.972312 ], [ -122.725652, 48.973935 ], [ -122.722048, 48.97153 ], [ -122.719195, 48.969637 ], [ -122.719193, 48.971041 ], [ -122.720111, 48.971811 ], [ -122.719582, 48.972052 ], [ -122.720138, 48.972496 ], [ -122.720189, 48.979068 ], [ -122.721442, 48.979093 ], [ -122.721483, 48.980942 ], [ -122.725515, 48.980953 ], [ -122.725521, 48.99047 ], [ -122.723963, 48.990465 ], [ -122.724043, 48.992116 ], [ -122.722967, 48.99395 ], [ -122.705175, 48.993918 ], [ -122.703696, 48.993919 ], [ -122.655613, 48.993522 ], [ -122.6557609, 49.0023091 ], [ -122.7054119, 49.0023324 ], [ -122.7353379, 49.0023464 ], [ -122.736200899999986, 49.0023468 ], [ -122.7384659, 49.002347799999988 ], [ -122.7439879, 49.0023504 ], [ -122.75802, 49.002357 ], [ -122.756037, 48.999512 ], [ -122.754443, 48.997246 ], [ -122.759618, 48.99574 ], [ -122.766307, 48.991672 ], [ -122.76856669999998, 48.9914922 ], [ -122.774276, 48.991038 ], [ -122.796887, 48.975026 ], [ -122.797213, 48.972276 ], [ -122.8004495, 48.9693588 ] ] ] } },
{ "type": "Feature", "properties": { "GEOID": "5308570", "NAME": "Buckley city, Washington", "population": 5688.0 }, "geometry": { "type": "Polygon", "coordinates": [ [ [ -122.05923, 47.156327 ], [ -122.053538, 47.156376 ], [ -122.0535, 47.154486 ], [ -122.050864, 47.154521 ], [ -122.050874, 47.156392 ], [ -122.037886, 47.156428 ], [ -122.041919, 47.152674 ], [ -122.040107, 47.152682 ], [ -122.038205, 47.154417 ], [ -122.03156, 47.15461 ], [ -122.031601, 47.148926 ], [ -122.02072, 47.148915 ], [ -122.02072, 47.148936 ], [ -121.994031, 47.14874 ], [ -121.993353, 47.155984 ], [ -121.994603, 47.170203 ], [ -121.994611, 47.172675 ], [ -121.994642, 47.172692 ], [ -121.997451, 47.172192 ], [ -122.000597, 47.170196 ], [ -122.004007, 47.170138 ], [ -122.006774, 47.170964 ], [ -122.006695, 47.172877 ], [ -122.009758, 47.175403 ], [ -122.011885, 47.175973 ], [ -122.017102, 47.174699 ], [ -122.02325, 47.174048 ], [ -122.02732, 47.174386 ], [ -122.028883, 47.174919 ], [ -122.032361, 47.174932 ], [ -122.034389, 47.174232 ], [ -122.037439, 47.172687 ], [ -122.042373, 47.172442 ], [ -122.043017, 47.171972 ], [ -122.042579, 47.162873 ], [ -122.042632, 47.161454 ], [ -122.059045, 47.161569 ], [ -122.059134, 47.160078 ], [ -122.05923, 47.156327 ] ] ] } },
{ "type": "Feature", "properties": { "GEOID": "5317320", "NAME": "Deer Park city, Washington", "population": 5370.0 }, "geometry": { "type": "Polygon", "coordinates": [ [ [ -117.487393, 47.954041 ], [ -117.474494, 47.939773 ], [ -117.471531, 47.939795 ], [ -117.471525, 47.941605 ], [ -117.455227, 47.941725 ], [ -117.455045, 47.943576 ], [ -117.453934, 47.943629 ], [ -117.453951, 47.945369 ], [ -117.449879, 47.945397 ], [ -117.449901, 47.947231 ], [ -117.444524, 47.947284 ], [ -117.444509, 47.949963 ], [ -117.441825, 47.949938 ], [ -117.441826, 47.950808 ], [ -117.439148, 47.950776 ], [ -117.439172, 47.954376 ], [ -117.433824, 47.954387 ], [ -117.428765, 47.954366 ], [ -117.428835, 47.959753 ], [ -117.404088, 47.959622 ], [ -117.40409, 47.959772 ], [ -117.404078, 47.970575 ], [ -117.392808, 47.970543 ], [ -117.392803, 47.970723 ], [ -117.392885, 47.988684 ], [ -117.403967, 47.988705 ], [ -117.403934, 47.981434 ], [ -117.425671, 47.981549 ], [ -117.42569, 47.985191 ], [ -117.436614, 47.9853 ], [ -117.436543, 47.974361 ], [ -117.458339, 47.974638 ], [ -117.45829, 47.964799 ], [ -117.463727, 47.964845 ], [ -117.463684, 47.960103 ], [ -117.469075, 47.960133 ], [ -117.469144, 47.963833 ], [ -117.471851, 47.963847 ], [ -117.471858, 47.967407 ], [ -117.474546, 47.967419 ], [ -117.474509, 47.968798 ], [ -117.479838, 47.968847 ], [ -117.479963, 47.96025 ], [ -117.484086, 47.960284 ], [ -117.483791, 47.957157 ], [ -117.4872, 47.957096 ], [ -117.487132, 47.955575 ], [ -117.48505, 47.955612 ], [ -117.484939, 47.954065 ], [ -117.487393, 47.954041 ] ] ] } },
{ "type": "Feature", "properties": { "GEOID": "5351340", "NAME": "Omak city, Washington", "population": 5185.0 }, "geometry": { "type": "MultiPolygon", "coordinates": [ [ [ [ -119.489631, 48.440276 ], [ -119.478916, 48.440187 ], [ -119.478944, 48.445644 ], [ -119.478942, 48.449304 ], [ -119.484257, 48.449244 ], [ -119.4896, 48.449301 ], [ -119.489631, 48.440276 ] ] ], [ [ [ -119.500872, 48.40775 ], [ -119.500793, 48.407746 ], [ -119.498955, 48.407066 ], [ -119.495237, 48.406069 ], [ -119.495137, 48.409447 ], [ -119.500831, 48.409566 ], [ -119.500872, 48.40775 ] ] ], [ [ [ -119.523017, 48.453121 ], [ -119.516262, 48.453066 ], [ -119.516226, 48.454958 ], [ -119.51208, 48.454943 ], [ -119.51205, 48.460397 ], [ -119.51614, 48.460411 ], [ -119.516153, 48.464016 ], [ -119.514682, 48.464003 ], [ -119.514669, 48.467709 ], [ -119.513294, 48.467694 ], [ -119.513124, 48.476612 ], [ -119.518631, 48.476663 ], [ -119.518769, 48.471298 ], [ -119.520168, 48.471261 ], [ -119.520298, 48.463944 ], [ -119.521563, 48.463958 ], [ -119.521702, 48.458563 ], [ -119.522921, 48.458576 ], [ -119.523017, 48.453121 ] ] ], [ [ [ -119.549561, 48.395442 ], [ -119.545696, 48.395393 ], [ -119.543812, 48.397427 ], [ -119.540419, 48.397433 ], [ -119.538342, 48.396144 ], [ -119.534939, 48.397386 ], [ -119.534707, 48.398791 ], [ -119.530404, 48.398738 ], [ -119.530505, 48.401094 ], [ -119.530228, 48.401648 ], [ -119.530103, 48.403159 ], [ -119.527429, 48.403965 ], [ -119.526739, 48.403962 ], [ -119.522386, 48.403918 ], [ -119.522857, 48.398456 ], [ -119.519273, 48.40023 ], [ -119.511291, 48.400363 ], [ -119.511428, 48.403863 ], [ -119.505999, 48.40375 ], [ -119.50599, 48.404661 ], [ -119.510198, 48.404931 ], [ -119.512368, 48.40571 ], [ -119.513851, 48.404339 ], [ -119.513671, 48.407133 ], [ -119.515564, 48.407154 ], [ -119.51552, 48.408653 ], [ -119.513855, 48.411027 ], [ -119.511374, 48.411498 ], [ -119.511136, 48.412099 ], [ -119.511112, 48.414592 ], [ -119.510629, 48.415012 ], [ -119.509095, 48.414996 ], [ -119.509148, 48.413181 ], [ -119.500392, 48.413279 ], [ -119.500407, 48.420123 ], [ -119.497695, 48.420311 ], [ -119.497767, 48.416696 ], [ -119.492316, 48.416676 ], [ -119.492276, 48.420332 ], [ -119.484129, 48.420314 ], [ -119.484104, 48.42391 ], [ -119.489455, 48.423921 ], [ -119.48954, 48.433311 ], [ -119.494836, 48.428779 ], [ -119.494747, 48.435707 ], [ -119.500095, 48.435768 ], [ -119.500157, 48.430496 ], [ -119.499753, 48.427589 ], [ -119.505619, 48.427648 ], [ -119.505647, 48.425845 ], [ -119.508394, 48.425868 ], [ -119.508685, 48.424021 ], [ -119.511149, 48.424046 ], [ -119.511225, 48.421042 ], [ -119.51399, 48.420433 ], [ -119.513995, 48.419579 ], [ -119.519424, 48.419614 ], [ -119.518676, 48.421175 ], [ -119.524384, 48.420549 ], [ -119.523207, 48.422348 ], [ -119.527541, 48.422358 ], [ -119.527492, 48.427002 ], [ -119.527485, 48.427728 ], [ -119.53296, 48.427794 ], [ -119.532957, 48.426069 ], [ -119.533008, 48.42241 ], [ -119.535532, 48.422438 ], [ -119.535784, 48.418121 ], [ -119.535835, 48.413759 ], [ -119.538077, 48.412823 ], [ -119.538548, 48.412391 ], [ -119.540352, 48.410666 ], [ -119.539621, 48.40647 ], [ -119.538736, 48.405914 ], [ -119.540537, 48.403522 ], [ -119.544108, 48.401646 ], [ -119.542851, 48.400059 ], [ -119.544904, 48.397166 ], [ -119.54954, 48.398173 ], [ -119.549561, 48.395442 ] ], [ [ -119.526957, 48.420565 ], [ -119.524865, 48.420521 ], [ -119.525331, 48.418694 ], [ -119.526247, 48.418704 ], [ -119.526964, 48.419231 ], [ -119.526957, 48.420565 ] ], [ [ -119.509898, 48.416775 ], [ -119.5086, 48.416767 ], [ -119.509906, 48.415602 ], [ -119.509898, 48.416775 ] ] ], [ [ [ -119.56001, 48.384363 ], [ -119.553997, 48.388297 ], [ -119.55546, 48.388288 ], [ -119.557956, 48.388279 ], [ -119.559967, 48.388268 ], [ -119.56001, 48.384363 ] ] ] ] } },
{ "type": "Feature", "properties": { "GEOID": "5314170", "NAME": "Colville city, Washington", "population": 5116.0 }, "geometry": { "type": "MultiPolygon", "coordinates": [ [ [ [ -117.876371, 48.552215 ], [ -117.874656, 48.551653 ], [ -117.874581, 48.547398 ], [ -117.872715, 48.547413 ], [ -117.874637, 48.551804 ], [ -117.872891, 48.551838 ], [ -117.872985, 48.554617 ], [ -117.877035, 48.554587 ], [ -117.876371, 48.552215 ] ] ], [ [ [ -117.919551, 48.561323 ], [ -117.917791, 48.561343 ], [ -117.916533, 48.561116 ], [ -117.916656, 48.563197 ], [ -117.916685, 48.564148 ], [ -117.916943, 48.56465 ], [ -117.91965, 48.565201 ], [ -117.919551, 48.561323 ] ] ], [ [ [ -117.936122, 48.566301 ], [ -117.93429, 48.564114 ], [ -117.925185, 48.558029 ], [ -117.930517, 48.557827 ], [ -117.925473, 48.550583 ], [ -117.922579, 48.550594 ], [ -117.918629, 48.553267 ], [ -117.918316, 48.553481 ], [ -117.91381, 48.550522 ], [ -117.91383, 48.546899 ], [ -117.913812, 48.54536 ], [ -117.913881, 48.543298 ], [ -117.919348, 48.543312 ], [ -117.91928, 48.539679 ], [ -117.913671, 48.539672 ], [ -117.910957, 48.539692 ], [ -117.909906, 48.537014 ], [ -117.910127, 48.535304 ], [ -117.908107, 48.535326 ], [ -117.908008, 48.532687 ], [ -117.906474, 48.532179 ], [ -117.90425, 48.532211 ], [ -117.903131, 48.529156 ], [ -117.8985, 48.529458 ], [ -117.898413, 48.530952 ], [ -117.900362, 48.530907 ], [ -117.900376, 48.532238 ], [ -117.898434, 48.532247 ], [ -117.898437, 48.532391 ], [ -117.898476, 48.534848 ], [ -117.895811, 48.535517 ], [ -117.892231, 48.53394 ], [ -117.894166, 48.532918 ], [ -117.890955, 48.533086 ], [ -117.88538, 48.532921 ], [ -117.885394, 48.534758 ], [ -117.884031, 48.533897 ], [ -117.87141, 48.536312 ], [ -117.863115, 48.536366 ], [ -117.863169, 48.541851 ], [ -117.863187, 48.543711 ], [ -117.866934, 48.54368 ], [ -117.866971, 48.542309 ], [ -117.874163, 48.542303 ], [ -117.874581, 48.547398 ], [ -117.880203, 48.547335 ], [ -117.880321, 48.550698 ], [ -117.882062, 48.550903 ], [ -117.882075, 48.547222 ], [ -117.886587, 48.546846 ], [ -117.888062, 48.54722 ], [ -117.887398, 48.548118 ], [ -117.891412, 48.548167 ], [ -117.891703, 48.554492 ], [ -117.901899, 48.554268 ], [ -117.902978, 48.554281 ], [ -117.902973, 48.554758 ], [ -117.904342, 48.554758 ], [ -117.904335, 48.556124 ], [ -117.906968, 48.556122 ], [ -117.907006, 48.557916 ], [ -117.907929, 48.557911 ], [ -117.908613, 48.554312 ], [ -117.911126, 48.555907 ], [ -117.914628, 48.554727 ], [ -117.916012, 48.55563 ], [ -117.9178, 48.554435 ], [ -117.920072, 48.556686 ], [ -117.920901, 48.559375 ], [ -117.919551, 48.561323 ], [ -117.925086, 48.56222 ], [ -117.925174, 48.561708 ], [ -117.92671, 48.564319 ], [ -117.932259, 48.565228 ], [ -117.930647, 48.565724 ], [ -117.930706, 48.568915 ], [ -117.932268, 48.567747 ], [ -117.936143, 48.56797 ], [ -117.936122, 48.566301 ] ] ] ] } },
{ "type": "Feature", "properties": { "GEOID": "5314485", "NAME": "Connell city, Washington", "population": 5080.0 }, "geometry": { "type": "Polygon", "coordinates": [ [ [ -118.89998, 46.663406 ], [ -118.893314, 46.66343 ], [ -118.893164, 46.664085 ], [ -118.891004, 46.665443 ], [ -118.889686, 46.665449 ], [ -118.889684, 46.664475 ], [ -118.884285, 46.664423 ], [ -118.884337, 46.663467 ], [ -118.883354, 46.663279 ], [ -118.87839, 46.659839 ], [ -118.879099, 46.659847 ], [ -118.87909, 46.648921 ], [ -118.878397, 46.648921 ], [ -118.875354, 46.648897 ], [ -118.87422, 46.647555 ], [ -118.871734, 46.647289 ], [ -118.87105, 46.648982 ], [ -118.852578, 46.648899 ], [ -118.845146, 46.64887 ], [ -118.821226, 46.64029 ], [ -118.815249, 46.637527 ], [ -118.816483, 46.634544 ], [ -118.805973, 46.63461 ], [ -118.806129, 46.620016 ], [ -118.784901, 46.620069 ], [ -118.784449, 46.642922 ], [ -118.794984, 46.644775 ], [ -118.803846, 46.645869 ], [ -118.808368, 46.645978 ], [ -118.816099, 46.647375 ], [ -118.816271, 46.641702 ], [ -118.814337, 46.639739 ], [ -118.815023, 46.637837 ], [ -118.819942, 46.64016 ], [ -118.835576, 46.645945 ], [ -118.844229, 46.648862 ], [ -118.842659, 46.648851 ], [ -118.842507, 46.653799 ], [ -118.842439, 46.656052 ], [ -118.838167, 46.656027 ], [ -118.837055, 46.656019 ], [ -118.837048, 46.659617 ], [ -118.821209, 46.659675 ], [ -118.821274, 46.661479 ], [ -118.837046, 46.661478 ], [ -118.837046, 46.663294 ], [ -118.838484, 46.663299 ], [ -118.847676, 46.663334 ], [ -118.847561, 46.667946 ], [ -118.847323, 46.672457 ], [ -118.847145, 46.677727 ], [ -118.843585, 46.67772 ], [ -118.836801, 46.677706 ], [ -118.836526, 46.692086 ], [ -118.8381, 46.692089 ], [ -118.836706, 46.698039 ], [ -118.836474, 46.70658 ], [ -118.84156, 46.70661 ], [ -118.841426, 46.713805 ], [ -118.846736, 46.713872 ], [ -118.846817, 46.692208 ], [ -118.852235, 46.69224 ], [ -118.852412, 46.685027 ], [ -118.867618, 46.685236 ], [ -118.868232, 46.667044 ], [ -118.871054, 46.667069 ], [ -118.869781, 46.668029 ], [ -118.869669, 46.670675 ], [ -118.889258, 46.670736 ], [ -118.893229, 46.668991 ], [ -118.899931, 46.664819 ], [ -118.89998, 46.663406 ] ] ] } },
{ "type": "Feature", "properties": { "GEOID": "5344690", "NAME": "Medical Lake city, Washington", "population": 4964.0 }, "geometry": { "type": "Polygon", "coordinates": [ [ [ -117.709712, 47.547388 ], [ -117.704484, 47.547384 ], [ -117.704459, 47.550381 ], [ -117.702324, 47.550465 ], [ -117.702297, 47.547416 ], [ -117.698764, 47.547376 ], [ -117.6988, 47.551019 ], [ -117.693253, 47.551024 ], [ -117.693309, 47.561847 ], [ -117.690222, 47.561942 ], [ -117.682663, 47.561938 ], [ -117.682664, 47.565573 ], [ -117.67324, 47.565589 ], [ -117.666528, 47.565561 ], [ -117.666575, 47.571954 ], [ -117.656535, 47.572136 ], [ -117.65959, 47.572895 ], [ -117.663882, 47.572857 ], [ -117.666572, 47.572858 ], [ -117.666571, 47.57468 ], [ -117.66657, 47.575646 ], [ -117.666569, 47.576574 ], [ -117.668854, 47.576575 ], [ -117.668836, 47.578852 ], [ -117.668671, 47.579113 ], [ -117.668682, 47.579915 ], [ -117.667828, 47.58018 ], [ -117.668289, 47.583823 ], [ -117.667803, 47.583821 ], [ -117.666558, 47.58739 ], [ -117.67193, 47.586612 ], [ -117.6719, 47.588752 ], [ -117.672057, 47.589196 ], [ -117.676401, 47.589345 ], [ -117.676531, 47.587393 ], [ -117.693251, 47.587431 ], [ -117.698659, 47.587433 ], [ -117.698723, 47.580824 ], [ -117.698729, 47.580135 ], [ -117.708421, 47.580146 ], [ -117.709218, 47.578373 ], [ -117.708365, 47.576121 ], [ -117.704921, 47.570566 ], [ -117.704559, 47.567653 ], [ -117.703143, 47.566603 ], [ -117.700604, 47.56239 ], [ -117.702717, 47.561671 ], [ -117.703252, 47.563537 ], [ -117.706996, 47.563371 ], [ -117.708285, 47.564918 ], [ -117.709551, 47.56851 ], [ -117.709627, 47.561023 ], [ -117.709712, 47.547388 ] ] ] } },
{ "type": "Feature", "properties": { "GEOID": "5347665", "NAME": "Moxee city, Washington", "population": 4765.0 }, "geometry": { "type": "Polygon", "coordinates": [ [ [ -120.435434, 46.574582 ], [ -120.400614, 46.561046 ], [ -120.395492, 46.558745 ], [ -120.393554, 46.556746 ], [ -120.390922, 46.55307 ], [ -120.388163, 46.550992 ], [ -120.388172, 46.549449 ], [ -120.385546, 46.549451 ], [ -120.382615, 46.549497 ], [ -120.375008, 46.549386 ], [ -120.368442, 46.549424 ], [ -120.368472, 46.556761 ], [ -120.371851, 46.556744 ], [ -120.371918, 46.561749 ], [ -120.371923, 46.562507 ], [ -120.375131, 46.562504 ], [ -120.37517, 46.56223 ], [ -120.375129, 46.561107 ], [ -120.380463, 46.561113 ], [ -120.380075, 46.562515 ], [ -120.382557, 46.562509 ], [ -120.382759, 46.571169 ], [ -120.387459, 46.570468 ], [ -120.388812, 46.573393 ], [ -120.390686, 46.573401 ], [ -120.390613, 46.569794 ], [ -120.40383, 46.569829 ], [ -120.403852, 46.571646 ], [ -120.409142, 46.571666 ], [ -120.409214, 46.577079 ], [ -120.435455, 46.577148 ], [ -120.435434, 46.574582 ] ] ] } },
{ "type": "Feature", "properties": { "GEOID": "5327995", "NAME": "Granite Falls city, Washington", "population": 4686.0 }, "geometry": { "type": "Polygon", "coordinates": [ [ [ -122.000323, 48.083039 ], [ -121.9962, 48.083001 ], [ -121.996146, 48.081707 ], [ -121.988676, 48.083676 ], [ -121.985439, 48.08358 ], [ -121.984625, 48.082867 ], [ -121.983696, 48.082111 ], [ -121.981191, 48.079818 ], [ -121.981025, 48.078073 ], [ -121.979888, 48.079478 ], [ -121.976341, 48.07956 ], [ -121.972549, 48.076903 ], [ -121.979793, 48.075892 ], [ -121.977511, 48.075989 ], [ -121.971988, 48.071836 ], [ -121.969158, 48.071968 ], [ -121.969228, 48.0761 ], [ -121.967909, 48.076118 ], [ -121.963822, 48.076172 ], [ -121.96398, 48.079822 ], [ -121.964087, 48.07982 ], [ -121.964106, 48.080973 ], [ -121.958747, 48.081041 ], [ -121.958582, 48.079906 ], [ -121.955338, 48.079954 ], [ -121.954278, 48.079429 ], [ -121.953082, 48.07944 ], [ -121.956045, 48.083529 ], [ -121.953175, 48.083566 ], [ -121.953041, 48.093134 ], [ -121.950614, 48.094481 ], [ -121.947512, 48.094524 ], [ -121.947775, 48.103459 ], [ -121.951323, 48.102224 ], [ -121.953086, 48.102805 ], [ -121.958512, 48.100349 ], [ -121.961593, 48.093588 ], [ -121.964053, 48.093473 ], [ -121.965265, 48.094234 ], [ -121.975025, 48.094174 ], [ -121.977747, 48.09187 ], [ -121.979489, 48.091362 ], [ -121.980356, 48.089841 ], [ -121.982961, 48.090448 ], [ -121.987624, 48.09041 ], [ -121.987697, 48.092832 ], [ -121.991072, 48.092842 ], [ -121.996411, 48.091708 ], [ -121.996253, 48.086671 ], [ -122.00057, 48.086706 ], [ -122.000323, 48.083039 ] ] ] } },
{ "type": "Feature", "properties": { "GEOID": "5311615", "NAME": "Chelan city, Washington", "population": 4494.0 }, "geometry": { "type": "MultiPolygon", "coordinates": [ [ [ [ -119.948681, 47.862005 ], [ -119.943481, 47.862299 ], [ -119.943538, 47.864755 ], [ -119.937302, 47.869027 ], [ -119.937343, 47.870398 ], [ -119.942582, 47.86687 ], [ -119.944145, 47.869281 ], [ -119.947847, 47.869077 ], [ -119.945798, 47.867931 ], [ -119.945639, 47.8648 ], [ -119.948681, 47.862005 ] ] ], [ [ [ -120.088821, 47.864056 ], [ -120.088068, 47.863637 ], [ -120.088299, 47.863238 ], [ -120.085685, 47.862305 ], [ -120.081951, 47.861829 ], [ -120.078445, 47.85953 ], [ -120.06631, 47.858468 ], [ -120.064043, 47.856972 ], [ -120.062624, 47.854003 ], [ -120.060953, 47.852616 ], [ -120.056444, 47.852083 ], [ -120.056439, 47.853594 ], [ -120.05494, 47.853411 ], [ -120.053832, 47.855253 ], [ -120.050546, 47.854947 ], [ -120.050562, 47.851731 ], [ -120.054205, 47.850974 ], [ -120.054041, 47.849317 ], [ -120.05184, 47.847736 ], [ -120.050201, 47.848396 ], [ -120.049793, 47.846655 ], [ -120.049393, 47.849707 ], [ -120.046878, 47.849739 ], [ -120.046636, 47.850762 ], [ -120.045327, 47.850799 ], [ -120.045259, 47.846061 ], [ -120.042771, 47.844782 ], [ -120.038293, 47.845223 ], [ -120.035965, 47.84659 ], [ -120.032262, 47.846652 ], [ -120.031177, 47.846082 ], [ -120.025743, 47.841565 ], [ -120.023713, 47.840463 ], [ -120.023925, 47.839218 ], [ -120.026525, 47.837929 ], [ -120.037955, 47.837149 ], [ -120.040486, 47.835906 ], [ -120.047744, 47.836851 ], [ -120.053657, 47.838602 ], [ -120.056668, 47.837198 ], [ -120.061159, 47.837033 ], [ -120.061184, 47.833006 ], [ -120.053881, 47.833099 ], [ -120.052871, 47.830257 ], [ -120.054878, 47.831629 ], [ -120.058661, 47.83114 ], [ -120.0565, 47.830162 ], [ -120.054686, 47.827156 ], [ -120.051861, 47.826869 ], [ -120.050771, 47.825166 ], [ -120.051169, 47.822336 ], [ -120.050471, 47.818702 ], [ -120.029012, 47.818806 ], [ -120.029043, 47.822456 ], [ -120.008627, 47.822218 ], [ -120.008668, 47.82771 ], [ -120.010161, 47.827734 ], [ -120.010147, 47.829435 ], [ -120.007579, 47.829422 ], [ -120.005157, 47.830651 ], [ -120.004553, 47.835058 ], [ -120.007587, 47.834705 ], [ -120.00766, 47.836193 ], [ -120.005575, 47.836625 ], [ -120.000698, 47.836621 ], [ -119.99686, 47.83399 ], [ -119.99167, 47.834185 ], [ -119.991302, 47.833001 ], [ -119.988666, 47.831836 ], [ -119.988869, 47.827376 ], [ -119.990617, 47.828847 ], [ -119.991445, 47.826926 ], [ -119.988912, 47.82598 ], [ -119.988816, 47.822577 ], [ -119.986147, 47.82309 ], [ -119.983212, 47.824562 ], [ -119.982143, 47.82363 ], [ -119.979604, 47.824341 ], [ -119.981681, 47.825951 ], [ -119.978629, 47.826552 ], [ -119.97948, 47.827296 ], [ -119.982336, 47.827431 ], [ -119.983787, 47.827795 ], [ -119.986019, 47.829666 ], [ -119.983622, 47.829726 ], [ -119.98275, 47.829893 ], [ -119.978852, 47.835234 ], [ -119.974195, 47.838831 ], [ -119.973084, 47.844474 ], [ -119.973601, 47.845001 ], [ -119.9742, 47.844752 ], [ -119.974182, 47.842932 ], [ -119.97571, 47.842944 ], [ -119.975722, 47.844184 ], [ -119.981338, 47.842156 ], [ -119.986317, 47.841716 ], [ -119.986333, 47.844022 ], [ -120.002423, 47.844073 ], [ -120.002433, 47.846048 ], [ -120.002381, 47.847707 ], [ -120.009851, 47.847751 ], [ -120.009998, 47.847806 ], [ -120.007682, 47.84926 ], [ -120.007723, 47.850982 ], [ -120.012963, 47.851425 ], [ -120.012983, 47.857181 ], [ -120.013594, 47.858766 ], [ -120.04158, 47.858906 ], [ -120.045342, 47.860289 ], [ -120.045335, 47.862267 ], [ -120.050852, 47.862253 ], [ -120.051079, 47.862252 ], [ -120.056062, 47.862239 ], [ -120.056351, 47.858775 ], [ -120.060321, 47.85873 ], [ -120.060366, 47.860704 ], [ -120.061415, 47.862252 ], [ -120.06661, 47.862259 ], [ -120.06658, 47.865336 ], [ -120.0721, 47.86604 ], [ -120.073914, 47.865675 ], [ -120.079051, 47.865786 ], [ -120.078984, 47.868422 ], [ -120.082567, 47.868403 ], [ -120.082522, 47.865689 ], [ -120.086481, 47.865677 ], [ -120.08748, 47.865674 ], [ -120.088238, 47.864188 ], [ -120.088809, 47.864507 ], [ -120.088821, 47.864056 ] ] ] ] } },
{ "type": "Feature", "properties": { "GEOID": "5376125", "NAME": "Wapato city, Washington", "population": 4469.0 }, "geometry": { "type": "Polygon", "coordinates": [ [ [ -120.432902, 46.437082 ], [ -120.427678, 46.437038 ], [ -120.427708, 46.433784 ], [ -120.417398, 46.433318 ], [ -120.417397, 46.433392 ], [ -120.417392, 46.433586 ], [ -120.417376, 46.434571 ], [ -120.417367, 46.435164 ], [ -120.412141, 46.435165 ], [ -120.412132, 46.434594 ], [ -120.412111, 46.433587 ], [ -120.409539, 46.433424 ], [ -120.409512, 46.436895 ], [ -120.4069, 46.436889 ], [ -120.406883, 46.439605 ], [ -120.412166, 46.439633 ], [ -120.412127, 46.441 ], [ -120.41731, 46.441017 ], [ -120.417294, 46.443257 ], [ -120.417248, 46.446837 ], [ -120.415026, 46.447519 ], [ -120.415381, 46.447751 ], [ -120.412015, 46.447746 ], [ -120.411974, 46.451441 ], [ -120.417214, 46.45142 ], [ -120.417146, 46.454948 ], [ -120.430305, 46.455374 ], [ -120.429937, 46.448519 ], [ -120.429433, 46.447873 ], [ -120.430166, 46.445578 ], [ -120.429579, 46.442357 ], [ -120.428247, 46.440612 ], [ -120.432886, 46.440561 ], [ -120.432902, 46.437082 ] ] ] } },
{ "type": "Feature", "properties": { "GEOID": "5336710", "NAME": "La Center city, Washington", "population": 4433.0 }, "geometry": { "type": "Polygon", "coordinates": [ [ [ -122.705857, 45.85182 ], [ -122.704743, 45.85182 ], [ -122.703553, 45.850712 ], [ -122.703042, 45.849709 ], [ -122.702507, 45.850015 ], [ -122.700779, 45.846341 ], [ -122.698764, 45.842477 ], [ -122.698127, 45.842509 ], [ -122.69775, 45.84251 ], [ -122.692568, 45.842527 ], [ -122.69257, 45.844592 ], [ -122.692579, 45.848701 ], [ -122.688798, 45.848644 ], [ -122.688048, 45.847948 ], [ -122.690135, 45.848065 ], [ -122.690119, 45.846489 ], [ -122.688487, 45.846491 ], [ -122.687429, 45.844599 ], [ -122.682255, 45.844612 ], [ -122.679248, 45.845373 ], [ -122.679244, 45.844625 ], [ -122.672044, 45.844596 ], [ -122.670043, 45.84462 ], [ -122.664488, 45.844547 ], [ -122.666966, 45.846996 ], [ -122.6679, 45.846382 ], [ -122.668629, 45.847606 ], [ -122.669492, 45.84706 ], [ -122.671301, 45.8484 ], [ -122.671995, 45.848777 ], [ -122.672314, 45.848887 ], [ -122.67305, 45.851076 ], [ -122.670847, 45.854294 ], [ -122.671943, 45.855797 ], [ -122.671236, 45.857852 ], [ -122.671346, 45.859029 ], [ -122.667264, 45.859042 ], [ -122.667245, 45.860309 ], [ -122.663567, 45.860318 ], [ -122.662924, 45.859032 ], [ -122.65124, 45.859023 ], [ -122.651218, 45.855877 ], [ -122.646182, 45.856468 ], [ -122.646232, 45.859038 ], [ -122.646764, 45.859384 ], [ -122.650362, 45.860592 ], [ -122.650349, 45.861385 ], [ -122.646168, 45.860862 ], [ -122.646172, 45.866141 ], [ -122.659308, 45.866145 ], [ -122.659941, 45.867592 ], [ -122.659935, 45.87601 ], [ -122.665077, 45.876188 ], [ -122.665104, 45.876817 ], [ -122.670181, 45.876776 ], [ -122.670273, 45.873344 ], [ -122.683527, 45.873315 ], [ -122.68354, 45.877004 ], [ -122.685732, 45.877002 ], [ -122.685801, 45.87332 ], [ -122.690615, 45.873365 ], [ -122.688452, 45.87146 ], [ -122.690931, 45.869761 ], [ -122.69088, 45.865085 ], [ -122.689539, 45.864775 ], [ -122.688801, 45.866575 ], [ -122.685917, 45.865989 ], [ -122.686039, 45.865887 ], [ -122.679792, 45.866114 ], [ -122.67978, 45.864132 ], [ -122.676819, 45.863867 ], [ -122.676106, 45.862134 ], [ -122.679196, 45.861484 ], [ -122.678547, 45.859053 ], [ -122.677489, 45.858612 ], [ -122.67241, 45.859503 ], [ -122.675564, 45.854662 ], [ -122.677747, 45.853341 ], [ -122.682267, 45.851869 ], [ -122.68583, 45.852195 ], [ -122.690953, 45.852156 ], [ -122.692605, 45.852619 ], [ -122.692631, 45.855437 ], [ -122.70288, 45.855428 ], [ -122.702477, 45.853948 ], [ -122.703375, 45.853765 ], [ -122.704117, 45.853612 ], [ -122.703851, 45.851901 ], [ -122.704574, 45.852268 ], [ -122.705856, 45.852268 ], [ -122.705857, 45.85182 ] ] ] } },
{ "type": "Feature", "properties": { "GEOID": "5346895", "NAME": "Montesano city, Washington", "population": 4181.0 }, "geometry": { "type": "MultiPolygon", "coordinates": [ [ [ [ -123.623259, 46.98676 ], [ -123.618506, 46.986736 ], [ -123.618409, 46.989425 ], [ -123.613851, 46.98947 ], [ -123.613081, 46.98595 ], [ -123.61448, 46.985902 ], [ -123.614441, 46.984079 ], [ -123.613204, 46.982696 ], [ -123.618423, 46.982531 ], [ -123.61827, 46.985862 ], [ -123.618548, 46.984116 ], [ -123.618419, 46.980497 ], [ -123.616346, 46.98052 ], [ -123.616372, 46.977585 ], [ -123.616397, 46.97716 ], [ -123.614223, 46.976836 ], [ -123.613716, 46.976528 ], [ -123.61371, 46.976622 ], [ -123.613061, 46.976794 ], [ -123.613004, 46.974832 ], [ -123.612958, 46.973218 ], [ -123.607099, 46.973275 ], [ -123.607111, 46.969749 ], [ -123.611674, 46.969632 ], [ -123.610744, 46.968953 ], [ -123.610051, 46.967089 ], [ -123.606045, 46.965584 ], [ -123.605654, 46.965202 ], [ -123.605733, 46.964648 ], [ -123.607345, 46.963433 ], [ -123.607679, 46.961415 ], [ -123.607057, 46.961652 ], [ -123.603689, 46.962179 ], [ -123.601811, 46.962602 ], [ -123.601391, 46.965637 ], [ -123.596809, 46.972437 ], [ -123.594236, 46.971491 ], [ -123.593047, 46.973665 ], [ -123.591202, 46.974953 ], [ -123.591228, 46.977259 ], [ -123.585935, 46.977309 ], [ -123.585903, 46.980106 ], [ -123.579896, 46.980903 ], [ -123.571, 46.982866 ], [ -123.559203, 46.983274 ], [ -123.559837, 46.985015 ], [ -123.565391, 46.983827 ], [ -123.565473, 46.984034 ], [ -123.56468, 46.985498 ], [ -123.567308, 46.985473 ], [ -123.5673, 46.986381 ], [ -123.564669, 46.986405 ], [ -123.564658, 46.987309 ], [ -123.567289, 46.987284 ], [ -123.567277, 46.988256 ], [ -123.564635, 46.989145 ], [ -123.569915, 46.989147 ], [ -123.5699, 46.991331 ], [ -123.573058, 46.990044 ], [ -123.573888, 46.988195 ], [ -123.573934, 46.985463 ], [ -123.580609, 46.98534 ], [ -123.58152, 46.985701 ], [ -123.581409, 46.989375 ], [ -123.58349, 46.989934 ], [ -123.583437, 46.991693 ], [ -123.588193, 46.991697 ], [ -123.590054, 46.990393 ], [ -123.590008, 46.991717 ], [ -123.594489, 46.991788 ], [ -123.59455, 46.995284 ], [ -123.585703, 46.995328 ], [ -123.585738, 46.99255 ], [ -123.581865, 46.992541 ], [ -123.581766, 46.995351 ], [ -123.580103, 46.995359 ], [ -123.57999, 46.998871 ], [ -123.574962, 46.998892 ], [ -123.575101, 46.995385 ], [ -123.564593, 46.995132 ], [ -123.564078, 47.009651 ], [ -123.555291, 47.009668 ], [ -123.553447, 47.009664 ], [ -123.553263, 47.018127 ], [ -123.553177, 47.024027 ], [ -123.542414, 47.024167 ], [ -123.542412, 47.028979 ], [ -123.542392, 47.031632 ], [ -123.547791, 47.031646 ], [ -123.547765, 47.039322 ], [ -123.553112, 47.03932 ], [ -123.552509, 47.046154 ], [ -123.573594, 47.045229 ], [ -123.573742, 47.038408 ], [ -123.600098, 47.037024 ], [ -123.600174, 47.033387 ], [ -123.60533, 47.033289 ], [ -123.605506, 47.026383 ], [ -123.612001, 47.026267 ], [ -123.612356, 47.008961 ], [ -123.613265, 46.995423 ], [ -123.618193, 46.991878 ], [ -123.621002, 46.993627 ], [ -123.622896, 46.992401 ], [ -123.624991, 46.98763 ], [ -123.623259, 46.98676 ] ], [ [ -123.613313, 46.994963 ], [ -123.60702, 46.995085 ], [ -123.607044, 46.991515 ], [ -123.608074, 46.991469 ], [ -123.612391, 46.991397 ], [ -123.61325, 46.988777 ], [ -123.613313, 46.994963 ] ] ], [ [ [ -123.625372, 46.978078 ], [ -123.622674, 46.976551 ], [ -123.620941, 46.976558 ], [ -123.620073, 46.976625 ], [ -123.620078, 46.978878 ], [ -123.623664, 46.978891 ], [ -123.623654, 46.980448 ], [ -123.627658, 46.980404 ], [ -123.625372, 46.978078 ] ] ], [ [ [ -123.628292, 46.972301 ], [ -123.627453, 46.972028 ], [ -123.627393, 46.97328 ], [ -123.628051, 46.973278 ], [ -123.62822, 46.97328 ], [ -123.628292, 46.972301 ] ] ] ] } },
{ "type": "Feature", "properties": { "GEOID": "5305560", "NAME": "Benton City city, Washington", "population": 4019.0 }, "geometry": { "type": "Polygon", "coordinates": [ [ [ -119.504693, 46.278998 ], [ -119.49947, 46.279242 ], [ -119.499563, 46.275644 ], [ -119.494332, 46.275862 ], [ -119.494565, 46.266299 ], [ -119.499786, 46.267411 ], [ -119.499761, 46.268426 ], [ -119.504565, 46.268226 ], [ -119.504502, 46.267762 ], [ -119.502221, 46.266563 ], [ -119.502412, 46.264126 ], [ -119.499877, 46.26179 ], [ -119.494726, 46.261024 ], [ -119.494858, 46.257881 ], [ -119.484676, 46.253919 ], [ -119.484724, 46.251912 ], [ -119.47619, 46.249083 ], [ -119.476393, 46.248771 ], [ -119.473964, 46.248624 ], [ -119.471381, 46.246366 ], [ -119.469246, 46.24638 ], [ -119.463281, 46.242795 ], [ -119.453492, 46.242525 ], [ -119.454056, 46.255677 ], [ -119.46473, 46.253658 ], [ -119.474089, 46.250624 ], [ -119.473011, 46.252255 ], [ -119.474058, 46.2521 ], [ -119.473988, 46.253291 ], [ -119.473534, 46.253712 ], [ -119.473345, 46.256857 ], [ -119.473877, 46.257085 ], [ -119.47386, 46.261579 ], [ -119.473498, 46.261842 ], [ -119.474766, 46.263568 ], [ -119.476427, 46.267544 ], [ -119.477327, 46.269888 ], [ -119.477783, 46.272094 ], [ -119.484102, 46.272155 ], [ -119.484139, 46.27298 ], [ -119.487141, 46.273292 ], [ -119.487331, 46.274386 ], [ -119.486249, 46.277884 ], [ -119.485235, 46.279141 ], [ -119.485872, 46.281382 ], [ -119.485474, 46.283018 ], [ -119.488982, 46.283046 ], [ -119.488883, 46.286039 ], [ -119.489649, 46.286634 ], [ -119.494056, 46.286672 ], [ -119.494168, 46.282172 ], [ -119.495268, 46.282556 ], [ -119.500533, 46.282795 ], [ -119.504588, 46.282612 ], [ -119.504693, 46.278998 ] ] ] } },
{ "type": "Feature", "properties": { "GEOID": "5344165", "NAME": "Mattawa city, Washington", "population": 3874.0 }, "geometry": { "type": "Polygon", "coordinates": [ [ [ -119.927508, 46.733857 ], [ -119.921907, 46.733877 ], [ -119.922184, 46.726556 ], [ -119.916875, 46.726684 ], [ -119.917094, 46.73586 ], [ -119.909881, 46.735983 ], [ -119.909819, 46.733979 ], [ -119.906566, 46.733964 ], [ -119.906246, 46.730267 ], [ -119.904316, 46.730261 ], [ -119.900556, 46.73026 ], [ -119.900652, 46.734152 ], [ -119.899134, 46.734132 ], [ -119.899101, 46.732126 ], [ -119.897565, 46.732106 ], [ -119.897597, 46.734125 ], [ -119.888333, 46.733953 ], [ -119.888415, 46.737676 ], [ -119.874744, 46.737541 ], [ -119.874833, 46.739427 ], [ -119.896179, 46.739519 ], [ -119.896178, 46.741354 ], [ -119.906804, 46.741465 ], [ -119.907004, 46.744994 ], [ -119.912365, 46.745053 ], [ -119.911905, 46.737768 ], [ -119.917137, 46.73771 ], [ -119.91723, 46.739124 ], [ -119.918545, 46.739117 ], [ -119.918552, 46.737687 ], [ -119.922347, 46.737653 ], [ -119.922317, 46.736714 ], [ -119.926033, 46.736687 ], [ -119.926036, 46.737606 ], [ -119.92757, 46.737593 ], [ -119.927508, 46.733857 ] ], [ [ -119.896139, 46.737745 ], [ -119.893422, 46.737707 ], [ -119.89338, 46.735841 ], [ -119.896069, 46.73587 ], [ -119.896139, 46.737745 ] ] ] } },
{ "type": "Feature", "properties": { "GEOID": "5327960", "NAME": "Granger city, Washington", "population": 3831.0 }, "geometry": { "type": "Polygon", "coordinates": [ [ [ -120.208624, 46.358197 ], [ -120.208486, 46.347234 ], [ -120.20245, 46.344562 ], [ -120.201295, 46.343628 ], [ -120.200399, 46.340413 ], [ -120.197594, 46.337657 ], [ -120.196186, 46.335635 ], [ -120.195113, 46.333021 ], [ -120.190163, 46.33532 ], [ -120.184066, 46.332127 ], [ -120.178145, 46.332029 ], [ -120.177909, 46.338288 ], [ -120.18056, 46.338364 ], [ -120.180429, 46.342508 ], [ -120.176538, 46.342591 ], [ -120.176557, 46.339015 ], [ -120.172735, 46.339029 ], [ -120.172022, 46.341965 ], [ -120.17754, 46.344236 ], [ -120.179327, 46.345464 ], [ -120.183115, 46.349001 ], [ -120.183105, 46.349723 ], [ -120.183124, 46.349735 ], [ -120.180485, 46.349917 ], [ -120.180487, 46.353574 ], [ -120.183098, 46.353514 ], [ -120.183092, 46.351609 ], [ -120.183975, 46.351834 ], [ -120.187196, 46.351707 ], [ -120.188231, 46.351647 ], [ -120.19488, 46.354018 ], [ -120.198602, 46.355944 ], [ -120.199544, 46.35656 ], [ -120.2046, 46.360693 ], [ -120.208889, 46.360693 ], [ -120.208624, 46.358197 ] ] ] } },
{ "type": "Feature", "properties": { "GEOID": "5321450", "NAME": "Elma city, Washington", "population": 3534.0 }, "geometry": { "type": "MultiPolygon", "coordinates": [ [ [ [ -123.425482, 47.00869 ], [ -123.424031, 47.008749 ], [ -123.424178, 47.010396 ], [ -123.42554, 47.010375 ], [ -123.425482, 47.00869 ] ] ], [ [ [ -123.445637, 46.996664 ], [ -123.43834, 46.995599 ], [ -123.425813, 46.995706 ], [ -123.420931, 46.99668 ], [ -123.414967, 46.998585 ], [ -123.411417, 46.999555 ], [ -123.409859, 46.999842 ], [ -123.409853, 46.999593 ], [ -123.40487, 47.000395 ], [ -123.399339, 47.000086 ], [ -123.399282, 46.998375 ], [ -123.39584, 46.998436 ], [ -123.395832, 47.000151 ], [ -123.39262, 47.000271 ], [ -123.388919, 46.996814 ], [ -123.383642, 46.996779 ], [ -123.383975, 46.994578 ], [ -123.375394, 46.990204 ], [ -123.377941, 46.992234 ], [ -123.381426, 46.996742 ], [ -123.373484, 46.996757 ], [ -123.373407, 47.000305 ], [ -123.378703, 47.000426 ], [ -123.381309, 47.001821 ], [ -123.383632, 47.00218 ], [ -123.383806, 47.004253 ], [ -123.382138, 47.004309 ], [ -123.378823, 47.006286 ], [ -123.378843, 47.007541 ], [ -123.383988, 47.007544 ], [ -123.384072, 47.009387 ], [ -123.380707, 47.010186 ], [ -123.380761, 47.011212 ], [ -123.383585, 47.011378 ], [ -123.384182, 47.012681 ], [ -123.386083, 47.011073 ], [ -123.389272, 47.010391 ], [ -123.3921, 47.009333 ], [ -123.396911, 47.008638 ], [ -123.39683, 47.009977 ], [ -123.397058, 47.010941 ], [ -123.398008, 47.010911 ], [ -123.397877, 47.008526 ], [ -123.399662, 47.008323 ], [ -123.399703, 47.009301 ], [ -123.399197, 47.010923 ], [ -123.402685, 47.010867 ], [ -123.402853, 47.014439 ], [ -123.404974, 47.014419 ], [ -123.404988, 47.010832 ], [ -123.410194, 47.010755 ], [ -123.410175, 47.01621 ], [ -123.405164, 47.016212 ], [ -123.405061, 47.016766 ], [ -123.407668, 47.018078 ], [ -123.407686, 47.019809 ], [ -123.42591, 47.01941 ], [ -123.425999, 47.02117 ], [ -123.428483, 47.020485 ], [ -123.430513, 47.019117 ], [ -123.430558, 47.017775 ], [ -123.431932, 47.015687 ], [ -123.431913, 47.013888 ], [ -123.420539, 47.014089 ], [ -123.420702, 47.01779 ], [ -123.418129, 47.017844 ], [ -123.417939, 47.015895 ], [ -123.417821, 47.013256 ], [ -123.415355, 47.013345 ], [ -123.415468, 47.01098 ], [ -123.416775, 47.011285 ], [ -123.416778, 47.010551 ], [ -123.416711, 47.009007 ], [ -123.415419, 47.008997 ], [ -123.41539, 47.007288 ], [ -123.421551, 47.007129 ], [ -123.430609, 47.006733 ], [ -123.427997, 47.006763 ], [ -123.427909, 47.003169 ], [ -123.432471, 47.003078 ], [ -123.432716, 47.005407 ], [ -123.433834, 47.005383 ], [ -123.433912, 47.006879 ], [ -123.439352, 47.00678 ], [ -123.439283, 47.003681 ], [ -123.437546, 47.0037 ], [ -123.437385, 47.002505 ], [ -123.443254, 47.00064 ], [ -123.445816, 47.00065 ], [ -123.445637, 46.996664 ] ], [ [ -123.394998, 47.002844 ], [ -123.390656, 47.004154 ], [ -123.389137, 47.004309 ], [ -123.389125, 47.003936 ], [ -123.393531, 47.001247 ], [ -123.393642, 47.001179 ], [ -123.394995, 47.002622 ], [ -123.395192, 47.002788 ], [ -123.394998, 47.002844 ] ] ] ] } },
{ "type": "Feature", "properties": { "GEOID": "5327435", "NAME": "Goldendale city, Washington", "population": 3528.0 }, "geometry": { "type": "MultiPolygon", "coordinates": [ [ [ [ -120.838475, 45.80988 ], [ -120.822728, 45.809868 ], [ -120.822799, 45.805265 ], [ -120.820617, 45.804654 ], [ -120.812514, 45.804527 ], [ -120.812396, 45.809242 ], [ -120.814521, 45.809922 ], [ -120.807964, 45.809336 ], [ -120.803926, 45.82646 ], [ -120.803494, 45.828242 ], [ -120.807052, 45.828208 ], [ -120.807067, 45.8266 ], [ -120.809688, 45.826587 ], [ -120.811077, 45.828218 ], [ -120.807904, 45.829613 ], [ -120.806919, 45.831493 ], [ -120.808273, 45.834094 ], [ -120.811, 45.836912 ], [ -120.810196, 45.839149 ], [ -120.822473, 45.83911 ], [ -120.822774, 45.834853 ], [ -120.824558, 45.833637 ], [ -120.827733, 45.833532 ], [ -120.82834, 45.828647 ], [ -120.830557, 45.828642 ], [ -120.83034, 45.827422 ], [ -120.831901, 45.826719 ], [ -120.83189, 45.825388 ], [ -120.834693, 45.824446 ], [ -120.834675, 45.82335 ], [ -120.832976, 45.82309 ], [ -120.833085, 45.820081 ], [ -120.834364, 45.819684 ], [ -120.834354, 45.818234 ], [ -120.838105, 45.817107 ], [ -120.838402, 45.817109 ], [ -120.838475, 45.80988 ] ] ], [ [ [ -120.85431, 45.799114 ], [ -120.843883, 45.799037 ], [ -120.843715, 45.809879 ], [ -120.847891, 45.809902 ], [ -120.849042, 45.809129 ], [ -120.849131, 45.809934 ], [ -120.854136, 45.809891 ], [ -120.85431, 45.799114 ] ] ] ] } },
{ "type": "Feature", "properties": { "GEOID": "5324810", "NAME": "Forks city, Washington", "population": 3488.0 }, "geometry": { "type": "Polygon", "coordinates": [ [ [ -124.418057, 47.935807 ], [ -124.418163, 47.935763 ], [ -124.417948, 47.929092 ], [ -124.412642, 47.929008 ], [ -124.412635, 47.932613 ], [ -124.410008, 47.932567 ], [ -124.40924, 47.930798 ], [ -124.407446, 47.932542 ], [ -124.395974, 47.932386 ], [ -124.39442, 47.932178 ], [ -124.392021, 47.932317 ], [ -124.391979, 47.935273 ], [ -124.391966, 47.935942 ], [ -124.385671, 47.935835 ], [ -124.385572, 47.939545 ], [ -124.381168, 47.939503 ], [ -124.380212, 47.940072 ], [ -124.380145, 47.942229 ], [ -124.38107, 47.943084 ], [ -124.380064, 47.945822 ], [ -124.377951, 47.945831 ], [ -124.377909, 47.948487 ], [ -124.380063, 47.948506 ], [ -124.380039, 47.949332 ], [ -124.37713, 47.949278 ], [ -124.374639, 47.950293 ], [ -124.374619, 47.952031 ], [ -124.373275, 47.952015 ], [ -124.373288, 47.950208 ], [ -124.370676, 47.950174 ], [ -124.370621, 47.952558 ], [ -124.369206, 47.952521 ], [ -124.369182, 47.953784 ], [ -124.36377, 47.953706 ], [ -124.363858, 47.950082 ], [ -124.358478, 47.950019 ], [ -124.358539, 47.948212 ], [ -124.357198, 47.948201 ], [ -124.357132, 47.949982 ], [ -124.3531, 47.949951 ], [ -124.352996, 47.957186 ], [ -124.361075, 47.957279 ], [ -124.36106, 47.958195 ], [ -124.360421, 47.958185 ], [ -124.360394, 47.959254 ], [ -124.362901, 47.95927 ], [ -124.36291, 47.958223 ], [ -124.362126, 47.958211 ], [ -124.362138, 47.957295 ], [ -124.36916, 47.957373 ], [ -124.369096, 47.961041 ], [ -124.36806, 47.962403 ], [ -124.366118, 47.962374 ], [ -124.366066, 47.964664 ], [ -124.363653, 47.964626 ], [ -124.363725, 47.961958 ], [ -124.361223, 47.961921 ], [ -124.361196, 47.962929 ], [ -124.358798, 47.962888 ], [ -124.358741, 47.963889 ], [ -124.360732, 47.96392 ], [ -124.360799, 47.96614 ], [ -124.363796, 47.966691 ], [ -124.363336, 47.968957 ], [ -124.366283, 47.969726 ], [ -124.370512, 47.968069 ], [ -124.374393, 47.968075 ], [ -124.374461, 47.964543 ], [ -124.379863, 47.964794 ], [ -124.379872, 47.963844 ], [ -124.374477, 47.963679 ], [ -124.374497, 47.960223 ], [ -124.37589, 47.959335 ], [ -124.379931, 47.959393 ], [ -124.379916, 47.961193 ], [ -124.381263, 47.961209 ], [ -124.381236, 47.962994 ], [ -124.382587, 47.963009 ], [ -124.382609, 47.961225 ], [ -124.385279, 47.961256 ], [ -124.385157, 47.969215 ], [ -124.388632, 47.968438 ], [ -124.39603, 47.968521 ], [ -124.395995, 47.970357 ], [ -124.395884, 47.975834 ], [ -124.403281, 47.975857 ], [ -124.403635, 47.970194 ], [ -124.40812, 47.970029 ], [ -124.41004, 47.968603 ], [ -124.417686, 47.968623 ], [ -124.417722, 47.964254 ], [ -124.406922, 47.967123 ], [ -124.407045, 47.961344 ], [ -124.39619, 47.961385 ], [ -124.396028, 47.961302 ], [ -124.396133, 47.957171 ], [ -124.395091, 47.95785 ], [ -124.393402, 47.959612 ], [ -124.391968, 47.959235 ], [ -124.388748, 47.957585 ], [ -124.387102, 47.954196 ], [ -124.389194, 47.95423 ], [ -124.390171, 47.956189 ], [ -124.390757, 47.955177 ], [ -124.39617, 47.955251 ], [ -124.396184, 47.954266 ], [ -124.401584, 47.954276 ], [ -124.401586, 47.959676 ], [ -124.403473, 47.960166 ], [ -124.406597, 47.959921 ], [ -124.409067, 47.958536 ], [ -124.409727, 47.956855 ], [ -124.407835, 47.955285 ], [ -124.408472, 47.953754 ], [ -124.412598, 47.952236 ], [ -124.412545, 47.948998 ], [ -124.40715, 47.948927 ], [ -124.407144, 47.947122 ], [ -124.404438, 47.947083 ], [ -124.404413, 47.943444 ], [ -124.407311, 47.943486 ], [ -124.407265, 47.940987 ], [ -124.401677, 47.94392 ], [ -124.401727, 47.940713 ], [ -124.403946, 47.940602 ], [ -124.403847, 47.937521 ], [ -124.407179, 47.937574 ], [ -124.407216, 47.936237 ], [ -124.412704, 47.936317 ], [ -124.41273, 47.93793 ], [ -124.412683, 47.937957 ], [ -124.412762, 47.939936 ], [ -124.418245, 47.940029 ], [ -124.418057, 47.935807 ] ] ] } },
{ "type": "Feature", "properties": { "GEOID": "5338845", "NAME": "Leavenworth city, Washington", "population": 3373.0 }, "geometry": { "type": "Polygon", "coordinates": [ [ [ -120.679474, 47.586263 ], [ -120.674349, 47.587063 ], [ -120.674386, 47.586165 ], [ -120.670981, 47.586155 ], [ -120.670986, 47.5857 ], [ -120.67339, 47.585662 ], [ -120.673348, 47.584057 ], [ -120.672754, 47.584055 ], [ -120.672756, 47.583305 ], [ -120.673388, 47.583196 ], [ -120.672921, 47.582462 ], [ -120.672497, 47.582455 ], [ -120.671785, 47.582048 ], [ -120.671942, 47.580985 ], [ -120.671713, 47.58087 ], [ -120.671791, 47.580213 ], [ -120.672983, 47.580187 ], [ -120.673002, 47.580018 ], [ -120.671369, 47.578373 ], [ -120.671773, 47.576306 ], [ -120.67432, 47.576224 ], [ -120.674384, 47.575064 ], [ -120.669449, 47.5753 ], [ -120.666664, 47.57745 ], [ -120.666781, 47.578633 ], [ -120.669148, 47.582215 ], [ -120.666445, 47.586371 ], [ -120.663372, 47.587802 ], [ -120.663854, 47.590346 ], [ -120.661152, 47.591382 ], [ -120.658564, 47.590823 ], [ -120.658513, 47.590841 ], [ -120.658716, 47.592678 ], [ -120.655789, 47.593918 ], [ -120.655565, 47.595113 ], [ -120.654972, 47.595605 ], [ -120.651067, 47.598065 ], [ -120.649954, 47.597621 ], [ -120.649639, 47.597802 ], [ -120.643608, 47.595434 ], [ -120.642731, 47.596869 ], [ -120.63786, 47.59692 ], [ -120.637536, 47.59756 ], [ -120.637799, 47.599364 ], [ -120.639434, 47.600078 ], [ -120.644122, 47.600731 ], [ -120.646845, 47.598612 ], [ -120.648612, 47.598574 ], [ -120.648753, 47.59953 ], [ -120.64611, 47.601754 ], [ -120.644138, 47.602455 ], [ -120.645202, 47.603357 ], [ -120.647214, 47.603335 ], [ -120.65199, 47.600731 ], [ -120.649828, 47.6044 ], [ -120.6503, 47.606088 ], [ -120.652569, 47.606256 ], [ -120.654382, 47.607976 ], [ -120.6578, 47.608248 ], [ -120.657988, 47.606865 ], [ -120.658072, 47.603278 ], [ -120.662392, 47.602859 ], [ -120.662375, 47.603931 ], [ -120.666148, 47.604124 ], [ -120.666967, 47.603229 ], [ -120.668594, 47.604242 ], [ -120.668642, 47.602522 ], [ -120.672686, 47.602527 ], [ -120.673028, 47.598953 ], [ -120.670373, 47.598909 ], [ -120.67038, 47.597992 ], [ -120.672605, 47.598029 ], [ -120.672611, 47.597119 ], [ -120.679388, 47.59723 ], [ -120.679456, 47.592465 ], [ -120.674279, 47.592983 ], [ -120.674037, 47.591953 ], [ -120.67418, 47.591578 ], [ -120.673298, 47.589372 ], [ -120.675254, 47.588569 ], [ -120.678888, 47.587174 ], [ -120.679474, 47.587075 ], [ -120.679474, 47.586263 ] ] ] } },
{ "type": "Feature", "properties": { "GEOID": "5310495", "NAME": "Cashmere city, Washington", "population": 3326.0 }, "geometry": { "type": "Polygon", "coordinates": [ [ [ -120.491514, 47.520724 ], [ -120.48864, 47.520763 ], [ -120.488477, 47.51702 ], [ -120.486004, 47.517009 ], [ -120.485893, 47.51521 ], [ -120.48061, 47.515221 ], [ -120.480277, 47.512351 ], [ -120.479104, 47.511696 ], [ -120.478718, 47.510643 ], [ -120.474915, 47.511902 ], [ -120.472515, 47.512449 ], [ -120.472599, 47.512985 ], [ -120.468433, 47.512971 ], [ -120.46556, 47.512071 ], [ -120.463673, 47.512246 ], [ -120.458929, 47.511691 ], [ -120.459029, 47.512803 ], [ -120.463217, 47.515835 ], [ -120.462973, 47.516619 ], [ -120.46084, 47.516623 ], [ -120.458649, 47.515593 ], [ -120.457811, 47.516127 ], [ -120.454449, 47.513457 ], [ -120.449006, 47.507332 ], [ -120.448162, 47.507991 ], [ -120.447264, 47.510822 ], [ -120.446935, 47.514137 ], [ -120.447574, 47.515451 ], [ -120.448545, 47.516314 ], [ -120.45048, 47.51854 ], [ -120.453486, 47.520725 ], [ -120.454469, 47.520777 ], [ -120.456974, 47.52241 ], [ -120.468405, 47.525572 ], [ -120.473829, 47.523609 ], [ -120.475386, 47.522401 ], [ -120.475563, 47.521675 ], [ -120.475951, 47.521725 ], [ -120.482742, 47.522621 ], [ -120.484551, 47.523856 ], [ -120.486312, 47.52213 ], [ -120.486317, 47.522222 ], [ -120.490407, 47.523589 ], [ -120.491032, 47.523265 ], [ -120.491652, 47.524442 ], [ -120.491514, 47.520724 ] ], [ [ -120.486257, 47.521139 ], [ -120.48367, 47.521358 ], [ -120.483576, 47.520716 ], [ -120.484339, 47.520728 ], [ -120.483739, 47.519407 ], [ -120.482836, 47.518757 ], [ -120.486118, 47.518753 ], [ -120.486257, 47.521139 ] ], [ [ -120.479322, 47.519465 ], [ -120.478818, 47.520689 ], [ -120.47652, 47.520342 ], [ -120.476158, 47.520673 ], [ -120.476163, 47.520641 ], [ -120.476087, 47.520555 ], [ -120.476055, 47.52042 ], [ -120.476083, 47.520282 ], [ -120.476046, 47.520142 ], [ -120.475862, 47.520026 ], [ -120.475739, 47.519977 ], [ -120.475555, 47.519934 ], [ -120.47555, 47.518936 ], [ -120.476586, 47.517718 ], [ -120.477117, 47.518796 ], [ -120.479959, 47.519023 ], [ -120.479322, 47.519465 ] ] ] } },
{ "type": "Feature", "properties": { "GEOID": "5322745", "NAME": "Everson city, Washington", "population": 3254.0 }, "geometry": { "type": "Polygon", "coordinates": [ [ [ -122.378005, 48.901449 ], [ -122.375158, 48.901427 ], [ -122.375147, 48.902216 ], [ -122.369592, 48.902222 ], [ -122.369597, 48.900434 ], [ -122.364049, 48.900379 ], [ -122.364069, 48.898549 ], [ -122.358533, 48.898517 ], [ -122.35857, 48.89482 ], [ -122.356809, 48.895655 ], [ -122.353022, 48.895628 ], [ -122.35302, 48.898484 ], [ -122.352859, 48.90864 ], [ -122.350108, 48.909341 ], [ -122.352828, 48.910192 ], [ -122.352757, 48.913916 ], [ -122.34782, 48.91749 ], [ -122.346501, 48.916894 ], [ -122.345583, 48.915257 ], [ -122.339811, 48.915216 ], [ -122.334429, 48.915237 ], [ -122.334475, 48.916497 ], [ -122.337055, 48.916497 ], [ -122.33703, 48.919162 ], [ -122.327904, 48.918899 ], [ -122.327085, 48.916545 ], [ -122.321525, 48.916593 ], [ -122.320971, 48.918373 ], [ -122.320951, 48.920148 ], [ -122.327906, 48.920167 ], [ -122.328821, 48.921208 ], [ -122.335553, 48.921233 ], [ -122.335509, 48.924059 ], [ -122.337095, 48.924681 ], [ -122.341692, 48.924603 ], [ -122.341678, 48.92623 ], [ -122.344994, 48.926173 ], [ -122.345041, 48.923844 ], [ -122.352584, 48.923819 ], [ -122.35257, 48.922634 ], [ -122.352618, 48.918859 ], [ -122.359315, 48.918972 ], [ -122.359979, 48.918582 ], [ -122.360061, 48.913088 ], [ -122.363966, 48.913151 ], [ -122.364072, 48.907902 ], [ -122.372031, 48.906001 ], [ -122.375123, 48.906033 ], [ -122.377987, 48.906078 ], [ -122.378005, 48.901449 ] ] ] } },
{ "type": "Feature", "properties": { "GEOID": "5301290", "NAME": "Algona city, Washington", "population": 3253.0 }, "geometry": { "type": "Polygon", "coordinates": [ [ [ -122.26211, 47.287397 ], [ -122.260412, 47.287401 ], [ -122.260607, 47.278454 ], [ -122.259369, 47.278458 ], [ -122.259286, 47.278461 ], [ -122.259964, 47.275536 ], [ -122.260473, 47.274187 ], [ -122.256138, 47.274041 ], [ -122.252471, 47.272932 ], [ -122.250022, 47.272902 ], [ -122.247229, 47.272927 ], [ -122.246465, 47.268266 ], [ -122.242234, 47.268246 ], [ -122.23953, 47.268258 ], [ -122.23949, 47.271817 ], [ -122.236833, 47.271897 ], [ -122.236788, 47.275482 ], [ -122.239444, 47.275484 ], [ -122.239422, 47.279126 ], [ -122.246449, 47.279092 ], [ -122.246205, 47.28449 ], [ -122.245729, 47.285582 ], [ -122.240393, 47.293638 ], [ -122.248278, 47.293579 ], [ -122.259746, 47.293495 ], [ -122.260468, 47.29348 ], [ -122.260443, 47.290472 ], [ -122.26145, 47.291047 ], [ -122.262184, 47.290533 ], [ -122.26211, 47.287397 ] ] ] } },
{ "type": "Feature", "properties": { "GEOID": "5357430", "NAME": "Raymond city, Washington", "population": 3235.0 }, "geometry": { "type": "MultiPolygon", "coordinates": [ [ [ [ -123.705184, 46.680209 ], [ -123.703433, 46.678506 ], [ -123.701088, 46.679881 ], [ -123.701356, 46.680227 ], [ -123.704925, 46.680733 ], [ -123.705159, 46.680492 ], [ -123.705552, 46.680308 ], [ -123.705184, 46.680209 ] ] ], [ [ [ -123.756816, 46.708875 ], [ -123.751408, 46.708898 ], [ -123.751359, 46.710735 ], [ -123.741381, 46.710672 ], [ -123.740916, 46.711498 ], [ -123.743098, 46.714202 ], [ -123.743634, 46.71502 ], [ -123.743896, 46.716088 ], [ -123.746062, 46.716082 ], [ -123.746093, 46.714231 ], [ -123.751396, 46.714251 ], [ -123.751297, 46.717884 ], [ -123.75649, 46.717899 ], [ -123.756816, 46.708875 ] ] ], [ [ [ -123.778188, 46.676372 ], [ -123.778192, 46.671156 ], [ -123.778192, 46.669579 ], [ -123.777988, 46.666261 ], [ -123.775868, 46.665677 ], [ -123.773723, 46.667004 ], [ -123.767389, 46.667122 ], [ -123.767455, 46.668975 ], [ -123.761885, 46.669028 ], [ -123.75827, 46.670453 ], [ -123.756978, 46.670665 ], [ -123.752074, 46.671169 ], [ -123.751901, 46.671027 ], [ -123.742662, 46.671047 ], [ -123.73902, 46.67117 ], [ -123.727571, 46.671559 ], [ -123.727121, 46.671579 ], [ -123.726789, 46.671589 ], [ -123.726938, 46.675213 ], [ -123.720164, 46.675289 ], [ -123.716855, 46.675364 ], [ -123.716407, 46.671833 ], [ -123.71641, 46.671795 ], [ -123.71637, 46.670392 ], [ -123.71034, 46.670506 ], [ -123.710376, 46.671777 ], [ -123.705971, 46.671866 ], [ -123.70609, 46.675592 ], [ -123.705125, 46.675648 ], [ -123.705643, 46.675897 ], [ -123.705519, 46.679725 ], [ -123.705552, 46.680308 ], [ -123.706023, 46.687018 ], [ -123.709378, 46.686972 ], [ -123.709468, 46.689932 ], [ -123.7113, 46.689906 ], [ -123.711403, 46.693335 ], [ -123.716674, 46.693327 ], [ -123.716672, 46.694649 ], [ -123.721033, 46.694633 ], [ -123.72123, 46.695295 ], [ -123.723054, 46.695642 ], [ -123.727119, 46.695177 ], [ -123.730269, 46.693912 ], [ -123.730268, 46.700235 ], [ -123.738897, 46.700054 ], [ -123.746913, 46.700031 ], [ -123.7469, 46.696303 ], [ -123.747336, 46.689738 ], [ -123.749677, 46.689699 ], [ -123.750852, 46.686189 ], [ -123.750738, 46.685521 ], [ -123.754718, 46.684365 ], [ -123.757328, 46.683216 ], [ -123.75728, 46.682531 ], [ -123.76835, 46.676283 ], [ -123.770193, 46.675549 ], [ -123.773046, 46.675327 ], [ -123.775233, 46.675781 ], [ -123.778202, 46.677981 ], [ -123.778188, 46.676372 ] ] ] ] } },
{ "type": "Feature", "properties": { "GEOID": "5334645", "NAME": "Kalama city, Washington", "population": 3165.0 }, "geometry": { "type": "MultiPolygon", "coordinates": [ [ [ [ -122.810318, 45.980062 ], [ -122.810233, 45.980063 ], [ -122.810226, 45.980801 ], [ -122.809838, 45.981656 ], [ -122.81033, 45.981654 ], [ -122.810318, 45.980062 ] ] ], [ [ [ -122.856158, 46.014469 ], [ -122.8503004, 46.0038262 ], [ -122.845875, 45.9957859 ], [ -122.836461, 45.99612 ], [ -122.837565, 45.994661 ], [ -122.829046, 45.985142 ], [ -122.826844, 45.983359 ], [ -122.826977, 45.983947 ], [ -122.825987, 45.985531 ], [ -122.826869, 45.985534 ], [ -122.829033, 45.986566 ], [ -122.830626, 45.989007 ], [ -122.830653, 45.995313 ], [ -122.830661, 45.996571 ], [ -122.825432, 45.996475 ], [ -122.825443, 46.00009 ], [ -122.820221, 46.000087 ], [ -122.820224, 46.003699 ], [ -122.815041, 46.003677 ], [ -122.815046, 46.0073 ], [ -122.810075, 46.007293 ], [ -122.809973, 46.003669 ], [ -122.80454, 46.003667 ], [ -122.804593, 46.010865 ], [ -122.820325, 46.010929 ], [ -122.82552, 46.011362 ], [ -122.830717, 46.011838 ], [ -122.830765, 46.018144 ], [ -122.836014, 46.018166 ], [ -122.836066, 46.016662 ], [ -122.839148, 46.016678 ], [ -122.839143, 46.018915 ], [ -122.837134, 46.019342 ], [ -122.837466, 46.022783 ], [ -122.839872, 46.022764 ], [ -122.839242, 46.025359 ], [ -122.841217, 46.025391 ], [ -122.841212, 46.028971 ], [ -122.844103, 46.02897 ], [ -122.851495, 46.037274 ], [ -122.853893, 46.036904 ], [ -122.856471, 46.035696 ], [ -122.857511, 46.038804 ], [ -122.855345, 46.03878 ], [ -122.856641, 46.039895 ], [ -122.854048, 46.041447 ], [ -122.852346, 46.039998 ], [ -122.850866, 46.040681 ], [ -122.845787, 46.040134 ], [ -122.844507, 46.038957 ], [ -122.841395, 46.039157 ], [ -122.839406, 46.04315 ], [ -122.837306, 46.043337 ], [ -122.837362, 46.043812 ], [ -122.839401, 46.043221 ], [ -122.843973, 46.043219 ], [ -122.843375, 46.045147 ], [ -122.845377, 46.045211 ], [ -122.843722, 46.046153 ], [ -122.847501, 46.04768 ], [ -122.847466, 46.049987 ], [ -122.853973, 46.050161 ], [ -122.85512, 46.051539 ], [ -122.858644, 46.053052 ], [ -122.860499, 46.054378 ], [ -122.863294, 46.054431 ], [ -122.859702, 46.044019 ], [ -122.858061, 46.041456 ], [ -122.858053, 46.039746 ], [ -122.855969, 46.03293 ], [ -122.852766, 46.024699 ], [ -122.851311, 46.021948 ], [ -122.853117, 46.021779 ], [ -122.852596, 46.02063 ], [ -122.8642845, 46.0206978 ], [ -122.856158, 46.014469 ] ] ] ] } },
{ "type": "Feature", "properties": { "GEOID": "5313365", "NAME": "Clyde Hill city, Washington", "population": 3161.0 }, "geometry": { "type": "Polygon", "coordinates": [ [ [ -122.228002, 47.621029 ], [ -122.224675, 47.621041 ], [ -122.222446, 47.621042 ], [ -122.217857, 47.621052 ], [ -122.210051, 47.621079 ], [ -122.209961, 47.623832 ], [ -122.209779, 47.624725 ], [ -122.209759, 47.629245 ], [ -122.209746, 47.642945 ], [ -122.20973, 47.643248 ], [ -122.212182, 47.642445 ], [ -122.21364, 47.642678 ], [ -122.213753, 47.642716 ], [ -122.217664, 47.641245 ], [ -122.217704, 47.639175 ], [ -122.222486, 47.635833 ], [ -122.223256, 47.635739 ], [ -122.224311, 47.635604 ], [ -122.227871, 47.635534 ], [ -122.227879, 47.631953 ], [ -122.228002, 47.621029 ] ] ] } },
{ "type": "Feature", "properties": { "GEOID": "5380500", "NAME": "Zillah city, Washington", "population": 3111.0 }, "geometry": { "type": "Polygon", "coordinates": [ [ [ -120.314151, 46.417604 ], [ -120.312346, 46.41733 ], [ -120.309878, 46.415756 ], [ -120.307035, 46.415012 ], [ -120.29344, 46.412139 ], [ -120.290329, 46.411126 ], [ -120.284456, 46.406197 ], [ -120.281758, 46.404919 ], [ -120.27793, 46.404409 ], [ -120.271268, 46.401553 ], [ -120.270165, 46.402372 ], [ -120.266278, 46.402673 ], [ -120.263161, 46.402048 ], [ -120.261422, 46.398674 ], [ -120.255218, 46.395406 ], [ -120.252118, 46.394718 ], [ -120.251596, 46.395503 ], [ -120.246116, 46.394931 ], [ -120.247215, 46.395406 ], [ -120.245926, 46.39746 ], [ -120.243511, 46.397399 ], [ -120.243534, 46.400768 ], [ -120.242936, 46.401225 ], [ -120.243291, 46.402362 ], [ -120.245875, 46.401191 ], [ -120.250856, 46.401367 ], [ -120.250977, 46.402085 ], [ -120.247491, 46.40372 ], [ -120.246104, 46.404973 ], [ -120.24751, 46.406193 ], [ -120.246588, 46.408495 ], [ -120.248422, 46.40855 ], [ -120.249033, 46.411061 ], [ -120.254489, 46.41106 ], [ -120.259532, 46.4091 ], [ -120.262029, 46.409162 ], [ -120.262038, 46.411626 ], [ -120.264666, 46.411622 ], [ -120.269929, 46.411051 ], [ -120.272478, 46.413352 ], [ -120.272466, 46.41828 ], [ -120.275589, 46.418276 ], [ -120.277162, 46.415336 ], [ -120.276917, 46.408505 ], [ -120.27955, 46.409706 ], [ -120.279016, 46.406767 ], [ -120.281612, 46.406662 ], [ -120.282506, 46.408077 ], [ -120.285712, 46.409399 ], [ -120.286544, 46.411149 ], [ -120.291645, 46.412176 ], [ -120.293409, 46.414712 ], [ -120.297361, 46.415152 ], [ -120.298483, 46.418308 ], [ -120.297931, 46.418557 ], [ -120.306645, 46.422443 ], [ -120.308913, 46.423618 ], [ -120.308935, 46.423152 ], [ -120.314164, 46.425861 ], [ -120.314151, 46.417604 ] ] ] } },
{ "type": "Feature", "properties": { "GEOID": "5344725", "NAME": "Medina city, Washington", "population": 2974.0 }, "geometry": { "type": "Polygon", "coordinates": [ [ [ -122.263651, 47.613115 ], [ -122.246734, 47.609021 ], [ -122.233134, 47.606521 ], [ -122.228334, 47.604521 ], [ -122.220434, 47.596821 ], [ -122.220419, 47.597838 ], [ -122.220234, 47.610121 ], [ -122.220015, 47.616509 ], [ -122.221149, 47.61704 ], [ -122.222723, 47.617158 ], [ -122.221791, 47.619222 ], [ -122.222799, 47.619886 ], [ -122.222446, 47.621042 ], [ -122.224675, 47.621041 ], [ -122.228002, 47.621029 ], [ -122.227879, 47.631953 ], [ -122.227871, 47.635534 ], [ -122.233276, 47.635589 ], [ -122.232754, 47.639615 ], [ -122.239837, 47.657696 ], [ -122.24199, 47.657767 ], [ -122.245926, 47.656132 ], [ -122.25103, 47.653346 ], [ -122.253351, 47.651413 ], [ -122.256908, 47.647229 ], [ -122.2591, 47.642636 ], [ -122.260051, 47.63699 ], [ -122.261091, 47.628694 ], [ -122.262238, 47.624776 ], [ -122.263651, 47.613115 ] ] ] } },
{ "type": "Feature", "properties": { "GEOID": "5320260", "NAME": "Eatonville town, Washington", "population": 2861.0 }, "geometry": { "type": "Polygon", "coordinates": [ [ [ -122.292653, 46.860381 ], [ -122.289955, 46.860343 ], [ -122.28994, 46.863919 ], [ -122.282614, 46.863877 ], [ -122.282023, 46.860279 ], [ -122.27947, 46.860255 ], [ -122.279572, 46.856687 ], [ -122.278275, 46.856673 ], [ -122.278165, 46.860243 ], [ -122.271796, 46.860215 ], [ -122.271411, 46.857366 ], [ -122.269701, 46.858246 ], [ -122.265687, 46.858963 ], [ -122.262081, 46.859049 ], [ -122.255611, 46.86092 ], [ -122.252483, 46.863605 ], [ -122.252808, 46.863803 ], [ -122.249195, 46.864787 ], [ -122.249745, 46.866232 ], [ -122.248706, 46.867729 ], [ -122.250787, 46.867554 ], [ -122.253112, 46.868457 ], [ -122.254227, 46.87268 ], [ -122.253119, 46.875947 ], [ -122.254521, 46.876745 ], [ -122.255043, 46.877175 ], [ -122.262252, 46.878212 ], [ -122.260954, 46.873889 ], [ -122.266111, 46.87391 ], [ -122.266118, 46.874625 ], [ -122.269357, 46.874638 ], [ -122.27422, 46.876884 ], [ -122.275513, 46.876866 ], [ -122.276572, 46.876804 ], [ -122.275016, 46.879528 ], [ -122.275998, 46.881051 ], [ -122.278449, 46.882057 ], [ -122.279038, 46.88188 ], [ -122.282314, 46.879449 ], [ -122.283068, 46.876329 ], [ -122.282028, 46.876396 ], [ -122.283311, 46.87398 ], [ -122.282321, 46.873282 ], [ -122.282068, 46.873465 ], [ -122.282062, 46.869286 ], [ -122.284654, 46.869289 ], [ -122.284643, 46.866679 ], [ -122.288104, 46.865626 ], [ -122.289885, 46.865745 ], [ -122.289867, 46.867531 ], [ -122.292542, 46.867545 ], [ -122.292642, 46.863938 ], [ -122.292653, 46.860381 ] ] ] } },
{ "type": "Feature", "properties": { "GEOID": "5376160", "NAME": "Warden city, Washington", "population": 2830.0 }, "geometry": { "type": "MultiPolygon", "coordinates": [ [ [ [ -119.024645, 46.970229 ], [ -119.021368, 46.970151 ], [ -119.02318, 46.971607 ], [ -119.023827, 46.97494 ], [ -119.024646, 46.975659 ], [ -119.024645, 46.970229 ] ] ], [ [ [ -119.032293, 46.976905 ], [ -119.032097, 46.976911 ], [ -119.025868, 46.97688 ], [ -119.026137, 46.978618 ], [ -119.027781, 46.980302 ], [ -119.029359, 46.980954 ], [ -119.032251, 46.976966 ], [ -119.032293, 46.976905 ] ] ], [ [ [ -119.075553, 46.948586 ], [ -119.072813, 46.944619 ], [ -119.067679, 46.944508 ], [ -119.06764, 46.947629 ], [ -119.064436, 46.955362 ], [ -119.056836, 46.955306 ], [ -119.056772, 46.958087 ], [ -119.053888, 46.959814 ], [ -119.051345, 46.960107 ], [ -119.051363, 46.958936 ], [ -119.046127, 46.958919 ], [ -119.046202, 46.955171 ], [ -119.039775, 46.955137 ], [ -119.039621, 46.958779 ], [ -119.035445, 46.958722 ], [ -119.035257, 46.962399 ], [ -119.033249, 46.962383 ], [ -119.033238, 46.963623 ], [ -119.034707, 46.963644 ], [ -119.034663, 46.965646 ], [ -119.024687, 46.965689 ], [ -119.027014, 46.966916 ], [ -119.027008, 46.969631 ], [ -119.031681, 46.969654 ], [ -119.031688, 46.96876 ], [ -119.035188, 46.969661 ], [ -119.035191, 46.972908 ], [ -119.032293, 46.976905 ], [ -119.045898, 46.976986 ], [ -119.045865, 46.982131 ], [ -119.045826, 46.985196 ], [ -119.048335, 46.985034 ], [ -119.049556, 46.985672 ], [ -119.059288, 46.986396 ], [ -119.05947, 46.981888 ], [ -119.061404, 46.971653 ], [ -119.064604, 46.971555 ], [ -119.06463, 46.969868 ], [ -119.066482, 46.969885 ], [ -119.066532, 46.968749 ], [ -119.067181, 46.968762 ], [ -119.067106, 46.969891 ], [ -119.067681, 46.969894 ], [ -119.070447, 46.966367 ], [ -119.07153, 46.963215 ], [ -119.072517, 46.961127 ], [ -119.071087, 46.958653 ], [ -119.072438, 46.954305 ], [ -119.075503, 46.949574 ], [ -119.075553, 46.948586 ] ] ] ] } },
{ "type": "Feature", "properties": { "GEOID": "5325615", "NAME": "Friday Harbor town, Washington", "population": 2729.0 }, "geometry": { "type": "MultiPolygon", "coordinates": [ [ [ [ -123.033968, 48.525245 ], [ -123.028505, 48.525254 ], [ -123.028457, 48.521734 ], [ -123.023081, 48.521713 ], [ -123.02317, 48.52413 ], [ -123.019058, 48.524655 ], [ -123.017619, 48.525766 ], [ -123.017604, 48.527115 ], [ -123.00681, 48.527128 ], [ -123.006853, 48.525319 ], [ -123.001234, 48.525327 ], [ -123.001825, 48.527353 ], [ -123.005009, 48.528241 ], [ -123.003748, 48.528809 ], [ -123.003482, 48.531785 ], [ -123.004665, 48.531689 ], [ -123.007184, 48.533758 ], [ -123.009528, 48.533969 ], [ -123.014649, 48.535362 ], [ -123.020107, 48.53794 ], [ -123.019559, 48.539595 ], [ -123.020396, 48.545035 ], [ -123.02315, 48.543776 ], [ -123.023473, 48.542107 ], [ -123.026168, 48.545586 ], [ -123.027394, 48.546543 ], [ -123.028579, 48.546418 ], [ -123.028577, 48.543515 ], [ -123.033973, 48.543497 ], [ -123.033978, 48.535829 ], [ -123.032008, 48.535534 ], [ -123.031934, 48.531677 ], [ -123.031237, 48.529964 ], [ -123.028542, 48.530556 ], [ -123.028545, 48.529341 ], [ -123.03128, 48.527136 ], [ -123.033979, 48.526081 ], [ -123.033968, 48.525245 ] ] ], [ [ [ -123.033991, 48.552729 ], [ -123.032127, 48.551542 ], [ -123.031628, 48.550738 ], [ -123.031247, 48.556631 ], [ -123.032062, 48.556637 ], [ -123.033974, 48.556654 ], [ -123.033978, 48.555666 ], [ -123.033991, 48.552729 ] ] ], [ [ [ -123.101978, 48.525513 ], [ -123.100544, 48.525522 ], [ -123.100061, 48.52557 ], [ -123.099544, 48.52584 ], [ -123.099428, 48.526015 ], [ -123.099354, 48.527317 ], [ -123.101999, 48.527321 ], [ -123.101978, 48.525513 ] ] ], [ [ [ -123.142623, 48.532734 ], [ -123.131823, 48.532671 ], [ -123.131845, 48.525478 ], [ -123.126413, 48.525447 ], [ -123.126419, 48.521802 ], [ -123.110104, 48.521876 ], [ -123.110232, 48.525502 ], [ -123.115532, 48.52549 ], [ -123.115622, 48.532739 ], [ -123.121022, 48.532714 ], [ -123.121068, 48.536395 ], [ -123.125006, 48.53638 ], [ -123.126388, 48.537203 ], [ -123.126878, 48.539931 ], [ -123.131912, 48.539924 ], [ -123.131867, 48.536338 ], [ -123.137249, 48.536329 ], [ -123.13719, 48.539914 ], [ -123.142715, 48.539903 ], [ -123.142623, 48.532734 ] ] ] ] } },
{ "type": "Feature", "properties": { "GEOID": "5312140", "NAME": "Chewelah city, Washington", "population": 2712.0 }, "geometry": { "type": "MultiPolygon", "coordinates": [ [ [ [ -117.742637, 48.273456 ], [ -117.742636, 48.273084 ], [ -117.741747, 48.273063 ], [ -117.741104, 48.272768 ], [ -117.732064, 48.273131 ], [ -117.726278, 48.273349 ], [ -117.726353, 48.269863 ], [ -117.717881, 48.270037 ], [ -117.715996, 48.269245 ], [ -117.715403, 48.270078 ], [ -117.708149, 48.270119 ], [ -117.704642, 48.270146 ], [ -117.704653, 48.273653 ], [ -117.701951, 48.273668 ], [ -117.701911, 48.277386 ], [ -117.699241, 48.277384 ], [ -117.699251, 48.281069 ], [ -117.704678, 48.281015 ], [ -117.704673, 48.284654 ], [ -117.710067, 48.284658 ], [ -117.710056, 48.28646 ], [ -117.711073, 48.285346 ], [ -117.713496, 48.285351 ], [ -117.713491, 48.286401 ], [ -117.715446, 48.286392 ], [ -117.715478, 48.284627 ], [ -117.717983, 48.285469 ], [ -117.718093, 48.286432 ], [ -117.718722, 48.287768 ], [ -117.718968, 48.288695 ], [ -117.720909, 48.288687 ], [ -117.720911, 48.286497 ], [ -117.723373, 48.287337 ], [ -117.72492, 48.286359 ], [ -117.725, 48.28789 ], [ -117.729294, 48.289337 ], [ -117.729293, 48.288094 ], [ -117.737308, 48.287974 ], [ -117.737342, 48.285333 ], [ -117.736409, 48.284434 ], [ -117.731859, 48.284451 ], [ -117.731839, 48.281436 ], [ -117.737279, 48.284259 ], [ -117.737216, 48.27685 ], [ -117.742657, 48.276915 ], [ -117.742637, 48.273456 ] ] ], [ [ [ -117.770059, 48.305767 ], [ -117.767588, 48.305068 ], [ -117.760811, 48.305317 ], [ -117.759152, 48.305859 ], [ -117.752184, 48.305934 ], [ -117.752133, 48.308525 ], [ -117.739363, 48.308553 ], [ -117.739149, 48.314923 ], [ -117.743212, 48.320462 ], [ -117.743709, 48.32284 ], [ -117.760499, 48.322872 ], [ -117.760491, 48.321641 ], [ -117.765778, 48.31914 ], [ -117.765745, 48.313672 ], [ -117.762172, 48.312308 ], [ -117.760431, 48.311644 ], [ -117.760412, 48.308499 ], [ -117.763712, 48.308515 ], [ -117.769617, 48.307057 ], [ -117.770059, 48.305767 ] ] ] ] } },
{ "type": "Feature", "properties": { "GEOID": "5313785", "NAME": "Colfax city, Washington", "population": 2667.0 }, "geometry": { "type": "MultiPolygon", "coordinates": [ [ [ [ -117.284876, 46.930689 ], [ -117.282625, 46.929787 ], [ -117.282645, 46.929292 ], [ -117.279111, 46.929309 ], [ -117.279089, 46.929842 ], [ -117.282614, 46.929848 ], [ -117.28483, 46.93076 ], [ -117.284876, 46.930689 ] ] ], [ [ [ -117.387399, 46.893573 ], [ -117.381745, 46.892358 ], [ -117.381777, 46.891197 ], [ -117.384391, 46.891366 ], [ -117.384354, 46.889462 ], [ -117.38139, 46.89062 ], [ -117.376579, 46.890811 ], [ -117.37315, 46.889314 ], [ -117.371384, 46.889431 ], [ -117.372418, 46.885591 ], [ -117.372378, 46.882949 ], [ -117.374567, 46.88132 ], [ -117.374649, 46.881321 ], [ -117.37496, 46.879885 ], [ -117.37233, 46.879777 ], [ -117.372277, 46.87625 ], [ -117.373376, 46.876243 ], [ -117.374104, 46.87461 ], [ -117.373885, 46.871528 ], [ -117.374631, 46.870912 ], [ -117.382596, 46.870828 ], [ -117.38252, 46.867156 ], [ -117.377927, 46.86751 ], [ -117.37649, 46.867109 ], [ -117.375909, 46.867987 ], [ -117.370399, 46.869655 ], [ -117.369632, 46.871029 ], [ -117.368025, 46.871051 ], [ -117.366776, 46.869707 ], [ -117.364078, 46.869761 ], [ -117.363105, 46.871092 ], [ -117.355887, 46.871244 ], [ -117.355892, 46.872081 ], [ -117.351632, 46.872125 ], [ -117.351627, 46.871327 ], [ -117.345655, 46.871391 ], [ -117.353781, 46.876645 ], [ -117.356003, 46.876394 ], [ -117.354593, 46.877929 ], [ -117.356061, 46.878562 ], [ -117.361342, 46.878548 ], [ -117.361311, 46.880322 ], [ -117.35668, 46.88234 ], [ -117.354711, 46.882669 ], [ -117.358773, 46.882806 ], [ -117.358742, 46.885748 ], [ -117.355945, 46.885769 ], [ -117.3552, 46.893534 ], [ -117.35526, 46.897153 ], [ -117.350162, 46.897765 ], [ -117.346499, 46.899294 ], [ -117.346434, 46.897372 ], [ -117.339262, 46.897404 ], [ -117.339254, 46.901159 ], [ -117.33356, 46.90451 ], [ -117.330111, 46.906742 ], [ -117.331007, 46.907238 ], [ -117.32988, 46.908684 ], [ -117.328335, 46.90795 ], [ -117.328214, 46.912262 ], [ -117.323955, 46.911806 ], [ -117.318323, 46.910748 ], [ -117.318586, 46.917646 ], [ -117.308802, 46.917636 ], [ -117.308702, 46.919989 ], [ -117.298188, 46.920159 ], [ -117.29834, 46.92385 ], [ -117.29695, 46.9246 ], [ -117.29451, 46.92898 ], [ -117.29454, 46.93105 ], [ -117.29363, 46.93214 ], [ -117.299298, 46.932107 ], [ -117.308383, 46.932358 ], [ -117.319162, 46.932283 ], [ -117.319454, 46.921214 ], [ -117.334963, 46.921089 ], [ -117.334939, 46.922431 ], [ -117.336927, 46.922439 ], [ -117.337214, 46.924281 ], [ -117.33767, 46.921592 ], [ -117.338914, 46.921499 ], [ -117.338465, 46.920134 ], [ -117.336177, 46.919286 ], [ -117.336621, 46.91771 ], [ -117.338919, 46.917676 ], [ -117.337911, 46.912431 ], [ -117.342624, 46.90851 ], [ -117.344609, 46.908527 ], [ -117.344605, 46.905617 ], [ -117.34776, 46.90498 ], [ -117.34859, 46.90335 ], [ -117.350117, 46.902782 ], [ -117.350118, 46.901017 ], [ -117.35105, 46.901497 ], [ -117.352018, 46.901 ], [ -117.354456, 46.900978 ], [ -117.354548, 46.901424 ], [ -117.356762, 46.90065 ], [ -117.359323, 46.8989 ], [ -117.361707, 46.895524 ], [ -117.363938, 46.891075 ], [ -117.366482, 46.890607 ], [ -117.370663, 46.892147 ], [ -117.370976, 46.890941 ], [ -117.376568, 46.891527 ], [ -117.376585, 46.893447 ], [ -117.384232, 46.893437 ], [ -117.388372, 46.894266 ], [ -117.387399, 46.893573 ] ], [ [ -117.361995, 46.885848 ], [ -117.360421, 46.885889 ], [ -117.361221, 46.882809 ], [ -117.360518, 46.880869 ], [ -117.362267, 46.881208 ], [ -117.361995, 46.885848 ] ] ] ] } },
{ "type": "Feature", "properties": { "GEOID": "5378330", "NAME": "White Salmon city, Washington", "population": 2655.0 }, "geometry": { "type": "Polygon", "coordinates": [ [ [ -121.508815, 45.728115 ], [ -121.50801, 45.727144 ], [ -121.502057, 45.726092 ], [ -121.502067, 45.727352 ], [ -121.497769, 45.727474 ], [ -121.497015, 45.727372 ], [ -121.496993, 45.723637 ], [ -121.495178, 45.722616 ], [ -121.490697, 45.722125 ], [ -121.485745, 45.720851 ], [ -121.481547, 45.718892 ], [ -121.481585, 45.722931 ], [ -121.473201, 45.720626 ], [ -121.47008, 45.720068 ], [ -121.464249, 45.720821 ], [ -121.465566, 45.718415 ], [ -121.461018, 45.716234 ], [ -121.460605, 45.716805 ], [ -121.459418, 45.717145 ], [ -121.460634, 45.71823 ], [ -121.460689, 45.720934 ], [ -121.462985, 45.722548 ], [ -121.461036, 45.723646 ], [ -121.464908, 45.722452 ], [ -121.470846, 45.724354 ], [ -121.471187, 45.724956 ], [ -121.471159, 45.727976 ], [ -121.473857, 45.727978 ], [ -121.476319, 45.728432 ], [ -121.476355, 45.731609 ], [ -121.477517, 45.731606 ], [ -121.476958, 45.732865 ], [ -121.47696, 45.733326 ], [ -121.477716, 45.734716 ], [ -121.476555, 45.735244 ], [ -121.476193, 45.735559 ], [ -121.476123, 45.738772 ], [ -121.481318, 45.738902 ], [ -121.484461, 45.738886 ], [ -121.484915, 45.737658 ], [ -121.487736, 45.737707 ], [ -121.487688, 45.738953 ], [ -121.490419, 45.738936 ], [ -121.490436, 45.73525 ], [ -121.497009, 45.735244 ], [ -121.49702, 45.737259 ], [ -121.499145, 45.736789 ], [ -121.498221, 45.735339 ], [ -121.502102, 45.735528 ], [ -121.501091, 45.73365 ], [ -121.496896, 45.732845 ], [ -121.496895, 45.731654 ], [ -121.502042, 45.731729 ], [ -121.502082, 45.730294 ], [ -121.502908, 45.730306 ], [ -121.502925, 45.729626 ], [ -121.504188, 45.730079 ], [ -121.504004, 45.731064 ], [ -121.503264, 45.731056 ], [ -121.50325, 45.731752 ], [ -121.506444, 45.731793 ], [ -121.507654, 45.731132 ], [ -121.507642, 45.729138 ], [ -121.508863, 45.729973 ], [ -121.508815, 45.728115 ] ], [ [ -121.484873, 45.737625 ], [ -121.481345, 45.737612 ], [ -121.481373, 45.735951 ], [ -121.481387, 45.735266 ], [ -121.484861, 45.735238 ], [ -121.484295, 45.736355 ], [ -121.484561, 45.737292 ], [ -121.484873, 45.737625 ] ] ] } },
{ "type": "Feature", "properties": { "GEOID": "5379275", "NAME": "Winlock city, Washington", "population": 2640.0 }, "geometry": { "type": "Polygon", "coordinates": [ [ [ -122.960035, 46.496246 ], [ -122.947218, 46.496271 ], [ -122.946442, 46.495755 ], [ -122.946007, 46.489041 ], [ -122.941816, 46.489051 ], [ -122.941141, 46.487907 ], [ -122.944121, 46.485287 ], [ -122.944121, 46.484364 ], [ -122.949007, 46.481639 ], [ -122.945723, 46.481176 ], [ -122.945295, 46.480115 ], [ -122.944162, 46.481733 ], [ -122.932392, 46.48172 ], [ -122.93219, 46.488511 ], [ -122.93078, 46.489378 ], [ -122.929299, 46.488087 ], [ -122.929351, 46.486504 ], [ -122.927643, 46.486489 ], [ -122.927654, 46.485364 ], [ -122.926056, 46.485342 ], [ -122.92774, 46.481579 ], [ -122.916559, 46.479185 ], [ -122.915569, 46.48147 ], [ -122.910823, 46.4812 ], [ -122.910582, 46.480375 ], [ -122.907464, 46.479613 ], [ -122.909054, 46.477585 ], [ -122.904, 46.476513 ], [ -122.905037, 46.47519 ], [ -122.898142, 46.475258 ], [ -122.891946, 46.474276 ], [ -122.889969, 46.477533 ], [ -122.884619, 46.476051 ], [ -122.882768, 46.478018 ], [ -122.881039, 46.481692 ], [ -122.876995, 46.493046 ], [ -122.876747, 46.49647 ], [ -122.889831, 46.50033 ], [ -122.897285, 46.48767 ], [ -122.893366, 46.486515 ], [ -122.895579, 46.482696 ], [ -122.917666, 46.488845 ], [ -122.917432, 46.48941 ], [ -122.917399, 46.494537 ], [ -122.923699, 46.494416 ], [ -122.929959, 46.492528 ], [ -122.932225, 46.49538 ], [ -122.932225, 46.499875 ], [ -122.935421, 46.499887 ], [ -122.93255, 46.503498 ], [ -122.928568, 46.503481 ], [ -122.928592, 46.505327 ], [ -122.929983, 46.505763 ], [ -122.928891, 46.507004 ], [ -122.934145, 46.507121 ], [ -122.933878, 46.505975 ], [ -122.936372, 46.503524 ], [ -122.939069, 46.503523 ], [ -122.939058, 46.4999 ], [ -122.94564, 46.499924 ], [ -122.948246, 46.500837 ], [ -122.953386, 46.501234 ], [ -122.958208, 46.499861 ], [ -122.960028, 46.498821 ], [ -122.960035, 46.496246 ] ] ] } },
{ "type": "Feature", "properties": { "GEOID": "5327365", "NAME": "Gold Bar city, Washington", "population": 2561.0 }, "geometry": { "type": "MultiPolygon", "coordinates": [ [ [ [ -121.694373, 47.851597 ], [ -121.692438, 47.849356 ], [ -121.69136, 47.845608 ], [ -121.691301, 47.850801 ], [ -121.691299, 47.850975 ], [ -121.691337, 47.850993 ], [ -121.693716, 47.852225 ], [ -121.694373, 47.851597 ] ] ], [ [ [ -121.709939, 47.86036 ], [ -121.709931, 47.859331 ], [ -121.703328, 47.856591 ], [ -121.70112, 47.855665 ], [ -121.700344, 47.856052 ], [ -121.691294, 47.851392 ], [ -121.691299, 47.850975 ], [ -121.675365, 47.842767 ], [ -121.675293, 47.843698 ], [ -121.6729, 47.842835 ], [ -121.672796, 47.845089 ], [ -121.67525, 47.845087 ], [ -121.675135, 47.849518 ], [ -121.675188, 47.849599 ], [ -121.680536, 47.849549 ], [ -121.680592, 47.852965 ], [ -121.685866, 47.856307 ], [ -121.685944, 47.859397 ], [ -121.683296, 47.860561 ], [ -121.681882, 47.863706 ], [ -121.685998, 47.864481 ], [ -121.690916, 47.864174 ], [ -121.691205, 47.860489 ], [ -121.692864, 47.860859 ], [ -121.693162, 47.863812 ], [ -121.696853, 47.863435 ], [ -121.701609, 47.864073 ], [ -121.704663, 47.866014 ], [ -121.70467, 47.864246 ], [ -121.711231, 47.863693 ], [ -121.709939, 47.86036 ] ] ] ] } },
{ "type": "Feature", "properties": { "GEOID": "5316970", "NAME": "Dayton city, Washington", "population": 2538.0 }, "geometry": { "type": "MultiPolygon", "coordinates": [ [ [ [ -117.994752, 46.310419 ], [ -117.991313, 46.307654 ], [ -117.991322, 46.309607 ], [ -117.985892, 46.313339 ], [ -117.975444, 46.313294 ], [ -117.97541, 46.309616 ], [ -117.97033, 46.309587 ], [ -117.97035, 46.306154 ], [ -117.964972, 46.306101 ], [ -117.964969, 46.304717 ], [ -117.963583, 46.304697 ], [ -117.963595, 46.306093 ], [ -117.962234, 46.306091 ], [ -117.961072, 46.303967 ], [ -117.959745, 46.304089 ], [ -117.959814, 46.30417 ], [ -117.959767, 46.306 ], [ -117.95818, 46.306253 ], [ -117.959762, 46.308718 ], [ -117.959796, 46.31321 ], [ -117.965026, 46.313225 ], [ -117.965021, 46.31415 ], [ -117.963774, 46.313657 ], [ -117.960805, 46.314813 ], [ -117.960841, 46.316921 ], [ -117.96529, 46.3168 ], [ -117.969469, 46.317108 ], [ -117.96844, 46.31725 ], [ -117.97019, 46.31872 ], [ -117.969725, 46.324137 ], [ -117.97156, 46.3242 ], [ -117.972534, 46.324196 ], [ -117.973055, 46.32581 ], [ -117.972767, 46.327828 ], [ -117.975196, 46.328281 ], [ -117.97488, 46.32779 ], [ -117.980625, 46.327799 ], [ -117.980916, 46.327645 ], [ -117.985181, 46.326397 ], [ -117.989988, 46.324203 ], [ -117.991416, 46.324209 ], [ -117.991431, 46.32214 ], [ -117.991462, 46.315985 ], [ -117.993165, 46.315208 ], [ -117.99123, 46.314822 ], [ -117.99246, 46.31161 ], [ -117.994752, 46.310419 ] ] ], [ [ [ -118.004893, 46.315049 ], [ -118.001577, 46.315202 ], [ -118.001682, 46.316103 ], [ -118.00138, 46.31612 ], [ -118.001059, 46.317044 ], [ -118.002316, 46.316855 ], [ -118.004893, 46.315049 ] ] ] ] } },
{ "type": "Feature", "properties": { "GEOID": "5357220", "NAME": "Rainier city, Washington", "population": 2495.0 }, "geometry": { "type": "Polygon", "coordinates": [ [ [ -122.703114, 46.890689 ], [ -122.70014, 46.890673 ], [ -122.70019, 46.888831 ], [ -122.697673, 46.88831 ], [ -122.69772, 46.883448 ], [ -122.700476, 46.881925 ], [ -122.700051, 46.881117 ], [ -122.697728, 46.881451 ], [ -122.697738, 46.879668 ], [ -122.676496, 46.879744 ], [ -122.67631, 46.897953 ], [ -122.678661, 46.897947 ], [ -122.677521, 46.89869 ], [ -122.676272, 46.899145 ], [ -122.676276, 46.900485 ], [ -122.670974, 46.902303 ], [ -122.670948, 46.905196 ], [ -122.686736, 46.905201 ], [ -122.686817, 46.901568 ], [ -122.692126, 46.901561 ], [ -122.692194, 46.897922 ], [ -122.697489, 46.897892 ], [ -122.697545, 46.894289 ], [ -122.703055, 46.894333 ], [ -122.703114, 46.890689 ] ] ] } },
{ "type": "Feature", "properties": { "GEOID": "5350920", "NAME": "Okanogan city, Washington", "population": 2494.0 }, "geometry": { "type": "MultiPolygon", "coordinates": [ [ [ [ -119.56861, 48.366844 ], [ -119.567161, 48.367514 ], [ -119.56485, 48.367268 ], [ -119.560247, 48.369913 ], [ -119.560251, 48.371346 ], [ -119.563006, 48.371371 ], [ -119.565027, 48.372508 ], [ -119.570794, 48.367691 ], [ -119.56861, 48.366844 ] ] ], [ [ [ -119.573782, 48.359166 ], [ -119.565643, 48.360383 ], [ -119.565646, 48.361629 ], [ -119.562413, 48.362138 ], [ -119.560219, 48.362142 ], [ -119.55939, 48.360442 ], [ -119.554783, 48.360458 ], [ -119.554796, 48.364076 ], [ -119.570633, 48.363991 ], [ -119.571079, 48.361417 ], [ -119.573782, 48.359166 ] ] ], [ [ [ -119.595174, 48.37103 ], [ -119.59399, 48.370067 ], [ -119.59246, 48.370086 ], [ -119.592764, 48.373754 ], [ -119.595253, 48.373752 ], [ -119.595174, 48.37103 ] ] ], [ [ [ -119.597894, 48.385988 ], [ -119.595969, 48.384785 ], [ -119.594926, 48.382895 ], [ -119.592378, 48.380989 ], [ -119.592427, 48.382537 ], [ -119.593394, 48.384613 ], [ -119.593443, 48.384639 ], [ -119.59349, 48.384685 ], [ -119.596365, 48.385971 ], [ -119.597894, 48.385988 ] ] ], [ [ [ -119.604213, 48.347737 ], [ -119.60226, 48.34572 ], [ -119.601553, 48.346634 ], [ -119.601597, 48.347185 ], [ -119.601489, 48.347633 ], [ -119.60122, 48.347956 ], [ -119.60064, 48.348194 ], [ -119.599724, 48.348778 ], [ -119.599356, 48.349141 ], [ -119.598715, 48.349523 ], [ -119.598189, 48.349387 ], [ -119.596912, 48.351126 ], [ -119.593543, 48.353415 ], [ -119.593167, 48.3537 ], [ -119.589531, 48.353232 ], [ -119.590933, 48.351846 ], [ -119.589424, 48.350741 ], [ -119.586205, 48.353168 ], [ -119.582121, 48.353097 ], [ -119.582122, 48.356243 ], [ -119.576748, 48.360099 ], [ -119.575035, 48.362253 ], [ -119.573276, 48.362498 ], [ -119.574583, 48.363417 ], [ -119.570846, 48.366577 ], [ -119.570794, 48.367691 ], [ -119.573831, 48.367659 ], [ -119.57456, 48.367973 ], [ -119.569575, 48.371656 ], [ -119.569525, 48.372553 ], [ -119.567178, 48.374904 ], [ -119.562895, 48.376183 ], [ -119.564836, 48.377138 ], [ -119.562451, 48.377453 ], [ -119.561868, 48.379251 ], [ -119.555295, 48.384722 ], [ -119.552138, 48.383255 ], [ -119.547995, 48.387751 ], [ -119.547768, 48.388421 ], [ -119.547128, 48.392236 ], [ -119.557028, 48.392025 ], [ -119.558379, 48.391997 ], [ -119.556442, 48.390031 ], [ -119.559967, 48.388268 ], [ -119.557956, 48.388279 ], [ -119.555584, 48.389914 ], [ -119.554861, 48.3895 ], [ -119.554881, 48.388728 ], [ -119.55546, 48.388288 ], [ -119.553997, 48.388297 ], [ -119.56001, 48.384363 ], [ -119.563983, 48.380138 ], [ -119.567635, 48.37802 ], [ -119.566128, 48.376812 ], [ -119.571208, 48.377363 ], [ -119.571256, 48.381125 ], [ -119.571507, 48.380573 ], [ -119.573512, 48.378895 ], [ -119.574394, 48.37662 ], [ -119.576692, 48.373718 ], [ -119.587107, 48.373771 ], [ -119.587184, 48.366533 ], [ -119.593595, 48.366494 ], [ -119.596319, 48.365458 ], [ -119.596332, 48.366481 ], [ -119.59819, 48.366449 ], [ -119.599896, 48.365458 ], [ -119.596303, 48.364391 ], [ -119.596546, 48.363211 ], [ -119.594995, 48.361798 ], [ -119.594908, 48.359198 ], [ -119.597686, 48.359171 ], [ -119.597663, 48.357436 ], [ -119.595817, 48.357458 ], [ -119.595904, 48.355921 ], [ -119.601646, 48.355255 ], [ -119.601206, 48.354348 ], [ -119.602782, 48.353579 ], [ -119.600739, 48.353027 ], [ -119.600155, 48.351639 ], [ -119.603129, 48.349683 ], [ -119.604213, 48.347737 ] ] ], [ [ [ -119.608399, 48.354118 ], [ -119.606614, 48.3541 ], [ -119.60626, 48.355536 ], [ -119.604478, 48.356979 ], [ -119.605848, 48.357196 ], [ -119.608429, 48.357192 ], [ -119.608399, 48.354118 ] ] ] ] } },
{ "type": "Feature", "properties": { "GEOID": "5310215", "NAME": "Carnation city, Washington", "population": 2471.0 }, "geometry": { "type": "MultiPolygon", "coordinates": [ [ [ [ -121.878028, 47.629767 ], [ -121.864068, 47.629752 ], [ -121.864021, 47.63329 ], [ -121.865412, 47.633306 ], [ -121.874709, 47.633355 ], [ -121.874716, 47.631567 ], [ -121.877811, 47.631145 ], [ -121.878028, 47.629767 ] ] ], [ [ [ -121.901496, 47.626199 ], [ -121.899862, 47.626217 ], [ -121.899887, 47.629626 ], [ -121.901492, 47.629741 ], [ -121.901496, 47.626199 ] ] ], [ [ [ -121.925772, 47.644296 ], [ -121.916825, 47.64427 ], [ -121.91539, 47.64385 ], [ -121.915246, 47.642833 ], [ -121.916317, 47.639838 ], [ -121.916298, 47.637856 ], [ -121.910193, 47.63775 ], [ -121.908686, 47.639528 ], [ -121.907286, 47.640469 ], [ -121.905043, 47.641408 ], [ -121.904324, 47.64153 ], [ -121.904358, 47.63879 ], [ -121.901534, 47.638839 ], [ -121.901374, 47.639274 ], [ -121.901456, 47.641702 ], [ -121.8995, 47.641533 ], [ -121.897724, 47.641495 ], [ -121.897726, 47.644667 ], [ -121.896103, 47.64423 ], [ -121.888583, 47.644222 ], [ -121.888592, 47.645564 ], [ -121.890666, 47.646657 ], [ -121.895426, 47.647841 ], [ -121.895461, 47.649057 ], [ -121.899485, 47.647839 ], [ -121.901497, 47.647852 ], [ -121.901549, 47.651466 ], [ -121.896228, 47.651425 ], [ -121.896277, 47.653279 ], [ -121.907283, 47.653332 ], [ -121.907283, 47.652825 ], [ -121.910513, 47.652822 ], [ -121.911854, 47.65194 ], [ -121.911939, 47.651439 ], [ -121.923757, 47.651471 ], [ -121.924588, 47.645537 ], [ -121.925772, 47.644296 ] ] ] ] } },
{ "type": "Feature", "properties": { "GEOID": "5310565", "NAME": "Castle Rock city, Washington", "population": 2442.0 }, "geometry": { "type": "Polygon", "coordinates": [ [ [ -122.928863, 46.283551 ], [ -122.922242, 46.283593 ], [ -122.923948, 46.283229 ], [ -122.923939, 46.281414 ], [ -122.919748, 46.281641 ], [ -122.921347, 46.277607 ], [ -122.921872, 46.276281 ], [ -122.923423, 46.276445 ], [ -122.924693, 46.274577 ], [ -122.923732, 46.271584 ], [ -122.925787, 46.26579 ], [ -122.924171, 46.265888 ], [ -122.918063, 46.263757 ], [ -122.915825, 46.265548 ], [ -122.915585, 46.265792 ], [ -122.912799, 46.266308 ], [ -122.909994, 46.26684 ], [ -122.905301, 46.266657 ], [ -122.902001, 46.264449 ], [ -122.900375, 46.262815 ], [ -122.898192, 46.258323 ], [ -122.895551, 46.253236 ], [ -122.893126, 46.249829 ], [ -122.890906, 46.247241 ], [ -122.88999, 46.246476 ], [ -122.888518, 46.246966 ], [ -122.884908, 46.252265 ], [ -122.886484, 46.255585 ], [ -122.884162, 46.255628 ], [ -122.880736, 46.255163 ], [ -122.880743, 46.25602 ], [ -122.880796, 46.260729 ], [ -122.882093, 46.260705 ], [ -122.885824, 46.261385 ], [ -122.885826, 46.264338 ], [ -122.890759, 46.264367 ], [ -122.891291, 46.26437 ], [ -122.888959, 46.260098 ], [ -122.889964, 46.260208 ], [ -122.893431, 46.264562 ], [ -122.899127, 46.264664 ], [ -122.90328, 46.267437 ], [ -122.903417, 46.271663 ], [ -122.899181, 46.271665 ], [ -122.90219, 46.275361 ], [ -122.900435, 46.275268 ], [ -122.897707, 46.275474 ], [ -122.899747, 46.279035 ], [ -122.896296, 46.279354 ], [ -122.896332, 46.284572 ], [ -122.897476, 46.285703 ], [ -122.893737, 46.286299 ], [ -122.893767, 46.288977 ], [ -122.891165, 46.288995 ], [ -122.891177, 46.289924 ], [ -122.897501, 46.289867 ], [ -122.902428, 46.286563 ], [ -122.903887, 46.286257 ], [ -122.905528, 46.284252 ], [ -122.905482, 46.280338 ], [ -122.908286, 46.281378 ], [ -122.909935, 46.283631 ], [ -122.912981, 46.285485 ], [ -122.92834, 46.285466 ], [ -122.928863, 46.283551 ] ] ] } },
{ "type": "Feature", "properties": { "GEOID": "5377630", "NAME": "Westport city, Washington", "population": 2372.0 }, "geometry": { "type": "Polygon", "coordinates": [ [ [ -124.134367, 46.903828 ], [ -124.132803, 46.896387 ], [ -124.126097, 46.881072 ], [ -124.12237180000001, 46.8718341 ], [ -124.114922, 46.871881 ], [ -124.114901, 46.873837 ], [ -124.112167, 46.873845 ], [ -124.10415, 46.873889 ], [ -124.10414, 46.872942 ], [ -124.099187, 46.872939 ], [ -124.097067, 46.873483 ], [ -124.093795, 46.873495 ], [ -124.097333, 46.878792 ], [ -124.0919701, 46.8795044 ], [ -124.095087, 46.882699 ], [ -124.092504, 46.887068 ], [ -124.091670599999986, 46.8904433 ], [ -124.090422, 46.8955 ], [ -124.092961, 46.901655 ], [ -124.099493, 46.90422 ], [ -124.1038808, 46.9074868 ], [ -124.106088, 46.9091302 ], [ -124.110641, 46.91252 ], [ -124.115797, 46.913214 ], [ -124.11846, 46.911349 ], [ -124.122, 46.905675 ], [ -124.129298, 46.905133 ], [ -124.138225, 46.905534 ], [ -124.134367, 46.903828 ] ] ] } },
{ "type": "Feature", "properties": { "GEOID": "5312945", "NAME": "Cle Elum city, Washington", "population": 2288.0 }, "geometry": { "type": "MultiPolygon", "coordinates": [ [ [ [ -120.889009, 47.192956 ], [ -120.884173, 47.190559 ], [ -120.881082, 47.189479 ], [ -120.881108, 47.190988 ], [ -120.878115, 47.19087 ], [ -120.878157, 47.196861 ], [ -120.888991, 47.196783 ], [ -120.889009, 47.192956 ] ] ], [ [ [ -120.901499, 47.184945 ], [ -120.901119, 47.182888 ], [ -120.900147, 47.182163 ], [ -120.8996, 47.182144 ], [ -120.899606, 47.185184 ], [ -120.900987, 47.18559 ], [ -120.901207, 47.185643 ], [ -120.901499, 47.184945 ] ] ], [ [ [ -120.9256, 47.186075 ], [ -120.921025, 47.186094 ], [ -120.915191, 47.184795 ], [ -120.911599, 47.183405 ], [ -120.907928, 47.183593 ], [ -120.907109, 47.182311 ], [ -120.907095, 47.182066 ], [ -120.907016, 47.181974 ], [ -120.906683, 47.181842 ], [ -120.906453, 47.181766 ], [ -120.905891, 47.18167 ], [ -120.904989, 47.181653 ], [ -120.905692, 47.184109 ], [ -120.909602, 47.185521 ], [ -120.926324, 47.188937 ], [ -120.9256, 47.186075 ] ] ], [ [ [ -121.016206, 47.188926 ], [ -121.014893, 47.183812 ], [ -121.004216, 47.184547 ], [ -120.998431, 47.184933 ], [ -120.993868, 47.185491 ], [ -120.991288, 47.186103 ], [ -120.963168, 47.194736 ], [ -120.962324, 47.19468 ], [ -120.96191, 47.194007 ], [ -120.960653, 47.193843 ], [ -120.958384, 47.193164 ], [ -120.958398, 47.194282 ], [ -120.958299, 47.19476 ], [ -120.954887, 47.19365 ], [ -120.949429, 47.192969 ], [ -120.947658, 47.191498 ], [ -120.948885, 47.191625 ], [ -120.948182, 47.189477 ], [ -120.948197, 47.185257 ], [ -120.942344, 47.185308 ], [ -120.942441, 47.189744 ], [ -120.936384, 47.189757 ], [ -120.936196, 47.189846 ], [ -120.92853, 47.189707 ], [ -120.918471, 47.189604 ], [ -120.918648, 47.188828 ], [ -120.916808, 47.189589 ], [ -120.9131, 47.189484 ], [ -120.913117, 47.187843 ], [ -120.910453, 47.187788 ], [ -120.910439, 47.185922 ], [ -120.905269, 47.184446 ], [ -120.902907, 47.183366 ], [ -120.902177, 47.184047 ], [ -120.901207, 47.185643 ], [ -120.900286, 47.187017 ], [ -120.9022, 47.187566 ], [ -120.902173, 47.189424 ], [ -120.905013, 47.189398 ], [ -120.907766, 47.190518 ], [ -120.90797, 47.192046 ], [ -120.906524, 47.192884 ], [ -120.90959, 47.193261 ], [ -120.909745, 47.196668 ], [ -120.915666, 47.196765 ], [ -120.917332, 47.197322 ], [ -120.91888, 47.196772 ], [ -120.917133, 47.197901 ], [ -120.915542, 47.197776 ], [ -120.915472, 47.198756 ], [ -120.912609, 47.199269 ], [ -120.91429, 47.201128 ], [ -120.923022, 47.201126 ], [ -120.923024, 47.199801 ], [ -120.928456, 47.201017 ], [ -120.931337, 47.203035 ], [ -120.93104, 47.204026 ], [ -120.951224, 47.204233 ], [ -120.961564, 47.204183 ], [ -120.96491, 47.203805 ], [ -120.96671, 47.204638 ], [ -120.967776, 47.202927 ], [ -120.973791, 47.201739 ], [ -120.979737, 47.204047 ], [ -120.978299, 47.205732 ], [ -120.981659, 47.206809 ], [ -120.982182, 47.203181 ], [ -120.983899, 47.201677 ], [ -120.998981, 47.193925 ], [ -121.00208, 47.193477 ], [ -121.007186, 47.194663 ], [ -121.01369, 47.192526 ], [ -121.015607, 47.190438 ], [ -121.016206, 47.188926 ] ], [ [ -120.944376, 47.202464 ], [ -120.942947, 47.202452 ], [ -120.942716, 47.20245 ], [ -120.944269, 47.200532 ], [ -120.945245, 47.200582 ], [ -120.944376, 47.202464 ] ], [ [ -120.931332, 47.197133 ], [ -120.927884, 47.197901 ], [ -120.924318, 47.198641 ], [ -120.924364, 47.196858 ], [ -120.931348, 47.196892 ], [ -120.931332, 47.197133 ] ] ] ] } },
{ "type": "Feature", "properties": { "GEOID": "5307870", "NAME": "Bridgeport city, Washington", "population": 2274.0 }, "geometry": { "type": "Polygon", "coordinates": [ [ [ -119.690433, 48.012015 ], [ -119.688094, 48.011995 ], [ -119.684699, 48.011967 ], [ -119.68475, 48.007103 ], [ -119.684781, 48.004592 ], [ -119.681634, 48.004607 ], [ -119.679345, 48.004617 ], [ -119.67935, 48.002777 ], [ -119.679354, 48.001006 ], [ -119.676214, 48.001005 ], [ -119.674039, 47.999792 ], [ -119.674033, 47.997361 ], [ -119.668613, 47.99733 ], [ -119.668612, 47.997506 ], [ -119.668569, 48.000276 ], [ -119.668247, 48.000246 ], [ -119.660172, 47.997118 ], [ -119.65433, 47.996158 ], [ -119.654316, 47.997904 ], [ -119.647226, 47.995743 ], [ -119.647205, 47.998884 ], [ -119.651765, 48.000008 ], [ -119.654819, 48.001045 ], [ -119.658403, 48.002565 ], [ -119.664668, 48.008283 ], [ -119.668861, 48.010811 ], [ -119.674168, 48.014206 ], [ -119.684564, 48.019783 ], [ -119.688115, 48.022328 ], [ -119.69032, 48.022339 ], [ -119.690382, 48.019004 ], [ -119.688319, 48.018991 ], [ -119.688261, 48.015457 ], [ -119.689609, 48.014555 ], [ -119.690418, 48.014012 ], [ -119.690433, 48.012015 ] ] ] } },
{ "type": "Feature", "properties": { "GEOID": "5348820", "NAME": "Newport city, Washington", "population": 2242.0 }, "geometry": { "type": "MultiPolygon", "coordinates": [ [ [ [ -117.041224, 48.192423 ], [ -117.041053, 48.192179 ], [ -117.039996, 48.19167 ], [ -117.0392862, 48.1917774 ], [ -117.0392812, 48.1918934 ], [ -117.0392153, 48.193451 ], [ -117.041195, 48.192949 ], [ -117.041224, 48.192423 ] ] ], [ [ [ -117.06861, 48.185191 ], [ -117.065799, 48.185134 ], [ -117.065658, 48.189675 ], [ -117.068491, 48.189724 ], [ -117.068521, 48.18844 ], [ -117.074026, 48.188436 ], [ -117.06861, 48.185191 ] ] ], [ [ [ -117.081539, 48.164889 ], [ -117.074579, 48.164849 ], [ -117.07454, 48.166666 ], [ -117.069855, 48.16663 ], [ -117.068982, 48.166626 ], [ -117.068965, 48.168406 ], [ -117.063519, 48.168404 ], [ -117.063537, 48.166619 ], [ -117.060996, 48.166619 ], [ -117.060807, 48.168405 ], [ -117.058077, 48.168402 ], [ -117.058013, 48.173567 ], [ -117.068947, 48.17226 ], [ -117.065942, 48.173786 ], [ -117.061143, 48.175813 ], [ -117.05911, 48.176144 ], [ -117.052846, 48.17599 ], [ -117.049942, 48.175902 ], [ -117.047134, 48.176748 ], [ -117.047076, 48.175616 ], [ -117.055644, 48.17384 ], [ -117.051295, 48.173819 ], [ -117.05261, 48.173024 ], [ -117.05268, 48.170179 ], [ -117.051312, 48.170172 ], [ -117.051242, 48.173014 ], [ -117.049882, 48.173004 ], [ -117.049944, 48.170164 ], [ -117.047212, 48.170152 ], [ -117.047293, 48.1665 ], [ -117.044588, 48.166526 ], [ -117.0445, 48.170122 ], [ -117.042921, 48.170169 ], [ -117.044421, 48.173825 ], [ -117.042551, 48.173811 ], [ -117.041896, 48.172005 ], [ -117.03961360000001, 48.1720159 ], [ -117.039552, 48.17396 ], [ -117.03952, 48.1747167 ], [ -117.039413, 48.17725 ], [ -117.0394895, 48.1775828 ], [ -117.039618, 48.178142 ], [ -117.039583, 48.180313 ], [ -117.039582, 48.180853 ], [ -117.039582, 48.181124 ], [ -117.039615, 48.184015 ], [ -117.039599, 48.184387 ], [ -117.0395562, 48.1853975 ], [ -117.039531399999987, 48.185985 ], [ -117.042229, 48.186649 ], [ -117.042174, 48.188311 ], [ -117.040893, 48.189804 ], [ -117.042224, 48.19053 ], [ -117.043996, 48.18771 ], [ -117.046837, 48.192309 ], [ -117.046916, 48.188376 ], [ -117.049597, 48.188374 ], [ -117.057831, 48.188388 ], [ -117.057867, 48.183984 ], [ -117.056534, 48.183567 ], [ -117.060624, 48.183598 ], [ -117.060645, 48.182917 ], [ -117.063318, 48.182921 ], [ -117.063409, 48.181136 ], [ -117.065172, 48.181167 ], [ -117.065167, 48.181851 ], [ -117.06693, 48.18185 ], [ -117.066362, 48.181155 ], [ -117.066446, 48.178646 ], [ -117.065581, 48.178011 ], [ -117.066558, 48.178013 ], [ -117.066495, 48.179685 ], [ -117.067557, 48.179484 ], [ -117.066849, 48.176786 ], [ -117.068473, 48.176708 ], [ -117.068475, 48.175613 ], [ -117.066201, 48.175447 ], [ -117.067394, 48.17396 ], [ -117.066516, 48.173527 ], [ -117.073824, 48.170296 ], [ -117.071715, 48.17028 ], [ -117.07456, 48.168842 ], [ -117.078044, 48.166688 ], [ -117.079667, 48.166694 ], [ -117.081539, 48.164889 ] ] ] ] } },
{ "type": "Feature", "properties": { "GEOID": "5347980", "NAME": "Napavine city, Washington", "population": 2153.0 }, "geometry": { "type": "Polygon", "coordinates": [ [ [ -122.922351, 46.582329 ], [ -122.918784, 46.57946 ], [ -122.918786, 46.572653 ], [ -122.913532, 46.572671 ], [ -122.913531, 46.57141 ], [ -122.913512, 46.568475 ], [ -122.908152, 46.568473 ], [ -122.908142, 46.567119 ], [ -122.903004, 46.567102 ], [ -122.903021, 46.570959 ], [ -122.900491, 46.569064 ], [ -122.897752, 46.56923 ], [ -122.89773, 46.572629 ], [ -122.892474, 46.572599 ], [ -122.892462, 46.576192 ], [ -122.88729, 46.576195 ], [ -122.881971, 46.576195 ], [ -122.878496, 46.576191 ], [ -122.877658, 46.575043 ], [ -122.874338, 46.576186 ], [ -122.865735, 46.579171 ], [ -122.880505, 46.583102 ], [ -122.880482, 46.58538 ], [ -122.88194, 46.584893 ], [ -122.88373, 46.584335 ], [ -122.883973, 46.587157 ], [ -122.887178, 46.587148 ], [ -122.887118, 46.590785 ], [ -122.895276, 46.590818 ], [ -122.896137, 46.590824 ], [ -122.89502, 46.58966 ], [ -122.895052, 46.587187 ], [ -122.897668, 46.587187 ], [ -122.902921, 46.590812 ], [ -122.902924, 46.591695 ], [ -122.90282, 46.598014 ], [ -122.902711, 46.598476 ], [ -122.900643, 46.599232 ], [ -122.900899, 46.606943 ], [ -122.906307, 46.609048 ], [ -122.911875, 46.610462 ], [ -122.913436, 46.610848 ], [ -122.912561, 46.605097 ], [ -122.908206, 46.600589 ], [ -122.908204, 46.597997 ], [ -122.908204, 46.597105 ], [ -122.913466, 46.597109 ], [ -122.913476, 46.590776 ], [ -122.913484, 46.586255 ], [ -122.911316, 46.585364 ], [ -122.911306, 46.583554 ], [ -122.922348, 46.583509 ], [ -122.922351, 46.582329 ] ] ] } },
{ "type": "Feature", "properties": { "GEOID": "5307835", "NAME": "Brewster city, Washington", "population": 2093.0 }, "geometry": { "type": "MultiPolygon", "coordinates": [ [ [ [ -119.728663, 48.103645 ], [ -119.724139, 48.103488 ], [ -119.717655, 48.103107 ], [ -119.711404, 48.104092 ], [ -119.71126, 48.105623 ], [ -119.728669, 48.105172 ], [ -119.728663, 48.103645 ] ] ], [ [ [ -119.792316, 48.100646 ], [ -119.789715, 48.101766 ], [ -119.789838, 48.098177 ], [ -119.788124, 48.098076 ], [ -119.788178, 48.091898 ], [ -119.78972, 48.091764 ], [ -119.789876, 48.08572 ], [ -119.78338, 48.086377 ], [ -119.780828, 48.086963 ], [ -119.776798, 48.089013 ], [ -119.774596, 48.091958 ], [ -119.774037, 48.094245 ], [ -119.776422, 48.101441 ], [ -119.776341, 48.102814 ], [ -119.775291, 48.1039 ], [ -119.773439, 48.104467 ], [ -119.765762, 48.10469 ], [ -119.765761, 48.112678 ], [ -119.773867, 48.11266 ], [ -119.773866, 48.114469 ], [ -119.776697, 48.114462 ], [ -119.776698, 48.112678 ], [ -119.787147, 48.112627 ], [ -119.787077, 48.106268 ], [ -119.789177, 48.106111 ], [ -119.78952, 48.106613 ], [ -119.790507, 48.105467 ], [ -119.792534, 48.105431 ], [ -119.792316, 48.100646 ] ] ] ] } },
{ "type": "Feature", "properties": { "GEOID": "5341225", "NAME": "McCleary city, Washington", "population": 2053.0 }, "geometry": { "type": "MultiPolygon", "coordinates": [ [ [ [ -123.259733, 47.037697 ], [ -123.257766, 47.037475 ], [ -123.255377, 47.037468 ], [ -123.255456, 47.039247 ], [ -123.258089, 47.039269 ], [ -123.259733, 47.037697 ] ] ], [ [ [ -123.293612, 47.055793 ], [ -123.286881, 47.055729 ], [ -123.286816, 47.053169 ], [ -123.281568, 47.054165 ], [ -123.281707, 47.04836 ], [ -123.275021, 47.048357 ], [ -123.268209, 47.048386 ], [ -123.265689, 47.046357 ], [ -123.266722, 47.04552 ], [ -123.266727, 47.042838 ], [ -123.265801, 47.043839 ], [ -123.26322, 47.043839 ], [ -123.263272, 47.042078 ], [ -123.260588, 47.042049 ], [ -123.260623, 47.041008 ], [ -123.255521, 47.040906 ], [ -123.255387, 47.044433 ], [ -123.260511, 47.043829 ], [ -123.260432, 47.045535 ], [ -123.261994, 47.048326 ], [ -123.260288, 47.0476 ], [ -123.260287, 47.05088 ], [ -123.259752, 47.052017 ], [ -123.257391, 47.05202 ], [ -123.256686, 47.055609 ], [ -123.256806, 47.059231 ], [ -123.260016, 47.059252 ], [ -123.26015, 47.062723 ], [ -123.265362, 47.06272 ], [ -123.265611, 47.071844 ], [ -123.266618, 47.071767 ], [ -123.262941, 47.073763 ], [ -123.265456, 47.073698 ], [ -123.265509, 47.0774 ], [ -123.26724, 47.077415 ], [ -123.27078, 47.077356 ], [ -123.270772, 47.073765 ], [ -123.268393, 47.073734 ], [ -123.269593, 47.070688 ], [ -123.269655, 47.070059 ], [ -123.27346, 47.068028 ], [ -123.273463, 47.069309 ], [ -123.276139, 47.069499 ], [ -123.276144, 47.07025 ], [ -123.286912, 47.070388 ], [ -123.28689, 47.05941 ], [ -123.289294, 47.059411 ], [ -123.293599, 47.057067 ], [ -123.293612, 47.055793 ] ], [ [ -123.286556, 47.055726 ], [ -123.281535, 47.055663 ], [ -123.281554, 47.054603 ], [ -123.283527, 47.054552 ], [ -123.286552, 47.055285 ], [ -123.286556, 47.055726 ] ] ] ] } },
{ "type": "Feature", "properties": { "GEOID": "5340980", "NAME": "Mabton city, Washington", "population": 1967.0 }, "geometry": { "type": "MultiPolygon", "coordinates": [ [ [ [ -119.991182, 46.229407 ], [ -119.989118, 46.22749 ], [ -119.986535, 46.227489 ], [ -119.98651, 46.229381 ], [ -119.989192, 46.229403 ], [ -119.991182, 46.229407 ] ] ], [ [ [ -120.004197, 46.207707 ], [ -119.997501, 46.204958 ], [ -119.998065, 46.203758 ], [ -119.992032, 46.203784 ], [ -119.992033, 46.203871 ], [ -119.984204, 46.203906 ], [ -119.984166, 46.207917 ], [ -119.988011, 46.208861 ], [ -119.987087, 46.209603 ], [ -119.98702, 46.214812 ], [ -119.984061, 46.2148 ], [ -119.98404, 46.21841 ], [ -119.99695, 46.219327 ], [ -119.999614, 46.218579 ], [ -119.999681, 46.214899 ], [ -120.003861, 46.214917 ], [ -120.003871, 46.213502 ], [ -120.001768, 46.212983 ], [ -120.006986, 46.208396 ], [ -120.004197, 46.207707 ] ] ] ] } },
{ "type": "Feature", "properties": { "GEOID": "5370630", "NAME": "Tenino city, Washington", "population": 1941.0 }, "geometry": { "type": "Polygon", "coordinates": [ [ [ -122.893352, 46.84264 ], [ -122.876185, 46.846417 ], [ -122.875326, 46.843606 ], [ -122.873699, 46.843807 ], [ -122.873702, 46.845111 ], [ -122.871785, 46.845109 ], [ -122.871997, 46.846014 ], [ -122.871991, 46.847432 ], [ -122.87008, 46.848085 ], [ -122.867574, 46.8492 ], [ -122.867575, 46.846842 ], [ -122.866258, 46.846848 ], [ -122.866252, 46.849881 ], [ -122.86538, 46.850336 ], [ -122.864102, 46.850955 ], [ -122.863997, 46.846368 ], [ -122.861747, 46.845233 ], [ -122.860921, 46.846362 ], [ -122.86052, 46.846355 ], [ -122.860171, 46.847296 ], [ -122.859635, 46.848435 ], [ -122.858413, 46.850334 ], [ -122.857899, 46.850781 ], [ -122.857944, 46.851372 ], [ -122.857799, 46.851552 ], [ -122.854705, 46.853908 ], [ -122.846769, 46.853999 ], [ -122.846425, 46.853154 ], [ -122.844295, 46.853151 ], [ -122.844283, 46.855673 ], [ -122.833853, 46.856289 ], [ -122.830825, 46.85701 ], [ -122.826128, 46.857501 ], [ -122.826258, 46.859411 ], [ -122.8278, 46.860493 ], [ -122.83133, 46.859811 ], [ -122.83888, 46.860331 ], [ -122.838892, 46.861198 ], [ -122.844254, 46.861168 ], [ -122.844279, 46.863462 ], [ -122.846645, 46.863613 ], [ -122.848551, 46.864198 ], [ -122.853117, 46.863604 ], [ -122.853566, 46.862905 ], [ -122.854098, 46.862391 ], [ -122.854781, 46.862027 ], [ -122.854775, 46.859571 ], [ -122.859313, 46.859562 ], [ -122.861168, 46.859569 ], [ -122.86147, 46.856426 ], [ -122.861924, 46.856434 ], [ -122.86539, 46.856466 ], [ -122.870897, 46.85756 ], [ -122.869586, 46.856756 ], [ -122.86958, 46.855425 ], [ -122.873096, 46.85544 ], [ -122.87428, 46.852714 ], [ -122.878347, 46.848925 ], [ -122.891228, 46.848981 ], [ -122.891223, 46.847632 ], [ -122.894893, 46.846114 ], [ -122.893352, 46.84264 ] ] ] } },
{ "type": "Feature", "properties": { "GEOID": "5351970", "NAME": "Oroville city, Washington", "population": 1935.0 }, "geometry": { "type": "MultiPolygon", "coordinates": [ [ [ [ -119.414782, 48.962141 ], [ -119.413217, 48.959359 ], [ -119.412669, 48.955882 ], [ -119.410204, 48.952351 ], [ -119.408028, 48.952361 ], [ -119.407949, 48.965085 ], [ -119.413366, 48.96515 ], [ -119.414852, 48.966949 ], [ -119.414782, 48.962141 ] ] ], [ [ [ -119.443304, 48.964778 ], [ -119.439804, 48.96419 ], [ -119.441086, 48.966055 ], [ -119.441566, 48.965735 ], [ -119.442168, 48.966763 ], [ -119.443508, 48.966346 ], [ -119.443304, 48.964778 ] ] ], [ [ [ -119.448181, 48.939904 ], [ -119.4466, 48.93819 ], [ -119.442383, 48.934555 ], [ -119.441377, 48.932436 ], [ -119.441429, 48.928687 ], [ -119.44141, 48.923757 ], [ -119.438905, 48.923823 ], [ -119.43887, 48.924949 ], [ -119.434957, 48.924937 ], [ -119.436411, 48.925817 ], [ -119.435019, 48.925895 ], [ -119.433954, 48.92776 ], [ -119.430403, 48.927848 ], [ -119.430373, 48.930967 ], [ -119.428449, 48.930958 ], [ -119.425527, 48.933145 ], [ -119.423591, 48.932482 ], [ -119.424203, 48.92823 ], [ -119.423393, 48.924809 ], [ -119.421052, 48.9263 ], [ -119.42171, 48.927229 ], [ -119.420328, 48.927221 ], [ -119.42147, 48.930847 ], [ -119.420205, 48.931273 ], [ -119.419572, 48.932889 ], [ -119.419808, 48.93349 ], [ -119.418927, 48.937853 ], [ -119.420278, 48.941459 ], [ -119.422398, 48.941453 ], [ -119.421646, 48.943298 ], [ -119.424981, 48.943285 ], [ -119.422297, 48.948692 ], [ -119.422379, 48.952322 ], [ -119.429044, 48.952157 ], [ -119.43626, 48.952069 ], [ -119.435576, 48.949413 ], [ -119.437619, 48.94976 ], [ -119.436187, 48.948479 ], [ -119.445378, 48.948619 ], [ -119.44545, 48.942131 ], [ -119.4433, 48.939712 ], [ -119.445894, 48.939877 ], [ -119.447556, 48.940666 ], [ -119.448181, 48.939904 ] ], [ [ -119.423135, 48.938703 ], [ -119.42173, 48.938338 ], [ -119.423841, 48.936921 ], [ -119.426258, 48.939016 ], [ -119.427093, 48.939023 ], [ -119.425875, 48.941466 ], [ -119.422398, 48.941453 ], [ -119.423135, 48.938703 ] ] ] ] } },
{ "type": "Feature", "properties": { "GEOID": "5315185", "NAME": "Coupeville town, Washington", "population": 1920.0 }, "geometry": { "type": "Polygon", "coordinates": [ [ [ -122.700923, 48.2177234 ], [ -122.69585, 48.217509 ], [ -122.695841, 48.215316 ], [ -122.693038, 48.214438 ], [ -122.693071, 48.21234 ], [ -122.690327, 48.212315 ], [ -122.690265, 48.206483 ], [ -122.688239, 48.206486 ], [ -122.68824, 48.203692 ], [ -122.683421, 48.203617 ], [ -122.684501, 48.207408 ], [ -122.684486, 48.211758 ], [ -122.682908, 48.212296 ], [ -122.679211, 48.212112 ], [ -122.675017, 48.211313 ], [ -122.675017, 48.213881 ], [ -122.66717, 48.2138 ], [ -122.66714, 48.217395 ], [ -122.653538, 48.217327 ], [ -122.653507, 48.220964 ], [ -122.65350909999998, 48.2251783 ], [ -122.659617, 48.223192 ], [ -122.6653185, 48.223696 ], [ -122.668385, 48.223967 ], [ -122.674095, 48.223566 ], [ -122.678405, 48.220919 ], [ -122.687642, 48.222615 ], [ -122.688275800000014, 48.2225705 ], [ -122.692971, 48.222241 ], [ -122.699559, 48.218068 ], [ -122.700923, 48.2177234 ] ] ] } },
{ "type": "Feature", "properties": { "GEOID": "5360230", "NAME": "Royal City city, Washington", "population": 1896.0 }, "geometry": { "type": "MultiPolygon", "coordinates": [ [ [ [ -119.565062, 46.882534 ], [ -119.559747, 46.881061 ], [ -119.559777, 46.889293 ], [ -119.560963, 46.889772 ], [ -119.565078, 46.889768 ], [ -119.565062, 46.882534 ] ] ], [ [ [ -119.645322, 46.899083 ], [ -119.64001, 46.898564 ], [ -119.6346, 46.898427 ], [ -119.634696, 46.897465 ], [ -119.631551, 46.896774 ], [ -119.631393, 46.898727 ], [ -119.618317, 46.898333 ], [ -119.618366, 46.897101 ], [ -119.609189, 46.897082 ], [ -119.615107, 46.900157 ], [ -119.618248, 46.900683 ], [ -119.618318, 46.913766 ], [ -119.629065, 46.913821 ], [ -119.629174, 46.904173 ], [ -119.633211, 46.905735 ], [ -119.645344, 46.907453 ], [ -119.645322, 46.899083 ] ] ] ] } },
{ "type": "Feature", "properties": { "GEOID": "5349275", "NAME": "Nooksack city, Washington", "population": 1833.0 }, "geometry": { "type": "Polygon", "coordinates": [ [ [ -122.328821, 48.921208 ], [ -122.327906, 48.920167 ], [ -122.320951, 48.920148 ], [ -122.320971, 48.918373 ], [ -122.315268, 48.918371 ], [ -122.314869, 48.920767 ], [ -122.317554, 48.921284 ], [ -122.318133, 48.922066 ], [ -122.315292, 48.923976 ], [ -122.316293, 48.92595 ], [ -122.315423, 48.926548 ], [ -122.312124, 48.926594 ], [ -122.312062, 48.924977 ], [ -122.308698, 48.92327 ], [ -122.304273, 48.924832 ], [ -122.304213, 48.931085 ], [ -122.30798, 48.931042 ], [ -122.3098, 48.92932 ], [ -122.312354, 48.929378 ], [ -122.312144, 48.934723 ], [ -122.313144, 48.93473 ], [ -122.320736, 48.934783 ], [ -122.320622, 48.942365 ], [ -122.321533, 48.941404 ], [ -122.32169, 48.93843 ], [ -122.325886, 48.938446 ], [ -122.325956, 48.934712 ], [ -122.326456, 48.932237 ], [ -122.328845, 48.932247 ], [ -122.328821, 48.921208 ] ] ] } },
{ "type": "Feature", "properties": { "GEOID": "5345985", "NAME": "Millwood city, Washington", "population": 1825.0 }, "geometry": { "type": "Polygon", "coordinates": [ [ [ -117.293484, 47.678915 ], [ -117.282708, 47.681087 ], [ -117.271961, 47.683199 ], [ -117.26234, 47.685189 ], [ -117.263801, 47.688673 ], [ -117.269065, 47.689052 ], [ -117.278975, 47.688783 ], [ -117.287246, 47.690362 ], [ -117.293468, 47.690979 ], [ -117.293444, 47.686049 ], [ -117.290761, 47.685713 ], [ -117.290776, 47.682278 ], [ -117.293467, 47.682265 ], [ -117.293484, 47.678915 ] ] ] } },
{ "type": "Feature", "properties": { "GEOID": "5316795", "NAME": "Davenport city, Washington", "population": 1818.0 }, "geometry": { "type": "MultiPolygon", "coordinates": [ [ [ [ -118.150617, 47.666452 ], [ -118.142642, 47.66644 ], [ -118.141021, 47.668322 ], [ -118.141007, 47.677331 ], [ -118.144027, 47.677343 ], [ -118.149794, 47.67355 ], [ -118.149857, 47.671886 ], [ -118.148256, 47.671892 ], [ -118.148285, 47.66917 ], [ -118.150588, 47.669174 ], [ -118.150617, 47.666452 ] ] ], [ [ [ -118.175218, 47.651053 ], [ -118.163608, 47.653397 ], [ -118.162465, 47.652163 ], [ -118.162542, 47.642726 ], [ -118.15968, 47.642724 ], [ -118.152259, 47.642744 ], [ -118.140973, 47.642752 ], [ -118.141017, 47.65 ], [ -118.140282, 47.649979 ], [ -118.139368, 47.649991 ], [ -118.137226, 47.653715 ], [ -118.139476, 47.65391 ], [ -118.140293, 47.653557 ], [ -118.140856, 47.654772 ], [ -118.141013, 47.65552 ], [ -118.141008, 47.657238 ], [ -118.143581, 47.657252 ], [ -118.144593, 47.657666 ], [ -118.144697, 47.660493 ], [ -118.142264, 47.660492 ], [ -118.142272, 47.659614 ], [ -118.141016, 47.65961 ], [ -118.141015, 47.664547 ], [ -118.143936, 47.664637 ], [ -118.14638, 47.66463 ], [ -118.146388, 47.66173 ], [ -118.146402, 47.657262 ], [ -118.149777, 47.657253 ], [ -118.151744, 47.657275 ], [ -118.151733, 47.660948 ], [ -118.157395, 47.660949 ], [ -118.162338, 47.664543 ], [ -118.162422, 47.660953 ], [ -118.159745, 47.660949 ], [ -118.159754, 47.657309 ], [ -118.162471, 47.657318 ], [ -118.164173, 47.657311 ], [ -118.17318, 47.653814 ], [ -118.175275, 47.652343 ], [ -118.175218, 47.651053 ] ] ], [ [ [ -118.176468, 47.64273 ], [ -118.173255, 47.642734 ], [ -118.173247, 47.644516 ], [ -118.17646, 47.644495 ], [ -118.176468, 47.64273 ] ] ] ] } },
{ "type": "Feature", "properties": { "GEOID": "5365345", "NAME": "Soap Lake city, Washington", "population": 1817.0 }, "geometry": { "type": "MultiPolygon", "coordinates": [ [ [ [ -119.485421, 47.40888 ], [ -119.484076, 47.408881 ], [ -119.469063, 47.40894 ], [ -119.46913, 47.412514 ], [ -119.484148, 47.4125 ], [ -119.485191, 47.4125 ], [ -119.485421, 47.40888 ] ] ], [ [ [ -119.506601, 47.383523 ], [ -119.490484, 47.383647 ], [ -119.493098, 47.381811 ], [ -119.493101, 47.379992 ], [ -119.495799, 47.379984 ], [ -119.495938, 47.376584 ], [ -119.490472, 47.376418 ], [ -119.490473, 47.375936 ], [ -119.48457, 47.381103 ], [ -119.483186, 47.383628 ], [ -119.475909, 47.383651 ], [ -119.474388, 47.383647 ], [ -119.474389, 47.384007 ], [ -119.47437, 47.387239 ], [ -119.475692, 47.387228 ], [ -119.476214, 47.389361 ], [ -119.47438, 47.389358 ], [ -119.474508, 47.396215 ], [ -119.47955, 47.396252 ], [ -119.479769, 47.398074 ], [ -119.48733, 47.398033 ], [ -119.486674, 47.396907 ], [ -119.485671, 47.391978 ], [ -119.486614, 47.391333 ], [ -119.491029, 47.39185 ], [ -119.494506, 47.390582 ], [ -119.496103, 47.392874 ], [ -119.501166, 47.396039 ], [ -119.501569, 47.397675 ], [ -119.500845, 47.400437 ], [ -119.501304, 47.401632 ], [ -119.50616, 47.401592 ], [ -119.506443, 47.399741 ], [ -119.506601, 47.383523 ] ], [ [ -119.503796, 47.390817 ], [ -119.502516, 47.390827 ], [ -119.501824, 47.390097 ], [ -119.50177, 47.390821 ], [ -119.501783, 47.389026 ], [ -119.503821, 47.389489 ], [ -119.503796, 47.390817 ] ] ] ] } },
{ "type": "Feature", "properties": { "GEOID": "5365625", "NAME": "South Bend city, Washington", "population": 1790.0 }, "geometry": { "type": "Polygon", "coordinates": [ [ [ -123.827671, 46.683352 ], [ -123.822635, 46.678163 ], [ -123.82479, 46.678171 ], [ -123.824894, 46.674036 ], [ -123.819843, 46.6741 ], [ -123.819879, 46.666869 ], [ -123.822167, 46.666892 ], [ -123.822209, 46.663269 ], [ -123.817491, 46.66325 ], [ -123.816973, 46.662166 ], [ -123.815388, 46.662155 ], [ -123.814576, 46.661356 ], [ -123.814561, 46.659698 ], [ -123.781345, 46.659604 ], [ -123.778319, 46.661727 ], [ -123.778614, 46.663144 ], [ -123.775192, 46.663405 ], [ -123.767286, 46.663457 ], [ -123.76738, 46.666823 ], [ -123.767389, 46.667122 ], [ -123.773723, 46.667004 ], [ -123.775868, 46.665677 ], [ -123.777988, 46.666261 ], [ -123.778192, 46.669579 ], [ -123.778192, 46.671156 ], [ -123.783155, 46.670771 ], [ -123.790454, 46.671112 ], [ -123.795323, 46.675168 ], [ -123.79897, 46.676097 ], [ -123.798903, 46.67037 ], [ -123.812514, 46.670071 ], [ -123.813791, 46.671532 ], [ -123.818154, 46.676441 ], [ -123.82009, 46.684094 ], [ -123.821442, 46.686502 ], [ -123.824531, 46.689018 ], [ -123.824774, 46.683116 ], [ -123.827671, 46.683352 ] ] ] } },
{ "type": "Feature", "properties": { "GEOID": "5340070", "NAME": "Long Beach city, Washington", "population": 1769.0 }, "geometry": { "type": "Polygon", "coordinates": [ [ [ -124.0633124, 46.3393619 ], [ -124.056627, 46.33922 ], [ -124.053608, 46.339164 ], [ -124.052556, 46.339146 ], [ -124.052569, 46.338748 ], [ -124.051104, 46.338735 ], [ -124.049748, 46.338722 ], [ -124.049579, 46.343845 ], [ -124.050033, 46.343853 ], [ -124.050447, 46.343857 ], [ -124.050291, 46.345882 ], [ -124.051273, 46.345897 ], [ -124.050778, 46.347712 ], [ -124.049648, 46.347675 ], [ -124.049406, 46.349959 ], [ -124.049132, 46.351424 ], [ -124.048823, 46.351415 ], [ -124.048741, 46.351854 ], [ -124.048711, 46.351989 ], [ -124.048626, 46.353684 ], [ -124.048533, 46.357741 ], [ -124.050681, 46.357799 ], [ -124.05063, 46.359676 ], [ -124.048872, 46.361073 ], [ -124.051828, 46.361083 ], [ -124.050127, 46.362692 ], [ -124.049893, 46.367509 ], [ -124.048634, 46.36744 ], [ -124.048542, 46.371468 ], [ -124.05342, 46.371441 ], [ -124.053236, 46.375534 ], [ -124.059491099999988, 46.3756701 ], [ -124.060318900000013, 46.367805 ], [ -124.0620432, 46.3514205 ], [ -124.0633124, 46.3393619 ] ] ] } },
{ "type": "Feature", "properties": { "GEOID": "5359180", "NAME": "Rock Island city, Washington", "population": 1753.0 }, "geometry": { "type": "Polygon", "coordinates": [ [ [ -120.159806, 47.373318 ], [ -120.157131, 47.373312 ], [ -120.158193, 47.371221 ], [ -120.156396, 47.37113 ], [ -120.159443, 47.367607 ], [ -120.157855, 47.36746 ], [ -120.149174, 47.36625 ], [ -120.144474, 47.36705 ], [ -120.137974, 47.36655 ], [ -120.133052, 47.366582 ], [ -120.133056, 47.369347 ], [ -120.128253, 47.368004 ], [ -120.123115, 47.365434 ], [ -120.123347, 47.372894 ], [ -120.125761, 47.376308 ], [ -120.126289, 47.377019 ], [ -120.132672, 47.380577 ], [ -120.137592, 47.379928 ], [ -120.140574, 47.37848 ], [ -120.147643, 47.378759 ], [ -120.147646, 47.380555 ], [ -120.150343, 47.380547 ], [ -120.150343, 47.382352 ], [ -120.15639, 47.382358 ], [ -120.156191, 47.37874 ], [ -120.156848, 47.376918 ], [ -120.159784, 47.37693 ], [ -120.159806, 47.373318 ] ] ] } },
{ "type": "Feature", "properties": { "GEOID": "5379975", "NAME": "Yacolt town, Washington", "population": 1730.0 }, "geometry": { "type": "Polygon", "coordinates": [ [ [ -122.41573, 45.864213 ], [ -122.414438, 45.864113 ], [ -122.414396, 45.86044 ], [ -122.403505, 45.860322 ], [ -122.398825, 45.860268 ], [ -122.398834, 45.860968 ], [ -122.394726, 45.860905 ], [ -122.393758, 45.862038 ], [ -122.393785, 45.863874 ], [ -122.398993, 45.863859 ], [ -122.398969, 45.86678 ], [ -122.400085, 45.870388 ], [ -122.410392, 45.87038 ], [ -122.41038, 45.871473 ], [ -122.415672, 45.871563 ], [ -122.415636, 45.869498 ], [ -122.413492, 45.869501 ], [ -122.413454, 45.866785 ], [ -122.415744, 45.865876 ], [ -122.41573, 45.864213 ] ] ] } },
{ "type": "Feature", "properties": { "GEOID": "5358725", "NAME": "Ritzville city, Washington", "population": 1709.0 }, "geometry": { "type": "Polygon", "coordinates": [ [ [ -118.408496, 47.118065 ], [ -118.404717, 47.118045 ], [ -118.397746, 47.118083 ], [ -118.3978, 47.124883 ], [ -118.397264, 47.125376 ], [ -118.389467, 47.125362 ], [ -118.389493, 47.129195 ], [ -118.387392, 47.129199 ], [ -118.387159, 47.127059 ], [ -118.394391, 47.118099 ], [ -118.392504, 47.118093 ], [ -118.387155, 47.125026 ], [ -118.387091, 47.12045 ], [ -118.390559, 47.117963 ], [ -118.389125, 47.117169 ], [ -118.3875, 47.118 ], [ -118.38737, 47.11811 ], [ -118.369322, 47.118183 ], [ -118.369311, 47.115481 ], [ -118.369076, 47.114846 ], [ -118.368928, 47.112448 ], [ -118.365635, 47.112469 ], [ -118.365623, 47.110853 ], [ -118.344121, 47.1109 ], [ -118.34419, 47.1182 ], [ -118.358833, 47.118203 ], [ -118.358828, 47.117313 ], [ -118.361013, 47.117305 ], [ -118.361695, 47.115516 ], [ -118.363275, 47.114148 ], [ -118.36564, 47.113874 ], [ -118.36565, 47.11659 ], [ -118.36571, 47.11823 ], [ -118.36282, 47.11883 ], [ -118.35316, 47.12556 ], [ -118.358359, 47.125567 ], [ -118.363696, 47.121799 ], [ -118.36568, 47.12189 ], [ -118.365558, 47.127309 ], [ -118.367018, 47.128181 ], [ -118.368536, 47.126911 ], [ -118.37117, 47.12822 ], [ -118.37011, 47.12914 ], [ -118.371146, 47.129883 ], [ -118.371185, 47.132812 ], [ -118.371122, 47.136643 ], [ -118.387277, 47.136461 ], [ -118.38725, 47.13161 ], [ -118.390052, 47.131779 ], [ -118.392068, 47.130728 ], [ -118.400242, 47.12753 ], [ -118.408522, 47.119338 ], [ -118.408496, 47.118065 ] ] ] } },
{ "type": "Feature", "properties": { "GEOID": "5368330", "NAME": "Sumas city, Washington", "population": 1672.0 }, "geometry": { "type": "Polygon", "coordinates": [ [ [ -122.290883, 49.000012 ], [ -122.285454, 48.999931 ], [ -122.284928, 48.992652 ], [ -122.286223, 48.989116 ], [ -122.266072, 48.989245 ], [ -122.267301, 48.985624 ], [ -122.258603, 48.985612 ], [ -122.25839, 48.989181 ], [ -122.25603, 48.989206 ], [ -122.255868, 48.990898 ], [ -122.252936, 48.989544 ], [ -122.252945, 48.992734 ], [ -122.254479, 48.992735 ], [ -122.252079, 48.996395 ], [ -122.25678, 48.996322 ], [ -122.25681, 48.997172 ], [ -122.256073, 48.998445 ], [ -122.253591, 48.997939 ], [ -122.251247, 48.998892 ], [ -122.2511751, 49.002493799999989 ], [ -122.2856371, 49.0024371 ], [ -122.2911441, 49.002428 ], [ -122.290883, 49.000012 ] ] ] } },
{ "type": "Feature", "properties": { "GEOID": "5335485", "NAME": "Kettle Falls city, Washington", "population": 1657.0 }, "geometry": { "type": "Polygon", "coordinates": [ [ [ -118.078223, 48.605994 ], [ -118.077174, 48.605962 ], [ -118.074987, 48.606348 ], [ -118.071118, 48.607744 ], [ -118.071034, 48.606738 ], [ -118.074973, 48.605334 ], [ -118.075124, 48.602723 ], [ -118.073716, 48.60291 ], [ -118.072634, 48.603348 ], [ -118.072153, 48.602505 ], [ -118.073543, 48.602178 ], [ -118.0734, 48.601606 ], [ -118.075199, 48.601188 ], [ -118.07533, 48.598597 ], [ -118.073565, 48.599011 ], [ -118.073613, 48.597895 ], [ -118.071969, 48.597984 ], [ -118.072507, 48.595964 ], [ -118.070249, 48.5959 ], [ -118.07025, 48.596752 ], [ -118.067631, 48.59666 ], [ -118.067619, 48.598161 ], [ -118.068664, 48.598198 ], [ -118.069162, 48.599161 ], [ -118.067631, 48.599535 ], [ -118.069588, 48.599953 ], [ -118.065842, 48.600857 ], [ -118.065894, 48.602078 ], [ -118.06501, 48.602044 ], [ -118.06502, 48.603154 ], [ -118.062318, 48.603094 ], [ -118.062311, 48.602293 ], [ -118.061552, 48.602483 ], [ -118.061497, 48.601907 ], [ -118.060451, 48.602161 ], [ -118.059854, 48.596798 ], [ -118.058102, 48.597143 ], [ -118.055583, 48.59567 ], [ -118.051449, 48.595671 ], [ -118.051664, 48.599641 ], [ -118.05465, 48.599541 ], [ -118.054841, 48.601345 ], [ -118.048646, 48.601554 ], [ -118.046323, 48.601018 ], [ -118.046454, 48.602998 ], [ -118.048961, 48.601928 ], [ -118.04897, 48.60505 ], [ -118.048267, 48.606591 ], [ -118.049174, 48.607497 ], [ -118.051425, 48.607365 ], [ -118.051349, 48.611092 ], [ -118.048357, 48.611243 ], [ -118.048318, 48.612414 ], [ -118.054098, 48.612009 ], [ -118.054253, 48.61296 ], [ -118.056542, 48.61289 ], [ -118.056561, 48.61192 ], [ -118.059515, 48.611772 ], [ -118.059525, 48.612483 ], [ -118.062327, 48.612321 ], [ -118.062298, 48.614274 ], [ -118.067817, 48.614419 ], [ -118.0682, 48.613114 ], [ -118.072379, 48.613226 ], [ -118.073977, 48.6127 ], [ -118.072807, 48.611586 ], [ -118.075051, 48.610914 ], [ -118.073495, 48.608434 ], [ -118.075696, 48.608481 ], [ -118.075262, 48.607248 ], [ -118.0782, 48.607341 ], [ -118.078223, 48.605994 ] ] ] } },
{ "type": "Feature", "properties": { "GEOID": "5371400", "NAME": "Tieton city, Washington", "population": 1657.0 }, "geometry": { "type": "Polygon", "coordinates": [ [ [ -120.772566, 46.702081 ], [ -120.767441, 46.702177 ], [ -120.767411, 46.700373 ], [ -120.764788, 46.700388 ], [ -120.764764, 46.698583 ], [ -120.753753, 46.69863 ], [ -120.753773, 46.694902 ], [ -120.752448, 46.694887 ], [ -120.752438, 46.696721 ], [ -120.751086, 46.696708 ], [ -120.751053, 46.694865 ], [ -120.741859, 46.694597 ], [ -120.738244, 46.692787 ], [ -120.736628, 46.693168 ], [ -120.736607, 46.693385 ], [ -120.73526, 46.692662 ], [ -120.736161, 46.69175 ], [ -120.734793, 46.691063 ], [ -120.731358, 46.691069 ], [ -120.734186, 46.694027 ], [ -120.735573, 46.694711 ], [ -120.742143, 46.69474 ], [ -120.749923, 46.698652 ], [ -120.748719, 46.700293 ], [ -120.747168, 46.698727 ], [ -120.747121, 46.702106 ], [ -120.749779, 46.70214 ], [ -120.749744, 46.705334 ], [ -120.747145, 46.705065 ], [ -120.747097, 46.709378 ], [ -120.760617, 46.709545 ], [ -120.760972, 46.708842 ], [ -120.761746, 46.708333 ], [ -120.76221, 46.708223 ], [ -120.762208, 46.708945 ], [ -120.762975, 46.70892 ], [ -120.762975, 46.707907 ], [ -120.765583, 46.708897 ], [ -120.767213, 46.709329 ], [ -120.771279, 46.709164 ], [ -120.771223, 46.708305 ], [ -120.7674, 46.705515 ], [ -120.767419, 46.703958 ], [ -120.77256, 46.703849 ], [ -120.772566, 46.702081 ] ] ] } },
{ "type": "Feature", "properties": { "GEOID": "5314870", "NAME": "Cosmopolis city, Washington", "population": 1656.0 }, "geometry": { "type": "Polygon", "coordinates": [ [ [ -123.78908, 46.944469 ], [ -123.778465, 46.944419 ], [ -123.778421, 46.943028 ], [ -123.774584, 46.943031 ], [ -123.774616, 46.944782 ], [ -123.772326, 46.947923 ], [ -123.762643, 46.947827 ], [ -123.76163, 46.948337 ], [ -123.762631, 46.949008 ], [ -123.762634, 46.951472 ], [ -123.757244, 46.951407 ], [ -123.757245, 46.95508 ], [ -123.751951, 46.955018 ], [ -123.751958, 46.959154 ], [ -123.757246, 46.959201 ], [ -123.757247, 46.962415 ], [ -123.773233, 46.962499 ], [ -123.775441, 46.962992 ], [ -123.778379, 46.96365 ], [ -123.778361, 46.962521 ], [ -123.783535, 46.96228 ], [ -123.783607, 46.958843 ], [ -123.781205, 46.95887 ], [ -123.781201, 46.955798 ], [ -123.789006, 46.955177 ], [ -123.789065, 46.948088 ], [ -123.790171, 46.945373 ], [ -123.78908, 46.944469 ] ] ] } },
{ "type": "Feature", "properties": { "GEOID": "5367875", "NAME": "Stevenson city, Washington", "population": 1596.0 }, "geometry": { "type": "Polygon", "coordinates": [ [ [ -121.913029, 45.685338 ], [ -121.910942, 45.687393 ], [ -121.904894, 45.684785 ], [ -121.904887, 45.680497 ], [ -121.892148, 45.687434 ], [ -121.888904, 45.689976 ], [ -121.886971, 45.687728 ], [ -121.886678, 45.688742 ], [ -121.88227, 45.689816 ], [ -121.881177, 45.690726 ], [ -121.87682, 45.692987 ], [ -121.878132, 45.69561 ], [ -121.877278, 45.696815 ], [ -121.872122, 45.699596 ], [ -121.871542, 45.704009 ], [ -121.869189, 45.704059 ], [ -121.868542, 45.707843 ], [ -121.875534, 45.707785 ], [ -121.876608, 45.706519 ], [ -121.876648, 45.703712 ], [ -121.87606, 45.702926 ], [ -121.878818, 45.702162 ], [ -121.885814, 45.702323 ], [ -121.885645, 45.701593 ], [ -121.889215, 45.702277 ], [ -121.889815, 45.705071 ], [ -121.892321, 45.705076 ], [ -121.892677, 45.704391 ], [ -121.89391, 45.705129 ], [ -121.893897, 45.703392 ], [ -121.895939, 45.702573 ], [ -121.895348, 45.701265 ], [ -121.89233, 45.700434 ], [ -121.892062, 45.697541 ], [ -121.891133, 45.696127 ], [ -121.892628, 45.696112 ], [ -121.895774, 45.699166 ], [ -121.899436, 45.699815 ], [ -121.901194, 45.698584 ], [ -121.90439, 45.697397 ], [ -121.905144, 45.698311 ], [ -121.908331, 45.695848 ], [ -121.908904, 45.694216 ], [ -121.910324, 45.69422 ], [ -121.918739, 45.686991 ], [ -121.913029, 45.685338 ] ] ] } },
{ "type": "Feature", "properties": { "GEOID": "5322010", "NAME": "Entiat city, Washington", "population": 1576.0 }, "geometry": { "type": "Polygon", "coordinates": [ [ [ -120.239959, 47.66354 ], [ -120.23996, 47.662876 ], [ -120.237337, 47.663398 ], [ -120.236543, 47.663384 ], [ -120.232479, 47.662735 ], [ -120.230007, 47.662187 ], [ -120.22651, 47.661972 ], [ -120.224863, 47.661513 ], [ -120.221579, 47.659917 ], [ -120.218719, 47.660283 ], [ -120.216776, 47.66368 ], [ -120.210009, 47.667589 ], [ -120.204558, 47.671581 ], [ -120.203139, 47.673607 ], [ -120.202487, 47.676769 ], [ -120.199048, 47.682276 ], [ -120.19919, 47.685938 ], [ -120.199741, 47.688047 ], [ -120.202008, 47.692413 ], [ -120.203257, 47.698828 ], [ -120.205219, 47.702059 ], [ -120.207671, 47.704105 ], [ -120.213622, 47.703807 ], [ -120.212597, 47.702512 ], [ -120.216915, 47.701748 ], [ -120.214688, 47.700115 ], [ -120.212502, 47.700055 ], [ -120.212702, 47.692679 ], [ -120.212199, 47.689926 ], [ -120.213482, 47.68851 ], [ -120.215706, 47.688487 ], [ -120.214108, 47.685504 ], [ -120.217046, 47.682701 ], [ -120.218179, 47.682708 ], [ -120.219268, 47.679812 ], [ -120.220941, 47.680872 ], [ -120.222849, 47.679995 ], [ -120.231925, 47.680022 ], [ -120.231947, 47.681878 ], [ -120.234695, 47.681896 ], [ -120.234596, 47.676248 ], [ -120.24006, 47.676274 ], [ -120.239959, 47.66354 ] ] ] } },
{ "type": "Feature", "properties": { "GEOID": "5316690", "NAME": "Darrington town, Washington", "population": 1500.0 }, "geometry": { "type": "Polygon", "coordinates": [ [ [ -121.620069, 48.260156 ], [ -121.615666, 48.257939 ], [ -121.615465, 48.247936 ], [ -121.611894, 48.248466 ], [ -121.610041, 48.247884 ], [ -121.609935, 48.240579 ], [ -121.588438, 48.241243 ], [ -121.587413, 48.242606 ], [ -121.5904, 48.245506 ], [ -121.594066, 48.247262 ], [ -121.59412, 48.248066 ], [ -121.59738, 48.248284 ], [ -121.597538, 48.251077 ], [ -121.594871, 48.251124 ], [ -121.594352, 48.255335 ], [ -121.592547, 48.255368 ], [ -121.590069, 48.257001 ], [ -121.589949, 48.258261 ], [ -121.591806, 48.258709 ], [ -121.594525, 48.260434 ], [ -121.594157, 48.261975 ], [ -121.595598, 48.264853 ], [ -121.595638, 48.267407 ], [ -121.594833, 48.269838 ], [ -121.599158, 48.269815 ], [ -121.602077, 48.269828 ], [ -121.608337, 48.269708 ], [ -121.610444, 48.269862 ], [ -121.616093, 48.26972 ], [ -121.615997, 48.267303 ], [ -121.6142, 48.267957 ], [ -121.61048, 48.266811 ], [ -121.610419, 48.265001 ], [ -121.615973, 48.266692 ], [ -121.615805, 48.262527 ], [ -121.617274, 48.262529 ], [ -121.617249, 48.261064 ], [ -121.619282, 48.261577 ], [ -121.620069, 48.260156 ] ] ] } },
{ "type": "Feature", "properties": { "GEOID": "5355120", "NAME": "Pomeroy city, Washington", "population": 1481.0 }, "geometry": { "type": "Polygon", "coordinates": [ [ [ -117.628387, 46.47667 ], [ -117.627054, 46.476668 ], [ -117.627089, 46.47314 ], [ -117.622066, 46.473151 ], [ -117.621954, 46.473213 ], [ -117.61274, 46.47187 ], [ -117.611337, 46.467509 ], [ -117.590071, 46.467663 ], [ -117.590068, 46.465832 ], [ -117.588663, 46.465826 ], [ -117.584734, 46.46579 ], [ -117.584742, 46.467548 ], [ -117.579545, 46.467497 ], [ -117.579505, 46.471195 ], [ -117.56883, 46.471203 ], [ -117.568855, 46.474782 ], [ -117.56427, 46.47479 ], [ -117.56425, 46.47534 ], [ -117.568835, 46.477552 ], [ -117.568847, 46.476685 ], [ -117.573809, 46.476652 ], [ -117.57381, 46.478435 ], [ -117.603452, 46.478519 ], [ -117.603436, 46.482159 ], [ -117.605988, 46.482162 ], [ -117.606037, 46.478498 ], [ -117.621752, 46.478499 ], [ -117.622183, 46.480654 ], [ -117.622974, 46.478523 ], [ -117.62839, 46.47797 ], [ -117.628387, 46.47667 ] ] ] } },
{ "type": "Feature", "properties": { "GEOID": "5336045", "NAME": "Kittitas city, Washington", "population": 1440.0 }, "geometry": { "type": "Polygon", "coordinates": [ [ [ -120.428384, 46.978178 ], [ -120.423673, 46.981315 ], [ -120.42386, 46.978681 ], [ -120.415759, 46.97849 ], [ -120.415569, 46.978474 ], [ -120.41509, 46.978432 ], [ -120.415279, 46.971598 ], [ -120.414874, 46.969909 ], [ -120.414959, 46.96669 ], [ -120.413401, 46.966709 ], [ -120.413388, 46.971588 ], [ -120.413368, 46.972404 ], [ -120.40832, 46.971748 ], [ -120.408389, 46.975807 ], [ -120.412292, 46.975842 ], [ -120.412984, 46.978228 ], [ -120.412711, 46.985983 ], [ -120.412559, 46.987467 ], [ -120.41405, 46.987634 ], [ -120.414855, 46.988033 ], [ -120.414257, 46.989153 ], [ -120.412622, 46.990822 ], [ -120.412407, 46.990942 ], [ -120.412349, 46.99274 ], [ -120.417703, 46.993334 ], [ -120.423037, 46.993308 ], [ -120.423141, 46.991821 ], [ -120.420821, 46.990687 ], [ -120.4202, 46.991206 ], [ -120.414968, 46.987879 ], [ -120.415422, 46.987287 ], [ -120.419748, 46.989013 ], [ -120.421174, 46.990647 ], [ -120.422689, 46.991131 ], [ -120.425552, 46.993404 ], [ -120.428453, 46.99115 ], [ -120.428849, 46.983937 ], [ -120.423646, 46.982995 ], [ -120.426087, 46.981435 ], [ -120.42928, 46.978661 ], [ -120.428384, 46.978178 ] ] ] } },
{ "type": "Feature", "properties": { "GEOID": "5349555", "NAME": "North Bonneville city, Washington", "population": 1415.0 }, "geometry": { "type": "Polygon", "coordinates": [ [ [ -122.002726, 45.626145 ], [ -121.998676, 45.626463 ], [ -121.992752, 45.628591 ], [ -121.986471, 45.630344 ], [ -121.984398, 45.632287 ], [ -121.981729, 45.633508 ], [ -121.981718, 45.629555 ], [ -121.978821, 45.629555 ], [ -121.969588, 45.634139 ], [ -121.963415, 45.637661 ], [ -121.964622, 45.639767 ], [ -121.961329, 45.642911 ], [ -121.959384, 45.645251 ], [ -121.951876, 45.648349 ], [ -121.948784, 45.647475 ], [ -121.942904, 45.646122 ], [ -121.937994, 45.6457 ], [ -121.935951, 45.64686 ], [ -121.931634, 45.646992 ], [ -121.92512, 45.648674 ], [ -121.921099, 45.651038 ], [ -121.915879, 45.652832 ], [ -121.914207, 45.652824 ], [ -121.913916, 45.655073 ], [ -121.916327, 45.655038 ], [ -121.91632, 45.654102 ], [ -121.919156, 45.654574 ], [ -121.926658, 45.654579 ], [ -121.926665, 45.651165 ], [ -121.930419, 45.651238 ], [ -121.936395, 45.651758 ], [ -121.937828, 45.649976 ], [ -121.939738, 45.649956 ], [ -121.940626, 45.651216 ], [ -121.950921, 45.651374 ], [ -121.955584, 45.651397 ], [ -121.956973, 45.654328 ], [ -121.955378, 45.656385 ], [ -121.95798, 45.656219 ], [ -121.955737, 45.657546 ], [ -121.959209, 45.657324 ], [ -121.961044, 45.65602 ], [ -121.963614, 45.655871 ], [ -121.963637, 45.652053 ], [ -121.975145, 45.651193 ], [ -121.974744, 45.650299 ], [ -121.981747, 45.647201 ], [ -121.981743, 45.646099 ], [ -121.986863, 45.644012 ], [ -121.986998, 45.644088 ], [ -121.991964, 45.644085 ], [ -121.99202, 45.63888 ], [ -121.998666, 45.636061 ], [ -122.002769, 45.633708 ], [ -122.002726, 45.626145 ] ] ] } },
{ "type": "Feature", "properties": { "GEOID": "5379835", "NAME": "Woodway city, Washington", "population": 1316.0 }, "geometry": { "type": "Polygon", "coordinates": [ [ [ -122.391336, 47.792415 ], [ -122.392143, 47.785419 ], [ -122.392413399999981, 47.7852427 ], [ -122.390788, 47.785232 ], [ -122.392107, 47.780674 ], [ -122.393172, 47.777929 ], [ -122.382879, 47.777872 ], [ -122.377522, 47.77785 ], [ -122.377506, 47.782983 ], [ -122.377445, 47.792396 ], [ -122.374868, 47.792311 ], [ -122.374853, 47.794158 ], [ -122.377454, 47.794101 ], [ -122.37755, 47.797743 ], [ -122.377528, 47.79953 ], [ -122.377528, 47.799778 ], [ -122.382951, 47.799768 ], [ -122.38301, 47.803274 ], [ -122.387147, 47.803294 ], [ -122.39041, 47.803295 ], [ -122.390501, 47.803194 ], [ -122.3949394, 47.8033042 ], [ -122.391336, 47.792415 ] ] ] } },
{ "type": "Feature", "properties": { "GEOID": "5315115", "NAME": "Coulee Dam town, Washington", "population": 1241.0 }, "geometry": { "type": "Polygon", "coordinates": [ [ [ -118.995423, 47.963334 ], [ -118.991339, 47.963372 ], [ -118.990796, 47.96213 ], [ -118.98936, 47.962111 ], [ -118.989606, 47.96119 ], [ -118.988715, 47.961069 ], [ -118.988643, 47.961318 ], [ -118.987291, 47.961126 ], [ -118.987456, 47.960375 ], [ -118.986368, 47.960135 ], [ -118.986684, 47.961036 ], [ -118.985321, 47.961742 ], [ -118.985039, 47.962043 ], [ -118.984092, 47.961815 ], [ -118.984014, 47.962046 ], [ -118.982234, 47.962025 ], [ -118.982237, 47.962272 ], [ -118.980059, 47.963101 ], [ -118.970958, 47.96312 ], [ -118.969844, 47.96611 ], [ -118.967414, 47.964775 ], [ -118.965425, 47.967827 ], [ -118.965323, 47.970466 ], [ -118.967152, 47.969614 ], [ -118.96915, 47.96984 ], [ -118.96997, 47.971098 ], [ -118.968456, 47.972472 ], [ -118.963024, 47.974093 ], [ -118.961508, 47.975718 ], [ -118.962304, 47.976984 ], [ -118.963691, 47.977521 ], [ -118.971824, 47.977587 ], [ -118.978553, 47.973021 ], [ -118.981775, 47.969688 ], [ -118.984136, 47.970072 ], [ -118.988912, 47.964217 ], [ -118.995457, 47.96485 ], [ -118.995423, 47.963334 ] ] ] } },
{ "type": "Feature", "properties": { "GEOID": "5303075", "NAME": "Asotin city, Washington", "population": 1187.0 }, "geometry": { "type": "Polygon", "coordinates": [ [ [ -117.062186, 46.345914 ], [ -117.059613, 46.344261 ], [ -117.05957, 46.337821 ], [ -117.059484, 46.334806 ], [ -117.054061, 46.334792 ], [ -117.048994, 46.334794 ], [ -117.048829, 46.331019 ], [ -117.033015, 46.331007 ], [ -117.032945, 46.327292 ], [ -117.025695, 46.327242 ], [ -117.02839, 46.33302 ], [ -117.03, 46.33448 ], [ -117.0231394, 46.334634 ], [ -117.023149, 46.334759 ], [ -117.023844, 46.335976 ], [ -117.027744, 46.338751 ], [ -117.030672, 46.340315 ], [ -117.03445, 46.34132 ], [ -117.045469, 46.34249 ], [ -117.051735, 46.343833 ], [ -117.0536854, 46.3446126 ], [ -117.055983, 46.345531 ], [ -117.059465399999979, 46.3481015 ], [ -117.059609, 46.344953 ], [ -117.06331, 46.347415 ], [ -117.062186, 46.345914 ] ] ] } },
{ "type": "Feature", "properties": { "GEOID": "5375565", "NAME": "Waitsburg city, Washington", "population": 1184.0 }, "geometry": { "type": "MultiPolygon", "coordinates": [ [ [ [ -118.16371, 46.262871 ], [ -118.162672, 46.262867 ], [ -118.1611, 46.262859 ], [ -118.157622, 46.262842 ], [ -118.155325, 46.262 ], [ -118.154102, 46.262667 ], [ -118.153192, 46.262176 ], [ -118.149777, 46.262766 ], [ -118.149798, 46.260227 ], [ -118.145022, 46.259382 ], [ -118.145142, 46.264667 ], [ -118.1454, 46.264724 ], [ -118.145353, 46.26591 ], [ -118.143828, 46.266463 ], [ -118.137686, 46.266401 ], [ -118.137614, 46.270762 ], [ -118.136203, 46.270969 ], [ -118.136094, 46.273767 ], [ -118.141342, 46.27375 ], [ -118.137566, 46.275049 ], [ -118.137604, 46.279601 ], [ -118.138869, 46.279969 ], [ -118.142408, 46.280063 ], [ -118.148015, 46.275997 ], [ -118.148009, 46.275169 ], [ -118.152096, 46.273792 ], [ -118.163672, 46.273853 ], [ -118.163733, 46.265487 ], [ -118.16371, 46.262871 ] ] ], [ [ [ -118.174252, 46.271766 ], [ -118.172965, 46.271759 ], [ -118.172967, 46.271349 ], [ -118.172465, 46.271347 ], [ -118.171365, 46.271076 ], [ -118.170641, 46.271252 ], [ -118.170169, 46.271043 ], [ -118.169666, 46.270726 ], [ -118.169516, 46.270696 ], [ -118.168929, 46.269933 ], [ -118.167722, 46.270001 ], [ -118.167106, 46.269315 ], [ -118.167648, 46.270706 ], [ -118.167888, 46.272901 ], [ -118.168912, 46.272601 ], [ -118.170748, 46.274307 ], [ -118.174255, 46.273521 ], [ -118.174252, 46.271766 ] ] ] ] } },
{ "type": "Feature", "properties": { "GEOID": "5376510", "NAME": "Waterville town, Washington", "population": 1156.0 }, "geometry": { "type": "Polygon", "coordinates": [ [ [ -120.082186, 47.641739 ], [ -120.082095, 47.640858 ], [ -120.079508, 47.640859 ], [ -120.079514, 47.641759 ], [ -120.060875, 47.641865 ], [ -120.060706, 47.64387 ], [ -120.060722, 47.649165 ], [ -120.058037, 47.649144 ], [ -120.058043, 47.650018 ], [ -120.060537, 47.651625 ], [ -120.060728, 47.653106 ], [ -120.060771, 47.656431 ], [ -120.069662, 47.656461 ], [ -120.06966, 47.655622 ], [ -120.066042, 47.655631 ], [ -120.066048, 47.653457 ], [ -120.07142, 47.653486 ], [ -120.071408, 47.652799 ], [ -120.081531, 47.652813 ], [ -120.08216, 47.65255 ], [ -120.082161, 47.65191 ], [ -120.082186, 47.641739 ] ] ] } },
{ "type": "Feature", "properties": { "GEOID": "5380150", "NAME": "Yarrow Point town, Washington", "population": 1143.0 }, "geometry": { "type": "Polygon", "coordinates": [ [ [ -122.227526, 47.655204 ], [ -122.224687, 47.647278 ], [ -122.22503, 47.642004 ], [ -122.223147, 47.64089 ], [ -122.223256, 47.635739 ], [ -122.222486, 47.635833 ], [ -122.217704, 47.639175 ], [ -122.217664, 47.641245 ], [ -122.213753, 47.642716 ], [ -122.21382, 47.644561 ], [ -122.209784, 47.649914 ], [ -122.212091, 47.657464 ], [ -122.217026, 47.657506 ], [ -122.228431, 47.657601 ], [ -122.227526, 47.655204 ] ] ] } },
{ "type": "Feature", "properties": { "GEOID": "5371890", "NAME": "Tonasket city, Washington", "population": 1133.0 }, "geometry": { "type": "MultiPolygon", "coordinates": [ [ [ [ -119.439401, 48.727377 ], [ -119.433346, 48.726891 ], [ -119.432631, 48.726893 ], [ -119.431286, 48.729862 ], [ -119.433297, 48.728649 ], [ -119.43941, 48.729015 ], [ -119.439401, 48.727377 ] ] ], [ [ [ -119.45069, 48.700456 ], [ -119.450393, 48.696271 ], [ -119.448297, 48.696251 ], [ -119.446457, 48.697445 ], [ -119.448981, 48.697531 ], [ -119.443943, 48.703154 ], [ -119.442865, 48.702035 ], [ -119.443575, 48.701142 ], [ -119.443426, 48.698934 ], [ -119.442732, 48.699975 ], [ -119.441575, 48.699646 ], [ -119.440603, 48.697952 ], [ -119.437393, 48.697967 ], [ -119.436341, 48.696739 ], [ -119.435584, 48.697281 ], [ -119.433051, 48.696996 ], [ -119.432519, 48.697801 ], [ -119.430012, 48.697948 ], [ -119.425991, 48.698002 ], [ -119.426022, 48.701507 ], [ -119.428813, 48.701559 ], [ -119.428821, 48.702307 ], [ -119.426028, 48.705977 ], [ -119.428895, 48.706669 ], [ -119.428931, 48.708984 ], [ -119.434449, 48.711264 ], [ -119.435471, 48.712406 ], [ -119.439189, 48.712397 ], [ -119.441608, 48.710487 ], [ -119.44666, 48.705426 ], [ -119.450783, 48.70151 ], [ -119.45069, 48.700456 ] ] ], [ [ [ -119.469212, 48.726897 ], [ -119.467787, 48.726897 ], [ -119.467858, 48.723294 ], [ -119.466135, 48.723273 ], [ -119.466269, 48.71957 ], [ -119.460872, 48.719627 ], [ -119.462354, 48.723231 ], [ -119.466287, 48.728469 ], [ -119.46637, 48.730462 ], [ -119.469115, 48.730515 ], [ -119.469212, 48.726897 ] ] ] ] } },
{ "type": "Feature", "properties": { "GEOID": "5338355", "NAME": "Langley city, Washington", "population": 1129.0 }, "geometry": { "type": "Polygon", "coordinates": [ [ [ -122.42499, 48.033219 ], [ -122.424183, 48.024687 ], [ -122.42318, 48.024695 ], [ -122.41881, 48.024704 ], [ -122.419514, 48.032284 ], [ -122.422745, 48.032318 ], [ -122.422606, 48.03295 ], [ -122.420347, 48.036588 ], [ -122.41633, 48.036536 ], [ -122.415794, 48.032473 ], [ -122.414545, 48.032448 ], [ -122.415136, 48.036514 ], [ -122.410433, 48.03647 ], [ -122.409563, 48.032086 ], [ -122.412001, 48.032133 ], [ -122.411015, 48.026347 ], [ -122.408521, 48.026268 ], [ -122.408508, 48.027124 ], [ -122.405286, 48.027027 ], [ -122.405073, 48.025912 ], [ -122.403053, 48.026979 ], [ -122.40186, 48.031558 ], [ -122.399808, 48.031548 ], [ -122.400177, 48.029612 ], [ -122.398613, 48.029174 ], [ -122.398376, 48.027739 ], [ -122.393475, 48.027527 ], [ -122.394007, 48.031507 ], [ -122.39082, 48.031585 ], [ -122.388074, 48.031413 ], [ -122.3878309, 48.034188 ], [ -122.392388, 48.035792 ], [ -122.400628, 48.036563 ], [ -122.40341, 48.036737 ], [ -122.406687, 48.040797 ], [ -122.411949, 48.041601 ], [ -122.416178, 48.043483 ], [ -122.4198706, 48.0434471 ], [ -122.419881, 48.040097 ], [ -122.419902, 48.037588 ], [ -122.420152, 48.037465 ], [ -122.423901, 48.035769 ], [ -122.426619, 48.033567 ], [ -122.42499, 48.033219 ] ] ] } },
{ "type": "Feature", "properties": { "GEOID": "5373080", "NAME": "Twisp town, Washington", "population": 1126.0 }, "geometry": { "type": "MultiPolygon", "coordinates": [ [ [ [ -120.099794, 48.350612 ], [ -120.097846, 48.348699 ], [ -120.087105, 48.349073 ], [ -120.095239, 48.352094 ], [ -120.099565, 48.353115 ], [ -120.099794, 48.350612 ] ] ], [ [ [ -120.133277, 48.365318 ], [ -120.133334, 48.359569 ], [ -120.120414, 48.359569 ], [ -120.118086, 48.356032 ], [ -120.115006, 48.356043 ], [ -120.11008, 48.354121 ], [ -120.105853, 48.353093 ], [ -120.103059, 48.353703 ], [ -120.101889, 48.352225 ], [ -120.100433, 48.352927 ], [ -120.101649, 48.355751 ], [ -120.103454, 48.357367 ], [ -120.102963, 48.358738 ], [ -120.106301, 48.359595 ], [ -120.1063, 48.363239 ], [ -120.111741, 48.363287 ], [ -120.11174, 48.365116 ], [ -120.116153, 48.364855 ], [ -120.116875, 48.366255 ], [ -120.117599, 48.366996 ], [ -120.116703, 48.36716 ], [ -120.117637, 48.368038 ], [ -120.117459, 48.369771 ], [ -120.117711, 48.374191 ], [ -120.121604, 48.374225 ], [ -120.122648, 48.372893 ], [ -120.125046, 48.372908 ], [ -120.125112, 48.370464 ], [ -120.13345, 48.370517 ], [ -120.133277, 48.365318 ] ] ] ] } },
{ "type": "Feature", "properties": { "GEOID": "5333000", "NAME": "Ilwaco city, Washington", "population": 1112.0 }, "geometry": { "type": "Polygon", "coordinates": [ [ [ -124.0688734, 46.31345 ], [ -124.060958, 46.313477 ], [ -124.064511, 46.309889 ], [ -124.0607, 46.305363 ], [ -124.062957, 46.302622 ], [ -124.062909, 46.298626 ], [ -124.051439, 46.298702 ], [ -124.0485267, 46.2964618 ], [ -124.044273, 46.299959 ], [ -124.035496, 46.302172 ], [ -124.032933, 46.303323 ], [ -124.029924, 46.308312 ], [ -124.020551, 46.315737 ], [ -124.020414499999987, 46.3157195 ], [ -124.001264, 46.31326 ], [ -123.9937474, 46.3112844 ], [ -123.993733, 46.312259 ], [ -123.997535, 46.313027 ], [ -123.996789, 46.316752 ], [ -123.999968, 46.317538 ], [ -124.002807, 46.320208 ], [ -124.005857, 46.31932 ], [ -124.010194, 46.320146 ], [ -124.015746, 46.317942 ], [ -124.015743, 46.318507 ], [ -124.015145, 46.318722 ], [ -124.015137, 46.320072 ], [ -124.020292, 46.318299 ], [ -124.021999, 46.317111 ], [ -124.02531, 46.31288 ], [ -124.026704, 46.312066 ], [ -124.026691, 46.312936 ], [ -124.02768, 46.313688 ], [ -124.03271, 46.313735 ], [ -124.032709, 46.312565 ], [ -124.036941, 46.312554 ], [ -124.036961, 46.313771 ], [ -124.0355, 46.313761 ], [ -124.035474, 46.316625 ], [ -124.038714, 46.316602 ], [ -124.038547, 46.321445 ], [ -124.04533, 46.319706 ], [ -124.044584, 46.317981 ], [ -124.047236, 46.317985 ], [ -124.047256, 46.316632 ], [ -124.0677977, 46.3168546 ], [ -124.0688734, 46.31345 ] ], [ [ -124.008381, 46.31719 ], [ -123.997855, 46.313087 ], [ -124.001188, 46.313515 ], [ -124.007662, 46.314185 ], [ -124.007916, 46.31437 ], [ -124.008381, 46.31719 ] ] ] } },
{ "type": "Feature", "properties": { "GEOID": "5347175", "NAME": "Morton city, Washington", "population": 1102.0 }, "geometry": { "type": "MultiPolygon", "coordinates": [ [ [ [ -122.271393, 46.550674 ], [ -122.270966, 46.550457 ], [ -122.270384, 46.550113 ], [ -122.262889, 46.550152 ], [ -122.262877, 46.550862 ], [ -122.271798, 46.550851 ], [ -122.271393, 46.550674 ] ] ], [ [ [ -122.295402, 46.562094 ], [ -122.295404, 46.560577 ], [ -122.292591, 46.560606 ], [ -122.292635, 46.554504 ], [ -122.286129, 46.553212 ], [ -122.28403, 46.553229 ], [ -122.284022, 46.552897 ], [ -122.277368, 46.552282 ], [ -122.277235, 46.549912 ], [ -122.273487, 46.550006 ], [ -122.273469, 46.551382 ], [ -122.272149, 46.550988 ], [ -122.270728, 46.551032 ], [ -122.269022, 46.552908 ], [ -122.269138, 46.55686 ], [ -122.26966, 46.559741 ], [ -122.27179, 46.559603 ], [ -122.272124, 46.56076 ], [ -122.274699, 46.560748 ], [ -122.272264, 46.563584 ], [ -122.273738, 46.563641 ], [ -122.275806, 46.561559 ], [ -122.278514, 46.560895 ], [ -122.283055, 46.560704 ], [ -122.285009, 46.563092 ], [ -122.282315, 46.563117 ], [ -122.282321, 46.564332 ], [ -122.284917, 46.564304 ], [ -122.284552, 46.565191 ], [ -122.287538, 46.565159 ], [ -122.287545, 46.564276 ], [ -122.298598, 46.56416 ], [ -122.295402, 46.562094 ] ] ] ] } },
{ "type": "Feature", "properties": { "GEOID": "5347805", "NAME": "Naches town, Washington", "population": 1083.0 }, "geometry": { "type": "Polygon", "coordinates": [ [ [ -120.710794, 46.733435 ], [ -120.705405, 46.731797 ], [ -120.705439, 46.729683 ], [ -120.708072, 46.730416 ], [ -120.707949, 46.728174 ], [ -120.706774, 46.727231 ], [ -120.706806, 46.72876 ], [ -120.706404, 46.727584 ], [ -120.702641, 46.727589 ], [ -120.702618, 46.726857 ], [ -120.700091, 46.726868 ], [ -120.699904, 46.724028 ], [ -120.690371, 46.724097 ], [ -120.684619, 46.72048 ], [ -120.684611, 46.718714 ], [ -120.682381, 46.717466 ], [ -120.680964, 46.7149 ], [ -120.680177, 46.714535 ], [ -120.67865, 46.714462 ], [ -120.678618, 46.714571 ], [ -120.67808, 46.714727 ], [ -120.676974, 46.714289 ], [ -120.675196, 46.716276 ], [ -120.673215, 46.715261 ], [ -120.667922, 46.715036 ], [ -120.667934, 46.720715 ], [ -120.671976, 46.720713 ], [ -120.669411, 46.718896 ], [ -120.671405, 46.71888 ], [ -120.671409, 46.720063 ], [ -120.678693, 46.720588 ], [ -120.678557, 46.722254 ], [ -120.682716, 46.724444 ], [ -120.687671, 46.724311 ], [ -120.688623, 46.725855 ], [ -120.692112, 46.726532 ], [ -120.69219, 46.727798 ], [ -120.687188, 46.727985 ], [ -120.688806, 46.72962 ], [ -120.691173, 46.729596 ], [ -120.693517, 46.731461 ], [ -120.696695, 46.731351 ], [ -120.697585, 46.733307 ], [ -120.700317, 46.735344 ], [ -120.702268, 46.73534 ], [ -120.702294, 46.736265 ], [ -120.70025, 46.736271 ], [ -120.700283, 46.737614 ], [ -120.705535, 46.738169 ], [ -120.705547, 46.734839 ], [ -120.709068, 46.734842 ], [ -120.709095, 46.73865 ], [ -120.710855, 46.739963 ], [ -120.710794, 46.733435 ] ] ] } },
{ "type": "Feature", "properties": { "GEOID": "5360510", "NAME": "Ruston city, Washington", "population": 1052.0 }, "geometry": { "type": "Polygon", "coordinates": [ [ [ -122.515708, 47.294429 ], [ -122.505168, 47.294356 ], [ -122.5057075, 47.3017723 ], [ -122.506952500000011, 47.3027823 ], [ -122.509305, 47.301771 ], [ -122.510351, 47.301708 ], [ -122.51564, 47.301782 ], [ -122.515689, 47.294866 ], [ -122.515708, 47.294429 ] ] ] } },
{ "type": "Feature", "properties": { "GEOID": "5326455", "NAME": "George city, Washington", "population": 1024.0 }, "geometry": { "type": "MultiPolygon", "coordinates": [ [ [ [ -119.866411, 47.073299 ], [ -119.8612, 47.073299 ], [ -119.861234, 47.066046 ], [ -119.858773, 47.066045 ], [ -119.858787, 47.063005 ], [ -119.855781, 47.064207 ], [ -119.855829, 47.073306 ], [ -119.849254, 47.07327 ], [ -119.848785, 47.076744 ], [ -119.850706, 47.082643 ], [ -119.85588, 47.08756 ], [ -119.858929, 47.086169 ], [ -119.859672, 47.084512 ], [ -119.855875, 47.083003 ], [ -119.855865, 47.081005 ], [ -119.860451, 47.083886 ], [ -119.863566, 47.083086 ], [ -119.866382, 47.080677 ], [ -119.866411, 47.073299 ] ] ], [ [ [ -119.87459, 47.088836 ], [ -119.866492, 47.088774 ], [ -119.866486, 47.080909 ], [ -119.863638, 47.083765 ], [ -119.862886, 47.08595 ], [ -119.859981, 47.086326 ], [ -119.855863, 47.087797 ], [ -119.856847, 47.088692 ], [ -119.859893, 47.094473 ], [ -119.859479, 47.095704 ], [ -119.853527, 47.096962 ], [ -119.853512, 47.1014 ], [ -119.856507, 47.101401 ], [ -119.85694, 47.101117 ], [ -119.859984, 47.103262 ], [ -119.869023, 47.10326 ], [ -119.862742, 47.097305 ], [ -119.873042, 47.090442 ], [ -119.87459, 47.088836 ] ] ] ] } },
{ "type": "Feature", "properties": { "GEOID": "5352950", "NAME": "Palouse city, Washington", "population": 1019.0 }, "geometry": { "type": "Polygon", "coordinates": [ [ [ -117.090599, 46.903228 ], [ -117.08388, 46.90409 ], [ -117.082012, 46.904841 ], [ -117.076829, 46.904826 ], [ -117.076601, 46.902688 ], [ -117.074596, 46.902707 ], [ -117.074639, 46.904829 ], [ -117.070229, 46.904807 ], [ -117.068389, 46.902465 ], [ -117.068516, 46.904801 ], [ -117.063991, 46.904786 ], [ -117.061193, 46.905557 ], [ -117.061024, 46.909013 ], [ -117.063973, 46.90945 ], [ -117.063842, 46.912853 ], [ -117.062427, 46.912401 ], [ -117.062638, 46.915228 ], [ -117.063943, 46.917382 ], [ -117.084965, 46.917421 ], [ -117.085017, 46.907907 ], [ -117.090565, 46.909826 ], [ -117.090599, 46.903228 ] ] ] } },
{ "type": "Feature", "properties": { "GEOID": "5357850", "NAME": "Republic city, Washington", "population": 1016.0 }, "geometry": { "type": "Polygon", "coordinates": [ [ [ -118.748502, 48.652479 ], [ -118.746053, 48.652479 ], [ -118.74461, 48.650745 ], [ -118.744277, 48.64887 ], [ -118.742479, 48.647759 ], [ -118.744758, 48.645867 ], [ -118.744338, 48.643469 ], [ -118.742217, 48.643029 ], [ -118.742162, 48.637967 ], [ -118.72241, 48.637957 ], [ -118.721199, 48.654455 ], [ -118.721116, 48.657544 ], [ -118.729642, 48.657291 ], [ -118.746877, 48.657443 ], [ -118.7485, 48.657443 ], [ -118.748502, 48.652479 ] ] ] } },
{ "type": "Feature", "properties": { "GEOID": "5336780", "NAME": "La Conner town, Washington", "population": 991.0 }, "geometry": { "type": "Polygon", "coordinates": [ [ [ -122.505839, 48.384573 ], [ -122.494481, 48.384576 ], [ -122.488267, 48.391723 ], [ -122.48736, 48.391858 ], [ -122.487373, 48.392201 ], [ -122.487408, 48.392201 ], [ -122.487789, 48.392196 ], [ -122.487763, 48.397299 ], [ -122.48969, 48.397368 ], [ -122.491091, 48.397372 ], [ -122.491083, 48.402795 ], [ -122.495009, 48.402805 ], [ -122.497001, 48.4013 ], [ -122.49701, 48.39737 ], [ -122.498083, 48.390809 ], [ -122.500262, 48.388091 ], [ -122.502309, 48.386611 ], [ -122.505323, 48.385331 ], [ -122.505839, 48.384573 ] ] ] } },
{ "type": "Feature", "properties": { "GEOID": "5360055", "NAME": "Roslyn city, Washington", "population": 962.0 }, "geometry": { "type": "MultiPolygon", "coordinates": [ [ [ [ -121.00596, 47.217831 ], [ -121.003793, 47.218922 ], [ -120.994414, 47.2189 ], [ -120.991554, 47.21644 ], [ -120.990413, 47.217036 ], [ -120.987349, 47.21334 ], [ -120.985574, 47.213274 ], [ -120.984054, 47.21651 ], [ -120.987218, 47.218834 ], [ -120.981162, 47.218514 ], [ -120.984918, 47.220189 ], [ -120.984994, 47.233396 ], [ -120.991581, 47.23343 ], [ -121.006156, 47.233399 ], [ -121.00596, 47.217831 ] ] ], [ [ [ -121.164068, 47.267479 ], [ -121.162241, 47.264764 ], [ -121.153173, 47.261059 ], [ -121.151093, 47.259576 ], [ -121.15023, 47.258096 ], [ -121.146797, 47.255894 ], [ -121.144906, 47.255304 ], [ -121.142893, 47.253522 ], [ -121.139708, 47.248429 ], [ -121.128396, 47.244265 ], [ -121.126214, 47.245554 ], [ -121.12178, 47.246665 ], [ -121.115874, 47.246402 ], [ -121.111596, 47.245475 ], [ -121.105044, 47.245247 ], [ -121.104281, 47.247577 ], [ -121.103966, 47.252246 ], [ -121.10849, 47.257652 ], [ -121.11161, 47.25874 ], [ -121.112529, 47.259385 ], [ -121.113403, 47.259825 ], [ -121.114742, 47.260082 ], [ -121.116262, 47.259803 ], [ -121.117628, 47.259891 ], [ -121.119366, 47.260857 ], [ -121.122164, 47.262775 ], [ -121.125032, 47.264096 ], [ -121.127188, 47.265989 ], [ -121.128623, 47.266448 ], [ -121.131213, 47.270957 ], [ -121.132196, 47.271468 ], [ -121.139898, 47.272821 ], [ -121.143452, 47.274979 ], [ -121.146701, 47.275945 ], [ -121.151993, 47.278137 ], [ -121.158076, 47.274014 ], [ -121.1634, 47.269174 ], [ -121.164068, 47.267479 ] ] ] ] } },
{ "type": "Feature", "properties": { "GEOID": "5321030", "NAME": "Electric City city, Washington", "population": 954.0 }, "geometry": { "type": "Polygon", "coordinates": [ [ [ -119.071371, 47.910016 ], [ -119.065908, 47.910094 ], [ -119.065965, 47.902754 ], [ -119.060737, 47.902811 ], [ -119.057201, 47.90285 ], [ -119.057022, 47.904086 ], [ -119.055246, 47.90648 ], [ -119.055032, 47.912131 ], [ -119.038762, 47.912271 ], [ -119.03845, 47.922577 ], [ -119.034347, 47.922455 ], [ -119.033311, 47.923635 ], [ -119.032277, 47.919062 ], [ -119.032604, 47.917966 ], [ -119.028138, 47.917983 ], [ -119.028043, 47.925352 ], [ -119.027691, 47.928957 ], [ -119.019805, 47.928943 ], [ -119.01988, 47.931997 ], [ -119.022316, 47.932959 ], [ -119.019657, 47.936089 ], [ -119.022303, 47.934457 ], [ -119.027682, 47.934449 ], [ -119.023309, 47.936192 ], [ -119.027662, 47.935383 ], [ -119.029261, 47.934638 ], [ -119.032982, 47.935626 ], [ -119.035033, 47.934909 ], [ -119.039796, 47.934186 ], [ -119.043606, 47.934102 ], [ -119.045164, 47.935253 ], [ -119.0493, 47.934313 ], [ -119.04931, 47.932392 ], [ -119.060186, 47.932341 ], [ -119.060289, 47.921232 ], [ -119.065631, 47.921154 ], [ -119.065805, 47.913909 ], [ -119.07134, 47.913832 ], [ -119.071371, 47.910016 ] ] ] } },
{ "type": "Feature", "properties": { "GEOID": "5306085", "NAME": "Bingen city, Washington", "population": 952.0 }, "geometry": { "type": "MultiPolygon", "coordinates": [ [ [ [ -121.455258, 45.708181 ], [ -121.454202, 45.707704 ], [ -121.452916, 45.706026 ], [ -121.451175, 45.708339 ], [ -121.453952, 45.709386 ], [ -121.454554, 45.709614 ], [ -121.454595, 45.709504 ], [ -121.455258, 45.708181 ] ] ], [ [ [ -121.481547, 45.718892 ], [ -121.481509, 45.713702 ], [ -121.4814895, 45.7113686 ], [ -121.467065299999987, 45.7036293 ], [ -121.466389, 45.712517 ], [ -121.460506, 45.711494 ], [ -121.456271, 45.709815 ], [ -121.454554, 45.709614 ], [ -121.45556, 45.713571 ], [ -121.46058, 45.715532 ], [ -121.460605, 45.716805 ], [ -121.461018, 45.716234 ], [ -121.465566, 45.718415 ], [ -121.464249, 45.720821 ], [ -121.47008, 45.720068 ], [ -121.473201, 45.720626 ], [ -121.481585, 45.722931 ], [ -121.481547, 45.718892 ] ], [ [ -121.476006, 45.719863 ], [ -121.475285, 45.719505 ], [ -121.473973, 45.71869 ], [ -121.474176, 45.718559 ], [ -121.474253, 45.718452 ], [ -121.47433, 45.718264 ], [ -121.474429, 45.717932 ], [ -121.474418, 45.717671 ], [ -121.474373, 45.717429 ], [ -121.477036, 45.718429 ], [ -121.476006, 45.719863 ] ] ] ] } },
{ "type": "Feature", "properties": { "GEOID": "5327855", "NAME": "Grand Coulee city, Washington", "population": 947.0 }, "geometry": { "type": "Polygon", "coordinates": [ [ [ -119.020148, 47.936283 ], [ -119.017861, 47.935818 ], [ -119.018258, 47.931459 ], [ -119.013312, 47.931455 ], [ -119.009811, 47.931344 ], [ -119.008098, 47.931649 ], [ -119.006128, 47.931602 ], [ -119.006177, 47.929428 ], [ -119.002791, 47.92943 ], [ -119.00064, 47.929436 ], [ -119.000552, 47.931929 ], [ -118.999882, 47.932534 ], [ -118.992578, 47.932691 ], [ -118.992589, 47.932126 ], [ -118.987928, 47.932156 ], [ -118.98773, 47.93291 ], [ -118.984286, 47.932643 ], [ -118.978888, 47.930956 ], [ -118.980085, 47.933465 ], [ -118.984692, 47.93346 ], [ -118.984839, 47.936151 ], [ -118.995264, 47.936268 ], [ -118.995584, 47.937174 ], [ -118.99766, 47.937468 ], [ -118.999523, 47.938742 ], [ -118.999274, 47.941677 ], [ -118.999918, 47.943312 ], [ -118.995184, 47.945752 ], [ -118.993351, 47.944297 ], [ -118.99155, 47.943861 ], [ -118.994578, 47.941122 ], [ -118.994949, 47.939646 ], [ -118.99092, 47.939803 ], [ -118.987892, 47.942339 ], [ -118.984392, 47.94445 ], [ -118.985578, 47.948745 ], [ -118.986904, 47.948413 ], [ -118.988682, 47.950153 ], [ -118.989305, 47.949011 ], [ -118.992266, 47.94689 ], [ -118.997614, 47.944991 ], [ -118.997553, 47.945803 ], [ -119.000453, 47.945561 ], [ -118.998943, 47.949348 ], [ -118.996519, 47.950866 ], [ -119.000638, 47.950834 ], [ -119.003608, 47.950171 ], [ -119.005933, 47.947045 ], [ -119.013191, 47.943874 ], [ -119.015053, 47.943499 ], [ -119.019849, 47.943462 ], [ -119.020148, 47.936283 ] ], [ [ -119.008276, 47.936291 ], [ -119.005916, 47.936324 ], [ -119.005781, 47.933022 ], [ -119.005771, 47.932639 ], [ -119.008314, 47.932637 ], [ -119.008276, 47.936291 ] ] ] } },
{ "type": "Feature", "properties": { "GEOID": "5378680", "NAME": "Wilbur town, Washington", "population": 926.0 }, "geometry": { "type": "MultiPolygon", "coordinates": [ [ [ [ -118.716669, 47.761654 ], [ -118.716653, 47.758243 ], [ -118.716638, 47.75437 ], [ -118.711249, 47.754227 ], [ -118.711282, 47.750533 ], [ -118.697172, 47.750206 ], [ -118.695019, 47.750512 ], [ -118.695124, 47.757703 ], [ -118.68968, 47.757755 ], [ -118.689274, 47.764958 ], [ -118.700019, 47.76489 ], [ -118.70022, 47.761044 ], [ -118.702989, 47.761177 ], [ -118.70284, 47.763053 ], [ -118.709608, 47.763254 ], [ -118.710698, 47.765152 ], [ -118.716681, 47.765301 ], [ -118.716669, 47.761654 ] ] ], [ [ [ -118.732748, 47.765129 ], [ -118.721885, 47.765488 ], [ -118.721905, 47.768319 ], [ -118.721947, 47.768924 ], [ -118.732761, 47.768779 ], [ -118.732748, 47.765129 ] ] ], [ [ [ -118.750921, 47.745914 ], [ -118.742706, 47.750531 ], [ -118.745218, 47.750523 ], [ -118.737472, 47.756338 ], [ -118.736086, 47.757319 ], [ -118.739152, 47.758661 ], [ -118.74085, 47.758576 ], [ -118.743548, 47.755175 ], [ -118.745239, 47.754983 ], [ -118.751344, 47.749528 ], [ -118.7501, 47.74891 ], [ -118.752838, 47.746865 ], [ -118.750921, 47.745914 ] ] ] ] } },
{ "type": "Feature", "properties": { "GEOID": "5350745", "NAME": "Odessa town, Washington", "population": 922.0 }, "geometry": { "type": "Polygon", "coordinates": [ [ [ -118.701414, 47.327294 ], [ -118.679937, 47.326619 ], [ -118.680036, 47.331159 ], [ -118.675263, 47.330436 ], [ -118.675823, 47.332001 ], [ -118.677688, 47.332883 ], [ -118.671981, 47.33317 ], [ -118.67201, 47.33416 ], [ -118.680078, 47.334126 ], [ -118.679923, 47.337425 ], [ -118.684329, 47.337595 ], [ -118.684251, 47.338577 ], [ -118.687647, 47.338702 ], [ -118.687609, 47.339382 ], [ -118.687592, 47.339692 ], [ -118.688465, 47.339717 ], [ -118.688422, 47.339422 ], [ -118.690349, 47.337823 ], [ -118.70103, 47.338216 ], [ -118.701148, 47.334563 ], [ -118.700365, 47.327859 ], [ -118.701414, 47.327294 ] ] ] } },
{ "type": "Feature", "properties": { "GEOID": "5314380", "NAME": "Concrete town, Washington", "population": 822.0 }, "geometry": { "type": "Polygon", "coordinates": [ [ [ -121.766172, 48.537623 ], [ -121.76613, 48.537554 ], [ -121.766141, 48.537287 ], [ -121.766034, 48.536951 ], [ -121.766098, 48.531433 ], [ -121.764545, 48.531419 ], [ -121.764547, 48.529193 ], [ -121.755361, 48.529104 ], [ -121.75556, 48.52555 ], [ -121.753992, 48.526763 ], [ -121.749985, 48.527759 ], [ -121.749902, 48.530842 ], [ -121.747276, 48.530832 ], [ -121.747268, 48.532614 ], [ -121.743584, 48.53265 ], [ -121.744245, 48.53446 ], [ -121.739651, 48.534467 ], [ -121.738175, 48.533145 ], [ -121.733862, 48.53374 ], [ -121.733946, 48.535067 ], [ -121.734267, 48.539886 ], [ -121.739379, 48.539851 ], [ -121.739129, 48.550637 ], [ -121.741333, 48.550637 ], [ -121.74431, 48.550642 ], [ -121.744436, 48.545169 ], [ -121.743529, 48.543376 ], [ -121.744477, 48.542469 ], [ -121.745032, 48.541617 ], [ -121.764507, 48.541807 ], [ -121.766101, 48.541837 ], [ -121.76617, 48.537688 ], [ -121.766172, 48.537623 ] ] ] } },
{ "type": "Feature", "properties": { "GEOID": "5370560", "NAME": "Tekoa city, Washington", "population": 812.0 }, "geometry": { "type": "MultiPolygon", "coordinates": [ [ [ [ -117.048596, 47.232813 ], [ -117.047137, 47.232819 ], [ -117.042909, 47.235359 ], [ -117.042919, 47.236572 ], [ -117.047545, 47.233983 ], [ -117.048596, 47.232813 ] ] ], [ [ [ -117.077778, 47.21105 ], [ -117.074907, 47.211046 ], [ -117.074924, 47.212313 ], [ -117.077731, 47.212336 ], [ -117.077778, 47.21105 ] ] ], [ [ [ -117.085829, 47.218374 ], [ -117.067686, 47.21833 ], [ -117.064819, 47.214398 ], [ -117.062927, 47.214242 ], [ -117.055793, 47.21759 ], [ -117.056855, 47.220216 ], [ -117.064294, 47.220247 ], [ -117.064381, 47.232889 ], [ -117.075158, 47.232927 ], [ -117.07518, 47.234638 ], [ -117.077285, 47.234647 ], [ -117.076396, 47.232995 ], [ -117.085884, 47.232975 ], [ -117.085829, 47.218374 ] ] ], [ [ [ -117.096952, 47.231547 ], [ -117.096109, 47.231501 ], [ -117.096103, 47.231909 ], [ -117.096087, 47.234028 ], [ -117.096842, 47.234083 ], [ -117.096952, 47.231547 ] ] ] ] } },
{ "type": "Feature", "properties": { "GEOID": "5347315", "NAME": "Mossyrock city, Washington", "population": 806.0 }, "geometry": { "type": "Polygon", "coordinates": [ [ [ -122.506437, 46.529205 ], [ -122.50611, 46.529081 ], [ -122.496652, 46.529095 ], [ -122.495806, 46.529095 ], [ -122.495863, 46.525417 ], [ -122.481181, 46.525396 ], [ -122.475729, 46.525365 ], [ -122.475437, 46.533811 ], [ -122.484023, 46.533811 ], [ -122.483781, 46.535667 ], [ -122.485641, 46.535656 ], [ -122.49027, 46.535628 ], [ -122.490341, 46.533458 ], [ -122.494833, 46.532912 ], [ -122.50093, 46.532916 ], [ -122.500934, 46.534558 ], [ -122.506334, 46.534535 ], [ -122.506393, 46.53178 ], [ -122.506437, 46.529205 ] ] ] } },
{ "type": "Feature", "properties": { "GEOID": "5360160", "NAME": "Roy city, Washington", "population": 795.0 }, "geometry": { "type": "Polygon", "coordinates": [ [ [ -122.552425, 46.999861 ], [ -122.550712, 47.000986 ], [ -122.550692, 47.002945 ], [ -122.544929, 47.002164 ], [ -122.547863, 46.996154 ], [ -122.546098, 46.995213 ], [ -122.547933, 46.988852 ], [ -122.539996, 46.986455 ], [ -122.538823, 46.988036 ], [ -122.535485, 46.987026 ], [ -122.533707, 46.990521 ], [ -122.545217, 46.994031 ], [ -122.544648, 46.996363 ], [ -122.54309, 46.99927 ], [ -122.541851, 46.998946 ], [ -122.538924, 47.004271 ], [ -122.534571, 47.005168 ], [ -122.535225, 47.007919 ], [ -122.539141, 47.00842 ], [ -122.540246, 47.005394 ], [ -122.541986, 47.004551 ], [ -122.542633, 47.005528 ], [ -122.541512, 47.008561 ], [ -122.542394, 47.006925 ], [ -122.544548, 47.007448 ], [ -122.545229, 47.005427 ], [ -122.547809, 47.00467 ], [ -122.547789, 47.003461 ], [ -122.55229, 47.003438 ], [ -122.551322, 47.003049 ], [ -122.552425, 46.999861 ] ] ] } },
{ "type": "Feature", "properties": { "GEOID": "5371785", "NAME": "Toledo city, Washington", "population": 776.0 }, "geometry": { "type": "Polygon", "coordinates": [ [ [ -122.857243, 46.448244 ], [ -122.850538, 46.445968 ], [ -122.854349, 46.444446 ], [ -122.854342, 46.443133 ], [ -122.850536, 46.44373 ], [ -122.850535, 46.441811 ], [ -122.854859, 46.438795 ], [ -122.854319, 46.436361 ], [ -122.852163, 46.435705 ], [ -122.853505, 46.432381 ], [ -122.85025, 46.432336 ], [ -122.851712, 46.433391 ], [ -122.850437, 46.435281 ], [ -122.847824, 46.434568 ], [ -122.845177, 46.438069 ], [ -122.844353, 46.442158 ], [ -122.841925, 46.445369 ], [ -122.844652, 46.445379 ], [ -122.845751, 46.448054 ], [ -122.848984, 46.445402 ], [ -122.852114, 46.447936 ], [ -122.855512, 46.449328 ], [ -122.857243, 46.448244 ] ] ] } },
{ "type": "Feature", "properties": { "GEOID": "5309970", "NAME": "Carbonado town, Washington", "population": 734.0 }, "geometry": { "type": "Polygon", "coordinates": [ [ [ -122.064194, 47.086477 ], [ -122.060982, 47.082883 ], [ -122.063163, 47.082802 ], [ -122.063107, 47.079504 ], [ -122.057794, 47.076055 ], [ -122.052322, 47.076069 ], [ -122.04956, 47.077265 ], [ -122.047881, 47.075566 ], [ -122.044291, 47.077161 ], [ -122.046668, 47.079124 ], [ -122.046658, 47.081329 ], [ -122.044154, 47.081381 ], [ -122.044101, 47.083105 ], [ -122.047589, 47.082993 ], [ -122.047706, 47.084893 ], [ -122.048538, 47.085936 ], [ -122.051507, 47.085997 ], [ -122.056145, 47.081188 ], [ -122.057899, 47.08102 ], [ -122.059642, 47.082434 ], [ -122.06108, 47.086563 ], [ -122.064194, 47.086477 ] ] ] } },
{ "type": "Feature", "properties": { "GEOID": "5350430", "NAME": "Oakville city, Washington", "population": 734.0 }, "geometry": { "type": "MultiPolygon", "coordinates": [ [ [ [ -123.207251, 46.842402 ], [ -123.202613, 46.842453 ], [ -123.20264, 46.844192 ], [ -123.207211, 46.844192 ], [ -123.207251, 46.842402 ] ] ], [ [ [ -123.245249, 46.838706 ], [ -123.242671, 46.838715 ], [ -123.242744, 46.837619 ], [ -123.242769, 46.837255 ], [ -123.23989, 46.836863 ], [ -123.240255, 46.833218 ], [ -123.238592, 46.833323 ], [ -123.2383, 46.836132 ], [ -123.235359, 46.836102 ], [ -123.235703, 46.833195 ], [ -123.233094, 46.833167 ], [ -123.232919, 46.836786 ], [ -123.223927, 46.836581 ], [ -123.222449, 46.836665 ], [ -123.227171, 46.838933 ], [ -123.226637, 46.843982 ], [ -123.234024, 46.844068 ], [ -123.234527, 46.845829 ], [ -123.239764, 46.845913 ], [ -123.243815, 46.845473 ], [ -123.241354, 46.844572 ], [ -123.242441, 46.843446 ], [ -123.242524, 46.84139 ], [ -123.245101, 46.84141 ], [ -123.245249, 46.838706 ] ] ] ] } },
{ "type": "Feature", "properties": { "GEOID": "5373780", "NAME": "Vader city, Washington", "population": 730.0 }, "geometry": { "type": "Polygon", "coordinates": [ [ [ -122.964739, 46.411412 ], [ -122.964698, 46.408321 ], [ -122.965659, 46.406815 ], [ -122.965697, 46.403957 ], [ -122.964294, 46.402092 ], [ -122.966314, 46.399251 ], [ -122.965905, 46.398431 ], [ -122.964317, 46.398434 ], [ -122.959734, 46.395307 ], [ -122.958493, 46.395013 ], [ -122.956057, 46.395482 ], [ -122.953827, 46.394687 ], [ -122.953658, 46.396257 ], [ -122.949021, 46.397378 ], [ -122.949023, 46.399613 ], [ -122.945565, 46.399607 ], [ -122.945622, 46.40196 ], [ -122.949025, 46.401975 ], [ -122.949163, 46.412768 ], [ -122.96312, 46.41282 ], [ -122.963724, 46.414674 ], [ -122.967251, 46.41474 ], [ -122.964739, 46.411412 ] ] ] } },
{ "type": "Feature", "properties": { "GEOID": "5357465", "NAME": "Reardan town, Washington", "population": 698.0 }, "geometry": { "type": "Polygon", "coordinates": [ [ [ -117.889219, 47.668861 ], [ -117.885264, 47.668391 ], [ -117.883867, 47.665227 ], [ -117.868638, 47.665365 ], [ -117.868552, 47.671683 ], [ -117.86543, 47.672685 ], [ -117.874775, 47.672562 ], [ -117.876256, 47.673897 ], [ -117.876286, 47.676095 ], [ -117.878105, 47.676095 ], [ -117.87799, 47.674433 ], [ -117.883985, 47.674373 ], [ -117.883949, 47.672506 ], [ -117.889264, 47.672502 ], [ -117.889219, 47.668861 ] ] ] } },
{ "type": "Feature", "properties": { "GEOID": "5353930", "NAME": "Pe Ell town, Washington", "population": 669.0 }, "geometry": { "type": "Polygon", "coordinates": [ [ [ -123.304019, 46.562726 ], [ -123.293741, 46.56241 ], [ -123.293892, 46.569849 ], [ -123.292838, 46.56985 ], [ -123.292997, 46.573081 ], [ -123.290625, 46.573092 ], [ -123.290645, 46.573483 ], [ -123.289773, 46.573488 ], [ -123.289903, 46.57563 ], [ -123.29427, 46.57557 ], [ -123.294646, 46.580745 ], [ -123.300057, 46.580757 ], [ -123.30207, 46.578677 ], [ -123.303365, 46.576334 ], [ -123.303321, 46.572503 ], [ -123.304183, 46.565313 ], [ -123.304019, 46.562726 ] ] ] } },
{ "type": "Feature", "properties": { "GEOID": "5353720", "NAME": "Pateros city, Washington", "population": 654.0 }, "geometry": { "type": "MultiPolygon", "coordinates": [ [ [ [ -119.889355, 48.026352 ], [ -119.885288, 48.026308 ], [ -119.885286, 48.026467 ], [ -119.886965, 48.028942 ], [ -119.889275, 48.028948 ], [ -119.889355, 48.026352 ] ] ], [ [ [ -119.918546, 48.04771 ], [ -119.910682, 48.046243 ], [ -119.908932, 48.046558 ], [ -119.903011, 48.050334 ], [ -119.898324, 48.051857 ], [ -119.894425, 48.051222 ], [ -119.893432, 48.051419 ], [ -119.892513, 48.054139 ], [ -119.888565, 48.056986 ], [ -119.884997, 48.058669 ], [ -119.884968, 48.061381 ], [ -119.881609, 48.062828 ], [ -119.882363, 48.063461 ], [ -119.887815, 48.061543 ], [ -119.889613, 48.062559 ], [ -119.894664, 48.062493 ], [ -119.894444, 48.061466 ], [ -119.896332, 48.060443 ], [ -119.897417, 48.061008 ], [ -119.899228, 48.059423 ], [ -119.899259, 48.057539 ], [ -119.900894, 48.056418 ], [ -119.905556, 48.054471 ], [ -119.906571, 48.055281 ], [ -119.911668, 48.055284 ], [ -119.911734, 48.051674 ], [ -119.914315, 48.051665 ], [ -119.911468, 48.049574 ], [ -119.914006, 48.048403 ], [ -119.918505, 48.049834 ], [ -119.918546, 48.04771 ] ] ] ] } },
{ "type": "Feature", "properties": { "GEOID": "5359145", "NAME": "Rockford town, Washington", "population": 632.0 }, "geometry": { "type": "Polygon", "coordinates": [ [ [ -117.142326, 47.449378 ], [ -117.135506, 47.4493 ], [ -117.1339, 47.449281 ], [ -117.133352, 47.446172 ], [ -117.130247, 47.445551 ], [ -117.127837, 47.443963 ], [ -117.124092, 47.445608 ], [ -117.121041, 47.445601 ], [ -117.121191, 47.456409 ], [ -117.142506, 47.45656 ], [ -117.142326, 47.449378 ] ] ] } },
{ "type": "Feature", "properties": { "GEOID": "5308605", "NAME": "Bucoda town, Washington", "population": 630.0 }, "geometry": { "type": "Polygon", "coordinates": [ [ [ -122.880021, 46.795986 ], [ -122.876718, 46.795521 ], [ -122.876696, 46.792576 ], [ -122.871068, 46.791815 ], [ -122.870075, 46.790315 ], [ -122.866106, 46.792497 ], [ -122.855475, 46.792518 ], [ -122.85541, 46.796327 ], [ -122.862644, 46.796187 ], [ -122.863009, 46.797341 ], [ -122.860447, 46.7982 ], [ -122.862387, 46.799364 ], [ -122.860845, 46.799948 ], [ -122.862395, 46.800583 ], [ -122.861206, 46.803288 ], [ -122.864617, 46.804364 ], [ -122.866237, 46.803385 ], [ -122.866058, 46.803575 ], [ -122.866609, 46.804577 ], [ -122.871088, 46.799796 ], [ -122.876786, 46.79973 ], [ -122.879887, 46.799742 ], [ -122.880021, 46.795986 ] ] ] } },
{ "type": "Feature", "properties": { "GEOID": "5379380", "NAME": "Winthrop town, Washington", "population": 624.0 }, "geometry": { "type": "MultiPolygon", "coordinates": [ [ [ [ -120.187942, 48.477189 ], [ -120.187074, 48.477097 ], [ -120.186533, 48.477281 ], [ -120.179292, 48.474527 ], [ -120.18158, 48.473197 ], [ -120.1826, 48.471506 ], [ -120.187103, 48.471551 ], [ -120.187073, 48.468713 ], [ -120.185441, 48.468709 ], [ -120.185524, 48.461512 ], [ -120.18191, 48.461502 ], [ -120.180572, 48.462334 ], [ -120.179215, 48.461428 ], [ -120.171724, 48.461405 ], [ -120.168669, 48.4614 ], [ -120.170716, 48.465506 ], [ -120.167165, 48.467529 ], [ -120.170816, 48.468568 ], [ -120.167128, 48.468564 ], [ -120.168959, 48.471638 ], [ -120.170787, 48.470827 ], [ -120.172712, 48.473845 ], [ -120.17245, 48.475083 ], [ -120.176281, 48.477416 ], [ -120.176265, 48.483171 ], [ -120.183291, 48.483753 ], [ -120.187225, 48.483781 ], [ -120.187942, 48.477189 ] ] ], [ [ [ -120.193896, 48.478124 ], [ -120.192645, 48.477903 ], [ -120.192627, 48.475928 ], [ -120.187942, 48.477189 ], [ -120.189146, 48.477418 ], [ -120.192571, 48.479584 ], [ -120.195273, 48.479586 ], [ -120.193896, 48.478124 ] ] ] ] } },
{ "type": "Feature", "properties": { "GEOID": "5310635", "NAME": "Cathlamet town, Washington", "population": 610.0 }, "geometry": { "type": "Polygon", "coordinates": [ [ [ -123.393431, 46.215562 ], [ -123.391701, 46.211376 ], [ -123.389534, 46.209909 ], [ -123.386606, 46.206998 ], [ -123.386124, 46.205762 ], [ -123.388748, 46.205809 ], [ -123.388206, 46.203235 ], [ -123.385452, 46.200116 ], [ -123.38272, 46.197782 ], [ -123.376253, 46.195997 ], [ -123.371585, 46.19428 ], [ -123.371559, 46.194956 ], [ -123.37151, 46.199619 ], [ -123.371442, 46.199731 ], [ -123.376793, 46.201865 ], [ -123.379206, 46.202862 ], [ -123.382356, 46.202904 ], [ -123.38235, 46.204334 ], [ -123.382001, 46.204655 ], [ -123.380579, 46.205226 ], [ -123.37925, 46.206347 ], [ -123.38133, 46.206173 ], [ -123.383054, 46.206205 ], [ -123.385945, 46.20772 ], [ -123.386267, 46.210326 ], [ -123.389239, 46.211252 ], [ -123.3897, 46.212497 ], [ -123.389886, 46.213215 ], [ -123.389415, 46.213409 ], [ -123.389234, 46.214042 ], [ -123.389461, 46.214066 ], [ -123.389415, 46.214295 ], [ -123.389061, 46.21426 ], [ -123.38878, 46.215078 ], [ -123.388153, 46.215008 ], [ -123.388467, 46.218274 ], [ -123.387447, 46.219782 ], [ -123.392013, 46.219868 ], [ -123.393191, 46.222642 ], [ -123.393983, 46.221697 ], [ -123.393431, 46.215562 ] ] ] } },
{ "type": "Feature", "properties": { "GEOID": "5329710", "NAME": "Harrah town, Washington", "population": 593.0 }, "geometry": { "type": "Polygon", "coordinates": [ [ [ -120.546802, 46.402879 ], [ -120.538878, 46.402794 ], [ -120.538887, 46.400989 ], [ -120.533661, 46.400988 ], [ -120.533621, 46.404151 ], [ -120.537844, 46.404504 ], [ -120.538846, 46.405995 ], [ -120.538833, 46.411768 ], [ -120.545457, 46.411787 ], [ -120.545392, 46.405323 ], [ -120.546802, 46.402879 ] ] ] } },
{ "type": "Feature", "properties": { "GEOID": "5322990", "NAME": "Fairfield town, Washington", "population": 590.0 }, "geometry": { "type": "Polygon", "coordinates": [ [ [ -117.184948, 47.380003 ], [ -117.174132, 47.380051 ], [ -117.173979, 47.37654 ], [ -117.17165, 47.380363 ], [ -117.16779, 47.380304 ], [ -117.167695, 47.382942 ], [ -117.163548, 47.380781 ], [ -117.163507, 47.387385 ], [ -117.16903, 47.387335 ], [ -117.169363, 47.388468 ], [ -117.171179, 47.388372 ], [ -117.171155, 47.390965 ], [ -117.174184, 47.391882 ], [ -117.174169, 47.390935 ], [ -117.179741, 47.390931 ], [ -117.179745, 47.388736 ], [ -117.180975, 47.387816 ], [ -117.184903, 47.387786 ], [ -117.184948, 47.380003 ] ] ] } },
{ "type": "Feature", "properties": { "GEOID": "5365765", "NAME": "South Cle Elum town, Washington", "population": 588.0 }, "geometry": { "type": "Polygon", "coordinates": [ [ [ -120.963716, 47.189864 ], [ -120.958401, 47.189839 ], [ -120.958447, 47.181736 ], [ -120.942474, 47.18174 ], [ -120.942344, 47.185308 ], [ -120.948197, 47.185257 ], [ -120.948182, 47.189477 ], [ -120.948885, 47.191625 ], [ -120.952103, 47.190733 ], [ -120.95653, 47.190311 ], [ -120.9616, 47.192303 ], [ -120.963703, 47.191399 ], [ -120.963716, 47.189864 ] ] ] } },
{ "type": "Feature", "properties": { "GEOID": "5360860", "NAME": "St. John town, Washington", "population": 586.0 }, "geometry": { "type": "Polygon", "coordinates": [ [ [ -117.612558, 47.099134 ], [ -117.609665, 47.099141 ], [ -117.609644, 47.097825 ], [ -117.607236, 47.097333 ], [ -117.606831, 47.095697 ], [ -117.603525, 47.094057 ], [ -117.60315, 47.0918 ], [ -117.593089, 47.091756 ], [ -117.591906, 47.088685 ], [ -117.589902, 47.088559 ], [ -117.588574, 47.086987 ], [ -117.588053, 47.08902 ], [ -117.587999, 47.084487 ], [ -117.577386, 47.08458 ], [ -117.577461, 47.08822 ], [ -117.575079, 47.088252 ], [ -117.575152, 47.091105 ], [ -117.574518, 47.091101 ], [ -117.575055, 47.092498 ], [ -117.577413, 47.092871 ], [ -117.577496, 47.095535 ], [ -117.581233, 47.095596 ], [ -117.58133, 47.093786 ], [ -117.585148, 47.093743 ], [ -117.593318, 47.096305 ], [ -117.59354, 47.09471 ], [ -117.59703, 47.09554 ], [ -117.598781, 47.095964 ], [ -117.598742, 47.094101 ], [ -117.601827, 47.09481 ], [ -117.605425, 47.097767 ], [ -117.609676, 47.100535 ], [ -117.612572, 47.10151 ], [ -117.612558, 47.099134 ] ] ] } },
{ "type": "Feature", "properties": { "GEOID": "5359775", "NAME": "Rosalia town, Washington", "population": 573.0 }, "geometry": { "type": "MultiPolygon", "coordinates": [ [ [ [ -117.376586, 47.231101 ], [ -117.372605, 47.231062 ], [ -117.371012, 47.229438 ], [ -117.368929, 47.229416 ], [ -117.368331, 47.226936 ], [ -117.36419, 47.22561 ], [ -117.364257, 47.228099 ], [ -117.365601, 47.228135 ], [ -117.36587, 47.23282 ], [ -117.363074, 47.232846 ], [ -117.363194, 47.240222 ], [ -117.365917, 47.24019 ], [ -117.366011, 47.247192 ], [ -117.364029, 47.248729 ], [ -117.366243, 47.248753 ], [ -117.369268, 47.24438 ], [ -117.37066, 47.24012 ], [ -117.376657, 47.240224 ], [ -117.376586, 47.231101 ] ] ], [ [ [ -117.425421, 47.23271 ], [ -117.421219, 47.236015 ], [ -117.417379, 47.236499 ], [ -117.41694, 47.23573 ], [ -117.417403, 47.237684 ], [ -117.41636, 47.23998 ], [ -117.41981, 47.24003 ], [ -117.425434, 47.234863 ], [ -117.425421, 47.23271 ] ] ] ] } },
{ "type": "Feature", "properties": { "GEOID": "5315080", "NAME": "Coulee City town, Washington", "population": 550.0 }, "geometry": { "type": "MultiPolygon", "coordinates": [ [ [ [ -119.295516, 47.599501 ], [ -119.284169, 47.601439 ], [ -119.28143, 47.603047 ], [ -119.283606, 47.604088 ], [ -119.286627, 47.603671 ], [ -119.288949, 47.604303 ], [ -119.293157, 47.604349 ], [ -119.29321, 47.602065 ], [ -119.295457, 47.602113 ], [ -119.295516, 47.599501 ] ] ], [ [ [ -119.299095, 47.61525 ], [ -119.299104, 47.612357 ], [ -119.298512, 47.612173 ], [ -119.298427, 47.605168 ], [ -119.289399, 47.605182 ], [ -119.287349, 47.604128 ], [ -119.287413, 47.608807 ], [ -119.27677, 47.608996 ], [ -119.276797, 47.612342 ], [ -119.282804, 47.612351 ], [ -119.282859, 47.628578 ], [ -119.285039, 47.627558 ], [ -119.285321, 47.624796 ], [ -119.286238, 47.624429 ], [ -119.290141, 47.61819 ], [ -119.291763, 47.617751 ], [ -119.291884, 47.619213 ], [ -119.29396, 47.619259 ], [ -119.292331, 47.617505 ], [ -119.294544, 47.616561 ], [ -119.292948, 47.617468 ], [ -119.295341, 47.620509 ], [ -119.297181, 47.619833 ], [ -119.29869, 47.618235 ], [ -119.297433, 47.616977 ], [ -119.299114, 47.617132 ], [ -119.299095, 47.61525 ] ] ] ] } },
{ "type": "Feature", "properties": { "GEOID": "5326140", "NAME": "Garfield town, Washington", "population": 542.0 }, "geometry": { "type": "Polygon", "coordinates": [ [ [ -117.149327, 47.010859 ], [ -117.149358, 47.00911 ], [ -117.150777, 47.005935 ], [ -117.149479, 47.003951 ], [ -117.15176, 47.004104 ], [ -117.15223, 47.00166 ], [ -117.149429, 47.000768 ], [ -117.149443, 47.002872 ], [ -117.144075, 47.002929 ], [ -117.144039, 47.00162 ], [ -117.13916, 47.001214 ], [ -117.139075, 47.002913 ], [ -117.133389, 47.002879 ], [ -117.13262, 47.004006 ], [ -117.132336, 47.007172 ], [ -117.133269, 47.008843 ], [ -117.12746, 47.01459 ], [ -117.127296, 47.019733 ], [ -117.138179, 47.01974 ], [ -117.13835, 47.016235 ], [ -117.139504, 47.014352 ], [ -117.149254, 47.014496 ], [ -117.152285, 47.010821 ], [ -117.149327, 47.010859 ] ] ] } },
{ "type": "Feature", "properties": { "GEOID": "5301010", "NAME": "Albion town, Washington", "population": 540.0 }, "geometry": { "type": "Polygon", "coordinates": [ [ [ -117.262295, 46.787842 ], [ -117.257542, 46.78721 ], [ -117.257197, 46.788425 ], [ -117.253483, 46.787397 ], [ -117.253257, 46.786021 ], [ -117.246055, 46.786204 ], [ -117.247998, 46.789027 ], [ -117.244132, 46.791237 ], [ -117.244135, 46.797013 ], [ -117.254943, 46.796987 ], [ -117.254897, 46.792754 ], [ -117.257448, 46.789715 ], [ -117.261244, 46.789545 ], [ -117.262295, 46.787842 ] ] ] } },
{ "type": "Feature", "properties": { "GEOID": "5367175", "NAME": "Sprague city, Washington", "population": 526.0 }, "geometry": { "type": "Polygon", "coordinates": [ [ [ -117.985925, 47.301559 ], [ -117.983663, 47.300084 ], [ -117.985659, 47.299874 ], [ -117.98482, 47.294479 ], [ -117.973227, 47.295275 ], [ -117.97305, 47.293756 ], [ -117.967661, 47.293768 ], [ -117.967558, 47.297429 ], [ -117.971479, 47.297428 ], [ -117.971409, 47.299121 ], [ -117.969342, 47.299761 ], [ -117.969293, 47.302184 ], [ -117.962046, 47.302267 ], [ -117.962025, 47.312999 ], [ -117.953035, 47.31716 ], [ -117.955077, 47.319374 ], [ -117.962042, 47.319269 ], [ -117.962023, 47.31475 ], [ -117.963194, 47.313902 ], [ -117.972827, 47.313689 ], [ -117.972256, 47.30731 ], [ -117.978486, 47.306978 ], [ -117.978475, 47.304728 ], [ -117.983527, 47.304606 ], [ -117.986148, 47.303391 ], [ -117.985925, 47.301559 ] ] ] } },
{ "type": "Feature", "properties": { "GEOID": "5339510", "NAME": "Lind town, Washington", "population": 522.0 }, "geometry": { "type": "MultiPolygon", "coordinates": [ [ [ [ -118.627082, 46.971495 ], [ -118.625428, 46.971422 ], [ -118.625447, 46.968206 ], [ -118.624256, 46.963503 ], [ -118.621105, 46.96347 ], [ -118.621113, 46.9623 ], [ -118.610294, 46.962187 ], [ -118.606086, 46.963237 ], [ -118.606003, 46.970453 ], [ -118.599771, 46.970364 ], [ -118.58924, 46.96945 ], [ -118.58909, 46.97016 ], [ -118.59962, 46.97086 ], [ -118.599631, 46.973985 ], [ -118.60687, 46.974088 ], [ -118.609975, 46.973569 ], [ -118.609527, 46.977721 ], [ -118.627012, 46.978262 ], [ -118.627082, 46.971495 ] ] ], [ [ [ -118.642486, 46.968899 ], [ -118.638882, 46.967712 ], [ -118.631888, 46.970013 ], [ -118.631895, 46.970821 ], [ -118.64251, 46.97088 ], [ -118.642486, 46.968899 ] ] ] ] } },
{ "type": "Feature", "properties": { "GEOID": "5378925", "NAME": "Wilkeson town, Washington", "population": 488.0 }, "geometry": { "type": "Polygon", "coordinates": [ [ [ -122.057521, 47.097261 ], [ -122.052259, 47.09731 ], [ -122.046876, 47.097342 ], [ -122.046891, 47.098597 ], [ -122.046608, 47.100964 ], [ -122.045624, 47.10012 ], [ -122.041539, 47.100586 ], [ -122.041555, 47.102577 ], [ -122.044604, 47.10352 ], [ -122.044401, 47.106114 ], [ -122.043412, 47.106288 ], [ -122.04121, 47.107238 ], [ -122.041383, 47.10978 ], [ -122.0479, 47.110041 ], [ -122.05055, 47.110541 ], [ -122.051431, 47.111554 ], [ -122.053587, 47.111988 ], [ -122.053566, 47.111095 ], [ -122.051134, 47.109738 ], [ -122.05223, 47.108781 ], [ -122.047914, 47.104522 ], [ -122.0577, 47.104566 ], [ -122.057521, 47.097261 ] ] ] } },
{ "type": "Feature", "properties": { "GEOID": "5332755", "NAME": "Hunts Point town, Washington", "population": 461.0 }, "geometry": { "type": "Polygon", "coordinates": [ [ [ -122.232754, 47.639615 ], [ -122.233276, 47.635589 ], [ -122.227871, 47.635534 ], [ -122.224311, 47.635604 ], [ -122.223256, 47.635739 ], [ -122.223147, 47.64089 ], [ -122.22503, 47.642004 ], [ -122.224687, 47.647278 ], [ -122.227526, 47.655204 ], [ -122.228431, 47.657601 ], [ -122.239837, 47.657696 ], [ -122.232754, 47.639615 ] ] ] } },
{ "type": "Feature", "properties": { "GEOID": "5329745", "NAME": "Harrington city, Washington", "population": 458.0 }, "geometry": { "type": "Polygon", "coordinates": [ [ [ -118.260735, 47.47481 ], [ -118.253353, 47.474779 ], [ -118.250584, 47.472801 ], [ -118.249958, 47.485579 ], [ -118.250782, 47.485619 ], [ -118.254291, 47.485736 ], [ -118.252185, 47.487708 ], [ -118.260711, 47.485681 ], [ -118.260735, 47.47481 ] ] ] } },
{ "type": "Feature", "properties": { "GEOID": "5333560", "NAME": "Ione town, Washington", "population": 445.0 }, "geometry": { "type": "Polygon", "coordinates": [ [ [ -117.432586, 48.740114 ], [ -117.429774, 48.740055 ], [ -117.428696, 48.739059 ], [ -117.428677, 48.735937 ], [ -117.427192, 48.735938 ], [ -117.427218, 48.733727 ], [ -117.422391, 48.734754 ], [ -117.420121, 48.7338 ], [ -117.420979, 48.732554 ], [ -117.418261, 48.733123 ], [ -117.415203, 48.735873 ], [ -117.411011, 48.735917 ], [ -117.410841, 48.737994 ], [ -117.412185, 48.738842 ], [ -117.412987, 48.742118 ], [ -117.416254, 48.743177 ], [ -117.41626, 48.746979 ], [ -117.414913, 48.746989 ], [ -117.4149, 48.748044 ], [ -117.416851, 48.748055 ], [ -117.416662, 48.748584 ], [ -117.421366, 48.745087 ], [ -117.42227, 48.743219 ], [ -117.423803, 48.743226 ], [ -117.424626, 48.744562 ], [ -117.42699, 48.744133 ], [ -117.430934, 48.745914 ], [ -117.4313, 48.744345 ], [ -117.432563, 48.743845 ], [ -117.432586, 48.740114 ] ] ] } },
{ "type": "Feature", "properties": { "GEOID": "5340770", "NAME": "Lyman town, Washington", "population": 431.0 }, "geometry": { "type": "Polygon", "coordinates": [ [ [ -122.072028, 48.515723 ], [ -122.055267, 48.515919 ], [ -122.055311, 48.526768 ], [ -122.055264, 48.53061 ], [ -122.066232, 48.530843 ], [ -122.066268, 48.529036 ], [ -122.071849, 48.529156 ], [ -122.072028, 48.515723 ] ] ] } },
{ "type": "Feature", "properties": { "GEOID": "5313890", "NAME": "Colton town, Washington", "population": 402.0 }, "geometry": { "type": "Polygon", "coordinates": [ [ [ -117.13682, 46.561756 ], [ -117.12076, 46.561672 ], [ -117.119953, 46.573218 ], [ -117.136234, 46.573271 ], [ -117.137331, 46.564537 ], [ -117.13682, 46.561756 ] ] ] } },
{ "type": "Feature", "properties": { "GEOID": "5373360", "NAME": "Uniontown town, Washington", "population": 398.0 }, "geometry": { "type": "Polygon", "coordinates": [ [ [ -117.095907, 46.53965 ], [ -117.095788, 46.531693 ], [ -117.077157, 46.531676 ], [ -117.077093, 46.542478 ], [ -117.074385, 46.542464 ], [ -117.074442, 46.546078 ], [ -117.096006, 46.546105 ], [ -117.095907, 46.53965 ] ] ] } },
{ "type": "Feature", "properties": { "GEOID": "5350325", "NAME": "Oakesdale town, Washington", "population": 392.0 }, "geometry": { "type": "Polygon", "coordinates": [ [ [ -117.257233, 47.123139 ], [ -117.235606, 47.123119 ], [ -117.235606, 47.124749 ], [ -117.235626, 47.129472 ], [ -117.234287, 47.130429 ], [ -117.23564, 47.130062 ], [ -117.235653, 47.137772 ], [ -117.257356, 47.137866 ], [ -117.257233, 47.123139 ] ] ] } },
{ "type": "Feature", "properties": { "GEOID": "5345180", "NAME": "Mesa city, Washington", "population": 391.0 }, "geometry": { "type": "Polygon", "coordinates": [ [ [ -119.017436, 46.569327 ], [ -119.004583, 46.569308 ], [ -119.002168, 46.566363 ], [ -119.000965, 46.564112 ], [ -119.000803, 46.562039 ], [ -118.999403, 46.562045 ], [ -118.985715, 46.562058 ], [ -118.985645, 46.576586 ], [ -118.996215, 46.576587 ], [ -118.996053, 46.583839 ], [ -119.002131, 46.583844 ], [ -119.017258, 46.58386 ], [ -119.017436, 46.569327 ] ] ] } },
{ "type": "Feature", "properties": { "GEOID": "5367210", "NAME": "Springdale town, Washington", "population": 381.0 }, "geometry": { "type": "Polygon", "coordinates": [ [ [ -117.757435, 48.048761 ], [ -117.74151, 48.048767 ], [ -117.739073, 48.048821 ], [ -117.7373, 48.048792 ], [ -117.735846, 48.048787 ], [ -117.736086, 48.058384 ], [ -117.736207, 48.06327 ], [ -117.741608, 48.063283 ], [ -117.741713, 48.070512 ], [ -117.747173, 48.070508 ], [ -117.747009, 48.063296 ], [ -117.757811, 48.063322 ], [ -117.757435, 48.048761 ] ] ] } },
{ "type": "Feature", "properties": { "GEOID": "5356240", "NAME": "Prescott city, Washington", "population": 369.0 }, "geometry": { "type": "MultiPolygon", "coordinates": [ [ [ [ -118.30272, 46.295124 ], [ -118.298967, 46.294512 ], [ -118.298913, 46.298207 ], [ -118.302295, 46.296349 ], [ -118.304062, 46.296353 ], [ -118.30272, 46.295124 ] ] ], [ [ [ -118.321105, 46.29526 ], [ -118.319057, 46.295263 ], [ -118.319772, 46.292846 ], [ -118.319771, 46.292438 ], [ -118.319345, 46.292741 ], [ -118.314917, 46.295658 ], [ -118.311726, 46.295657 ], [ -118.311719, 46.296337 ], [ -118.308608, 46.296335 ], [ -118.304151, 46.296909 ], [ -118.30406, 46.299694 ], [ -118.306578, 46.299652 ], [ -118.307166, 46.302516 ], [ -118.314717, 46.30223 ], [ -118.314648, 46.306133 ], [ -118.316969, 46.306135 ], [ -118.31689, 46.302243 ], [ -118.319755, 46.302255 ], [ -118.319741, 46.298864 ], [ -118.321067, 46.29887 ], [ -118.321105, 46.29526 ] ] ] ] } },
{ "type": "Feature", "properties": { "GEOID": "5366045", "NAME": "South Prairie town, Washington", "population": 353.0 }, "geometry": { "type": "Polygon", "coordinates": [ [ [ -122.102797, 47.136261 ], [ -122.101926, 47.13371 ], [ -122.085723, 47.133689 ], [ -122.085856, 47.141046 ], [ -122.089899, 47.141034 ], [ -122.091832, 47.141046 ], [ -122.096723, 47.141008 ], [ -122.101783, 47.140968 ], [ -122.101848, 47.13851 ], [ -122.102768, 47.138156 ], [ -122.102797, 47.136261 ] ] ] } },
{ "type": "Feature", "properties": { "GEOID": "5358795", "NAME": "Riverside town, Washington", "population": 343.0 }, "geometry": { "type": "Polygon", "coordinates": [ [ [ -119.521637, 48.513026 ], [ -119.519419, 48.513018 ], [ -119.516155, 48.509309 ], [ -119.516122, 48.50382 ], [ -119.521612, 48.503787 ], [ -119.521585, 48.500169 ], [ -119.516074, 48.500202 ], [ -119.51602, 48.496552 ], [ -119.505067, 48.496589 ], [ -119.503996, 48.492834 ], [ -119.500867, 48.492874 ], [ -119.503546, 48.495991 ], [ -119.49797, 48.496049 ], [ -119.494988, 48.496057 ], [ -119.499493, 48.501293 ], [ -119.499276, 48.505809 ], [ -119.506999, 48.505625 ], [ -119.506791, 48.503884 ], [ -119.510647, 48.503856 ], [ -119.510701, 48.507476 ], [ -119.506791, 48.507531 ], [ -119.506746, 48.50847 ], [ -119.51014, 48.51383 ], [ -119.508259, 48.518325 ], [ -119.516248, 48.518332 ], [ -119.516215, 48.514783 ], [ -119.521604, 48.515587 ], [ -119.521637, 48.513026 ] ] ] } },
{ "type": "Feature", "properties": { "GEOID": "5342800", "NAME": "Mansfield town, Washington", "population": 342.0 }, "geometry": { "type": "Polygon", "coordinates": [ [ [ -119.644993, 47.808268 ], [ -119.643734, 47.808255 ], [ -119.63914, 47.808154 ], [ -119.631474, 47.808156 ], [ -119.631231, 47.813571 ], [ -119.628505, 47.815413 ], [ -119.644821, 47.815618 ], [ -119.644993, 47.808268 ] ] ] } },
{ "type": "Feature", "properties": { "GEOID": "5301500", "NAME": "Almira town, Washington", "population": 327.0 }, "geometry": { "type": "Polygon", "coordinates": [ [ [ -118.947317, 47.706491 ], [ -118.939774, 47.70674 ], [ -118.925312, 47.706588 ], [ -118.924646, 47.71024 ], [ -118.91568, 47.710288 ], [ -118.916241, 47.713854 ], [ -118.927671, 47.709876 ], [ -118.930944, 47.709615 ], [ -118.930945, 47.710238 ], [ -118.936651, 47.710202 ], [ -118.936827, 47.714 ], [ -118.94222, 47.714081 ], [ -118.942349, 47.717618 ], [ -118.947719, 47.717628 ], [ -118.947317, 47.706491 ] ] ] } },
{ "type": "Feature", "properties": { "GEOID": "5304895", "NAME": "Beaux Arts Village town, Washington", "population": 315.0 }, "geometry": { "type": "Polygon", "coordinates": [ [ [ -122.210634, 47.583721 ], [ -122.209515, 47.583124 ], [ -122.205893, 47.583413 ], [ -122.204468, 47.58382 ], [ -122.199495, 47.58375 ], [ -122.196545, 47.583778 ], [ -122.196555, 47.58674 ], [ -122.214734, 47.587021 ], [ -122.210634, 47.583721 ] ] ] } },
{ "type": "Feature", "properties": { "GEOID": "5321730", "NAME": "Endicott town, Washington", "population": 298.0 }, "geometry": { "type": "Polygon", "coordinates": [ [ [ -117.69309, 46.93284 ], [ -117.68963, 46.9309 ], [ -117.68906, 46.9307 ], [ -117.691614, 46.930823 ], [ -117.68957, 46.927942 ], [ -117.692358, 46.926252 ], [ -117.691112, 46.924553 ], [ -117.691749, 46.924563 ], [ -117.689167, 46.921426 ], [ -117.6843, 46.92482 ], [ -117.684043, 46.925833 ], [ -117.679238, 46.924142 ], [ -117.681269, 46.925825 ], [ -117.679686, 46.926729 ], [ -117.682221, 46.92668 ], [ -117.681238, 46.927953 ], [ -117.681273, 46.930676 ], [ -117.683773, 46.931678 ], [ -117.683794, 46.93311 ], [ -117.685759, 46.933903 ], [ -117.68785, 46.93325 ], [ -117.69194, 46.93328 ], [ -117.69309, 46.93284 ] ] ] } },
{ "type": "Feature", "properties": { "GEOID": "5350045", "NAME": "Northport town, Washington", "population": 294.0 }, "geometry": { "type": "Polygon", "coordinates": [ [ [ -117.794139, 48.912127 ], [ -117.790593, 48.912002 ], [ -117.78869, 48.911003 ], [ -117.788659, 48.90867 ], [ -117.785494, 48.908659 ], [ -117.783204, 48.910937 ], [ -117.778163, 48.914241 ], [ -117.773504, 48.914272 ], [ -117.767188, 48.914314 ], [ -117.767255, 48.92195 ], [ -117.772652, 48.921888 ], [ -117.782978, 48.918805 ], [ -117.789354, 48.916428 ], [ -117.794185, 48.914114 ], [ -117.794139, 48.912127 ] ] ] } },
{ "type": "Feature", "properties": { "GEOID": "5329255", "NAME": "Hamilton town, Washington", "population": 289.0 }, "geometry": { "type": "MultiPolygon", "coordinates": [ [ [ [ -121.982881, 48.538878 ], [ -121.981532, 48.53887 ], [ -121.981483, 48.540664 ], [ -121.982841, 48.540672 ], [ -121.982881, 48.538878 ] ] ], [ [ [ -122.006183, 48.526109 ], [ -122.000666, 48.525605 ], [ -122.000806, 48.523022 ], [ -121.994451, 48.519455 ], [ -121.989664, 48.517716 ], [ -121.982368, 48.516413 ], [ -121.978877, 48.51653 ], [ -121.979114, 48.522724 ], [ -121.985739, 48.522787 ], [ -121.987196, 48.524659 ], [ -121.987134, 48.529545 ], [ -121.984429, 48.529765 ], [ -121.975978, 48.529882 ], [ -121.963179, 48.529717 ], [ -121.962506, 48.540556 ], [ -121.973359, 48.540619 ], [ -121.973664, 48.533446 ], [ -121.976332, 48.533461 ], [ -121.976468, 48.529884 ], [ -121.98147, 48.530179 ], [ -121.984412, 48.530008 ], [ -121.984338, 48.533507 ], [ -121.991213, 48.533593 ], [ -121.991246, 48.531837 ], [ -121.995207, 48.53186 ], [ -121.995238, 48.529884 ], [ -122.000926, 48.529957 ], [ -122.006113, 48.530456 ], [ -122.006183, 48.526109 ] ] ] ] } },
{ "type": "Feature", "properties": { "GEOID": "5336850", "NAME": "LaCrosse town, Washington", "population": 287.0 }, "geometry": { "type": "MultiPolygon", "coordinates": [ [ [ [ -117.888454, 46.805762 ], [ -117.884515, 46.809213 ], [ -117.878957, 46.809242 ], [ -117.878956, 46.810162 ], [ -117.875594, 46.810113 ], [ -117.874386, 46.812045 ], [ -117.874294, 46.814919 ], [ -117.871924, 46.817516 ], [ -117.876763, 46.817539 ], [ -117.877895, 46.81961 ], [ -117.879716, 46.820812 ], [ -117.885418, 46.817601 ], [ -117.88643, 46.810243 ], [ -117.888454, 46.805762 ] ] ], [ [ [ -117.93305, 46.787091 ], [ -117.912605, 46.787244 ], [ -117.911771, 46.798647 ], [ -117.916274, 46.796824 ], [ -117.928276, 46.792349 ], [ -117.930749, 46.790511 ], [ -117.93305, 46.787091 ] ] ] ] } },
{ "type": "Feature", "properties": { "GEOID": "5345320", "NAME": "Metaline Falls town, Washington", "population": 281.0 }, "geometry": { "type": "Polygon", "coordinates": [ [ [ -117.378151, 48.856711 ], [ -117.376696, 48.855776 ], [ -117.372886, 48.855776 ], [ -117.372873, 48.860326 ], [ -117.37012, 48.860316 ], [ -117.369259, 48.859395 ], [ -117.368642, 48.859391 ], [ -117.36864, 48.860977 ], [ -117.367903, 48.861462 ], [ -117.365954, 48.861521 ], [ -117.364022, 48.86152 ], [ -117.363997, 48.866017 ], [ -117.367742, 48.866051 ], [ -117.368405, 48.865181 ], [ -117.370529, 48.864949 ], [ -117.370944, 48.865271 ], [ -117.374857, 48.864859 ], [ -117.376585, 48.863245 ], [ -117.3785, 48.858516 ], [ -117.378151, 48.856711 ] ] ] } },
{ "type": "Feature", "properties": { "GEOID": "5366290", "NAME": "Spangle city, Washington", "population": 276.0 }, "geometry": { "type": "Polygon", "coordinates": [ [ [ -117.388436, 47.423703 ], [ -117.386497, 47.423685 ], [ -117.385269, 47.425678 ], [ -117.379651, 47.425664 ], [ -117.379643, 47.427292 ], [ -117.374318, 47.427272 ], [ -117.37514, 47.434333 ], [ -117.385653, 47.434382 ], [ -117.388349, 47.425866 ], [ -117.388436, 47.423703 ] ] ] } },
{ "type": "Feature", "properties": { "GEOID": "5321485", "NAME": "Elmer City town, Washington", "population": 258.0 }, "geometry": { "type": "Polygon", "coordinates": [ [ [ -118.961098, 47.995652 ], [ -118.950977, 47.995677 ], [ -118.951112, 47.997362 ], [ -118.949968, 47.999091 ], [ -118.94845, 47.999323 ], [ -118.94846, 48.004724 ], [ -118.950464, 48.004723 ], [ -118.950217, 48.005612 ], [ -118.952171, 48.004508 ], [ -118.954651, 48.004559 ], [ -118.956209, 48.002604 ], [ -118.958394, 48.000647 ], [ -118.96004, 47.999577 ], [ -118.960706, 47.9988 ], [ -118.961067, 47.997632 ], [ -118.961098, 47.995652 ] ] ] } },
{ "type": "Feature", "properties": { "GEOID": "5342275", "NAME": "Malden town, Washington", "population": 252.0 }, "geometry": { "type": "Polygon", "coordinates": [ [ [ -117.488339, 47.225098 ], [ -117.472719, 47.225234 ], [ -117.47269, 47.221513 ], [ -117.467377, 47.221604 ], [ -117.467364, 47.228936 ], [ -117.456901, 47.229283 ], [ -117.46208, 47.229863 ], [ -117.462109, 47.23243 ], [ -117.465222, 47.232437 ], [ -117.46519, 47.236306 ], [ -117.478325, 47.236168 ], [ -117.47838, 47.231185 ], [ -117.481909, 47.230039 ], [ -117.488339, 47.225098 ] ] ] } },
{ "type": "Feature", "properties": { "GEOID": "5315710", "NAME": "Creston town, Washington", "population": 245.0 }, "geometry": { "type": "Polygon", "coordinates": [ [ [ -118.527146, 47.75579 ], [ -118.520934, 47.754547 ], [ -118.519635, 47.751377 ], [ -118.518036, 47.754115 ], [ -118.515174, 47.753837 ], [ -118.514971, 47.75867 ], [ -118.513366, 47.758684 ], [ -118.513507, 47.765915 ], [ -118.516508, 47.76479 ], [ -118.523292, 47.764783 ], [ -118.522105, 47.760168 ], [ -118.523466, 47.762193 ], [ -118.526977, 47.76333 ], [ -118.527146, 47.75579 ] ] ] } },
{ "type": "Feature", "properties": { "GEOID": "5343395", "NAME": "Marcus town, Washington", "population": 219.0 }, "geometry": { "type": "Polygon", "coordinates": [ [ [ -118.072857, 48.662963 ], [ -118.065866, 48.662622 ], [ -118.051104, 48.662492 ], [ -118.049775, 48.665518 ], [ -118.052999, 48.666169 ], [ -118.053198, 48.667355 ], [ -118.056534, 48.666437 ], [ -118.063465, 48.6662 ], [ -118.066057, 48.665028 ], [ -118.070922, 48.664103 ], [ -118.072857, 48.662963 ] ] ] } },
{ "type": "Feature", "properties": { "GEOID": "5379135", "NAME": "Wilson Creek town, Washington", "population": 204.0 }, "geometry": { "type": "Polygon", "coordinates": [ [ [ -119.133506, 47.424341 ], [ -119.120414, 47.418747 ], [ -119.115979, 47.41511 ], [ -119.113557, 47.413829 ], [ -119.106956, 47.412718 ], [ -119.106909, 47.429255 ], [ -119.13338, 47.429422 ], [ -119.133506, 47.424341 ] ] ] } },
{ "type": "Feature", "properties": { "GEOID": "5376440", "NAME": "Washtucna town, Washington", "population": 199.0 }, "geometry": { "type": "Polygon", "coordinates": [ [ [ -118.31901, 46.745517 ], [ -118.314319, 46.745563 ], [ -118.312714, 46.746999 ], [ -118.307601, 46.747126 ], [ -118.30777, 46.750414 ], [ -118.306331, 46.752415 ], [ -118.302412, 46.75207 ], [ -118.302357, 46.757686 ], [ -118.296946, 46.757099 ], [ -118.296884, 46.759967 ], [ -118.318152, 46.759544 ], [ -118.318436, 46.751116 ], [ -118.31952, 46.747263 ], [ -118.31901, 46.745517 ] ] ] } },
{ "type": "Feature", "properties": { "GEOID": "5314310", "NAME": "Conconully town, Washington", "population": 198.0 }, "geometry": { "type": "Polygon", "coordinates": [ [ [ -119.759479, 48.552657 ], [ -119.756208, 48.552859 ], [ -119.756709, 48.555314 ], [ -119.748135, 48.556014 ], [ -119.746267, 48.559314 ], [ -119.745717, 48.562418 ], [ -119.749756, 48.560985 ], [ -119.750197, 48.56389 ], [ -119.752131, 48.56378 ], [ -119.754357, 48.560192 ], [ -119.757631, 48.560057 ], [ -119.757422, 48.558461 ], [ -119.754401, 48.558629 ], [ -119.756488, 48.555435 ], [ -119.760002, 48.555217 ], [ -119.759479, 48.552657 ] ] ] } },
{ "type": "Feature", "properties": { "GEOID": "5348540", "NAME": "Nespelem town, Washington", "population": 198.0 }, "geometry": { "type": "Polygon", "coordinates": [ [ [ -118.978952, 48.16466 ], [ -118.978951, 48.163836 ], [ -118.978721, 48.163838 ], [ -118.972208, 48.163993 ], [ -118.972216, 48.165785 ], [ -118.964301, 48.165804 ], [ -118.964319, 48.16935 ], [ -118.975083, 48.169293 ], [ -118.978985, 48.168256 ], [ -118.978952, 48.16466 ] ] ] } },
{ "type": "Feature", "properties": { "GEOID": "5316340", "NAME": "Cusick town, Washington", "population": 190.0 }, "geometry": { "type": "Polygon", "coordinates": [ [ [ -117.304111, 48.33569 ], [ -117.30252, 48.336489 ], [ -117.299744, 48.335889 ], [ -117.299799, 48.333947 ], [ -117.303668, 48.334782 ], [ -117.296996, 48.324744 ], [ -117.292197, 48.325783 ], [ -117.289347, 48.320353 ], [ -117.288085, 48.320343 ], [ -117.288376, 48.322556 ], [ -117.286365, 48.327265 ], [ -117.287811, 48.330202 ], [ -117.288348, 48.332267 ], [ -117.288784, 48.340228 ], [ -117.289262, 48.342142 ], [ -117.293463, 48.342143 ], [ -117.30029, 48.342102 ], [ -117.301079, 48.341982 ], [ -117.302705, 48.338185 ], [ -117.304428, 48.338375 ], [ -117.304111, 48.33569 ] ] ] } },
{ "type": "Feature", "properties": { "GEOID": "5329920", "NAME": "Hartline town, Washington", "population": 175.0 }, "geometry": { "type": "Polygon", "coordinates": [ [ [ -119.113669, 47.684767 ], [ -119.101974, 47.684733 ], [ -119.101904, 47.690976 ], [ -119.104421, 47.690273 ], [ -119.105559, 47.692032 ], [ -119.105534, 47.695578 ], [ -119.111721, 47.695586 ], [ -119.111846, 47.692002 ], [ -119.113634, 47.692011 ], [ -119.113669, 47.684767 ] ] ] } },
{ "type": "Feature", "properties": { "GEOID": "5338495", "NAME": "Latah town, Washington", "population": 175.0 }, "geometry": { "type": "Polygon", "coordinates": [ [ [ -117.163965, 47.282607 ], [ -117.163964, 47.282531 ], [ -117.16349, 47.282606 ], [ -117.161769, 47.282883 ], [ -117.1596, 47.278779 ], [ -117.158024, 47.277896 ], [ -117.151425, 47.277963 ], [ -117.151446, 47.279213 ], [ -117.145483, 47.279252 ], [ -117.145528, 47.281725 ], [ -117.151848, 47.281757 ], [ -117.151902, 47.285545 ], [ -117.153243, 47.286758 ], [ -117.156159, 47.286721 ], [ -117.156142, 47.285519 ], [ -117.162672, 47.285455 ], [ -117.162633, 47.287838 ], [ -117.164007, 47.287839 ], [ -117.163965, 47.282607 ] ] ] } },
{ "type": "Feature", "properties": { "GEOID": "5330060", "NAME": "Hatton town, Washington", "population": 170.0 }, "geometry": { "type": "Polygon", "coordinates": [ [ [ -118.832988, 46.768135 ], [ -118.822459, 46.768149 ], [ -118.822344, 46.778902 ], [ -118.832926, 46.778959 ], [ -118.832988, 46.768135 ] ] ] } },
{ "type": "Feature", "properties": { "GEOID": "5333175", "NAME": "Index town, Washington", "population": 165.0 }, "geometry": { "type": "Polygon", "coordinates": [ [ [ -121.563371, 47.816581 ], [ -121.55974, 47.817229 ], [ -121.558058, 47.818437 ], [ -121.5498, 47.820924 ], [ -121.548046, 47.822439 ], [ -121.548062, 47.825253 ], [ -121.551446, 47.823916 ], [ -121.551448, 47.825553 ], [ -121.561493, 47.82198 ], [ -121.56338, 47.820959 ], [ -121.563371, 47.816581 ] ] ] } },
{ "type": "Feature", "properties": { "GEOID": "5345285", "NAME": "Metaline town, Washington", "population": 165.0 }, "geometry": { "type": "Polygon", "coordinates": [ [ [ -117.394497, 48.848359 ], [ -117.392425, 48.848371 ], [ -117.391737, 48.846219 ], [ -117.388451, 48.845724 ], [ -117.382925, 48.852609 ], [ -117.382479, 48.854778 ], [ -117.385102, 48.856634 ], [ -117.383952, 48.858328 ], [ -117.382163, 48.859166 ], [ -117.394643, 48.859149 ], [ -117.394497, 48.848359 ] ] ] } },
{ "type": "Feature", "properties": { "GEOID": "5364855", "NAME": "Skykomish town, Washington", "population": 157.0 }, "geometry": { "type": "MultiPolygon", "coordinates": [ [ [ [ -121.349309, 47.711016 ], [ -121.347034, 47.711517 ], [ -121.346033, 47.712027 ], [ -121.347487, 47.71302 ], [ -121.349207, 47.712089 ], [ -121.349309, 47.711016 ] ] ], [ [ [ -121.36596, 47.706852 ], [ -121.349864, 47.707271 ], [ -121.350022, 47.710889 ], [ -121.35144, 47.712589 ], [ -121.355425, 47.711833 ], [ -121.355559, 47.714266 ], [ -121.360781, 47.714102 ], [ -121.366392, 47.713929 ], [ -121.36596, 47.706852 ] ] ] ] } },
{ "type": "Feature", "properties": { "GEOID": "5367490", "NAME": "Starbuck town, Washington", "population": 143.0 }, "geometry": { "type": "Polygon", "coordinates": [ [ [ -118.132877, 46.521416 ], [ -118.131366, 46.520829 ], [ -118.127573, 46.515748 ], [ -118.122222, 46.514838 ], [ -118.122254, 46.516181 ], [ -118.118654, 46.516248 ], [ -118.116471, 46.513906 ], [ -118.117252, 46.518094 ], [ -118.125764, 46.518352 ], [ -118.126666, 46.52157 ], [ -118.122345, 46.52003 ], [ -118.122383, 46.52168 ], [ -118.125065, 46.521608 ], [ -118.127666, 46.523363 ], [ -118.127637, 46.521578 ], [ -118.13303, 46.524168 ], [ -118.132877, 46.521416 ] ] ] } },
{ "type": "Feature", "properties": { "GEOID": "5334575", "NAME": "Kahlotus city, Washington", "population": 141.0 }, "geometry": { "type": "Polygon", "coordinates": [ [ [ -118.57518, 46.643522 ], [ -118.568532, 46.642157 ], [ -118.565838, 46.641083 ], [ -118.556229, 46.640028 ], [ -118.55109, 46.640077 ], [ -118.551036, 46.638762 ], [ -118.546922, 46.638722 ], [ -118.548579, 46.640736 ], [ -118.548631, 46.643481 ], [ -118.545795, 46.643507 ], [ -118.545938, 46.647051 ], [ -118.556517, 46.645985 ], [ -118.560778, 46.645976 ], [ -118.560597, 46.642203 ], [ -118.574534, 46.644997 ], [ -118.57518, 46.643522 ] ] ] } },
{ "type": "Feature", "properties": { "GEOID": "5323340", "NAME": "Farmington town, Washington", "population": 133.0 }, "geometry": { "type": "Polygon", "coordinates": [ [ [ -117.052633, 47.083379 ], [ -117.041939, 47.082928 ], [ -117.041919, 47.090282 ], [ -117.0398009, 47.0901573 ], [ -117.0398013, 47.0910291 ], [ -117.042306, 47.091491 ], [ -117.041887, 47.098093 ], [ -117.04699, 47.098178 ], [ -117.044257, 47.097764 ], [ -117.044325, 47.093773 ], [ -117.046497, 47.093707 ], [ -117.046686, 47.092539 ], [ -117.049163, 47.092512 ], [ -117.049343, 47.090183 ], [ -117.052706, 47.090359 ], [ -117.052633, 47.083379 ] ] ] } },
{ "type": "Feature", "properties": { "GEOID": "5376720", "NAME": "Waverly town, Washington", "population": 129.0 }, "geometry": { "type": "Polygon", "coordinates": [ [ [ -117.23838, 47.333915 ], [ -117.237412, 47.332639 ], [ -117.225767, 47.332634 ], [ -117.225498, 47.334607 ], [ -117.223149, 47.33505 ], [ -117.225451, 47.335669 ], [ -117.227713, 47.338726 ], [ -117.226234, 47.339858 ], [ -117.227029, 47.344663 ], [ -117.230601, 47.347225 ], [ -117.232489, 47.344599 ], [ -117.230899, 47.341662 ], [ -117.232379, 47.341959 ], [ -117.238357, 47.338215 ], [ -117.23838, 47.333915 ] ] ] } },
{ "type": "Feature", "properties": { "GEOID": "5338215", "NAME": "Lamont town, Washington", "population": 78.0 }, "geometry": { "type": "Polygon", "coordinates": [ [ [ -117.909836, 47.200163 ], [ -117.911316, 47.198984 ], [ -117.90458, 47.195033 ], [ -117.896999, 47.201029 ], [ -117.900515, 47.203099 ], [ -117.905935, 47.206293 ], [ -117.912032, 47.201519 ], [ -117.909836, 47.200163 ] ] ] } },
{ "type": "Feature", "properties": { "GEOID": "5336395", "NAME": "Krupp town, Washington", "population": 45.0 }, "geometry": { "type": "MultiPolygon", "coordinates": [ [ [ [ -118.991669, 47.403325 ], [ -118.989785, 47.4033 ], [ -118.989753, 47.404473 ], [ -118.991496, 47.404494 ], [ -118.991647, 47.403944 ], [ -118.991669, 47.403325 ] ] ], [ [ [ -119.000009, 47.407548 ], [ -118.994187, 47.407537 ], [ -118.98821, 47.406404 ], [ -118.984088, 47.405781 ], [ -118.978822, 47.404392 ], [ -118.978717, 47.414874 ], [ -119.000067, 47.414814 ], [ -119.000009, 47.407548 ] ] ] ] } }
]
}
