{
"type": "FeatureCollection",
"name": "places-AK",
"crs": { "type": "name", "properties": { "name": "urn:ogc:def:crs:OGC:1.3:CRS84" } },
"features": [
{ "type": "Feature", "properties": { "GEOID": "0203000", "NAME": "Anchorage municipality, Alaska", "population": 287155.0 }, "geometry": { "type": "MultiPolygon", "coordinates": [ [ [ [ -150.074575, 61.156282 ], [ -150.07196, 61.153645 ], [ -150.065646, 61.151079 ], [ -150.051639, 61.148255 ], [ -150.025019, 61.142635 ], [ -150.011992, 61.1406632 ], [ -150.004935, 61.139595 ], [ -149.983425, 61.135407 ], [ -149.969164, 61.132538 ], [ -149.964014900000024, 61.1295161 ], [ -149.963103, 61.128981 ], [ -149.947297, 61.119741 ], [ -149.93981, 61.115092 ], [ -149.939267699999988, 61.1147851 ], [ -149.932973, 61.111223 ], [ -149.921509, 61.107513 ], [ -149.90095, 61.099129 ], [ -149.899763, 61.0987919 ], [ -149.891443, 61.096429 ], [ -149.880509, 61.096027 ], [ -149.869576, 61.090398 ], [ -149.857692, 61.087295 ], [ -149.851631, 61.08718 ], [ -149.849611, 61.086089 ], [ -149.844501, 61.081722 ], [ -149.840579, 61.081319 ], [ -149.839272, 61.079078 ], [ -149.838084, 61.077986 ], [ -149.831922, 61.076197 ], [ -149.8308482, 61.0754751 ], [ -149.830115399999983, 61.0749825 ], [ -149.829841, 61.074798 ], [ -149.82822, 61.071376 ], [ -149.825249, 61.068731 ], [ -149.815504, 61.064247 ], [ -149.804927, 61.059187 ], [ -149.797827, 61.051752 ], [ -149.7954933, 61.0497396 ], [ -149.792183, 61.046885 ], [ -149.784843, 61.041412 ], [ -149.783536, 61.038823 ], [ -149.779139, 61.036118 ], [ -149.769988, 61.033758 ], [ -149.766423, 61.031456 ], [ -149.759412, 61.029384 ], [ -149.755252, 61.028175 ], [ -149.753232, 61.027139 ], [ -149.751197, 61.024369 ], [ -149.747765, 61.022591 ], [ -149.742061, 61.018791 ], [ -149.735762, 61.01643 ], [ -149.7310349, 61.0158514 ], [ -149.723997, 61.01499 ], [ -149.717113, 61.013656 ], [ -149.714252, 61.013435 ], [ -149.710925, 61.012456 ], [ -149.700229, 61.01021 ], [ -149.697496, 61.009461 ], [ -149.695713, 61.00733 ], [ -149.693574, 61.006178 ], [ -149.688345, 61.005487 ], [ -149.676937, 61.004623 ], [ -149.669331, 61.002952 ], [ -149.656259, 61.002088 ], [ -149.653882, 61.001224 ], [ -149.650198, 60.999323 ], [ -149.647583, 60.999207 ], [ -149.644493, 60.999726 ], [ -149.641998, 60.999611 ], [ -149.639146, 60.998919 ], [ -149.627143, 60.993388 ], [ -149.615021, 60.988604 ], [ -149.611447, 60.985441 ], [ -149.608315, 60.984494 ], [ -149.602781, 60.984685 ], [ -149.598621, 60.983935 ], [ -149.591966, 60.982379 ], [ -149.584483, 60.982321 ], [ -149.576279, 60.983935 ], [ -149.573308, 60.984281 ], [ -149.566653, 60.984339 ], [ -149.562375, 60.983762 ], [ -149.5537, 60.983013 ], [ -149.547758, 60.983244 ], [ -149.535641, 60.982756 ], [ -149.532903, 60.983762 ], [ -149.52803, 60.985549 ], [ -149.52399, 60.986299 ], [ -149.519236, 60.986702 ], [ -149.514483, 60.986529 ], [ -149.509372, 60.985838 ], [ -149.502836, 60.985261 ], [ -149.49523, 60.983071 ], [ -149.490358, 60.980938 ], [ -149.483347, 60.977594 ], [ -149.480257, 60.974769 ], [ -149.476097, 60.973673 ], [ -149.468492, 60.972808 ], [ -149.463025, 60.972462 ], [ -149.460746, 60.97161 ], [ -149.456608, 60.969117 ], [ -149.450784, 60.967445 ], [ -149.444367, 60.965599 ], [ -149.442822, 60.964619 ], [ -149.442347, 60.962831 ], [ -149.440921, 60.962196 ], [ -149.437831, 60.961735 ], [ -149.433553, 60.961562 ], [ -149.431749, 60.960883 ], [ -149.427254, 60.958158 ], [ -149.420599, 60.954581 ], [ -149.411448, 60.951927 ], [ -149.405625, 60.951119 ], [ -149.380907, 60.946387 ], [ -149.376866, 60.945348 ], [ -149.37342, 60.943675 ], [ -149.370805, 60.940789 ], [ -149.364507, 60.935535 ], [ -149.363079, 60.932418 ], [ -149.363912, 60.929935 ], [ -149.364863, 60.927798 ], [ -149.363199, 60.926066 ], [ -149.359397, 60.926355 ], [ -149.355475, 60.925315 ], [ -149.346918, 60.926528 ], [ -149.342046, 60.929242 ], [ -149.336579, 60.929877 ], [ -149.328736, 60.931609 ], [ -149.313881, 60.933977 ], [ -149.310316, 60.934381 ], [ -149.30271, 60.934496 ], [ -149.291658, 60.935709 ], [ -149.284409, 60.936517 ], [ -149.27491, 60.936863 ], [ -149.2648, 60.936748 ], [ -149.253986, 60.937556 ], [ -149.245786, 60.938422 ], [ -149.229386, 60.939403 ], [ -149.225345, 60.939865 ], [ -149.197299, 60.944483 ], [ -149.194209, 60.944771 ], [ -149.190882, 60.944483 ], [ -149.187435, 60.943617 ], [ -149.184464, 60.942289 ], [ -149.183276, 60.940731 ], [ -149.182087, 60.93923 ], [ -149.175873699999983, 60.9367307 ], [ -149.165774, 60.932668 ], [ -149.155824, 60.930108 ], [ -149.14596, 60.925431 ], [ -149.137641, 60.921504 ], [ -149.130426, 60.918584 ], [ -149.114586, 60.916594 ], [ -149.098944499999988, 60.9137015 ], [ -149.095216, 60.913012 ], [ -149.087253, 60.909257 ], [ -149.077865, 60.903941 ], [ -149.065862, 60.893826 ], [ -149.06194, 60.891514 ], [ -149.052909, 60.887929 ], [ -149.046253, 60.88365 ], [ -149.041025, 60.876479 ], [ -149.031619, 60.86671 ], [ -149.019277, 60.859644 ], [ -149.008462, 60.854782 ], [ -149.00359, 60.847373 ], [ -148.99741, 60.839672 ], [ -149.004897, 60.83168 ], [ -149.012859, 60.835445 ], [ -149.022723, 60.839615 ], [ -149.030685, 60.844305 ], [ -149.033656, 60.845926 ], [ -149.034079099999985, 60.8459526 ], [ -149.034048, 60.819648 ], [ -149.037839, 60.819648 ], [ -149.037741, 60.732987 ], [ -148.836158, 60.733007 ], [ -148.835205, 60.733044 ], [ -148.745618, 60.733007 ], [ -148.745701, 60.761897 ], [ -148.745824, 60.805222 ], [ -148.745865, 60.819664 ], [ -148.738281, 60.819662 ], [ -148.738363, 60.848546 ], [ -148.472065, 60.84852 ], [ -148.472079, 60.991998 ], [ -148.472097, 61.070766 ], [ -148.472099, 61.079632 ], [ -148.472123, 61.166295 ], [ -148.462403, 61.166295 ], [ -148.462471, 61.426267 ], [ -148.483047, 61.426269 ], [ -149.180062, 61.42625 ], [ -149.180041, 61.45514 ], [ -149.240395, 61.455142 ], [ -149.240427, 61.468753 ], [ -149.240446, 61.479544 ], [ -149.240449, 61.484025 ], [ -149.24984, 61.484027 ], [ -149.313292599999983, 61.484029 ], [ -149.309684, 61.483178 ], [ -149.284115, 61.480141 ], [ -149.28273, 61.474674 ], [ -149.317342, 61.467331 ], [ -149.356008, 61.468917 ], [ -149.381931, 61.466899 ], [ -149.403625799999986, 61.4608718 ], [ -149.415219, 61.457651 ], [ -149.423946, 61.448138 ], [ -149.431037, 61.447207 ], [ -149.437244, 61.441055 ], [ -149.447313, 61.4374889 ], [ -149.463737, 61.431672 ], [ -149.480134, 61.427328 ], [ -149.493704, 61.426871 ], [ -149.4966029, 61.4262756 ], [ -149.501261, 61.425319 ], [ -149.516439, 61.419216 ], [ -149.518681, 61.416037 ], [ -149.516658, 61.414058 ], [ -149.524664, 61.408281 ], [ -149.527799, 61.402828 ], [ -149.530499, 61.402101 ], [ -149.537822, 61.404621 ], [ -149.555363, 61.40958 ], [ -149.5619, 61.410092 ], [ -149.56881, 61.4092772 ], [ -149.570508, 61.409077 ], [ -149.575804, 61.407703 ], [ -149.582282, 61.404663 ], [ -149.603256, 61.39809 ], [ -149.612407, 61.394619 ], [ -149.624099, 61.390573 ], [ -149.636963, 61.387218 ], [ -149.641456, 61.386947 ], [ -149.668336, 61.388405 ], [ -149.679995, 61.385056 ], [ -149.697001, 61.382973 ], [ -149.702386, 61.382096 ], [ -149.72037, 61.371832 ], [ -149.715678, 61.36741 ], [ -149.713777, 61.364506 ], [ -149.712945, 61.360519 ], [ -149.713064, 61.355335 ], [ -149.713896, 61.349581 ], [ -149.716273, 61.343142 ], [ -149.716986, 61.337955 ], [ -149.716986, 61.336929 ], [ -149.720194, 61.334193 ], [ -149.724948, 61.331855 ], [ -149.730652, 61.330031 ], [ -149.737783, 61.328434 ], [ -149.74111, 61.327978 ], [ -149.747646, 61.32775 ], [ -149.756203, 61.327351 ], [ -149.763452, 61.327579 ], [ -149.769275, 61.327579 ], [ -149.77498, 61.327465 ], [ -149.779142899999982, 61.3269649 ], [ -149.779733, 61.326894 ], [ -149.786269, 61.323816 ], [ -149.795777, 61.320451 ], [ -149.808968, 61.31623 ], [ -149.81182, 61.315203 ], [ -149.825141, 61.30291 ], [ -149.829289, 61.300997 ], [ -149.832973, 61.296431 ], [ -149.834994, 61.293006 ], [ -149.84639, 61.282585 ], [ -149.853414, 61.273878 ], [ -149.857686, 61.270106 ], [ -149.863753, 61.266966 ], [ -149.872191, 61.262681 ], [ -149.878251, 61.259195 ], [ -149.879568, 61.257826 ], [ -149.880628, 61.256224 ], [ -149.880866, 61.254395 ], [ -149.88253, 61.251537 ], [ -149.8862083, 61.246645 ], [ -149.88657, 61.246164 ], [ -149.885976, 61.244048 ], [ -149.891918, 61.2353 ], [ -149.90095, 61.228894 ], [ -149.907367, 61.225634 ], [ -149.90404, 61.22306 ], [ -149.902376, 61.2214 ], [ -149.9041025, 61.220463 ], [ -149.908912, 61.217853 ], [ -149.915497, 61.2144383 ], [ -149.922816, 61.210643 ], [ -149.924005, 61.209269 ], [ -149.924891699999989, 61.2087413 ], [ -149.92539309999998, 61.208443 ], [ -149.928045, 61.206865 ], [ -149.930541, 61.20635 ], [ -149.9324279, 61.2061738 ], [ -149.934225, 61.206006 ], [ -149.936961, 61.205785 ], [ -149.944208, 61.204404 ], [ -149.953952, 61.20177 ], [ -149.963685, 61.2004914 ], [ -149.968332, 61.199881 ], [ -149.97059, 61.199194 ], [ -149.975462, 61.199366 ], [ -149.984375, 61.198793 ], [ -149.991981, 61.199595 ], [ -150.009941, 61.203637 ], [ -150.016106, 61.20406 ], [ -150.019552, 61.203717 ], [ -150.022761, 61.201999 ], [ -150.024391, 61.200708 ], [ -150.02585, 61.198851 ], [ -150.026801, 61.195644 ], [ -150.02799, 61.190949 ], [ -150.029178, 61.186252 ], [ -150.029891, 61.182644 ], [ -150.033456, 61.179779 ], [ -150.040111, 61.177545 ], [ -150.049881, 61.173548 ], [ -150.066494, 61.165683 ], [ -150.069108, 61.163735 ], [ -150.07348, 61.158341 ], [ -150.074575, 61.156282 ] ] ], [ [ [ -150.281795, 61.124699 ], [ -150.276376, 61.123671 ], [ -150.266118, 61.123952 ], [ -150.253731, 61.124045 ], [ -150.239022, 61.123017 ], [ -150.235152, 61.123765 ], [ -150.225281, 61.126849 ], [ -150.211153, 61.132175 ], [ -150.196831, 61.138435 ], [ -150.181541, 61.146095 ], [ -150.168767, 61.154126 ], [ -150.163929, 61.158701 ], [ -150.159864, 61.162809 ], [ -150.15909, 61.167102 ], [ -150.158897, 61.171582 ], [ -150.160639, 61.173542 ], [ -150.166058, 61.174475 ], [ -150.169929, 61.175781 ], [ -150.17709, 61.175128 ], [ -150.213862, 61.171302 ], [ -150.226055, 61.168129 ], [ -150.228184, 61.165142 ], [ -150.232055, 61.158794 ], [ -150.234764, 61.150484 ], [ -150.239603, 61.142452 ], [ -150.243087, 61.137408 ], [ -150.249086, 61.133016 ], [ -150.256828, 61.129559 ], [ -150.266312, 61.127877 ], [ -150.275214, 61.12741 ], [ -150.280827, 61.12797 ], [ -150.285859, 61.127036 ], [ -150.281795, 61.124699 ] ] ] ] } },
{ "type": "Feature", "properties": { "GEOID": "0236400", "NAME": "Juneau city and borough, Alaska", "population": 31609.0 }, "geometry": { "type": "MultiPolygon", "coordinates": [ [ [ [ -134.1106524, 58.099835 ], [ -134.106440599999985, 58.096118 ], [ -134.106343, 58.096946 ], [ -134.106343, 58.098579 ], [ -134.108482, 58.099835 ], [ -134.1106524, 58.099835 ] ] ], [ [ [ -134.668449, 58.331271 ], [ -134.665487, 58.331009 ], [ -134.663555, 58.332944 ], [ -134.661437, 58.333425 ], [ -134.659902, 58.332608 ], [ -134.656679, 58.333777 ], [ -134.656534, 58.33649 ], [ -134.655037, 58.339382 ], [ -134.652589, 58.341468 ], [ -134.652872, 58.342314 ], [ -134.652277, 58.343975 ], [ -134.654264, 58.344485 ], [ -134.660195, 58.343435 ], [ -134.663824, 58.342291 ], [ -134.664527, 58.341098 ], [ -134.661953, 58.336217 ], [ -134.663189, 58.334927 ], [ -134.6655345, 58.3348331 ], [ -134.667536, 58.334753 ], [ -134.669316, 58.333266 ], [ -134.668449, 58.331271 ] ] ], [ [ [ -134.706009, 58.353269 ], [ -134.701493, 58.350525 ], [ -134.694838, 58.346908 ], [ -134.692223, 58.347157 ], [ -134.690559, 58.347781 ], [ -134.692936, 58.354391 ], [ -134.694838, 58.35676 ], [ -134.6946, 58.35888 ], [ -134.696264, 58.36262 ], [ -134.699591, 58.362122 ], [ -134.703156, 58.35863 ], [ -134.706009, 58.354765 ], [ -134.706009, 58.353269 ] ] ], [ [ [ -134.74784, 58.338675 ], [ -134.746414, 58.335681 ], [ -134.739521, 58.33069 ], [ -134.733104, 58.329317 ], [ -134.73144, 58.331688 ], [ -134.735006, 58.333185 ], [ -134.737145, 58.336429 ], [ -134.740472, 58.338675 ], [ -134.747603, 58.341544 ], [ -134.74784, 58.338675 ] ] ], [ [ [ -134.776294, 58.1013 ], [ -134.776890399999985, 58.0991445 ], [ -134.775766, 58.100828 ], [ -134.767685, 58.101205 ], [ -134.763882, 58.100075 ], [ -134.764358, 58.097311 ], [ -134.766972, 58.093166 ], [ -134.770315, 58.087071 ], [ -134.770582099999984, 58.08559349999998 ], [ -134.764356, 58.080734 ], [ -134.76325, 58.079146 ], [ -134.757232, 58.07761 ], [ -134.747831, 58.071624 ], [ -134.745731, 58.069154 ], [ -134.739803, 58.067586 ], [ -134.738366, 58.064105 ], [ -134.736017, 58.063307 ], [ -134.731853, 58.061128 ], [ -134.725767, 58.058687 ], [ -134.723416, 58.057129 ], [ -134.721452, 58.054047 ], [ -134.717464, 58.049345 ], [ -134.712889, 58.04918 ], [ -134.707527, 58.045005 ], [ -134.704639, 58.042182 ], [ -134.703439, 58.039298 ], [ -134.701366, 58.038224 ], [ -134.699498, 58.034494 ], [ -134.697766, 58.032036 ], [ -134.691046, 58.031717 ], [ -134.68643, 58.033211 ], [ -134.682208, 58.033959 ], [ -134.678847, 58.033889 ], [ -134.676528, 58.032337 ], [ -134.67543, 58.029471 ], [ -134.673117, 58.029599 ], [ -134.666032, 58.032399 ], [ -134.661321, 58.036778 ], [ -134.657453, 58.037756 ], [ -134.65318, 58.040482 ], [ -134.649648, 58.04554 ], [ -134.637327, 58.05657 ], [ -134.628462, 58.060992 ], [ -134.615476, 58.061231 ], [ -134.608238, 58.060089 ], [ -134.597335, 58.059244 ], [ -134.588093, 58.059695 ], [ -134.581567, 58.055543 ], [ -134.577773, 58.054116 ], [ -134.568015, 58.055154 ], [ -134.559616, 58.055148 ], [ -134.556973, 58.055592 ], [ -134.555032, 58.056765 ], [ -134.552997, 58.059954 ], [ -134.551336, 58.063912 ], [ -134.551336, 58.066516 ], [ -134.553139, 58.067921 ], [ -134.555602, 58.068008 ], [ -134.560217, 58.069368 ], [ -134.563401, 58.073254 ], [ -134.565959, 58.077438 ], [ -134.56728, 58.078576 ], [ -134.562875, 58.080873 ], [ -134.560167, 58.081821 ], [ -134.555198, 58.082361 ], [ -134.552194, 58.083114 ], [ -134.54769, 58.085331 ], [ -134.544355, 58.088849 ], [ -134.544181, 58.093051 ], [ -134.541523, 58.096341 ], [ -134.539826, 58.09774 ], [ -134.538413, 58.098172 ], [ -134.532553, 58.097441 ], [ -134.529236, 58.097501 ], [ -134.52771, 58.097135 ], [ -134.524287, 58.094831 ], [ -134.521434, 58.093822 ], [ -134.513041, 58.092842 ], [ -134.510551, 58.092777 ], [ -134.508567, 58.093574 ], [ -134.502944, 58.093706 ], [ -134.489326, 58.095222 ], [ -134.483409, 58.095134 ], [ -134.477558, 58.094159 ], [ -134.474521, 58.094068 ], [ -134.471982, 58.094322 ], [ -134.463539, 58.097678 ], [ -134.45894, 58.098269 ], [ -134.45424, 58.097809 ], [ -134.447593, 58.0983 ], [ -134.441848, 58.099463 ], [ -134.43641, 58.101383 ], [ -134.427727, 58.10481 ], [ -134.422567, 58.107571 ], [ -134.421467, 58.108648 ], [ -134.420573, 58.112333 ], [ -134.417764, 58.114875 ], [ -134.179866, 58.1601752 ], [ -134.181505099999981, 58.1604275 ], [ -134.181567, 58.160437 ], [ -134.188222, 58.160186 ], [ -134.193926, 58.160813 ], [ -134.198442, 58.161941 ], [ -134.201294, 58.163696 ], [ -134.202483, 58.165577 ], [ -134.205097, 58.166705 ], [ -134.209851, 58.165828 ], [ -134.213891, 58.163947 ], [ -134.219833, 58.160687 ], [ -134.227914, 58.159684 ], [ -134.23148, 58.157553 ], [ -134.236946, 58.157553 ], [ -134.243839, 58.157051 ], [ -134.250969, 58.15843 ], [ -134.257624, 58.157803 ], [ -134.265706, 58.157929 ], [ -134.27141, 58.154543 ], [ -134.274024, 58.152536 ], [ -134.275926, 58.149526 ], [ -134.280442, 58.149652 ], [ -134.282343, 58.151031 ], [ -134.287334, 58.151784 ], [ -134.29494, 58.153289 ], [ -134.302308, 58.152787 ], [ -134.308726, 58.151784 ], [ -134.312291, 58.148272 ], [ -134.315143, 58.147018 ], [ -134.320372, 58.144007 ], [ -134.329641, 58.143129 ], [ -134.333682, 58.142753 ], [ -134.336059, 58.145136 ], [ -134.339624, 58.145889 ], [ -134.343902, 58.148021 ], [ -134.350557, 58.148899 ], [ -134.354122, 58.150655 ], [ -134.358876, 58.15053 ], [ -134.361966, 58.148774 ], [ -134.364818, 58.148648 ], [ -134.369572, 58.14915 ], [ -134.37385, 58.150781 ], [ -134.378366, 58.153414 ], [ -134.382882, 58.156048 ], [ -134.387873, 58.158681 ], [ -134.398093, 58.162317 ], [ -134.404273, 58.164825 ], [ -134.415681, 58.168711 ], [ -134.420435, 58.169965 ], [ -134.426377, 58.169965 ], [ -134.435171, 58.169839 ], [ -134.43636, 58.170967 ], [ -134.439449, 58.172221 ], [ -134.445391, 58.17385 ], [ -134.451096, 58.174101 ], [ -134.458464, 58.173224 ], [ -134.464406, 58.1736 ], [ -134.470348, 58.172848 ], [ -134.474864, 58.171218 ], [ -134.486035, 58.171845 ], [ -134.490551, 58.171594 ], [ -134.500771, 58.172346 ], [ -134.506237, 58.17385 ], [ -134.511229, 58.175354 ], [ -134.516458, 58.175605 ], [ -134.522162, 58.177109 ], [ -134.526916, 58.179365 ], [ -134.531194, 58.180618 ], [ -134.536423, 58.182623 ], [ -134.543553, 58.186257 ], [ -134.548544, 58.189765 ], [ -134.552585, 58.190517 ], [ -134.555675, 58.191519 ], [ -134.556388, 58.194275 ], [ -134.558765, 58.195402 ], [ -134.561617, 58.194275 ], [ -134.56542, 58.1944 ], [ -134.570886, 58.190892 ], [ -134.568272, 58.189514 ], [ -134.568272, 58.188512 ], [ -134.568985, 58.186633 ], [ -134.566846, 58.18538 ], [ -134.565657, 58.183625 ], [ -134.565657, 58.17924 ], [ -134.568747, 58.177485 ], [ -134.574451, 58.175856 ], [ -134.578967, 58.17573 ], [ -134.580869, 58.177485 ], [ -134.583246, 58.179114 ], [ -134.583959, 58.182122 ], [ -134.586098, 58.183751 ], [ -134.591327, 58.184628 ], [ -134.594892, 58.182247 ], [ -134.592753, 58.180117 ], [ -134.587524, 58.178989 ], [ -134.585147, 58.177234 ], [ -134.585385, 58.17573 ], [ -134.590614, 58.173098 ], [ -134.597031, 58.173349 ], [ -134.603211, 58.173976 ], [ -134.610816, 58.1736 ], [ -134.609866, 58.171343 ], [ -134.61153, 58.169965 ], [ -134.618422, 58.16846 ], [ -134.621274, 58.166831 ], [ -134.628167, 58.165201 ], [ -134.636724, 58.163195 ], [ -134.646944, 58.161941 ], [ -134.654074, 58.162192 ], [ -134.659065, 58.162192 ], [ -134.661918, 58.160813 ], [ -134.666671, 58.160437 ], [ -134.673564, 58.160562 ], [ -134.679031, 58.160687 ], [ -134.686399, 58.158556 ], [ -134.690677, 58.158932 ], [ -134.695906, 58.160938 ], [ -134.698045, 58.16307 ], [ -134.702799, 58.16658 ], [ -134.703274, 58.168711 ], [ -134.700659, 58.170717 ], [ -134.697332, 58.172973 ], [ -134.69852, 58.17761 ], [ -134.700422, 58.180493 ], [ -134.701848, 58.182999 ], [ -134.701372, 58.186382 ], [ -134.70161, 58.187384 ], [ -134.704938, 58.188888 ], [ -134.708978, 58.191769 ], [ -134.711593, 58.195653 ], [ -134.712543, 58.198659 ], [ -134.711355, 58.200287 ], [ -134.709216, 58.202541 ], [ -134.709691, 58.206549 ], [ -134.708978, 58.208928 ], [ -134.709454, 58.211557 ], [ -134.711355, 58.218067 ], [ -134.709216, 58.222699 ], [ -134.708978, 58.225578 ], [ -134.708741, 58.228206 ], [ -134.7095746, 58.2286259 ], [ -134.740305, 58.19177 ], [ -134.742951, 58.189098 ], [ -134.747199, 58.188407 ], [ -134.746595, 58.187398 ], [ -134.750152, 58.187789 ], [ -134.750573, 58.186455 ], [ -134.755431, 58.186801 ], [ -134.754638, 58.184565 ], [ -134.755106, 58.183076 ], [ -134.75411, 58.179971 ], [ -134.755667, 58.177544 ], [ -134.755289, 58.175112 ], [ -134.758337, 58.174847 ], [ -134.759725, 58.172951 ], [ -134.761226, 58.169238 ], [ -134.762526, 58.170173 ], [ -134.769047, 58.16821 ], [ -134.770653, 58.168543 ], [ -134.772728, 58.166496 ], [ -134.770759, 58.159501 ], [ -134.772507, 58.15738 ], [ -134.770922, 58.152452 ], [ -134.773076, 58.150231 ], [ -134.772465, 58.147935 ], [ -134.77054, 58.145826 ], [ -134.770413, 58.144114 ], [ -134.768441, 58.139824 ], [ -134.770853, 58.138611 ], [ -134.770556, 58.136083 ], [ -134.772934, 58.136205 ], [ -134.770788, 58.133057 ], [ -134.772279, 58.130018 ], [ -134.770108, 58.126042 ], [ -134.769438, 58.122903 ], [ -134.771206, 58.121161 ], [ -134.77021, 58.116869 ], [ -134.770657, 58.114882 ], [ -134.772282, 58.112742 ], [ -134.774397, 58.111769 ], [ -134.774133, 58.109048 ], [ -134.77641, 58.108194 ], [ -134.775944, 58.105498 ], [ -134.777264, 58.102543 ], [ -134.776294, 58.1013 ] ] ], [ [ [ -134.921745, 58.474776 ], [ -134.9216, 58.471249 ], [ -134.917207, 58.467323 ], [ -134.916575, 58.464838 ], [ -134.912785, 58.461869 ], [ -134.912684, 58.459263 ], [ -134.903721, 58.453806 ], [ -134.899051, 58.453777 ], [ -134.895244, 58.452401 ], [ -134.896261, 58.44713 ], [ -134.893819, 58.442758 ], [ -134.896471, 58.439414 ], [ -134.895932, 58.436415 ], [ -134.885133, 58.428531 ], [ -134.881852, 58.423913 ], [ -134.880456, 58.417515 ], [ -134.868489, 58.409013 ], [ -134.868499, 58.40669 ], [ -134.858233, 58.396011 ], [ -134.855316, 58.390774 ], [ -134.847235, 58.381181 ], [ -134.842285, 58.376272 ], [ -134.843031, 58.37351 ], [ -134.839539, 58.37115 ], [ -134.833918, 58.372598 ], [ -134.816577, 58.374256 ], [ -134.81144, 58.37291 ], [ -134.80876, 58.374725 ], [ -134.812528, 58.379067 ], [ -134.816619, 58.381418 ], [ -134.825955, 58.394904 ], [ -134.838011, 58.409114 ], [ -134.840857, 58.415473 ], [ -134.846172, 58.422255 ], [ -134.855383, 58.431269 ], [ -134.862031, 58.439992 ], [ -134.872215, 58.444788 ], [ -134.878927, 58.452457 ], [ -134.887461, 58.459655 ], [ -134.890759, 58.460929 ], [ -134.894361, 58.460818 ], [ -134.895763, 58.46247 ], [ -134.898761, 58.473342 ], [ -134.906645, 58.479265 ], [ -134.910423, 58.484209 ], [ -134.9142, 58.486414 ], [ -134.918146, 58.486828 ], [ -134.921218, 58.485469 ], [ -134.919403, 58.483583 ], [ -134.920701, 58.478521 ], [ -134.923802, 58.47732 ], [ -134.921745, 58.474776 ] ] ], [ [ [ -134.935607, 58.576717 ], [ -134.933468, 58.575602 ], [ -134.930616, 58.574982 ], [ -134.923842, 58.570521 ], [ -134.923129, 58.568476 ], [ -134.921822, 58.56643 ], [ -134.919445, 58.564385 ], [ -134.918732, 58.563145 ], [ -134.917068, 58.560046 ], [ -134.912315, 58.557753 ], [ -134.911007, 58.556389 ], [ -134.91077, 58.553909 ], [ -134.908868, 58.551987 ], [ -134.907442, 58.552607 ], [ -134.906967, 58.554901 ], [ -134.904352, 58.555397 ], [ -134.900431, 58.554963 ], [ -134.89639, 58.555025 ], [ -134.895202, 58.556079 ], [ -134.89639, 58.558682 ], [ -134.900074, 58.561224 ], [ -134.90257, 58.564509 ], [ -134.90459, 58.565997 ], [ -134.908393, 58.567298 ], [ -134.91279, 58.56643 ], [ -134.914929, 58.567546 ], [ -134.916712, 58.569901 ], [ -134.92099, 58.57176 ], [ -134.925862, 58.576159 ], [ -134.926575, 58.576841 ], [ -134.930854, 58.577584 ], [ -134.935726, 58.577584 ], [ -134.935607, 58.576717 ] ] ], [ [ [ -134.994908, 58.460912 ], [ -134.99372, 58.458923 ], [ -134.990155, 58.457431 ], [ -134.985163, 58.454571 ], [ -134.982549, 58.453701 ], [ -134.978508, 58.454447 ], [ -134.979459, 58.456685 ], [ -134.978984, 58.458799 ], [ -134.981123, 58.460912 ], [ -134.98445, 58.462777 ], [ -134.990155, 58.464269 ], [ -134.994908, 58.463274 ], [ -134.994908, 58.460912 ] ] ], [ [ [ -135.030558, 58.513264 ], [ -135.025688, 58.505455 ], [ -135.019746, 58.500239 ], [ -135.01523, 58.49701 ], [ -135.012853, 58.492539 ], [ -135.006673, 58.486452 ], [ -134.996929, 58.48024 ], [ -134.985282, 58.477009 ], [ -134.977677, 58.476387 ], [ -134.972685, 58.475145 ], [ -134.967932, 58.473156 ], [ -134.956048, 58.469925 ], [ -134.945114, 58.470298 ], [ -134.93941, 58.471168 ], [ -134.938222, 58.473529 ], [ -134.940123, 58.475766 ], [ -134.943688, 58.479246 ], [ -134.949393, 58.481358 ], [ -134.955335, 58.482725 ], [ -134.962227, 58.482973 ], [ -134.96508, 58.484961 ], [ -134.968882, 58.486825 ], [ -134.970784, 58.491048 ], [ -134.971497, 58.494154 ], [ -134.971735, 58.496265 ], [ -134.968169, 58.498501 ], [ -134.968645, 58.500984 ], [ -134.973161, 58.502475 ], [ -134.977246, 58.502726 ], [ -134.979119, 58.503411 ], [ -134.982675, 58.504053 ], [ -134.990933, 58.503927 ], [ -134.993083, 58.502339 ], [ -134.996239, 58.502473 ], [ -135.003529, 58.504622 ], [ -135.012951, 58.510001 ], [ -135.012732, 58.510907 ], [ -135.01552, 58.514791 ], [ -135.02193, 58.517878 ], [ -135.028197, 58.520177 ], [ -135.029823, 58.519719 ], [ -135.030462, 58.516712 ], [ -135.030558, 58.513264 ] ] ], [ [ [ -135.04383, 58.532896 ], [ -135.042088, 58.529411 ], [ -135.036933, 58.525673 ], [ -135.029785, 58.523162 ], [ -135.027545, 58.524217 ], [ -135.02967, 58.526577 ], [ -135.03354, 58.527145 ], [ -135.038128, 58.530187 ], [ -135.038217, 58.53314 ], [ -135.042202, 58.534044 ], [ -135.043619, 58.533697 ], [ -135.04383, 58.532896 ] ] ], [ [ [ -135.17491, 58.9363 ], [ -135.1711, 58.928458 ], [ -135.167226, 58.925523 ], [ -135.162235, 58.916812 ], [ -135.154867, 58.909203 ], [ -135.155818, 58.906257 ], [ -135.152728, 58.901838 ], [ -135.148212, 58.899383 ], [ -135.148925, 58.897664 ], [ -135.150826, 58.894594 ], [ -135.149638, 58.891893 ], [ -135.142983, 58.882927 ], [ -135.143934, 58.879365 ], [ -135.140606, 58.874083 ], [ -135.142983, 58.869413 ], [ -135.141794, 58.866341 ], [ -135.144647, 58.864621 ], [ -135.147261, 58.859459 ], [ -135.154089, 58.855994 ], [ -135.153521, 58.854063 ], [ -135.149638, 58.850977 ], [ -135.148212, 58.84778 ], [ -135.147974, 58.84446 ], [ -135.137433, 58.829819 ], [ -135.132525, 58.828471 ], [ -135.12587, 58.822319 ], [ -135.120403, 58.820843 ], [ -135.114699, 58.815797 ], [ -135.109708, 58.813459 ], [ -135.108044, 58.810259 ], [ -135.100914, 58.806196 ], [ -135.095209, 58.800903 ], [ -135.092223, 58.795912 ], [ -135.087128, 58.791914 ], [ -135.082612, 58.790928 ], [ -135.080948, 58.789697 ], [ -135.08285, 58.786864 ], [ -135.079285, 58.78514 ], [ -135.07974, 58.782803 ], [ -135.076908, 58.779103 ], [ -135.070015, 58.775654 ], [ -135.067401, 58.769985 ], [ -135.069213, 58.767149 ], [ -135.065737, 58.763084 ], [ -135.060508, 58.760249 ], [ -135.055279, 58.759016 ], [ -135.051238, 58.754332 ], [ -135.051476, 58.752359 ], [ -135.049099, 58.750263 ], [ -135.045534, 58.749893 ], [ -135.040543, 58.743851 ], [ -135.035789, 58.741507 ], [ -135.026271, 58.732883 ], [ -135.023566, 58.732346 ], [ -135.021528, 58.73349 ], [ -135.026995, 58.742741 ], [ -135.033732, 58.749856 ], [ -135.03356, 58.751682 ], [ -135.019944, 58.755032 ], [ -135.01842, 58.756919 ], [ -135.020459, 58.758565 ], [ -135.016982, 58.761221 ], [ -135.025131, 58.768449 ], [ -135.025822, 58.776206 ], [ -135.02462, 58.778868 ], [ -135.027633, 58.781186 ], [ -135.031771, 58.787815 ], [ -135.034012, 58.789806 ], [ -135.030304, 58.791314 ], [ -135.024969, 58.790054 ], [ -135.016888, 58.783896 ], [ -135.008931, 58.778487 ], [ -135.004416, 58.777723 ], [ -135.003146, 58.779216 ], [ -135.006198, 58.783736 ], [ -135.00797, 58.786282 ], [ -135.007262, 58.790704 ], [ -135.003956, 58.792192 ], [ -135.001146, 58.791409 ], [ -134.994908, 58.792529 ], [ -134.99372, 58.794253 ], [ -135.000107, 58.797219 ], [ -135.002008, 58.799804 ], [ -134.999767, 58.802455 ], [ -135.00194, 58.806726 ], [ -135.002525, 58.80956 ], [ -135.000562, 58.811389 ], [ -135.00175, 58.816387 ], [ -134.996152, 58.824003 ], [ -134.994675, 58.82725 ], [ -134.991115, 58.828488 ], [ -134.980828, 58.831358 ], [ -134.97423, 58.831792 ], [ -134.963772, 58.832653 ], [ -134.960682, 58.83007 ], [ -134.961158, 58.827487 ], [ -134.965911, 58.824534 ], [ -134.97114, 58.823057 ], [ -134.976845, 58.819243 ], [ -134.984926, 58.815305 ], [ -134.988016, 58.812843 ], [ -134.989204, 58.808289 ], [ -134.981123, 58.804104 ], [ -134.975181, 58.802996 ], [ -134.971903, 58.799916 ], [ -134.963535, 58.794869 ], [ -134.958781, 58.790805 ], [ -134.954978, 58.788588 ], [ -134.95474, 58.783785 ], [ -134.941668, 58.782922 ], [ -134.935726, 58.781321 ], [ -134.935596, 58.777991 ], [ -134.932161, 58.771957 ], [ -134.934062, 58.764933 ], [ -134.931686, 58.756674 ], [ -134.930022, 58.752729 ], [ -134.933209, 58.749608 ], [ -134.933825, 58.747427 ], [ -134.937558, 58.745349 ], [ -134.938712, 58.741889 ], [ -134.935488, 58.738547 ], [ -134.931448, 58.736574 ], [ -134.929784, 58.733243 ], [ -134.930973, 58.731269 ], [ -134.935251, 58.729542 ], [ -134.944374, 58.724904 ], [ -134.942143, 58.721028 ], [ -134.947671, 58.71501 ], [ -134.945292, 58.701923 ], [ -134.940716, 58.697944 ], [ -134.93739, 58.697203 ], [ -134.928833, 58.688805 ], [ -134.920515, 58.680528 ], [ -134.929309, 58.680281 ], [ -134.936963, 58.681698 ], [ -134.947372, 58.678551 ], [ -134.951175, 58.676821 ], [ -134.954265, 58.677316 ], [ -134.95688, 58.680034 ], [ -134.961396, 58.680652 ], [ -134.965436, 58.679169 ], [ -134.968288, 58.677316 ], [ -134.973042, 58.678057 ], [ -134.975335, 58.680455 ], [ -134.980648, 58.681146 ], [ -134.988717, 58.679319 ], [ -134.990501, 58.676344 ], [ -134.968516, 58.647403 ], [ -134.96092, 58.643444 ], [ -134.962954, 58.640077 ], [ -134.954326, 58.62871 ], [ -134.945233, 58.626496 ], [ -134.944758, 58.622288 ], [ -134.945341, 58.616869 ], [ -134.941722, 58.612099 ], [ -134.935175, 58.607251 ], [ -134.932636, 58.608549 ], [ -134.929309, 58.608549 ], [ -134.926457, 58.607806 ], [ -134.923129, 58.603844 ], [ -134.917425, 58.601244 ], [ -134.916474, 58.598891 ], [ -134.913859, 58.59691 ], [ -134.907918, 58.595671 ], [ -134.906967, 58.593565 ], [ -134.905303, 58.588859 ], [ -134.900312, 58.584027 ], [ -134.893538, 58.576407 ], [ -134.88415, 58.571884 ], [ -134.88106, 58.568166 ], [ -134.876544, 58.563455 ], [ -134.863709, 58.552173 ], [ -134.859906, 58.548701 ], [ -134.858243, 58.545228 ], [ -134.85539, 58.542127 ], [ -134.848022, 58.538778 ], [ -134.83899, 58.536421 ], [ -134.833286, 58.53456 ], [ -134.831147, 58.532947 ], [ -134.828533, 58.528977 ], [ -134.83186, 58.525254 ], [ -134.839941, 58.5188 ], [ -134.84119, 58.513946 ], [ -134.838396, 58.512159 ], [ -134.834356, 58.512283 ], [ -134.82675, 58.513649 ], [ -134.823185, 58.512283 ], [ -134.81748, 58.506572 ], [ -134.807023, 58.503468 ], [ -134.805834, 58.500984 ], [ -134.801081, 58.500115 ], [ -134.79704, 58.500612 ], [ -134.795376, 58.497631 ], [ -134.787295, 58.494775 ], [ -134.790385, 58.492166 ], [ -134.796327, 58.491421 ], [ -134.79086, 58.482352 ], [ -134.787533, 58.479246 ], [ -134.784205, 58.478749 ], [ -134.782304, 58.477382 ], [ -134.78373, 58.472659 ], [ -134.788279, 58.473689 ], [ -134.786788, 58.468684 ], [ -134.779927, 58.459731 ], [ -134.77446, 58.444062 ], [ -134.771133, 58.440828 ], [ -134.771133, 58.437967 ], [ -134.768043, 58.427764 ], [ -134.765904, 58.426893 ], [ -134.760913, 58.429008 ], [ -134.759011, 58.42403 ], [ -134.75806, 58.418803 ], [ -134.75806, 58.416562 ], [ -134.757585, 58.412081 ], [ -134.761626, 58.412205 ], [ -134.762576, 58.415193 ], [ -134.763417, 58.418969 ], [ -134.767568, 58.419923 ], [ -134.770658, 58.417434 ], [ -134.769806, 58.411629 ], [ -134.768094, 58.408587 ], [ -134.760675, 58.406602 ], [ -134.759662, 58.403613 ], [ -134.752849, 58.39865 ], [ -134.748027, 58.39625 ], [ -134.7481039, 58.3961177 ], [ -134.749838, 58.393137 ], [ -134.753897, 58.391896 ], [ -134.759101, 58.392848 ], [ -134.762284, 58.395093 ], [ -134.767751, 58.395715 ], [ -134.770737, 58.394513 ], [ -134.773928, 58.395169 ], [ -134.776932, 58.394485 ], [ -134.774858, 58.391399 ], [ -134.759233, 58.384179 ], [ -134.75371, 58.384597 ], [ -134.749194, 58.384223 ], [ -134.744441, 58.382229 ], [ -134.736493, 58.376213 ], [ -134.730184, 58.374091 ], [ -134.727225, 58.374326 ], [ -134.726445, 58.376528 ], [ -134.723352, 58.378106 ], [ -134.71178, 58.378109 ], [ -134.706246, 58.375335 ], [ -134.704345, 58.376581 ], [ -134.70173, 58.377702 ], [ -134.698403, 58.376332 ], [ -134.696464, 58.37365 ], [ -134.692474, 58.372963 ], [ -134.690322, 58.376581 ], [ -134.688658, 58.381565 ], [ -134.679151, 58.381815 ], [ -134.670119, 58.381316 ], [ -134.664415, 58.381316 ], [ -134.658473, 58.382687 ], [ -134.652055, 58.385926 ], [ -134.645876, 58.385179 ], [ -134.644925, 58.381067 ], [ -134.643933299999986, 58.3790518 ], [ -134.643024, 58.377204 ], [ -134.644687, 58.373714 ], [ -134.643024, 58.370972 ], [ -134.642561, 58.366755 ], [ -134.643042, 58.355655 ], [ -134.643861, 58.350495 ], [ -134.644718, 58.350062 ], [ -134.648321, 58.350957 ], [ -134.650224, 58.350341 ], [ -134.649842, 58.348943 ], [ -134.64404, 58.347494 ], [ -134.638795, 58.342246 ], [ -134.635451, 58.341562 ], [ -134.624813, 58.342863 ], [ -134.613789, 58.342792 ], [ -134.60851169999998, 58.3411056 ], [ -134.608322, 58.341045 ], [ -134.606421, 58.334807 ], [ -134.606464499999987, 58.3343053 ], [ -134.606659, 58.332062 ], [ -134.6038801, 58.3298735 ], [ -134.602856, 58.329067 ], [ -134.603569, 58.325698 ], [ -134.610699, 58.323077 ], [ -134.619731, 58.323326 ], [ -134.628287, 58.322578 ], [ -134.639934, 58.32108 ], [ -134.651342, 58.318708 ], [ -134.657997, 58.315837 ], [ -134.665365, 58.311343 ], [ -134.6709347, 58.3123551 ], [ -134.671545, 58.312466 ], [ -134.673684, 58.307472 ], [ -134.686044, 58.306598 ], [ -134.6895308, 58.3015586 ], [ -134.689846, 58.301103 ], [ -134.68747, 58.297606 ], [ -134.682954, 58.296482 ], [ -134.680339, 58.292609 ], [ -134.675586, 58.288487 ], [ -134.675039, 58.285579 ], [ -134.671307, 58.282614 ], [ -134.670357, 58.279365 ], [ -134.660792, 58.274027 ], [ -134.6562356, 58.2734175 ], [ -134.655858, 58.273367 ], [ -134.6557527, 58.273076499999988 ], [ -134.654907, 58.270742 ], [ -134.6454, 58.261616 ], [ -134.6421245, 58.260342 ], [ -134.639934, 58.25949 ], [ -134.632566, 58.253363 ], [ -134.632251699999983, 58.252867 ], [ -134.630664, 58.250361 ], [ -134.630690099999981, 58.25022 ], [ -134.631203, 58.247446 ], [ -134.6247889, 58.2464 ], [ -134.623771, 58.246234 ], [ -134.617499, 58.243958 ], [ -134.6103028, 58.2421261 ], [ -134.610224, 58.242106 ], [ -134.6100189, 58.2420055 ], [ -134.5958, 58.23504 ], [ -134.590972, 58.233348 ], [ -134.589562, 58.230195 ], [ -134.55105, 58.223823 ], [ -134.543673, 58.223336 ], [ -134.539157, 58.223336 ], [ -134.531908, 58.221804 ], [ -134.524455, 58.219422 ], [ -134.518822400000033, 58.218489899999987 ], [ -134.5151085, 58.2178753 ], [ -134.506876, 58.216513 ], [ -134.504102, 58.217345 ], [ -134.50612, 58.219706 ], [ -134.5060598, 58.2197507 ], [ -134.502079, 58.22271 ], [ -134.495705, 58.221779 ], [ -134.491622, 58.22659 ], [ -134.487343, 58.228968 ], [ -134.482352, 58.229844 ], [ -134.470468, 58.229343 ], [ -134.460248, 58.229594 ], [ -134.457396, 58.227091 ], [ -134.454306, 58.22634 ], [ -134.448126, 58.226966 ], [ -134.4456918, 58.2266669 ], [ -134.440996, 58.22609 ], [ -134.4375344, 58.2246091 ], [ -134.4373454, 58.224528199999988 ], [ -134.437193, 58.224463 ], [ -134.426022, 58.219581 ], [ -134.4243411, 58.2194789 ], [ -134.413663, 58.21883 ], [ -134.4118388, 58.2188819 ], [ -134.404868, 58.21908 ], [ -134.384666, 58.212696 ], [ -134.379708, 58.210165 ], [ -134.373558799999984, 58.2079854 ], [ -134.352398, 58.200485 ], [ -134.3390099, 58.1972112 ], [ -134.338318, 58.197042 ], [ -134.326672, 58.197167 ], [ -134.325032, 58.194952 ], [ -134.322394, 58.194537 ], [ -134.31868, 58.194234 ], [ -134.313124, 58.195413 ], [ -134.301718, 58.194084 ], [ -134.296249, 58.194036 ], [ -134.2949578, 58.1936282 ], [ -134.2942564, 58.1934067 ], [ -134.289286, 58.191837 ], [ -134.279374, 58.191029 ], [ -134.264637, 58.191655 ], [ -134.25822, 58.195163 ], [ -134.255368, 58.197793 ], [ -134.240145, 58.200318599999989 ], [ -134.216864, 58.204181 ], [ -134.203078, 58.206059 ], [ -134.199275, 58.205558 ], [ -134.185015, 58.208438 ], [ -134.180974, 58.207812 ], [ -134.167426, 58.204431 ], [ -134.159821, 58.205684 ], [ -134.154592, 58.20393 ], [ -134.151017, 58.200958 ], [ -134.147461, 58.200674 ], [ -134.146511, 58.206184 ], [ -134.143421, 58.211068 ], [ -134.142232, 58.214573 ], [ -134.141519, 58.219956 ], [ -134.137716, 58.226841 ], [ -134.133676, 58.230094 ], [ -134.131299, 58.232347 ], [ -134.125832, 58.232597 ], [ -134.11989, 58.232222 ], [ -134.103015, 58.235475 ], [ -134.101589, 58.236601 ], [ -134.102302, 58.240855 ], [ -134.101351, 58.244858 ], [ -134.102777, 58.248735 ], [ -134.109195, 58.254488 ], [ -134.125611, 58.264839 ], [ -134.13225, 58.266992 ], [ -134.139142, 58.270992 ], [ -134.142708, 58.270492 ], [ -134.14556, 58.271117 ], [ -134.146273, 58.272617 ], [ -134.145798, 58.277616 ], [ -134.147699, 58.280615 ], [ -134.1496, 58.281865 ], [ -134.14865, 58.283364 ], [ -134.144847, 58.285113 ], [ -134.144847, 58.287862 ], [ -134.143421, 58.29186 ], [ -134.13938, 58.294733 ], [ -134.136053, 58.298355 ], [ -134.13938, 58.299604 ], [ -134.143421, 58.301603 ], [ -134.143658, 58.30385 ], [ -134.141757, 58.305224 ], [ -134.134153, 58.304978 ], [ -134.128922, 58.305599 ], [ -134.111594, 58.310481 ], [ -134.099124, 58.316662 ], [ -134.095172, 58.321704 ], [ -134.090418, 58.323576 ], [ -134.075682, 58.328194 ], [ -134.071879, 58.329566 ], [ -134.061184, 58.330814 ], [ -134.057856, 58.333185 ], [ -134.055955, 58.342043 ], [ -134.05643, 58.347781 ], [ -134.055004, 58.351772 ], [ -134.055717, 58.357134 ], [ -134.054053, 58.361997 ], [ -134.051439, 58.364615 ], [ -134.051914, 58.367981 ], [ -134.049062, 58.372967 ], [ -134.045972, 58.378326 ], [ -134.044071, 58.385303 ], [ -134.041218, 58.387795 ], [ -134.041931, 58.395519 ], [ -134.040505, 58.401995 ], [ -134.032662, 58.404361 ], [ -134.024581, 58.406602 ], [ -134.01341, 58.403987 ], [ -134.015311, 58.402493 ], [ -134.01745, 58.394024 ], [ -134.013885, 58.385553 ], [ -134.010082, 58.375958 ], [ -134.004378, 58.369477 ], [ -134.001051, 58.367731 ], [ -133.999387, 58.364989 ], [ -133.994871, 58.363244 ], [ -133.995346, 58.360251 ], [ -133.997248, 58.357508 ], [ -133.99701, 58.355014 ], [ -133.99392, 58.354141 ], [ -133.992494, 58.352021 ], [ -133.998198, 58.350275 ], [ -134.004378, 58.343665 ], [ -134.003903, 58.341669 ], [ -134.000813, 58.339673 ], [ -133.989642, 58.335182 ], [ -133.983462, 58.331688 ], [ -133.980848, 58.329192 ], [ -133.979184, 58.325323 ], [ -133.97657, 58.323701 ], [ -133.972291, 58.321704 ], [ -133.966825, 58.317834 ], [ -133.972291, 58.315088 ], [ -133.97657, 58.312841 ], [ -133.98061, 58.312716 ], [ -133.987503, 58.310469 ], [ -133.988929, 58.307846 ], [ -133.989404, 58.304725 ], [ -133.99083, 58.300853 ], [ -133.995346, 58.29848 ], [ -134.00319, 58.295233 ], [ -134.00414, 58.293234 ], [ -134.007468, 58.292235 ], [ -134.011746, 58.293609 ], [ -134.020778, 58.292609 ], [ -134.027433, 58.290361 ], [ -134.035752, 58.288362 ], [ -134.05643, 58.283864 ], [ -134.060708, 58.282489 ], [ -134.066175, 58.282614 ], [ -134.073781, 58.282614 ], [ -134.078534, 58.28149 ], [ -134.081149, 58.27974 ], [ -134.079485, 58.277741 ], [ -134.073068, 58.274116 ], [ -134.068076, 58.268617 ], [ -134.062134, 58.264741 ], [ -134.058807, 58.262616 ], [ -134.058094, 58.25874 ], [ -134.056668, 58.254363 ], [ -134.057381, 58.249236 ], [ -134.055479, 58.243357 ], [ -134.054291, 58.238478 ], [ -134.057381, 58.234224 ], [ -134.054291, 58.231221 ], [ -134.055955, 58.225714 ], [ -134.059757, 58.223712 ], [ -134.064036, 58.223086 ], [ -134.06974, 58.219581 ], [ -134.074731, 58.216076 ], [ -134.081149, 58.215575 ], [ -134.085427, 58.213572 ], [ -134.081624, 58.208814 ], [ -134.07996, 58.20368 ], [ -134.081624, 58.198169 ], [ -134.08305, 58.194537 ], [ -134.082337, 58.19128 ], [ -134.086615, 58.189776 ], [ -134.088517, 58.186895 ], [ -134.087674, 58.181952 ], [ -134.086378, 58.171355 ], [ -134.079723, 58.167594 ], [ -134.077583, 58.165087 ], [ -134.079485, 58.159319 ], [ -134.078296, 58.150792 ], [ -134.07592, 58.143391 ], [ -134.071166, 58.13762 ], [ -134.064273, 58.134985 ], [ -134.064273, 58.132225 ], [ -134.06665, 58.129966 ], [ -134.071404, 58.129841 ], [ -134.07592, 58.130342 ], [ -134.079247, 58.12959 ], [ -134.082575, 58.125448 ], [ -134.081862, 58.121055 ], [ -134.074969, 58.116912 ], [ -134.070691, 58.116787 ], [ -134.068789, 58.115155 ], [ -134.068789, 58.110886 ], [ -134.06974, 58.107998 ], [ -134.070691, 58.102347 ], [ -134.068789, 58.096192 ], [ -134.064749, 58.091293 ], [ -134.060233, 58.084885 ], [ -134.056905, 58.081744 ], [ -134.05643, 58.078477 ], [ -134.052152, 58.072821 ], [ -134.053578, 58.06729 ], [ -134.052627, 58.061758 ], [ -134.046685, 58.061506 ], [ -134.041456, 58.062009 ], [ -134.035514, 58.060878 ], [ -134.028621, 58.059243 ], [ -134.027908, 58.055848 ], [ -134.024819, 58.05283 ], [ -134.019827, 58.053207 ], [ -134.016737, 58.049811 ], [ -134.016024, 58.04478 ], [ -134.013172, 58.042264 ], [ -134.007943, 58.039873 ], [ -134.002714, 58.034337 ], [ -133.997248, 58.033834 ], [ -133.988691, 58.030562 ], [ -133.98988, 58.027164 ], [ -133.982274, 58.021374 ], [ -133.97657, 58.016213 ], [ -133.968251, 58.016339 ], [ -133.962309, 58.011555 ], [ -133.956002, 58.00446 ], [ -133.94781, 57.99871 ], [ -133.943294, 57.99682 ], [ -133.926894, 57.9846 ], [ -133.909306, 57.976913 ], [ -133.897422, 57.97414 ], [ -133.887677, 57.97351 ], [ -133.881498, 57.976409 ], [ -133.876269, 57.980567 ], [ -133.86795, 57.984474 ], [ -133.855828, 57.989136 ], [ -133.850837, 57.991278 ], [ -133.847747, 57.989892 ], [ -133.845846, 57.987624 ], [ -133.839191, 57.990396 ], [ -133.834675, 57.992915 ], [ -133.828257, 57.995687 ], [ -133.806153, 58.001229 ], [ -133.797121, 58.003748 ], [ -133.785475, 58.009918 ], [ -133.786901, 58.011429 ], [ -133.791655, 58.013443 ], [ -133.802113, 58.019486 ], [ -133.807579, 58.023137 ], [ -133.809243, 58.026913 ], [ -133.806629, 58.028297 ], [ -133.80544, 58.032198 ], [ -133.804965, 58.038615 ], [ -133.808055, 58.042893 ], [ -133.810431, 58.045409 ], [ -133.806866, 58.047044 ], [ -133.802588, 58.046038 ], [ -133.795458, 58.047673 ], [ -133.772878, 58.056225 ], [ -133.769313, 58.056854 ], [ -133.767174, 58.054213 ], [ -133.762182, 58.05132 ], [ -133.760281, 58.046918 ], [ -133.758142, 58.042138 ], [ -133.759568, 58.03786 ], [ -133.760089, 58.028817 ], [ -133.756953, 58.026535 ], [ -133.75529, 58.024018 ], [ -133.749585, 58.022256 ], [ -133.74602, 58.021878 ], [ -133.738414, 58.019738 ], [ -133.734612, 58.016717 ], [ -133.730096, 58.014577 ], [ -133.728194, 58.011933 ], [ -133.723916, 58.004125 ], [ -133.718449, 58.000095 ], [ -133.714646, 57.998458 ], [ -133.712745, 57.995561 ], [ -133.701574, 57.984222 ], [ -133.703713, 57.981324 ], [ -133.706637, 57.977732 ], [ -133.704664, 57.974518 ], [ -133.702763, 57.970737 ], [ -133.69991, 57.969098 ], [ -133.700386, 57.965946 ], [ -133.695632, 57.962164 ], [ -133.691116, 57.958129 ], [ -133.691829, 57.955229 ], [ -133.692067, 57.949806 ], [ -133.691592, 57.946778 ], [ -133.696821, 57.944003 ], [ -133.704426, 57.944382 ], [ -133.711794, 57.945517 ], [ -133.716786, 57.948544 ], [ -133.721539, 57.94867 ], [ -133.725817, 57.949049 ], [ -133.730333, 57.952454 ], [ -133.733423, 57.955607 ], [ -133.737939, 57.963929 ], [ -133.740791, 57.965442 ], [ -133.746733, 57.967585 ], [ -133.747922, 57.970232 ], [ -133.747446, 57.977291 ], [ -133.750344, 57.982237 ], [ -133.754101, 57.984096 ], [ -133.753445, 57.987528 ], [ -133.755283, 57.990665 ], [ -133.758617, 57.992033 ], [ -133.760519, 57.995687 ], [ -133.76551, 57.995435 ], [ -133.773116, 57.991907 ], [ -133.783574, 57.986868 ], [ -133.79926, 57.980693 ], [ -133.808768, 57.978929 ], [ -133.820414, 57.973636 ], [ -133.830397, 57.96935 ], [ -133.832899, 57.967542 ], [ -133.832773, 57.963677 ], [ -133.831823, 57.960903 ], [ -133.838478, 57.958507 ], [ -133.849411, 57.955607 ], [ -133.853098, 57.952495 ], [ -133.852976, 57.947157 ], [ -133.848223, 57.945391 ], [ -133.846083, 57.94312 ], [ -133.850362, 57.941985 ], [ -133.850852, 57.939333 ], [ -133.849173, 57.933784 ], [ -133.842518, 57.930503 ], [ -133.828495, 57.919522 ], [ -133.828733, 57.91725 ], [ -133.826118, 57.912579 ], [ -133.820176, 57.908538 ], [ -133.813997, 57.906897 ], [ -133.806866, 57.901087 ], [ -133.806218, 57.897275 ], [ -133.800924, 57.893003 ], [ -133.796408, 57.891361 ], [ -133.793318, 57.887318 ], [ -133.793212, 57.884505 ], [ -133.791179, 57.882264 ], [ -133.782148, 57.879231 ], [ -133.779295, 57.876071 ], [ -133.776681, 57.867729 ], [ -133.771214, 57.85989 ], [ -133.767411, 57.856982 ], [ -133.760756, 57.856476 ], [ -133.759093, 57.855338 ], [ -133.758855, 57.853441 ], [ -133.757191, 57.849267 ], [ -133.752438, 57.844334 ], [ -133.745069, 57.841551 ], [ -133.744119, 57.835731 ], [ -133.746733, 57.834086 ], [ -133.746005, 57.830548 ], [ -133.740616, 57.825023 ], [ -133.736513, 57.823329 ], [ -133.732235, 57.815734 ], [ -133.725104, 57.804845 ], [ -133.719162, 57.800033 ], [ -133.711081, 57.795346 ], [ -133.703476, 57.792939 ], [ -133.700482, 57.7921885 ], [ -133.626903199999987, 57.8427282 ], [ -133.628131, 57.845473 ], [ -133.635024, 57.851291 ], [ -133.642867, 57.855717 ], [ -133.645957, 57.860143 ], [ -133.64976, 57.864821 ], [ -133.650711, 57.870131 ], [ -133.652612, 57.873291 ], [ -133.651132, 57.87695 ], [ -133.651661, 57.880115 ], [ -133.647858, 57.885044 ], [ -133.644293, 57.886434 ], [ -133.635499, 57.874049 ], [ -133.627656, 57.868361 ], [ -133.61971, 57.863952 ], [ -133.615059, 57.860396 ], [ -133.607928, 57.859132 ], [ -133.603588, 57.860466 ], [ -133.600323, 57.864315 ], [ -133.600367, 57.866717 ], [ -133.60365, 57.870257 ], [ -133.603888, 57.874175 ], [ -133.605551, 57.87961 ], [ -133.604125, 57.888076 ], [ -133.600323, 57.897172 ], [ -133.601986, 57.900835 ], [ -133.605076, 57.909548 ], [ -133.602224, 57.913715 ], [ -133.596995, 57.91927 ], [ -133.59034, 57.92495 ], [ -133.588439, 57.926717 ], [ -133.58321, 57.926969 ], [ -133.575366, 57.916997 ], [ -133.58012, 57.912326 ], [ -133.580357, 57.907402 ], [ -133.577268, 57.899824 ], [ -133.571563, 57.889719 ], [ -133.570375, 57.884286 ], [ -133.570890599999984, 57.8812008 ], [ -133.176866, 58.1505071 ], [ -133.176937, 58.150567 ], [ -133.172311, 58.153676 ], [ -133.218729, 58.188574 ], [ -133.26998, 58.227105 ], [ -133.345432, 58.276332 ], [ -133.3656, 58.295687 ], [ -133.434667, 58.361969 ], [ -133.461504, 58.387723 ], [ -133.377303, 58.430548 ], [ -133.503449, 58.495251 ], [ -133.557805, 58.523131 ], [ -133.649712, 58.578055 ], [ -133.699498, 58.607738 ], [ -133.707118, 58.612274 ], [ -133.746546, 58.646908 ], [ -133.840507, 58.729444 ], [ -133.972218, 58.767272 ], [ -134.258074, 58.861036 ], [ -134.2674782, 58.8685193 ], [ -134.336464, 58.923414 ], [ -134.314321, 58.960778 ], [ -134.3137386, 58.9622004 ], [ -134.485577, 58.963904 ], [ -135.174277499999988, 58.9708872 ], [ -135.174947, 58.964271 ], [ -135.173881, 58.957773 ], [ -135.17293, 58.953115 ], [ -135.176694, 58.947008 ], [ -135.17491, 58.9363 ] ] ] ] } },
{ "type": "Feature", "properties": { "GEOID": "0224230", "NAME": "Fairbanks city, Alaska", "population": 31468.0 }, "geometry": { "type": "Polygon", "coordinates": [ [ [ -147.821049, 64.834624 ], [ -147.814307, 64.834628 ], [ -147.814312, 64.833985 ], [ -147.812538, 64.833984 ], [ -147.812542, 64.831001 ], [ -147.795566, 64.830999 ], [ -147.79555, 64.827389 ], [ -147.778513, 64.827382 ], [ -147.778385, 64.820981 ], [ -147.778736, 64.820915 ], [ -147.778479, 64.812967 ], [ -147.763653, 64.812956 ], [ -147.763632, 64.812253 ], [ -147.75861, 64.811685 ], [ -147.758608, 64.812977 ], [ -147.744615, 64.812979 ], [ -147.744594, 64.81147 ], [ -147.740857, 64.811243 ], [ -147.738703, 64.812955 ], [ -147.710765, 64.812966 ], [ -147.710737, 64.805801 ], [ -147.693655, 64.805769 ], [ -147.693865, 64.816552 ], [ -147.676889, 64.816555 ], [ -147.6747, 64.815661 ], [ -147.670274, 64.816557 ], [ -147.668314, 64.814756 ], [ -147.668114, 64.793604 ], [ -147.662579, 64.795027 ], [ -147.656975, 64.795964 ], [ -147.649491, 64.794882 ], [ -147.647566, 64.793738 ], [ -147.647999, 64.791236 ], [ -147.639491, 64.789333 ], [ -147.635412, 64.789219 ], [ -147.625928, 64.787457 ], [ -147.620395, 64.787395 ], [ -147.618482, 64.78676 ], [ -147.613095, 64.782717 ], [ -147.607349, 64.779867 ], [ -147.596893, 64.77987 ], [ -147.587698, 64.781678 ], [ -147.582759, 64.781074 ], [ -147.579984, 64.779668 ], [ -147.577827, 64.779636 ], [ -147.577228, 64.779639 ], [ -147.577362, 64.805734 ], [ -147.577401, 64.809205 ], [ -147.572391, 64.810884 ], [ -147.568793, 64.816493 ], [ -147.56893, 64.820149 ], [ -147.566431, 64.820233 ], [ -147.565328, 64.82225 ], [ -147.559161, 64.820891 ], [ -147.554529, 64.82035 ], [ -147.554095, 64.820324 ], [ -147.54353, 64.82021 ], [ -147.543472, 64.829073 ], [ -147.543443, 64.830282 ], [ -147.543724, 64.834612 ], [ -147.560552, 64.834608 ], [ -147.560619, 64.849038 ], [ -147.535177, 64.849038 ], [ -147.535186, 64.852314 ], [ -147.526704, 64.852646 ], [ -147.526739, 64.860802 ], [ -147.526744, 64.863473 ], [ -147.524175, 64.863475 ], [ -147.524124, 64.877925 ], [ -147.575145, 64.877906 ], [ -147.575107, 64.870688 ], [ -147.637347, 64.870688 ], [ -147.642952, 64.870687 ], [ -147.64297, 64.874287 ], [ -147.65139, 64.874284 ], [ -147.651503, 64.870698 ], [ -147.659771, 64.870697 ], [ -147.659775, 64.863472 ], [ -147.669209, 64.86347 ], [ -147.676864, 64.86347 ], [ -147.678787, 64.863475 ], [ -147.73818, 64.863433 ], [ -147.74481, 64.86347 ], [ -147.744812, 64.861454 ], [ -147.744627, 64.861112 ], [ -147.751984, 64.860103 ], [ -147.753321, 64.85971 ], [ -147.753321, 64.860506 ], [ -147.752029, 64.8607 ], [ -147.751318, 64.862073 ], [ -147.759167, 64.863524 ], [ -147.765692, 64.864174 ], [ -147.77353, 64.863944 ], [ -147.774686, 64.863584 ], [ -147.775482, 64.858504 ], [ -147.777678, 64.857007 ], [ -147.777978, 64.856822 ], [ -147.778687, 64.856635 ], [ -147.780283, 64.85629 ], [ -147.780786, 64.856213 ], [ -147.782166, 64.855988 ], [ -147.783495, 64.851589 ], [ -147.778726, 64.851446 ], [ -147.77883, 64.849406 ], [ -147.778735, 64.846696 ], [ -147.779525, 64.845455 ], [ -147.787083, 64.84545 ], [ -147.791457, 64.847086 ], [ -147.799062, 64.845234 ], [ -147.800699, 64.843613 ], [ -147.797562, 64.840872 ], [ -147.798477, 64.839108 ], [ -147.80277, 64.83836 ], [ -147.804775, 64.838783 ], [ -147.809444, 64.842074 ], [ -147.81266, 64.842346 ], [ -147.812623, 64.836769 ], [ -147.82094, 64.836783 ], [ -147.821049, 64.834624 ] ] ] } },
{ "type": "Feature", "properties": { "GEOID": "0283080", "NAME": "Wasilla city, Alaska", "population": 10556.0 }, "geometry": { "type": "Polygon", "coordinates": [ [ [ -149.563859, 61.563291 ], [ -149.562605, 61.563304 ], [ -149.55629, 61.563284 ], [ -149.541493, 61.563303 ], [ -149.541177, 61.566902 ], [ -149.526403, 61.566909 ], [ -149.526219, 61.552897 ], [ -149.508729, 61.554558 ], [ -149.495225, 61.554922 ], [ -149.490824, 61.555794 ], [ -149.475545, 61.560455 ], [ -149.470781, 61.56149 ], [ -149.456209, 61.563152 ], [ -149.4532, 61.563869 ], [ -149.450472, 61.563113 ], [ -149.45049, 61.559711 ], [ -149.42037, 61.559748 ], [ -149.420299, 61.563351 ], [ -149.359854, 61.563348 ], [ -149.359855, 61.565445 ], [ -149.359859, 61.56696 ], [ -149.353817, 61.569982 ], [ -149.353589, 61.570954 ], [ -149.35593, 61.571084 ], [ -149.359807, 61.571084 ], [ -149.359914, 61.578524 ], [ -149.370978, 61.578517 ], [ -149.370976, 61.579201 ], [ -149.375001, 61.579081 ], [ -149.375005, 61.581391 ], [ -149.382466, 61.581344 ], [ -149.382568, 61.577788 ], [ -149.374998, 61.577791 ], [ -149.374992, 61.574182 ], [ -149.390124, 61.574177 ], [ -149.390094, 61.577758 ], [ -149.396351, 61.577155 ], [ -149.39769, 61.579495 ], [ -149.397991, 61.581381 ], [ -149.398819, 61.580845 ], [ -149.398841, 61.582574 ], [ -149.399834, 61.582034 ], [ -149.399889, 61.581659 ], [ -149.401334, 61.580974 ], [ -149.401774, 61.581067 ], [ -149.401702, 61.579952 ], [ -149.401446, 61.579841 ], [ -149.40114, 61.579715 ], [ -149.401138, 61.579346 ], [ -149.401713, 61.579345 ], [ -149.401719, 61.57955 ], [ -149.402417, 61.579581 ], [ -149.402866, 61.579617 ], [ -149.402997, 61.579869 ], [ -149.403959, 61.579734 ], [ -149.404522, 61.579785 ], [ -149.405225, 61.58002 ], [ -149.405461, 61.580265 ], [ -149.405864, 61.580431 ], [ -149.407106, 61.580667 ], [ -149.407616, 61.580814 ], [ -149.415916, 61.583257 ], [ -149.420081, 61.584484 ], [ -149.420512, 61.595096 ], [ -149.420023, 61.597322 ], [ -149.420385, 61.599431 ], [ -149.421181, 61.599432 ], [ -149.450699, 61.599366 ], [ -149.481178, 61.599371 ], [ -149.496295, 61.599405 ], [ -149.498207, 61.599494 ], [ -149.498207, 61.601222 ], [ -149.496312, 61.601221 ], [ -149.496349, 61.606621 ], [ -149.511515, 61.606721 ], [ -149.511511, 61.603151 ], [ -149.506579, 61.602998 ], [ -149.503384, 61.601522 ], [ -149.503852, 61.599501 ], [ -149.511454, 61.599449 ], [ -149.511354, 61.58855 ], [ -149.513283, 61.588554 ], [ -149.513314, 61.592162 ], [ -149.526533, 61.592167 ], [ -149.526494, 61.584954 ], [ -149.534106, 61.584959 ], [ -149.534096, 61.582202 ], [ -149.52653, 61.581351 ], [ -149.526522, 61.579566 ], [ -149.52653, 61.577725 ], [ -149.541185, 61.577743 ], [ -149.541188, 61.581293 ], [ -149.546809, 61.58215 ], [ -149.547386, 61.584319 ], [ -149.551946, 61.583913 ], [ -149.552659, 61.582641 ], [ -149.556301, 61.58264 ], [ -149.556299, 61.580256 ], [ -149.551132, 61.580022 ], [ -149.548754, 61.577742 ], [ -149.548761, 61.57244 ], [ -149.554433, 61.570616 ], [ -149.560256, 61.567393 ], [ -149.563872, 61.566923 ], [ -149.563859, 61.563291 ] ] ] } },
{ "type": "Feature", "properties": { "GEOID": "0270540", "NAME": "Sitka city and borough, Alaska", "population": 8319.0 }, "geometry": { "type": "MultiPolygon", "coordinates": [ [ [ [ -134.891901, 57.43022 ], [ -134.878889, 57.430102 ], [ -134.87349, 57.428521 ], [ -134.867932, 57.429116 ], [ -134.868996, 57.430785 ], [ -134.880821, 57.432771 ], [ -134.88391, 57.43405 ], [ -134.890328, 57.434562 ], [ -134.894416, 57.431657 ], [ -134.891901, 57.43022 ] ] ], [ [ [ -135.332862, 57.033549 ], [ -135.329772, 57.031409 ], [ -135.329708, 57.028297 ], [ -135.324426, 57.026315 ], [ -135.322875, 57.026793 ], [ -135.324664, 57.031948 ], [ -135.33099, 57.034853 ], [ -135.332568, 57.034541 ], [ -135.332862, 57.033549 ] ] ], [ [ [ -135.33811, 57.026463 ], [ -135.333675, 57.024139 ], [ -135.331504, 57.025006 ], [ -135.333073, 57.026597 ], [ -135.336239, 57.027767 ], [ -135.33811, 57.026463 ] ] ], [ [ [ -135.346119, 57.024077 ], [ -135.344564, 57.022958 ], [ -135.341262, 57.023216 ], [ -135.341006, 57.026168 ], [ -135.343519, 57.027156 ], [ -135.346198, 57.02595 ], [ -135.346119, 57.024077 ] ] ], [ [ [ -135.373493, 57.05345 ], [ -135.370261, 57.050766 ], [ -135.36638, 57.049498 ], [ -135.357254, 57.043557 ], [ -135.350956, 57.039872 ], [ -135.348109, 57.040195 ], [ -135.347918, 57.041329 ], [ -135.353223, 57.044394 ], [ -135.350557, 57.046333 ], [ -135.347194, 57.045687 ], [ -135.344677099999984, 57.0471384 ], [ -135.343835, 57.047624 ], [ -135.3475617, 57.0500747 ], [ -135.3524113, 57.0532638 ], [ -135.353505, 57.053983 ], [ -135.3563279, 57.0545933 ], [ -135.358024, 57.05496 ], [ -135.361984, 57.054884 ], [ -135.365468, 57.055976 ], [ -135.369785, 57.056255 ], [ -135.372307, 57.055506 ], [ -135.373493, 57.05345 ] ] ], [ [ [ -135.408936, 56.923895 ], [ -135.405792, 56.921919 ], [ -135.399294, 56.922584 ], [ -135.398042, 56.923258 ], [ -135.399386, 56.924609 ], [ -135.403502, 56.925938 ], [ -135.406896, 56.925621 ], [ -135.408936, 56.923895 ] ] ], [ [ [ -135.416388, 57.0775 ], [ -135.411097, 57.076124 ], [ -135.40539, 57.075576 ], [ -135.403973, 57.07642 ], [ -135.407542, 57.080365 ], [ -135.406117, 57.08269 ], [ -135.407281, 57.084472 ], [ -135.410707, 57.08588 ], [ -135.414174, 57.085892 ], [ -135.416075, 57.083568 ], [ -135.417739, 57.080468 ], [ -135.416388, 57.0775 ] ] ], [ [ [ -135.422325, 56.838337 ], [ -135.416632, 56.837676 ], [ -135.413847, 56.840537 ], [ -135.414386, 56.843612 ], [ -135.416984, 56.845996 ], [ -135.41929, 56.846086 ], [ -135.42379, 56.841217 ], [ -135.422325, 56.838337 ] ] ], [ [ [ -135.429524, 56.847254 ], [ -135.425953, 56.846603 ], [ -135.4221, 56.849072 ], [ -135.422852, 56.850258 ], [ -135.428983, 56.851653 ], [ -135.431855, 56.849797 ], [ -135.429524, 56.847254 ] ] ], [ [ [ -135.431828, 57.131538 ], [ -135.42572, 57.129472 ], [ -135.422303, 57.131048 ], [ -135.423387, 57.134148 ], [ -135.417609, 57.139194 ], [ -135.419418, 57.14081 ], [ -135.422276, 57.140708 ], [ -135.430056, 57.138134 ], [ -135.433754, 57.135025 ], [ -135.431828, 57.131538 ] ] ], [ [ [ -135.446021, 56.892862 ], [ -135.442858, 56.891677 ], [ -135.443159, 56.890495 ], [ -135.445557, 56.889496 ], [ -135.443354, 56.888153 ], [ -135.441476, 56.884282 ], [ -135.438763, 56.884327 ], [ -135.435845, 56.879885 ], [ -135.432704, 56.879894 ], [ -135.432338, 56.882007 ], [ -135.434838, 56.888922 ], [ -135.438163, 56.889501 ], [ -135.438463, 56.892727 ], [ -135.439425, 56.894347 ], [ -135.445294, 56.894561 ], [ -135.446021, 56.892862 ] ] ], [ [ [ -135.451143, 57.561693 ], [ -135.448251, 57.561225 ], [ -135.444719, 57.56286 ], [ -135.445451, 57.564439 ], [ -135.448636, 57.56471 ], [ -135.451379, 57.563227 ], [ -135.451143, 57.561693 ] ] ], [ [ [ -135.460585, 56.824532 ], [ -135.458657, 56.823969 ], [ -135.45854, 56.817902 ], [ -135.457525, 56.814286 ], [ -135.454405, 56.813697 ], [ -135.451742, 56.814191 ], [ -135.442561, 56.830426 ], [ -135.446139, 56.833692 ], [ -135.453382, 56.833868 ], [ -135.454488, 56.831844 ], [ -135.460169, 56.829335 ], [ -135.460585, 56.824532 ] ] ], [ [ [ -135.468188, 57.102938 ], [ -135.463467, 57.098258 ], [ -135.463642, 57.095254 ], [ -135.456574, 57.089367 ], [ -135.452632, 57.089484 ], [ -135.449389, 57.092528 ], [ -135.445138, 57.092277 ], [ -135.442045, 57.086973 ], [ -135.437488, 57.086925 ], [ -135.436811, 57.088825 ], [ -135.440613, 57.093104 ], [ -135.441108, 57.096838 ], [ -135.438369, 57.098403 ], [ -135.436569, 57.102075 ], [ -135.439821, 57.106221 ], [ -135.441979, 57.106039 ], [ -135.445198, 57.108287 ], [ -135.44531, 57.111843 ], [ -135.447354, 57.114212 ], [ -135.45553, 57.11494 ], [ -135.461288, 57.115599 ], [ -135.463283, 57.114094 ], [ -135.469211, 57.107425 ], [ -135.468188, 57.102938 ] ] ], [ [ [ -135.480844, 57.099898 ], [ -135.477117, 57.099417 ], [ -135.472341, 57.110542 ], [ -135.473408, 57.115264 ], [ -135.476111, 57.115422 ], [ -135.477067, 57.110045 ], [ -135.480724, 57.104227 ], [ -135.480844, 57.099898 ] ] ], [ [ [ -135.493327, 57.096652 ], [ -135.490999, 57.092687 ], [ -135.487719, 57.092016 ], [ -135.485522, 57.093368 ], [ -135.486839, 57.098478 ], [ -135.488541, 57.100064 ], [ -135.491895, 57.099967 ], [ -135.493327, 57.096652 ] ] ], [ [ [ -135.493592, 56.827546 ], [ -135.491731, 56.826449 ], [ -135.485007, 56.824514 ], [ -135.481219, 56.820822 ], [ -135.475332, 56.821311 ], [ -135.475068, 56.824882 ], [ -135.471263, 56.82992 ], [ -135.465405, 56.8308 ], [ -135.462183, 56.833981 ], [ -135.463093, 56.835839 ], [ -135.46677, 56.836776 ], [ -135.469226, 56.836788 ], [ -135.471811, 56.834785 ], [ -135.476446, 56.833095 ], [ -135.483339, 56.832315 ], [ -135.484465, 56.830664 ], [ -135.488903, 56.83081 ], [ -135.493578, 56.83018 ], [ -135.493592, 56.827546 ] ] ], [ [ [ -135.514576, 57.227569 ], [ -135.511028, 57.222315 ], [ -135.508176, 57.217746 ], [ -135.505443, 57.215365 ], [ -135.500452, 57.214658 ], [ -135.498431, 57.213049 ], [ -135.493084, 57.211569 ], [ -135.492013, 57.210297 ], [ -135.476921, 57.200191 ], [ -135.475637, 57.198473 ], [ -135.465906, 57.194539 ], [ -135.462661, 57.18923 ], [ -135.452584, 57.184507 ], [ -135.442507, 57.183847 ], [ -135.441153, 57.184909 ], [ -135.437629, 57.184426 ], [ -135.43509, 57.183048 ], [ -135.429453, 57.181536 ], [ -135.424569, 57.178752 ], [ -135.422453, 57.17823 ], [ -135.419252, 57.179092 ], [ -135.41988, 57.180708 ], [ -135.424995, 57.183242 ], [ -135.431, 57.183964 ], [ -135.433491, 57.185365 ], [ -135.434226, 57.1873 ], [ -135.436538, 57.189349 ], [ -135.434801, 57.190839 ], [ -135.428801, 57.191873 ], [ -135.422742, 57.194776 ], [ -135.422686, 57.197367 ], [ -135.418064, 57.199098 ], [ -135.413044, 57.20313 ], [ -135.413, 57.205027 ], [ -135.405816, 57.209423 ], [ -135.403286, 57.213781 ], [ -135.398736, 57.219265 ], [ -135.396475, 57.219572 ], [ -135.395656, 57.220541 ], [ -135.398646, 57.224892 ], [ -135.398622, 57.229652 ], [ -135.400255, 57.231489 ], [ -135.397967, 57.234247 ], [ -135.398843, 57.236479 ], [ -135.402296, 57.239503 ], [ -135.40077, 57.242167 ], [ -135.396367, 57.242172 ], [ -135.394008, 57.240888 ], [ -135.392431, 57.240828 ], [ -135.390635, 57.242271 ], [ -135.391918, 57.244622 ], [ -135.397647, 57.245811 ], [ -135.399447, 57.244316 ], [ -135.400987, 57.244335 ], [ -135.404533, 57.246278 ], [ -135.412035, 57.248105 ], [ -135.415367, 57.24828 ], [ -135.426762, 57.24476 ], [ -135.428707, 57.244711 ], [ -135.432629, 57.246447 ], [ -135.437699, 57.246171 ], [ -135.442471, 57.245105 ], [ -135.444542, 57.243063 ], [ -135.447093, 57.243025 ], [ -135.452729, 57.245455 ], [ -135.455171, 57.247482 ], [ -135.471509, 57.250301 ], [ -135.477025, 57.25032 ], [ -135.483995, 57.248383 ], [ -135.485392, 57.244378 ], [ -135.488425, 57.242871 ], [ -135.489271, 57.239985 ], [ -135.496934, 57.235599 ], [ -135.503779, 57.233186 ], [ -135.512889, 57.229971 ], [ -135.514576, 57.227569 ] ] ], [ [ [ -135.56393, 56.851241 ], [ -135.56203, 56.850021 ], [ -135.563685, 56.847083 ], [ -135.559507, 56.84552 ], [ -135.556556, 56.846698 ], [ -135.551687, 56.846902 ], [ -135.549799, 56.849627 ], [ -135.547777, 56.849792 ], [ -135.543911, 56.84767 ], [ -135.545101, 56.844304 ], [ -135.544717, 56.83991 ], [ -135.543319, 56.836759 ], [ -135.542032, 56.834876 ], [ -135.539697, 56.834396 ], [ -135.53439, 56.838202 ], [ -135.532662, 56.838055 ], [ -135.529665, 56.840178 ], [ -135.527958, 56.840989 ], [ -135.528504, 56.84218 ], [ -135.527249, 56.84549 ], [ -135.525763, 56.848062 ], [ -135.523801, 56.851103 ], [ -135.520675, 56.851477 ], [ -135.518994, 56.850196 ], [ -135.519585, 56.84876 ], [ -135.518159, 56.847005 ], [ -135.516519, 56.846039 ], [ -135.517115, 56.843893 ], [ -135.515652, 56.843105 ], [ -135.513677, 56.843591 ], [ -135.512442, 56.846011 ], [ -135.510141, 56.84643 ], [ -135.50772, 56.848201 ], [ -135.508416, 56.849236 ], [ -135.507928, 56.852297 ], [ -135.506824, 56.852921 ], [ -135.504984, 56.852461 ], [ -135.50371, 56.852685 ], [ -135.503214, 56.857366 ], [ -135.505166, 56.858416 ], [ -135.506342, 56.859833 ], [ -135.506516, 56.862584 ], [ -135.509365, 56.86286 ], [ -135.51091, 56.861366 ], [ -135.511147, 56.858052 ], [ -135.512455, 56.854934 ], [ -135.514831, 56.854089 ], [ -135.51804, 56.853309 ], [ -135.520892, 56.853504 ], [ -135.522619, 56.854629 ], [ -135.523117, 56.856271 ], [ -135.522813, 56.860464 ], [ -135.524189, 56.862773 ], [ -135.525812, 56.862904 ], [ -135.52807, 56.86126 ], [ -135.531112, 56.860586 ], [ -135.53444, 56.861236 ], [ -135.537767, 56.862535 ], [ -135.542046, 56.863899 ], [ -135.545254, 56.863704 ], [ -135.547037, 56.864744 ], [ -135.546799, 56.867017 ], [ -135.550364, 56.867992 ], [ -135.553692, 56.867147 ], [ -135.555212, 56.865451 ], [ -135.558565, 56.865598 ], [ -135.560967, 56.86151 ], [ -135.558331, 56.86064 ], [ -135.558106, 56.857224 ], [ -135.563704, 56.854303 ], [ -135.564536, 56.853393 ], [ -135.56393, 56.851241 ] ] ], [ [ [ -135.693448, 57.357721 ], [ -135.691784, 57.353362 ], [ -135.690833, 57.351439 ], [ -135.685604, 57.351182 ], [ -135.682752, 57.350413 ], [ -135.6799, 57.347464 ], [ -135.675146, 57.344129 ], [ -135.673007, 57.341179 ], [ -135.672832, 57.33727 ], [ -135.669504, 57.334833 ], [ -135.662611, 57.333355 ], [ -135.656018, 57.328236 ], [ -135.648214, 57.32727 ], [ -135.642178, 57.324992 ], [ -135.637284, 57.326128 ], [ -135.634002, 57.325163 ], [ -135.635247, 57.320561 ], [ -135.635519, 57.314321 ], [ -135.631265, 57.312325 ], [ -135.62705, 57.312037 ], [ -135.622771, 57.310239 ], [ -135.619348, 57.307874 ], [ -135.606989, 57.302352 ], [ -135.602841, 57.301882 ], [ -135.581786, 57.295045 ], [ -135.57459, 57.295637 ], [ -135.569744, 57.292076 ], [ -135.570003, 57.288487 ], [ -135.574894, 57.287353 ], [ -135.578014, 57.288743 ], [ -135.581265, 57.28862 ], [ -135.584996, 57.286439 ], [ -135.593147, 57.28817 ], [ -135.59695, 57.289711 ], [ -135.601614, 57.290332 ], [ -135.603605, 57.288426 ], [ -135.600946, 57.285038 ], [ -135.597195, 57.281928 ], [ -135.590799, 57.279572 ], [ -135.585945, 57.273203 ], [ -135.582255, 57.271621 ], [ -135.581263, 57.268512 ], [ -135.577975, 57.265444 ], [ -135.575083, 57.259515 ], [ -135.57033, 57.254244 ], [ -135.565814, 57.251544 ], [ -135.562486, 57.250259 ], [ -135.559159, 57.247044 ], [ -135.558921, 57.245115 ], [ -135.561535, 57.244601 ], [ -135.562248, 57.242929 ], [ -135.558921, 57.240357 ], [ -135.554643, 57.235855 ], [ -135.551791, 57.234054 ], [ -135.550364, 57.235341 ], [ -135.550364, 57.237013 ], [ -135.547037, 57.237527 ], [ -135.543947, 57.237527 ], [ -135.539194, 57.237913 ], [ -135.535153, 57.238685 ], [ -135.531825, 57.238428 ], [ -135.530162, 57.239071 ], [ -135.529924, 57.240614 ], [ -135.52826, 57.242286 ], [ -135.524933, 57.243958 ], [ -135.522794, 57.243443 ], [ -135.520179, 57.243572 ], [ -135.516376, 57.246015 ], [ -135.511147, 57.247173 ], [ -135.508295, 57.247944 ], [ -135.506869, 57.249616 ], [ -135.50473, 57.250644 ], [ -135.503779, 57.252444 ], [ -135.50164, 57.253859 ], [ -135.4976, 57.255144 ], [ -135.49546, 57.253987 ], [ -135.49142, 57.253601 ], [ -135.488092, 57.254501 ], [ -135.481913, 57.25463 ], [ -135.478347, 57.254887 ], [ -135.47811, 57.256944 ], [ -135.475971, 57.257715 ], [ -135.473356, 57.256944 ], [ -135.469791, 57.255144 ], [ -135.465988, 57.254116 ], [ -135.459571, 57.25283 ], [ -135.457669, 57.251544 ], [ -135.453153, 57.250644 ], [ -135.450539, 57.248973 ], [ -135.447119, 57.248361 ], [ -135.428914, 57.249198 ], [ -135.426151, 57.249897 ], [ -135.423919, 57.251287 ], [ -135.419878, 57.252316 ], [ -135.414412, 57.252959 ], [ -135.410609, 57.252187 ], [ -135.403716, 57.251416 ], [ -135.396823, 57.250516 ], [ -135.389931, 57.250902 ], [ -135.384702, 57.250644 ], [ -135.37971, 57.251287 ], [ -135.375194, 57.251287 ], [ -135.371867, 57.250902 ], [ -135.367113, 57.249616 ], [ -135.364261, 57.24923 ], [ -135.361171, 57.252059 ], [ -135.361171, 57.253473 ], [ -135.358319, 57.254373 ], [ -135.354516, 57.253859 ], [ -135.352615, 57.252316 ], [ -135.346673, 57.250516 ], [ -135.346435, 57.248844 ], [ -135.343821, 57.247044 ], [ -135.345247, 57.245244 ], [ -135.348812, 57.243829 ], [ -135.350951, 57.2419 ], [ -135.354516, 57.236755 ], [ -135.357369, 57.23444 ], [ -135.364024, 57.231996 ], [ -135.369015, 57.231224 ], [ -135.372342, 57.231224 ], [ -135.372342, 57.229423 ], [ -135.371154, 57.225821 ], [ -135.373293, 57.224791 ], [ -135.372105, 57.22299 ], [ -135.369966, 57.220545 ], [ -135.369728, 57.218486 ], [ -135.370679, 57.21321 ], [ -135.370916, 57.210121 ], [ -135.37258, 57.207417 ], [ -135.375908, 57.208061 ], [ -135.378997, 57.207932 ], [ -135.379948, 57.206388 ], [ -135.376858, 57.203813 ], [ -135.375908, 57.201238 ], [ -135.377334, 57.199435 ], [ -135.380661, 57.198277 ], [ -135.383989, 57.196474 ], [ -135.386365, 57.194285 ], [ -135.389693, 57.193512 ], [ -135.394684, 57.193383 ], [ -135.395635, 57.190035 ], [ -135.3992, 57.188361 ], [ -135.403478, 57.186944 ], [ -135.404667, 57.182436 ], [ -135.40942, 57.180117 ], [ -135.409658, 57.177154 ], [ -135.413461, 57.175093 ], [ -135.416551, 57.17316 ], [ -135.418452, 57.17097 ], [ -135.424394, 57.168908 ], [ -135.42178, 57.16298 ], [ -135.418452, 57.160531 ], [ -135.4156, 57.156277 ], [ -135.411084, 57.149831 ], [ -135.40538, 57.146092 ], [ -135.400864, 57.143256 ], [ -135.393734, 57.142611 ], [ -135.39302, 57.143642 ], [ -135.39302, 57.145706 ], [ -135.389931, 57.145834 ], [ -135.38898, 57.146737 ], [ -135.388742, 57.149831 ], [ -135.387316, 57.151636 ], [ -135.3828, 57.153054 ], [ -135.377096, 57.153312 ], [ -135.376858, 57.154859 ], [ -135.377571, 57.157566 ], [ -135.377334, 57.1595 ], [ -135.373531, 57.160015 ], [ -135.367351, 57.162335 ], [ -135.362122, 57.164655 ], [ -135.358319, 57.165428 ], [ -135.356893, 57.168521 ], [ -135.352615, 57.169294 ], [ -135.348574, 57.169681 ], [ -135.344296, 57.171743 ], [ -135.344058, 57.174835 ], [ -135.346435, 57.178314 ], [ -135.351189, 57.180117 ], [ -135.349763, 57.182307 ], [ -135.347148, 57.183338 ], [ -135.345485, 57.184754 ], [ -135.342632, 57.184626 ], [ -135.338592, 57.183209 ], [ -135.338354, 57.179988 ], [ -135.333125, 57.177798 ], [ -135.327421, 57.176896 ], [ -135.32243, 57.175479 ], [ -135.311972, 57.176381 ], [ -135.305554, 57.177283 ], [ -135.300325, 57.176768 ], [ -135.292244, 57.175608 ], [ -135.287728, 57.174835 ], [ -135.280836, 57.172902 ], [ -135.281786, 57.170841 ], [ -135.282499, 57.169166 ], [ -135.282024, 57.166202 ], [ -135.282164199999983, 57.1645311 ], [ -135.282262, 57.163366 ], [ -135.285352, 57.162078 ], [ -135.290343, 57.161433 ], [ -135.296523, 57.161304 ], [ -135.302227, 57.162206 ], [ -135.308882, 57.163624 ], [ -135.315299, 57.164011 ], [ -135.321004, 57.164655 ], [ -135.327896, 57.163624 ], [ -135.33574, 57.162335 ], [ -135.34287, 57.159758 ], [ -135.348337, 57.157695 ], [ -135.354516, 57.154473 ], [ -135.364974, 57.150992 ], [ -135.372342, 57.147769 ], [ -135.37567, 57.14635 ], [ -135.377334, 57.141708 ], [ -135.376858, 57.139258 ], [ -135.374006, 57.13771 ], [ -135.372342, 57.135002 ], [ -135.36949, 57.133583 ], [ -135.36949, 57.131777 ], [ -135.373055, 57.131003 ], [ -135.374244, 57.129584 ], [ -135.378997, 57.128939 ], [ -135.383038, 57.127004 ], [ -135.38898, 57.126359 ], [ -135.390881, 57.125585 ], [ -135.390763, 57.12265 ], [ -135.391476, 57.121295 ], [ -135.392189, 57.119489 ], [ -135.388623, 57.11865 ], [ -135.388742, 57.117553 ], [ -135.390168, 57.116908 ], [ -135.393852, 57.115682 ], [ -135.396348, 57.112907 ], [ -135.397536, 57.111036 ], [ -135.400745, 57.107164 ], [ -135.402052, 57.10555 ], [ -135.401696, 57.103033 ], [ -135.4021708, 57.1017863 ], [ -135.402409, 57.101161 ], [ -135.399794, 57.098708 ], [ -135.397061, 57.098127 ], [ -135.396586, 57.097095 ], [ -135.394803, 57.094706 ], [ -135.391238, 57.091284 ], [ -135.389099, 57.089283 ], [ -135.385177, 57.088249 ], [ -135.384107, 57.086635 ], [ -135.37971, 57.083406 ], [ -135.377928, 57.080823 ], [ -135.377215, 57.078821 ], [ -135.376739, 57.076754 ], [ -135.371748, 57.074881 ], [ -135.370441, 57.072943 ], [ -135.370371, 57.0728425 ], [ -135.368777, 57.070553 ], [ -135.367589, 57.06771 ], [ -135.3662439, 57.0658017 ], [ -135.366132, 57.065643 ], [ -135.364442699999984, 57.0650346 ], [ -135.359137, 57.063124 ], [ -135.356657, 57.063317 ], [ -135.349912599999982, 57.0602204 ], [ -135.348128, 57.059401 ], [ -135.3484556, 57.0588229 ], [ -135.3489276, 57.0579898 ], [ -135.3492, 57.057509 ], [ -135.349625, 57.055672 ], [ -135.345485, 57.0528 ], [ -135.34019, 57.049596 ], [ -135.339851, 57.048353 ], [ -135.338404, 57.04782 ], [ -135.334350799999982, 57.0490302 ], [ -135.332359, 57.049625 ], [ -135.33168, 57.051082 ], [ -135.3313952, 57.0510716 ], [ -135.325588, 57.050859 ], [ -135.32413, 57.049478 ], [ -135.318963, 57.047943 ], [ -135.314967, 57.04524 ], [ -135.311855, 57.045959 ], [ -135.31165919999998, 57.0461503 ], [ -135.310743, 57.047045 ], [ -135.304515, 57.046276 ], [ -135.300766, 57.0463 ], [ -135.299863, 57.047335 ], [ -135.289467, 57.04669 ], [ -135.2892352, 57.0466228 ], [ -135.286657, 57.045875 ], [ -135.285328, 57.044191 ], [ -135.285352, 57.042052 ], [ -135.28654, 57.040824 ], [ -135.290105, 57.039983 ], [ -135.293076, 57.039143 ], [ -135.293076, 57.03688 ], [ -135.289986, 57.03591 ], [ -135.28654, 57.036556 ], [ -135.283688, 57.036944 ], [ -135.281192, 57.036104 ], [ -135.279291, 57.034875 ], [ -135.278102, 57.033 ], [ -135.276082, 57.032547 ], [ -135.272755, 57.03203 ], [ -135.271328, 57.031254 ], [ -135.268833, 57.032483 ], [ -135.270972, 57.033647 ], [ -135.273111, 57.03578 ], [ -135.271804, 57.037332 ], [ -135.269427, 57.037914 ], [ -135.267763, 57.038238 ], [ -135.265268, 57.03772 ], [ -135.264079, 57.036944 ], [ -135.259682, 57.036492 ], [ -135.2579, 57.035457 ], [ -135.256592, 57.034487 ], [ -135.253502, 57.032806 ], [ -135.2497, 57.032612 ], [ -135.248274, 57.033453 ], [ -135.246729, 57.034358 ], [ -135.24661, 57.035328 ], [ -135.244589, 57.036104 ], [ -135.242332, 57.037074 ], [ -135.240905, 57.038044 ], [ -135.23841, 57.038496 ], [ -135.236865, 57.039725 ], [ -135.234845, 57.040048 ], [ -135.232943, 57.04063 ], [ -135.232468, 57.041729 ], [ -135.23223, 57.043087 ], [ -135.231517, 57.043668 ], [ -135.23021, 57.045479 ], [ -135.229497, 57.046707 ], [ -135.22914, 57.047806 ], [ -135.227358, 57.048194 ], [ -135.225337, 57.047418 ], [ -135.22403, 57.046578 ], [ -135.222604, 57.045414 ], [ -135.218088, 57.044056 ], [ -135.213572, 57.043216 ], [ -135.211195, 57.042311 ], [ -135.207987, 57.041406 ], [ -135.205491, 57.040953 ], [ -135.199074, 57.041794 ], [ -135.19848, 57.040694 ], [ -135.199906, 57.039143 ], [ -135.202282, 57.03772 ], [ -135.202164, 57.036556 ], [ -135.2005, 57.035134 ], [ -135.198004, 57.033841 ], [ -135.195865, 57.033259 ], [ -135.193607, 57.032547 ], [ -135.192419, 57.031448 ], [ -135.189448, 57.029766 ], [ -135.18612, 57.028538 ], [ -135.181486, 57.027761 ], [ -135.178158, 57.025821 ], [ -135.176851, 57.023687 ], [ -135.173642, 57.022393 ], [ -135.170077, 57.021617 ], [ -135.168888, 57.020258 ], [ -135.167106, 57.019094 ], [ -135.165561, 57.017606 ], [ -135.16259, 57.017024 ], [ -135.158549, 57.015988 ], [ -135.154509, 57.015471 ], [ -135.152013, 57.015147 ], [ -135.1513152, 57.0147926 ], [ -135.150231, 57.014242 ], [ -135.150706, 57.013271 ], [ -135.152489, 57.012624 ], [ -135.156648, 57.011006 ], [ -135.1595, 57.010877 ], [ -135.16366, 57.010553 ], [ -135.174236, 57.011136 ], [ -135.177326, 57.012689 ], [ -135.179228, 57.014112 ], [ -135.182555, 57.015018 ], [ -135.186833, 57.017218 ], [ -135.192062, 57.019417 ], [ -135.19741, 57.02097 ], [ -135.201451, 57.02291 ], [ -135.204778, 57.02401 ], [ -135.205729, 57.026339 ], [ -135.206798, 57.028473 ], [ -135.210364, 57.028926 ], [ -135.21381, 57.030154 ], [ -135.217851, 57.03203 ], [ -135.221416, 57.033647 ], [ -135.226526, 57.033388 ], [ -135.231042, 57.031448 ], [ -135.235676, 57.02912 ], [ -135.240192, 57.026468 ], [ -135.242807, 57.02401 ], [ -135.245778, 57.022005 ], [ -135.246491, 57.020646 ], [ -135.247085, 57.018188 ], [ -135.249937, 57.015924 ], [ -135.253621, 57.014177 ], [ -135.256711, 57.011718 ], [ -135.260989, 57.012624 ], [ -135.265149, 57.013853 ], [ -135.274418, 57.014371 ], [ -135.281073, 57.014436 ], [ -135.289154, 57.014177 ], [ -135.293789, 57.013206 ], [ -135.300207, 57.012818 ], [ -135.313041, 57.010748 ], [ -135.318746, 57.009777 ], [ -135.32338, 57.010812 ], [ -135.325282, 57.008095 ], [ -135.329679, 57.001688 ], [ -135.352853, 57.00803 ], [ -135.359508, 57.009712 ], [ -135.36438, 57.010359 ], [ -135.364499, 57.000911 ], [ -135.365331, 56.998387 ], [ -135.363786, 56.996704 ], [ -135.361053, 56.996056 ], [ -135.357606, 56.995668 ], [ -135.353566, 56.995733 ], [ -135.349287, 56.99651 ], [ -135.344771, 56.994956 ], [ -135.344058, 56.993597 ], [ -135.340018, 56.993597 ], [ -135.33467, 56.99282 ], [ -135.332174, 56.99282 ], [ -135.31114, 56.991784 ], [ -135.310308, 56.989453 ], [ -135.307812, 56.98777 ], [ -135.309001, 56.983561 ], [ -135.308763, 56.981295 ], [ -135.311734, 56.98123 ], [ -135.320647, 56.983561 ], [ -135.32243, 56.98246 ], [ -135.324925, 56.982266 ], [ -135.330273, 56.982978 ], [ -135.333363, 56.982849 ], [ -135.340137, 56.983561 ], [ -135.345247, 56.984403 ], [ -135.351783, 56.983691 ], [ -135.357606, 56.984856 ], [ -135.364737, 56.987317 ], [ -135.373412, 56.988223 ], [ -135.377571, 56.988612 ], [ -135.379829, 56.986669 ], [ -135.385652, 56.985115 ], [ -135.387435, 56.982396 ], [ -135.382444, 56.980971 ], [ -135.37971, 56.978575 ], [ -135.379116, 56.976373 ], [ -135.382087, 56.974041 ], [ -135.385296, 56.972875 ], [ -135.382325, 56.969896 ], [ -135.381968, 56.967628 ], [ -135.391, 56.967175 ], [ -135.393377, 56.966333 ], [ -135.391119, 56.964 ], [ -135.382681, 56.961344 ], [ -135.383513, 56.959011 ], [ -135.383751, 56.95642 ], [ -135.381968, 56.955577 ], [ -135.382563, 56.952791 ], [ -135.384702, 56.951754 ], [ -135.386603, 56.950846 ], [ -135.389693, 56.951624 ], [ -135.395873, 56.952531 ], [ -135.401102, 56.952596 ], [ -135.405023, 56.952078 ], [ -135.411084, 56.953115 ], [ -135.412391, 56.952337 ], [ -135.407994, 56.950976 ], [ -135.40538, 56.94942 ], [ -135.401577, 56.948383 ], [ -135.396942, 56.947282 ], [ -135.393258, 56.945013 ], [ -135.389218, 56.943133 ], [ -135.383513, 56.942226 ], [ -135.378879, 56.941707 ], [ -135.378165, 56.940346 ], [ -135.374957, 56.93879 ], [ -135.371748, 56.938141 ], [ -135.366638, 56.937882 ], [ -135.363073, 56.936131 ], [ -135.361409, 56.935678 ], [ -135.356774, 56.935807 ], [ -135.35416, 56.935483 ], [ -135.350595, 56.933862 ], [ -135.350357, 56.932695 ], [ -135.350476, 56.931528 ], [ -135.350357, 56.928934 ], [ -135.346673, 56.927313 ], [ -135.344177, 56.924654 ], [ -135.339186, 56.91953 ], [ -135.335502, 56.917908 ], [ -135.334789, 56.916416 ], [ -135.330154, 56.914016 ], [ -135.329679, 56.912264 ], [ -135.330748, 56.910967 ], [ -135.330392, 56.908177 ], [ -135.326946, 56.907139 ], [ -135.324925, 56.905516 ], [ -135.318033, 56.904997 ], [ -135.316725, 56.902986 ], [ -135.317201, 56.899741 ], [ -135.31827, 56.899027 ], [ -135.318864, 56.897339 ], [ -135.319934, 56.895392 ], [ -135.325519, 56.894743 ], [ -135.327183, 56.895717 ], [ -135.328372, 56.898313 ], [ -135.330273, 56.899027 ], [ -135.331224, 56.90026 ], [ -135.333838, 56.901363 ], [ -135.336928, 56.902337 ], [ -135.337641, 56.903764 ], [ -135.339899, 56.904608 ], [ -135.341563, 56.905971 ], [ -135.343108, 56.906619 ], [ -135.345009, 56.907982 ], [ -135.346198, 56.909799 ], [ -135.347267, 56.911875 ], [ -135.349882, 56.911486 ], [ -135.35107, 56.909864 ], [ -135.35416, 56.909669 ], [ -135.359389, 56.909799 ], [ -135.361528, 56.910837 ], [ -135.364974, 56.910967 ], [ -135.372461, 56.910967 ], [ -135.378165, 56.914275 ], [ -135.380305, 56.915248 ], [ -135.38185, 56.914729 ], [ -135.382325, 56.912978 ], [ -135.380305, 56.909604 ], [ -135.379235, 56.908177 ], [ -135.380305, 56.907074 ], [ -135.3828, 56.906555 ], [ -135.385652, 56.906425 ], [ -135.386484, 56.904673 ], [ -135.385058, 56.903634 ], [ -135.380542, 56.90318 ], [ -135.378165, 56.901558 ], [ -135.374957, 56.901817 ], [ -135.372342, 56.901817 ], [ -135.369609, 56.900714 ], [ -135.367589, 56.899611 ], [ -135.367589, 56.898183 ], [ -135.367708, 56.89695 ], [ -135.364261, 56.895976 ], [ -135.362597, 56.894289 ], [ -135.359864, 56.893899 ], [ -135.358557, 56.892147 ], [ -135.363429, 56.89007 ], [ -135.365687, 56.890005 ], [ -135.369015, 56.889615 ], [ -135.371748, 56.890394 ], [ -135.377452, 56.892536 ], [ -135.382087, 56.894094 ], [ -135.383276, 56.89325 ], [ -135.381968, 56.891043 ], [ -135.37971, 56.89007 ], [ -135.377571, 56.889096 ], [ -135.376502, 56.888447 ], [ -135.377571, 56.886889 ], [ -135.380186, 56.885785 ], [ -135.386722, 56.886109 ], [ -135.392664, 56.886434 ], [ -135.395991, 56.888706 ], [ -135.397655, 56.887278 ], [ -135.395754, 56.88559 ], [ -135.395635, 56.882798 ], [ -135.396586, 56.880396 ], [ -135.392902, 56.880006 ], [ -135.390763, 56.877863 ], [ -135.389218, 56.877863 ], [ -135.384464, 56.877539 ], [ -135.383394, 56.875915 ], [ -135.382919, 56.874486 ], [ -135.379829, 56.872798 ], [ -135.379116, 56.870914 ], [ -135.375908, 56.86955 ], [ -135.376026, 56.868316 ], [ -135.376026, 56.866822 ], [ -135.376621, 56.865004 ], [ -135.376858, 56.863899 ], [ -135.378879, 56.863445 ], [ -135.381493, 56.864289 ], [ -135.384107, 56.863899 ], [ -135.387078, 56.863704 ], [ -135.388386, 56.861755 ], [ -135.390525, 56.857078 ], [ -135.392426, 56.856168 ], [ -135.391476, 56.853179 ], [ -135.390287, 56.852074 ], [ -135.386247, 56.852074 ], [ -135.384821, 56.85123 ], [ -135.38185, 56.849865 ], [ -135.38185, 56.847265 ], [ -135.383513, 56.845576 ], [ -135.388029, 56.844471 ], [ -135.39463, 56.843308 ], [ -135.395041, 56.841741 ], [ -135.391713, 56.839336 ], [ -135.384345, 56.834005 ], [ -135.381731, 56.830689 ], [ -135.39207, 56.828218 ], [ -135.395635, 56.829844 ], [ -135.400032, 56.828674 ], [ -135.403597, 56.826203 ], [ -135.406872, 56.826895 ], [ -135.410474, 56.824332 ], [ -135.413248, 56.816946 ], [ -135.414934, 56.811218 ], [ -135.403621, 56.80889 ], [ -135.400698, 56.805864 ], [ -135.389749, 56.804204 ], [ -135.388578, 56.797893 ], [ -135.3955, 56.786904 ], [ -135.4052, 56.782079 ], [ -135.402647, 56.776587 ], [ -135.397418, 56.775805 ], [ -135.388861, 56.77841 ], [ -135.378165, 56.780624 ], [ -135.373956, 56.780961 ], [ -135.368421, 56.781405 ], [ -135.366757, 56.779061 ], [ -135.366519, 56.775675 ], [ -135.360815, 56.776196 ], [ -135.358913, 56.773071 ], [ -135.361528, 56.769945 ], [ -135.361766, 56.765907 ], [ -135.362241, 56.758742 ], [ -135.360102, 56.756918 ], [ -135.357012, 56.750402 ], [ -135.352021, 56.749881 ], [ -135.345366, 56.753921 ], [ -135.333957, 56.762129 ], [ -135.329441, 56.766167 ], [ -135.330867, 56.769554 ], [ -135.329679, 56.774764 ], [ -135.329917, 56.779973 ], [ -135.31518, 56.783618 ], [ -135.31423, 56.779321 ], [ -135.309001, 56.776066 ], [ -135.302346, 56.776457 ], [ -135.296641, 56.775024 ], [ -135.279291, 56.769814 ], [ -135.280241, 56.766167 ], [ -135.273824, 56.763041 ], [ -135.271923, 56.761087 ], [ -135.274062, 56.759654 ], [ -135.281905, 56.75783 ], [ -135.288085, 56.754833 ], [ -135.297354, 56.754833 ], [ -135.304247, 56.756787 ], [ -135.307812, 56.755484 ], [ -135.30496, 56.752487 ], [ -135.302821, 56.750402 ], [ -135.309714, 56.748187 ], [ -135.318508, 56.746753 ], [ -135.319459, 56.744277 ], [ -135.319934, 56.737759 ], [ -135.316131, 56.736717 ], [ -135.313754, 56.733066 ], [ -135.317319, 56.729155 ], [ -135.317082, 56.726156 ], [ -135.306149, 56.727068 ], [ -135.305435, 56.723026 ], [ -135.295691, 56.720026 ], [ -135.292601, 56.720548 ], [ -135.286421, 56.716374 ], [ -135.293076, 56.713374 ], [ -135.295928, 56.711417 ], [ -135.294027, 56.707765 ], [ -135.290224, 56.70646 ], [ -135.289986, 56.703459 ], [ -135.29474, 56.700849 ], [ -135.29474, 56.698239 ], [ -135.292838, 56.696412 ], [ -135.280954, 56.699283 ], [ -135.275726, 56.698761 ], [ -135.269446, 56.699713 ], [ -135.263332, 56.701579 ], [ -135.26129, 56.701607 ], [ -135.259092, 56.699256 ], [ -135.254065, 56.699311 ], [ -135.252387, 56.698948 ], [ -135.252305, 56.697765 ], [ -135.250225, 56.69737 ], [ -135.248155, 56.699544 ], [ -135.244966, 56.703757 ], [ -135.245509, 56.704651 ], [ -135.239122, 56.708129 ], [ -135.23708, 56.707934 ], [ -135.237045, 56.706555 ], [ -135.240498, 56.704619 ], [ -135.240026, 56.702135 ], [ -135.237082, 56.701977 ], [ -135.235653, 56.700872 ], [ -135.233125, 56.701069 ], [ -135.229274, 56.70543 ], [ -135.223979, 56.704496 ], [ -135.217041, 56.708559 ], [ -135.216306, 56.710243 ], [ -135.217732, 56.713635 ], [ -135.214166, 56.716896 ], [ -135.201332, 56.720026 ], [ -135.19848, 56.720678 ], [ -135.196578, 56.718592 ], [ -135.193964, 56.716113 ], [ -135.191349, 56.7122 ], [ -135.192062, 56.70933 ], [ -135.195627, 56.707504 ], [ -135.19848, 56.706068 ], [ -135.199906, 56.704372 ], [ -135.200143, 56.701632 ], [ -135.20252, 56.698631 ], [ -135.203233, 56.696543 ], [ -135.206561, 56.69589 ], [ -135.213453, 56.695629 ], [ -135.214642, 56.694063 ], [ -135.219395, 56.692889 ], [ -135.223911, 56.693019 ], [ -135.22914, 56.688712 ], [ -135.233419, 56.685187 ], [ -135.237459, 56.683621 ], [ -135.238172, 56.679704 ], [ -135.234607, 56.676179 ], [ -135.226288, 56.672261 ], [ -135.223674, 56.668997 ], [ -135.21583, 56.66534 ], [ -135.21179, 56.662335 ], [ -135.206323, 56.666123 ], [ -135.19943, 56.667168 ], [ -135.194914, 56.664425 ], [ -135.191587, 56.664033 ], [ -135.188022, 56.663903 ], [ -135.186358, 56.666254 ], [ -135.182793, 56.666123 ], [ -135.178277, 56.665993 ], [ -135.178752, 56.668344 ], [ -135.180654, 56.671086 ], [ -135.177326, 56.672523 ], [ -135.173999, 56.673959 ], [ -135.176851, 56.676832 ], [ -135.175662, 56.67866 ], [ -135.174236, 56.681663 ], [ -135.171384, 56.682185 ], [ -135.166868, 56.683229 ], [ -135.16259, 56.682707 ], [ -135.158074, 56.685057 ], [ -135.15237, 56.686493 ], [ -135.147854, 56.689365 ], [ -135.135732, 56.684926 ], [ -135.138109, 56.68101 ], [ -135.137158, 56.679051 ], [ -135.14001, 56.67866 ], [ -135.140961, 56.67644 ], [ -135.142863, 56.675265 ], [ -135.13906, 56.672261 ], [ -135.140486, 56.670433 ], [ -135.145715, 56.668997 ], [ -135.147854, 56.667429 ], [ -135.148092, 56.66338 ], [ -135.145002, 56.660899 ], [ -135.146665, 56.658547 ], [ -135.147854, 56.654759 ], [ -135.150231, 56.652407 ], [ -135.152132, 56.650186 ], [ -135.152845, 56.646919 ], [ -135.150231, 56.645481 ], [ -135.147141, 56.646396 ], [ -135.144051, 56.645612 ], [ -135.140723, 56.645351 ], [ -135.136683, 56.646004 ], [ -135.132642, 56.644959 ], [ -135.132642, 56.64326 ], [ -135.135732, 56.641561 ], [ -135.136683, 56.636986 ], [ -135.136445, 56.633588 ], [ -135.132405, 56.629404 ], [ -135.12979, 56.628097 ], [ -135.128602, 56.625743 ], [ -135.130741, 56.624697 ], [ -135.130741, 56.621167 ], [ -135.128364, 56.617898 ], [ -135.130028, 56.61489 ], [ -135.136683, 56.611882 ], [ -135.138822, 56.610312 ], [ -135.138109, 56.608481 ], [ -135.135257, 56.606257 ], [ -135.136921, 56.602855 ], [ -135.14001, 56.601155 ], [ -135.141912, 56.59736 ], [ -135.142863, 56.595398 ], [ -135.138584, 56.593435 ], [ -135.133593, 56.594089 ], [ -135.130741, 56.595528 ], [ -135.127651, 56.596575 ], [ -135.118619, 56.596444 ], [ -135.114816, 56.595659 ], [ -135.107924, 56.595528 ], [ -135.100793, 56.595921 ], [ -135.094376, 56.596444 ], [ -135.089622, 56.598145 ], [ -135.088672, 56.600108 ], [ -135.085344, 56.601286 ], [ -135.081066, 56.601024 ], [ -135.075837, 56.603379 ], [ -135.072034, 56.604818 ], [ -135.066567, 56.606911 ], [ -135.062527, 56.608611 ], [ -135.057773, 56.608481 ], [ -135.054921, 56.611097 ], [ -135.050881, 56.612797 ], [ -135.049692, 56.615151 ], [ -135.045176, 56.61659 ], [ -135.03971, 56.619205 ], [ -135.034956, 56.621429 ], [ -135.035431, 56.624959 ], [ -135.033055, 56.626528 ], [ -135.029252, 56.627312 ], [ -135.029727, 56.629666 ], [ -135.027588, 56.631496 ], [ -135.026875, 56.635156 ], [ -135.013089, 56.634764 ], [ -135.008811, 56.636202 ], [ -135.007385, 56.634895 ], [ -135.003107, 56.633849 ], [ -134.99764, 56.632934 ], [ -134.990748, 56.632934 ], [ -134.986469, 56.63228 ], [ -134.981716, 56.629535 ], [ -134.978151, 56.628228 ], [ -134.975536, 56.625613 ], [ -134.973872, 56.622736 ], [ -134.976724, 56.62169 ], [ -134.9772, 56.619859 ], [ -134.979814, 56.615674 ], [ -134.977913, 56.614105 ], [ -134.971258, 56.615674 ], [ -134.966267, 56.617244 ], [ -134.961751, 56.617767 ], [ -134.95153, 56.613451 ], [ -134.95153, 56.610966 ], [ -134.955096, 56.607957 ], [ -134.961038, 56.60521 ], [ -134.968881, 56.600893 ], [ -134.974823, 56.60037 ], [ -134.984568, 56.60194 ], [ -134.991698, 56.602725 ], [ -134.993837, 56.605341 ], [ -135.001205, 56.607957 ], [ -135.005246, 56.607434 ], [ -135.007147, 56.604164 ], [ -135.00786, 56.600501 ], [ -135.018318, 56.597099 ], [ -135.022359, 56.596837 ], [ -135.026399, 56.594089 ], [ -135.030678, 56.593827 ], [ -135.033055, 56.592257 ], [ -135.034718, 56.589116 ], [ -135.036857, 56.587153 ], [ -135.042324, 56.584535 ], [ -135.047791, 56.583488 ], [ -135.048266, 56.580215 ], [ -135.051831, 56.578383 ], [ -135.056347, 56.574193 ], [ -135.057773, 56.571706 ], [ -135.059437, 56.56817 ], [ -135.059199, 56.563456 ], [ -135.057773, 56.56136 ], [ -135.057536, 56.557693 ], [ -135.054683, 56.553894 ], [ -135.049692, 56.548785 ], [ -135.047791, 56.545116 ], [ -135.05302, 56.543675 ], [ -135.056585, 56.540923 ], [ -135.059675, 56.538171 ], [ -135.06015, 56.535026 ], [ -135.061576, 56.531749 ], [ -135.061576, 56.528472 ], [ -135.058249, 56.525326 ], [ -135.052544, 56.524408 ], [ -135.048741, 56.524277 ], [ -135.041373, 56.524015 ], [ -135.039234, 56.520737 ], [ -135.034481, 56.516804 ], [ -135.034481, 56.514574 ], [ -135.034481, 56.511952 ], [ -135.032104, 56.509853 ], [ -135.032104, 56.507624 ], [ -135.031628, 56.501721 ], [ -135.029727, 56.497654 ], [ -135.026399, 56.493718 ], [ -135.024498, 56.489126 ], [ -135.025924, 56.487945 ], [ -135.02331, 56.484795 ], [ -135.018556, 56.484664 ], [ -135.015704, 56.48217 ], [ -135.013802, 56.478758 ], [ -135.009524, 56.476658 ], [ -135.00786, 56.47482 ], [ -135.009049, 56.469831 ], [ -135.005484, 56.466286 ], [ -135.001443, 56.463135 ], [ -134.995501, 56.462216 ], [ -134.991223, 56.459852 ], [ -134.991223, 56.458276 ], [ -134.993362, 56.455649 ], [ -134.993362, 56.453679 ], [ -134.989321, 56.451315 ], [ -134.987895, 56.448031 ], [ -134.989321, 56.446192 ], [ -134.985519, 56.443433 ], [ -134.987658, 56.442119 ], [ -134.982429, 56.438835 ], [ -134.97411, 56.436995 ], [ -134.970307, 56.434367 ], [ -134.968168, 56.43279 ], [ -134.968881, 56.430819 ], [ -134.973397, 56.428979 ], [ -134.975298, 56.425956 ], [ -134.969119, 56.424247 ], [ -134.968406, 56.421749 ], [ -134.964603, 56.419383 ], [ -134.960087, 56.415439 ], [ -134.952243, 56.412941 ], [ -134.951768, 56.410968 ], [ -134.943925, 56.409128 ], [ -134.93822, 56.406366 ], [ -134.936794, 56.40321 ], [ -134.939409, 56.401237 ], [ -134.938696, 56.39808 ], [ -134.942499, 56.393344 ], [ -134.945826, 56.388608 ], [ -134.951293, 56.389661 ], [ -134.955571, 56.388871 ], [ -134.952481, 56.383608 ], [ -134.948916, 56.37795 ], [ -134.943687, 56.375054 ], [ -134.933467, 56.373606 ], [ -134.927049, 56.373343 ], [ -134.92396, 56.374659 ], [ -134.919444, 56.374264 ], [ -134.91778, 56.372422 ], [ -134.91778, 56.370711 ], [ -134.919681, 56.367946 ], [ -134.921345, 56.364787 ], [ -134.921345, 56.361364 ], [ -134.915878, 56.358467 ], [ -134.910887, 56.356097 ], [ -134.908748, 56.352146 ], [ -134.907322, 56.34859 ], [ -134.90447, 56.347405 ], [ -134.900905, 56.345561 ], [ -134.899003, 56.342136 ], [ -134.898052, 56.338843 ], [ -134.899241, 56.336339 ], [ -134.898528, 56.332387 ], [ -134.895676, 56.329883 ], [ -134.896151, 56.327775 ], [ -134.90138, 56.325139 ], [ -134.902093, 56.321581 ], [ -134.897339, 56.318154 ], [ -134.8952, 56.314331 ], [ -134.891873, 56.314594 ], [ -134.887595, 56.316308 ], [ -134.885455, 56.31499 ], [ -134.88498, 56.312617 ], [ -134.887119, 56.310771 ], [ -134.885218, 56.308794 ], [ -134.882366, 56.309585 ], [ -134.879513, 56.31064 ], [ -134.876899, 56.309057 ], [ -134.874284, 56.305893 ], [ -134.877612, 56.302597 ], [ -134.875948, 56.300355 ], [ -134.872145, 56.301805 ], [ -134.870482, 56.305102 ], [ -134.871432, 56.309321 ], [ -134.863589, 56.311299 ], [ -134.857172, 56.308926 ], [ -134.855745, 56.306289 ], [ -134.854795, 56.303388 ], [ -134.846476, 56.300882 ], [ -134.839583, 56.296135 ], [ -134.840534, 56.292969 ], [ -134.842198, 56.28954 ], [ -134.84196, 56.286901 ], [ -134.840772, 56.282943 ], [ -134.835305, 56.28202 ], [ -134.830789, 56.279909 ], [ -134.825322, 56.279909 ], [ -134.820093, 56.278062 ], [ -134.820807, 56.276346 ], [ -134.825322, 56.273311 ], [ -134.822946, 56.271859 ], [ -134.825085, 56.268692 ], [ -134.828175, 56.268428 ], [ -134.826273, 56.26592 ], [ -134.82556, 56.26262 ], [ -134.824609, 56.260508 ], [ -134.820569, 56.258792 ], [ -134.819618, 56.25734 ], [ -134.818905, 56.254039 ], [ -134.814865, 56.254039 ], [ -134.812488, 56.256944 ], [ -134.80916, 56.259452 ], [ -134.803694, 56.261036 ], [ -134.802743, 56.2646 ], [ -134.800841, 56.268164 ], [ -134.796326, 56.269352 ], [ -134.793949, 56.272123 ], [ -134.789908, 56.274235 ], [ -134.785392, 56.276214 ], [ -134.780401, 56.274367 ], [ -134.780639, 56.272387 ], [ -134.783491, 56.268824 ], [ -134.788007, 56.265788 ], [ -134.790859, 56.262356 ], [ -134.795137, 56.258 ], [ -134.796088, 56.256019 ], [ -134.796563, 56.252586 ], [ -134.792998, 56.250474 ], [ -134.798227, 56.247305 ], [ -134.803694, 56.243871 ], [ -134.808923, 56.240041 ], [ -134.807972, 56.237663 ], [ -134.805595, 56.234757 ], [ -134.801554, 56.235814 ], [ -134.799653, 56.237399 ], [ -134.796801, 56.237399 ], [ -134.796088, 56.236078 ], [ -134.795612, 56.23304 ], [ -134.789195, 56.23304 ], [ -134.778975, 56.23304 ], [ -134.772558, 56.232379 ], [ -134.767566, 56.232908 ], [ -134.764714, 56.233832 ], [ -134.761862, 56.232379 ], [ -134.762813, 56.230265 ], [ -134.765903, 56.228548 ], [ -134.773271, 56.227094 ], [ -134.77541, 56.227887 ], [ -134.783253, 56.22683 ], [ -134.784917, 56.224848 ], [ -134.779926, 56.223395 ], [ -134.775647, 56.220884 ], [ -134.77541, 56.219034 ], [ -134.773033, 56.217448 ], [ -134.767804, 56.21758 ], [ -134.762575, 56.217448 ], [ -134.759485, 56.216126 ], [ -134.753068, 56.214805 ], [ -134.747601, 56.214805 ], [ -134.744749, 56.214144 ], [ -134.741184, 56.21269 ], [ -134.735717, 56.21269 ], [ -134.731914, 56.214937 ], [ -134.728587, 56.217977 ], [ -134.726685, 56.220752 ], [ -134.722882, 56.223395 ], [ -134.718604, 56.226037 ], [ -134.713613, 56.226962 ], [ -134.710048, 56.228019 ], [ -134.706007, 56.228151 ], [ -134.703868, 56.231058 ], [ -134.70268, 56.232643 ], [ -134.701016, 56.233436 ], [ -134.698639, 56.232776 ], [ -134.695549, 56.232379 ], [ -134.691984, 56.232247 ], [ -134.692459, 56.230133 ], [ -134.696975, 56.225245 ], [ -134.705532, 56.219695 ], [ -134.707433, 56.216126 ], [ -134.70363, 56.215994 ], [ -134.700303, 56.21388 ], [ -134.698164, 56.212293 ], [ -134.697213, 56.210707 ], [ -134.696025, 56.207799 ], [ -134.691509, 56.207006 ], [ -134.687944, 56.206213 ], [ -134.687231, 56.203965 ], [ -134.687706, 56.201982 ], [ -134.687944, 56.198809 ], [ -134.694123, 56.194181 ], [ -134.699828, 56.191007 ], [ -134.704819, 56.187568 ], [ -134.710523, 56.185452 ], [ -134.711949, 56.181351 ], [ -134.707196, 56.181351 ], [ -134.701016, 56.181748 ], [ -134.70268, 56.179632 ], [ -134.70363, 56.176986 ], [ -134.706245, 56.17381 ], [ -134.696262, 56.173017 ], [ -134.688894, 56.17434 ], [ -134.68319, 56.171958 ], [ -134.678199, 56.167724 ], [ -134.676535, 56.165871 ], [ -134.675347, 56.161768 ], [ -134.671425, 56.163158 ], [ -134.669523, 56.165408 ], [ -134.6664336, 56.1665545 ], [ -134.666604899999982, 56.2544001 ], [ -134.668573, 56.252917 ], [ -134.673326, 56.255425 ], [ -134.673326, 56.258858 ], [ -134.670712, 56.260046 ], [ -134.670949, 56.26229 ], [ -134.674039, 56.263478 ], [ -134.673564, 56.266382 ], [ -134.672376, 56.26757 ], [ -134.674752, 56.269286 ], [ -134.67499, 56.271265 ], [ -134.671663, 56.272849 ], [ -134.669048, 56.274169 ], [ -134.671425, 56.275092 ], [ -134.676416, 56.275752 ], [ -134.678318, 56.277732 ], [ -134.676178, 56.279447 ], [ -134.671425, 56.281426 ], [ -134.666196, 56.283009 ], [ -134.660729, 56.283405 ], [ -134.657164, 56.285516 ], [ -134.653837, 56.287231 ], [ -134.650271, 56.289737 ], [ -134.646231, 56.294354 ], [ -134.640051, 56.298047 ], [ -134.637437, 56.301344 ], [ -134.635535, 56.303585 ], [ -134.637912, 56.306355 ], [ -134.638625, 56.308728 ], [ -134.63506, 56.309783 ], [ -134.632208, 56.312156 ], [ -134.632683, 56.314924 ], [ -134.634822, 56.319274 ], [ -134.636724, 56.323887 ], [ -134.635773, 56.325864 ], [ -134.637674, 56.328236 ], [ -134.641715, 56.330213 ], [ -134.647419, 56.329817 ], [ -134.653123, 56.328368 ], [ -134.657402, 56.326259 ], [ -134.666196, 56.324678 ], [ -134.673564, 56.32336 ], [ -134.679268, 56.321778 ], [ -134.686636, 56.31901 ], [ -134.692816, 56.317824 ], [ -134.700659, 56.314001 ], [ -134.705651, 56.313869 ], [ -134.70779, 56.31756 ], [ -134.705651, 56.319142 ], [ -134.701848, 56.320987 ], [ -134.696381, 56.32191 ], [ -134.691152, 56.324282 ], [ -134.685686, 56.327445 ], [ -134.68117, 56.329554 ], [ -134.676654, 56.332321 ], [ -134.673089, 56.334429 ], [ -134.66881, 56.335351 ], [ -134.663106, 56.338777 ], [ -134.656926, 56.340226 ], [ -134.650984, 56.344046 ], [ -134.647895, 56.344309 ], [ -134.646231, 56.346549 ], [ -134.644092, 56.3505 ], [ -134.640051, 56.352344 ], [ -134.636961, 56.356689 ], [ -134.63506, 56.358533 ], [ -134.634347, 56.363668 ], [ -134.63197, 56.367749 ], [ -134.631019, 56.372488 ], [ -134.630782, 56.37591 ], [ -134.632683, 56.379726 ], [ -134.633871, 56.383148 ], [ -134.633396, 56.386437 ], [ -134.639338, 56.3892 ], [ -134.641953, 56.3917 ], [ -134.638387, 56.394857 ], [ -134.636248, 56.396699 ], [ -134.635535, 56.39933 ], [ -134.633871, 56.402092 ], [ -134.636248, 56.406958 ], [ -134.636724, 56.409982 ], [ -134.63815, 56.413532 ], [ -134.637912, 56.417345 ], [ -134.641002, 56.418791 ], [ -134.647419, 56.420237 ], [ -134.649321, 56.422209 ], [ -134.646231, 56.423524 ], [ -134.643616, 56.424838 ], [ -134.645042, 56.427204 ], [ -134.65241, 56.428913 ], [ -134.657877, 56.431147 ], [ -134.649558, 56.435221 ], [ -134.643854, 56.439032 ], [ -134.641002, 56.439951 ], [ -134.641953, 56.447965 ], [ -134.644329, 56.450987 ], [ -134.643854, 56.452957 ], [ -134.644567, 56.454796 ], [ -134.644805, 56.45821 ], [ -134.642903, 56.458998 ], [ -134.641715, 56.460837 ], [ -134.642428, 56.463988 ], [ -134.642666, 56.467796 ], [ -134.638625, 56.470816 ], [ -134.638625, 56.47436 ], [ -134.6391, 56.476986 ], [ -134.641477, 56.479611 ], [ -134.643854, 56.482499 ], [ -134.64528, 56.485648 ], [ -134.649083, 56.488667 ], [ -134.654787, 56.490897 ], [ -134.659541, 56.492997 ], [ -134.660016, 56.495621 ], [ -134.656213, 56.496277 ], [ -134.6555, 56.49772 ], [ -134.660492, 56.498638 ], [ -134.663819, 56.500212 ], [ -134.662868, 56.502574 ], [ -134.658352, 56.503885 ], [ -134.655976, 56.504935 ], [ -134.656451, 56.509263 ], [ -134.657639, 56.511493 ], [ -134.661205, 56.516213 ], [ -134.663344, 56.520016 ], [ -134.668573, 56.524474 ], [ -134.668335, 56.526309 ], [ -134.665721, 56.527882 ], [ -134.666671, 56.530766 ], [ -134.669999, 56.531683 ], [ -134.673802, 56.532732 ], [ -134.676178, 56.534436 ], [ -134.68117, 56.53745 ], [ -134.684022, 56.539547 ], [ -134.682833, 56.541775 ], [ -134.679981, 56.542037 ], [ -134.675941, 56.541644 ], [ -134.672613, 56.540333 ], [ -134.669523, 56.540071 ], [ -134.669761, 56.542692 ], [ -134.671425, 56.54492 ], [ -134.669761, 56.54754 ], [ -134.669761, 56.550553 ], [ -134.66881, 56.552519 ], [ -134.669523, 56.556055 ], [ -134.672138, 56.558806 ], [ -134.672851, 56.561688 ], [ -134.672851, 56.564307 ], [ -134.670236, 56.566926 ], [ -134.66786, 56.570593 ], [ -134.666434, 56.573735 ], [ -134.667384, 56.575175 ], [ -134.667384, 56.577663 ], [ -134.666671, 56.580543 ], [ -134.669048, 56.583946 ], [ -134.66786, 56.586695 ], [ -134.662631, 56.586433 ], [ -134.660016, 56.584862 ], [ -134.658828, 56.581852 ], [ -134.657164, 56.578186 ], [ -134.655738, 56.57308 ], [ -134.653837, 56.571116 ], [ -134.652173, 56.567057 ], [ -134.65241, 56.564176 ], [ -134.651935, 56.56064 ], [ -134.649321, 56.55396 ], [ -134.648608, 56.55147 ], [ -134.648608, 56.547933 ], [ -134.646468, 56.544527 ], [ -134.641715, 56.542692 ], [ -134.640289, 56.53994 ], [ -134.637199, 56.538892 ], [ -134.636011, 56.540202 ], [ -134.635298, 56.542299 ], [ -134.633396, 56.544527 ], [ -134.630306, 56.546623 ], [ -134.628642, 56.549636 ], [ -134.628642, 56.551864 ], [ -134.627929, 56.554877 ], [ -134.626741, 56.557758 ], [ -134.62888, 56.55933 ], [ -134.62888, 56.562081 ], [ -134.629831, 56.5647 ], [ -134.629593, 56.568497 ], [ -134.629831, 56.571902 ], [ -134.628642, 56.575961 ], [ -134.627929, 56.579103 ], [ -134.627929, 56.582244 ], [ -134.626028, 56.584077 ], [ -134.626503, 56.585779 ], [ -134.628167, 56.587349 ], [ -134.628167, 56.589443 ], [ -134.62579, 56.59049 ], [ -134.626266, 56.593108 ], [ -134.62484, 56.595594 ], [ -134.623651, 56.598734 ], [ -134.621037, 56.600828 ], [ -134.6227, 56.604491 ], [ -134.622938, 56.60763 ], [ -134.623414, 56.611031 ], [ -134.627929, 56.612993 ], [ -134.629118, 56.614824 ], [ -134.625553, 56.615348 ], [ -134.622463, 56.616132 ], [ -134.62175, 56.618617 ], [ -134.620799, 56.620971 ], [ -134.6227, 56.62254 ], [ -134.628167, 56.623717 ], [ -134.629593, 56.624894 ], [ -134.628405, 56.626201 ], [ -134.624364, 56.626724 ], [ -134.62175, 56.62607 ], [ -134.621274, 56.627639 ], [ -134.619373, 56.630646 ], [ -134.616996, 56.632869 ], [ -134.615808, 56.635483 ], [ -134.616996, 56.637182 ], [ -134.621274, 56.639404 ], [ -134.622938, 56.641626 ], [ -134.621274, 56.64424 ], [ -134.622225, 56.64803 ], [ -134.624364, 56.650774 ], [ -134.627216, 56.651296 ], [ -134.629831, 56.653909 ], [ -134.625315, 56.655216 ], [ -134.623651, 56.656522 ], [ -134.620324, 56.658221 ], [ -134.619135, 56.661095 ], [ -134.617709, 56.663838 ], [ -134.618185, 56.666711 ], [ -134.621987, 56.666711 ], [ -134.623651, 56.668539 ], [ -134.627692, 56.669845 ], [ -134.629831, 56.671674 ], [ -134.628642, 56.673241 ], [ -134.624602, 56.674677 ], [ -134.625315, 56.676897 ], [ -134.626266, 56.680161 ], [ -134.626503, 56.683556 ], [ -134.629356, 56.685775 ], [ -134.629593, 56.689038 ], [ -134.629356, 56.69204 ], [ -134.632921, 56.69439 ], [ -134.632921, 56.696086 ], [ -134.630544, 56.697522 ], [ -134.626028, 56.698957 ], [ -134.625077, 56.701828 ], [ -134.627929, 56.704829 ], [ -134.628405, 56.708091 ], [ -134.633871, 56.708743 ], [ -134.635773, 56.710178 ], [ -134.635773, 56.711352 ], [ -134.630782, 56.712657 ], [ -134.629356, 56.713961 ], [ -134.630544, 56.718005 ], [ -134.631257, 56.721787 ], [ -134.630306, 56.724526 ], [ -134.632208, 56.727264 ], [ -134.634584, 56.729741 ], [ -134.640051, 56.730524 ], [ -134.64219, 56.731567 ], [ -134.641002, 56.733522 ], [ -134.638863, 56.73613 ], [ -134.637437, 56.739259 ], [ -134.641239, 56.742387 ], [ -134.646944, 56.743951 ], [ -134.64837, 56.745515 ], [ -134.64837, 56.747861 ], [ -134.645518, 56.749034 ], [ -134.644805, 56.751249 ], [ -134.647895, 56.752683 ], [ -134.651697, 56.75151 ], [ -134.653123, 56.752292 ], [ -134.65241, 56.754246 ], [ -134.650747, 56.756592 ], [ -134.653361, 56.758416 ], [ -134.655738, 56.759979 ], [ -134.655976, 56.761934 ], [ -134.654074, 56.763757 ], [ -134.66168, 56.765581 ], [ -134.669286, 56.768317 ], [ -134.676178, 56.77027 ], [ -134.676416, 56.77548 ], [ -134.673089, 56.77561 ], [ -134.666196, 56.77548 ], [ -134.661442, 56.77548 ], [ -134.660492, 56.778215 ], [ -134.659541, 56.780559 ], [ -134.660016, 56.784465 ], [ -134.661205, 56.787589 ], [ -134.659541, 56.789542 ], [ -134.663819, 56.792406 ], [ -134.669523, 56.792927 ], [ -134.66881, 56.795139 ], [ -134.665958, 56.798263 ], [ -134.664532, 56.800215 ], [ -134.664532, 56.80477 ], [ -134.665721, 56.807893 ], [ -134.669999, 56.809455 ], [ -134.675465, 56.809715 ], [ -134.675941, 56.811536 ], [ -134.67499, 56.813358 ], [ -134.672851, 56.81609 ], [ -134.672376, 56.819732 ], [ -134.675703, 56.821553 ], [ -134.679268, 56.824674 ], [ -134.684497, 56.827926 ], [ -134.689964, 56.827926 ], [ -134.692578, 56.829616 ], [ -134.692103, 56.831047 ], [ -134.690915, 56.832997 ], [ -134.69139, 56.836118 ], [ -134.691865, 56.838068 ], [ -134.698045, 56.835988 ], [ -134.70161, 56.836508 ], [ -134.703274, 56.840278 ], [ -134.7047, 56.841188 ], [ -134.7047, 56.843918 ], [ -134.70161, 56.845998 ], [ -134.699709, 56.848598 ], [ -134.699709, 56.850937 ], [ -134.69852, 56.853666 ], [ -134.698283, 56.856136 ], [ -134.700184, 56.859124 ], [ -134.702799, 56.862373 ], [ -134.698996, 56.863932 ], [ -134.69757, 56.865361 ], [ -134.699471, 56.867959 ], [ -134.703749, 56.870947 ], [ -134.703749, 56.874584 ], [ -134.703512, 56.87848 ], [ -134.699709, 56.87861 ], [ -134.697094, 56.879389 ], [ -134.699233, 56.881727 ], [ -134.699471, 56.883545 ], [ -134.697807, 56.886531 ], [ -134.695668, 56.88796 ], [ -134.696857, 56.890816 ], [ -134.697094, 56.892893 ], [ -134.695906, 56.8951 ], [ -134.696144, 56.898994 ], [ -134.698996, 56.90172 ], [ -134.704462, 56.903927 ], [ -134.705175, 56.907301 ], [ -134.706364, 56.910545 ], [ -134.713494, 56.911064 ], [ -134.715396, 56.912102 ], [ -134.720387, 56.912102 ], [ -134.725853, 56.91301 ], [ -134.730845, 56.914438 ], [ -134.732746, 56.916773 ], [ -134.737975, 56.918589 ], [ -134.741778, 56.921054 ], [ -134.74463, 56.922092 ], [ -134.746056, 56.923778 ], [ -134.743442, 56.924556 ], [ -134.740827, 56.924038 ], [ -134.738213, 56.92313 ], [ -134.731795, 56.922222 ], [ -134.726091, 56.921573 ], [ -134.722051, 56.922351 ], [ -134.718485, 56.921573 ], [ -134.715871, 56.922092 ], [ -134.716822, 56.924686 ], [ -134.717297, 56.927021 ], [ -134.718723, 56.929745 ], [ -134.721813, 56.933246 ], [ -134.722288, 56.93571 ], [ -134.7211, 56.938433 ], [ -134.722288, 56.941026 ], [ -134.724903, 56.944138 ], [ -134.72514, 56.946601 ], [ -134.726804, 56.948416 ], [ -134.731558, 56.947379 ], [ -134.7375, 56.948027 ], [ -134.739401, 56.950749 ], [ -134.741065, 56.953212 ], [ -134.738451, 56.956063 ], [ -134.735123, 56.958655 ], [ -134.733935, 56.961895 ], [ -134.737262, 56.964357 ], [ -134.738213, 56.966559 ], [ -134.737024, 56.96941 ], [ -134.743679, 56.968892 ], [ -134.747245, 56.966819 ], [ -134.754137, 56.968244 ], [ -134.759366, 56.970576 ], [ -134.759842, 56.973814 ], [ -134.75794, 56.97511 ], [ -134.751523, 56.97511 ], [ -134.748908, 56.976017 ], [ -134.749859, 56.978219 ], [ -134.746294, 56.979514 ], [ -134.740827, 56.981716 ], [ -134.739164, 56.984824 ], [ -134.738688, 56.987543 ], [ -134.738688, 56.989745 ], [ -134.741778, 56.991298 ], [ -134.742491, 56.994017 ], [ -134.740352, 56.996089 ], [ -134.741065, 56.997901 ], [ -134.739164, 57.000361 ], [ -134.740114, 57.003079 ], [ -134.739164, 57.00528 ], [ -134.743679, 57.00748 ], [ -134.744392, 57.010198 ], [ -134.74772, 57.012009 ], [ -134.752949, 57.013045 ], [ -134.751285, 57.014468 ], [ -134.747958, 57.016021 ], [ -134.745819, 57.018609 ], [ -134.746532, 57.021196 ], [ -134.749859, 57.022878 ], [ -134.754375, 57.023137 ], [ -134.761981, 57.022361 ], [ -134.766021, 57.023654 ], [ -134.7703, 57.026759 ], [ -134.771013, 57.029087 ], [ -134.767685, 57.02857 ], [ -134.761268, 57.028182 ], [ -134.755088, 57.028699 ], [ -134.753187, 57.029993 ], [ -134.751048, 57.03258 ], [ -134.752474, 57.036977 ], [ -134.754137, 57.039692 ], [ -134.760555, 57.039692 ], [ -134.764833, 57.041115 ], [ -134.760079, 57.044218 ], [ -134.756752, 57.047838 ], [ -134.75699, 57.051846 ], [ -134.761268, 57.05456 ], [ -134.761981, 57.056887 ], [ -134.764595, 57.059472 ], [ -134.764595, 57.062186 ], [ -134.763645, 57.06477 ], [ -134.763882, 57.067355 ], [ -134.766259, 57.070973 ], [ -134.7703, 57.074461 ], [ -134.772201, 57.076786 ], [ -134.773389, 57.079241 ], [ -134.779094, 57.079628 ], [ -134.780995, 57.080274 ], [ -134.785511, 57.079628 ], [ -134.788126, 57.083891 ], [ -134.786937, 57.087119 ], [ -134.790265, 57.087894 ], [ -134.792166, 57.090219 ], [ -134.791928, 57.091639 ], [ -134.787888, 57.092801 ], [ -134.782421, 57.091897 ], [ -134.779094, 57.093189 ], [ -134.779807, 57.096675 ], [ -134.782421, 57.099386 ], [ -134.783134, 57.102226 ], [ -134.784323, 57.10739 ], [ -134.790027, 57.109197 ], [ -134.790502, 57.111391 ], [ -134.787175, 57.113456 ], [ -134.789789, 57.11565 ], [ -134.79074, 57.119005 ], [ -134.789789, 57.121973 ], [ -134.79383, 57.124682 ], [ -134.800723, 57.125327 ], [ -134.802862, 57.127649 ], [ -134.808566, 57.128165 ], [ -134.808091, 57.130487 ], [ -134.803575, 57.131777 ], [ -134.796682, 57.133454 ], [ -134.794781, 57.136163 ], [ -134.795256, 57.140547 ], [ -134.79692, 57.144029 ], [ -134.801198, 57.145448 ], [ -134.804525, 57.14274 ], [ -134.806902, 57.140547 ], [ -134.814508, 57.1439 ], [ -134.815696, 57.146479 ], [ -134.814983, 57.149445 ], [ -134.817122, 57.153312 ], [ -134.824015, 57.156406 ], [ -134.819975, 57.158211 ], [ -134.815221, 57.159113 ], [ -134.807378, 57.1595 ], [ -134.803337, 57.160273 ], [ -134.80001, 57.163109 ], [ -134.80405, 57.166202 ], [ -134.804288, 57.169166 ], [ -134.808566, 57.173289 ], [ -134.809992, 57.174706 ], [ -134.812844, 57.179602 ], [ -134.81332, 57.184368 ], [ -134.818786, 57.18527 ], [ -134.821163, 57.182822 ], [ -134.825441, 57.182822 ], [ -134.826154, 57.184754 ], [ -134.823778, 57.186429 ], [ -134.824253, 57.189134 ], [ -134.825204, 57.193126 ], [ -134.83067, 57.193383 ], [ -134.836375, 57.19377 ], [ -134.83685, 57.196345 ], [ -134.834235, 57.199564 ], [ -134.836612, 57.201367 ], [ -134.843267, 57.201367 ], [ -134.844218, 57.203684 ], [ -134.846595, 57.206645 ], [ -134.851348, 57.208318 ], [ -134.855389, 57.210378 ], [ -134.859192, 57.213853 ], [ -134.865847, 57.213596 ], [ -134.865609, 57.216813 ], [ -134.864183, 57.220545 ], [ -134.868224, 57.224019 ], [ -134.864896, 57.225177 ], [ -134.862282, 57.225177 ], [ -134.856577, 57.223247 ], [ -134.851586, 57.221317 ], [ -134.844931, 57.22106 ], [ -134.83994, 57.222475 ], [ -134.842554, 57.224277 ], [ -134.84398, 57.227493 ], [ -134.842554, 57.230581 ], [ -134.842079, 57.234183 ], [ -134.840415, 57.235598 ], [ -134.840653, 57.237399 ], [ -134.843267, 57.240357 ], [ -134.846595, 57.242543 ], [ -134.842792, 57.24653 ], [ -134.841366, 57.247944 ], [ -134.841841, 57.250001 ], [ -134.845882, 57.25283 ], [ -134.849685, 57.257715 ], [ -134.849447, 57.260158 ], [ -134.855151, 57.265428 ], [ -134.85729, 57.26697 ], [ -134.862519, 57.270697 ], [ -134.86656, 57.270954 ], [ -134.872502, 57.269669 ], [ -134.878444, 57.270054 ], [ -134.877969, 57.266584 ], [ -134.877731, 57.265042 ], [ -134.880108, 57.263885 ], [ -134.88391, 57.263885 ], [ -134.886525, 57.265813 ], [ -134.887713, 57.268641 ], [ -134.889139, 57.271596 ], [ -134.891516, 57.274166 ], [ -134.888189, 57.276222 ], [ -134.884624, 57.27725 ], [ -134.881771, 57.279177 ], [ -134.877493, 57.279563 ], [ -134.874879, 57.281233 ], [ -134.874403, 57.284188 ], [ -134.877731, 57.286114 ], [ -134.880108, 57.288041 ], [ -134.879395, 57.290096 ], [ -134.887476, 57.291766 ], [ -134.893418, 57.292536 ], [ -134.896032, 57.293821 ], [ -134.903876, 57.296261 ], [ -134.905302, 57.298444 ], [ -134.904589, 57.301911 ], [ -134.907916, 57.303066 ], [ -134.918612, 57.302938 ], [ -134.922415, 57.302681 ], [ -134.923128, 57.298572 ], [ -134.9198, 57.29472 ], [ -134.912907, 57.289454 ], [ -134.904351, 57.287399 ], [ -134.902687, 57.285857 ], [ -134.907203, 57.283545 ], [ -134.908154, 57.282004 ], [ -134.908629, 57.279434 ], [ -134.90649, 57.276094 ], [ -134.901736, 57.273267 ], [ -134.90245, 57.270697 ], [ -134.90649, 57.269412 ], [ -134.911006, 57.269412 ], [ -134.915047, 57.26787 ], [ -134.910768, 57.265685 ], [ -134.90958, 57.263114 ], [ -134.911957, 57.2608 ], [ -134.916473, 57.258872 ], [ -134.920513, 57.259001 ], [ -134.924554, 57.260543 ], [ -134.928832, 57.259901 ], [ -134.931209, 57.2617 ], [ -134.932159, 57.264657 ], [ -134.938577, 57.267484 ], [ -134.944994, 57.270568 ], [ -134.94547, 57.27301 ], [ -134.945945, 57.27468 ], [ -134.942617, 57.275708 ], [ -134.939052, 57.275965 ], [ -134.937388, 57.27892 ], [ -134.9362, 57.28149 ], [ -134.9362, 57.28483 ], [ -134.942617, 57.285729 ], [ -134.944281, 57.287784 ], [ -134.94547, 57.290738 ], [ -134.941429, 57.292665 ], [ -134.941667, 57.29472 ], [ -134.939528, 57.297673 ], [ -134.94238, 57.298957 ], [ -134.946896, 57.301269 ], [ -134.951174, 57.300627 ], [ -134.953313, 57.301782 ], [ -134.951887, 57.303837 ], [ -134.954977, 57.306789 ], [ -134.958304, 57.308073 ], [ -134.966385, 57.308715 ], [ -134.97613, 57.312309 ], [ -134.974942, 57.314363 ], [ -134.971852, 57.315903 ], [ -134.966861, 57.315647 ], [ -134.964246, 57.315005 ], [ -134.960681, 57.315775 ], [ -134.960443, 57.317572 ], [ -134.957354, 57.31847 ], [ -134.95569, 57.320395 ], [ -134.952838, 57.32232 ], [ -134.950936, 57.325272 ], [ -134.950699, 57.327453 ], [ -134.953788, 57.329377 ], [ -134.959968, 57.329891 ], [ -134.963296, 57.331559 ], [ -134.969238, 57.333483 ], [ -134.975893, 57.333868 ], [ -134.978982, 57.334894 ], [ -134.985162, 57.333868 ], [ -134.990866, 57.333355 ], [ -134.996808, 57.331815 ], [ -135.001087, 57.332585 ], [ -135.008692, 57.334381 ], [ -135.011307, 57.335279 ], [ -135.010356, 57.33669 ], [ -135.007029, 57.337331 ], [ -135.0018, 57.337331 ], [ -134.999898, 57.339127 ], [ -134.990391, 57.34259 ], [ -134.983736, 57.34259 ], [ -134.977556, 57.34259 ], [ -134.971614, 57.343103 ], [ -134.967811, 57.343873 ], [ -134.964009, 57.343873 ], [ -134.960681, 57.342975 ], [ -134.955927, 57.342975 ], [ -134.951174, 57.343231 ], [ -134.947846, 57.341692 ], [ -134.944281, 57.340923 ], [ -134.943806, 57.338871 ], [ -134.93929, 57.338999 ], [ -134.934299, 57.33669 ], [ -134.927881, 57.332457 ], [ -134.922652, 57.328736 ], [ -134.918612, 57.327581 ], [ -134.914096, 57.327709 ], [ -134.911957, 57.329249 ], [ -134.911481, 57.331943 ], [ -134.91362, 57.334124 ], [ -134.918136, 57.337203 ], [ -134.906965, 57.341949 ], [ -134.90245, 57.342077 ], [ -134.899597, 57.341051 ], [ -134.886802, 57.335166 ], [ -134.88552, 57.333173 ], [ -134.886014, 57.3317 ], [ -134.883508, 57.328833 ], [ -134.879682, 57.327689 ], [ -134.874835, 57.32341 ], [ -134.869914, 57.321998 ], [ -134.8617, 57.317823 ], [ -134.861069, 57.31573 ], [ -134.858979, 57.315255 ], [ -134.850817, 57.31624 ], [ -134.843384, 57.314839 ], [ -134.839692, 57.313414 ], [ -134.8381, 57.310774 ], [ -134.841342, 57.309069 ], [ -134.84132, 57.307719 ], [ -134.836831, 57.303743 ], [ -134.831892, 57.294867 ], [ -134.829455, 57.294279 ], [ -134.824935, 57.296562 ], [ -134.82274, 57.299486 ], [ -134.820222, 57.299996 ], [ -134.816938, 57.298309 ], [ -134.812739, 57.299851 ], [ -134.815719, 57.303436 ], [ -134.814696, 57.306913 ], [ -134.812834, 57.307407 ], [ -134.810661, 57.307144 ], [ -134.807189, 57.309261 ], [ -134.809517, 57.314363 ], [ -134.811181, 57.317187 ], [ -134.813557, 57.320139 ], [ -134.813557, 57.322577 ], [ -134.810467, 57.324502 ], [ -134.807615, 57.32694 ], [ -134.806665, 57.331174 ], [ -134.808328, 57.334381 ], [ -134.809992, 57.336305 ], [ -134.807853, 57.337331 ], [ -134.804525, 57.337588 ], [ -134.803575, 57.340666 ], [ -134.805476, 57.343616 ], [ -134.807853, 57.346566 ], [ -134.81332, 57.349002 ], [ -134.817122, 57.35131 ], [ -134.818549, 57.354516 ], [ -134.818786, 57.35708 ], [ -134.820925, 57.361311 ], [ -134.821401, 57.364643 ], [ -134.824001, 57.366859 ], [ -134.823526, 57.371473 ], [ -134.826188, 57.375158 ], [ -134.83096, 57.379088 ], [ -134.837529, 57.380549 ], [ -134.839099, 57.385232 ], [ -134.844478, 57.385821 ], [ -134.846098, 57.389981 ], [ -134.841462, 57.39088 ], [ -134.835048, 57.397185 ], [ -134.835014, 57.3986 ], [ -134.832281, 57.400074 ], [ -134.832096, 57.402181 ], [ -134.843101, 57.406413 ], [ -134.841912, 57.408845 ], [ -134.83863, 57.40962 ], [ -134.836402, 57.409099 ], [ -134.834587, 57.409651 ], [ -134.832747, 57.414476 ], [ -134.834134, 57.415436 ], [ -134.840469, 57.414971 ], [ -134.844276, 57.413895 ], [ -134.844503, 57.411794 ], [ -134.845855, 57.410652 ], [ -134.851479, 57.410374 ], [ -134.862282, 57.413063 ], [ -134.864725, 57.414738 ], [ -134.875073, 57.417731 ], [ -134.881707, 57.418198 ], [ -134.891754, 57.422406 ], [ -134.895555, 57.425192 ], [ -134.905268, 57.425536 ], [ -134.913774, 57.427152 ], [ -134.916623, 57.425383 ], [ -134.922933, 57.422963 ], [ -134.93921, 57.421318 ], [ -134.947905, 57.425026 ], [ -134.958481, 57.424175 ], [ -134.963354, 57.425109 ], [ -134.970175, 57.422591 ], [ -134.983009, 57.424127 ], [ -134.993193, 57.420636 ], [ -134.99562, 57.419591 ], [ -135.002037, 57.413319 ], [ -135.009168, 57.413959 ], [ -135.012971, 57.414983 ], [ -135.021289, 57.415623 ], [ -135.024855, 57.413831 ], [ -135.025092, 57.411271 ], [ -135.030321, 57.408198 ], [ -135.037214, 57.408582 ], [ -135.041968, 57.407942 ], [ -135.049573, 57.408582 ], [ -135.056228, 57.409863 ], [ -135.057654, 57.414343 ], [ -135.06217, 57.416007 ], [ -135.063359, 57.418823 ], [ -135.06217, 57.420231 ], [ -135.063359, 57.421639 ], [ -135.07453, 57.42407 ], [ -135.078095, 57.423814 ], [ -135.085225, 57.425094 ], [ -135.087602, 57.426757 ], [ -135.091643, 57.428549 ], [ -135.097109, 57.429444 ], [ -135.101863, 57.429444 ], [ -135.108756, 57.432387 ], [ -135.110895, 57.433922 ], [ -135.11755, 57.43469 ], [ -135.122541, 57.435841 ], [ -135.127532, 57.437632 ], [ -135.129909, 57.43776 ], [ -135.138703, 57.438656 ], [ -135.143694, 57.439295 ], [ -135.146547, 57.441726 ], [ -135.1513, 57.442749 ], [ -135.156291, 57.444923 ], [ -135.160332, 57.444668 ], [ -135.165799, 57.445051 ], [ -135.169839, 57.443644 ], [ -135.175781, 57.441214 ], [ -135.179584, 57.439167 ], [ -135.189329, 57.438528 ], [ -135.19432, 57.437377 ], [ -135.198123, 57.437888 ], [ -135.203114, 57.435074 ], [ -135.20763, 57.432131 ], [ -135.216108, 57.433192 ], [ -135.213572, 57.436353 ], [ -135.209294, 57.441726 ], [ -135.205729, 57.444923 ], [ -135.201688, 57.446074 ], [ -135.195509, 57.447225 ], [ -135.192894, 57.449911 ], [ -135.177683, 57.451318 ], [ -135.169364, 57.452852 ], [ -135.164848, 57.454259 ], [ -135.16461, 57.456177 ], [ -135.161996, 57.457967 ], [ -135.159619, 57.459501 ], [ -135.160807, 57.462058 ], [ -135.166749, 57.463592 ], [ -135.172216, 57.46487 ], [ -135.181248, 57.467043 ], [ -135.1841, 57.469471 ], [ -135.1841, 57.473433 ], [ -135.186477, 57.4765 ], [ -135.188141, 57.479312 ], [ -135.195746, 57.482634 ], [ -135.206204, 57.485317 ], [ -135.214761, 57.486722 ], [ -135.223079, 57.488766 ], [ -135.229735, 57.487744 ], [ -135.23425, 57.485828 ], [ -135.239004, 57.485572 ], [ -135.243282, 57.483784 ], [ -135.247085, 57.481995 ], [ -135.253502, 57.481101 ], [ -135.265624, 57.480589 ], [ -135.273943, 57.478801 ], [ -135.278221, 57.479951 ], [ -135.280836, 57.478162 ], [ -135.284163, 57.477139 ], [ -135.286302, 57.476756 ], [ -135.291769, 57.479439 ], [ -135.291294, 57.481612 ], [ -135.294383, 57.483656 ], [ -135.298899, 57.483784 ], [ -135.304604, 57.48225 ], [ -135.311734, 57.481612 ], [ -135.314111, 57.478928 ], [ -135.317438, 57.478417 ], [ -135.324331, 57.476756 ], [ -135.326708, 57.475223 ], [ -135.330035, 57.475095 ], [ -135.333838, 57.475989 ], [ -135.343583, 57.473817 ], [ -135.349287, 57.473689 ], [ -135.355229, 57.468321 ], [ -135.357844, 57.464486 ], [ -135.362122, 57.460907 ], [ -135.366638, 57.459373 ], [ -135.376145, 57.457455 ], [ -135.384226, 57.458989 ], [ -135.388742, 57.456432 ], [ -135.391594, 57.45298 ], [ -135.390881, 57.447225 ], [ -135.390881, 57.444795 ], [ -135.39207, 57.441598 ], [ -135.393971, 57.4384 ], [ -135.396348, 57.438016 ], [ -135.404191, 57.439167 ], [ -135.407044, 57.440191 ], [ -135.413223, 57.445819 ], [ -135.417264, 57.450934 ], [ -135.418452, 57.45656 ], [ -135.416788, 57.458734 ], [ -135.411322, 57.460396 ], [ -135.406806, 57.460779 ], [ -135.403478, 57.462058 ], [ -135.401102, 57.464231 ], [ -135.397061, 57.46602 ], [ -135.388029, 57.468449 ], [ -135.383038, 57.470238 ], [ -135.378522, 57.472411 ], [ -135.377809, 57.474328 ], [ -135.366876, 57.479184 ], [ -135.359508, 57.481101 ], [ -135.346911, 57.483145 ], [ -135.339067, 57.485572 ], [ -135.331461, 57.487489 ], [ -135.327659, 57.488766 ], [ -135.321241, 57.489405 ], [ -135.317676, 57.489532 ], [ -135.312685, 57.490554 ], [ -135.30912, 57.491576 ], [ -135.30912, 57.494642 ], [ -135.305079, 57.496558 ], [ -135.300563, 57.497835 ], [ -135.297236, 57.500261 ], [ -135.294146, 57.502304 ], [ -135.292007, 57.506774 ], [ -135.290818, 57.509838 ], [ -135.292957, 57.511114 ], [ -135.297949, 57.513668 ], [ -135.303178, 57.514944 ], [ -135.305079, 57.516859 ], [ -135.309595, 57.518901 ], [ -135.311259, 57.520816 ], [ -135.312922, 57.523624 ], [ -135.315775, 57.527835 ], [ -135.317438, 57.531663 ], [ -135.320053, 57.535363 ], [ -135.322667, 57.538425 ], [ -135.326708, 57.538425 ], [ -135.333601, 57.538808 ], [ -135.340256, 57.540976 ], [ -135.343108, 57.542634 ], [ -135.344296, 57.546333 ], [ -135.345485, 57.549267 ], [ -135.35214, 57.549777 ], [ -135.35618, 57.550287 ], [ -135.359032, 57.551817 ], [ -135.363786, 57.55373 ], [ -135.372342, 57.55475 ], [ -135.37971, 57.557683 ], [ -135.388029, 57.558958 ], [ -135.394684, 57.55934 ], [ -135.399315, 57.557633 ], [ -135.415313, 57.556772 ], [ -135.421057, 57.557706 ], [ -135.421137, 57.561594 ], [ -135.425345, 57.562273 ], [ -135.441022, 57.557872 ], [ -135.44681, 57.556806 ], [ -135.448081, 57.551518 ], [ -135.452781, 57.549179 ], [ -135.458636, 57.547921 ], [ -135.464577, 57.544567 ], [ -135.478347, 57.538808 ], [ -135.483576, 57.535491 ], [ -135.487142, 57.531918 ], [ -135.492133, 57.530004 ], [ -135.495223, 57.52758 ], [ -135.495223, 57.525283 ], [ -135.498075, 57.522986 ], [ -135.502115, 57.518646 ], [ -135.507107, 57.516987 ], [ -135.514237, 57.514689 ], [ -135.519228, 57.510859 ], [ -135.52517, 57.50971 ], [ -135.53135, 57.509455 ], [ -135.53753, 57.507923 ], [ -135.540857, 57.506901 ], [ -135.54466, 57.508178 ], [ -135.549414, 57.509582 ], [ -135.551077, 57.508306 ], [ -135.550364, 57.506518 ], [ -135.549176, 57.504348 ], [ -135.546086, 57.501794 ], [ -135.542521, 57.497962 ], [ -135.541333, 57.49362 ], [ -135.54062, 57.490554 ], [ -135.537054, 57.487872 ], [ -135.53444, 57.485189 ], [ -135.533252, 57.482378 ], [ -135.532301, 57.479312 ], [ -135.532063, 57.473689 ], [ -135.532538, 57.470111 ], [ -135.535628, 57.468449 ], [ -135.532063, 57.466404 ], [ -135.531112, 57.462058 ], [ -135.530399, 57.459501 ], [ -135.531825, 57.457839 ], [ -135.531825, 57.455282 ], [ -135.531825, 57.452213 ], [ -135.534915, 57.449399 ], [ -135.538718, 57.448121 ], [ -135.543947, 57.447225 ], [ -135.54775, 57.44633 ], [ -135.55084, 57.447609 ], [ -135.561535, 57.447865 ], [ -135.563675, 57.445691 ], [ -135.563912, 57.443389 ], [ -135.56724, 57.441342 ], [ -135.571043, 57.438144 ], [ -135.568428, 57.436097 ], [ -135.564388, 57.435586 ], [ -135.56415, 57.434178 ], [ -135.56724, 57.431875 ], [ -135.569379, 57.428933 ], [ -135.575559, 57.426757 ], [ -135.577935, 57.424198 ], [ -135.578411, 57.421894 ], [ -135.581025, 57.418055 ], [ -135.585541, 57.418183 ], [ -135.589344, 57.417543 ], [ -135.588631, 57.416007 ], [ -135.58768, 57.413703 ], [ -135.591483, 57.412423 ], [ -135.595524, 57.411911 ], [ -135.60004, 57.410759 ], [ -135.603842, 57.408454 ], [ -135.608121, 57.407942 ], [ -135.609547, 57.40615 ], [ -135.610973, 57.404101 ], [ -135.61335, 57.402565 ], [ -135.615964, 57.401924 ], [ -135.617152, 57.400004 ], [ -135.622619, 57.400132 ], [ -135.626422, 57.400644 ], [ -135.630463, 57.399748 ], [ -135.632126, 57.398339 ], [ -135.631651, 57.395393 ], [ -135.631413, 57.392063 ], [ -135.629512, 57.388989 ], [ -135.625947, 57.387708 ], [ -135.621431, 57.38694 ], [ -135.617628, 57.386555 ], [ -135.613587, 57.385274 ], [ -135.609547, 57.38489 ], [ -135.606695, 57.386043 ], [ -135.605744, 57.387708 ], [ -135.605744, 57.389374 ], [ -135.598138, 57.38963 ], [ -135.593622, 57.388733 ], [ -135.589106, 57.388733 ], [ -135.581738, 57.388221 ], [ -135.576747, 57.386555 ], [ -135.575083, 57.384378 ], [ -135.568903, 57.382712 ], [ -135.568428, 57.38079 ], [ -135.561535, 57.379637 ], [ -135.554643, 57.378484 ], [ -135.55084, 57.377203 ], [ -135.547275, 57.376818 ], [ -135.543947, 57.377331 ], [ -135.535391, 57.375153 ], [ -135.531588, 57.373871 ], [ -135.525883, 57.373871 ], [ -135.522794, 57.373743 ], [ -135.516614, 57.370411 ], [ -135.511385, 57.368489 ], [ -135.503304, 57.367079 ], [ -135.49855, 57.365797 ], [ -135.494747, 57.365925 ], [ -135.490945, 57.367079 ], [ -135.485478, 57.366566 ], [ -135.483101, 57.365797 ], [ -135.483101, 57.363618 ], [ -135.485478, 57.361311 ], [ -135.487379, 57.358234 ], [ -135.486904, 57.354901 ], [ -135.490231, 57.354003 ], [ -135.497124, 57.354003 ], [ -135.502353, 57.354901 ], [ -135.507344, 57.356311 ], [ -135.510434, 57.357978 ], [ -135.517089, 57.357978 ], [ -135.519941, 57.359901 ], [ -135.522794, 57.361823 ], [ -135.530399, 57.362849 ], [ -135.537767, 57.363618 ], [ -135.543947, 57.363362 ], [ -135.548225, 57.361952 ], [ -135.552741, 57.361952 ], [ -135.556544, 57.364003 ], [ -135.560822, 57.365028 ], [ -135.566764, 57.3649 ], [ -135.571993, 57.364515 ], [ -135.577698, 57.365284 ], [ -135.582214, 57.366951 ], [ -135.589106, 57.367335 ], [ -135.594098, 57.367591 ], [ -135.598376, 57.369258 ], [ -135.603129, 57.370795 ], [ -135.606932, 57.370795 ], [ -135.610973, 57.369386 ], [ -135.614776, 57.369386 ], [ -135.620242, 57.371308 ], [ -135.62761, 57.372846 ], [ -135.632364, 57.371949 ], [ -135.638306, 57.37259 ], [ -135.6471, 57.373615 ], [ -135.651616, 57.372846 ], [ -135.655657, 57.373871 ], [ -135.661599, 57.373871 ], [ -135.662312, 57.372462 ], [ -135.661123, 57.369642 ], [ -135.6635, 57.368617 ], [ -135.665877, 57.367463 ], [ -135.670868, 57.367463 ], [ -135.675146, 57.368745 ], [ -135.679187, 57.370795 ], [ -135.685129, 57.371821 ], [ -135.687743, 57.369514 ], [ -135.687268, 57.367207 ], [ -135.687743, 57.365028 ], [ -135.69012, 57.363362 ], [ -135.693448, 57.361567 ], [ -135.693448, 57.357721 ] ] ], [ [ [ -135.716027, 56.984759 ], [ -135.7127, 56.983593 ], [ -135.709372, 56.98463 ], [ -135.705094, 56.983982 ], [ -135.702479, 56.982428 ], [ -135.698914, 56.983982 ], [ -135.699865, 56.986184 ], [ -135.704143, 56.986961 ], [ -135.707946, 56.987608 ], [ -135.712937, 56.989162 ], [ -135.716503, 56.987608 ], [ -135.716027, 56.984759 ] ] ], [ [ [ -135.875748, 57.223826 ], [ -135.872658, 57.223569 ], [ -135.870519, 57.221639 ], [ -135.866716, 57.219837 ], [ -135.864102, 57.220738 ], [ -135.860299, 57.221382 ], [ -135.855783, 57.221896 ], [ -135.853406, 57.221124 ], [ -135.849366, 57.222411 ], [ -135.8458, 57.222154 ], [ -135.840334, 57.223698 ], [ -135.836531, 57.225628 ], [ -135.836769, 57.227172 ], [ -135.835818, 57.22923 ], [ -135.835818, 57.231289 ], [ -135.83558, 57.233089 ], [ -135.834867, 57.235534 ], [ -135.832966, 57.23772 ], [ -135.831064, 57.240421 ], [ -135.828687, 57.241964 ], [ -135.825835, 57.24325 ], [ -135.822983, 57.24325 ], [ -135.821557, 57.244408 ], [ -135.817992, 57.245308 ], [ -135.814189, 57.243636 ], [ -135.812525, 57.24608 ], [ -135.811812, 57.248651 ], [ -135.808485, 57.24878 ], [ -135.805157, 57.246723 ], [ -135.804682, 57.244922 ], [ -135.806108, 57.243508 ], [ -135.807059, 57.241579 ], [ -135.804206, 57.240421 ], [ -135.806108, 57.239135 ], [ -135.808009, 57.236948 ], [ -135.808485, 57.235276 ], [ -135.805632, 57.23682 ], [ -135.80278, 57.236434 ], [ -135.802067, 57.234633 ], [ -135.803256, 57.233604 ], [ -135.806108, 57.232575 ], [ -135.807534, 57.230131 ], [ -135.80896, 57.229102 ], [ -135.810386, 57.228072 ], [ -135.813476, 57.228458 ], [ -135.815377, 57.227429 ], [ -135.817516, 57.225242 ], [ -135.81918, 57.222025 ], [ -135.821795, 57.220352 ], [ -135.821557, 57.216363 ], [ -135.819893, 57.214432 ], [ -135.819893, 57.211987 ], [ -135.819656, 57.210056 ], [ -135.821795, 57.208254 ], [ -135.821795, 57.207096 ], [ -135.818705, 57.204907 ], [ -135.820131, 57.20259 ], [ -135.822745, 57.200144 ], [ -135.826311, 57.197955 ], [ -135.823458, 57.195637 ], [ -135.824172, 57.193963 ], [ -135.824885, 57.192289 ], [ -135.82845, 57.187266 ], [ -135.832015, 57.18469 ], [ -135.832253, 57.181727 ], [ -135.832966, 57.179022 ], [ -135.835342, 57.177476 ], [ -135.836055, 57.175286 ], [ -135.832253, 57.172838 ], [ -135.832253, 57.170647 ], [ -135.829638, 57.169745 ], [ -135.829638, 57.167684 ], [ -135.826786, 57.167039 ], [ -135.823221, 57.168457 ], [ -135.819656, 57.16807 ], [ -135.817279, 57.168843 ], [ -135.814427, 57.167039 ], [ -135.810386, 57.165879 ], [ -135.808009, 57.167555 ], [ -135.803493, 57.168972 ], [ -135.800879, 57.170003 ], [ -135.794224, 57.168972 ], [ -135.791372, 57.171034 ], [ -135.78947, 57.17258 ], [ -135.78852, 57.174771 ], [ -135.786143, 57.174771 ], [ -135.782578, 57.173611 ], [ -135.778062, 57.171292 ], [ -135.774259, 57.169488 ], [ -135.774259, 57.167684 ], [ -135.77307, 57.166782 ], [ -135.770694, 57.167813 ], [ -135.769505, 57.169617 ], [ -135.764276, 57.169874 ], [ -135.757146, 57.16923 ], [ -135.753581, 57.167168 ], [ -135.750966, 57.166395 ], [ -135.747639, 57.164591 ], [ -135.747163, 57.161755 ], [ -135.748589, 57.158275 ], [ -135.747163, 57.156471 ], [ -135.74241, 57.156084 ], [ -135.738607, 57.154795 ], [ -135.735517, 57.153892 ], [ -135.734804, 57.150669 ], [ -135.735755, 57.148478 ], [ -135.740033, 57.146286 ], [ -135.745262, 57.144481 ], [ -135.747401, 57.144223 ], [ -135.752392, 57.14087 ], [ -135.757621, 57.140096 ], [ -135.759285, 57.138677 ], [ -135.757146, 57.137259 ], [ -135.753818, 57.133518 ], [ -135.753343, 57.129778 ], [ -135.755007, 57.123972 ], [ -135.758097, 57.118166 ], [ -135.762375, 57.113779 ], [ -135.767604, 57.112488 ], [ -135.770694, 57.110423 ], [ -135.776636, 57.110036 ], [ -135.780201, 57.109003 ], [ -135.785667, 57.10939 ], [ -135.793273, 57.108874 ], [ -135.800166, 57.108616 ], [ -135.806108, 57.10939 ], [ -135.806821, 57.107583 ], [ -135.804919, 57.104485 ], [ -135.80587, 57.102936 ], [ -135.80896, 57.101387 ], [ -135.813238, 57.101904 ], [ -135.819418, 57.102549 ], [ -135.825122, 57.102033 ], [ -135.826311, 57.09958 ], [ -135.825835, 57.096094 ], [ -135.824172, 57.091446 ], [ -135.828925, 57.088734 ], [ -135.833679, 57.087701 ], [ -135.839858, 57.089379 ], [ -135.844612, 57.090283 ], [ -135.847702, 57.088734 ], [ -135.84485, 57.087184 ], [ -135.842948, 57.085763 ], [ -135.844612, 57.083568 ], [ -135.846989, 57.081114 ], [ -135.849841, 57.077755 ], [ -135.849841, 57.072846 ], [ -135.849841, 57.070779 ], [ -135.847464, 57.068324 ], [ -135.841997, 57.066902 ], [ -135.841997, 57.064835 ], [ -135.843424, 57.062121 ], [ -135.843186, 57.058502 ], [ -135.844374, 57.0554 ], [ -135.848415, 57.053332 ], [ -135.851267, 57.0501 ], [ -135.851505, 57.047515 ], [ -135.846038, 57.046222 ], [ -135.8458, 57.043507 ], [ -135.847464, 57.041826 ], [ -135.846276, 57.03911 ], [ -135.846276, 57.036265 ], [ -135.848177, 57.03536 ], [ -135.851029, 57.031351 ], [ -135.852931, 57.028505 ], [ -135.853644, 57.026177 ], [ -135.852455, 57.02346 ], [ -135.852455, 57.020485 ], [ -135.848415, 57.018673 ], [ -135.848177, 57.016215 ], [ -135.851505, 57.01505 ], [ -135.856734, 57.012851 ], [ -135.85911, 57.009615 ], [ -135.859586, 57.005474 ], [ -135.859823, 57.001849 ], [ -135.860299, 56.997189 ], [ -135.856021, 56.995636 ], [ -135.852455, 56.992917 ], [ -135.846513, 56.993305 ], [ -135.841522, 56.99214 ], [ -135.835342, 56.992528 ], [ -135.831777, 56.991363 ], [ -135.830351, 56.98968 ], [ -135.825598, 56.989032 ], [ -135.821557, 56.98955 ], [ -135.819656, 56.990457 ], [ -135.815377, 56.993435 ], [ -135.812525, 56.994859 ], [ -135.808009, 56.995247 ], [ -135.803969, 56.994859 ], [ -135.800641, 56.994212 ], [ -135.797551, 56.994212 ], [ -135.795412, 56.996024 ], [ -135.792798, 56.996283 ], [ -135.78638, 56.996542 ], [ -135.779725, 56.996671 ], [ -135.77616, 56.997189 ], [ -135.772595, 56.998743 ], [ -135.76903, 57.000426 ], [ -135.767366, 57.002238 ], [ -135.764039, 57.002756 ], [ -135.761424, 57.003273 ], [ -135.757383, 57.002238 ], [ -135.75263, 57.001979 ], [ -135.748114, 57.002108 ], [ -135.745262, 57.003014 ], [ -135.742647, 57.00392 ], [ -135.738607, 57.003403 ], [ -135.734804, 57.002108 ], [ -135.729337, 57.002756 ], [ -135.721969, 57.003144 ], [ -135.716503, 57.003403 ], [ -135.714601, 57.004568 ], [ -135.709135, 57.005991 ], [ -135.704856, 57.006768 ], [ -135.705332, 57.00845 ], [ -135.698914, 57.010262 ], [ -135.693923, 57.012074 ], [ -135.687743, 57.012462 ], [ -135.685604, 57.013756 ], [ -135.683227, 57.014792 ], [ -135.6799, 57.014662 ], [ -135.673245, 57.01505 ], [ -135.668491, 57.014792 ], [ -135.663975, 57.01505 ], [ -135.657796, 57.014662 ], [ -135.652567, 57.012721 ], [ -135.644961, 57.011168 ], [ -135.63997, 57.010003 ], [ -135.63688, 57.009874 ], [ -135.63379, 57.011686 ], [ -135.631651, 57.012721 ], [ -135.632602, 57.014662 ], [ -135.635216, 57.016991 ], [ -135.63688, 57.018932 ], [ -135.636405, 57.022296 ], [ -135.632839, 57.025271 ], [ -135.630463, 57.026436 ], [ -135.627373, 57.027082 ], [ -135.629036, 57.029281 ], [ -135.629512, 57.031092 ], [ -135.627135, 57.034067 ], [ -135.622619, 57.036912 ], [ -135.61739, 57.038981 ], [ -135.615013, 57.038981 ], [ -135.611686, 57.040145 ], [ -135.613112, 57.041567 ], [ -135.61121, 57.042472 ], [ -135.606457, 57.04286 ], [ -135.603842, 57.043636 ], [ -135.604555, 57.045834 ], [ -135.603367, 57.046998 ], [ -135.603367, 57.048161 ], [ -135.608121, 57.051264 ], [ -135.607883, 57.053461 ], [ -135.604793, 57.054366 ], [ -135.603129, 57.05553 ], [ -135.60408, 57.057985 ], [ -135.601228, 57.059795 ], [ -135.603842, 57.061216 ], [ -135.604318, 57.064576 ], [ -135.604318, 57.067936 ], [ -135.600515, 57.071683 ], [ -135.598376, 57.074009 ], [ -135.597425, 57.076463 ], [ -135.594335, 57.07853 ], [ -135.585303, 57.082405 ], [ -135.576985, 57.085634 ], [ -135.573895, 57.088088 ], [ -135.57128, 57.090154 ], [ -135.571043, 57.092608 ], [ -135.571993, 57.094157 ], [ -135.572469, 57.09674 ], [ -135.57437, 57.099967 ], [ -135.573419, 57.103324 ], [ -135.575559, 57.106422 ], [ -135.576509, 57.109778 ], [ -135.573182, 57.112617 ], [ -135.570092, 57.114166 ], [ -135.571756, 57.115585 ], [ -135.572706, 57.117134 ], [ -135.569854, 57.117908 ], [ -135.569379, 57.120102 ], [ -135.57128, 57.120747 ], [ -135.572944, 57.123456 ], [ -135.572231, 57.126295 ], [ -135.569617, 57.129262 ], [ -135.566051, 57.131971 ], [ -135.562248, 57.132358 ], [ -135.561773, 57.134679 ], [ -135.563675, 57.137517 ], [ -135.566527, 57.139709 ], [ -135.564625, 57.141644 ], [ -135.564388, 57.144609 ], [ -135.562724, 57.146544 ], [ -135.562724, 57.148736 ], [ -135.56724, 57.151056 ], [ -135.566764, 57.15531 ], [ -135.555831, 57.155568 ], [ -135.551791, 57.157244 ], [ -135.548463, 57.156728 ], [ -135.54466, 57.155568 ], [ -135.54466, 57.153635 ], [ -135.543234, 57.150669 ], [ -135.541333, 57.147704 ], [ -135.535628, 57.145641 ], [ -135.53135, 57.146157 ], [ -135.528023, 57.145125 ], [ -135.526121, 57.143449 ], [ -135.521605, 57.143449 ], [ -135.518753, 57.141515 ], [ -135.512573, 57.139838 ], [ -135.510434, 57.140225 ], [ -135.506631, 57.140096 ], [ -135.506156, 57.141515 ], [ -135.507582, 57.144738 ], [ -135.510672, 57.147446 ], [ -135.515188, 57.149638 ], [ -135.518278, 57.150025 ], [ -135.523031, 57.150798 ], [ -135.526359, 57.152088 ], [ -135.526359, 57.154795 ], [ -135.523982, 57.1566 ], [ -135.520654, 57.156986 ], [ -135.518278, 57.156986 ], [ -135.517327, 57.155439 ], [ -135.514237, 57.15531 ], [ -135.514237, 57.156857 ], [ -135.512573, 57.157889 ], [ -135.509721, 57.157373 ], [ -135.504968, 57.156084 ], [ -135.499976, 57.156213 ], [ -135.496411, 57.158533 ], [ -135.492846, 57.158533 ], [ -135.491182, 57.161111 ], [ -135.48833, 57.163689 ], [ -135.483576, 57.165106 ], [ -135.480249, 57.167426 ], [ -135.475971, 57.16923 ], [ -135.473832, 57.170003 ], [ -135.470504, 57.170261 ], [ -135.465275, 57.168843 ], [ -135.459095, 57.167426 ], [ -135.454817, 57.162013 ], [ -135.455768, 57.16008 ], [ -135.460284, 57.158791 ], [ -135.466701, 57.15776 ], [ -135.468603, 57.155053 ], [ -135.467177, 57.153892 ], [ -135.459571, 57.151959 ], [ -135.452916, 57.149638 ], [ -135.451727, 57.147833 ], [ -135.446736, 57.147446 ], [ -135.443646, 57.148349 ], [ -135.43913, 57.147059 ], [ -135.436041, 57.147059 ], [ -135.436041, 57.15183 ], [ -135.433901, 57.1566 ], [ -135.43509, 57.159564 ], [ -135.441507, 57.164591 ], [ -135.446974, 57.167555 ], [ -135.45149, 57.172065 ], [ -135.451727, 57.176445 ], [ -135.455768, 57.18031 ], [ -135.461472, 57.183402 ], [ -135.470504, 57.187008 ], [ -135.473832, 57.191001 ], [ -135.481437, 57.195894 ], [ -135.488805, 57.20053 ], [ -135.489994, 57.203233 ], [ -135.496887, 57.206581 ], [ -135.500452, 57.210056 ], [ -135.507344, 57.21263 ], [ -135.518991, 57.218165 ], [ -135.525408, 57.222926 ], [ -135.532776, 57.227558 ], [ -135.536341, 57.228458 ], [ -135.542046, 57.225756 ], [ -135.549889, 57.226914 ], [ -135.556306, 57.226271 ], [ -135.554167, 57.224212 ], [ -135.550364, 57.222411 ], [ -135.539907, 57.221896 ], [ -135.540144, 57.21958 ], [ -135.539907, 57.216749 ], [ -135.541333, 57.213017 ], [ -135.547037, 57.210957 ], [ -135.549651, 57.209541 ], [ -135.551077, 57.206581 ], [ -135.548701, 57.204263 ], [ -135.54775, 57.200787 ], [ -135.549414, 57.197053 ], [ -135.547988, 57.194092 ], [ -135.549414, 57.188425 ], [ -135.555356, 57.187137 ], [ -135.559159, 57.184304 ], [ -135.561535, 57.178636 ], [ -135.565814, 57.177218 ], [ -135.57437, 57.17593 ], [ -135.579124, 57.173611 ], [ -135.586254, 57.171807 ], [ -135.586016, 57.169745 ], [ -135.581976, 57.165879 ], [ -135.585066, 57.163817 ], [ -135.588393, 57.160209 ], [ -135.594098, 57.158146 ], [ -135.59695, 57.161111 ], [ -135.597663, 57.162915 ], [ -135.602654, 57.162915 ], [ -135.604793, 57.163946 ], [ -135.60408, 57.166266 ], [ -135.603605, 57.170261 ], [ -135.605506, 57.17374 ], [ -135.611924, 57.175028 ], [ -135.615964, 57.174513 ], [ -135.618816, 57.175415 ], [ -135.618579, 57.177863 ], [ -135.616202, 57.180053 ], [ -135.61121, 57.180439 ], [ -135.606695, 57.182758 ], [ -135.604793, 57.187395 ], [ -135.603367, 57.189971 ], [ -135.60408, 57.192675 ], [ -135.601228, 57.196538 ], [ -135.602179, 57.199886 ], [ -135.608596, 57.201817 ], [ -135.613587, 57.203877 ], [ -135.615013, 57.207997 ], [ -135.62048, 57.21263 ], [ -135.622857, 57.215719 ], [ -135.622619, 57.218937 ], [ -135.623807, 57.222154 ], [ -135.624283, 57.227043 ], [ -135.624521, 57.230131 ], [ -135.631176, 57.233089 ], [ -135.639019, 57.235791 ], [ -135.646149, 57.240035 ], [ -135.65328, 57.244151 ], [ -135.655894, 57.246723 ], [ -135.655419, 57.249166 ], [ -135.65637, 57.25148 ], [ -135.652804, 57.252123 ], [ -135.648764, 57.251352 ], [ -135.648289, 57.249809 ], [ -135.645199, 57.24878 ], [ -135.641158, 57.247108 ], [ -135.633315, 57.245822 ], [ -135.626897, 57.244922 ], [ -135.621906, 57.242607 ], [ -135.619767, 57.239907 ], [ -135.6143, 57.23489 ], [ -135.609547, 57.234633 ], [ -135.606695, 57.233089 ], [ -135.601228, 57.230774 ], [ -135.595761, 57.228072 ], [ -135.590057, 57.228458 ], [ -135.589344, 57.229616 ], [ -135.58768, 57.230131 ], [ -135.583877, 57.229745 ], [ -135.575321, 57.228844 ], [ -135.569617, 57.227429 ], [ -135.567477, 57.227686 ], [ -135.565814, 57.229487 ], [ -135.565814, 57.231031 ], [ -135.565576, 57.232704 ], [ -135.566051, 57.234504 ], [ -135.565338, 57.236563 ], [ -135.566527, 57.237849 ], [ -135.568666, 57.239907 ], [ -135.569379, 57.24235 ], [ -135.57033, 57.245308 ], [ -135.57033, 57.248008 ], [ -135.574132, 57.252509 ], [ -135.577222, 57.256237 ], [ -135.581025, 57.258808 ], [ -135.585066, 57.260351 ], [ -135.585066, 57.262279 ], [ -135.587205, 57.264849 ], [ -135.594684, 57.270436 ], [ -135.595397, 57.274034 ], [ -135.602771, 57.278201 ], [ -135.61449, 57.286866 ], [ -135.616351, 57.292476 ], [ -135.620801, 57.295195 ], [ -135.620551, 57.296965 ], [ -135.626933, 57.301364 ], [ -135.632286, 57.301989 ], [ -135.634486, 57.299855 ], [ -135.637596, 57.299648 ], [ -135.642347, 57.302488 ], [ -135.657239, 57.308918 ], [ -135.666368, 57.314246 ], [ -135.669974, 57.314745 ], [ -135.672388, 57.317354 ], [ -135.679385, 57.319672 ], [ -135.685604, 57.320844 ], [ -135.688456, 57.319818 ], [ -135.69012, 57.316481 ], [ -135.698439, 57.315582 ], [ -135.698201, 57.319304 ], [ -135.697964, 57.321743 ], [ -135.701766, 57.322256 ], [ -135.704143, 57.324181 ], [ -135.704143, 57.326491 ], [ -135.706045, 57.329057 ], [ -135.71365, 57.331366 ], [ -135.721732, 57.334573 ], [ -135.725772, 57.336369 ], [ -135.731239, 57.337909 ], [ -135.734091, 57.334573 ], [ -135.73623, 57.332521 ], [ -135.736943, 57.329698 ], [ -135.738369, 57.327645 ], [ -135.741697, 57.326362 ], [ -135.745262, 57.327645 ], [ -135.746926, 57.329057 ], [ -135.748352, 57.332777 ], [ -135.749778, 57.338806 ], [ -135.750728, 57.341115 ], [ -135.75667, 57.342654 ], [ -135.760711, 57.34663 ], [ -135.761899, 57.349195 ], [ -135.764752, 57.350733 ], [ -135.767604, 57.349195 ], [ -135.769505, 57.345861 ], [ -135.772833, 57.344706 ], [ -135.774734, 57.342141 ], [ -135.777824, 57.340089 ], [ -135.779725, 57.337011 ], [ -135.784717, 57.334958 ], [ -135.787093, 57.336369 ], [ -135.790659, 57.337524 ], [ -135.793748, 57.336882 ], [ -135.797314, 57.338293 ], [ -135.798027, 57.340987 ], [ -135.801354, 57.341372 ], [ -135.80587, 57.339961 ], [ -135.804682, 57.337395 ], [ -135.808722, 57.337395 ], [ -135.813951, 57.338293 ], [ -135.824172, 57.339448 ], [ -135.833441, 57.340217 ], [ -135.841284, 57.340217 ], [ -135.848177, 57.33855 ], [ -135.846751, 57.334188 ], [ -135.848177, 57.332008 ], [ -135.852931, 57.331366 ], [ -135.855783, 57.330596 ], [ -135.863389, 57.329955 ], [ -135.857922, 57.326619 ], [ -135.857209, 57.324951 ], [ -135.85816, 57.321358 ], [ -135.854595, 57.319561 ], [ -135.852693, 57.317893 ], [ -135.847939, 57.316994 ], [ -135.8458, 57.314812 ], [ -135.842235, 57.313529 ], [ -135.837719, 57.312374 ], [ -135.835818, 57.309421 ], [ -135.828925, 57.308394 ], [ -135.827499, 57.305698 ], [ -135.827737, 57.301975 ], [ -135.830113, 57.298893 ], [ -135.833916, 57.296325 ], [ -135.836531, 57.29594 ], [ -135.839383, 57.298636 ], [ -135.842235, 57.298765 ], [ -135.842473, 57.296839 ], [ -135.839621, 57.294399 ], [ -135.839621, 57.290931 ], [ -135.837482, 57.288105 ], [ -135.837719, 57.286179 ], [ -135.841047, 57.286307 ], [ -135.843186, 57.284894 ], [ -135.837719, 57.282068 ], [ -135.836769, 57.280526 ], [ -135.837244, 57.278342 ], [ -135.841284, 57.277186 ], [ -135.845563, 57.274102 ], [ -135.84485, 57.270247 ], [ -135.849366, 57.268833 ], [ -135.853168, 57.26742 ], [ -135.858397, 57.268448 ], [ -135.860774, 57.26652 ], [ -135.857209, 57.265363 ], [ -135.853406, 57.26395 ], [ -135.850316, 57.261765 ], [ -135.847226, 57.261122 ], [ -135.844374, 57.263307 ], [ -135.842711, 57.26305 ], [ -135.842235, 57.261636 ], [ -135.838432, 57.260094 ], [ -135.835818, 57.258294 ], [ -135.833916, 57.255466 ], [ -135.83249, 57.252766 ], [ -135.834154, 57.249166 ], [ -135.836531, 57.248523 ], [ -135.838908, 57.24878 ], [ -135.840571, 57.245437 ], [ -135.841997, 57.243893 ], [ -135.84485, 57.24325 ], [ -135.847226, 57.244279 ], [ -135.850792, 57.242736 ], [ -135.852455, 57.240936 ], [ -135.853168, 57.239006 ], [ -135.856734, 57.236434 ], [ -135.860774, 57.234119 ], [ -135.861487, 57.231546 ], [ -135.866241, 57.230645 ], [ -135.870994, 57.230002 ], [ -135.873371, 57.2273 ], [ -135.876223, 57.225756 ], [ -135.875748, 57.223826 ] ] ], [ [ [ -135.909455, 57.405701 ], [ -135.907078, 57.403012 ], [ -135.901136, 57.402372 ], [ -135.896858, 57.404036 ], [ -135.892342, 57.406341 ], [ -135.889252, 57.408133 ], [ -135.886162, 57.408517 ], [ -135.88331, 57.408133 ], [ -135.882597, 57.406725 ], [ -135.880696, 57.404932 ], [ -135.874516, 57.404292 ], [ -135.869763, 57.403908 ], [ -135.866435, 57.403268 ], [ -135.865722, 57.404804 ], [ -135.86691, 57.406213 ], [ -135.868574, 57.407877 ], [ -135.872139, 57.408901 ], [ -135.872852, 57.410694 ], [ -135.875705, 57.412358 ], [ -135.884736, 57.413894 ], [ -135.889965, 57.415302 ], [ -135.891629, 57.416198 ], [ -135.895194, 57.417094 ], [ -135.897809, 57.418246 ], [ -135.901374, 57.41863 ], [ -135.903988, 57.41735 ], [ -135.90589, 57.41735 ], [ -135.90589, 57.415686 ], [ -135.904464, 57.414534 ], [ -135.902562, 57.412486 ], [ -135.9028, 57.411078 ], [ -135.905177, 57.409542 ], [ -135.907078, 57.407877 ], [ -135.909455, 57.405701 ] ] ], [ [ [ -136.291763, 57.715856 ], [ -136.289624, 57.714777 ], [ -136.284157, 57.71484 ], [ -136.28178, 57.713253 ], [ -136.278928, 57.713444 ], [ -136.277264, 57.712809 ], [ -136.276789, 57.711857 ], [ -136.276551, 57.710904 ], [ -136.278453, 57.709635 ], [ -136.279998, 57.708365 ], [ -136.278215, 57.70754 ], [ -136.276076, 57.708302 ], [ -136.273699, 57.708556 ], [ -136.27263, 57.707222 ], [ -136.272986, 57.706206 ], [ -136.271441, 57.705889 ], [ -136.268827, 57.706587 ], [ -136.266569, 57.706397 ], [ -136.265737, 57.705318 ], [ -136.263836, 57.704048 ], [ -136.263954, 57.702968 ], [ -136.264667, 57.701508 ], [ -136.266212, 57.700619 ], [ -136.267995, 57.700365 ], [ -136.269778, 57.698714 ], [ -136.268351, 57.696046 ], [ -136.266807, 57.69484 ], [ -136.267876, 57.693188 ], [ -136.267995, 57.691855 ], [ -136.266212, 57.690394 ], [ -136.263954, 57.689187 ], [ -136.261696, 57.690076 ], [ -136.260152, 57.690076 ], [ -136.257656, 57.690711 ], [ -136.256943, 57.691855 ], [ -136.255754, 57.692426 ], [ -136.253734, 57.692172 ], [ -136.251833, 57.6916 ], [ -136.250288, 57.69249 ], [ -136.248981, 57.693569 ], [ -136.246841, 57.693887 ], [ -136.246485, 57.695094 ], [ -136.245415, 57.695094 ], [ -136.243395, 57.695475 ], [ -136.241018, 57.6963 ], [ -136.240781, 57.697571 ], [ -136.240662, 57.699095 ], [ -136.238523, 57.699603 ], [ -136.235789, 57.699793 ], [ -136.235908, 57.701254 ], [ -136.236146, 57.702397 ], [ -136.23472, 57.70246 ], [ -136.231986, 57.702079 ], [ -136.230442, 57.703667 ], [ -136.230323, 57.704746 ], [ -136.230798, 57.706206 ], [ -136.231392, 57.708238 ], [ -136.233294, 57.709127 ], [ -136.235671, 57.708936 ], [ -136.236621, 57.70919 ], [ -136.236384, 57.710841 ], [ -136.235552, 57.71173 ], [ -136.23472, 57.712301 ], [ -136.235671, 57.713888 ], [ -136.236859, 57.715348 ], [ -136.23674, 57.715983 ], [ -136.236859, 57.717189 ], [ -136.240186, 57.719347 ], [ -136.244465, 57.721822 ], [ -136.244821, 57.723282 ], [ -136.245772, 57.724932 ], [ -136.249099, 57.726835 ], [ -136.252546, 57.728168 ], [ -136.254091, 57.726201 ], [ -136.257062, 57.725883 ], [ -136.25932, 57.725376 ], [ -136.259914, 57.72417 ], [ -136.261696, 57.724043 ], [ -136.26336, 57.723726 ], [ -136.26538, 57.722964 ], [ -136.267401, 57.721949 ], [ -136.269065, 57.72087 ], [ -136.271322, 57.720553 ], [ -136.271679, 57.718204 ], [ -136.271322, 57.716998 ], [ -136.272036, 57.716427 ], [ -136.275007, 57.716808 ], [ -136.27774, 57.718522 ], [ -136.282375, 57.718204 ], [ -136.284276, 57.719537 ], [ -136.288079, 57.719918 ], [ -136.28903, 57.719156 ], [ -136.290693, 57.7163 ], [ -136.291763, 57.715856 ] ] ], [ [ [ -136.378754, 57.831259 ], [ -136.373762, 57.831069 ], [ -136.371623, 57.830246 ], [ -136.36687, 57.828791 ], [ -136.366038, 57.827842 ], [ -136.366157, 57.825247 ], [ -136.365087, 57.823096 ], [ -136.362354, 57.821577 ], [ -136.359383, 57.819805 ], [ -136.360215, 57.818475 ], [ -136.36069, 57.816576 ], [ -136.361403, 57.812652 ], [ -136.361165, 57.810309 ], [ -136.361997, 57.808157 ], [ -136.361997, 57.805688 ], [ -136.35867, 57.804548 ], [ -136.354629, 57.803788 ], [ -136.351064, 57.803155 ], [ -136.348331, 57.802395 ], [ -136.345003, 57.803535 ], [ -136.34025, 57.803851 ], [ -136.336209, 57.802965 ], [ -136.335615, 57.801635 ], [ -136.334783, 57.799925 ], [ -136.334783, 57.798595 ], [ -136.337041, 57.797265 ], [ -136.339299, 57.796505 ], [ -136.341319, 57.794542 ], [ -136.343102, 57.792135 ], [ -136.348806, 57.790488 ], [ -136.347855, 57.787955 ], [ -136.347499, 57.786117 ], [ -136.345597, 57.785864 ], [ -136.342626, 57.785864 ], [ -136.337041, 57.785927 ], [ -136.332763, 57.786497 ], [ -136.329198, 57.786497 ], [ -136.327177, 57.785547 ], [ -136.327534, 57.781999 ], [ -136.326702, 57.780605 ], [ -136.325276, 57.779085 ], [ -136.320998, 57.779908 ], [ -136.314343, 57.779402 ], [ -136.311847, 57.777627 ], [ -136.310658, 57.77655 ], [ -136.30745, 57.77617 ], [ -136.305192, 57.77655 ], [ -136.302815, 57.776297 ], [ -136.301864, 57.773888 ], [ -136.301983, 57.772811 ], [ -136.304003, 57.77091 ], [ -136.305786, 57.769516 ], [ -136.305311, 57.766346 ], [ -136.306024, 57.764635 ], [ -136.308401, 57.763304 ], [ -136.31149, 57.761846 ], [ -136.314461, 57.760261 ], [ -136.314461, 57.758739 ], [ -136.315769, 57.756013 ], [ -136.318977, 57.754238 ], [ -136.320285, 57.752716 ], [ -136.318858, 57.749672 ], [ -136.316719, 57.74815 ], [ -136.311728, 57.746882 ], [ -136.306499, 57.746374 ], [ -136.303766, 57.746247 ], [ -136.301864, 57.745613 ], [ -136.300201, 57.744345 ], [ -136.301627, 57.743076 ], [ -136.301627, 57.74149 ], [ -136.299725, 57.738065 ], [ -136.296873, 57.736416 ], [ -136.295328, 57.73502 ], [ -136.295328, 57.733053 ], [ -136.293783, 57.73115 ], [ -136.292001, 57.729564 ], [ -136.289505, 57.730008 ], [ -136.287485, 57.730516 ], [ -136.285464, 57.729627 ], [ -136.283088, 57.728802 ], [ -136.280117, 57.726708 ], [ -136.276789, 57.727216 ], [ -136.276076, 57.727279 ], [ -136.274175, 57.728295 ], [ -136.273818, 57.729754 ], [ -136.271917, 57.730579 ], [ -136.272392, 57.732038 ], [ -136.272392, 57.733307 ], [ -136.270728, 57.733307 ], [ -136.268827, 57.732419 ], [ -136.266688, 57.732038 ], [ -136.26538, 57.733434 ], [ -136.265262, 57.734957 ], [ -136.264311, 57.73667 ], [ -136.265024, 57.737875 ], [ -136.263954, 57.739588 ], [ -136.263836, 57.74111 ], [ -136.263836, 57.742125 ], [ -136.261696, 57.742632 ], [ -136.259914, 57.742188 ], [ -136.258369, 57.743076 ], [ -136.258844, 57.744725 ], [ -136.257537, 57.745423 ], [ -136.257181, 57.746755 ], [ -136.257299, 57.748467 ], [ -136.258725, 57.749418 ], [ -136.259201, 57.750877 ], [ -136.258012, 57.751448 ], [ -136.257894, 57.752652 ], [ -136.258488, 57.754238 ], [ -136.25932, 57.754364 ], [ -136.261102, 57.754872 ], [ -136.262172, 57.756457 ], [ -136.263598, 57.757027 ], [ -136.263241, 57.758105 ], [ -136.262172, 57.758803 ], [ -136.261102, 57.759563 ], [ -136.261221, 57.760514 ], [ -136.261934, 57.762036 ], [ -136.262172, 57.763557 ], [ -136.261696, 57.764888 ], [ -136.262885, 57.766283 ], [ -136.264786, 57.768058 ], [ -136.266212, 57.769135 ], [ -136.264311, 57.770973 ], [ -136.263598, 57.771607 ], [ -136.261815, 57.772241 ], [ -136.259676, 57.771734 ], [ -136.257537, 57.769642 ], [ -136.257656, 57.768501 ], [ -136.256468, 57.767551 ], [ -136.255041, 57.766727 ], [ -136.252427, 57.767297 ], [ -136.251239, 57.767551 ], [ -136.248981, 57.766473 ], [ -136.249931, 57.765459 ], [ -136.249812, 57.764508 ], [ -136.248624, 57.763621 ], [ -136.245772, 57.762099 ], [ -136.244108, 57.760831 ], [ -136.240781, 57.759944 ], [ -136.237572, 57.758549 ], [ -136.236146, 57.757535 ], [ -136.236621, 57.756584 ], [ -136.237334, 57.755759 ], [ -136.238404, 57.754301 ], [ -136.239355, 57.752843 ], [ -136.238523, 57.751955 ], [ -136.236978, 57.751955 ], [ -136.234482, 57.752145 ], [ -136.231868, 57.752716 ], [ -136.229729, 57.753604 ], [ -136.22854, 57.754491 ], [ -136.226876, 57.754808 ], [ -136.224262, 57.754174 ], [ -136.220816, 57.752779 ], [ -136.219746, 57.751955 ], [ -136.218439, 57.753286 ], [ -136.220816, 57.754681 ], [ -136.22236, 57.75671 ], [ -136.222242, 57.758105 ], [ -136.220578, 57.758612 ], [ -136.219746, 57.759627 ], [ -136.218439, 57.760007 ], [ -136.216656, 57.760514 ], [ -136.21523, 57.760958 ], [ -136.213566, 57.760451 ], [ -136.212259, 57.761148 ], [ -136.212972, 57.762797 ], [ -136.213091, 57.764571 ], [ -136.213091, 57.766473 ], [ -136.211427, 57.767234 ], [ -136.205842, 57.767107 ], [ -136.204891, 57.766156 ], [ -136.203227, 57.764825 ], [ -136.203584, 57.763557 ], [ -136.203108, 57.762226 ], [ -136.202871, 57.760007 ], [ -136.205961, 57.758359 ], [ -136.206436, 57.757218 ], [ -136.206436, 57.754555 ], [ -136.207505, 57.753096 ], [ -136.208694, 57.751067 ], [ -136.210595, 57.750116 ], [ -136.210595, 57.749482 ], [ -136.207268, 57.748594 ], [ -136.206792, 57.746945 ], [ -136.209763, 57.74555 ], [ -136.211784, 57.744725 ], [ -136.212972, 57.74352 ], [ -136.214636, 57.74149 ], [ -136.212972, 57.739905 ], [ -136.208337, 57.738319 ], [ -136.206079, 57.737811 ], [ -136.205248, 57.738382 ], [ -136.204653, 57.739207 ], [ -136.202871, 57.73927 ], [ -136.201563, 57.73908 ], [ -136.199068, 57.738129 ], [ -136.195384, 57.737177 ], [ -136.194671, 57.736162 ], [ -136.192769, 57.735591 ], [ -136.190274, 57.735781 ], [ -136.184569, 57.734386 ], [ -136.184926, 57.733434 ], [ -136.184451, 57.731975 ], [ -136.183143, 57.730706 ], [ -136.181004, 57.728231 ], [ -136.180767, 57.727279 ], [ -136.177439, 57.726772 ], [ -136.176013, 57.725693 ], [ -136.17328, 57.723599 ], [ -136.172329, 57.721695 ], [ -136.174706, 57.718268 ], [ -136.177558, 57.717443 ], [ -136.188135, 57.716871 ], [ -136.189442, 57.716618 ], [ -136.192651, 57.715983 ], [ -136.19681, 57.716427 ], [ -136.201088, 57.717189 ], [ -136.202633, 57.716618 ], [ -136.203108, 57.714713 ], [ -136.202395, 57.713507 ], [ -136.20192, 57.712111 ], [ -136.201445, 57.711349 ], [ -136.202752, 57.710968 ], [ -136.205129, 57.711031 ], [ -136.205485, 57.710397 ], [ -136.206079, 57.709127 ], [ -136.204772, 57.708175 ], [ -136.203108, 57.706841 ], [ -136.201326, 57.70646 ], [ -136.200137, 57.705635 ], [ -136.199781, 57.704175 ], [ -136.1999, 57.703159 ], [ -136.202039, 57.702968 ], [ -136.204534, 57.703286 ], [ -136.206198, 57.702524 ], [ -136.206674, 57.701 ], [ -136.203821, 57.700428 ], [ -136.202158, 57.699666 ], [ -136.201207, 57.698714 ], [ -136.199781, 57.697825 ], [ -136.199781, 57.696681 ], [ -136.20085, 57.695665 ], [ -136.20085, 57.694649 ], [ -136.202039, 57.693569 ], [ -136.203703, 57.693442 ], [ -136.204653, 57.694395 ], [ -136.2081, 57.695284 ], [ -136.210476, 57.69503 ], [ -136.212378, 57.695284 ], [ -136.217369, 57.695919 ], [ -136.219152, 57.693951 ], [ -136.220934, 57.693887 ], [ -136.22343, 57.695221 ], [ -136.22652, 57.69611 ], [ -136.230442, 57.695284 ], [ -136.233769, 57.693887 ], [ -136.234007, 57.692172 ], [ -136.237334, 57.691855 ], [ -136.237453, 57.690203 ], [ -136.240424, 57.689123 ], [ -136.242444, 57.689123 ], [ -136.244821, 57.688869 ], [ -136.247436, 57.687853 ], [ -136.249456, 57.686455 ], [ -136.249456, 57.683978 ], [ -136.25005, 57.682516 ], [ -136.252665, 57.682262 ], [ -136.25516, 57.682961 ], [ -136.256705, 57.681817 ], [ -136.259439, 57.681373 ], [ -136.26027, 57.680102 ], [ -136.258607, 57.678259 ], [ -136.256943, 57.677052 ], [ -136.254685, 57.677497 ], [ -136.252546, 57.678641 ], [ -136.246366, 57.676989 ], [ -136.246366, 57.675464 ], [ -136.247673, 57.673875 ], [ -136.247555, 57.672032 ], [ -136.254091, 57.667901 ], [ -136.262647, 57.667964 ], [ -136.267044, 57.665867 ], [ -136.266688, 57.663769 ], [ -136.262766, 57.663006 ], [ -136.252308, 57.660972 ], [ -136.251476, 57.65862 ], [ -136.246841, 57.651372 ], [ -136.246128, 57.648892 ], [ -136.243395, 57.645585 ], [ -136.241731, 57.643804 ], [ -136.238998, 57.641387 ], [ -136.235433, 57.641451 ], [ -136.23472, 57.638779 ], [ -136.230679, 57.637062 ], [ -136.226995, 57.635726 ], [ -136.227114, 57.634008 ], [ -136.227589, 57.6314 ], [ -136.228302, 57.628918 ], [ -136.233175, 57.627773 ], [ -136.238166, 57.625991 ], [ -136.244821, 57.626437 ], [ -136.245653, 57.62351 ], [ -136.237691, 57.624082 ], [ -136.231273, 57.624337 ], [ -136.228302, 57.624146 ], [ -136.223668, 57.62281 ], [ -136.219746, 57.623637 ], [ -136.215468, 57.622746 ], [ -136.215111, 57.619182 ], [ -136.212259, 57.618864 ], [ -136.207624, 57.617337 ], [ -136.202633, 57.617273 ], [ -136.200256, 57.616254 ], [ -136.199187, 57.617655 ], [ -136.200137, 57.620264 ], [ -136.193126, 57.621919 ], [ -136.18968, 57.619946 ], [ -136.187065, 57.6181 ], [ -136.18552, 57.617464 ], [ -136.183262, 57.616636 ], [ -136.182193, 57.614791 ], [ -136.181004, 57.613263 ], [ -136.183143, 57.610271 ], [ -136.186233, 57.608361 ], [ -136.193839, 57.604796 ], [ -136.195265, 57.602185 ], [ -136.197998, 57.601167 ], [ -136.202039, 57.600402 ], [ -136.211784, 57.60174 ], [ -136.213804, 57.602058 ], [ -136.220697, 57.603395 ], [ -136.222836, 57.603331 ], [ -136.228302, 57.596709 ], [ -136.22961, 57.595372 ], [ -136.227471, 57.591168 ], [ -136.219865, 57.591423 ], [ -136.211903, 57.587601 ], [ -136.208219, 57.587537 ], [ -136.1999, 57.587091 ], [ -136.192888, 57.583333 ], [ -136.190274, 57.580402 ], [ -136.177558, 57.57881 ], [ -136.173161, 57.576452 ], [ -136.167456, 57.573457 ], [ -136.167575, 57.570526 ], [ -136.168051, 57.567403 ], [ -136.166862, 57.563961 ], [ -136.160801, 57.561666 ], [ -136.163059, 57.558861 ], [ -136.164248, 57.557268 ], [ -136.162346, 57.556566 ], [ -136.1589, 57.558543 ], [ -136.156286, 57.560646 ], [ -136.152601, 57.566064 ], [ -136.151888, 57.567849 ], [ -136.152601, 57.571227 ], [ -136.148204, 57.572947 ], [ -136.143451, 57.57333 ], [ -136.142975, 57.575241 ], [ -136.144045, 57.577471 ], [ -136.142975, 57.581868 ], [ -136.141431, 57.5869 ], [ -136.136558, 57.592251 ], [ -136.137865, 57.595181 ], [ -136.138103, 57.596836 ], [ -136.136915, 57.600211 ], [ -136.135251, 57.601549 ], [ -136.135251, 57.603268 ], [ -136.13632, 57.604159 ], [ -136.136915, 57.606642 ], [ -136.130141, 57.606897 ], [ -136.127289, 57.606197 ], [ -136.122416, 57.605496 ], [ -136.121465, 57.604605 ], [ -136.121703, 57.602758 ], [ -136.121228, 57.601103 ], [ -136.118851, 57.600148 ], [ -136.117663, 57.598428 ], [ -136.1179, 57.596518 ], [ -136.120634, 57.591295 ], [ -136.119802, 57.589767 ], [ -136.11481, 57.589767 ], [ -136.112196, 57.58913 ], [ -136.109938, 57.589257 ], [ -136.107323, 57.58913 ], [ -136.105303, 57.590531 ], [ -136.102095, 57.59085 ], [ -136.099955, 57.591295 ], [ -136.095677, 57.595372 ], [ -136.094013, 57.595817 ], [ -136.092944, 57.597091 ], [ -136.086883, 57.598683 ], [ -136.0851, 57.59811 ], [ -136.082129, 57.596327 ], [ -136.080703, 57.596327 ], [ -136.079277, 57.598619 ], [ -136.077614, 57.599638 ], [ -136.074761, 57.599511 ], [ -136.073929, 57.597728 ], [ -136.073811, 57.596645 ], [ -136.073216, 57.595626 ], [ -136.06977, 57.594671 ], [ -136.069057, 57.593079 ], [ -136.067156, 57.591614 ], [ -136.061214, 57.591614 ], [ -136.060976, 57.590022 ], [ -136.060025, 57.588875 ], [ -136.05848, 57.5869 ], [ -136.056698, 57.585499 ], [ -136.055628, 57.583524 ], [ -136.054083, 57.581613 ], [ -136.07797, 57.575624 ], [ -136.080822, 57.575815 ], [ -136.085932, 57.575241 ], [ -136.08724, 57.573521 ], [ -136.089973, 57.572565 ], [ -136.090329, 57.571227 ], [ -136.087002, 57.569124 ], [ -136.082724, 57.56702 ], [ -136.082486, 57.564853 ], [ -136.086527, 57.563961 ], [ -136.09128, 57.562431 ], [ -136.0933, 57.56122 ], [ -136.091161, 57.559563 ], [ -136.089379, 57.557841 ], [ -136.088071, 57.555291 ], [ -136.085457, 57.552295 ], [ -136.082011, 57.551147 ], [ -136.075831, 57.551083 ], [ -136.072503, 57.548214 ], [ -136.074524, 57.544961 ], [ -136.074048, 57.543112 ], [ -136.072503, 57.541007 ], [ -136.062996, 57.53667 ], [ -136.055509, 57.533672 ], [ -136.052182, 57.530609 ], [ -136.04933, 57.529652 ], [ -136.048617, 57.527483 ], [ -136.050637, 57.526143 ], [ -136.052182, 57.524165 ], [ -136.052538, 57.5204 ], [ -136.052657, 57.518294 ], [ -136.051469, 57.514848 ], [ -136.047547, 57.513762 ], [ -136.043388, 57.512422 ], [ -136.041962, 57.510188 ], [ -136.039347, 57.508847 ], [ -136.033762, 57.507954 ], [ -136.030672, 57.507188 ], [ -136.028057, 57.506485 ], [ -136.023541, 57.501697 ], [ -136.020927, 57.500548 ], [ -136.019857, 57.498696 ], [ -136.017362, 57.498249 ], [ -136.012608, 57.496652 ], [ -136.009756, 57.495822 ], [ -136.006072, 57.495631 ], [ -136.004765, 57.496142 ], [ -136.004646, 57.497993 ], [ -136.003933, 57.49876 ], [ -136.001913, 57.498632 ], [ -136.000011, 57.497993 ], [ -135.99906, 57.496716 ], [ -135.997634, 57.494737 ], [ -135.99502, 57.492757 ], [ -135.993475, 57.491607 ], [ -135.990504, 57.489308 ], [ -135.988127, 57.488669 ], [ -135.983968, 57.487647 ], [ -135.980046, 57.486753 ], [ -135.978976, 57.485539 ], [ -135.979214, 57.484198 ], [ -135.975887, 57.482601 ], [ -135.972678, 57.481707 ], [ -135.971252, 57.480429 ], [ -135.971727, 57.479151 ], [ -135.973629, 57.479023 ], [ -135.975174, 57.479534 ], [ -135.977669, 57.479726 ], [ -135.977194, 57.478576 ], [ -135.975292, 57.477107 ], [ -135.971965, 57.476404 ], [ -135.969707, 57.47602 ], [ -135.966974, 57.476468 ], [ -135.96531, 57.476276 ], [ -135.964121, 57.475573 ], [ -135.963527, 57.473912 ], [ -135.963765, 57.473081 ], [ -135.964834, 57.472314 ], [ -135.966617, 57.47225 ], [ -135.968281, 57.472506 ], [ -135.97042, 57.472186 ], [ -135.970895, 57.471164 ], [ -135.97042, 57.46995 ], [ -135.967805, 57.469439 ], [ -135.968043, 57.468608 ], [ -135.968756, 57.468288 ], [ -135.970063, 57.467969 ], [ -135.971014, 57.46701 ], [ -135.969707, 57.465924 ], [ -135.968162, 57.465029 ], [ -135.968756, 57.464198 ], [ -135.966855, 57.462856 ], [ -135.963171, 57.461897 ], [ -135.960675, 57.460938 ], [ -135.957348, 57.460363 ], [ -135.955208, 57.460043 ], [ -135.953069, 57.460491 ], [ -135.950455, 57.460491 ], [ -135.948791, 57.460938 ], [ -135.946058, 57.46113 ], [ -135.944156, 57.461002 ], [ -135.943324, 57.460043 ], [ -135.942136, 57.459212 ], [ -135.94178, 57.458701 ], [ -135.941542, 57.457103 ], [ -135.940829, 57.456016 ], [ -135.939046, 57.456527 ], [ -135.936313, 57.456847 ], [ -135.933223, 57.45608 ], [ -135.931559, 57.455121 ], [ -135.928945, 57.454929 ], [ -135.926449, 57.454418 ], [ -135.925023, 57.453395 ], [ -135.923478, 57.452691 ], [ -135.92229, 57.451477 ], [ -135.919794, 57.450965 ], [ -135.917417, 57.45007 ], [ -135.915516, 57.447832 ], [ -135.914209, 57.446169 ], [ -135.911357, 57.444826 ], [ -135.909693, 57.445018 ], [ -135.907554, 57.443611 ], [ -135.906246, 57.441885 ], [ -135.906365, 57.440606 ], [ -135.906128, 57.439326 ], [ -135.903988, 57.437663 ], [ -135.902325, 57.437855 ], [ -135.899948, 57.438367 ], [ -135.898641, 57.436896 ], [ -135.897215, 57.435681 ], [ -135.895313, 57.434849 ], [ -135.893649, 57.435233 ], [ -135.892461, 57.434849 ], [ -135.892461, 57.434465 ], [ -135.892461, 57.433378 ], [ -135.891273, 57.431843 ], [ -135.889252, 57.430819 ], [ -135.8864, 57.430691 ], [ -135.885568, 57.429731 ], [ -135.88438, 57.428196 ], [ -135.882835, 57.427044 ], [ -135.881884, 57.425893 ], [ -135.882241, 57.424549 ], [ -135.882597, 57.423781 ], [ -135.883191, 57.422885 ], [ -135.885806, 57.422181 ], [ -135.885093, 57.42135 ], [ -135.882835, 57.420326 ], [ -135.879745, 57.420454 ], [ -135.87725, 57.420902 ], [ -135.875823, 57.42135 ], [ -135.87416, 57.421094 ], [ -135.871783, 57.420454 ], [ -135.869287, 57.421286 ], [ -135.868931, 57.422245 ], [ -135.866673, 57.423717 ], [ -135.865603, 57.424037 ], [ -135.864296, 57.424613 ], [ -135.863464, 57.425509 ], [ -135.862395, 57.426213 ], [ -135.86085, 57.427044 ], [ -135.859542, 57.427236 ], [ -135.858473, 57.426596 ], [ -135.858473, 57.425189 ], [ -135.858354, 57.423845 ], [ -135.857166, 57.422437 ], [ -135.856928, 57.420966 ], [ -135.855502, 57.418534 ], [ -135.855621, 57.416486 ], [ -135.855739, 57.414694 ], [ -135.854076, 57.412838 ], [ -135.854789, 57.41207 ], [ -135.855026, 57.41111 ], [ -135.854076, 57.409958 ], [ -135.853482, 57.408677 ], [ -135.852887, 57.406693 ], [ -135.852768, 57.405349 ], [ -135.852055, 57.403364 ], [ -135.851224, 57.402212 ], [ -135.851224, 57.401123 ], [ -135.850392, 57.400163 ], [ -135.850392, 57.398178 ], [ -135.850392, 57.396897 ], [ -135.849322, 57.395104 ], [ -135.848253, 57.394528 ], [ -135.846232, 57.394208 ], [ -135.845519, 57.393119 ], [ -135.845638, 57.391838 ], [ -135.843856, 57.390301 ], [ -135.84136, 57.389853 ], [ -135.837676, 57.389853 ], [ -135.835656, 57.390045 ], [ -135.833873, 57.390621 ], [ -135.831734, 57.390429 ], [ -135.828644, 57.390365 ], [ -135.827337, 57.389981 ], [ -135.825316, 57.38902 ], [ -135.823772, 57.388508 ], [ -135.822227, 57.387867 ], [ -135.821038, 57.387291 ], [ -135.81985, 57.386779 ], [ -135.817711, 57.387419 ], [ -135.815809, 57.387419 ], [ -135.814502, 57.387035 ], [ -135.812601, 57.386138 ], [ -135.810699, 57.386522 ], [ -135.809511, 57.385882 ], [ -135.807491, 57.385562 ], [ -135.805708, 57.386266 ], [ -135.804638, 57.386843 ], [ -135.803331, 57.386586 ], [ -135.801311, 57.386202 ], [ -135.801073, 57.386715 ], [ -135.799409, 57.387419 ], [ -135.798221, 57.388252 ], [ -135.79632, 57.388188 ], [ -135.794775, 57.388124 ], [ -135.793467, 57.388572 ], [ -135.792041, 57.3887 ], [ -135.790378, 57.388124 ], [ -135.789427, 57.386843 ], [ -135.789427, 57.385754 ], [ -135.790021, 57.38396 ], [ -135.790378, 57.383128 ], [ -135.78907, 57.382935 ], [ -135.787763, 57.38364 ], [ -135.787169, 57.385177 ], [ -135.786575, 57.386586 ], [ -135.785267, 57.387227 ], [ -135.781465, 57.387227 ], [ -135.77885, 57.388124 ], [ -135.776354, 57.388316 ], [ -135.774453, 57.38806 ], [ -135.774097, 57.387227 ], [ -135.774691, 57.386522 ], [ -135.77374, 57.385466 ], [ -135.770175, 57.386362 ], [ -135.768036, 57.385594 ], [ -135.768511, 57.38316 ], [ -135.769937, 57.382263 ], [ -135.767798, 57.379829 ], [ -135.76447, 57.380725 ], [ -135.761618, 57.382135 ], [ -135.759955, 57.380982 ], [ -135.759479, 57.379829 ], [ -135.762094, 57.378675 ], [ -135.761618, 57.377394 ], [ -135.764708, 57.374831 ], [ -135.76756, 57.374191 ], [ -135.76447, 57.373294 ], [ -135.761143, 57.373806 ], [ -135.757815, 57.372653 ], [ -135.751636, 57.371884 ], [ -135.747358, 57.37009 ], [ -135.741416, 57.37073 ], [ -135.73785, 57.37073 ], [ -135.735711, 57.37355 ], [ -135.734998, 57.375985 ], [ -135.731908, 57.375472 ], [ -135.728819, 57.373165 ], [ -135.727392, 57.37073 ], [ -135.723114, 57.371115 ], [ -135.719074, 57.371243 ], [ -135.717648, 57.369833 ], [ -135.715746, 57.367398 ], [ -135.714082, 57.366597 ], [ -135.712181, 57.366725 ], [ -135.711943, 57.368199 ], [ -135.711111, 57.369481 ], [ -135.708378, 57.369801 ], [ -135.707071, 57.368904 ], [ -135.705169, 57.368776 ], [ -135.703506, 57.369994 ], [ -135.702911, 57.372429 ], [ -135.703624, 57.373518 ], [ -135.701248, 57.374223 ], [ -135.699346, 57.373454 ], [ -135.697564, 57.372557 ], [ -135.694236, 57.37371 ], [ -135.693048, 57.375184 ], [ -135.690433, 57.376081 ], [ -135.688294, 57.376145 ], [ -135.687225, 57.378451 ], [ -135.687225, 57.379284 ], [ -135.688651, 57.380373 ], [ -135.689007, 57.382103 ], [ -135.686155, 57.382551 ], [ -135.684491, 57.382487 ], [ -135.682471, 57.383256 ], [ -135.680213, 57.38364 ], [ -135.679619, 57.385113 ], [ -135.677123, 57.386458 ], [ -135.675816, 57.386971 ], [ -135.673796, 57.387547 ], [ -135.672013, 57.387547 ], [ -135.669874, 57.387035 ], [ -135.667735, 57.38633 ], [ -135.66619, 57.385241 ], [ -135.667735, 57.384088 ], [ -135.665952, 57.382551 ], [ -135.667378, 57.381334 ], [ -135.666428, 57.380501 ], [ -135.665358, 57.380117 ], [ -135.662506, 57.380373 ], [ -135.66108, 57.381206 ], [ -135.658228, 57.381846 ], [ -135.656802, 57.383512 ], [ -135.655494, 57.384857 ], [ -135.652167, 57.385434 ], [ -135.649909, 57.388316 ], [ -135.649909, 57.389917 ], [ -135.652999, 57.391902 ], [ -135.657039, 57.392991 ], [ -135.660842, 57.393567 ], [ -135.6631, 57.39504 ], [ -135.667735, 57.396001 ], [ -135.67237, 57.396193 ], [ -135.673677, 57.397474 ], [ -135.674984, 57.39837 ], [ -135.675222, 57.399779 ], [ -135.673558, 57.400227 ], [ -135.673796, 57.401379 ], [ -135.676648, 57.402148 ], [ -135.677361, 57.404068 ], [ -135.676529, 57.405541 ], [ -135.675222, 57.406565 ], [ -135.673439, 57.406565 ], [ -135.672013, 57.406565 ], [ -135.671062, 57.407397 ], [ -135.668804, 57.407909 ], [ -135.666546, 57.407845 ], [ -135.664764, 57.407525 ], [ -135.6631, 57.406821 ], [ -135.66108, 57.406821 ], [ -135.658109, 57.406885 ], [ -135.655613, 57.407141 ], [ -135.654187, 57.407653 ], [ -135.652523, 57.406693 ], [ -135.65288, 57.405285 ], [ -135.652167, 57.404708 ], [ -135.651097, 57.404964 ], [ -135.648007, 57.405477 ], [ -135.645987, 57.405797 ], [ -135.645512, 57.406565 ], [ -135.643967, 57.407653 ], [ -135.64159, 57.407909 ], [ -135.639094, 57.407845 ], [ -135.637312, 57.407845 ], [ -135.635767, 57.407333 ], [ -135.63446, 57.406565 ], [ -135.630776, 57.406885 ], [ -135.627448, 57.408165 ], [ -135.624715, 57.408677 ], [ -135.622219, 57.410022 ], [ -135.620674, 57.41143 ], [ -135.621863, 57.413542 ], [ -135.622219, 57.41719 ], [ -135.620555, 57.419942 ], [ -135.61806, 57.42071 ], [ -135.614613, 57.420838 ], [ -135.61188, 57.420582 ], [ -135.610335, 57.421286 ], [ -135.608553, 57.423077 ], [ -135.607364, 57.423909 ], [ -135.604393, 57.423781 ], [ -135.604155, 57.424741 ], [ -135.601898, 57.424421 ], [ -135.601184, 57.424741 ], [ -135.598689, 57.424741 ], [ -135.595956, 57.426788 ], [ -135.592866, 57.426788 ], [ -135.584547, 57.432994 ], [ -135.584428, 57.434017 ], [ -135.584428, 57.435169 ], [ -135.586448, 57.436704 ], [ -135.589538, 57.437024 ], [ -135.591558, 57.438559 ], [ -135.596074, 57.439774 ], [ -135.597144, 57.442652 ], [ -135.596193, 57.443803 ], [ -135.594292, 57.443803 ], [ -135.591677, 57.445146 ], [ -135.589538, 57.446361 ], [ -135.587518, 57.44585 ], [ -135.585379, 57.446745 ], [ -135.58324, 57.446873 ], [ -135.581932, 57.44764 ], [ -135.580982, 57.449303 ], [ -135.578961, 57.450262 ], [ -135.575396, 57.451093 ], [ -135.573257, 57.451668 ], [ -135.570999, 57.45186 ], [ -135.569335, 57.452755 ], [ -135.567315, 57.452563 ], [ -135.563512, 57.452436 ], [ -135.560541, 57.452372 ], [ -135.556857, 57.451988 ], [ -135.553292, 57.4525 ], [ -135.552698, 57.454034 ], [ -135.552222, 57.455632 ], [ -135.552698, 57.456399 ], [ -135.554243, 57.457294 ], [ -135.554837, 57.458189 ], [ -135.55448, 57.459276 ], [ -135.555431, 57.460618 ], [ -135.555312, 57.461513 ], [ -135.554599, 57.462536 ], [ -135.552341, 57.464901 ], [ -135.551272, 57.465796 ], [ -135.551391, 57.467074 ], [ -135.551153, 57.468736 ], [ -135.550559, 57.470397 ], [ -135.550796, 57.472634 ], [ -135.549965, 57.474167 ], [ -135.549489, 57.476276 ], [ -135.548301, 57.477362 ], [ -135.547825, 57.478959 ], [ -135.549608, 57.48062 ], [ -135.549965, 57.481834 ], [ -135.551985, 57.483048 ], [ -135.552222, 57.483879 ], [ -135.551153, 57.485156 ], [ -135.550915, 57.485987 ], [ -135.551866, 57.487072 ], [ -135.554124, 57.487967 ], [ -135.554837, 57.489436 ], [ -135.55353, 57.490585 ], [ -135.553411, 57.491671 ], [ -135.555193, 57.493587 ], [ -135.558283, 57.496716 ], [ -135.560185, 57.498121 ], [ -135.563037, 57.498377 ], [ -135.565176, 57.49959 ], [ -135.566246, 57.502208 ], [ -135.566721, 57.504251 ], [ -135.56684, 57.506294 ], [ -135.567672, 57.50955 ], [ -135.568504, 57.511465 ], [ -135.569573, 57.512422 ], [ -135.572901, 57.512486 ], [ -135.575159, 57.51306 ], [ -135.578843, 57.514975 ], [ -135.580506, 57.516954 ], [ -135.579793, 57.520719 ], [ -135.576941, 57.521038 ], [ -135.575753, 57.521804 ], [ -135.573851, 57.522506 ], [ -135.572901, 57.523591 ], [ -135.573376, 57.52525 ], [ -135.574089, 57.526909 ], [ -135.573614, 57.528057 ], [ -135.572306, 57.528887 ], [ -135.57088, 57.530227 ], [ -135.570167, 57.531758 ], [ -135.569811, 57.53297 ], [ -135.568741, 57.533927 ], [ -135.568385, 57.535203 ], [ -135.566127, 57.536861 ], [ -135.564225, 57.538966 ], [ -135.564701, 57.54088 ], [ -135.565295, 57.543941 ], [ -135.565651, 57.547193 ], [ -135.567909, 57.54917 ], [ -135.569811, 57.55019 ], [ -135.572901, 57.550063 ], [ -135.574683, 57.550127 ], [ -135.576228, 57.550892 ], [ -135.578248, 57.552295 ], [ -135.581101, 57.553315 ], [ -135.584666, 57.553187 ], [ -135.58728, 57.553187 ], [ -135.589657, 57.554144 ], [ -135.592985, 57.555929 ], [ -135.596669, 57.558096 ], [ -135.602016, 57.559499 ], [ -135.605938, 57.560519 ], [ -135.610097, 57.560328 ], [ -135.612237, 57.560646 ], [ -135.613544, 57.562049 ], [ -135.61295, 57.563579 ], [ -135.610929, 57.564917 ], [ -135.602729, 57.573011 ], [ -135.600115, 57.573011 ], [ -135.598927, 57.573457 ], [ -135.597619, 57.573457 ], [ -135.595243, 57.572947 ], [ -135.593222, 57.571928 ], [ -135.591677, 57.570398 ], [ -135.589063, 57.568996 ], [ -135.585616, 57.568359 ], [ -135.581219, 57.568932 ], [ -135.578367, 57.569888 ], [ -135.57813, 57.570972 ], [ -135.576109, 57.571991 ], [ -135.572901, 57.573648 ], [ -135.572663, 57.576771 ], [ -135.572069, 57.578746 ], [ -135.570167, 57.580594 ], [ -135.568266, 57.581868 ], [ -135.566127, 57.582314 ], [ -135.563393, 57.582186 ], [ -135.560779, 57.58174 ], [ -135.558878, 57.582314 ], [ -135.558283, 57.584416 ], [ -135.537011, 57.589385 ], [ -135.533089, 57.589194 ], [ -135.529762, 57.588557 ], [ -135.525602, 57.587983 ], [ -135.521086, 57.587728 ], [ -135.520968, 57.589958 ], [ -135.51966, 57.590977 ], [ -135.518828, 57.592315 ], [ -135.517402, 57.593334 ], [ -135.513481, 57.593652 ], [ -135.510985, 57.594162 ], [ -135.511223, 57.594989 ], [ -135.513956, 57.596836 ], [ -135.517165, 57.59811 ], [ -135.521324, 57.600148 ], [ -135.52275, 57.602567 ], [ -135.524295, 57.60435 ], [ -135.525959, 57.606069 ], [ -135.530237, 57.607343 ], [ -135.539269, 57.609061 ], [ -135.543072, 57.610335 ], [ -135.545211, 57.611671 ], [ -135.547469, 57.613327 ], [ -135.54937, 57.613136 ], [ -135.551153, 57.611671 ], [ -135.555907, 57.611671 ], [ -135.568266, 57.616382 ], [ -135.570643, 57.617273 ], [ -135.574208, 57.618164 ], [ -135.57813, 57.617973 ], [ -135.581814, 57.615745 ], [ -135.586211, 57.613199 ], [ -135.606651, 57.610207 ], [ -135.611286, 57.611417 ], [ -135.614019, 57.611799 ], [ -135.616158, 57.611608 ], [ -135.61901, 57.612372 ], [ -135.621981, 57.613772 ], [ -135.625903, 57.616445 ], [ -135.630419, 57.616509 ], [ -135.63339, 57.617782 ], [ -135.635173, 57.619564 ], [ -135.638263, 57.620073 ], [ -135.642303, 57.621728 ], [ -135.645512, 57.623192 ], [ -135.649077, 57.62351 ], [ -135.650384, 57.624655 ], [ -135.654306, 57.626628 ], [ -135.655732, 57.628219 ], [ -135.655613, 57.630318 ], [ -135.655138, 57.6314 ], [ -135.620793, 57.637825 ], [ -135.619605, 57.637825 ], [ -135.618654, 57.639543 ], [ -135.618535, 57.640751 ], [ -135.61806, 57.642596 ], [ -135.616634, 57.644313 ], [ -135.614257, 57.646348 ], [ -135.612474, 57.646602 ], [ -135.610097, 57.647556 ], [ -135.607721, 57.648129 ], [ -135.604155, 57.648574 ], [ -135.600471, 57.648828 ], [ -135.597976, 57.650291 ], [ -135.595361, 57.650609 ], [ -135.594173, 57.651054 ], [ -135.595005, 57.652771 ], [ -135.594173, 57.653852 ], [ -135.592985, 57.654933 ], [ -135.591083, 57.656904 ], [ -135.589895, 57.659002 ], [ -135.566127, 57.67038 ], [ -135.563631, 57.669426 ], [ -135.556501, 57.666058 ], [ -135.551034, 57.664659 ], [ -135.54735, 57.664278 ], [ -135.544617, 57.66307 ], [ -135.539863, 57.661227 ], [ -135.538081, 57.659955 ], [ -135.53915, 57.659129 ], [ -135.539388, 57.656013 ], [ -135.539031, 57.654742 ], [ -135.534991, 57.652898 ], [ -135.532495, 57.651117 ], [ -135.530475, 57.65099 ], [ -135.528336, 57.651054 ], [ -135.526672, 57.650164 ], [ -135.521324, 57.650164 ], [ -135.515857, 57.650609 ], [ -135.513481, 57.6508 ], [ -135.511579, 57.649719 ], [ -135.50742, 57.646857 ], [ -135.502072, 57.643804 ], [ -135.496249, 57.641196 ], [ -135.491852, 57.638525 ], [ -135.489475, 57.637316 ], [ -135.485316, 57.634963 ], [ -135.482226, 57.632799 ], [ -135.479849, 57.632036 ], [ -135.477829, 57.630891 ], [ -135.473194, 57.630764 ], [ -135.471649, 57.630445 ], [ -135.466777, 57.628728 ], [ -135.463568, 57.628091 ], [ -135.460003, 57.626882 ], [ -135.457626, 57.626182 ], [ -135.454298, 57.624273 ], [ -135.449664, 57.622492 ], [ -135.444197, 57.620073 ], [ -135.439325, 57.618228 ], [ -135.435641, 57.616445 ], [ -135.43267, 57.616064 ], [ -135.430293, 57.615554 ], [ -135.427916, 57.6146 ], [ -135.427203, 57.613008 ], [ -135.424232, 57.611862 ], [ -135.421023, 57.611353 ], [ -135.416745, 57.610971 ], [ -135.413655, 57.610717 ], [ -135.411397, 57.609189 ], [ -135.405218, 57.606515 ], [ -135.400939, 57.604541 ], [ -135.398919, 57.602695 ], [ -135.39678, 57.601612 ], [ -135.393096, 57.600593 ], [ -135.390006, 57.599575 ], [ -135.387748, 57.59932 ], [ -135.384658, 57.597601 ], [ -135.380261, 57.595244 ], [ -135.37729, 57.594671 ], [ -135.375745, 57.593907 ], [ -135.373844, 57.592187 ], [ -135.370992, 57.590276 ], [ -135.368734, 57.589257 ], [ -135.36505, 57.589321 ], [ -135.362079, 57.589831 ], [ -135.358276, 57.590722 ], [ -135.355424, 57.590977 ], [ -135.352809, 57.590467 ], [ -135.349363, 57.58913 ], [ -135.346035, 57.587028 ], [ -135.342589, 57.584034 ], [ -135.33938, 57.581485 ], [ -135.336647, 57.58053 ], [ -135.334508, 57.578555 ], [ -135.332606, 57.577471 ], [ -135.331537, 57.57607 ], [ -135.32714, 57.574986 ], [ -135.324406, 57.574222 ], [ -135.320841, 57.574158 ], [ -135.318821, 57.573648 ], [ -135.316325, 57.572374 ], [ -135.313236, 57.570844 ], [ -135.31074, 57.570016 ], [ -135.306462, 57.567913 ], [ -135.302421, 57.566064 ], [ -135.298499, 57.565108 ], [ -135.295528, 57.564216 ], [ -135.293033, 57.563069 ], [ -135.288992, 57.560646 ], [ -135.285427, 57.559435 ], [ -135.283407, 57.558415 ], [ -135.281268, 57.557841 ], [ -135.277108, 57.556184 ], [ -135.274256, 57.555355 ], [ -135.272236, 57.554462 ], [ -135.269502, 57.55408 ], [ -135.266531, 57.552932 ], [ -135.264987, 57.552358 ], [ -135.259401, 57.551784 ], [ -135.254766, 57.549999 ], [ -135.250845, 57.548469 ], [ -135.248824, 57.548341 ], [ -135.247042, 57.547257 ], [ -135.244784, 57.545535 ], [ -135.24205, 57.543941 ], [ -135.239198, 57.542793 ], [ -135.23599, 57.540688 ], [ -135.23385, 57.538902 ], [ -135.230879, 57.537371 ], [ -135.226126, 57.536861 ], [ -135.22363, 57.535968 ], [ -135.220065, 57.535075 ], [ -135.21852, 57.533991 ], [ -135.216143, 57.533416 ], [ -135.21448, 57.532268 ], [ -135.218282, 57.53163 ], [ -135.220065, 57.531311 ], [ -135.217332, 57.529461 ], [ -135.215668, 57.528887 ], [ -135.214717, 57.527866 ], [ -135.211746, 57.528057 ], [ -135.208181, 57.528568 ], [ -135.205329, 57.527611 ], [ -135.2001, 57.527036 ], [ -135.197485, 57.526654 ], [ -135.196059, 57.526016 ], [ -135.193445, 57.525377 ], [ -135.192732, 57.524101 ], [ -135.192732, 57.523272 ], [ -135.193801, 57.522442 ], [ -135.196059, 57.521932 ], [ -135.194277, 57.520974 ], [ -135.192494, 57.519698 ], [ -135.189404, 57.519443 ], [ -135.185007, 57.519443 ], [ -135.17966, 57.518549 ], [ -135.17657, 57.517464 ], [ -135.173718, 57.515996 ], [ -135.171816, 57.514911 ], [ -135.171697, 57.513699 ], [ -135.169083, 57.511465 ], [ -135.164686, 57.50923 ], [ -135.162071, 57.507698 ], [ -135.158268, 57.505783 ], [ -135.152802, 57.505017 ], [ -135.14579, 57.502016 ], [ -135.13866, 57.499909 ], [ -135.13355, 57.498824 ], [ -135.128321, 57.497163 ], [ -135.126776, 57.496525 ], [ -135.126776, 57.495248 ], [ -135.124993, 57.494353 ], [ -135.124399, 57.493332 ], [ -135.125825, 57.492501 ], [ -135.123092, 57.491096 ], [ -135.120834, 57.490394 ], [ -135.117387, 57.488733 ], [ -135.115842, 57.487456 ], [ -135.116793, 57.486434 ], [ -135.114298, 57.485092 ], [ -135.111683, 57.483942 ], [ -135.109544, 57.481451 ], [ -135.110614, 57.480748 ], [ -135.10693, 57.478448 ], [ -135.104672, 57.477107 ], [ -135.10384, 57.475701 ], [ -135.105503, 57.474806 ], [ -135.105503, 57.473848 ], [ -135.102176, 57.471484 ], [ -135.099205, 57.471547 ], [ -135.096947, 57.470461 ], [ -135.093501, 57.469055 ], [ -135.090886, 57.466115 ], [ -135.088153, 57.464837 ], [ -135.085538, 57.465093 ], [ -135.083518, 57.46586 ], [ -135.081617, 57.466371 ], [ -135.080309, 57.466307 ], [ -135.079477, 57.465221 ], [ -135.077933, 57.46407 ], [ -135.074843, 57.463814 ], [ -135.072941, 57.463623 ], [ -135.069733, 57.463623 ], [ -135.067594, 57.463367 ], [ -135.065098, 57.462408 ], [ -135.063791, 57.461449 ], [ -135.063672, 57.460427 ], [ -135.061889, 57.460555 ], [ -135.06082, 57.461769 ], [ -135.061295, 57.462664 ], [ -135.062721, 57.463239 ], [ -135.062246, 57.464006 ], [ -135.060344, 57.463942 ], [ -135.05773, 57.463814 ], [ -135.055947, 57.462856 ], [ -135.053452, 57.462216 ], [ -135.05262, 57.461386 ], [ -135.050837, 57.461641 ], [ -135.051907, 57.463111 ], [ -135.051431, 57.464006 ], [ -135.049411, 57.463878 ], [ -135.046797, 57.463175 ], [ -135.043707, 57.461705 ], [ -135.043469, 57.460618 ], [ -135.041092, 57.459532 ], [ -135.037289, 57.460107 ], [ -135.034675, 57.460299 ], [ -135.032536, 57.460107 ], [ -135.029802, 57.460235 ], [ -135.027663, 57.460746 ], [ -135.025762, 57.460682 ], [ -135.024692, 57.459532 ], [ -135.024336, 57.458381 ], [ -135.026237, 57.457742 ], [ -135.026356, 57.455185 ], [ -135.023742, 57.453906 ], [ -135.022672, 57.45429 ], [ -135.021484, 57.455824 ], [ -135.019582, 57.456911 ], [ -135.0178, 57.456911 ], [ -135.014116, 57.456527 ], [ -135.009362, 57.45787 ], [ -135.006747, 57.458509 ], [ -134.999855, 57.458956 ], [ -134.997478, 57.459724 ], [ -134.995339, 57.460107 ], [ -134.993675, 57.45966 ], [ -134.990704, 57.458317 ], [ -134.987377, 57.458253 ], [ -134.985119, 57.458253 ], [ -134.982861, 57.457294 ], [ -134.980959, 57.456911 ], [ -134.977869, 57.457486 ], [ -134.975017, 57.45723 ], [ -134.973472, 57.457934 ], [ -134.975136, 57.459724 ], [ -134.974423, 57.460746 ], [ -134.97169, 57.462984 ], [ -134.969907, 57.463367 ], [ -134.965748, 57.462984 ], [ -134.963371, 57.462536 ], [ -134.959449, 57.461386 ], [ -134.956359, 57.460938 ], [ -134.952557, 57.460746 ], [ -134.949467, 57.461066 ], [ -134.946971, 57.460874 ], [ -134.944832, 57.460427 ], [ -134.938652, 57.460491 ], [ -134.935325, 57.459979 ], [ -134.933899, 57.459084 ], [ -134.931522, 57.458956 ], [ -134.929977, 57.459851 ], [ -134.928432, 57.460938 ], [ -134.925461, 57.461897 ], [ -134.92356, 57.462089 ], [ -134.920707, 57.461705 ], [ -134.918568, 57.461449 ], [ -134.916073, 57.460618 ], [ -134.912983, 57.459979 ], [ -134.910368, 57.459979 ], [ -134.908586, 57.459404 ], [ -134.906447, 57.45966 ], [ -134.903713, 57.460427 ], [ -134.901812, 57.460427 ], [ -134.899673, 57.459851 ], [ -134.896583, 57.45934 ], [ -134.893612, 57.45966 ], [ -134.891829, 57.461002 ], [ -134.887908, 57.46292 ], [ -134.886482, 57.463495 ], [ -134.884342, 57.463367 ], [ -134.882441, 57.463623 ], [ -134.880658, 57.463175 ], [ -134.878044, 57.46292 ], [ -134.876499, 57.463367 ], [ -134.874598, 57.46292 ], [ -134.872696, 57.463559 ], [ -134.870676, 57.464326 ], [ -134.868774, 57.464517 ], [ -134.868656, 57.466818 ], [ -134.870914, 57.467969 ], [ -134.872577, 57.469311 ], [ -134.872696, 57.472378 ], [ -134.875073, 57.474806 ], [ -134.878519, 57.476595 ], [ -134.880896, 57.478065 ], [ -134.882798, 57.479726 ], [ -134.884105, 57.481579 ], [ -134.886363, 57.483623 ], [ -134.888621, 57.484837 ], [ -134.891948, 57.484964 ], [ -134.892899, 57.485667 ], [ -134.894919, 57.487647 ], [ -134.897534, 57.488669 ], [ -134.89991, 57.490649 ], [ -134.891473, 57.492948 ], [ -134.888977, 57.49429 ], [ -134.888858, 57.494928 ], [ -134.890403, 57.49793 ], [ -134.892186, 57.498951 ], [ -134.893731, 57.500484 ], [ -134.894919, 57.501952 ], [ -134.894087, 57.502718 ], [ -134.891116, 57.503995 ], [ -134.886957, 57.505208 ], [ -134.882679, 57.506038 ], [ -134.880302, 57.506102 ], [ -134.878638, 57.505719 ], [ -134.877687, 57.504762 ], [ -134.876499, 57.503102 ], [ -134.87436, 57.502144 ], [ -134.871508, 57.500356 ], [ -134.869012, 57.49793 ], [ -134.86616, 57.495184 ], [ -134.864021, 57.492821 ], [ -134.861644, 57.489755 ], [ -134.858673, 57.487009 ], [ -134.856177, 57.486561 ], [ -134.854989, 57.485539 ], [ -134.853444, 57.483942 ], [ -134.851186, 57.483304 ], [ -134.84976, 57.482281 ], [ -134.846195, 57.479279 ], [ -134.845006, 57.477937 ], [ -134.84465, 57.475317 ], [ -134.843937, 57.473592 ], [ -134.843224, 57.472314 ], [ -134.841679, 57.47225 ], [ -134.841085, 57.47487 ], [ -134.840372, 57.475956 ], [ -134.840134, 57.478576 ], [ -134.839064, 57.479279 ], [ -134.836331, 57.47979 ], [ -134.834073, 57.479598 ], [ -134.833717, 57.478895 ], [ -134.830746, 57.478448 ], [ -134.829557, 57.479598 ], [ -134.831459, 57.481068 ], [ -134.835024, 57.481962 ], [ -134.835024, 57.483879 ], [ -134.834073, 57.48522 ], [ -134.833835, 57.488414 ], [ -134.834786, 57.491288 ], [ -134.835737, 57.492757 ], [ -134.83443, 57.493715 ], [ -134.83443, 57.494609 ], [ -134.836212, 57.496397 ], [ -134.836806, 57.497866 ], [ -134.837638, 57.500292 ], [ -134.838114, 57.501952 ], [ -134.838351, 57.503038 ], [ -134.837282, 57.503293 ], [ -134.836212, 57.502782 ], [ -134.834786, 57.502272 ], [ -134.832172, 57.501122 ], [ -134.830983, 57.499526 ], [ -134.82932, 57.497866 ], [ -134.82825, 57.498057 ], [ -134.828131, 57.499462 ], [ -134.828131, 57.500803 ], [ -134.828012, 57.502016 ], [ -134.827418, 57.503932 ], [ -134.829082, 57.506421 ], [ -134.831459, 57.50872 ], [ -134.831934, 57.511337 ], [ -134.832766, 57.512741 ], [ -134.835499, 57.513954 ], [ -134.840372, 57.511784 ], [ -134.843105, 57.512805 ], [ -134.845838, 57.514082 ], [ -134.847264, 57.515996 ], [ -134.847502, 57.519762 ], [ -134.847859, 57.521485 ], [ -134.84774, 57.522889 ], [ -134.849166, 57.524165 ], [ -134.851305, 57.52525 ], [ -134.852731, 57.527738 ], [ -134.855227, 57.529142 ], [ -134.85796, 57.530609 ], [ -134.858554, 57.532778 ], [ -134.85796, 57.534118 ], [ -134.857009, 57.535266 ], [ -134.857722, 57.536478 ], [ -134.857841, 57.537499 ], [ -134.856653, 57.538137 ], [ -134.856772, 57.539731 ], [ -134.858317, 57.540943 ], [ -134.859267, 57.541964 ], [ -134.859861, 57.543622 ], [ -134.859743, 57.545599 ], [ -134.858198, 57.546237 ], [ -134.855108, 57.546492 ], [ -134.856415, 57.547895 ], [ -134.856534, 57.549808 ], [ -134.857128, 57.551784 ], [ -134.857128, 57.55306 ], [ -134.856653, 57.55459 ], [ -134.854632, 57.556566 ], [ -134.852493, 57.557395 ], [ -134.852493, 57.562112 ], [ -134.853444, 57.562686 ], [ -134.853801, 57.564025 ], [ -134.852731, 57.565045 ], [ -134.852731, 57.567084 ], [ -134.851186, 57.567594 ], [ -134.849879, 57.568231 ], [ -134.850473, 57.570526 ], [ -134.851305, 57.573011 ], [ -134.852137, 57.575114 ], [ -134.852018, 57.576707 ], [ -134.850235, 57.578555 ], [ -134.850354, 57.580148 ], [ -134.851424, 57.581931 ], [ -134.852731, 57.583843 ], [ -134.853682, 57.585881 ], [ -134.854514, 57.588557 ], [ -134.855346, 57.591041 ], [ -134.857603, 57.594416 ], [ -134.858554, 57.596391 ], [ -134.858079, 57.59811 ], [ -134.858792, 57.600784 ], [ -134.859505, 57.60365 ], [ -134.860337, 57.605878 ], [ -134.863545, 57.607661 ], [ -134.866041, 57.608934 ], [ -134.867467, 57.61129 ], [ -134.869131, 57.613008 ], [ -134.870082, 57.6146 ], [ -134.871983, 57.615745 ], [ -134.871745, 57.617018 ], [ -134.87127, 57.617909 ], [ -134.872815, 57.620137 ], [ -134.87329, 57.621537 ], [ -134.872102, 57.622492 ], [ -134.875073, 57.626437 ], [ -134.876856, 57.629618 ], [ -134.8784, 57.631273 ], [ -134.882441, 57.631972 ], [ -134.885174, 57.632545 ], [ -134.887076, 57.633754 ], [ -134.887313, 57.63598 ], [ -134.886244, 57.636616 ], [ -134.883748, 57.63738 ], [ -134.884105, 57.638779 ], [ -134.885174, 57.64126 ], [ -134.887432, 57.644758 ], [ -134.891592, 57.649146 ], [ -134.895989, 57.652262 ], [ -134.898603, 57.654233 ], [ -134.904308, 57.656204 ], [ -134.909536, 57.657476 ], [ -134.914171, 57.65862 ], [ -134.917499, 57.658747 ], [ -134.919044, 57.659701 ], [ -134.922847, 57.661163 ], [ -134.925699, 57.662244 ], [ -134.929502, 57.664405 ], [ -134.932116, 57.665867 ], [ -134.934374, 57.666312 ], [ -134.936988, 57.666947 ], [ -134.937464, 57.66771 ], [ -134.937464, 57.668536 ], [ -134.936038, 57.669617 ], [ -134.935681, 57.671079 ], [ -134.934255, 57.671333 ], [ -134.932591, 57.671015 ], [ -134.929502, 57.669744 ], [ -134.926531, 57.668727 ], [ -134.920707, 57.666503 ], [ -134.914409, 57.664659 ], [ -134.910606, 57.663706 ], [ -134.906447, 57.662816 ], [ -134.902525, 57.662117 ], [ -134.899435, 57.662053 ], [ -134.898009, 57.662434 ], [ -134.901218, 57.663833 ], [ -134.902287, 57.664913 ], [ -134.905377, 57.666312 ], [ -134.906565, 57.666121 ], [ -134.907754, 57.666693 ], [ -134.90811, 57.668155 ], [ -134.913934, 57.670189 ], [ -134.916786, 57.671079 ], [ -134.918449, 57.671714 ], [ -134.918806, 57.672922 ], [ -134.917974, 57.673494 ], [ -134.917855, 57.674256 ], [ -134.919281, 57.675464 ], [ -134.921183, 57.676163 ], [ -134.922252, 57.677497 ], [ -134.92142, 57.678895 ], [ -134.919044, 57.681055 ], [ -134.916192, 57.683025 ], [ -134.913577, 57.68366 ], [ -134.911319, 57.685248 ], [ -134.910487, 57.687535 ], [ -134.908348, 57.689758 ], [ -134.905615, 57.6916 ], [ -134.903238, 57.693125 ], [ -134.904308, 57.694459 ], [ -134.907041, 57.695157 ], [ -134.907041, 57.696808 ], [ -134.905734, 57.697698 ], [ -134.907992, 57.699412 ], [ -134.909893, 57.69973 ], [ -134.911319, 57.700492 ], [ -134.911319, 57.701381 ], [ -134.911319, 57.702333 ], [ -134.911676, 57.70373 ], [ -134.913221, 57.703921 ], [ -134.914884, 57.70481 ], [ -134.914765, 57.706079 ], [ -134.915954, 57.70754 ], [ -134.918093, 57.708238 ], [ -134.918806, 57.709254 ], [ -134.9194, 57.710524 ], [ -134.918806, 57.711984 ], [ -134.917736, 57.712682 ], [ -134.917736, 57.713698 ], [ -134.918925, 57.715919 ], [ -134.918925, 57.71776 ], [ -134.920589, 57.720172 ], [ -134.920232, 57.721251 ], [ -134.920232, 57.722584 ], [ -134.919281, 57.723916 ], [ -134.92047, 57.726708 ], [ -134.922609, 57.728675 ], [ -134.922252, 57.730579 ], [ -134.922728, 57.731848 ], [ -134.924748, 57.733878 ], [ -134.924748, 57.734893 ], [ -134.923322, 57.736099 ], [ -134.92047, 57.737367 ], [ -134.918331, 57.738699 ], [ -134.917499, 57.739905 ], [ -134.918449, 57.74092 ], [ -134.921658, 57.741617 ], [ -134.924154, 57.742822 ], [ -134.923797, 57.743964 ], [ -134.924391, 57.745867 ], [ -134.924154, 57.746818 ], [ -134.925699, 57.748213 ], [ -134.928313, 57.749672 ], [ -134.928313, 57.751131 ], [ -134.929145, 57.752589 ], [ -134.929145, 57.753667 ], [ -134.928907, 57.755316 ], [ -134.929739, 57.757281 ], [ -134.932235, 57.758549 ], [ -134.935919, 57.7595 ], [ -134.938415, 57.760958 ], [ -134.940435, 57.761846 ], [ -134.943762, 57.762036 ], [ -134.946377, 57.761782 ], [ -134.949348, 57.760641 ], [ -134.952794, 57.760324 ], [ -134.957072, 57.761085 ], [ -134.960281, 57.761846 ], [ -134.963846, 57.760197 ], [ -134.965748, 57.760071 ], [ -134.969194, 57.761022 ], [ -134.972997, 57.762226 ], [ -134.977513, 57.762036 ], [ -134.980722, 57.760768 ], [ -134.982266, 57.759183 ], [ -134.984049, 57.757788 ], [ -134.987495, 57.756267 ], [ -134.99011, 57.754364 ], [ -134.995814, 57.753033 ], [ -135.002945, 57.750496 ], [ -135.008055, 57.748087 ], [ -135.011263, 57.747326 ], [ -135.014472, 57.746818 ], [ -135.016136, 57.745233 ], [ -135.020058, 57.744281 ], [ -135.022791, 57.743837 ], [ -135.026237, 57.745233 ], [ -135.028376, 57.746184 ], [ -135.027782, 57.747135 ], [ -135.026356, 57.748467 ], [ -135.027307, 57.749672 ], [ -135.031704, 57.750623 ], [ -135.035507, 57.752018 ], [ -135.038478, 57.752462 ], [ -135.04133, 57.754238 ], [ -135.043826, 57.754745 ], [ -135.047272, 57.754555 ], [ -135.048341, 57.753477 ], [ -135.050599, 57.753033 ], [ -135.052857, 57.751701 ], [ -135.055472, 57.752145 ], [ -135.059275, 57.752399 ], [ -135.062127, 57.752018 ], [ -135.064504, 57.752399 ], [ -135.06688, 57.752906 ], [ -135.069851, 57.752209 ], [ -135.072228, 57.750877 ], [ -135.07508, 57.750243 ], [ -135.077814, 57.750496 ], [ -135.080309, 57.751131 ], [ -135.083399, 57.751701 ], [ -135.085657, 57.751574 ], [ -135.087915, 57.752082 ], [ -135.091837, 57.751891 ], [ -135.094808, 57.752209 ], [ -135.097422, 57.753857 ], [ -135.099086, 57.755696 ], [ -135.101582, 57.75652 ], [ -135.103364, 57.758739 ], [ -135.104553, 57.760007 ], [ -135.10788, 57.760166 ], [ -135.11179629999998, 57.7669057 ], [ -135.122558, 57.762558 ], [ -135.176422, 57.757683 ], [ -135.217987, 57.758789 ], [ -135.238129, 57.761711 ], [ -135.275879, 57.773285 ], [ -135.308909, 57.787246 ], [ -135.310647, 57.787977 ], [ -135.351074, 57.80545 ], [ -135.379425, 57.823044 ], [ -135.426727, 57.843994 ], [ -135.466888, 57.857788 ], [ -135.528534, 57.88047 ], [ -135.538949, 57.883491 ], [ -135.570251, 57.89257 ], [ -135.608032, 57.900673 ], [ -135.648499, 57.91333 ], [ -135.715149, 57.929413 ], [ -135.75702, 57.942719 ], [ -135.792389, 57.957771 ], [ -135.81891, 57.974144 ], [ -135.878746, 57.997419 ], [ -135.894086, 58.000878 ], [ -135.901964, 58.001343 ], [ -135.9799, 57.8903 ], [ -136.024328, 57.838795 ], [ -136.3801099, 57.832079099999987 ], [ -136.378754, 57.831259 ] ] ], [ [ [ -136.386903, 57.799512 ], [ -136.384193, 57.79832 ], [ -136.381105, 57.798847 ], [ -136.379167, 57.802083 ], [ -136.381352, 57.80397 ], [ -136.384891, 57.803679 ], [ -136.38796, 57.802154 ], [ -136.386903, 57.799512 ] ] ], [ [ [ -136.427953, 57.830942 ], [ -136.422843, 57.828664 ], [ -136.423913, 57.826893 ], [ -136.426527, 57.824551 ], [ -136.425814, 57.822273 ], [ -136.423913, 57.820437 ], [ -136.420704, 57.819108 ], [ -136.416664, 57.818665 ], [ -136.410246, 57.817589 ], [ -136.408226, 57.817526 ], [ -136.40478, 57.818792 ], [ -136.397649, 57.818792 ], [ -136.394203, 57.82145 ], [ -136.393252, 57.82607 ], [ -136.390757, 57.83012 ], [ -136.388731899999982, 57.8319163 ], [ -136.4281815, 57.83117 ], [ -136.427953, 57.830942 ] ] ] ] } },
{ "type": "Feature", "properties": { "GEOID": "0238970", "NAME": "Ketchikan city, Alaska", "population": 7939.0 }, "geometry": { "type": "Polygon", "coordinates": [ [ [ -131.737338, 55.387718 ], [ -131.73608, 55.382525 ], [ -131.730628, 55.378761 ], [ -131.728714, 55.376246 ], [ -131.716791, 55.368278 ], [ -131.712346, 55.365179 ], [ -131.712435, 55.3649956 ], [ -131.7134758, 55.3628521 ], [ -131.706055, 55.357989 ], [ -131.705003, 55.357299 ], [ -131.6988718, 55.3540072 ], [ -131.698743, 55.354873 ], [ -131.69627, 55.353755 ], [ -131.690447, 55.352268 ], [ -131.6894417, 55.3518107 ], [ -131.686288, 55.350376 ], [ -131.682128, 55.347876 ], [ -131.677256, 55.347403 ], [ -131.6770507, 55.3474017 ], [ -131.6728684, 55.3473742 ], [ -131.667036, 55.347336 ], [ -131.654557, 55.343011 ], [ -131.651705, 55.342673 ], [ -131.6469592, 55.3406848 ], [ -131.645592, 55.340112 ], [ -131.64262, 55.341374 ], [ -131.6407946, 55.3408649 ], [ -131.640128, 55.340679 ], [ -131.625966, 55.3332019 ], [ -131.622735, 55.331496 ], [ -131.6225248, 55.3313598 ], [ -131.619116599999984, 55.3291512 ], [ -131.616006, 55.330842 ], [ -131.617259, 55.331583 ], [ -131.621685, 55.334186 ], [ -131.618608, 55.335572 ], [ -131.619521, 55.337306 ], [ -131.621136, 55.340694 ], [ -131.615871, 55.345822 ], [ -131.61645, 55.352044 ], [ -131.629109, 55.352044 ], [ -131.635445, 55.352299 ], [ -131.635482, 55.359232 ], [ -131.648072, 55.359237 ], [ -131.648111, 55.356621 ], [ -131.652985, 55.358232 ], [ -131.657428, 55.353997 ], [ -131.65453, 55.35302 ], [ -131.654826, 55.351498 ], [ -131.65203, 55.348362 ], [ -131.665037, 55.352703 ], [ -131.672036, 55.355035 ], [ -131.672014, 55.363335 ], [ -131.694727, 55.363638 ], [ -131.709628, 55.363674 ], [ -131.709635, 55.365125 ], [ -131.707483, 55.366597 ], [ -131.709417, 55.367623 ], [ -131.709429, 55.373876 ], [ -131.71521, 55.373876 ], [ -131.715228, 55.383603 ], [ -131.730802, 55.383611 ], [ -131.730807, 55.38554 ], [ -131.73511, 55.385537 ], [ -131.735523, 55.388103 ], [ -131.733915, 55.388105 ], [ -131.733924, 55.391613 ], [ -131.7347078, 55.393736 ], [ -131.7362, 55.392718 ], [ -131.736338, 55.3921117 ], [ -131.7372674, 55.3880284 ], [ -131.737338, 55.387718 ] ] ] } },
{ "type": "Feature", "properties": { "GEOID": "0238420", "NAME": "Kenai city, Alaska", "population": 7924.0 }, "geometry": { "type": "Polygon", "coordinates": [ [ [ -151.336654, 60.587607 ], [ -151.3306354, 60.5807952 ], [ -151.330409, 60.580539 ], [ -151.323951, 60.574135 ], [ -151.303125, 60.561326 ], [ -151.298575299999982, 60.5597093 ], [ -151.2712033, 60.549982699999987 ], [ -151.268694399999987, 60.5490912 ], [ -151.2685122, 60.549026499999989 ], [ -151.268373, 60.548977 ], [ -151.2681637, 60.5488767 ], [ -151.263924, 60.546845 ], [ -151.264461, 60.543263 ], [ -151.2669401, 60.5411531 ], [ -151.269866, 60.538663 ], [ -151.273213199999987, 60.5317187 ], [ -151.262714, 60.531115 ], [ -151.262719, 60.516661 ], [ -151.20405, 60.516672 ], [ -151.204056, 60.517657 ], [ -151.20407, 60.523895 ], [ -151.178285, 60.523896 ], [ -151.17545, 60.521333 ], [ -151.170967, 60.518875 ], [ -151.165227, 60.517233 ], [ -151.160103, 60.517469 ], [ -151.160104, 60.517941 ], [ -151.155646, 60.51901 ], [ -151.153193, 60.520828 ], [ -151.154145, 60.52521 ], [ -151.152264, 60.527414 ], [ -151.150488, 60.528074 ], [ -151.145028, 60.528871 ], [ -151.137244, 60.531996 ], [ -151.137632, 60.533353 ], [ -151.141454, 60.535596 ], [ -151.144068, 60.538825 ], [ -151.143901, 60.539995 ], [ -151.135005, 60.539902 ], [ -151.13222, 60.54039 ], [ -151.129109, 60.541716 ], [ -151.126951, 60.543852 ], [ -151.122639, 60.545792 ], [ -151.119401, 60.546464 ], [ -151.116154, 60.546426 ], [ -151.113358, 60.545426 ], [ -151.111281, 60.543495 ], [ -151.10759, 60.542399 ], [ -151.105852, 60.540835 ], [ -151.104334, 60.536628 ], [ -151.101277, 60.533421 ], [ -151.100155, 60.531112 ], [ -151.095581, 60.531113 ], [ -151.094475, 60.531113 ], [ -151.094493, 60.534728 ], [ -151.083214, 60.534729 ], [ -151.079818, 60.53473 ], [ -151.079852, 60.538323 ], [ -151.072521, 60.53834 ], [ -151.07264, 60.545562 ], [ -151.087141, 60.54558 ], [ -151.087287, 60.55959 ], [ -151.087316, 60.563623 ], [ -151.116154, 60.563617 ], [ -151.116155, 60.596115 ], [ -151.130842, 60.596116 ], [ -151.130845, 60.603337 ], [ -151.248356, 60.603338 ], [ -151.248267, 60.581672 ], [ -151.269854, 60.581679 ], [ -151.308229, 60.581669 ], [ -151.308233, 60.588938 ], [ -151.327086, 60.588943 ], [ -151.330732, 60.588808 ], [ -151.336869899999982, 60.5882002 ], [ -151.336654, 60.587607 ] ] ] } },
{ "type": "Feature", "properties": { "GEOID": "0258660", "NAME": "Palmer city, Alaska", "population": 6710.0 }, "geometry": { "type": "Polygon", "coordinates": [ [ [ -149.163525, 61.584992 ], [ -149.137565, 61.58499 ], [ -149.132874, 61.584871 ], [ -149.133256, 61.583421 ], [ -149.145158, 61.574162 ], [ -149.118058, 61.574146 ], [ -149.118099, 61.584983 ], [ -149.107863, 61.584986 ], [ -149.107854, 61.583713 ], [ -149.110537, 61.583715 ], [ -149.110527, 61.58138 ], [ -149.102952, 61.581379 ], [ -149.102967, 61.584983 ], [ -149.091027, 61.584994 ], [ -149.091014, 61.583619 ], [ -149.090455, 61.582221 ], [ -149.087757, 61.582241 ], [ -149.087772, 61.581405 ], [ -149.082195, 61.581354 ], [ -149.082206, 61.585001 ], [ -149.080236, 61.588615 ], [ -149.073633, 61.588721 ], [ -149.078565, 61.592196 ], [ -149.081531, 61.595026 ], [ -149.081455, 61.598012 ], [ -149.082553, 61.599437 ], [ -149.082351, 61.603696 ], [ -149.08071, 61.604753 ], [ -149.073055, 61.60662 ], [ -149.07307, 61.608246 ], [ -149.079256, 61.607609 ], [ -149.082277, 61.608615 ], [ -149.08793, 61.612046 ], [ -149.098624, 61.613875 ], [ -149.103172, 61.615556 ], [ -149.109264, 61.618848 ], [ -149.115982, 61.625941 ], [ -149.116875, 61.628216 ], [ -149.117982, 61.628301 ], [ -149.117335, 61.626141 ], [ -149.111483, 61.619946 ], [ -149.114535, 61.616629 ], [ -149.114527, 61.615658 ], [ -149.118421, 61.61817 ], [ -149.118692, 61.624688 ], [ -149.133573, 61.624706 ], [ -149.133541, 61.61746 ], [ -149.121963, 61.617436 ], [ -149.118418, 61.617488 ], [ -149.118398, 61.613873 ], [ -149.12591, 61.613871 ], [ -149.125887, 61.610269 ], [ -149.118389, 61.610259 ], [ -149.118349, 61.60722 ], [ -149.118493, 61.606625 ], [ -149.133458, 61.606656 ], [ -149.133458, 61.610261 ], [ -149.141032, 61.610261 ], [ -149.140989, 61.599462 ], [ -149.142698, 61.599462 ], [ -149.140746, 61.597633 ], [ -149.140902, 61.594003 ], [ -149.142802, 61.594011 ], [ -149.142782, 61.592187 ], [ -149.148486, 61.592208 ], [ -149.148475, 61.590483 ], [ -149.163586, 61.59041 ], [ -149.163525, 61.584992 ] ] ] } },
{ "type": "Feature", "properties": { "GEOID": "0206520", "NAME": "Bethel city, Alaska", "population": 6626.0 }, "geometry": { "type": "Polygon", "coordinates": [ [ [ -161.916666, 60.749999 ], [ -161.842378, 60.750007 ], [ -161.744497, 60.750035 ], [ -161.684131, 60.750022 ], [ -161.678311, 60.750014 ], [ -161.666666, 60.749999 ], [ -161.666666, 60.835555 ], [ -161.688933, 60.835563 ], [ -161.916666, 60.835555 ], [ -161.916666, 60.749999 ] ] ] } },
{ "type": "Feature", "properties": { "GEOID": "0233140", "NAME": "Homer city, Alaska", "population": 6331.0 }, "geometry": { "type": "Polygon", "coordinates": [ [ [ -151.654809, 59.6535635 ], [ -151.649916, 59.651531 ], [ -151.642073, 59.649009 ], [ -151.639429, 59.648715 ], [ -151.635655, 59.649369 ], [ -151.6311421, 59.6490272 ], [ -151.630902, 59.649009 ], [ -151.615215, 59.645286 ], [ -151.603806, 59.644205 ], [ -151.593348, 59.644084 ], [ -151.581265, 59.641828 ], [ -151.55845, 59.639422 ], [ -151.546525, 59.638679 ], [ -151.538682, 59.636636 ], [ -151.536585299999984, 59.6358352 ], [ -151.534074, 59.634876 ], [ -151.528699, 59.633873 ], [ -151.523946, 59.634474 ], [ -151.513963, 59.635315 ], [ -151.497801, 59.63183 ], [ -151.482827, 59.627985 ], [ -151.470943, 59.623779 ], [ -151.460723, 59.619692 ], [ -151.45074, 59.614643 ], [ -151.437193, 59.607068 ], [ -151.431251, 59.604302 ], [ -151.419129, 59.600334 ], [ -151.415088, 59.599251 ], [ -151.408909, 59.600213 ], [ -151.40986, 59.601416 ], [ -151.415802, 59.603581 ], [ -151.417941, 59.605385 ], [ -151.421981, 59.607549 ], [ -151.429587, 59.609834 ], [ -151.432201, 59.608631 ], [ -151.433865, 59.608752 ], [ -151.43957, 59.611397 ], [ -151.457871, 59.622577 ], [ -151.462387, 59.62474 ], [ -151.472132, 59.628225 ], [ -151.4795, 59.629307 ], [ -151.491384, 59.633392 ], [ -151.491384, 59.634954 ], [ -151.485917, 59.638078 ], [ -151.478074, 59.638919 ], [ -151.461253, 59.643039 ], [ -151.448669, 59.648171 ], [ -151.441127, 59.653543 ], [ -151.440996, 59.662217 ], [ -151.43792449999998, 59.6651184 ], [ -151.43661, 59.66636 ], [ -151.429832299999987, 59.6687561 ], [ -151.430056, 59.672927 ], [ -151.435329, 59.670266 ], [ -151.441487, 59.669254 ], [ -151.458965, 59.665054 ], [ -151.46617, 59.663918 ], [ -151.472969, 59.663974 ], [ -151.472888, 59.671231 ], [ -151.45861, 59.671232 ], [ -151.458623, 59.678459 ], [ -151.471123, 59.678462 ], [ -151.47111, 59.674845 ], [ -151.480034, 59.674844 ], [ -151.480057, 59.677653 ], [ -151.482847, 59.676699 ], [ -151.485813, 59.674816 ], [ -151.508597, 59.674847 ], [ -151.50862, 59.678455 ], [ -151.515736, 59.678446 ], [ -151.515723, 59.671222 ], [ -151.522861, 59.671223 ], [ -151.522858, 59.668348 ], [ -151.526086, 59.667605 ], [ -151.544279, 59.667597 ], [ -151.544322, 59.677542 ], [ -151.537181, 59.677544 ], [ -151.537177, 59.676643 ], [ -151.530036, 59.676646 ], [ -151.530045, 59.678447 ], [ -151.526473, 59.678447 ], [ -151.526482, 59.680248 ], [ -151.530053, 59.680249 ], [ -151.530049, 59.679348 ], [ -151.53719, 59.679348 ], [ -151.537194, 59.680251 ], [ -151.544335, 59.680251 ], [ -151.544339, 59.681154 ], [ -151.55148, 59.681154 ], [ -151.55145, 59.675107 ], [ -151.555847, 59.672445 ], [ -151.560259, 59.671717 ], [ -151.56439, 59.669045 ], [ -151.564274, 59.666742 ], [ -151.565601, 59.665761 ], [ -151.571942, 59.663985 ], [ -151.593101, 59.663994 ], [ -151.593107, 59.66038 ], [ -151.609023, 59.660186 ], [ -151.618069, 59.659323 ], [ -151.62338, 59.659927 ], [ -151.655037, 59.659665 ], [ -151.654809, 59.6535635 ] ] ] } },
{ "type": "Feature", "properties": { "GEOID": "0240950", "NAME": "Kodiak city, Alaska", "population": 5281.0 }, "geometry": { "type": "Polygon", "coordinates": [ [ [ -152.4551057, 57.7743563 ], [ -152.452333, 57.774926 ], [ -152.451005, 57.777564 ], [ -152.446534, 57.779742 ], [ -152.438939, 57.780678 ], [ -152.430587, 57.784014 ], [ -152.417836, 57.785859 ], [ -152.409595, 57.788683 ], [ -152.4082995, 57.7884011 ], [ -152.407398, 57.788205 ], [ -152.405518, 57.782963 ], [ -152.408966, 57.777804 ], [ -152.414756, 57.774416 ], [ -152.414622, 57.773053 ], [ -152.411957, 57.772905 ], [ -152.407189, 57.775209 ], [ -152.40021, 57.776648 ], [ -152.391103, 57.785094 ], [ -152.392407, 57.786189 ], [ -152.391405, 57.788581 ], [ -152.393094, 57.7901 ], [ -152.391525, 57.791809 ], [ -152.380554, 57.793717 ], [ -152.3798596, 57.7941179 ], [ -152.3742263, 57.7973698 ], [ -152.375396, 57.798074 ], [ -152.374957, 57.800215 ], [ -152.372227, 57.801962 ], [ -152.364756, 57.804465 ], [ -152.35601, 57.805942 ], [ -152.354741, 57.806661 ], [ -152.354129, 57.807972 ], [ -152.354166, 57.814395 ], [ -152.356988, 57.813597 ], [ -152.363214, 57.810727 ], [ -152.365815, 57.812527 ], [ -152.367038, 57.811352 ], [ -152.368217, 57.811357 ], [ -152.368903, 57.810397 ], [ -152.373095, 57.810457 ], [ -152.376081, 57.80708 ], [ -152.374453, 57.806695 ], [ -152.378897, 57.804828 ], [ -152.380735, 57.803823 ], [ -152.38238, 57.805089 ], [ -152.383627, 57.805468 ], [ -152.39277, 57.802079 ], [ -152.396627, 57.805066 ], [ -152.396234, 57.806629 ], [ -152.403238, 57.812046 ], [ -152.430358, 57.801978 ], [ -152.449274, 57.794948 ], [ -152.436613, 57.785503 ], [ -152.436048, 57.782373 ], [ -152.444541, 57.780871 ], [ -152.45401, 57.777991 ], [ -152.4551057, 57.7743563 ] ] ] } },
{ "type": "Feature", "properties": { "GEOID": "0281920", "NAME": "Utqiag\u001avik city, Alaska", "population": 4640.0 }, "geometry": { "type": "Polygon", "coordinates": [ [ [ -156.92446529999998, 71.230292 ], [ -156.728772, 71.230282 ], [ -156.727736, 71.233774 ], [ -156.72793, 71.254425 ], [ -156.727974, 71.259129 ], [ -156.683116, 71.259137 ], [ -156.683163, 71.266342 ], [ -156.660724, 71.266343 ], [ -156.660895, 71.306009 ], [ -156.638473, 71.306008 ], [ -156.638633699999986, 71.3397103 ], [ -156.645615, 71.338012 ], [ -156.773937, 71.299506 ], [ -156.7802821, 71.297264 ], [ -156.7946651, 71.2921819 ], [ -156.809653, 71.286886 ], [ -156.8152949, 71.2840014 ], [ -156.849271, 71.26663 ], [ -156.92446529999998, 71.230292 ] ] ] } },
{ "type": "Feature", "properties": { "GEOID": "0271640", "NAME": "Soldotna city, Alaska", "population": 4615.0 }, "geometry": { "type": "Polygon", "coordinates": [ [ [ -151.145454, 60.473279 ], [ -151.141966, 60.473502 ], [ -151.1396, 60.473335 ], [ -151.09643, 60.473353 ], [ -151.083291, 60.473348 ], [ -151.083239, 60.474696 ], [ -151.080783, 60.474447 ], [ -151.080779, 60.476376 ], [ -151.077192, 60.475898 ], [ -151.074312, 60.476819 ], [ -151.072442, 60.475696 ], [ -151.069528, 60.476892 ], [ -151.06493, 60.476918 ], [ -151.064945, 60.480352 ], [ -151.064139, 60.481448 ], [ -151.068074, 60.480558 ], [ -151.064729, 60.481989 ], [ -151.061182, 60.48253 ], [ -151.049097, 60.482803 ], [ -151.043059, 60.481935 ], [ -151.042787, 60.478036 ], [ -151.044381, 60.476863 ], [ -151.05768, 60.476852 ], [ -151.057667, 60.473499 ], [ -151.057667, 60.47334 ], [ -151.012175, 60.473319 ], [ -150.999108, 60.473335 ], [ -150.999108, 60.476925 ], [ -151.013748, 60.476948 ], [ -151.013763, 60.483504 ], [ -151.007769, 60.485067 ], [ -150.999136, 60.484034 ], [ -150.999136, 60.485409 ], [ -150.999106, 60.500606 ], [ -150.999172, 60.501993 ], [ -151.005784, 60.502223 ], [ -151.006487, 60.502217 ], [ -151.011778, 60.502205 ], [ -151.012911, 60.50222 ], [ -151.020718, 60.502081 ], [ -151.028414, 60.50219 ], [ -151.02837, 60.498581 ], [ -151.07966, 60.498582 ], [ -151.104361, 60.498636 ], [ -151.106114, 60.498628 ], [ -151.105986, 60.495055 ], [ -151.107244, 60.493779 ], [ -151.115394, 60.490484 ], [ -151.122738, 60.487798 ], [ -151.145506, 60.487787 ], [ -151.145454, 60.473279 ] ] ] } },
{ "type": "Feature", "properties": { "GEOID": "0280770", "NAME": "Unalaska city, Alaska", "population": 4306.0 }, "geometry": { "type": "MultiPolygon", "coordinates": [ [ [ [ -166.577553, 53.903019 ], [ -166.575176, 53.899308 ], [ -166.573275, 53.897208 ], [ -166.57066, 53.896648 ], [ -166.570304, 53.897698 ], [ -166.570779, 53.898608 ], [ -166.570304, 53.899729 ], [ -166.569353, 53.900919 ], [ -166.568878, 53.902039 ], [ -166.569234, 53.903159 ], [ -166.569709, 53.90456 ], [ -166.569353, 53.90533 ], [ -166.568283, 53.90638 ], [ -166.567333, 53.90771 ], [ -166.56555, 53.90883 ], [ -166.564599, 53.91016 ], [ -166.565312, 53.911 ], [ -166.568165, 53.91009 ], [ -166.572799, 53.90778 ], [ -166.574938, 53.90694 ], [ -166.577196, 53.90519 ], [ -166.577553, 53.903019 ] ] ], [ [ [ -166.77481, 53.89213 ], [ -166.682476, 53.892149 ], [ -166.657213, 53.892124 ], [ -166.657185, 53.84875 ], [ -166.632732, 53.848749 ], [ -166.632732, 53.811573 ], [ -166.63273, 53.805375 ], [ -166.475762, 53.805378 ], [ -166.370932, 53.892129 ], [ -166.370973, 53.9438247 ], [ -166.373386, 53.944658 ], [ -166.376476, 53.946126 ], [ -166.379209, 53.947665 ], [ -166.379209, 53.948714 ], [ -166.378853, 53.949903 ], [ -166.378258, 53.951372 ], [ -166.377189, 53.952561 ], [ -166.376238, 53.954798 ], [ -166.376832, 53.956477 ], [ -166.378853, 53.957316 ], [ -166.380279, 53.958574 ], [ -166.380516, 53.959903 ], [ -166.380041, 53.961021 ], [ -166.378377, 53.962 ], [ -166.377427, 53.962909 ], [ -166.376119, 53.964517 ], [ -166.374693, 53.966195 ], [ -166.373267, 53.967873 ], [ -166.371366, 53.968432 ], [ -166.370988900000015, 53.9685371 ], [ -166.371021, 54.00845 ], [ -166.3710218, 54.0095404 ], [ -166.371366, 54.009656 ], [ -166.376, 54.009446 ], [ -166.378853, 54.007561 ], [ -166.3796767, 54.0057694 ], [ -166.380041, 54.004977 ], [ -166.379328, 54.00323 ], [ -166.378258, 54.001624 ], [ -166.3779624, 54.0002895 ], [ -166.377902, 54.000017 ], [ -166.3781136, 53.999818 ], [ -166.379684, 53.998341 ], [ -166.382299, 53.995267 ], [ -166.386458, 53.99401 ], [ -166.390024, 53.992752 ], [ -166.394539, 53.991075 ], [ -166.396797, 53.990796 ], [ -166.397078599999986, 53.990189 ], [ -166.39751, 53.989259 ], [ -166.397517199999982, 53.9892473 ], [ -166.39858, 53.987512 ], [ -166.400838, 53.986184 ], [ -166.402621, 53.984018 ], [ -166.407018, 53.983808 ], [ -166.40987, 53.984647 ], [ -166.410939, 53.981642 ], [ -166.411106499999988, 53.9802645 ], [ -166.411177, 53.979685 ], [ -166.411652, 53.978148 ], [ -166.412603, 53.976261 ], [ -166.413079, 53.974723 ], [ -166.412365, 53.972906 ], [ -166.412128, 53.970879 ], [ -166.412603, 53.968152 ], [ -166.4126346, 53.9681133 ], [ -166.414029, 53.966405 ], [ -166.415931, 53.964517 ], [ -166.416287, 53.961511 ], [ -166.4157693, 53.9605973 ], [ -166.41498, 53.959204 ], [ -166.413079, 53.958714 ], [ -166.410345, 53.958085 ], [ -166.408919, 53.956966 ], [ -166.408563, 53.954938 ], [ -166.409038, 53.95326 ], [ -166.410108, 53.951512 ], [ -166.410226, 53.949204 ], [ -166.410939, 53.947175 ], [ -166.413435, 53.945777 ], [ -166.416406, 53.944797 ], [ -166.417185499999988, 53.9448574 ], [ -166.420922, 53.945147 ], [ -166.421873, 53.946546 ], [ -166.422467, 53.947945 ], [ -166.425676, 53.949344 ], [ -166.427933, 53.950742 ], [ -166.43031, 53.952001 ], [ -166.432212, 53.953889 ], [ -166.435896, 53.955008 ], [ -166.4370414, 53.9540701 ], [ -166.438629, 53.95277 ], [ -166.440590499999985, 53.9521237 ], [ -166.4416, 53.951791 ], [ -166.442551, 53.948644 ], [ -166.443026, 53.946056 ], [ -166.443026, 53.942419 ], [ -166.4430084, 53.9418907 ], [ -166.442907, 53.938852 ], [ -166.443739, 53.935913 ], [ -166.444452, 53.932975 ], [ -166.443026, 53.929687 ], [ -166.441719, 53.927517 ], [ -166.43958, 53.925768 ], [ -166.436371, 53.924229 ], [ -166.435539, 53.923249 ], [ -166.435539, 53.921709 ], [ -166.436846, 53.91989 ], [ -166.437322, 53.91884 ], [ -166.434707, 53.91807 ], [ -166.433281, 53.91737 ], [ -166.432925, 53.91548 ], [ -166.433994, 53.91387 ], [ -166.436965, 53.9124 ], [ -166.438986, 53.91289 ], [ -166.441481, 53.91338 ], [ -166.444333, 53.91275 ], [ -166.444333, 53.91142 ], [ -166.444928, 53.90953 ], [ -166.445997, 53.90841 ], [ -166.44671, 53.90701 ], [ -166.446235, 53.90561 ], [ -166.444571, 53.90512 ], [ -166.44267, 53.90421 ], [ -166.443026, 53.902949 ], [ -166.445759, 53.902249 ], [ -166.448136, 53.902319 ], [ -166.448968, 53.901829 ], [ -166.451226, 53.900009 ], [ -166.454672, 53.898118 ], [ -166.4561094, 53.8979668 ], [ -166.458, 53.897768 ], [ -166.461327, 53.898258 ], [ -166.464061, 53.898398 ], [ -166.464893, 53.899238 ], [ -166.464774, 53.901269 ], [ -166.464893, 53.902809 ], [ -166.466675, 53.90351 ], [ -166.469765, 53.903369 ], [ -166.4724459, 53.9015719 ], [ -166.473211, 53.901059 ], [ -166.47642, 53.900359 ], [ -166.479748, 53.898818 ], [ -166.484501, 53.896928 ], [ -166.487353, 53.895107 ], [ -166.490443, 53.894127 ], [ -166.496148, 53.891465 ], [ -166.502803, 53.889014 ], [ -166.505655, 53.886913 ], [ -166.508507, 53.885512 ], [ -166.510765, 53.88313 ], [ -166.511359, 53.881239 ], [ -166.513498, 53.878927 ], [ -166.5166056, 53.8770557 ], [ -166.518965, 53.875635 ], [ -166.521936, 53.873673 ], [ -166.524907, 53.873182 ], [ -166.529542, 53.874444 ], [ -166.534889, 53.875985 ], [ -166.535590499999984, 53.8764771 ], [ -166.537385, 53.877736 ], [ -166.537742, 53.878927 ], [ -166.537337499999978, 53.8792249 ], [ -166.536315, 53.879978 ], [ -166.534533, 53.880679 ], [ -166.53382, 53.88208 ], [ -166.532513, 53.88313 ], [ -166.531450400000011, 53.8831781 ], [ -166.530968, 53.8832 ], [ -166.529066, 53.883551 ], [ -166.528591, 53.885722 ], [ -166.527759, 53.887333 ], [ -166.526689, 53.888314 ], [ -166.526808, 53.889504 ], [ -166.527399699999989, 53.8893215 ], [ -166.529304, 53.888734 ], [ -166.531443, 53.889084 ], [ -166.533701, 53.890345 ], [ -166.535365, 53.891465 ], [ -166.536197, 53.893566 ], [ -166.535959, 53.895107 ], [ -166.536791, 53.896157 ], [ -166.536672, 53.897418 ], [ -166.534176, 53.899378 ], [ -166.532275, 53.900709 ], [ -166.530492, 53.901129 ], [ -166.528234, 53.902319 ], [ -166.527165, 53.90351 ], [ -166.525382, 53.90435 ], [ -166.522768, 53.90519 ], [ -166.521579, 53.90575 ], [ -166.519797, 53.90694 ], [ -166.517175899999984, 53.9072488 ], [ -166.516826, 53.90729 ], [ -166.513855, 53.90701 ], [ -166.512785, 53.90582 ], [ -166.512785, 53.90386 ], [ -166.514211, 53.900709 ], [ -166.516232, 53.898468 ], [ -166.5163445, 53.8983519 ], [ -166.516707, 53.897978 ], [ -166.515281, 53.897208 ], [ -166.51516490000003, 53.8972501 ], [ -166.513736, 53.897768 ], [ -166.51231, 53.899799 ], [ -166.510765, 53.901409 ], [ -166.509695, 53.90386 ], [ -166.508269, 53.90694 ], [ -166.506249, 53.9096 ], [ -166.50411, 53.91184 ], [ -166.502327, 53.91401 ], [ -166.50209, 53.91702 ], [ -166.502669799999978, 53.9183869 ], [ -166.503159, 53.91954 ], [ -166.505061, 53.921499 ], [ -166.508388, 53.923949 ], [ -166.509134, 53.9246515 ], [ -166.510171, 53.925628 ], [ -166.512666, 53.926608 ], [ -166.5154, 53.927028 ], [ -166.5186995, 53.9266115 ], [ -166.520391, 53.926398 ], [ -166.522887, 53.925488 ], [ -166.526571, 53.924089 ], [ -166.527940299999983, 53.923660399999989 ], [ -166.530373, 53.922899 ], [ -166.532513, 53.921009 ], [ -166.535959, 53.918 ], [ -166.536554099999989, 53.9176885 ], [ -166.539168, 53.91632 ], [ -166.543327, 53.91401 ], [ -166.547486, 53.91135 ], [ -166.549626, 53.91051 ], [ -166.549867899999981, 53.9099684 ], [ -166.55022, 53.90918 ], [ -166.549031, 53.90785 ], [ -166.549744, 53.9068 ], [ -166.55117, 53.9054 ], [ -166.551765, 53.903229 ], [ -166.548318, 53.900779 ], [ -166.54713, 53.899659 ], [ -166.54511, 53.899378 ], [ -166.543921, 53.898328 ], [ -166.543921, 53.897278 ], [ -166.543921, 53.896017 ], [ -166.543684, 53.895317 ], [ -166.542614, 53.894407 ], [ -166.542614, 53.893356 ], [ -166.543089, 53.891745 ], [ -166.544278, 53.890345 ], [ -166.545941, 53.888734 ], [ -166.546773, 53.887613 ], [ -166.548912, 53.886843 ], [ -166.552834, 53.885932 ], [ -166.555805, 53.885512 ], [ -166.55735, 53.884391 ], [ -166.558895, 53.883271 ], [ -166.559965, 53.881169 ], [ -166.558895, 53.880469 ], [ -166.559489, 53.879278 ], [ -166.561628, 53.878367 ], [ -166.564599, 53.877666 ], [ -166.565075, 53.875424 ], [ -166.563767, 53.873323 ], [ -166.561153, 53.872272 ], [ -166.56044, 53.871361 ], [ -166.558895, 53.869609 ], [ -166.558895, 53.867857 ], [ -166.557707, 53.866946 ], [ -166.556685, 53.8663433 ], [ -166.556281, 53.866105 ], [ -166.554617, 53.867226 ], [ -166.555686, 53.868207 ], [ -166.556281, 53.869188 ], [ -166.554379, 53.870169 ], [ -166.552359, 53.87059 ], [ -166.551997799999981, 53.8717063 ], [ -166.551883, 53.872061 ], [ -166.549744, 53.872131 ], [ -166.548794, 53.872972 ], [ -166.546655, 53.874233 ], [ -166.546082, 53.8741933 ], [ -166.544634, 53.874093 ], [ -166.543921, 53.872832 ], [ -166.543684, 53.871851 ], [ -166.544634, 53.87073 ], [ -166.545823, 53.868768 ], [ -166.546655, 53.866876 ], [ -166.546298, 53.864283 ], [ -166.545823, 53.863092 ], [ -166.546773, 53.86134 ], [ -166.548675, 53.859588 ], [ -166.551408, 53.859167 ], [ -166.554498, 53.858256 ], [ -166.556756, 53.857205 ], [ -166.559965, 53.856994 ], [ -166.56246, 53.856574 ], [ -166.565431, 53.854401 ], [ -166.566976, 53.853349 ], [ -166.569947, 53.852508 ], [ -166.573275, 53.851457 ], [ -166.573393, 53.850265 ], [ -166.575295, 53.848723 ], [ -166.578028, 53.848092 ], [ -166.57886, 53.845988 ], [ -166.578147, 53.845147 ], [ -166.578028, 53.844236 ], [ -166.579573, 53.843745 ], [ -166.580999, 53.843044 ], [ -166.580999, 53.841641 ], [ -166.581831, 53.840099 ], [ -166.583138, 53.838346 ], [ -166.583376, 53.836522 ], [ -166.584564, 53.836031 ], [ -166.587654, 53.835961 ], [ -166.588843, 53.83505 ], [ -166.588843, 53.833016 ], [ -166.589912, 53.831543 ], [ -166.591457, 53.831403 ], [ -166.59419, 53.830842 ], [ -166.596924, 53.83014 ], [ -166.597399, 53.828457 ], [ -166.600727, 53.828387 ], [ -166.603341, 53.828667 ], [ -166.605005, 53.828176 ], [ -166.607857, 53.826984 ], [ -166.60901579999998, 53.8273261 ], [ -166.609283, 53.827405 ], [ -166.61166, 53.828878 ], [ -166.609521, 53.831263 ], [ -166.606669, 53.832034 ], [ -166.604173, 53.833507 ], [ -166.60144, 53.836452 ], [ -166.601915, 53.837925 ], [ -166.604054, 53.837925 ], [ -166.605956, 53.838907 ], [ -166.6064, 53.840479 ], [ -166.60655, 53.84101 ], [ -166.60655, 53.842483 ], [ -166.607144, 53.843885 ], [ -166.606074, 53.844796 ], [ -166.6051496, 53.8449418 ], [ -166.60484169999998, 53.8449903 ], [ -166.604292, 53.845077 ], [ -166.602272, 53.846129 ], [ -166.598112, 53.84683 ], [ -166.595498, 53.848652 ], [ -166.593359, 53.850475 ], [ -166.592764, 53.852228 ], [ -166.592051, 53.85412 ], [ -166.59324, 53.855943 ], [ -166.593477, 53.857625 ], [ -166.592289, 53.858116 ], [ -166.591219, 53.859517 ], [ -166.589912, 53.860849 ], [ -166.58706, 53.862321 ], [ -166.586466, 53.864283 ], [ -166.58504, 53.865194 ], [ -166.584564, 53.866736 ], [ -166.586466, 53.868067 ], [ -166.586822, 53.869539 ], [ -166.586585, 53.87094 ], [ -166.584802, 53.871921 ], [ -166.584921, 53.872762 ], [ -166.5842758, 53.8736857 ], [ -166.584089, 53.873953 ], [ -166.5833347, 53.8740482 ], [ -166.582425, 53.874163 ], [ -166.581118, 53.874934 ], [ -166.58088, 53.876125 ], [ -166.580405, 53.877036 ], [ -166.57886, 53.877596 ], [ -166.576721, 53.878017 ], [ -166.576127, 53.878647 ], [ -166.576602, 53.879418 ], [ -166.5774667, 53.8795595 ], [ -166.578741, 53.879768 ], [ -166.581356, 53.880118 ], [ -166.5828325, 53.8802456 ], [ -166.586228, 53.880539 ], [ -166.588961, 53.881379 ], [ -166.590744, 53.88292 ], [ -166.593477, 53.883761 ], [ -166.595973, 53.883761 ], [ -166.5975617, 53.8829949 ], [ -166.598588, 53.8825 ], [ -166.5987369, 53.8824937 ], [ -166.600251, 53.88243 ], [ -166.604648, 53.879137 ], [ -166.610353, 53.875424 ], [ -166.613205, 53.872272 ], [ -166.615463, 53.87031 ], [ -166.61679, 53.8689532 ], [ -166.617245, 53.868488 ], [ -166.619266, 53.868348 ], [ -166.622237, 53.868698 ], [ -166.625802, 53.869889 ], [ -166.630674, 53.872412 ], [ -166.634953, 53.874724 ], [ -166.6352334, 53.8749971 ], [ -166.637686, 53.877386 ], [ -166.63828, 53.879838 ], [ -166.637924, 53.88243 ], [ -166.637329, 53.883551 ], [ -166.635903, 53.883551 ], [ -166.634121, 53.883411 ], [ -166.633976499999989, 53.8834295 ], [ -166.628654, 53.884111 ], [ -166.629367, 53.885162 ], [ -166.629605, 53.886353 ], [ -166.628773, 53.887963 ], [ -166.627347, 53.888804 ], [ -166.62497, 53.888874 ], [ -166.623306, 53.890975 ], [ -166.621524, 53.891816 ], [ -166.61986, 53.892026 ], [ -166.620411599999983, 53.8928613 ], [ -166.620692, 53.893286 ], [ -166.621642, 53.895387 ], [ -166.621642, 53.896648 ], [ -166.622593, 53.898958 ], [ -166.622712, 53.901549 ], [ -166.625445, 53.903089 ], [ -166.6278443, 53.9044505 ], [ -166.628654, 53.90491 ], [ -166.631268, 53.90631 ], [ -166.632219, 53.90785 ], [ -166.636497, 53.91107 ], [ -166.6367907, 53.9113775 ], [ -166.638637, 53.91331 ], [ -166.6403, 53.91534 ], [ -166.643271, 53.91863 ], [ -166.647193, 53.922619 ], [ -166.648381, 53.924788 ], [ -166.647668, 53.926468 ], [ -166.646599, 53.928427 ], [ -166.644341, 53.930036 ], [ -166.642456, 53.9307146 ], [ -166.642202, 53.930806 ], [ -166.639944, 53.930876 ], [ -166.640063, 53.932485 ], [ -166.637924, 53.932975 ], [ -166.635547, 53.933745 ], [ -166.635071, 53.934864 ], [ -166.634358, 53.935844 ], [ -166.631923, 53.9364169 ], [ -166.631387, 53.936543 ], [ -166.630555, 53.937942 ], [ -166.631031, 53.939271 ], [ -166.63008, 53.940251 ], [ -166.628416, 53.940461 ], [ -166.62604, 53.942279 ], [ -166.624851, 53.943748 ], [ -166.624732, 53.945707 ], [ -166.62604, 53.947525 ], [ -166.62604, 53.949274 ], [ -166.625445, 53.950742 ], [ -166.6253695, 53.9507747 ], [ -166.623440099999982, 53.951611299999989 ], [ -166.623187, 53.951721 ], [ -166.621405, 53.95284 ], [ -166.618909, 53.95312 ], [ -166.617721, 53.954029 ], [ -166.616245699999979, 53.9543034 ], [ -166.615463, 53.954449 ], [ -166.613799, 53.954379 ], [ -166.609996, 53.954938 ], [ -166.607144, 53.955288 ], [ -166.602985, 53.955358 ], [ -166.600608, 53.956127 ], [ -166.598825, 53.956686 ], [ -166.596686, 53.957036 ], [ -166.594903, 53.958504 ], [ -166.593002, 53.959134 ], [ -166.590744, 53.958854 ], [ -166.589099799999985, 53.9583708 ], [ -166.58908, 53.958365 ], [ -166.588605, 53.959623 ], [ -166.589556, 53.961721 ], [ -166.5899843, 53.9626925 ], [ -166.590388, 53.963608 ], [ -166.5910667, 53.9642872 ], [ -166.591576, 53.964797 ], [ -166.594666, 53.966405 ], [ -166.597161, 53.968362 ], [ -166.59835, 53.970389 ], [ -166.598469, 53.972906 ], [ -166.5984029, 53.9737211 ], [ -166.59835, 53.974374 ], [ -166.598894799999982, 53.974983 ], [ -166.599538, 53.975702 ], [ -166.600014, 53.977519 ], [ -166.601083, 53.979196 ], [ -166.602153, 53.981642 ], [ -166.60239, 53.983669 ], [ -166.602747, 53.985416 ], [ -166.603757699999989, 53.986375699999989 ], [ -166.604292, 53.986883 ], [ -166.6052909, 53.9877344 ], [ -166.606669, 53.988909 ], [ -166.609521, 53.991984 ], [ -166.612016, 53.994708 ], [ -166.616057, 53.996734 ], [ -166.6193197, 53.9979264 ], [ -166.620454, 53.998341 ], [ -166.623187, 54.000227 ], [ -166.623782, 54.002253 ], [ -166.624019, 54.004348 ], [ -166.625683, 54.006164 ], [ -166.6278668, 54.006556 ], [ -166.627948, 53.978871 ], [ -166.630478, 53.978889 ], [ -166.774817, 53.978881 ], [ -166.77481, 53.89213 ] ] ] ] } },
{ "type": "Feature", "properties": { "GEOID": "0282200", "NAME": "Valdez city, Alaska", "population": 3681.0 }, "geometry": { "type": "MultiPolygon", "coordinates": [ [ [ [ -146.6088093, 61.022964 ], [ -146.5880143, 61.022964 ], [ -146.599502, 61.024984 ], [ -146.607464, 61.025272 ], [ -146.608772, 61.024523 ], [ -146.609128, 61.023314 ], [ -146.6088093, 61.022964 ] ] ], [ [ [ -146.6804209, 61.022964 ], [ -146.6193714, 61.022964 ], [ -146.621963, 61.024178 ], [ -146.624934, 61.026653 ], [ -146.628261, 61.027344 ], [ -146.634798, 61.030049 ], [ -146.63563, 61.031201 ], [ -146.63765, 61.032006 ], [ -146.63967, 61.031603 ], [ -146.64074, 61.030452 ], [ -146.640502, 61.027747 ], [ -146.640858, 61.026653 ], [ -146.643829, 61.02602 ], [ -146.645374, 61.02412 ], [ -146.647632, 61.023832 ], [ -146.649177, 61.025272 ], [ -146.651792, 61.026999 ], [ -146.654525, 61.02815 ], [ -146.655119, 61.029128 ], [ -146.655119, 61.030798 ], [ -146.656664, 61.031834 ], [ -146.660229, 61.032524 ], [ -146.660229, 61.03333 ], [ -146.660348, 61.034596 ], [ -146.663557, 61.035172 ], [ -146.667122, 61.035057 ], [ -146.669142, 61.033157 ], [ -146.6714, 61.032524 ], [ -146.674728, 61.029474 ], [ -146.676773, 61.026214 ], [ -146.679838, 61.023717 ], [ -146.6804209, 61.022964 ] ] ], [ [ [ -146.7296504, 61.0502048 ], [ -146.724759, 61.052375 ], [ -146.71858, 61.054561 ], [ -146.713945, 61.055481 ], [ -146.709904, 61.055193 ], [ -146.705389, 61.055193 ], [ -146.701823, 61.055826 ], [ -146.696119, 61.055998 ], [ -146.695406, 61.058701 ], [ -146.695762, 61.060829 ], [ -146.692316, 61.063359 ], [ -146.690417, 61.063135 ], [ -146.68887, 61.064509 ], [ -146.688394, 61.065659 ], [ -146.688989, 61.067786 ], [ -146.684829, 61.070201 ], [ -146.683879, 61.071696 ], [ -146.680908, 61.07342 ], [ -146.679125, 61.074627 ], [ -146.677232, 61.075123 ], [ -146.672826, 61.078306 ], [ -146.672826, 61.07957 ], [ -146.67449, 61.081869 ], [ -146.675322, 61.083708 ], [ -146.672242, 61.085796 ], [ -146.671519, 61.088304 ], [ -146.667464, 61.090024 ], [ -146.665577, 61.091694 ], [ -146.665577, 61.093762 ], [ -146.664151, 61.094222 ], [ -146.661061, 61.095485 ], [ -146.654169, 61.099161 ], [ -146.653099, 61.101516 ], [ -146.650247, 61.102665 ], [ -146.64894, 61.10433 ], [ -146.648583, 61.106282 ], [ -146.647157, 61.107775 ], [ -146.644922, 61.108511 ], [ -146.641572, 61.110417 ], [ -146.638363, 61.111565 ], [ -146.635511, 61.11168 ], [ -146.633847, 61.112656 ], [ -146.629806, 61.113804 ], [ -146.627073, 61.115756 ], [ -146.621963, 61.11765 ], [ -146.621131, 61.1192 ], [ -146.61923, 61.120462 ], [ -146.615664, 61.120979 ], [ -146.610911, 61.120577 ], [ -146.605444, 61.123963 ], [ -146.603424, 61.126316 ], [ -146.598076, 61.130046 ], [ -146.591778, 61.131194 ], [ -146.591421, 61.132456 ], [ -146.59665, 61.133489 ], [ -146.596175, 61.135956 ], [ -146.594481, 61.13684 ], [ -146.595105, 61.137734 ], [ -146.597007, 61.137963 ], [ -146.603067, 61.138365 ], [ -146.607108, 61.139225 ], [ -146.608534, 61.139856 ], [ -146.606751, 61.142036 ], [ -146.601879, 61.143412 ], [ -146.596294, 61.143183 ], [ -146.592015, 61.144101 ], [ -146.587262, 61.143527 ], [ -146.586855, 61.142773 ], [ -146.583578, 61.142208 ], [ -146.584172, 61.137791 ], [ -146.581914, 61.137677 ], [ -146.57621, 61.137849 ], [ -146.573595, 61.13739 ], [ -146.572783, 61.13655 ], [ -146.571218, 61.136357 ], [ -146.570149, 61.134521 ], [ -146.569436, 61.133489 ], [ -146.570386, 61.132399 ], [ -146.572169, 61.130792 ], [ -146.575972, 61.127464 ], [ -146.577636, 61.125283 ], [ -146.577755, 61.124365 ], [ -146.580844, 61.123734 ], [ -146.579656, 61.122012 ], [ -146.576328, 61.12161 ], [ -146.57716, 61.120692 ], [ -146.579656, 61.11874 ], [ -146.584528, 61.117248 ], [ -146.591065, 61.116846 ], [ -146.58441, 61.115469 ], [ -146.579062, 61.117076 ], [ -146.574665, 61.118453 ], [ -146.569921, 61.121287 ], [ -146.567297, 61.122242 ], [ -146.555531, 61.123103 ], [ -146.547926, 61.124078 ], [ -146.536755, 61.124537 ], [ -146.523088, 61.12448 ], [ -146.517146, 61.123562 ], [ -146.507877, 61.123447 ], [ -146.496587, 61.124078 ], [ -146.493497, 61.128095 ], [ -146.488743, 61.129587 ], [ -146.47983, 61.131194 ], [ -146.474245, 61.131481 ], [ -146.470204, 61.130505 ], [ -146.468422, 61.130964 ], [ -146.46652, 61.132858 ], [ -146.455706, 61.133603 ], [ -146.453805, 61.132972 ], [ -146.449051, 61.132972 ], [ -146.446793, 61.133948 ], [ -146.434552, 61.134177 ], [ -146.423025, 61.135841 ], [ -146.419103, 61.135324 ], [ -146.415182, 61.134349 ], [ -146.413993, 61.132341 ], [ -146.410159, 61.128378 ], [ -146.405674, 61.126029 ], [ -146.401411, 61.125462 ], [ -146.398306, 61.124308 ], [ -146.381318, 61.124045 ], [ -146.369309, 61.124308 ], [ -146.36742, 61.12364 ], [ -146.3630662, 61.1240278 ], [ -146.359921, 61.124308 ], [ -146.356831, 61.123332 ], [ -146.35386, 61.122414 ], [ -146.344353, 61.123217 ], [ -146.341976, 61.124422 ], [ -146.33818, 61.124259 ], [ -146.335713, 61.124944 ], [ -146.336866, 61.125972 ], [ -146.337579, 61.126948 ], [ -146.336034, 61.127751 ], [ -146.332113, 61.12712 ], [ -146.324863, 61.126431 ], [ -146.310063, 61.124922 ], [ -146.31041, 61.123204 ], [ -146.307097, 61.123137 ], [ -146.30557, 61.125215 ], [ -146.3054105, 61.1252685 ], [ -146.29791, 61.127785 ], [ -146.290232, 61.127947 ], [ -146.279347, 61.121941 ], [ -146.278975, 61.121367 ], [ -146.280089, 61.120721 ], [ -146.277791, 61.119043 ], [ -146.269451, 61.116779 ], [ -146.267837, 61.113799 ], [ -146.264051, 61.112938 ], [ -146.257686, 61.109527 ], [ -146.249527, 61.110638 ], [ -146.239565, 61.109832 ], [ -146.23723529999998, 61.1077808 ], [ -146.237081, 61.107645 ], [ -146.241269, 61.104436 ], [ -146.246994, 61.101426 ], [ -146.246994, 61.099487 ], [ -146.235043, 61.09317 ], [ -146.233973, 61.086966 ], [ -146.244875, 61.084209 ], [ -146.252718, 61.084611 ], [ -146.258542, 61.083807 ], [ -146.279704, 61.086178 ], [ -146.297174, 61.086006 ], [ -146.300145, 61.085374 ], [ -146.304542, 61.08388 ], [ -146.3051951, 61.0838671 ], [ -146.310365, 61.083765 ], [ -146.321773, 61.083535 ], [ -146.330211, 61.083075 ], [ -146.334014, 61.083075 ], [ -146.342095, 61.08681 ], [ -146.344947, 61.086868 ], [ -146.350414, 61.085546 ], [ -146.357663, 61.085661 ], [ -146.362179, 61.086351 ], [ -146.367527, 61.088017 ], [ -146.368579, 61.08929 ], [ -146.37346, 61.089897 ], [ -146.379308, 61.089867 ], [ -146.380423, 61.088035 ], [ -146.384036, 61.088116 ], [ -146.392712, 61.085531 ], [ -146.413874, 61.086638 ], [ -146.421124, 61.085949 ], [ -146.421955, 61.085144 ], [ -146.423976, 61.08457 ], [ -146.431344, 61.083937 ], [ -146.433839, 61.081926 ], [ -146.435741, 61.081466 ], [ -146.441683, 61.081869 ], [ -146.44715, 61.081179 ], [ -146.450002, 61.080892 ], [ -146.45737, 61.081294 ], [ -146.464619, 61.07934 ], [ -146.467946, 61.077846 ], [ -146.470086, 61.078478 ], [ -146.471987, 61.080202 ], [ -146.476975, 61.080396 ], [ -146.47983, 61.079915 ], [ -146.483277, 61.08003 ], [ -146.485178, 61.079455 ], [ -146.489813, 61.079972 ], [ -146.492903, 61.079513 ], [ -146.495042, 61.07865 ], [ -146.496349, 61.078133 ], [ -146.499914, 61.078938 ], [ -146.501816, 61.079685 ], [ -146.503836, 61.081581 ], [ -146.517503, 61.083133 ], [ -146.529496, 61.083445 ], [ -146.537349, 61.082731 ], [ -146.539013, 61.081926 ], [ -146.543053, 61.081754 ], [ -146.542459, 61.081064 ], [ -146.537349, 61.080087 ], [ -146.538656, 61.07957 ], [ -146.545668, 61.078823 ], [ -146.551847, 61.07865 ], [ -146.559334, 61.079455 ], [ -146.565514, 61.078708 ], [ -146.567415, 61.078478 ], [ -146.568128, 61.077214 ], [ -146.571337, 61.077329 ], [ -146.573001, 61.078938 ], [ -146.572407, 61.08049 ], [ -146.571575, 61.081696 ], [ -146.577517, 61.083248 ], [ -146.583578, 61.083478 ], [ -146.594036, 61.084742 ], [ -146.61103, 61.085317 ], [ -146.622201, 61.083075 ], [ -146.626281, 61.081432 ], [ -146.630401, 61.078765 ], [ -146.63658, 61.076237 ], [ -146.63967, 61.07411 ], [ -146.644407, 61.073925 ], [ -146.645256, 61.072673 ], [ -146.645018, 61.070776 ], [ -146.651079, 61.070603 ], [ -146.657021, 61.067786 ], [ -146.662368, 61.063417 ], [ -146.661518, 61.060776 ], [ -146.656427, 61.055711 ], [ -146.655357, 61.053698 ], [ -146.656088, 61.052033 ], [ -146.655066, 61.050387 ], [ -146.654299, 61.049152 ], [ -146.651792, 61.048003 ], [ -146.646568, 61.047303 ], [ -146.634798, 61.046507 ], [ -146.632896, 61.045472 ], [ -146.618992, 61.044264 ], [ -146.611743, 61.043918 ], [ -146.60378, 61.043343 ], [ -146.600453, 61.043113 ], [ -146.599146, 61.042365 ], [ -146.591183, 61.041099 ], [ -146.590233, 61.040121 ], [ -146.589044, 61.039143 ], [ -146.584291, 61.03874 ], [ -146.582508, 61.037992 ], [ -146.573952, 61.037244 ], [ -146.574189, 61.034539 ], [ -146.577755, 61.032697 ], [ -146.586073, 61.032927 ], [ -146.599383, 61.034366 ], [ -146.608534, 61.037301 ], [ -146.612931, 61.037474 ], [ -146.613763, 61.036956 ], [ -146.608059, 61.034711 ], [ -146.59867, 61.032812 ], [ -146.590233, 61.030913 ], [ -146.576091, 61.028725 ], [ -146.571218, 61.027977 ], [ -146.566821, 61.026941 ], [ -146.560404, 61.024293 ], [ -146.5622577, 61.022964 ], [ -146.374765, 61.02296 ], [ -146.280752, 61.022975 ], [ -145.843801, 61.022975 ], [ -145.84377, 61.101199 ], [ -145.843829, 61.12408 ], [ -146.118405, 61.124077 ], [ -146.118493, 61.152961 ], [ -146.143188, 61.15296 ], [ -146.26773, 61.152954 ], [ -146.267955, 61.254051 ], [ -146.312957, 61.254049 ], [ -146.387139, 61.25405 ], [ -146.387113, 61.152952 ], [ -146.655941, 61.15295 ], [ -146.655852, 61.124064 ], [ -146.729946, 61.124062 ], [ -146.7296504, 61.0502048 ] ] ] ] } },
{ "type": "Feature", "properties": { "GEOID": "0254920", "NAME": "Nome city, Alaska", "population": 3653.0 }, "geometry": { "type": "Polygon", "coordinates": [ [ [ -165.501363, 64.5072261 ], [ -165.492797, 64.506491 ], [ -165.472713, 64.503914 ], [ -165.4635361, 64.502989 ], [ -165.444597, 64.50108 ], [ -165.436942, 64.499278 ], [ -165.434446, 64.49984 ], [ -165.4319262, 64.4999159 ], [ -165.429336, 64.499994 ], [ -165.427564, 64.499412 ], [ -165.4269467, 64.499126 ], [ -165.425177, 64.498306 ], [ -165.419966, 64.498143 ], [ -165.417571, 64.497692 ], [ -165.4149634, 64.4975244 ], [ -165.411985, 64.497333 ], [ -165.4116445, 64.4972969 ], [ -165.400467, 64.496111 ], [ -165.388672899999989, 64.4944412 ], [ -165.353044900000015, 64.4893969 ], [ -165.351259, 64.489144 ], [ -165.3322035, 64.4869998 ], [ -165.322143, 64.495397 ], [ -165.344167, 64.494891 ], [ -165.344167, 64.516944 ], [ -165.359205, 64.51692 ], [ -165.359258, 64.549123 ], [ -165.367382, 64.548742 ], [ -165.368078, 64.547196 ], [ -165.372198, 64.546188 ], [ -165.373814, 64.547356 ], [ -165.373736, 64.556352 ], [ -165.375758, 64.556634 ], [ -165.400923, 64.556632 ], [ -165.400928, 64.560241 ], [ -165.407772, 64.560239 ], [ -165.434485, 64.56024 ], [ -165.434456, 64.54829 ], [ -165.434379, 64.520542 ], [ -165.501392, 64.520539 ], [ -165.501363, 64.5072261 ] ] ] } },
{ "type": "Feature", "properties": { "GEOID": "0268560", "NAME": "Seward city, Alaska", "population": 2892.0 }, "geometry": { "type": "Polygon", "coordinates": [ [ [ -149.474944, 60.0979 ], [ -149.474889, 60.082924 ], [ -149.4429016, 60.082928 ], [ -149.442763, 60.083262 ], [ -149.443416, 60.08955 ], [ -149.443892, 60.092513 ], [ -149.445318, 60.096779 ], [ -149.44306, 60.098497 ], [ -149.439019, 60.099623 ], [ -149.435335, 60.101163 ], [ -149.433196, 60.104303 ], [ -149.433434, 60.108093 ], [ -149.435811, 60.111765 ], [ -149.438069, 60.11366 ], [ -149.438069, 60.11443 ], [ -149.435098, 60.114904 ], [ -149.429869, 60.115792 ], [ -149.424199, 60.118765 ], [ -149.423808, 60.119995 ], [ -149.424283, 60.122837 ], [ -149.419411, 60.123192 ], [ -149.416083, 60.122068 ], [ -149.411686, 60.120114 ], [ -149.406457, 60.118101 ], [ -149.397069, 60.119285 ], [ -149.38364, 60.118752 ], [ -149.375321, 60.120055 ], [ -149.374133, 60.122245 ], [ -149.372469, 60.122186 ], [ -149.370092, 60.121535 ], [ -149.365695, 60.118575 ], [ -149.363912, 60.116265 ], [ -149.361773, 60.115318 ], [ -149.36106, 60.113127 ], [ -149.362249, 60.111587 ], [ -149.364736, 60.105131 ], [ -149.365101, 60.097905 ], [ -149.36617, 60.096779 ], [ -149.368547, 60.095239 ], [ -149.368547, 60.093461 ], [ -149.363081, 60.090676 ], [ -149.357614, 60.088543 ], [ -149.355831, 60.084572 ], [ -149.352266, 60.083268 ], [ -149.351765199999988, 60.0829371 ], [ -149.348415, 60.083012 ], [ -149.274084, 60.082945 ], [ -149.274164, 60.111837 ], [ -149.359247, 60.111828 ], [ -149.359249, 60.126275 ], [ -149.388198, 60.126272 ], [ -149.44618, 60.155159 ], [ -149.452377, 60.15514 ], [ -149.475155, 60.155158 ], [ -149.474944, 60.0979 ] ] ] } },
{ "type": "Feature", "properties": { "GEOID": "0241830", "NAME": "Kotzebue city, Alaska", "population": 2876.0 }, "geometry": { "type": "Polygon", "coordinates": [ [ [ -162.621963, 66.856485 ], [ -162.613086, 66.846853 ], [ -162.598949, 66.838605 ], [ -162.577517, 66.82858 ], [ -162.568138299999987, 66.822687 ], [ -162.492866, 66.822686 ], [ -162.492885, 66.851548 ], [ -162.447346, 66.851549 ], [ -162.447357, 66.894842 ], [ -162.497438, 66.89484 ], [ -162.497439, 66.902055 ], [ -162.479781, 66.902054 ], [ -162.479841, 66.909272 ], [ -162.387947, 66.909273 ], [ -162.3880145, 66.9233737 ], [ -162.404328, 66.918806 ], [ -162.415701, 66.918026 ], [ -162.433287, 66.920399 ], [ -162.446312, 66.924557 ], [ -162.453782, 66.93195 ], [ -162.456705, 66.938419 ], [ -162.459906, 66.939799 ], [ -162.463278, 66.946416 ], [ -162.461643, 66.949344 ], [ -162.469063, 66.950429 ], [ -162.491114, 66.943116 ], [ -162.492292, 66.937976 ], [ -162.499144, 66.934504 ], [ -162.499189, 66.927609 ], [ -162.496343, 66.925247 ], [ -162.497633, 66.918115 ], [ -162.501907, 66.915901 ], [ -162.50518, 66.910081 ], [ -162.510252, 66.906999 ], [ -162.515528, 66.905547 ], [ -162.528846, 66.902945 ], [ -162.543885, 66.901019 ], [ -162.578478, 66.90404 ], [ -162.5837838, 66.9027273 ], [ -162.601052, 66.898455 ], [ -162.608387199999981, 66.8912738 ], [ -162.613476, 66.886292 ], [ -162.621309, 66.876612 ], [ -162.623413, 66.864843 ], [ -162.621963, 66.856485 ] ] ] } },
{ "type": "Feature", "properties": { "GEOID": "0255910", "NAME": "North Pole city, Alaska", "population": 2477.0 }, "geometry": { "type": "Polygon", "coordinates": [ [ [ -147.426892, 64.773268 ], [ -147.4186, 64.773275 ], [ -147.418552, 64.77056 ], [ -147.409958, 64.76966 ], [ -147.4101, 64.767977 ], [ -147.400478, 64.767076 ], [ -147.390149, 64.765271 ], [ -147.386571, 64.765185 ], [ -147.37608, 64.761678 ], [ -147.380317, 64.761762 ], [ -147.380264, 64.756999 ], [ -147.376065, 64.757014 ], [ -147.375982, 64.743296 ], [ -147.375962, 64.740027 ], [ -147.375954, 64.738694 ], [ -147.365545, 64.735832 ], [ -147.36297, 64.733573 ], [ -147.358342, 64.733575 ], [ -147.348062, 64.729899 ], [ -147.342171, 64.729977 ], [ -147.342163, 64.733587 ], [ -147.330706, 64.733587 ], [ -147.336214, 64.737124 ], [ -147.308532, 64.73719 ], [ -147.308405, 64.743971 ], [ -147.314052, 64.745265 ], [ -147.342244, 64.75579 ], [ -147.34226, 64.76011 ], [ -147.344238, 64.760829 ], [ -147.344481, 64.761411 ], [ -147.341161, 64.764506 ], [ -147.341047, 64.766015 ], [ -147.359209, 64.76605 ], [ -147.359227, 64.769651 ], [ -147.384587, 64.769708 ], [ -147.384569, 64.773313 ], [ -147.393067, 64.773327 ], [ -147.393067, 64.77687 ], [ -147.41504, 64.776867 ], [ -147.426921, 64.776867 ], [ -147.426892, 64.773268 ] ] ] } },
{ "type": "Feature", "properties": { "GEOID": "0217410", "NAME": "Cordova city, Alaska", "population": 2401.0 }, "geometry": { "type": "MultiPolygon", "coordinates": [ [ [ [ -145.739102, 60.593855 ], [ -145.737081, 60.59473 ], [ -145.735061, 60.594613 ], [ -145.733754, 60.596539 ], [ -145.732565, 60.598639 ], [ -145.733193699999987, 60.5990503 ], [ -145.740316299999989, 60.5937621 ], [ -145.739102, 60.593855 ] ] ], [ [ [ -145.774625, 60.548164 ], [ -145.772891, 60.547835 ], [ -145.771669, 60.548029 ], [ -145.77029, 60.550082 ], [ -145.771118, 60.550237 ], [ -145.773364, 60.549579 ], [ -145.774625, 60.548164 ] ] ], [ [ [ -145.861681, 60.502834 ], [ -145.859777, 60.502894 ], [ -145.858166, 60.502853 ], [ -145.856759, 60.502681 ], [ -145.855822, 60.502928 ], [ -145.843027, 60.504592 ], [ -145.844637, 60.504258 ], [ -145.846061, 60.501814 ], [ -145.843631, 60.502179 ], [ -145.841343, 60.501474 ], [ -145.837446, 60.501377 ], [ -145.831177, 60.501342 ], [ -145.829979, 60.502224 ], [ -145.827048, 60.501838 ], [ -145.821982, 60.50245 ], [ -145.818353, 60.503436 ], [ -145.81797, 60.502743 ], [ -145.81381, 60.502907 ], [ -145.809948, 60.50424 ], [ -145.806342, 60.503608 ], [ -145.801977, 60.503843 ], [ -145.796026, 60.502621 ], [ -145.791516, 60.503131 ], [ -145.790284, 60.502626 ], [ -145.781527, 60.503543 ], [ -145.779243, 60.504383 ], [ -145.776078, 60.503894 ], [ -145.769548, 60.505734 ], [ -145.760995, 60.507199 ], [ -145.759386, 60.508226 ], [ -145.754641, 60.509558 ], [ -145.736574, 60.507045 ], [ -145.732854, 60.507103 ], [ -145.727565, 60.50904 ], [ -145.724516, 60.510982 ], [ -145.722743, 60.511204 ], [ -145.719877, 60.513947 ], [ -145.718005, 60.514862 ], [ -145.713363, 60.515636 ], [ -145.710188, 60.51745 ], [ -145.692089, 60.517448 ], [ -145.668352, 60.512633 ], [ -145.559561, 60.490686 ], [ -145.407191, 60.459668 ], [ -145.407408, 60.531895 ], [ -145.507216, 60.531889 ], [ -145.575397, 60.531889 ], [ -145.575466, 60.560458 ], [ -145.575564, 60.599696 ], [ -145.57557, 60.604104 ], [ -145.662755, 60.604102 ], [ -145.662755, 60.634062 ], [ -145.656533, 60.636123 ], [ -145.647034, 60.640206 ], [ -145.647993899999989, 60.640206199999987 ], [ -145.650447, 60.639627 ], [ -145.656508, 60.637763 ], [ -145.66043, 60.636131 ], [ -145.6630614, 60.6345828 ], [ -145.663401, 60.634383 ], [ -145.666253, 60.633858 ], [ -145.6683114, 60.6333812 ], [ -145.670531, 60.632867 ], [ -145.673027, 60.631177 ], [ -145.6724653, 60.6305988 ], [ -145.671838, 60.629953 ], [ -145.678018, 60.625815 ], [ -145.6786424, 60.6244755 ], [ -145.678969, 60.623775 ], [ -145.679801, 60.622084 ], [ -145.680632, 60.620102 ], [ -145.68087, 60.618469 ], [ -145.682058, 60.61707 ], [ -145.681345, 60.614912 ], [ -145.682647, 60.612269 ], [ -145.687869, 60.610809 ], [ -145.688733, 60.609062 ], [ -145.689597, 60.608773 ], [ -145.690565, 60.609045 ], [ -145.691706, 60.608722 ], [ -145.694955, 60.605821 ], [ -145.696753, 60.602462 ], [ -145.696058, 60.600469 ], [ -145.698102, 60.598639 ], [ -145.697909, 60.596949 ], [ -145.699564, 60.592596 ], [ -145.704884, 60.590565 ], [ -145.706499, 60.588514 ], [ -145.707366, 60.585882 ], [ -145.712055, 60.582844 ], [ -145.713237, 60.581392 ], [ -145.715049, 60.580676 ], [ -145.717098, 60.580676 ], [ -145.718871, 60.580096 ], [ -145.721394, 60.578505 ], [ -145.727224, 60.576554 ], [ -145.734711, 60.573069 ], [ -145.7372, 60.571441 ], [ -145.742667, 60.568871 ], [ -145.744242, 60.56722 ], [ -145.74449, 60.564829 ], [ -145.743064, 60.563369 ], [ -145.744331, 60.560695 ], [ -145.746113, 60.559994 ], [ -145.748015, 60.558417 ], [ -145.750391, 60.558943 ], [ -145.751969, 60.557811 ], [ -145.754333, 60.557521 ], [ -145.758824, 60.554615 ], [ -145.757958, 60.552581 ], [ -145.758588, 60.552291 ], [ -145.761189, 60.552833 ], [ -145.764814, 60.55045 ], [ -145.764104, 60.549753 ], [ -145.766153, 60.548978 ], [ -145.77107, 60.545096 ], [ -145.768258, 60.542187 ], [ -145.765671, 60.541248 ], [ -145.76173, 60.542026 ], [ -145.760867, 60.541602 ], [ -145.761956, 60.540138 ], [ -145.762592, 60.539411 ], [ -145.762366, 60.538684 ], [ -145.761689, 60.538502 ], [ -145.759451, 60.538795 ], [ -145.757768, 60.539249 ], [ -145.756659, 60.539764 ], [ -145.756207, 60.539815 ], [ -145.756042899999983, 60.5397514 ], [ -145.755345, 60.539481 ], [ -145.755325, 60.53931 ], [ -145.756803, 60.538381 ], [ -145.76097, 60.537502 ], [ -145.76602, 60.536917 ], [ -145.767861, 60.537498 ], [ -145.772377, 60.53703 ], [ -145.772614, 60.536212 ], [ -145.779626, 60.536621 ], [ -145.783785, 60.535744 ], [ -145.792223, 60.531009 ], [ -145.795133, 60.527396 ], [ -145.795669, 60.522706 ], [ -145.79971, 60.521712 ], [ -145.802324, 60.521888 ], [ -145.805177, 60.520367 ], [ -145.809336, 60.519431 ], [ -145.817179, 60.517677 ], [ -145.826092, 60.515981 ], [ -145.832866, 60.514284 ], [ -145.833817, 60.51329 ], [ -145.838808, 60.512237 ], [ -145.842017, 60.512178 ], [ -145.843205, 60.511301 ], [ -145.846652, 60.511067 ], [ -145.853188, 60.50744 ], [ -145.856991, 60.506738 ], [ -145.859605, 60.505099 ], [ -145.864112299999988, 60.5034354 ], [ -145.861681, 60.502834 ] ] ] ] } },
{ "type": "Feature", "properties": { "GEOID": "0233800", "NAME": "Houston city, Alaska", "population": 2267.0 }, "geometry": { "type": "Polygon", "coordinates": [ [ [ -149.90384, 61.584956 ], [ -149.873942, 61.584969 ], [ -149.873982, 61.588615 ], [ -149.870782, 61.588614 ], [ -149.86645, 61.588612 ], [ -149.866472, 61.592195 ], [ -149.871011, 61.592196 ], [ -149.874021, 61.592197 ], [ -149.874046, 61.594379 ], [ -149.874102, 61.5994 ], [ -149.843884, 61.599396 ], [ -149.813474, 61.599398 ], [ -149.813516, 61.585067 ], [ -149.783163, 61.584977 ], [ -149.783111, 61.570529 ], [ -149.767963, 61.570535 ], [ -149.767959, 61.568982 ], [ -149.767368, 61.564975 ], [ -149.752817, 61.567309 ], [ -149.752826, 61.559722 ], [ -149.730113, 61.559699 ], [ -149.730132, 61.56692 ], [ -149.73767, 61.566921 ], [ -149.737692, 61.57054 ], [ -149.724553, 61.570544 ], [ -149.722533, 61.570538 ], [ -149.722541, 61.574415 ], [ -149.722652, 61.588331 ], [ -149.722819, 61.635139 ], [ -149.722568, 61.642788 ], [ -149.7833, 61.642766 ], [ -149.78329, 61.647992 ], [ -149.783314, 61.657089 ], [ -149.903756, 61.65716 ], [ -149.903759, 61.653449 ], [ -149.903776, 61.642742 ], [ -149.874363, 61.642726 ], [ -149.874316, 61.628268 ], [ -149.859133, 61.628272 ], [ -149.859043, 61.621962 ], [ -149.859032, 61.621073 ], [ -149.844071, 61.621061 ], [ -149.843938, 61.610299 ], [ -149.85883, 61.610319 ], [ -149.858812, 61.613916 ], [ -149.873884, 61.613994 ], [ -149.873993, 61.606696 ], [ -149.90372, 61.606671 ], [ -149.903816, 61.599481 ], [ -149.90384, 61.584956 ] ] ] } },
{ "type": "Feature", "properties": { "GEOID": "0218950", "NAME": "Dillingham city, Alaska", "population": 2075.0 }, "geometry": { "type": "Polygon", "coordinates": [ [ [ -158.622623, 59.086104 ], [ -158.614489, 59.086103 ], [ -158.614273, 58.999421 ], [ -158.576213, 58.999421 ], [ -158.5327887, 58.999422 ], [ -158.532434, 59.000486 ], [ -158.535369, 59.004048 ], [ -158.537614, 59.015611 ], [ -158.533825, 59.023525 ], [ -158.526399, 59.026174 ], [ -158.514289, 59.032976 ], [ -158.502675, 59.036166 ], [ -158.493097, 59.03547 ], [ -158.481124, 59.036105 ], [ -158.477053, 59.03771 ], [ -158.455343, 59.038423 ], [ -158.442616, 59.046915 ], [ -158.435072, 59.053739 ], [ -158.431621, 59.05818 ], [ -158.431229, 59.062641 ], [ -158.424955, 59.0667872 ], [ -158.429491, 59.070014 ], [ -158.43283, 59.072979 ], [ -158.439659, 59.072996 ], [ -158.444276, 59.074092 ], [ -158.455881, 59.07746 ], [ -158.467257, 59.083078 ], [ -158.475933, 59.092392 ], [ -158.482517, 59.100427 ], [ -158.487555, 59.100543 ], [ -158.622624, 59.100551 ], [ -158.622623, 59.086104 ] ] ] } },
{ "type": "Feature", "properties": { "GEOID": "0286380", "NAME": "Wrangell city and borough, Alaska", "population": 2007.0 }, "geometry": { "type": "MultiPolygon", "coordinates": [ [ [ [ -132.049327, 55.983388 ], [ -132.045563, 55.982415 ], [ -132.042904, 55.984138 ], [ -132.044639, 55.991761 ], [ -132.047101, 55.99258 ], [ -132.049133, 55.991639 ], [ -132.049327, 55.983388 ] ] ], [ [ [ -132.06742, 56.049361 ], [ -132.055929, 56.018661 ], [ -132.050189, 56.018342 ], [ -132.049208, 56.024006 ], [ -132.04326, 56.029075 ], [ -132.039611, 56.02787 ], [ -132.032954, 56.019169 ], [ -132.032209, 56.012692 ], [ -132.042507, 56.009758 ], [ -132.041218, 56.006743 ], [ -132.030403, 56.004557 ], [ -132.025303, 55.997245 ], [ -132.027937, 55.98507 ], [ -132.034939, 55.979718 ], [ -132.032465, 55.977556 ], [ -132.026302, 55.978841 ], [ -132.017423, 55.982334 ], [ -132.012085, 55.985219 ], [ -132.011044, 55.988305 ], [ -132.007123, 55.990451 ], [ -132.007962, 55.996097 ], [ -132.003856, 56.003948 ], [ -131.991128, 56.004008 ], [ -131.988722, 56.006526 ], [ -131.986158, 56.013124 ], [ -131.98342, 56.014472 ], [ -131.983779, 56.025131 ], [ -131.993114, 56.037138 ], [ -132.001766, 56.054959 ], [ -132.011263, 56.07578 ], [ -132.021023, 56.085862 ], [ -132.029911, 56.091223 ], [ -132.036087, 56.089238 ], [ -132.049875, 56.068445 ], [ -132.061016, 56.057659 ], [ -132.06742, 56.049361 ] ] ], [ [ [ -132.079766, 56.103269 ], [ -132.07739, 56.102341 ], [ -132.072755, 56.101877 ], [ -132.070606, 56.104283 ], [ -132.069467, 56.107008 ], [ -132.070722, 56.107673 ], [ -132.075554, 56.107965 ], [ -132.078459, 56.10645 ], [ -132.079766, 56.105059 ], [ -132.079766, 56.103269 ] ] ], [ [ [ -132.097745, 56.077056 ], [ -132.095894, 56.077044 ], [ -132.093908, 56.078076 ], [ -132.091634, 56.078726 ], [ -132.091476, 56.081168 ], [ -132.093814, 56.082374 ], [ -132.095606, 56.081858 ], [ -132.098306, 56.077828 ], [ -132.097745, 56.077056 ] ] ], [ [ [ -132.117439, 56.032089 ], [ -132.11625, 56.03003 ], [ -132.114943, 56.029565 ], [ -132.110546, 56.028769 ], [ -132.104366, 56.02837 ], [ -132.100088, 56.026378 ], [ -132.098068, 56.024518 ], [ -132.096166, 56.023389 ], [ -132.095453, 56.023921 ], [ -132.095572, 56.024983 ], [ -132.097236, 56.027175 ], [ -132.095453, 56.029233 ], [ -132.095572, 56.032819 ], [ -132.09581, 56.035608 ], [ -132.097117, 56.039392 ], [ -132.097711, 56.041184 ], [ -132.097949, 56.045433 ], [ -132.0989, 56.047026 ], [ -132.099375, 56.048618 ], [ -132.09581, 56.050211 ], [ -132.094384, 56.050809 ], [ -132.093908, 56.052003 ], [ -132.094621, 56.053065 ], [ -132.096761, 56.052999 ], [ -132.10199, 56.052136 ], [ -132.103772, 56.050875 ], [ -132.103297, 56.047158 ], [ -132.103534, 56.044171 ], [ -132.104842, 56.043043 ], [ -132.108882, 56.043707 ], [ -132.111497, 56.044702 ], [ -132.11221, 56.043375 ], [ -132.112923, 56.042446 ], [ -132.112923, 56.039989 ], [ -132.115418, 56.038064 ], [ -132.116845, 56.036604 ], [ -132.117201, 56.033417 ], [ -132.117439, 56.032089 ] ] ], [ [ [ -132.127778, 55.929965 ], [ -132.126247, 55.929458 ], [ -132.125044, 55.930031 ], [ -132.123837, 55.933101 ], [ -132.125044, 55.933816 ], [ -132.126833, 55.93372 ], [ -132.128744, 55.931837 ], [ -132.127778, 55.929965 ] ] ], [ [ [ -132.146902, 56.149083 ], [ -132.144184, 56.148204 ], [ -132.142043, 56.149024 ], [ -132.14279, 56.151304 ], [ -132.145086, 56.15192 ], [ -132.146905, 56.151178 ], [ -132.146902, 56.149083 ] ] ], [ [ [ -132.147569, 56.062154 ], [ -132.144983, 56.059193 ], [ -132.138457, 56.059122 ], [ -132.137817, 56.060013 ], [ -132.142469, 56.063664 ], [ -132.141532, 56.065243 ], [ -132.143184, 56.066034 ], [ -132.146252, 56.065836 ], [ -132.148099, 56.064345 ], [ -132.147569, 56.062154 ] ] ], [ [ [ -132.192264, 55.919553 ], [ -132.183565, 55.919615 ], [ -132.180183, 55.920699 ], [ -132.17483, 55.921486 ], [ -132.165156, 55.921524 ], [ -132.160779, 55.921625 ], [ -132.158527, 55.922953 ], [ -132.158634, 55.923873 ], [ -132.161687, 55.92462 ], [ -132.166475, 55.925051 ], [ -132.177714, 55.92407 ], [ -132.181612, 55.922508 ], [ -132.184108, 55.922907 ], [ -132.190529, 55.922056 ], [ -132.19306, 55.92091 ], [ -132.192264, 55.919553 ] ] ], [ [ [ -132.413872, 55.91782 ], [ -132.409743, 55.91657 ], [ -132.408359, 55.91738 ], [ -132.408478, 55.921309 ], [ -132.410542, 55.921769 ], [ -132.413645, 55.921004 ], [ -132.414466, 55.920018 ], [ -132.413872, 55.91782 ] ] ], [ [ [ -132.477524, 56.517078 ], [ -132.474434, 56.51498 ], [ -132.464926, 56.511963 ], [ -132.458747, 56.511439 ], [ -132.454469, 56.511963 ], [ -132.454706, 56.514324 ], [ -132.452329, 56.515373 ], [ -132.448051, 56.517602 ], [ -132.444011, 56.519307 ], [ -132.441634, 56.522322 ], [ -132.438782, 56.524682 ], [ -132.438544, 56.526649 ], [ -132.440683, 56.529008 ], [ -132.442585, 56.530843 ], [ -132.442347, 56.532678 ], [ -132.442347, 56.535431 ], [ -132.443298, 56.538183 ], [ -132.444486, 56.539755 ], [ -132.446863, 56.542245 ], [ -132.448289, 56.543687 ], [ -132.454469, 56.543556 ], [ -132.458984, 56.544211 ], [ -132.464451, 56.544735 ], [ -132.470393, 56.545521 ], [ -132.475147, 56.544604 ], [ -132.47681, 56.539887 ], [ -132.476573, 56.536217 ], [ -132.476335, 56.530581 ], [ -132.474671, 56.528746 ], [ -132.474434, 56.524158 ], [ -132.476573, 56.521536 ], [ -132.477524, 56.5197 ], [ -132.477524, 56.517078 ] ] ], [ [ [ -132.484654, 56.565825 ], [ -132.457796, 56.563075 ], [ -132.45079, 56.564098 ], [ -132.440208, 56.56792 ], [ -132.430225, 56.572896 ], [ -132.421906, 56.58062 ], [ -132.408359, 56.58507 ], [ -132.405269, 56.598942 ], [ -132.400223, 56.604549 ], [ -132.400818, 56.606926 ], [ -132.405982, 56.606661 ], [ -132.424011, 56.600979 ], [ -132.451616, 56.596194 ], [ -132.466115, 56.583892 ], [ -132.469442, 56.579442 ], [ -132.482515, 56.570146 ], [ -132.484654, 56.565825 ] ] ], [ [ [ -132.490358, 56.498847 ], [ -132.487268, 56.497141 ], [ -132.481564, 56.496748 ], [ -132.477999, 56.497535 ], [ -132.475384, 56.500159 ], [ -132.477286, 56.502651 ], [ -132.47895, 56.504488 ], [ -132.485605, 56.505012 ], [ -132.489883, 56.503438 ], [ -132.489883, 56.500946 ], [ -132.490358, 56.498847 ] ] ], [ [ [ -132.503128, 56.054437 ], [ -132.501665, 56.052528 ], [ -132.499471, 56.051934 ], [ -132.495456, 56.052488 ], [ -132.494054, 56.054268 ], [ -132.493686, 56.055392 ], [ -132.496309, 56.056142 ], [ -132.498558, 56.056184 ], [ -132.502534, 56.055432 ], [ -132.503128, 56.054437 ] ] ], [ [ [ -132.56178, 56.380055 ], [ -132.559878, 56.37387 ], [ -132.555362, 56.369131 ], [ -132.547994, 56.36268 ], [ -132.540388, 56.359652 ], [ -132.531119, 56.35715 ], [ -132.526841, 56.355833 ], [ -132.522087, 56.353858 ], [ -132.508539, 56.353331 ], [ -132.500221, 56.352805 ], [ -132.494041, 56.354912 ], [ -132.491664, 56.35715 ], [ -132.491664, 56.359389 ], [ -132.488812, 56.361495 ], [ -132.487386, 56.364655 ], [ -132.48596, 56.367551 ], [ -132.480493, 56.369394 ], [ -132.4736, 56.371105 ], [ -132.469084, 56.371237 ], [ -132.464331, 56.372817 ], [ -132.459102, 56.372027 ], [ -132.454111, 56.373211 ], [ -132.449357, 56.374133 ], [ -132.447456, 56.376634 ], [ -132.451021, 56.378476 ], [ -132.451258, 56.379924 ], [ -132.450783, 56.382687 ], [ -132.448406, 56.385056 ], [ -132.444603, 56.38624 ], [ -132.442464, 56.38874 ], [ -132.438424, 56.390055 ], [ -132.431056, 56.389266 ], [ -132.425589, 56.38795 ], [ -132.420835, 56.385319 ], [ -132.414656, 56.384266 ], [ -132.409189, 56.38295 ], [ -132.404198, 56.382424 ], [ -132.401821, 56.384924 ], [ -132.404673, 56.386108 ], [ -132.409902, 56.38874 ], [ -132.408476, 56.39124 ], [ -132.406099, 56.392029 ], [ -132.406099, 56.393476 ], [ -132.404673, 56.395712 ], [ -132.405149, 56.398738 ], [ -132.40396, 56.401237 ], [ -132.403723, 56.405182 ], [ -132.406812, 56.408996 ], [ -132.417508, 56.415044 ], [ -132.42345, 56.415833 ], [ -132.42654, 56.417411 ], [ -132.43367, 56.418726 ], [ -132.434621, 56.420566 ], [ -132.437473, 56.422407 ], [ -132.445079, 56.422538 ], [ -132.449832, 56.424641 ], [ -132.461716, 56.429504 ], [ -132.472174, 56.433053 ], [ -132.477641, 56.435024 ], [ -132.478592, 56.437521 ], [ -132.480255, 56.439229 ], [ -132.485484, 56.439229 ], [ -132.492615, 56.44028 ], [ -132.498319, 56.437915 ], [ -132.505212, 56.437783 ], [ -132.514719, 56.431607 ], [ -132.520186, 56.429373 ], [ -132.526128, 56.426481 ], [ -132.530881, 56.424247 ], [ -132.536348, 56.420961 ], [ -132.534922, 56.416754 ], [ -132.537299, 56.412809 ], [ -132.544191, 56.40939 ], [ -132.553223, 56.406497 ], [ -132.557026, 56.402947 ], [ -132.56178, 56.393608 ], [ -132.562255, 56.386503 ], [ -132.56178, 56.380055 ] ] ], [ [ [ -132.567129, 56.526124 ], [ -132.563801, 56.523896 ], [ -132.557146, 56.516422 ], [ -132.556196, 56.513013 ], [ -132.553106, 56.511308 ], [ -132.548827, 56.510652 ], [ -132.544549, 56.511832 ], [ -132.539558, 56.512881 ], [ -132.536468, 56.513537 ], [ -132.533141, 56.517471 ], [ -132.531952, 56.519831 ], [ -132.532665, 56.522847 ], [ -132.537419, 56.525338 ], [ -132.539796, 56.528353 ], [ -132.535755, 56.528746 ], [ -132.532665, 56.529532 ], [ -132.529575, 56.532023 ], [ -132.526961, 56.5353 ], [ -132.525297, 56.535562 ], [ -132.523871, 56.537397 ], [ -132.521019, 56.539493 ], [ -132.520781, 56.543687 ], [ -132.522683, 56.545128 ], [ -132.52197, 56.547486 ], [ -132.52292, 56.549059 ], [ -132.525059, 56.550238 ], [ -132.523871, 56.551679 ], [ -132.521257, 56.554561 ], [ -132.519355, 56.558622 ], [ -132.519355, 56.560193 ], [ -132.522445, 56.561765 ], [ -132.528862, 56.562551 ], [ -132.533616, 56.562289 ], [ -132.537419, 56.559931 ], [ -132.544074, 56.556002 ], [ -132.548352, 56.549714 ], [ -132.550967, 56.544997 ], [ -132.556196, 56.542114 ], [ -132.562375, 56.535955 ], [ -132.566653, 56.530319 ], [ -132.567129, 56.526124 ] ] ], [ [ [ -132.616804, 56.503045 ], [ -132.614902, 56.501339 ], [ -132.613001, 56.497535 ], [ -132.614189, 56.496617 ], [ -132.613476, 56.493599 ], [ -132.603494, 56.490319 ], [ -132.590421, 56.487169 ], [ -132.581152, 56.486644 ], [ -132.571645, 56.486776 ], [ -132.569506, 56.489663 ], [ -132.563564, 56.491631 ], [ -132.559998, 56.493468 ], [ -132.557859, 56.495567 ], [ -132.559285, 56.497404 ], [ -132.563088, 56.49806 ], [ -132.567604, 56.498453 ], [ -132.572595, 56.499372 ], [ -132.573784, 56.501995 ], [ -132.572358, 56.505406 ], [ -132.570456, 56.507242 ], [ -132.573784, 56.50934 ], [ -132.577587, 56.512226 ], [ -132.58234, 56.513537 ], [ -132.588995, 56.513275 ], [ -132.593749, 56.512881 ], [ -132.600879, 56.512357 ], [ -132.606346, 56.513013 ], [ -132.613952, 56.511308 ], [ -132.616804, 56.509209 ], [ -132.616566, 56.506324 ], [ -132.616804, 56.503045 ] ] ], [ [ [ -132.653762, 56.477051 ], [ -132.650434, 56.474557 ], [ -132.647344, 56.471538 ], [ -132.646156, 56.469175 ], [ -132.637124, 56.464842 ], [ -132.632846, 56.463135 ], [ -132.629281, 56.460771 ], [ -132.623576, 56.459327 ], [ -132.620249, 56.457619 ], [ -132.61502, 56.456043 ], [ -132.607414, 56.453023 ], [ -132.604087, 56.449213 ], [ -132.596956, 56.448425 ], [ -132.589588, 56.448688 ], [ -132.584597, 56.450002 ], [ -132.581032, 56.451709 ], [ -132.577704, 56.453023 ], [ -132.576516, 56.457751 ], [ -132.575327, 56.461165 ], [ -132.577466, 56.463266 ], [ -132.580319, 56.465761 ], [ -132.58222, 56.468781 ], [ -132.587449, 56.4697 ], [ -132.588875, 56.472063 ], [ -132.589826, 56.474951 ], [ -132.595055, 56.477708 ], [ -132.602898, 56.480333 ], [ -132.607414, 56.482827 ], [ -132.611692, 56.484664 ], [ -132.61906, 56.487814 ], [ -132.62524, 56.489388 ], [ -132.630469, 56.489651 ], [ -132.632608, 56.48847 ], [ -132.633083, 56.486501 ], [ -132.634985, 56.485583 ], [ -132.639025, 56.485058 ], [ -132.64473, 56.486108 ], [ -132.649959, 56.486501 ], [ -132.653762, 56.483877 ], [ -132.653524, 56.481252 ], [ -132.653762, 56.477051 ] ] ], [ [ [ -132.717461, 56.113342 ], [ -132.714836, 56.112405 ], [ -132.710687, 56.114402 ], [ -132.712232, 56.11745 ], [ -132.717063, 56.118569 ], [ -132.719272, 56.117425 ], [ -132.717461, 56.113342 ] ] ], [ [ [ -132.7278, 56.170283 ], [ -132.726097, 56.160823 ], [ -132.725186, 56.161284 ], [ -132.723879, 56.163071 ], [ -132.721093, 56.162356 ], [ -132.719838, 56.16274 ], [ -132.716273, 56.162343 ], [ -132.715084, 56.160622 ], [ -132.716748, 56.158901 ], [ -132.716273, 56.15354 ], [ -132.715679, 56.149701 ], [ -132.716154, 56.147053 ], [ -132.719125, 56.146656 ], [ -132.72253, 56.143831 ], [ -132.720324, 56.138776 ], [ -132.714609, 56.129109 ], [ -132.710687, 56.125731 ], [ -132.706884, 56.122948 ], [ -132.703913, 56.122551 ], [ -132.702606, 56.118841 ], [ -132.702131, 56.11692 ], [ -132.7032, 56.113938 ], [ -132.706409, 56.112414 ], [ -132.706874, 56.109869 ], [ -132.705149, 56.107734 ], [ -132.701418, 56.106782 ], [ -132.696783, 56.105589 ], [ -132.696308, 56.10307 ], [ -132.699635, 56.101877 ], [ -132.700586, 56.099823 ], [ -132.69697, 56.09586 ], [ -132.691316, 56.094586 ], [ -132.684661, 56.087625 ], [ -132.684186, 56.084641 ], [ -132.678363, 56.078673 ], [ -132.672064, 56.077147 ], [ -132.67254, 56.075423 ], [ -132.671946, 56.069652 ], [ -132.671137, 56.067457 ], [ -132.669093, 56.063217 ], [ -132.667192, 56.059435 ], [ -132.658398, 56.04968 ], [ -132.655546, 56.049747 ], [ -132.650673, 56.048154 ], [ -132.650436, 56.045366 ], [ -132.648999, 56.041387 ], [ -132.644969, 56.040653 ], [ -132.64378, 56.039392 ], [ -132.644256, 56.037201 ], [ -132.642117, 56.032487 ], [ -132.63665, 56.031159 ], [ -132.631421, 56.032686 ], [ -132.626905, 56.033616 ], [ -132.621795, 56.035342 ], [ -132.619656, 56.032952 ], [ -132.617755, 56.030761 ], [ -132.619656, 56.02744 ], [ -132.621813, 56.024174 ], [ -132.619299, 56.022991 ], [ -132.611694, 56.020998 ], [ -132.611218, 56.017544 ], [ -132.610903, 56.01418 ], [ -132.607653, 56.010769 ], [ -132.596839, 56.015552 ], [ -132.596268, 56.016934 ], [ -132.598146, 56.019205 ], [ -132.597195, 56.020467 ], [ -132.594235, 56.021858 ], [ -132.59363, 56.023323 ], [ -132.593155, 56.032288 ], [ -132.597552, 56.034678 ], [ -132.603494, 56.037799 ], [ -132.604444, 56.039525 ], [ -132.614546, 56.043773 ], [ -132.614902, 56.046826 ], [ -132.616566, 56.04968 ], [ -132.610981, 56.050676 ], [ -132.608723, 56.052136 ], [ -132.606821, 56.056317 ], [ -132.606465, 56.058772 ], [ -132.609673, 56.060298 ], [ -132.611575, 56.063018 ], [ -132.607983, 56.067199 ], [ -132.608485, 56.069984 ], [ -132.609198, 56.071576 ], [ -132.601592, 56.07204 ], [ -132.595531, 56.068458 ], [ -132.586737, 56.067994 ], [ -132.588758, 56.071709 ], [ -132.594343, 56.07403 ], [ -132.592323, 56.07801 ], [ -132.585668, 56.077943 ], [ -132.583172, 56.075821 ], [ -132.579132, 56.074561 ], [ -132.576279, 56.07151 ], [ -132.57414, 56.069586 ], [ -132.568674, 56.065871 ], [ -132.562851, 56.062156 ], [ -132.556196, 56.060033 ], [ -132.552749, 56.056516 ], [ -132.545143, 56.053662 ], [ -132.541578, 56.052866 ], [ -132.537775, 56.053928 ], [ -132.536943, 56.055653 ], [ -132.540746, 56.057777 ], [ -132.538488, 56.061691 ], [ -132.537336, 56.065897 ], [ -132.538607, 56.070249 ], [ -132.530407, 56.070647 ], [ -132.524099, 56.072027 ], [ -132.519831, 56.074096 ], [ -132.516384, 56.073765 ], [ -132.515315, 56.072173 ], [ -132.512451, 56.071089 ], [ -132.506996, 56.066999 ], [ -132.50248, 56.066733 ], [ -132.495168, 56.063816 ], [ -132.490952, 56.063217 ], [ -132.487625, 56.065009 ], [ -132.482515, 56.065274 ], [ -132.480933, 56.066115 ], [ -132.480376, 56.068326 ], [ -132.479068, 56.070846 ], [ -132.473839, 56.073897 ], [ -132.472889, 56.07529 ], [ -132.46659, 56.07602 ], [ -132.46457, 56.074494 ], [ -132.464808, 56.072969 ], [ -132.461599, 56.070117 ], [ -132.460292, 56.069055 ], [ -132.46148, 56.067397 ], [ -132.464332, 56.065738 ], [ -132.4635, 56.06335 ], [ -132.461361, 56.060099 ], [ -132.462074, 56.058905 ], [ -132.46659, 56.058307 ], [ -132.4717, 56.052534 ], [ -132.475067, 56.051914 ], [ -132.477048, 56.04968 ], [ -132.479068, 56.04364 ], [ -132.479187, 56.041051 ], [ -132.480613, 56.039857 ], [ -132.483347, 56.037998 ], [ -132.484892, 56.034081 ], [ -132.481802, 56.030628 ], [ -132.485486, 56.027507 ], [ -132.485961, 56.025515 ], [ -132.482634, 56.024585 ], [ -132.480257, 56.02505 ], [ -132.477167, 56.027308 ], [ -132.475503, 56.029233 ], [ -132.472651, 56.028769 ], [ -132.471344, 56.023854 ], [ -132.473958, 56.022194 ], [ -132.475266, 56.020201 ], [ -132.475028, 56.018342 ], [ -132.473364, 56.016415 ], [ -132.471106, 56.015884 ], [ -132.46766, 56.016548 ], [ -132.465283, 56.018541 ], [ -132.459698, 56.018541 ], [ -132.451735, 56.016415 ], [ -132.447695, 56.014688 ], [ -132.443825, 56.015953 ], [ -132.439732, 56.019006 ], [ -132.435098, 56.018807 ], [ -132.431651, 56.018009 ], [ -132.423927, 56.01615 ], [ -132.41644, 56.01781 ], [ -132.410379, 56.015685 ], [ -132.406688, 56.015742 ], [ -132.404912, 56.016482 ], [ -132.401823, 56.015817 ], [ -132.398257, 56.017146 ], [ -132.396118, 56.019006 ], [ -132.393623, 56.019338 ], [ -132.390176, 56.022659 ], [ -132.389225, 56.02505 ], [ -132.390889, 56.027839 ], [ -132.39077, 56.032221 ], [ -132.386373, 56.031889 ], [ -132.383402, 56.032952 ], [ -132.379837, 56.03428 ], [ -132.376747, 56.032288 ], [ -132.377579, 56.028038 ], [ -132.377936, 56.024784 ], [ -132.380788, 56.021131 ], [ -132.381739, 56.019139 ], [ -132.382808, 56.016017 ], [ -132.386017, 56.014356 ], [ -132.386611, 56.012828 ], [ -132.392434, 56.010237 ], [ -132.398138, 56.007779 ], [ -132.40164, 56.005884 ], [ -132.403962, 56.004058 ], [ -132.405507, 56.003792 ], [ -132.409547, 56.002463 ], [ -132.411092, 56.003194 ], [ -132.417034, 56.002131 ], [ -132.41953, 56.002928 ], [ -132.421431, 56.004324 ], [ -132.430968, 56.003163 ], [ -132.435432, 55.999224 ], [ -132.445199, 55.99821 ], [ -132.457202, 55.999008 ], [ -132.465877, 55.99615 ], [ -132.464926, 55.992893 ], [ -132.454825, 55.99163 ], [ -132.445199, 55.991364 ], [ -132.437474, 55.988839 ], [ -132.437474, 55.986911 ], [ -132.439732, 55.984318 ], [ -132.443179, 55.984717 ], [ -132.445318, 55.983387 ], [ -132.445437, 55.981991 ], [ -132.451141, 55.981193 ], [ -132.463382, 55.980063 ], [ -132.462355, 55.978855 ], [ -132.461837, 55.976273 ], [ -132.463738, 55.975076 ], [ -132.462497, 55.974099 ], [ -132.459579, 55.974145 ], [ -132.447457, 55.974145 ], [ -132.441753, 55.972682 ], [ -132.435098, 55.97082 ], [ -132.433672, 55.968891 ], [ -132.431889, 55.9653 ], [ -132.436048, 55.964036 ], [ -132.437118, 55.960111 ], [ -132.441159, 55.960843 ], [ -132.444248, 55.961442 ], [ -132.447457, 55.963105 ], [ -132.45126, 55.962772 ], [ -132.452211, 55.960976 ], [ -132.449834, 55.956186 ], [ -132.444605, 55.953325 ], [ -132.439019, 55.954856 ], [ -132.433553, 55.954257 ], [ -132.433672, 55.951928 ], [ -132.435098, 55.950065 ], [ -132.434885, 55.948468 ], [ -132.433553, 55.947803 ], [ -132.427254, 55.947803 ], [ -132.420005, 55.947403 ], [ -132.417747, 55.946605 ], [ -132.414937, 55.94726 ], [ -132.408715, 55.949732 ], [ -132.405388, 55.950997 ], [ -132.401704, 55.950863 ], [ -132.399802, 55.949666 ], [ -132.398733, 55.947669 ], [ -132.39291, 55.946205 ], [ -132.391246, 55.945207 ], [ -132.390533, 55.942412 ], [ -132.387681, 55.938152 ], [ -132.38364, 55.936821 ], [ -132.379124, 55.932761 ], [ -132.369142, 55.929299 ], [ -132.365933, 55.928966 ], [ -132.363913, 55.9281 ], [ -132.364269, 55.926902 ], [ -132.365576, 55.925038 ], [ -132.366289, 55.922441 ], [ -132.373301, 55.917713 ], [ -132.37746, 55.918046 ], [ -132.379718, 55.918912 ], [ -132.382214, 55.918645 ], [ -132.384472, 55.917913 ], [ -132.384591, 55.916448 ], [ -132.383997, 55.914649 ], [ -132.381263, 55.912318 ], [ -132.379481, 55.91072 ], [ -132.379956, 55.909121 ], [ -132.380313, 55.90699 ], [ -132.381501, 55.906323 ], [ -132.386017, 55.905524 ], [ -132.391721, 55.905324 ], [ -132.39493, 55.90599 ], [ -132.39708, 55.905546 ], [ -132.399208, 55.903459 ], [ -132.399446, 55.901993 ], [ -132.395049, 55.897196 ], [ -132.390652, 55.893798 ], [ -132.390889, 55.892398 ], [ -132.393266, 55.891865 ], [ -132.394454, 55.890199 ], [ -132.394454, 55.888533 ], [ -132.396712, 55.887933 ], [ -132.397307, 55.885534 ], [ -132.399683, 55.885734 ], [ -132.400753, 55.883934 ], [ -132.399921, 55.882068 ], [ -132.394573, 55.877801 ], [ -132.391008, 55.873401 ], [ -132.384115, 55.871535 ], [ -132.382927, 55.867334 ], [ -132.380075, 55.863133 ], [ -132.376866, 55.861199 ], [ -132.377698, 55.858464 ], [ -132.376747, 55.856263 ], [ -132.377907, 55.855081 ], [ -132.374608, 55.853461 ], [ -132.372298, 55.850359 ], [ -132.369855, 55.849992 ], [ -132.366052, 55.85126 ], [ -132.363675, 55.853128 ], [ -132.35904, 55.852794 ], [ -132.355, 55.854195 ], [ -132.351078, 55.855329 ], [ -132.344066, 55.853862 ], [ -132.338006, 55.854262 ], [ -132.335866, 55.857063 ], [ -132.33753, 55.8642 ], [ -132.333371, 55.867267 ], [ -132.329449, 55.863199 ], [ -132.323388, 55.849859 ], [ -132.317446, 55.844722 ], [ -132.312455, 55.841586 ], [ -132.311029, 55.844522 ], [ -132.312098, 55.845656 ], [ -132.321368, 55.852461 ], [ -132.32113, 55.85653 ], [ -132.319823, 55.858397 ], [ -132.314475, 55.861132 ], [ -132.308533, 55.862399 ], [ -132.308414, 55.865067 ], [ -132.311742, 55.869268 ], [ -132.317437, 55.872421 ], [ -132.31911, 55.874668 ], [ -132.320774, 55.875135 ], [ -132.326478, 55.875468 ], [ -132.328023, 55.877335 ], [ -132.326953, 55.878135 ], [ -132.326359, 55.879001 ], [ -132.328023, 55.879668 ], [ -132.334559, 55.877601 ], [ -132.341452, 55.878335 ], [ -132.340263, 55.879468 ], [ -132.340858, 55.883268 ], [ -132.341927, 55.8858 ], [ -132.340739, 55.890799 ], [ -132.333014, 55.890199 ], [ -132.330519, 55.889133 ], [ -132.324339, 55.888466 ], [ -132.319528, 55.888528 ], [ -132.31911, 55.889666 ], [ -132.31804, 55.891332 ], [ -132.314594, 55.891332 ], [ -132.307107, 55.892798 ], [ -132.304282, 55.896134 ], [ -132.303923, 55.896686 ], [ -132.307464, 55.897862 ], [ -132.308533, 55.899195 ], [ -132.3058, 55.900128 ], [ -132.301641, 55.900194 ], [ -132.29451, 55.900261 ], [ -132.290351, 55.90126 ], [ -132.289043, 55.902726 ], [ -132.288596, 55.903816 ], [ -132.291777, 55.904325 ], [ -132.291539, 55.90579 ], [ -132.292133, 55.907589 ], [ -132.294035, 55.909854 ], [ -132.301284, 55.911119 ], [ -132.305087, 55.911319 ], [ -132.308771, 55.91365 ], [ -132.309603, 55.918978 ], [ -132.307583, 55.920576 ], [ -132.302354, 55.922041 ], [ -132.300096, 55.921642 ], [ -132.297125, 55.920443 ], [ -132.294272, 55.919911 ], [ -132.289162, 55.920909 ], [ -132.288806, 55.922508 ], [ -132.284528, 55.923506 ], [ -132.279027, 55.924933 ], [ -132.279061, 55.927235 ], [ -132.280725, 55.9283 ], [ -132.280146, 55.929948 ], [ -132.280606, 55.931096 ], [ -132.280962, 55.93296 ], [ -132.27811, 55.934758 ], [ -132.276328, 55.936156 ], [ -132.274545, 55.936156 ], [ -132.273594, 55.934159 ], [ -132.271218, 55.935357 ], [ -132.269316, 55.935889 ], [ -132.268009, 55.934891 ], [ -132.264325, 55.934957 ], [ -132.26171, 55.933759 ], [ -132.257551, 55.933559 ], [ -132.256363, 55.932761 ], [ -132.253154, 55.931163 ], [ -132.25149, 55.929565 ], [ -132.251015, 55.927834 ], [ -132.252322, 55.92597 ], [ -132.250064, 55.920909 ], [ -132.247331, 55.922508 ], [ -132.24531, 55.925038 ], [ -132.242577, 55.926702 ], [ -132.240557, 55.928567 ], [ -132.237467, 55.926969 ], [ -132.239368, 55.925104 ], [ -132.2402, 55.923506 ], [ -132.239725, 55.922508 ], [ -132.235502, 55.924666 ], [ -132.233783, 55.927501 ], [ -132.231763, 55.929831 ], [ -132.228911, 55.931629 ], [ -132.22689, 55.932162 ], [ -132.225535, 55.930756 ], [ -132.224241, 55.930421 ], [ -132.218809, 55.93336 ], [ -132.216789, 55.935224 ], [ -132.216789, 55.936688 ], [ -132.218809, 55.937553 ], [ -132.221661, 55.937354 ], [ -132.22285, 55.940016 ], [ -132.217843, 55.941698 ], [ -132.21309, 55.943229 ], [ -132.211545, 55.945292 ], [ -132.210253, 55.94747 ], [ -132.210728, 55.953924 ], [ -132.209658, 55.959047 ], [ -132.206499, 55.960442 ], [ -132.202885, 55.95918 ], [ -132.199106, 55.952508 ], [ -132.198039, 55.9494 ], [ -132.195635, 55.947004 ], [ -132.192117, 55.940154 ], [ -132.192913, 55.937788 ], [ -132.191486, 55.93659 ], [ -132.185763, 55.935918 ], [ -132.184127, 55.933642 ], [ -132.183579, 55.930015 ], [ -132.180965, 55.929283 ], [ -132.177035, 55.929613 ], [ -132.172904, 55.927568 ], [ -132.164036, 55.92783 ], [ -132.155263, 55.927859 ], [ -132.150968, 55.93092 ], [ -132.146808, 55.932361 ], [ -132.144415, 55.934891 ], [ -132.14255, 55.937886 ], [ -132.136592, 55.939636 ], [ -132.13128, 55.947396 ], [ -132.13033, 55.952156 ], [ -132.130868, 55.956519 ], [ -132.132294, 55.960776 ], [ -132.134433, 55.963038 ], [ -132.137879, 55.966896 ], [ -132.13776, 55.968492 ], [ -132.13557, 55.97003 ], [ -132.136966, 55.971119 ], [ -132.141088, 55.972749 ], [ -132.143227, 55.974079 ], [ -132.145723, 55.974212 ], [ -132.145485, 55.975342 ], [ -132.145506, 55.977785 ], [ -132.147743, 55.979531 ], [ -132.150714, 55.980395 ], [ -132.151136, 55.982014 ], [ -132.153328, 55.982656 ], [ -132.153923, 55.984052 ], [ -132.156299, 55.984185 ], [ -132.15832, 55.98598 ], [ -132.16034, 55.985847 ], [ -132.164856, 55.98372 ], [ -132.165569, 55.984518 ], [ -132.164347, 55.985711 ], [ -132.163905, 55.987443 ], [ -132.164262, 55.989171 ], [ -132.164856, 55.989902 ], [ -132.166995, 55.990367 ], [ -132.168659, 55.990833 ], [ -132.168421, 55.992561 ], [ -132.166876, 55.994223 ], [ -132.163667, 55.995884 ], [ -132.158438, 55.998476 ], [ -132.156894, 55.999606 ], [ -132.155824, 56.001134 ], [ -132.156894, 56.003327 ], [ -132.156656, 56.005121 ], [ -132.155705, 56.006317 ], [ -132.155943, 56.008045 ], [ -132.157963, 56.010769 ], [ -132.160696, 56.013692 ], [ -132.163905, 56.015685 ], [ -132.166401, 56.01688 ], [ -132.167351, 56.019072 ], [ -132.169847, 56.021264 ], [ -132.172105, 56.022194 ], [ -132.17472, 56.024651 ], [ -132.175908, 56.027108 ], [ -132.173769, 56.029101 ], [ -132.173769, 56.031889 ], [ -132.176977, 56.034147 ], [ -132.178879, 56.036404 ], [ -132.182919, 56.038462 ], [ -132.186485, 56.039325 ], [ -132.191238, 56.03979 ], [ -132.192427, 56.039392 ], [ -132.194803, 56.038994 ], [ -132.198725, 56.039923 ], [ -132.20134, 56.044238 ], [ -132.201102, 56.045764 ], [ -132.199914, 56.047225 ], [ -132.19585, 56.047616 ], [ -132.193021, 56.047888 ], [ -132.188743, 56.047557 ], [ -132.185296, 56.046959 ], [ -132.181493, 56.045764 ], [ -132.17876, 56.04603 ], [ -132.171036, 56.044371 ], [ -132.169253, 56.044503 ], [ -132.167946, 56.045632 ], [ -132.169275, 56.047119 ], [ -132.172343, 56.048685 ], [ -132.173888, 56.050941 ], [ -132.177453, 56.053397 ], [ -132.17876, 56.055852 ], [ -132.180417, 56.058164 ], [ -132.181703, 56.058477 ], [ -132.185296, 56.057378 ], [ -132.188505, 56.058772 ], [ -132.192427, 56.060165 ], [ -132.199914, 56.060497 ], [ -132.203003, 56.062487 ], [ -132.205499, 56.063881 ], [ -132.208351, 56.06607 ], [ -132.211441, 56.066866 ], [ -132.215363, 56.067397 ], [ -132.218453, 56.067331 ], [ -132.221305, 56.067729 ], [ -132.222493, 56.068657 ], [ -132.221958, 56.071115 ], [ -132.222137, 56.07204 ], [ -132.223919, 56.075954 ], [ -132.226534, 56.080132 ], [ -132.215244, 56.081193 ], [ -132.208114, 56.081524 ], [ -132.206212, 56.082187 ], [ -132.206331, 56.083845 ], [ -132.204786, 56.084243 ], [ -132.201102, 56.085503 ], [ -132.198725, 56.08663 ], [ -132.196467, 56.087956 ], [ -132.193972, 56.088023 ], [ -132.192308, 56.087094 ], [ -132.191951, 56.085304 ], [ -132.190525, 56.08358 ], [ -132.189218, 56.08179 ], [ -132.189099, 56.079535 ], [ -132.188743, 56.075887 ], [ -132.186247, 56.076285 ], [ -132.185415, 56.07403 ], [ -132.184464, 56.0735 ], [ -132.181612, 56.073897 ], [ -132.178285, 56.07529 ], [ -132.174125, 56.075091 ], [ -132.170441, 56.074096 ], [ -132.166638, 56.073964 ], [ -132.15927, 56.074428 ], [ -132.157607, 56.073367 ], [ -132.155964, 56.07233 ], [ -132.153984, 56.072209 ], [ -132.14905, 56.07277 ], [ -132.147505, 56.0735 ], [ -132.146332, 56.074434 ], [ -132.146317, 56.075887 ], [ -132.148337, 56.076683 ], [ -132.149407, 56.078739 ], [ -132.151189, 56.080397 ], [ -132.155349, 56.083248 ], [ -132.154517, 56.084309 ], [ -132.152734, 56.084906 ], [ -132.152021, 56.0861 ], [ -132.148812, 56.086033 ], [ -132.148694, 56.088619 ], [ -132.145841, 56.089349 ], [ -132.147149, 56.090476 ], [ -132.150239, 56.090874 ], [ -132.150357, 56.093194 ], [ -132.148812, 56.093724 ], [ -132.147505, 56.094785 ], [ -132.146673, 56.097105 ], [ -132.145128, 56.098431 ], [ -132.14085, 56.099094 ], [ -132.140494, 56.0979 ], [ -132.139662, 56.097171 ], [ -132.135265, 56.097702 ], [ -132.133363, 56.098696 ], [ -132.131937, 56.0979 ], [ -132.131224, 56.09684 ], [ -132.129679, 56.095448 ], [ -132.131462, 56.092796 ], [ -132.132294, 56.090343 ], [ -132.131462, 56.088487 ], [ -132.131818, 56.087094 ], [ -132.13414, 56.086441 ], [ -132.134552, 56.085569 ], [ -132.134552, 56.084243 ], [ -132.134789, 56.081259 ], [ -132.131105, 56.077943 ], [ -132.126827, 56.078209 ], [ -132.124094, 56.079203 ], [ -132.122549, 56.08053 ], [ -132.120529, 56.082983 ], [ -132.122787, 56.085768 ], [ -132.124807, 56.085768 ], [ -132.126708, 56.086564 ], [ -132.126114, 56.08736 ], [ -132.124926, 56.08789 ], [ -132.122905, 56.089415 ], [ -132.121836, 56.090078 ], [ -132.120053, 56.089813 ], [ -132.118389, 56.090144 ], [ -132.111734, 56.089879 ], [ -132.109833, 56.08968 ], [ -132.107694, 56.089614 ], [ -132.106149, 56.087625 ], [ -132.104561, 56.085668 ], [ -132.103178, 56.085901 ], [ -132.099137, 56.088951 ], [ -132.098424, 56.091868 ], [ -132.10092, 56.093724 ], [ -132.106149, 56.094188 ], [ -132.107218, 56.095382 ], [ -132.109714, 56.096044 ], [ -132.108763, 56.09863 ], [ -132.104485, 56.101082 ], [ -132.101917, 56.10095 ], [ -132.099375, 56.101811 ], [ -132.099137, 56.103336 ], [ -132.102584, 56.105191 ], [ -132.104961, 56.106517 ], [ -132.105317, 56.10824 ], [ -132.107045, 56.111602 ], [ -132.108361, 56.113121 ], [ -132.110189, 56.113276 ], [ -132.112447, 56.112481 ], [ -132.116726, 56.111619 ], [ -132.119578, 56.112481 ], [ -132.123618, 56.111288 ], [ -132.126589, 56.11142 ], [ -132.128372, 56.113938 ], [ -132.127184, 56.115263 ], [ -132.123262, 56.115529 ], [ -132.119816, 56.117251 ], [ -132.117914, 56.117914 ], [ -132.117558, 56.119106 ], [ -132.116488, 56.120961 ], [ -132.121598, 56.122551 ], [ -132.123618, 56.123412 ], [ -132.126497, 56.125051 ], [ -132.129798, 56.125995 ], [ -132.13265, 56.128049 ], [ -132.134314, 56.128181 ], [ -132.137642, 56.129771 ], [ -132.139781, 56.131691 ], [ -132.140802, 56.133636 ], [ -132.142219, 56.134375 ], [ -132.144891, 56.134473 ], [ -132.146673, 56.13348 ], [ -132.148456, 56.132685 ], [ -132.15012, 56.133082 ], [ -132.150595, 56.133877 ], [ -132.152853, 56.136393 ], [ -132.155111, 56.139506 ], [ -132.157369, 56.139174 ], [ -132.159389, 56.139837 ], [ -132.160221, 56.140631 ], [ -132.159983, 56.142154 ], [ -132.159983, 56.143942 ], [ -132.160815, 56.145994 ], [ -132.164618, 56.14851 ], [ -132.16854, 56.150562 ], [ -132.173412, 56.153342 ], [ -132.174959, 56.155076 ], [ -132.178047, 56.157247 ], [ -132.182206, 56.158372 ], [ -132.183633, 56.160093 ], [ -132.185059, 56.161879 ], [ -132.18589, 56.164593 ], [ -132.188386, 56.168827 ], [ -132.175789, 56.1724 ], [ -132.171392, 56.171077 ], [ -132.166282, 56.170878 ], [ -132.163192, 56.169621 ], [ -132.160459, 56.166842 ], [ -132.154398, 56.166909 ], [ -132.150239, 56.164923 ], [ -132.152259, 56.16274 ], [ -132.151783, 56.159497 ], [ -132.149703, 56.156198 ], [ -132.148456, 56.155791 ], [ -132.145723, 56.155526 ], [ -132.144534, 56.155658 ], [ -132.14192, 56.156916 ], [ -132.136097, 56.157379 ], [ -132.131343, 56.159299 ], [ -132.128015, 56.161019 ], [ -132.123975, 56.166048 ], [ -132.120172, 56.165056 ], [ -132.116726, 56.163335 ], [ -132.11423, 56.162144 ], [ -132.111972, 56.160424 ], [ -132.111972, 56.158372 ], [ -132.110818, 56.155127 ], [ -132.104961, 56.151488 ], [ -132.102821, 56.148973 ], [ -132.100801, 56.14745 ], [ -132.100088, 56.144736 ], [ -132.099375, 56.14083 ], [ -132.096285, 56.137784 ], [ -132.097136, 56.134901 ], [ -132.096523, 56.133546 ], [ -132.090462, 56.129638 ], [ -132.086212, 56.125435 ], [ -132.082587, 56.122583 ], [ -132.078816, 56.12116 ], [ -132.078222, 56.118179 ], [ -132.075845, 56.118046 ], [ -132.073824, 56.115992 ], [ -132.071112, 56.116459 ], [ -132.062535, 56.120166 ], [ -132.05966, 56.123004 ], [ -132.058889, 56.124258 ], [ -132.061346, 56.125068 ], [ -132.060277, 56.126857 ], [ -132.060277, 56.128115 ], [ -132.05897, 56.129837 ], [ -132.058613, 56.13136 ], [ -132.057187, 56.132685 ], [ -132.055761, 56.133877 ], [ -132.055761, 56.1354 ], [ -132.056949, 56.136791 ], [ -132.058019, 56.138976 ], [ -132.059445, 56.142419 ], [ -132.061109, 56.144538 ], [ -132.061703, 56.146259 ], [ -132.057781, 56.146722 ], [ -132.055642, 56.146656 ], [ -132.053622, 56.145133 ], [ -132.049819, 56.143478 ], [ -132.046135, 56.141227 ], [ -132.04567, 56.139155 ], [ -132.042332, 56.137254 ], [ -132.039897, 56.135179 ], [ -132.036984, 56.134274 ], [ -132.036271, 56.132089 ], [ -132.034602, 56.132273 ], [ -132.031636, 56.133016 ], [ -132.02819, 56.132552 ], [ -132.026942, 56.133117 ], [ -132.024819, 56.136301 ], [ -132.022784, 56.139354 ], [ -132.022367, 56.142154 ], [ -132.024149, 56.144273 ], [ -132.022961, 56.146656 ], [ -132.018326, 56.156254 ], [ -132.017075, 56.160815 ], [ -132.017257, 56.165122 ], [ -132.017019, 56.167041 ], [ -132.015045, 56.168214 ], [ -132.014761, 56.171474 ], [ -132.015474, 56.174848 ], [ -132.016306, 56.181595 ], [ -132.016425, 56.182653 ], [ -132.002639, 56.188076 ], [ -132.000981, 56.189076 ], [ -132.000263, 56.191713 ], [ -132.001094, 56.1933 ], [ -131.998242, 56.194027 ], [ -131.99539, 56.193432 ], [ -131.993489, 56.194556 ], [ -131.991706, 56.193697 ], [ -131.989924, 56.192639 ], [ -131.986953, 56.191515 ], [ -131.983982, 56.190787 ], [ -131.979347, 56.191118 ], [ -131.977327, 56.19211 ], [ -131.97186, 56.192308 ], [ -131.969245, 56.193631 ], [ -131.966156, 56.19449 ], [ -131.962007, 56.19429 ], [ -131.954153, 56.194623 ], [ -131.952608, 56.195019 ], [ -131.950231, 56.194623 ], [ -131.94833, 56.193631 ], [ -131.94651, 56.192738 ], [ -131.943219, 56.193432 ], [ -131.940486, 56.193036 ], [ -131.938466, 56.194623 ], [ -131.936802, 56.197069 ], [ -131.932004, 56.197826 ], [ -131.926463, 56.200573 ], [ -131.920878, 56.203482 ], [ -131.920402, 56.204341 ], [ -131.924086, 56.207448 ], [ -131.921828, 56.209563 ], [ -131.921115, 56.21029 ], [ -131.91755, 56.213594 ], [ -131.915649, 56.213792 ], [ -131.911965, 56.214585 ], [ -131.912202, 56.216304 ], [ -131.915054, 56.218881 ], [ -131.917907, 56.220599 ], [ -131.919689, 56.224167 ], [ -131.921353, 56.22529 ], [ -131.924443, 56.225884 ], [ -131.927414, 56.227536 ], [ -131.928127, 56.228989 ], [ -131.931217, 56.232292 ], [ -131.933237, 56.233877 ], [ -131.929909, 56.235529 ], [ -131.926107, 56.234736 ], [ -131.92373, 56.233679 ], [ -131.920402, 56.233877 ], [ -131.911846, 56.231433 ], [ -131.907211, 56.230376 ], [ -131.904953, 56.229452 ], [ -131.902457, 56.228659 ], [ -131.900675, 56.226611 ], [ -131.897941, 56.225554 ], [ -131.895684, 56.225554 ], [ -131.884174, 56.2277 ], [ -131.881898, 56.229121 ], [ -131.876313, 56.230046 ], [ -131.873104, 56.230046 ], [ -131.871203, 56.228791 ], [ -131.865023, 56.226875 ], [ -131.856585, 56.224761 ], [ -131.853495, 56.223175 ], [ -131.849574, 56.222118 ], [ -131.842324, 56.221127 ], [ -131.83769, 56.220797 ], [ -131.834362, 56.21855 ], [ -131.825914, 56.217933 ], [ -131.820339, 56.218815 ], [ -131.813267, 56.217648 ], [ -131.809406, 56.217691 ], [ -131.806316, 56.216502 ], [ -131.80073, 56.216502 ], [ -131.795739, 56.217097 ], [ -131.78647, 56.219013 ], [ -131.781954, 56.220797 ], [ -131.776963, 56.223572 ], [ -131.775418, 56.224034 ], [ -131.767812, 56.224629 ], [ -131.764009, 56.224893 ], [ -131.761513, 56.223836 ], [ -131.757116, 56.223836 ], [ -131.741905, 56.217823 ], [ -131.734299, 56.21518 ], [ -131.731566, 56.214718 ], [ -131.727525, 56.215378 ], [ -131.723128, 56.216964 ], [ -131.717543, 56.216766 ], [ -131.712432, 56.215114 ], [ -131.702093, 56.215511 ], [ -131.699004, 56.215114 ], [ -131.695438, 56.21518 ], [ -131.69223, 56.214255 ], [ -131.691398, 56.212471 ], [ -131.686763, 56.210091 ], [ -131.677612, 56.209761 ], [ -131.674641, 56.208373 ], [ -131.671789, 56.205531 ], [ -131.666798, 56.203548 ], [ -131.665847, 56.202424 ], [ -131.657647, 56.199647 ], [ -131.654082, 56.198986 ], [ -131.648259, 56.199846 ], [ -131.646358, 56.188076 ], [ -131.647308, 56.183976 ], [ -131.654557, 56.183976 ], [ -131.656815, 56.185563 ], [ -131.662639, 56.18715 ], [ -131.669769, 56.190721 ], [ -131.6776, 56.192666 ], [ -131.682366, 56.193366 ], [ -131.691398, 56.191779 ], [ -131.697696, 56.189531 ], [ -131.701143, 56.187481 ], [ -131.705896, 56.18682 ], [ -131.709818, 56.186754 ], [ -131.715998, 56.189928 ], [ -131.722534, 56.192242 ], [ -131.73109, 56.195416 ], [ -131.738577, 56.196804 ], [ -131.747371, 56.198656 ], [ -131.756166, 56.200044 ], [ -131.760087, 56.203217 ], [ -131.763415, 56.204936 ], [ -131.770783, 56.205068 ], [ -131.779577, 56.201631 ], [ -131.782429, 56.199118 ], [ -131.786826, 56.197862 ], [ -131.792887, 56.198127 ], [ -131.799542, 56.197069 ], [ -131.801681, 56.195085 ], [ -131.810832, 56.196606 ], [ -131.815936, 56.198378 ], [ -131.819864, 56.197796 ], [ -131.819151, 56.195482 ], [ -131.818081, 56.1933 ], [ -131.819388, 56.192242 ], [ -131.822122, 56.191581 ], [ -131.82438, 56.19125 ], [ -131.827707, 56.192441 ], [ -131.82949, 56.192308 ], [ -131.834956, 56.195813 ], [ -131.840423, 56.197928 ], [ -131.844939, 56.198986 ], [ -131.854208, 56.20011 ], [ -131.862765, 56.20282 ], [ -131.871087, 56.203311 ], [ -131.880947, 56.201102 ], [ -131.88784, 56.197399 ], [ -131.891908, 56.18487 ], [ -131.891524, 56.182488 ], [ -131.89497, 56.181099 ], [ -131.899046, 56.181896 ], [ -131.913272, 56.181959 ], [ -131.922779, 56.180239 ], [ -131.935728, 56.177207 ], [ -131.962102, 56.174757 ], [ -131.968295, 56.175542 ], [ -131.973167, 56.173095 ], [ -131.973271, 56.160713 ], [ -131.970909, 56.153507 ], [ -131.971266, 56.138678 ], [ -131.971622, 56.124638 ], [ -131.969364, 56.122783 ], [ -131.971979, 56.111255 ], [ -131.975006, 56.100561 ], [ -131.978515, 56.096873 ], [ -131.97935, 56.082157 ], [ -131.980773, 56.078839 ], [ -131.980958, 56.075588 ], [ -131.978871, 56.071941 ], [ -131.976376, 56.065241 ], [ -131.979703, 56.06272 ], [ -131.981724, 56.062123 ], [ -131.978753, 56.051439 ], [ -131.976019, 56.049714 ], [ -131.976138, 56.047059 ], [ -131.977921, 56.044271 ], [ -131.976848, 56.042147 ], [ -131.973048, 56.038562 ], [ -131.972896, 56.037281 ], [ -131.97186, 56.03584 ], [ -131.969602, 56.033649 ], [ -131.969245, 56.031126 ], [ -131.9677, 56.02661 ], [ -131.965181, 56.019043 ], [ -131.96437, 56.017437 ], [ -131.962828, 56.016648 ], [ -131.959976, 56.011931 ], [ -131.959025, 56.005752 ], [ -131.955103, 55.998509 ], [ -131.957005, 55.997911 ], [ -131.967344, 55.996316 ], [ -131.970077, 55.993325 ], [ -131.973286, 55.987343 ], [ -131.973167, 55.983753 ], [ -131.971887, 55.979605 ], [ -131.969127, 55.978035 ], [ -131.964135, 55.975309 ], [ -131.959857, 55.975043 ], [ -131.958312, 55.973912 ], [ -131.95855, 55.972848 ], [ -131.960808, 55.972117 ], [ -131.965918, 55.969789 ], [ -131.967582, 55.968659 ], [ -131.976138, 55.969324 ], [ -131.983744, 55.965998 ], [ -131.989329, 55.967062 ], [ -131.992776, 55.965399 ], [ -131.996935, 55.964402 ], [ -132.000738, 55.966198 ], [ -132.002758, 55.969922 ], [ -132.006799, 55.970122 ], [ -132.01179, 55.967461 ], [ -132.009294, 55.965133 ], [ -132.007274, 55.963604 ], [ -132.007868, 55.962273 ], [ -132.014167, 55.959878 ], [ -132.021178, 55.96214 ], [ -132.024625, 55.96234 ], [ -132.031042, 55.962606 ], [ -132.033884, 55.961599 ], [ -132.034488, 55.959413 ], [ -132.035915, 55.958814 ], [ -132.039773, 55.960416 ], [ -132.042451, 55.959878 ], [ -132.042094, 55.954955 ], [ -132.040787, 55.951961 ], [ -132.041262, 55.950032 ], [ -132.044946, 55.948634 ], [ -132.056117, 55.94757 ], [ -132.063485, 55.946039 ], [ -132.066813, 55.944043 ], [ -132.070378, 55.938652 ], [ -132.070853, 55.93519 ], [ -132.069772, 55.930268 ], [ -132.069546, 55.927734 ], [ -132.070972, 55.925604 ], [ -132.070853, 55.923939 ], [ -132.067288, 55.92021 ], [ -132.064674, 55.91688 ], [ -132.060277, 55.913883 ], [ -132.057662, 55.913417 ], [ -132.057556, 55.912153 ], [ -132.054097, 55.909954 ], [ -132.054454, 55.907223 ], [ -132.051364, 55.904824 ], [ -132.051007, 55.902893 ], [ -132.050057, 55.899295 ], [ -132.047442, 55.894631 ], [ -132.041025, 55.891365 ], [ -132.039123, 55.8877 ], [ -132.040074, 55.886833 ], [ -132.040668, 55.8857 ], [ -132.04459, 55.887367 ], [ -132.046729, 55.887633 ], [ -132.048512, 55.886767 ], [ -132.049343, 55.885301 ], [ -132.048274, 55.883767 ], [ -132.048512, 55.882634 ], [ -132.051958, 55.882101 ], [ -132.055048, 55.881235 ], [ -132.060775, 55.878048 ], [ -132.062654, 55.876168 ], [ -132.069784, 55.873035 ], [ -132.070853, 55.871635 ], [ -132.072398, 55.867701 ], [ -132.075488, 55.8675 ], [ -132.079766, 55.8661 ], [ -132.084877, 55.861165 ], [ -132.085116, 55.85869 ], [ -132.084045, 55.855029 ], [ -132.085708, 55.852561 ], [ -132.089511, 55.852027 ], [ -132.090937, 55.853428 ], [ -132.092361, 55.85316 ], [ -132.096523, 55.85056 ], [ -132.096761, 55.847824 ], [ -132.094503, 55.845156 ], [ -132.091056, 55.845756 ], [ -132.088204, 55.842754 ], [ -132.087253, 55.841753 ], [ -132.08963, 55.839684 ], [ -132.091888, 55.837682 ], [ -132.091782, 55.835089 ], [ -132.089221, 55.833248 ], [ -132.081193, 55.830875 ], [ -132.071329, 55.828405 ], [ -132.067883, 55.827337 ], [ -132.065387, 55.827137 ], [ -132.061822, 55.827671 ], [ -132.060039, 55.826803 ], [ -132.059801, 55.824734 ], [ -132.057543, 55.824467 ], [ -132.056355, 55.823999 ], [ -132.056236, 55.822931 ], [ -132.058256, 55.82193 ], [ -132.059445, 55.821062 ], [ -132.059445, 55.816989 ], [ -132.061109, 55.815787 ], [ -132.062654, 55.814719 ], [ -132.060514, 55.81325 ], [ -132.055167, 55.813651 ], [ -132.050651, 55.811848 ], [ -132.049581, 55.80931 ], [ -132.047323, 55.809177 ], [ -132.045778, 55.807975 ], [ -132.045065, 55.806639 ], [ -132.03639, 55.8039 ], [ -132.031161, 55.802431 ], [ -132.030091, 55.801429 ], [ -132.028784, 55.797688 ], [ -132.030329, 55.797221 ], [ -132.040549, 55.799826 ], [ -132.043639, 55.800561 ], [ -132.048261, 55.801128 ], [ -132.052518, 55.80165 ], [ -132.054691, 55.800962 ], [ -132.056712, 55.802164 ], [ -132.063129, 55.803433 ], [ -132.063842, 55.804769 ], [ -132.068001, 55.806372 ], [ -132.069903, 55.807707 ], [ -132.074538, 55.809978 ], [ -132.078697, 55.810646 ], [ -132.081906, 55.80911 ], [ -132.087462, 55.80893 ], [ -132.089274, 55.808576 ], [ -132.092126, 55.810112 ], [ -132.096166, 55.81098 ], [ -132.10199, 55.810913 ], [ -132.1071, 55.810646 ], [ -132.111972, 55.811647 ], [ -132.118508, 55.811915 ], [ -132.125163, 55.81098 ], [ -132.128068, 55.811598 ], [ -132.130413, 55.811419 ], [ -132.133601, 55.810045 ], [ -132.141801, 55.808375 ], [ -132.142633, 55.807574 ], [ -132.146673, 55.806706 ], [ -132.147386, 55.804435 ], [ -132.149525, 55.803099 ], [ -132.152615, 55.802765 ], [ -132.156656, 55.802231 ], [ -132.160815, 55.80203 ], [ -132.165807, 55.802832 ], [ -132.169847, 55.802297 ], [ -132.171867, 55.802364 ], [ -132.173175, 55.8035 ], [ -132.175433, 55.804301 ], [ -132.178166, 55.804769 ], [ -132.182563, 55.804301 ], [ -132.186009, 55.803299 ], [ -132.186128, 55.801362 ], [ -132.184821, 55.800294 ], [ -132.182325, 55.799425 ], [ -132.181137, 55.797555 ], [ -132.180067, 55.795951 ], [ -132.183395, 55.795217 ], [ -132.184702, 55.794014 ], [ -132.187079, 55.793079 ], [ -132.189931, 55.791342 ], [ -132.192308, 55.785996 ], [ -132.190882, 55.782789 ], [ -132.186366, 55.781118 ], [ -132.186722, 55.777108 ], [ -132.185772, 55.775303 ], [ -132.185296, 55.771894 ], [ -132.186396, 55.770828 ], [ -132.186333, 55.76962 ], [ -132.185177, 55.768819 ], [ -132.186139, 55.765883 ], [ -132.185415, 55.764607 ], [ -132.183514, 55.764006 ], [ -132.184346, 55.762134 ], [ -132.186247, 55.761732 ], [ -132.187861, 55.760989 ], [ -132.188148, 55.759058 ], [ -132.186485, 55.758924 ], [ -132.185415, 55.757653 ], [ -132.18696, 55.75451 ], [ -132.186727, 55.750498 ], [ -132.188429, 55.748154 ], [ -132.188386, 55.745883 ], [ -132.19207, 55.74314 ], [ -132.192783, 55.741735 ], [ -132.192664, 55.739661 ], [ -132.200508, 55.738925 ], [ -132.202885, 55.73946 ], [ -132.205261, 55.739327 ], [ -132.206925, 55.736784 ], [ -132.209777, 55.735045 ], [ -132.212629, 55.734643 ], [ -132.214531, 55.734911 ], [ -132.2156, 55.73645 ], [ -132.217621, 55.737119 ], [ -132.222255, 55.739193 ], [ -132.22544, 55.740288 ], [ -132.228079, 55.74033 ], [ -132.230218, 55.741467 ], [ -132.23509, 55.743943 ], [ -132.238603, 55.748584 ], [ -132.241745, 55.750565 ], [ -132.243776, 55.751561 ], [ -132.246023, 55.752103 ], [ -132.247331, 55.753307 ], [ -132.249589, 55.753775 ], [ -132.251371, 55.754176 ], [ -132.253169, 55.758449 ], [ -132.254342, 55.759258 ], [ -132.257432, 55.760663 ], [ -132.261591, 55.760729 ], [ -132.264325, 55.762067 ], [ -132.265849, 55.763889 ], [ -132.268247, 55.764808 ], [ -132.275615, 55.766613 ], [ -132.278942, 55.766279 ], [ -132.28227, 55.767349 ], [ -132.285597, 55.764607 ], [ -132.287261, 55.761732 ], [ -132.286609, 55.760319 ], [ -132.28322, 55.757988 ], [ -132.282032, 55.754243 ], [ -132.28322, 55.752972 ], [ -132.278704, 55.747153 ], [ -132.276803, 55.746418 ], [ -132.275496, 55.746953 ], [ -132.274426, 55.748558 ], [ -132.274783, 55.749963 ], [ -132.268841, 55.75003 ], [ -132.264444, 55.747287 ], [ -132.265038, 55.745548 ], [ -132.266226, 55.74421 ], [ -132.266702, 55.74314 ], [ -132.265157, 55.740063 ], [ -132.265038, 55.737587 ], [ -132.264325, 55.736316 ], [ -132.258739, 55.732168 ], [ -132.257219, 55.729604 ], [ -132.254105, 55.726011 ], [ -132.242696, 55.714699 ], [ -132.240081, 55.712624 ], [ -132.235868, 55.709635 ], [ -132.231644, 55.70787 ], [ -132.230455, 55.705794 ], [ -132.226653, 55.703986 ], [ -132.224632, 55.701844 ], [ -132.22796, 55.70104 ], [ -132.228435, 55.699701 ], [ -132.224513, 55.693204 ], [ -132.221305, 55.691395 ], [ -132.220829, 55.690257 ], [ -132.221554, 55.689651 ], [ -132.223682, 55.69019 ], [ -132.224632, 55.689721 ], [ -132.222255, 55.686304 ], [ -132.219998, 55.684161 ], [ -132.220116, 55.683089 ], [ -132.219284, 55.681347 ], [ -132.217264, 55.677996 ], [ -132.219403, 55.676924 ], [ -132.220711, 55.674646 ], [ -132.218096, 55.672501 ], [ -132.216789, 55.669754 ], [ -132.216908, 55.666872 ], [ -132.216551, 55.665062 ], [ -132.215006, 55.662045 ], [ -132.21465, 55.6599 ], [ -132.211679, 55.658358 ], [ -132.208351, 55.654738 ], [ -132.204905, 55.654336 ], [ -132.201815, 55.651922 ], [ -132.203716, 55.649843 ], [ -132.206212, 55.64991 ], [ -132.206331, 55.646155 ], [ -132.203835, 55.641393 ], [ -132.20229, 55.63871 ], [ -132.199676, 55.636967 ], [ -132.198963, 55.63435 ], [ -132.182744, 55.634282 ], [ -132.177966, 55.635336 ], [ -132.175949, 55.636773 ], [ -132.172561, 55.637995 ], [ -132.169396, 55.642192 ], [ -132.16522, 55.643144 ], [ -132.160638, 55.645157 ], [ -132.157771, 55.64743 ], [ -132.150456, 55.649704 ], [ -132.14502, 55.650198 ], [ -132.141599, 55.649901 ], [ -132.130786, 55.652768 ], [ -132.125859, 55.6522 ], [ -132.120011, 55.652274 ], [ -132.115266, 55.65435 ], [ -132.111312, 55.654844 ], [ -132.106963, 55.656821 ], [ -132.103207, 55.658007 ], [ -132.09528, 55.658673 ], [ -132.092786, 55.659587 ], [ -132.091178, 55.660703 ], [ -132.091651, 55.66557 ], [ -132.091487, 55.669607 ], [ -132.089708, 55.672173 ], [ -132.091595, 55.677201 ], [ -132.091454, 55.678697 ], [ -132.08767, 55.682112 ], [ -132.089035, 55.689784 ], [ -132.090157, 55.693112 ], [ -132.088727, 55.697355 ], [ -132.081822, 55.702236 ], [ -132.073115, 55.706699 ], [ -132.073481, 55.709248 ], [ -132.066407, 55.710083 ], [ -132.060943, 55.710405 ], [ -132.058825, 55.71093 ], [ -132.053979, 55.70984 ], [ -132.05155, 55.707756 ], [ -132.046345, 55.70505 ], [ -132.043793, 55.702761 ], [ -132.041863, 55.69879 ], [ -132.033082, 55.694964 ], [ -132.020695, 55.693851 ], [ -132.017511, 55.691849 ], [ -132.008893, 55.687053 ], [ -132.003495, 55.68698 ], [ -131.994197, 55.688783 ], [ -131.985788, 55.688466 ], [ -131.983308, 55.691656 ], [ -131.981152, 55.695724 ], [ -131.97816, 55.696397 ], [ -131.973378, 55.69643 ], [ -131.965722, 55.698561 ], [ -131.962744, 55.700757 ], [ -131.966651, 55.70611 ], [ -131.968193, 55.71393 ], [ -131.978609, 55.717346 ], [ -131.981552, 55.719732 ], [ -131.984358, 55.72567 ], [ -131.979384, 55.728144 ], [ -131.974149, 55.736614 ], [ -131.97526, 55.740088 ], [ -131.977847, 55.742768 ], [ -131.979252, 55.747771 ], [ -131.97917, 55.751959 ], [ -131.978551, 55.753366 ], [ -131.970411, 55.75881 ], [ -131.964804, 55.761563 ], [ -131.960646, 55.763078 ], [ -131.955059, 55.767457 ], [ -131.953389, 55.769478 ], [ -131.952919, 55.773497 ], [ -131.951387, 55.77649 ], [ -131.942207, 55.778271 ], [ -131.93531, 55.780705 ], [ -131.935444, 55.78186 ], [ -131.939012, 55.785319 ], [ -131.938107, 55.788924 ], [ -131.93844, 55.79424 ], [ -131.935859, 55.795498 ], [ -131.935635, 55.798431 ], [ -131.937391, 55.799522 ], [ -131.943241, 55.801107 ], [ -131.94349, 55.805987 ], [ -131.944226, 55.807292 ], [ -131.951891, 55.80967 ], [ -131.956528, 55.812199 ], [ -131.958055, 55.815576 ], [ -131.963706, 55.820478 ], [ -131.964905, 55.822854 ], [ -131.970036, 55.82691 ], [ -131.97226, 55.829301 ], [ -131.975182, 55.830652 ], [ -131.978435, 55.832951 ], [ -131.992716, 55.840155 ], [ -131.997554, 55.843227 ], [ -132.000135, 55.846041 ], [ -132.007938, 55.85097 ], [ -132.01072, 55.853473 ], [ -132.011037, 55.854788 ], [ -132.00624, 55.857973 ], [ -132.005296, 55.860424 ], [ -132.006463, 55.865117 ], [ -132.007865, 55.867904 ], [ -132.007693, 55.869737 ], [ -132.005493, 55.871017 ], [ -131.995959, 55.873719 ], [ -131.992636, 55.877238 ], [ -131.991038, 55.877531 ], [ -131.986277, 55.879773 ], [ -131.981648, 55.881125 ], [ -131.977233, 55.88185 ], [ -131.972101, 55.881884 ], [ -131.963404, 55.882392 ], [ -131.960298, 55.883031 ], [ -131.957998, 55.884414 ], [ -131.957607, 55.886925 ], [ -131.958035, 55.892017 ], [ -131.963221, 55.895025 ], [ -131.964268, 55.896665 ], [ -131.96326, 55.89941 ], [ -131.961524, 55.90018 ], [ -131.960115, 55.902403 ], [ -131.9607, 55.904644 ], [ -131.960148, 55.905745 ], [ -131.957862, 55.907929 ], [ -131.954762, 55.908696 ], [ -131.95028, 55.908153 ], [ -131.946503, 55.909113 ], [ -131.941943, 55.909684 ], [ -131.937774, 55.911334 ], [ -131.938304, 55.914393 ], [ -131.93646, 55.915481 ], [ -131.92451, 55.916962 ], [ -131.918662, 55.916993 ], [ -131.913647, 55.915617 ], [ -131.910447, 55.915647 ], [ -131.905732, 55.917441 ], [ -131.901858, 55.919421 ], [ -131.895616, 55.920538 ], [ -131.89166, 55.922926 ], [ -131.890187, 55.925448 ], [ -131.881898, 55.932244 ], [ -131.878542, 55.935987 ], [ -131.877783, 55.93955 ], [ -131.878414, 55.943739 ], [ -131.873556, 55.947329 ], [ -131.871943, 55.948878 ], [ -131.871525, 55.95054 ], [ -131.871989, 55.951648 ], [ -131.875481, 55.954128 ], [ -131.880406, 55.956359 ], [ -131.88551, 55.95814 ], [ -131.887687, 55.960138 ], [ -131.888749, 55.963485 ], [ -131.895092, 55.966888 ], [ -131.900628, 55.969357 ], [ -131.903874, 55.9723 ], [ -131.905432, 55.974853 ], [ -131.905601, 55.979061 ], [ -131.903732, 55.981585 ], [ -131.899217, 55.985455 ], [ -131.894096, 55.988563 ], [ -131.891017, 55.989852 ], [ -131.886357, 55.9912 ], [ -131.879568, 55.992418 ], [ -131.878943, 55.994722 ], [ -131.880954, 55.998107 ], [ -131.879281, 56.001134 ], [ -131.878409, 56.005564 ], [ -131.876843, 56.009983 ], [ -131.872668, 56.013581 ], [ -131.874032, 56.018563 ], [ -131.875765, 56.020197 ], [ -131.875401, 56.023086 ], [ -131.872836, 56.025971 ], [ -131.871212, 56.027117 ], [ -131.866218, 56.028809 ], [ -131.863392, 56.0312 ], [ -131.861088, 56.035679 ], [ -131.859939, 56.036517 ], [ -131.851825, 56.038119 ], [ -131.844876, 56.038594 ], [ -131.842392, 56.038152 ], [ -131.837261, 56.036166 ], [ -131.833107, 56.033932 ], [ -131.829241, 56.034134 ], [ -131.824923, 56.036386 ], [ -131.823441, 56.038229 ], [ -131.82291, 56.040116 ], [ -131.823297, 56.044493 ], [ -131.824331, 56.046577 ], [ -131.831063, 56.049971 ], [ -131.833182, 56.053512 ], [ -131.829365, 56.056465 ], [ -131.827687, 56.056424 ], [ -131.825045, 56.054894 ], [ -131.823225, 56.054571 ], [ -131.817858, 56.055451 ], [ -131.808547, 56.055469 ], [ -131.804318, 56.051425 ], [ -131.799192, 56.052202 ], [ -131.796502, 56.053084 ], [ -131.792612, 56.056475 ], [ -131.790193, 56.057027 ], [ -131.780851, 56.057072 ], [ -131.775977, 56.056244 ], [ -131.770275, 56.056548 ], [ -131.766209, 56.057221 ], [ -131.759865, 56.058903 ], [ -131.752586, 56.061265 ], [ -131.748986, 56.061902 ], [ -131.745716, 56.064372 ], [ -131.743583, 56.064915 ], [ -131.737973, 56.063351 ], [ -131.736365, 56.063397 ], [ -131.732632, 56.064584 ], [ -131.729401, 56.063547 ], [ -131.723578, 56.063094 ], [ -131.718276, 56.061087 ], [ -131.716493, 56.058018 ], [ -131.714895, 56.056287 ], [ -131.713008, 56.055314 ], [ -131.712267, 56.052539 ], [ -131.710769, 56.053049 ], [ -131.701946, 56.054661 ], [ -131.699365, 56.05459 ], [ -131.696821, 56.052755 ], [ -131.692691, 56.050604 ], [ -131.690189, 56.050942 ], [ -131.688917, 56.053134 ], [ -131.685453, 56.053109 ], [ -131.682367, 56.053738 ], [ -131.680554, 56.056323 ], [ -131.677739, 56.058237 ], [ -131.677746, 56.061609 ], [ -131.67595, 56.062919 ], [ -131.673526, 56.063696 ], [ -131.669438, 56.063701 ], [ -131.667106, 56.064211 ], [ -131.664962, 56.0658 ], [ -131.664222, 56.067502 ], [ -131.664253, 56.072175 ], [ -131.66558, 56.076218 ], [ -131.669063, 56.077428 ], [ -131.672781, 56.077589 ], [ -131.675822, 56.07625 ], [ -131.678356, 56.075856 ], [ -131.680239, 56.077312 ], [ -131.680395, 56.07882 ], [ -131.676938, 56.081201 ], [ -131.675496, 56.083147 ], [ -131.675376, 56.085459 ], [ -131.67718, 56.087603 ], [ -131.680969, 56.088894 ], [ -131.687508, 56.089564 ], [ -131.690134, 56.091343 ], [ -131.687045, 56.092465 ], [ -131.686236, 56.094917 ], [ -131.682276, 56.095645 ], [ -131.675359, 56.097688 ], [ -131.669433, 56.10066 ], [ -131.66474, 56.101175 ], [ -131.653403, 56.103851 ], [ -131.651202, 56.103895 ], [ -131.651372, 56.102507 ], [ -131.648625, 56.09891 ], [ -131.645714, 56.097336 ], [ -131.63876, 56.091559 ], [ -131.631092, 56.090267 ], [ -131.625641, 56.087868 ], [ -131.619325, 56.086133 ], [ -131.617479, 56.085941 ], [ -131.610297, 56.087205 ], [ -131.604283, 56.088899 ], [ -131.602394, 56.088774 ], [ -131.601112, 56.087072 ], [ -131.601324, 56.083861 ], [ -131.60079, 56.081651 ], [ -131.599332, 56.080209 ], [ -131.593176, 56.076307 ], [ -131.591216, 56.073363 ], [ -131.590239, 56.070271 ], [ -131.584992, 56.066511 ], [ -131.583126, 56.065793 ], [ -131.57966, 56.065542 ], [ -131.573811, 56.064574 ], [ -131.566336, 56.059792 ], [ -131.561834, 56.058979 ], [ -131.557163, 56.060538 ], [ -131.554247, 56.061022 ], [ -131.550031, 56.060627 ], [ -131.5449, 56.058239 ], [ -131.540879, 56.055834 ], [ -131.527013, 56.053161 ], [ -131.525559, 56.051848 ], [ -131.525003, 56.049089 ], [ -131.527364, 56.045845 ], [ -131.527378, 56.04356 ], [ -131.530022, 56.040286 ], [ -131.529803, 56.0378 ], [ -131.52806, 56.035403 ], [ -131.524153, 56.034154 ], [ -131.519577, 56.033875 ], [ -131.516105, 56.031251 ], [ -131.502855, 56.030078 ], [ -131.497966, 56.030145 ], [ -131.497901, 56.026444 ], [ -131.497011, 56.023799 ], [ -131.499605, 56.02083 ], [ -131.498849, 56.019097 ], [ -131.495331, 56.017744 ], [ -131.49316, 56.017373 ], [ -131.487405, 56.01776 ], [ -131.480854, 56.019651 ], [ -131.47575, 56.022032 ], [ -131.471081, 56.023183 ], [ -131.455612, 56.022761 ], [ -131.451686, 56.022912 ], [ -131.442987, 56.023995 ], [ -131.438675, 56.024161 ], [ -131.432633, 56.025211 ], [ -131.420858, 56.025155 ], [ -131.413191, 56.026351 ], [ -131.406887, 56.0251 ], [ -131.396758, 56.022481 ], [ -131.390479, 56.019409 ], [ -131.379987, 56.013419 ], [ -131.3758, 56.012866 ], [ -131.371856, 56.013252 ], [ -131.369043, 56.01495 ], [ -131.366373, 56.015522 ], [ -131.364412, 56.016846 ], [ -131.364317, 56.017943 ], [ -131.367496, 56.02189 ], [ -131.369288, 56.025531 ], [ -131.375315, 56.029303 ], [ -131.377491, 56.031861 ], [ -131.379474, 56.034979 ], [ -131.381583, 56.039922 ], [ -131.381962, 56.042271 ], [ -131.381445, 56.043565 ], [ -131.37582, 56.046076 ], [ -131.378457, 56.047733 ], [ -131.385756, 56.053122 ], [ -131.385949, 56.053948 ], [ -131.384949, 56.055072 ], [ -131.378948, 56.057079 ], [ -131.375646, 56.058802 ], [ -131.374138, 56.061281 ], [ -131.374749, 56.064083 ], [ -131.372197, 56.066076 ], [ -131.369729, 56.067224 ], [ -131.369226, 56.06991 ], [ -131.371866, 56.071543 ], [ -131.379693, 56.074978 ], [ -131.381441, 56.077227 ], [ -131.380207, 56.079691 ], [ -131.385995, 56.08133 ], [ -131.396341, 56.082852 ], [ -131.39996, 56.08428 ], [ -131.402712, 56.086703 ], [ -131.404453, 56.089685 ], [ -131.404459, 56.092666 ], [ -131.405834, 56.094775 ], [ -131.408315, 56.096585 ], [ -131.412815, 56.098807 ], [ -131.421881, 56.101824 ], [ -131.425991, 56.104964 ], [ -131.426657, 56.106496 ], [ -131.42528, 56.108336 ], [ -131.421873, 56.110865 ], [ -131.42088, 56.112334 ], [ -131.422249, 56.114326 ], [ -131.427868, 56.118787 ], [ -131.428322, 56.122535 ], [ -131.433921, 56.124128 ], [ -131.437086, 56.126652 ], [ -131.439603, 56.129657 ], [ -131.439957, 56.131083 ], [ -131.439435, 56.134253 ], [ -131.437359, 56.139777 ], [ -131.435008, 56.141813 ], [ -131.430259, 56.143751 ], [ -131.426801, 56.144411 ], [ -131.422008, 56.144412 ], [ -131.420106, 56.143711 ], [ -131.41433, 56.139886 ], [ -131.411658, 56.138857 ], [ -131.404579, 56.139031 ], [ -131.40225, 56.138103 ], [ -131.399569, 56.137895 ], [ -131.396478, 56.138402 ], [ -131.392885, 56.13976 ], [ -131.388646, 56.143424 ], [ -131.384999, 56.145931 ], [ -131.381806, 56.148634 ], [ -131.378946, 56.149202 ], [ -131.372667, 56.148926 ], [ -131.367069, 56.151123 ], [ -131.358142, 56.157213 ], [ -131.357269, 56.157966 ], [ -131.356586, 56.16069 ], [ -131.357178, 56.163591 ], [ -131.355873, 56.166091 ], [ -131.353163, 56.168767 ], [ -131.349084, 56.171311 ], [ -131.34628, 56.173502 ], [ -131.341711, 56.177693 ], [ -131.34007, 56.180403 ], [ -131.339968, 56.182629 ], [ -131.337962, 56.182643 ], [ -131.33626, 56.181175 ], [ -131.331637, 56.180395 ], [ -131.327511, 56.178621 ], [ -131.323992, 56.179882 ], [ -131.320839, 56.181896 ], [ -131.315573, 56.187858 ], [ -131.314802, 56.189303 ], [ -131.316732, 56.191884 ], [ -131.316086, 56.193281 ], [ -131.312795, 56.1935 ], [ -131.306726, 56.192902 ], [ -131.298638, 56.191736 ], [ -131.295991, 56.19197 ], [ -131.291385, 56.193752 ], [ -131.290925, 56.196036 ], [ -131.292101, 56.199647 ], [ -131.290141, 56.203294 ], [ -131.288588, 56.204017 ], [ -131.285167, 56.204337 ], [ -131.281328, 56.204126 ], [ -131.275597, 56.203117 ], [ -131.271448, 56.203382 ], [ -131.268318, 56.205814 ], [ -131.26412, 56.207247 ], [ -131.260303, 56.207857 ], [ -131.256932, 56.208002 ], [ -131.253358, 56.20685 ], [ -131.251339, 56.203133 ], [ -131.248705, 56.20084 ], [ -131.247816, 56.19824 ], [ -131.248608, 56.193727 ], [ -131.250158, 56.190793 ], [ -131.247609, 56.185547 ], [ -131.244683, 56.184044 ], [ -131.243116, 56.182558 ], [ -131.243243, 56.179796 ], [ -131.241373, 56.176516 ], [ -131.240485, 56.172614 ], [ -131.238566, 56.170968 ], [ -131.235537, 56.170982 ], [ -131.231854, 56.172017 ], [ -131.225824, 56.174703 ], [ -131.219326, 56.178579 ], [ -131.215832, 56.182065 ], [ -131.210518, 56.184683 ], [ -131.205311, 56.185379 ], [ -131.191033, 56.188575 ], [ -131.18341, 56.189315 ], [ -131.177706, 56.189258 ], [ -131.162522, 56.186611 ], [ -131.156143, 56.186523 ], [ -131.149842, 56.187852 ], [ -131.146417, 56.189587 ], [ -131.14476, 56.191624 ], [ -131.147893, 56.195688 ], [ -131.146246, 56.197549 ], [ -131.14364, 56.19836 ], [ -131.138429, 56.1981 ], [ -131.13537, 56.198503 ], [ -131.128241, 56.20011 ], [ -131.124785, 56.20027 ], [ -131.114781, 56.197975 ], [ -131.110314, 56.194069 ], [ -131.108495, 56.193515 ], [ -131.106699, 56.195124 ], [ -131.104832, 56.199452 ], [ -131.102338, 56.201429 ], [ -131.094214, 56.204584 ], [ -131.090938, 56.207704 ], [ -131.083149, 56.212052 ], [ -131.081431, 56.214059 ], [ -131.080045, 56.21851 ], [ -131.078512, 56.220823 ], [ -131.07661, 56.22241 ], [ -131.073425, 56.22342 ], [ -131.069063, 56.224008 ], [ -131.064911, 56.225263 ], [ -131.06275, 56.226459 ], [ -131.061574, 56.228209 ], [ -131.06235, 56.23162 ], [ -131.062003, 56.234713 ], [ -131.061142, 56.236736 ], [ -131.059425, 56.237689 ], [ -131.05484, 56.237935 ], [ -131.049274, 56.239168 ], [ -131.047506, 56.239991 ], [ -131.045005, 56.242474 ], [ -131.042872, 56.243454 ], [ -131.03612, 56.244056 ], [ -131.031622, 56.245078 ], [ -131.025751, 56.245206 ], [ -131.02176, 56.246612 ], [ -131.015971, 56.249861 ], [ -131.014683, 56.251967 ], [ -131.011551, 56.255689 ], [ -131.009149, 56.257618 ], [ -131.006289, 56.261373 ], [ -131.005311, 56.26611 ], [ -131.004197, 56.268328 ], [ -131.00114, 56.27116 ], [ -130.99843, 56.274565 ], [ -130.99832, 56.277626 ], [ -131.000667, 56.278068 ], [ -131.009238, 56.274277 ], [ -131.012542, 56.273148 ], [ -131.016914, 56.272997 ], [ -131.018424, 56.273375 ], [ -131.020647, 56.276184 ], [ -131.02184, 56.279955 ], [ -131.024698, 56.280712 ], [ -131.029859, 56.283375 ], [ -131.037607, 56.285049 ], [ -131.040089, 56.287791 ], [ -131.041453, 56.292604 ], [ -131.041301, 56.295609 ], [ -131.039502, 56.299559 ], [ -131.035236, 56.302345 ], [ -131.028083, 56.305897 ], [ -131.022362, 56.307397 ], [ -131.015885, 56.30856 ], [ -131.012874, 56.310693 ], [ -131.01231, 56.312428 ], [ -131.013177, 56.314211 ], [ -131.015444, 56.315635 ], [ -131.019167, 56.317101 ], [ -131.022632, 56.317813 ], [ -131.034094, 56.31943 ], [ -131.041772, 56.321688 ], [ -131.050458, 56.326658 ], [ -131.054098, 56.329381 ], [ -131.06009, 56.330447 ], [ -131.06642, 56.331911 ], [ -131.075749, 56.331688 ], [ -131.079624, 56.331782 ], [ -131.086794, 56.332853 ], [ -131.091316, 56.333226 ], [ -131.09623, 56.335166 ], [ -131.099202, 56.339361 ], [ -131.103897, 56.341571 ], [ -131.109596, 56.348975 ], [ -131.112281, 56.35286 ], [ -131.113977, 56.356717 ], [ -131.11444, 56.358732 ], [ -131.112702, 56.360591 ], [ -131.109961, 56.362168 ], [ -131.107881, 56.364497 ], [ -131.106495, 56.368453 ], [ -131.105941, 56.373623 ], [ -131.103847, 56.377237 ], [ -131.101891, 56.37844 ], [ -131.098706, 56.379331 ], [ -131.091618, 56.380281 ], [ -131.087779, 56.381403 ], [ -131.084729, 56.384087 ], [ -131.080545, 56.391966 ], [ -131.078926, 56.396255 ], [ -131.078804, 56.397682 ], [ -131.082622, 56.400972 ], [ -131.087349, 56.406005 ], [ -131.130584, 56.427853 ], [ -131.173467, 56.449524 ], [ -131.193117, 56.456346 ], [ -131.228068, 56.468448 ], [ -131.363778, 56.515268 ], [ -131.472028, 56.552666 ], [ -131.555203, 56.598103 ], [ -131.581067, 56.612232 ], [ -131.749458, 56.603603 ], [ -131.835327, 56.599203 ], [ -131.845119, 56.639303 ], [ -131.850433, 56.661073 ], [ -131.860669, 56.702984 ], [ -131.901072, 56.753675 ], [ -131.888775, 56.776493 ], [ -131.872876, 56.805995 ], [ -132.00536, 56.841748 ], [ -132.123568, 56.873648 ], [ -132.1159372, 56.8903367 ], [ -132.128364, 56.894356 ], [ -132.160186, 56.903305 ], [ -132.171963, 56.902256 ], [ -132.182209, 56.898353 ], [ -132.184537, 56.895987 ], [ -132.191014, 56.896015 ], [ -132.194666, 56.896815 ], [ -132.199595, 56.896555 ], [ -132.207119, 56.894616 ], [ -132.215746, 56.891606 ], [ -132.221107, 56.888008 ], [ -132.223177, 56.887391 ], [ -132.22551, 56.885537 ], [ -132.234392, 56.881921 ], [ -132.235227, 56.879527 ], [ -132.23887, 56.8778 ], [ -132.237854, 56.874497 ], [ -132.237987, 56.872129 ], [ -132.235824, 56.869657 ], [ -132.236477, 56.867465 ], [ -132.237933, 56.865658 ], [ -132.237418, 56.864571 ], [ -132.238901, 56.862666 ], [ -132.239425, 56.860632 ], [ -132.242331, 56.858213 ], [ -132.246327, 56.857497 ], [ -132.252112, 56.857095 ], [ -132.257988, 56.855638 ], [ -132.261002, 56.855484 ], [ -132.264648, 56.852647 ], [ -132.268234, 56.8479 ], [ -132.26947, 56.847459 ], [ -132.277981, 56.845858 ], [ -132.278977, 56.845298 ], [ -132.279841, 56.84276 ], [ -132.281112, 56.841232 ], [ -132.279163, 56.838138 ], [ -132.279815, 56.836276 ], [ -132.279002, 56.83452 ], [ -132.282679, 56.822267 ], [ -132.284407, 56.819553 ], [ -132.284118, 56.817195 ], [ -132.287375, 56.814591 ], [ -132.289233, 56.813777 ], [ -132.298498, 56.810679 ], [ -132.296899, 56.805768 ], [ -132.299532, 56.804506 ], [ -132.301398, 56.801554 ], [ -132.304431, 56.798336 ], [ -132.311279, 56.795503 ], [ -132.315771, 56.794691 ], [ -132.318013, 56.793261 ], [ -132.320926, 56.793239 ], [ -132.321783, 56.791595 ], [ -132.326165, 56.790596 ], [ -132.328586, 56.788497 ], [ -132.334916, 56.786359 ], [ -132.339083, 56.785792 ], [ -132.343684, 56.7836 ], [ -132.346219, 56.782806 ], [ -132.346532, 56.779078 ], [ -132.344236, 56.776886 ], [ -132.346387, 56.772641 ], [ -132.34881, 56.7714 ], [ -132.352745, 56.772231 ], [ -132.355736, 56.773582 ], [ -132.356675, 56.774596 ], [ -132.359911, 56.775721 ], [ -132.363377, 56.776196 ], [ -132.368625, 56.777706 ], [ -132.376282, 56.775532 ], [ -132.382389, 56.774855 ], [ -132.389013, 56.775974 ], [ -132.39276, 56.77728 ], [ -132.401076, 56.778918 ], [ -132.404797, 56.778854 ], [ -132.405872, 56.77846 ], [ -132.405042, 56.776991 ], [ -132.409304, 56.774534 ], [ -132.41343, 56.772784 ], [ -132.418061, 56.773326 ], [ -132.419607, 56.772728 ], [ -132.424187, 56.772519 ], [ -132.428905, 56.773388 ], [ -132.431507, 56.773193 ], [ -132.439835, 56.770301 ], [ -132.439987, 56.768794 ], [ -132.442679, 56.766755 ], [ -132.442387, 56.765033 ], [ -132.443876, 56.76289 ], [ -132.448047, 56.760891 ], [ -132.448211, 56.759403 ], [ -132.449613, 56.757773 ], [ -132.448679, 56.755161 ], [ -132.449679, 56.753291 ], [ -132.453113, 56.751547 ], [ -132.456206, 56.747459 ], [ -132.458232, 56.746373 ], [ -132.460228, 56.744323 ], [ -132.461323, 56.7422 ], [ -132.460971, 56.740352 ], [ -132.462847, 56.738722 ], [ -132.464704, 56.738082 ], [ -132.465687, 56.73524 ], [ -132.469264, 56.733684 ], [ -132.470802, 56.730892 ], [ -132.473029, 56.72979 ], [ -132.476248, 56.729327 ], [ -132.477757, 56.728077 ], [ -132.48265, 56.726916 ], [ -132.491009, 56.728472 ], [ -132.493737, 56.728341 ], [ -132.499769, 56.725767 ], [ -132.503944, 56.725094 ], [ -132.509902, 56.722738 ], [ -132.518409, 56.717192 ], [ -132.532842, 56.713697 ], [ -132.549382, 56.713601 ], [ -132.557622, 56.715473 ], [ -132.55263, 56.71156 ], [ -132.54542, 56.707554 ], [ -132.542885, 56.701905 ], [ -132.537181, 56.698382 ], [ -132.534091, 56.697207 ], [ -132.53528, 56.68781 ], [ -132.540984, 56.686766 ], [ -132.542885, 56.683241 ], [ -132.543361, 56.675146 ], [ -132.550967, 56.675277 ], [ -132.563088, 56.674363 ], [ -132.568793, 56.672012 ], [ -132.574021, 56.674101 ], [ -132.577587, 56.681022 ], [ -132.587094, 56.682458 ], [ -132.589946, 56.680369 ], [ -132.592085, 56.676713 ], [ -132.592798, 56.6694 ], [ -132.589946, 56.664437 ], [ -132.585122, 56.659166 ], [ -132.581152, 56.659604 ], [ -132.577349, 56.661172 ], [ -132.57521, 56.664307 ], [ -132.566416, 56.66496 ], [ -132.5619, 56.663 ], [ -132.555245, 56.654248 ], [ -132.557859, 56.651635 ], [ -132.564514, 56.648891 ], [ -132.569743, 56.642357 ], [ -132.5705293, 56.6346842 ], [ -132.570694, 56.633077 ], [ -132.567143, 56.6299145 ], [ -132.565703, 56.628632 ], [ -132.554769, 56.624056 ], [ -132.545262, 56.620525 ], [ -132.53932, 56.619871 ], [ -132.524346, 56.613201 ], [ -132.502242, 56.609539 ], [ -132.485842, 56.606007 ], [ -132.480376, 56.603129 ], [ -132.441634, 56.606661 ], [ -132.422857, 56.609277 ], [ -132.400478, 56.617749 ], [ -132.384828, 56.62654 ], [ -132.369855, 56.630201 ], [ -132.355831, 56.634645 ], [ -132.339432, 56.640527 ], [ -132.329924, 56.640396 ], [ -132.319466, 56.637652 ], [ -132.340858, 56.613463 ], [ -132.348226, 56.604045 ], [ -132.350603, 56.599596 ], [ -132.366527, 56.594886 ], [ -132.367002, 56.5924 ], [ -132.365576, 56.58795 ], [ -132.36724, 56.579704 ], [ -132.367088, 56.574578 ], [ -132.365741, 56.565204 ], [ -132.361773, 56.55574 ], [ -132.362962, 56.550238 ], [ -132.364863, 56.546307 ], [ -132.365814, 56.540542 ], [ -132.362011, 56.531499 ], [ -132.359159, 56.527435 ], [ -132.345136, 56.518258 ], [ -132.331113, 56.511439 ], [ -132.318991, 56.50934 ], [ -132.311148, 56.504488 ], [ -132.308058, 56.499634 ], [ -132.302116, 56.495567 ], [ -132.299501, 56.490975 ], [ -132.289043, 56.483888 ], [ -132.271455, 56.485463 ], [ -132.262899, 56.486644 ], [ -132.256481, 56.483888 ], [ -132.250539, 56.479557 ], [ -132.236992, 56.4726 ], [ -132.227722, 56.465379 ], [ -132.209658, 56.459076 ], [ -132.210609, 56.456843 ], [ -132.201577, 56.42807 ], [ -132.198725, 56.419658 ], [ -132.195635, 56.413742 ], [ -132.188505, 56.408482 ], [ -132.182563, 56.402301 ], [ -132.179235, 56.399276 ], [ -132.183276, 56.385857 ], [ -132.180899, 56.380857 ], [ -132.174482, 56.37862 ], [ -132.170441, 56.368353 ], [ -132.173293, 56.366905 ], [ -132.187554, 56.366905 ], [ -132.196586, 56.369143 ], [ -132.211085, 56.375198 ], [ -132.218928, 56.380462 ], [ -132.227247, 56.390857 ], [ -132.235803, 56.395593 ], [ -132.237942, 56.397566 ], [ -132.237705, 56.402169 ], [ -132.234615, 56.404931 ], [ -132.236041, 56.407167 ], [ -132.240795, 56.409534 ], [ -132.239131, 56.413216 ], [ -132.233664, 56.413873 ], [ -132.232, 56.415319 ], [ -132.23509, 56.421761 ], [ -132.243171, 56.428465 ], [ -132.244597, 56.439503 ], [ -132.245479, 56.441215 ], [ -132.253393, 56.449539 ], [ -132.262423, 56.45264 ], [ -132.271455, 56.455005 ], [ -132.27811, 56.461571 ], [ -132.289994, 56.461571 ], [ -132.300214, 56.463278 ], [ -132.308296, 56.463541 ], [ -132.321606, 56.466692 ], [ -132.333014, 56.469449 ], [ -132.338511, 56.471676 ], [ -132.340145, 56.472338 ], [ -132.347988, 56.475357 ], [ -132.352742, 56.47772 ], [ -132.360585, 56.484807 ], [ -132.382689, 56.489531 ], [ -132.388869, 56.489794 ], [ -132.393671, 56.48369 ], [ -132.391219, 56.473652 ], [ -132.387205, 56.464723 ], [ -132.386753, 56.4557244 ], [ -132.38673, 56.455267 ], [ -132.381739, 56.449094 ], [ -132.381422, 56.444893 ], [ -132.361333, 56.422999 ], [ -132.347513, 56.415056 ], [ -132.341571, 56.413216 ], [ -132.340858, 56.409665 ], [ -132.338243, 56.401906 ], [ -132.335629, 56.396645 ], [ -132.339432, 56.393619 ], [ -132.351078, 56.390988 ], [ -132.354357, 56.388496 ], [ -132.352742, 56.38612 ], [ -132.364231, 56.374037 ], [ -132.361676, 56.36597 ], [ -132.352742, 56.356504 ], [ -132.356883, 56.350831 ], [ -132.355594, 56.346758 ], [ -132.348096, 56.344243 ], [ -132.340678, 56.341754 ], [ -132.349149, 56.304456 ], [ -132.35871, 56.2908 ], [ -132.363966, 56.287126 ], [ -132.36542, 56.283023 ], [ -132.361988, 56.279591 ], [ -132.347988, 56.271739 ], [ -132.342687, 56.256178 ], [ -132.329134, 56.236029 ], [ -132.322794, 56.235694 ], [ -132.312098, 56.230145 ], [ -132.308533, 56.225389 ], [ -132.302829, 56.220764 ], [ -132.293084, 56.218253 ], [ -132.285716, 56.214288 ], [ -132.275258, 56.207415 ], [ -132.265038, 56.204506 ], [ -132.243647, 56.202655 ], [ -132.241508, 56.200672 ], [ -132.238893, 56.200044 ], [ -132.235803, 56.197499 ], [ -132.240081, 56.192474 ], [ -132.249351, 56.193796 ], [ -132.260047, 56.192077 ], [ -132.267652, 56.191019 ], [ -132.272635, 56.192784 ], [ -132.283577, 56.193399 ], [ -132.299501, 56.194589 ], [ -132.306156, 56.191548 ], [ -132.318516, 56.192077 ], [ -132.336342, 56.201597 ], [ -132.34829, 56.211878 ], [ -132.352979, 56.214949 ], [ -132.353126, 56.218302 ], [ -132.364388, 56.224464 ], [ -132.374371, 56.227106 ], [ -132.397568, 56.238081 ], [ -132.396475, 56.243355 ], [ -132.392672, 56.247713 ], [ -132.386344, 56.250447 ], [ -132.381976, 56.255635 ], [ -132.381739, 56.260784 ], [ -132.389107, 56.266724 ], [ -132.388533, 56.272892 ], [ -132.394811, 56.275962 ], [ -132.394336, 56.284407 ], [ -132.391483, 56.286649 ], [ -132.380075, 56.298619 ], [ -132.380788, 56.302839 ], [ -132.379481, 56.30541 ], [ -132.378292, 56.308773 ], [ -132.382689, 56.313123 ], [ -132.39184, 56.318726 ], [ -132.395881, 56.324393 ], [ -132.402417, 56.334474 ], [ -132.414776, 56.339414 ], [ -132.417985, 56.344091 ], [ -132.419411, 56.347911 ], [ -132.427017, 56.349754 ], [ -132.431631, 56.352163 ], [ -132.434818, 56.352731 ], [ -132.449358, 56.351467 ], [ -132.452567, 56.349952 ], [ -132.464926, 56.34442 ], [ -132.473721, 56.341851 ], [ -132.490121, 56.339546 ], [ -132.499747, 56.336845 ], [ -132.505926, 56.336252 ], [ -132.516503, 56.335923 ], [ -132.519117, 56.337636 ], [ -132.521375, 56.33869 ], [ -132.52936, 56.338555 ], [ -132.534495, 56.336204 ], [ -132.538607, 56.333617 ], [ -132.542172, 56.32894 ], [ -132.547283, 56.326502 ], [ -132.548471, 56.322614 ], [ -132.546569, 56.317935 ], [ -132.543242, 56.316617 ], [ -132.544312, 56.313189 ], [ -132.546332, 56.31108 ], [ -132.548709, 56.308245 ], [ -132.558691, 56.305476 ], [ -132.566653, 56.301784 ], [ -132.573308, 56.296905 ], [ -132.574378, 56.293542 ], [ -132.576992, 56.291233 ], [ -132.577468, 56.288331 ], [ -132.57925, 56.286286 ], [ -132.580201, 56.281537 ], [ -132.582691, 56.277578 ], [ -132.584242, 56.272828 ], [ -132.588282, 56.264711 ], [ -132.59054, 56.259959 ], [ -132.592442, 56.255404 ], [ -132.593987, 56.252829 ], [ -132.595294, 56.247416 ], [ -132.596007, 56.245237 ], [ -132.598146, 56.243388 ], [ -132.599334, 56.240416 ], [ -132.601355, 56.239161 ], [ -132.607178, 56.238897 ], [ -132.611456, 56.237378 ], [ -132.615615, 56.236585 ], [ -132.618111, 56.237774 ], [ -132.624172, 56.237444 ], [ -132.626547, 56.238311 ], [ -132.62952, 56.238501 ], [ -132.631065, 56.23784 ], [ -132.632728, 56.236189 ], [ -132.635343, 56.234868 ], [ -132.637007, 56.233811 ], [ -132.640809, 56.234406 ], [ -132.642949, 56.233415 ], [ -132.647583, 56.233151 ], [ -132.651505, 56.234075 ], [ -132.653882, 56.23533 ], [ -132.656496, 56.235397 ], [ -132.660537, 56.236519 ], [ -132.662082, 56.235859 ], [ -132.667548, 56.236453 ], [ -132.669331, 56.238963 ], [ -132.672896, 56.240548 ], [ -132.686612, 56.239092 ], [ -132.693337, 56.239293 ], [ -132.696902, 56.23817 ], [ -132.69916, 56.235529 ], [ -132.697496, 56.234868 ], [ -132.694763, 56.233349 ], [ -132.696427, 56.231962 ], [ -132.699992, 56.230046 ], [ -132.700586, 56.227998 ], [ -132.703319, 56.226743 ], [ -132.70629, 56.22562 ], [ -132.710331, 56.223109 ], [ -132.714015, 56.223308 ], [ -132.714134, 56.222052 ], [ -132.713183, 56.220004 ], [ -132.716867, 56.216898 ], [ -132.716392, 56.21485 ], [ -132.712443, 56.213218 ], [ -132.709261, 56.212735 ], [ -132.704032, 56.210884 ], [ -132.702963, 56.209298 ], [ -132.69809, 56.209034 ], [ -132.69405, 56.207514 ], [ -132.69096, 56.207712 ], [ -132.689415, 56.205927 ], [ -132.693337, 56.203151 ], [ -132.695238, 56.201498 ], [ -132.701655, 56.198391 ], [ -132.707716, 56.195482 ], [ -132.708905, 56.194424 ], [ -132.708786, 56.190655 ], [ -132.704864, 56.183844 ], [ -132.699398, 56.180074 ], [ -132.696545, 56.177626 ], [ -132.697258, 56.173128 ], [ -132.69607, 56.171871 ], [ -132.694287, 56.171143 ], [ -132.691435, 56.17068 ], [ -132.689415, 56.168695 ], [ -132.690128, 56.167703 ], [ -132.692148, 56.167372 ], [ -132.696189, 56.166776 ], [ -132.695951, 56.165651 ], [ -132.693693, 56.163335 ], [ -132.691554, 56.162343 ], [ -132.690247, 56.160357 ], [ -132.69607, 56.157975 ], [ -132.699635, 56.158438 ], [ -132.702369, 56.160556 ], [ -132.703913, 56.158835 ], [ -132.707241, 56.159563 ], [ -132.709024, 56.161946 ], [ -132.713539, 56.166313 ], [ -132.716392, 56.168497 ], [ -132.719719, 56.170945 ], [ -132.726493, 56.171209 ], [ -132.7278, 56.170283 ] ] ], [ [ [ -132.890015, 56.169014 ], [ -132.884073, 56.16511 ], [ -132.882528, 56.162794 ], [ -132.881036, 56.162357 ], [ -132.878844, 56.162595 ], [ -132.87825, 56.164051 ], [ -132.886179, 56.173399 ], [ -132.888556, 56.174061 ], [ -132.890101, 56.173399 ], [ -132.890015, 56.169014 ] ] ], [ [ [ -132.926143, 56.191503 ], [ -132.923172, 56.189916 ], [ -132.920201, 56.189387 ], [ -132.918656, 56.189982 ], [ -132.919725, 56.191106 ], [ -132.919131, 56.192561 ], [ -132.917467, 56.19428 ], [ -132.916398, 56.195668 ], [ -132.91509, 56.19666 ], [ -132.914496, 56.19752 ], [ -132.912714, 56.19871 ], [ -132.912595, 56.200296 ], [ -132.91509, 56.201817 ], [ -132.916992, 56.203073 ], [ -132.922102, 56.203536 ], [ -132.924717, 56.202875 ], [ -132.92543, 56.201156 ], [ -132.92543, 56.198908 ], [ -132.925192, 56.197387 ], [ -132.924598, 56.195272 ], [ -132.924122, 56.194214 ], [ -132.924835, 56.192958 ], [ -132.926143, 56.191503 ] ] ], [ [ [ -132.941354, 56.125321 ], [ -132.940285, 56.123996 ], [ -132.937195, 56.123201 ], [ -132.93565, 56.122075 ], [ -132.930896, 56.121214 ], [ -132.927925, 56.119757 ], [ -132.924835, 56.117372 ], [ -132.922221, 56.115119 ], [ -132.921151, 56.113396 ], [ -132.921746, 56.112137 ], [ -132.921746, 56.110547 ], [ -132.912595, 56.108095 ], [ -132.908554, 56.10783 ], [ -132.906534, 56.1073 ], [ -132.905227, 56.106107 ], [ -132.904038, 56.104517 ], [ -132.904633, 56.103191 ], [ -132.902731, 56.102263 ], [ -132.900235, 56.100672 ], [ -132.897264, 56.100142 ], [ -132.896433, 56.099744 ], [ -132.894769, 56.100076 ], [ -132.893699, 56.10107 ], [ -132.886331, 56.101932 ], [ -132.885262, 56.102661 ], [ -132.889065, 56.105047 ], [ -132.891917, 56.107698 ], [ -132.889896, 56.110613 ], [ -132.888827, 56.112071 ], [ -132.88645, 56.113198 ], [ -132.884192, 56.1128 ], [ -132.882172, 56.113661 ], [ -132.879557, 56.114059 ], [ -132.877299, 56.114523 ], [ -132.872665, 56.112866 ], [ -132.870526, 56.112071 ], [ -132.862563, 56.110348 ], [ -132.862207, 56.109089 ], [ -132.862326, 56.107366 ], [ -132.861256, 56.10677 ], [ -132.85674, 56.106372 ], [ -132.854482, 56.107101 ], [ -132.852462, 56.108493 ], [ -132.851036, 56.109023 ], [ -132.850679, 56.110746 ], [ -132.849253, 56.112601 ], [ -132.84854, 56.114721 ], [ -132.850679, 56.115914 ], [ -132.853175, 56.116974 ], [ -132.858879, 56.119094 ], [ -132.861256, 56.121015 ], [ -132.861375, 56.122738 ], [ -132.863752, 56.124791 ], [ -132.866723, 56.125917 ], [ -132.869099, 56.127374 ], [ -132.872427, 56.130885 ], [ -132.874566, 56.134329 ], [ -132.875398, 56.13658 ], [ -132.876705, 56.138434 ], [ -132.88027, 56.138964 ], [ -132.88241, 56.139825 ], [ -132.878488, 56.142738 ], [ -132.876111, 56.144923 ], [ -132.879201, 56.146578 ], [ -132.88241, 56.146644 ], [ -132.888233, 56.141348 ], [ -132.892986, 56.142606 ], [ -132.897027, 56.144724 ], [ -132.900235, 56.146379 ], [ -132.903088, 56.146975 ], [ -132.906177, 56.14479 ], [ -132.91105, 56.142738 ], [ -132.91414, 56.1434 ], [ -132.916041, 56.144526 ], [ -132.918537, 56.14532 ], [ -132.920676, 56.147438 ], [ -132.92234, 56.148895 ], [ -132.924598, 56.148498 ], [ -132.926261, 56.147306 ], [ -132.927569, 56.145585 ], [ -132.928995, 56.144857 ], [ -132.93149, 56.143797 ], [ -132.927569, 56.141149 ], [ -132.925667, 56.13956 ], [ -132.923647, 56.137706 ], [ -132.925311, 56.136911 ], [ -132.928163, 56.137044 ], [ -132.931253, 56.137507 ], [ -132.934461, 56.137242 ], [ -132.936244, 56.134792 ], [ -132.937076, 56.132143 ], [ -132.937908, 56.130951 ], [ -132.94076, 56.129295 ], [ -132.941354, 56.125321 ] ] ], [ [ [ -132.949595, 56.141384 ], [ -132.946345, 56.137971 ], [ -132.944444, 56.137706 ], [ -132.94278, 56.138368 ], [ -132.942542, 56.139295 ], [ -132.945224, 56.142233 ], [ -132.948187, 56.142351 ], [ -132.949595, 56.141384 ] ] ], [ [ [ -133.004339, 56.197189 ], [ -132.993049, 56.189519 ], [ -132.986632, 56.187998 ], [ -132.983305, 56.187998 ], [ -132.978551, 56.189122 ], [ -132.975105, 56.184824 ], [ -132.979026, 56.182046 ], [ -132.979145, 56.180789 ], [ -132.977006, 56.178937 ], [ -132.971896, 56.179863 ], [ -132.969994, 56.179863 ], [ -132.967974, 56.178871 ], [ -132.967261, 56.176754 ], [ -132.964884, 56.174836 ], [ -132.961319, 56.173711 ], [ -132.955021, 56.170139 ], [ -132.954545, 56.168154 ], [ -132.951099, 56.166169 ], [ -132.948366, 56.164184 ], [ -132.944206, 56.164978 ], [ -132.939453, 56.166036 ], [ -132.928638, 56.164713 ], [ -132.925192, 56.162926 ], [ -132.919844, 56.160743 ], [ -132.918537, 56.159684 ], [ -132.916041, 56.158956 ], [ -132.911644, 56.158823 ], [ -132.908792, 56.158956 ], [ -132.906534, 56.159882 ], [ -132.902493, 56.159816 ], [ -132.898691, 56.158095 ], [ -132.893937, 56.157169 ], [ -132.892749, 56.157698 ], [ -132.892867, 56.159287 ], [ -132.894888, 56.160809 ], [ -132.897146, 56.162 ], [ -132.900949, 56.164117 ], [ -132.900711, 56.16597 ], [ -132.902731, 56.167492 ], [ -132.906059, 56.168815 ], [ -132.906772, 56.170469 ], [ -132.909862, 56.172917 ], [ -132.913308, 56.172454 ], [ -132.917586, 56.17391 ], [ -132.917467, 56.175299 ], [ -132.919606, 56.177614 ], [ -132.929708, 56.18198 ], [ -132.932322, 56.183699 ], [ -132.932916, 56.185287 ], [ -132.936244, 56.186742 ], [ -132.939096, 56.186874 ], [ -132.941473, 56.189188 ], [ -132.944563, 56.18899 ], [ -132.952169, 56.192032 ], [ -132.952763, 56.192825 ], [ -132.954902, 56.193619 ], [ -132.957635, 56.19547 ], [ -132.962389, 56.196991 ], [ -132.963458, 56.198644 ], [ -132.966548, 56.198974 ], [ -132.970351, 56.200363 ], [ -132.975699, 56.200825 ], [ -132.979264, 56.199635 ], [ -132.981522, 56.198842 ], [ -132.985919, 56.199437 ], [ -132.996139, 56.198313 ], [ -133.003864, 56.197916 ], [ -133.004339, 56.197189 ] ] ], [ [ [ -133.005646, 56.255458 ], [ -133.003032, 56.253874 ], [ -133.001131, 56.253148 ], [ -133.000299, 56.252223 ], [ -132.998278, 56.251101 ], [ -132.997565, 56.249582 ], [ -132.994594, 56.248064 ], [ -132.99198, 56.2478 ], [ -132.989009, 56.247866 ], [ -132.984255, 56.248196 ], [ -132.981522, 56.248592 ], [ -132.979264, 56.249913 ], [ -132.978076, 56.250903 ], [ -132.976531, 56.251035 ], [ -132.97451, 56.250441 ], [ -132.972965, 56.249781 ], [ -132.971421, 56.248856 ], [ -132.966905, 56.249979 ], [ -132.964647, 56.250837 ], [ -132.963102, 56.251761 ], [ -132.962983, 56.253016 ], [ -132.962864, 56.254402 ], [ -132.961438, 56.25592 ], [ -132.960012, 56.256646 ], [ -132.959299, 56.258297 ], [ -132.960963, 56.259947 ], [ -132.962508, 56.261861 ], [ -132.960131, 56.264765 ], [ -132.959655, 56.266217 ], [ -132.960487, 56.269055 ], [ -132.960487, 56.271298 ], [ -132.961319, 56.273476 ], [ -132.962983, 56.275389 ], [ -132.966192, 56.277039 ], [ -132.967855, 56.278424 ], [ -132.969757, 56.27849 ], [ -132.972965, 56.27948 ], [ -132.975699, 56.279546 ], [ -132.978551, 56.27849 ], [ -132.976768, 56.277171 ], [ -132.978194, 56.275389 ], [ -132.979977, 56.27473 ], [ -132.981878, 56.274532 ], [ -132.984136, 56.275983 ], [ -132.987702, 56.277369 ], [ -132.992574, 56.277765 ], [ -132.996733, 56.276841 ], [ -132.998991, 56.275125 ], [ -132.999586, 56.272354 ], [ -132.997922, 56.271628 ], [ -132.99709, 56.270837 ], [ -132.999229, 56.268989 ], [ -133.001725, 56.268329 ], [ -133.003507, 56.267933 ], [ -133.004696, 56.265227 ], [ -133.003507, 56.263577 ], [ -133.003626, 56.262191 ], [ -133.00529, 56.258033 ], [ -133.005646, 56.255458 ] ] ], [ [ [ -133.006954, 56.223097 ], [ -133.006122, 56.220455 ], [ -133.005528, 56.21867 ], [ -133.00422, 56.216424 ], [ -133.002081, 56.214507 ], [ -132.999586, 56.214309 ], [ -132.997922, 56.213516 ], [ -132.996971, 56.212591 ], [ -132.994, 56.212194 ], [ -132.991386, 56.212194 ], [ -132.989603, 56.211732 ], [ -132.989009, 56.210674 ], [ -132.985087, 56.209881 ], [ -132.982354, 56.208295 ], [ -132.979621, 56.207832 ], [ -132.975699, 56.207303 ], [ -132.97249, 56.207039 ], [ -132.969638, 56.205981 ], [ -132.967618, 56.20532 ], [ -132.96429, 56.205585 ], [ -132.960963, 56.205453 ], [ -132.958229, 56.20499 ], [ -132.955615, 56.205254 ], [ -132.952169, 56.20532 ], [ -132.950267, 56.204792 ], [ -132.948484, 56.203932 ], [ -132.945989, 56.203205 ], [ -132.943256, 56.203602 ], [ -132.941592, 56.204461 ], [ -132.939571, 56.205519 ], [ -132.938264, 56.207436 ], [ -132.937789, 56.209485 ], [ -132.934461, 56.210939 ], [ -132.932916, 56.212128 ], [ -132.933035, 56.21345 ], [ -132.93149, 56.213913 ], [ -132.929232, 56.213384 ], [ -132.927569, 56.212657 ], [ -132.926974, 56.211666 ], [ -132.92436, 56.209947 ], [ -132.920557, 56.208625 ], [ -132.917467, 56.207237 ], [ -132.915566, 56.206576 ], [ -132.91509, 56.207898 ], [ -132.915447, 56.209286 ], [ -132.915447, 56.210344 ], [ -132.917824, 56.211401 ], [ -132.91925, 56.212921 ], [ -132.919488, 56.214507 ], [ -132.918061, 56.21649 ], [ -132.917824, 56.218274 ], [ -132.919606, 56.218935 ], [ -132.921627, 56.218604 ], [ -132.924479, 56.217283 ], [ -132.926856, 56.216556 ], [ -132.927331, 56.217679 ], [ -132.927806, 56.219133 ], [ -132.928757, 56.221314 ], [ -132.929827, 56.224221 ], [ -132.92947, 56.226467 ], [ -132.930896, 56.228383 ], [ -132.931372, 56.230034 ], [ -132.932085, 56.231884 ], [ -132.93565, 56.232478 ], [ -132.938027, 56.231818 ], [ -132.939809, 56.232743 ], [ -132.942899, 56.233007 ], [ -132.94789, 56.232875 ], [ -132.950386, 56.233007 ], [ -132.95205, 56.23413 ], [ -132.951693, 56.23512 ], [ -132.950505, 56.236177 ], [ -132.951455, 56.23763 ], [ -132.953713, 56.23796 ], [ -132.954783, 56.239413 ], [ -132.955853, 56.240008 ], [ -132.959418, 56.24014 ], [ -132.960487, 56.240932 ], [ -132.962626, 56.241196 ], [ -132.964884, 56.24047 ], [ -132.966667, 56.240272 ], [ -132.968925, 56.240272 ], [ -132.971777, 56.240272 ], [ -132.974035, 56.240734 ], [ -132.975936, 56.240998 ], [ -132.979977, 56.241923 ], [ -132.98271, 56.242715 ], [ -132.9858, 56.242451 ], [ -132.988415, 56.242451 ], [ -132.991386, 56.242979 ], [ -132.993525, 56.243112 ], [ -132.99602, 56.243376 ], [ -132.999229, 56.242451 ], [ -133.001606, 56.243112 ], [ -133.006003, 56.243112 ], [ -133.006835, 56.241659 ], [ -133.006359, 56.239876 ], [ -133.003864, 56.238159 ], [ -133.001962, 56.236838 ], [ -133.001844, 56.235583 ], [ -132.999823, 56.234526 ], [ -132.997447, 56.232214 ], [ -132.99602, 56.230563 ], [ -132.997565, 56.229704 ], [ -133.000299, 56.229638 ], [ -133.002794, 56.229043 ], [ -133.003745, 56.226995 ], [ -133.006597, 56.22574 ], [ -133.007786, 56.224683 ], [ -133.006954, 56.223097 ] ] ], [ [ [ -133.012064, 56.183964 ], [ -133.010044, 56.181847 ], [ -133.010994, 56.179268 ], [ -133.011707, 56.177085 ], [ -133.010281, 56.173976 ], [ -133.008499, 56.172983 ], [ -133.005528, 56.174307 ], [ -133.003507, 56.174108 ], [ -133.003032, 56.172587 ], [ -133.003864, 56.171396 ], [ -133.004933, 56.169146 ], [ -133.005409, 56.167161 ], [ -133.004815, 56.164647 ], [ -133.004933, 56.161603 ], [ -133.004815, 56.158625 ], [ -133.002675, 56.155713 ], [ -133.001368, 56.154521 ], [ -132.998041, 56.154257 ], [ -132.994713, 56.154124 ], [ -132.992693, 56.153992 ], [ -132.99091, 56.153198 ], [ -132.986276, 56.153793 ], [ -132.982829, 56.154257 ], [ -132.975699, 56.153793 ], [ -132.971777, 56.152403 ], [ -132.970708, 56.153528 ], [ -132.973203, 56.155845 ], [ -132.974629, 56.158029 ], [ -132.976412, 56.159022 ], [ -132.977125, 56.161338 ], [ -132.977957, 56.16286 ], [ -132.978313, 56.164448 ], [ -132.979858, 56.16597 ], [ -132.981403, 56.167558 ], [ -132.981522, 56.169212 ], [ -132.982948, 56.170999 ], [ -132.984968, 56.173182 ], [ -132.985681, 56.17563 ], [ -132.986989, 56.178143 ], [ -132.98782, 56.179995 ], [ -132.988296, 56.181186 ], [ -132.990554, 56.181781 ], [ -132.992812, 56.182443 ], [ -132.995189, 56.184361 ], [ -132.996496, 56.185551 ], [ -132.998041, 56.18813 ], [ -133.000536, 56.188527 ], [ -133.004458, 56.188329 ], [ -133.010162, 56.187138 ], [ -133.011945, 56.187535 ], [ -133.012658, 56.186345 ], [ -133.012064, 56.183964 ] ] ], [ [ [ -133.027407, 56.234443 ], [ -133.025043, 56.233402 ], [ -133.021823, 56.234887 ], [ -133.021627, 56.237156 ], [ -133.024111, 56.237737 ], [ -133.026841, 56.236163 ], [ -133.027407, 56.234443 ] ] ], [ [ [ -133.068869, 56.353233 ], [ -133.068394, 56.351652 ], [ -133.06673, 56.349874 ], [ -133.066968, 56.348096 ], [ -133.067206, 56.345725 ], [ -133.067324, 56.344276 ], [ -133.067087, 56.342828 ], [ -133.067324, 56.341313 ], [ -133.066611, 56.339271 ], [ -133.06673, 56.338019 ], [ -133.065779, 56.336043 ], [ -133.065185, 56.33433 ], [ -133.066255, 56.332815 ], [ -133.066017, 56.330904 ], [ -133.062095, 56.329784 ], [ -133.059243, 56.328994 ], [ -133.056153, 56.327215 ], [ -133.052113, 56.325567 ], [ -133.047716, 56.324974 ], [ -133.04522, 56.324118 ], [ -133.044151, 56.322931 ], [ -133.04522, 56.32135 ], [ -133.045101, 56.319966 ], [ -133.042249, 56.319571 ], [ -133.039278, 56.319175 ], [ -133.037852, 56.318318 ], [ -133.036188, 56.317989 ], [ -133.034643, 56.317 ], [ -133.033336, 56.315946 ], [ -133.031435, 56.315221 ], [ -133.027156, 56.315484 ], [ -133.023235, 56.315287 ], [ -133.020383, 56.31443 ], [ -133.018362, 56.3141 ], [ -133.019313, 56.31298 ], [ -133.017293, 56.312123 ], [ -133.01349, 56.310936 ], [ -133.011588, 56.310343 ], [ -133.010875, 56.308959 ], [ -133.007904, 56.308827 ], [ -133.005052, 56.308761 ], [ -133.00422, 56.307838 ], [ -133.003745, 56.307047 ], [ -133.000893, 56.307047 ], [ -132.99709, 56.306783 ], [ -132.995664, 56.306124 ], [ -132.991267, 56.305728 ], [ -132.98889, 56.304673 ], [ -132.985919, 56.30375 ], [ -132.984136, 56.302498 ], [ -132.982354, 56.301047 ], [ -132.980334, 56.30019 ], [ -132.978194, 56.298937 ], [ -132.975699, 56.29808 ], [ -132.972015, 56.29775 ], [ -132.969519, 56.297157 ], [ -132.96738, 56.296497 ], [ -132.964528, 56.295508 ], [ -132.963221, 56.296299 ], [ -132.961082, 56.296167 ], [ -132.959655, 56.295508 ], [ -132.959299, 56.293859 ], [ -132.957397, 56.292343 ], [ -132.955258, 56.290562 ], [ -132.95205, 56.289441 ], [ -132.950624, 56.287924 ], [ -132.949198, 56.286143 ], [ -132.94789, 56.28357 ], [ -132.946583, 56.281327 ], [ -132.943493, 56.27816 ], [ -132.943137, 56.276313 ], [ -132.94076, 56.273542 ], [ -132.937432, 56.271628 ], [ -132.933392, 56.269979 ], [ -132.931015, 56.268659 ], [ -132.928519, 56.267801 ], [ -132.926143, 56.267405 ], [ -132.925548, 56.266613 ], [ -132.925548, 56.265623 ], [ -132.921864, 56.264831 ], [ -132.91818, 56.264567 ], [ -132.916754, 56.263445 ], [ -132.915209, 56.263115 ], [ -132.913783, 56.262257 ], [ -132.914259, 56.261399 ], [ -132.913546, 56.259485 ], [ -132.911763, 56.257505 ], [ -132.909148, 56.256514 ], [ -132.90487, 56.256844 ], [ -132.901067, 56.256844 ], [ -132.897621, 56.256646 ], [ -132.895957, 56.255722 ], [ -132.894412, 56.254798 ], [ -132.893105, 56.253148 ], [ -132.892986, 56.251893 ], [ -132.894175, 56.249913 ], [ -132.890966, 56.249847 ], [ -132.888589, 56.249516 ], [ -132.886807, 56.248658 ], [ -132.885499, 56.248724 ], [ -132.883598, 56.248196 ], [ -132.882291, 56.246413 ], [ -132.882885, 56.244168 ], [ -132.881221, 56.241593 ], [ -132.881578, 56.24014 ], [ -132.87825, 56.24014 ], [ -132.875873, 56.238555 ], [ -132.875041, 56.237102 ], [ -132.875754, 56.234592 ], [ -132.872546, 56.232214 ], [ -132.869575, 56.232809 ], [ -132.866841, 56.233073 ], [ -132.864108, 56.232676 ], [ -132.860899, 56.233667 ], [ -132.858523, 56.232676 ], [ -132.856146, 56.233667 ], [ -132.854363, 56.235451 ], [ -132.852581, 56.235781 ], [ -132.850085, 56.236243 ], [ -132.848302, 56.237234 ], [ -132.845094, 56.238357 ], [ -132.841053, 56.239545 ], [ -132.838795, 56.239744 ], [ -132.836537, 56.24014 ], [ -132.832378, 56.241461 ], [ -132.829645, 56.241461 ], [ -132.827505, 56.241461 ], [ -132.825248, 56.242319 ], [ -132.822633, 56.242583 ], [ -132.819781, 56.242583 ], [ -132.817523, 56.243772 ], [ -132.815503, 56.244102 ], [ -132.811937, 56.24496 ], [ -132.810868, 56.246281 ], [ -132.807659, 56.246743 ], [ -132.806352, 56.246875 ], [ -132.803381, 56.247139 ], [ -132.801242, 56.248526 ], [ -132.799935, 56.24945 ], [ -132.797914, 56.24945 ], [ -132.795181, 56.249847 ], [ -132.790309, 56.251101 ], [ -132.785793, 56.251431 ], [ -132.783535, 56.251299 ], [ -132.781158, 56.251761 ], [ -132.779138, 56.25295 ], [ -132.777474, 56.253478 ], [ -132.774978, 56.253808 ], [ -132.772007, 56.253874 ], [ -132.769868, 56.25328 ], [ -132.768323, 56.252421 ], [ -132.766897, 56.251365 ], [ -132.764758, 56.252157 ], [ -132.7625, 56.253148 ], [ -132.760717, 56.253016 ], [ -132.75941, 56.253676 ], [ -132.758103, 56.254996 ], [ -132.756083, 56.255524 ], [ -132.752161, 56.255326 ], [ -132.750854, 56.254732 ], [ -132.746457, 56.255194 ], [ -132.744318, 56.25526 ], [ -132.739089, 56.255854 ], [ -132.737544, 56.256844 ], [ -132.735999, 56.256844 ], [ -132.735286, 56.255722 ], [ -132.731958, 56.256052 ], [ -132.730057, 56.257109 ], [ -132.726848, 56.25625 ], [ -132.725303, 56.256911 ], [ -132.723283, 56.256911 ], [ -132.720668, 56.258759 ], [ -132.718054, 56.258033 ], [ -132.714251, 56.259287 ], [ -132.712231, 56.260013 ], [ -132.709498, 56.259947 ], [ -132.708309, 56.260937 ], [ -132.707596, 56.261795 ], [ -132.706051, 56.262521 ], [ -132.70308, 56.262719 ], [ -132.700466, 56.263247 ], [ -132.696544, 56.264765 ], [ -132.694167, 56.265689 ], [ -132.691315, 56.265689 ], [ -132.690483, 56.264303 ], [ -132.690245, 56.263181 ], [ -132.688819, 56.263775 ], [ -132.687274, 56.265161 ], [ -132.685254, 56.265953 ], [ -132.682877, 56.267405 ], [ -132.681332, 56.268989 ], [ -132.67848, 56.269649 ], [ -132.676341, 56.270177 ], [ -132.673251, 56.270177 ], [ -132.671112, 56.270705 ], [ -132.669686, 56.271958 ], [ -132.667904, 56.273146 ], [ -132.666477, 56.274334 ], [ -132.66422, 56.275191 ], [ -132.661724, 56.275257 ], [ -132.659109, 56.275917 ], [ -132.657208, 56.277897 ], [ -132.657802, 56.28014 ], [ -132.658991, 56.281393 ], [ -132.658634, 56.284362 ], [ -132.66006, 56.285351 ], [ -132.661486, 56.286868 ], [ -132.660417, 56.288319 ], [ -132.659347, 56.289572 ], [ -132.656733, 56.290496 ], [ -132.654356, 56.291221 ], [ -132.653049, 56.292277 ], [ -132.652454, 56.294651 ], [ -132.651385, 56.296629 ], [ -132.65293, 56.298278 ], [ -132.65293, 56.299992 ], [ -132.654356, 56.30197 ], [ -132.65388, 56.304014 ], [ -132.654712, 56.305728 ], [ -132.657089, 56.307047 ], [ -132.657208, 56.308563 ], [ -132.65804, 56.310541 ], [ -132.655901, 56.312848 ], [ -132.656733, 56.314562 ], [ -132.657802, 56.316077 ], [ -132.657802, 56.317264 ], [ -132.657802, 56.319307 ], [ -132.658991, 56.320427 ], [ -132.659704, 56.322075 ], [ -132.66208, 56.323656 ], [ -132.663506, 56.324974 ], [ -132.664576, 56.326622 ], [ -132.665408, 56.327676 ], [ -132.667191, 56.32906 ], [ -132.668498, 56.330443 ], [ -132.670756, 56.332156 ], [ -132.67337, 56.332617 ], [ -132.674677, 56.334264 ], [ -132.675628, 56.335779 ], [ -132.675985, 56.337295 ], [ -132.67539, 56.338612 ], [ -132.674915, 56.339864 ], [ -132.676104, 56.341181 ], [ -132.676222, 56.342959 ], [ -132.676579, 56.345067 ], [ -132.677054, 56.346977 ], [ -132.678005, 56.348755 ], [ -132.678005, 56.350467 ], [ -132.676579, 56.352245 ], [ -132.676222, 56.354023 ], [ -132.675509, 56.355471 ], [ -132.671588, 56.357183 ], [ -132.669092, 56.359092 ], [ -132.666121, 56.360672 ], [ -132.665764, 56.361923 ], [ -132.666834, 56.363174 ], [ -132.666002, 56.364556 ], [ -132.664457, 56.365807 ], [ -132.663388, 56.366926 ], [ -132.66315, 56.368111 ], [ -132.662437, 56.369032 ], [ -132.660892, 56.369888 ], [ -132.658872, 56.369888 ], [ -132.655544, 56.369888 ], [ -132.652336, 56.370217 ], [ -132.650078, 56.370217 ], [ -132.648295, 56.371533 ], [ -132.64782, 56.373113 ], [ -132.649721, 56.373573 ], [ -132.653286, 56.374758 ], [ -132.653405, 56.375745 ], [ -132.650672, 56.377522 ], [ -132.648889, 56.378246 ], [ -132.648889, 56.379562 ], [ -132.646988, 56.380088 ], [ -132.644373, 56.380088 ], [ -132.641878, 56.380351 ], [ -132.639144, 56.379759 ], [ -132.63546, 56.380351 ], [ -132.633559, 56.381733 ], [ -132.632489, 56.382588 ], [ -132.632727, 56.384036 ], [ -132.632608, 56.385352 ], [ -132.630588, 56.385418 ], [ -132.627855, 56.38522 ], [ -132.626428, 56.385746 ], [ -132.625121, 56.387062 ], [ -132.622626, 56.38851 ], [ -132.621794, 56.390286 ], [ -132.622031, 56.391799 ], [ -132.624052, 56.39272 ], [ -132.626072, 56.39318 ], [ -132.62726, 56.39443 ], [ -132.627141, 56.396469 ], [ -132.628449, 56.397258 ], [ -132.629518, 56.39831 ], [ -132.628568, 56.400283 ], [ -132.629043, 56.402059 ], [ -132.628449, 56.403769 ], [ -132.628568, 56.40561 ], [ -132.630826, 56.406333 ], [ -132.633559, 56.405741 ], [ -132.636292, 56.406596 ], [ -132.634985, 56.407714 ], [ -132.633083, 56.408108 ], [ -132.631539, 56.409095 ], [ -132.631301, 56.410344 ], [ -132.629637, 56.411593 ], [ -132.628568, 56.413631 ], [ -132.628568, 56.416787 ], [ -132.629043, 56.418167 ], [ -132.631182, 56.419021 ], [ -132.631776, 56.420468 ], [ -132.632965, 56.422308 ], [ -132.635341, 56.422505 ], [ -132.637124, 56.423162 ], [ -132.638907, 56.424083 ], [ -132.640452, 56.425397 ], [ -132.641878, 56.426186 ], [ -132.643898, 56.42704 ], [ -132.645443, 56.42796 ], [ -132.646512, 56.429603 ], [ -132.648176, 56.431049 ], [ -132.651028, 56.432363 ], [ -132.65388, 56.432626 ], [ -132.65602, 56.433151 ], [ -132.657921, 56.433283 ], [ -132.658991, 56.434137 ], [ -132.659941, 56.435582 ], [ -132.661249, 56.436831 ], [ -132.661724, 56.437816 ], [ -132.668379, 56.44097 ], [ -132.671112, 56.442021 ], [ -132.674559, 56.442678 ], [ -132.676935, 56.443203 ], [ -132.680025, 56.444714 ], [ -132.684541, 56.446093 ], [ -132.690245, 56.447867 ], [ -132.693098, 56.449181 ], [ -132.696069, 56.449706 ], [ -132.69999, 56.45056 ], [ -132.704506, 56.451611 ], [ -132.708666, 56.452924 ], [ -132.710092, 56.453975 ], [ -132.712706, 56.455682 ], [ -132.716271, 56.456733 ], [ -132.720074, 56.45693 ], [ -132.724947, 56.45739 ], [ -132.729225, 56.457784 ], [ -132.732315, 56.457915 ], [ -132.734454, 56.458178 ], [ -132.737781, 56.458243 ], [ -132.740871, 56.458243 ], [ -132.743248, 56.457718 ], [ -132.744199, 56.458243 ], [ -132.746576, 56.458178 ], [ -132.750022, 56.457981 ], [ -132.753587, 56.457061 ], [ -132.756558, 56.456667 ], [ -132.759529, 56.456339 ], [ -132.761431, 56.456536 ], [ -132.768442, 56.455814 ], [ -132.770106, 56.455814 ], [ -132.772245, 56.4545 ], [ -132.776286, 56.453121 ], [ -132.779138, 56.451873 ], [ -132.781158, 56.451873 ], [ -132.783297, 56.452464 ], [ -132.784604, 56.451939 ], [ -132.785793, 56.450166 ], [ -132.787694, 56.450166 ], [ -132.789596, 56.449575 ], [ -132.793161, 56.449903 ], [ -132.794825, 56.448786 ], [ -132.798033, 56.448064 ], [ -132.801123, 56.447079 ], [ -132.802906, 56.446422 ], [ -132.803975, 56.44478 ], [ -132.804094, 56.443663 ], [ -132.804213, 56.442678 ], [ -132.80552, 56.442152 ], [ -132.808848, 56.441692 ], [ -132.811581, 56.440444 ], [ -132.814433, 56.44051 ], [ -132.816929, 56.441167 ], [ -132.819187, 56.441364 ], [ -132.823346, 56.441889 ], [ -132.826674, 56.441758 ], [ -132.829526, 56.442743 ], [ -132.832259, 56.443335 ], [ -132.835111, 56.444648 ], [ -132.839508, 56.44524 ], [ -132.842242, 56.44675 ], [ -132.844024, 56.448327 ], [ -132.847352, 56.448589 ], [ -132.850798, 56.450034 ], [ -132.853531, 56.450494 ], [ -132.856265, 56.451808 ], [ -132.860068, 56.453318 ], [ -132.862682, 56.453712 ], [ -132.869099, 56.455288 ], [ -132.870407, 56.456208 ], [ -132.871595, 56.456602 ], [ -132.873497, 56.456142 ], [ -132.876824, 56.455157 ], [ -132.880508, 56.45496 ], [ -132.883241, 56.454369 ], [ -132.886688, 56.4545 ], [ -132.888827, 56.4545 ], [ -132.892273, 56.455879 ], [ -132.893937, 56.456864 ], [ -132.897383, 56.457652 ], [ -132.900592, 56.457587 ], [ -132.904395, 56.45693 ], [ -132.907604, 56.456536 ], [ -132.910812, 56.457061 ], [ -132.914615, 56.456339 ], [ -132.916992, 56.456536 ], [ -132.920201, 56.457193 ], [ -132.924954, 56.458112 ], [ -132.927688, 56.458178 ], [ -132.929351, 56.457193 ], [ -132.931372, 56.456536 ], [ -132.933154, 56.455879 ], [ -132.935531, 56.454303 ], [ -132.939096, 56.454697 ], [ -132.941473, 56.45496 ], [ -132.942067, 56.453318 ], [ -132.943256, 56.452399 ], [ -132.945276, 56.452202 ], [ -132.946583, 56.452858 ], [ -132.949198, 56.453778 ], [ -132.953238, 56.45345 ], [ -132.95407, 56.45299 ], [ -132.953951, 56.450954 ], [ -132.955258, 56.44964 ], [ -132.955021, 56.44813 ], [ -132.956566, 56.446685 ], [ -132.95609, 56.444845 ], [ -132.954545, 56.443991 ], [ -132.954308, 56.44294 ], [ -132.955496, 56.442415 ], [ -132.964409, 56.442743 ], [ -132.965716, 56.444254 ], [ -132.965954, 56.445437 ], [ -132.966905, 56.446159 ], [ -132.970351, 56.448589 ], [ -132.970945, 56.449049 ], [ -132.973084, 56.449049 ], [ -132.975461, 56.449443 ], [ -132.977244, 56.44813 ], [ -132.977006, 56.446619 ], [ -132.975342, 56.445699 ], [ -132.972371, 56.443335 ], [ -132.977363, 56.441298 ], [ -132.979145, 56.440773 ], [ -132.978432, 56.439327 ], [ -132.978432, 56.437685 ], [ -132.976768, 56.436174 ], [ -132.976412, 56.435188 ], [ -132.977957, 56.434597 ], [ -132.979858, 56.434925 ], [ -132.983423, 56.43486 ], [ -132.984493, 56.434005 ], [ -132.983542, 56.43256 ], [ -132.982116, 56.431574 ], [ -132.982116, 56.430786 ], [ -132.982235, 56.428946 ], [ -132.984018, 56.428486 ], [ -132.986513, 56.429077 ], [ -132.988058, 56.430129 ], [ -132.990554, 56.430589 ], [ -132.994476, 56.431968 ], [ -132.996852, 56.431771 ], [ -133.000417, 56.430063 ], [ -133.004815, 56.42934 ], [ -133.006597, 56.427434 ], [ -133.006122, 56.426383 ], [ -133.007548, 56.425397 ], [ -133.011351, 56.42474 ], [ -133.01147, 56.422176 ], [ -133.011588, 56.421256 ], [ -133.009568, 56.420468 ], [ -133.007786, 56.419482 ], [ -133.00731, 56.41751 ], [ -133.00731, 56.415932 ], [ -133.008142, 56.415143 ], [ -133.010519, 56.415143 ], [ -133.013371, 56.414288 ], [ -133.015035, 56.412579 ], [ -133.017412, 56.411593 ], [ -133.019432, 56.411593 ], [ -133.020145, 56.41041 ], [ -133.018362, 56.409884 ], [ -133.014559, 56.409884 ], [ -133.012777, 56.409686 ], [ -133.012777, 56.40916 ], [ -133.014084, 56.408634 ], [ -133.016223, 56.407517 ], [ -133.017768, 56.406333 ], [ -133.020264, 56.406267 ], [ -133.022759, 56.405544 ], [ -133.022165, 56.40436 ], [ -133.02169, 56.403242 ], [ -133.022284, 56.402782 ], [ -133.02478, 56.40048 ], [ -133.026325, 56.399691 ], [ -133.029296, 56.399099 ], [ -133.031791, 56.398771 ], [ -133.033455, 56.397061 ], [ -133.029177, 56.396469 ], [ -133.026681, 56.395943 ], [ -133.025136, 56.395877 ], [ -133.025017, 56.395153 ], [ -133.02573, 56.394364 ], [ -133.027275, 56.393246 ], [ -133.028701, 56.391864 ], [ -133.031435, 56.39068 ], [ -133.035356, 56.388641 ], [ -133.039278, 56.387128 ], [ -133.041298, 56.385681 ], [ -133.041536, 56.383904 ], [ -133.043438, 56.381865 ], [ -133.045339, 56.380154 ], [ -133.04522, 56.376864 ], [ -133.044388, 56.374297 ], [ -133.045695, 56.371467 ], [ -133.048191, 56.370283 ], [ -133.049855, 56.37002 ], [ -133.05342, 56.368966 ], [ -133.053539, 56.366992 ], [ -133.055084, 56.365149 ], [ -133.05544, 56.363371 ], [ -133.058055, 56.361199 ], [ -133.059956, 56.359751 ], [ -133.06162, 56.358302 ], [ -133.064948, 56.357183 ], [ -133.068275, 56.356525 ], [ -133.070058, 56.355208 ], [ -133.068869, 56.353233 ] ] ] ] } },
{ "type": "Feature", "properties": { "GEOID": "0201090", "NAME": "Akutan city, Alaska", "population": 1591.0 }, "geometry": { "type": "MultiPolygon", "coordinates": [ [ [ [ -165.684352, 54.237741 ], [ -165.679124, 54.234268 ], [ -165.674845, 54.232185 ], [ -165.669141, 54.228989 ], [ -165.656306, 54.229267 ], [ -165.641808, 54.22885 ], [ -165.63753, 54.229406 ], [ -165.631112, 54.232323 ], [ -165.626121, 54.234268 ], [ -165.624219, 54.236213 ], [ -165.623982, 54.238297 ], [ -165.620179, 54.240102 ], [ -165.617802, 54.243019 ], [ -165.613999, 54.244825 ], [ -165.609483, 54.244408 ], [ -165.599976, 54.242603 ], [ -165.590469, 54.23913 ], [ -165.584765, 54.234129 ], [ -165.582626, 54.230101 ], [ -165.582626, 54.225516 ], [ -165.585953, 54.222459 ], [ -165.590231, 54.22093 ], [ -165.592133, 54.218985 ], [ -165.594272, 54.216483 ], [ -165.602115, 54.216205 ], [ -165.610672, 54.211758 ], [ -165.620892, 54.20731 ], [ -165.628022, 54.205363 ], [ -165.631588, 54.200915 ], [ -165.636103, 54.197995 ], [ -165.637054, 54.194936 ], [ -165.632063, 54.192155 ], [ -165.630399, 54.189374 ], [ -165.625883, 54.184506 ], [ -165.620892, 54.180333 ], [ -165.613524, 54.177412 ], [ -165.609483, 54.177412 ], [ -165.606869, 54.176717 ], [ -165.603541, 54.176299 ], [ -165.599025, 54.176299 ], [ -165.596411, 54.173934 ], [ -165.596649, 54.1699 ], [ -165.598312, 54.164195 ], [ -165.60164, 54.160576 ], [ -165.609721, 54.155566 ], [ -165.613286, 54.151391 ], [ -165.619228, 54.147354 ], [ -165.622556, 54.144848 ], [ -165.627072, 54.143316 ], [ -165.633964, 54.144291 ], [ -165.644185, 54.142203 ], [ -165.648463, 54.139975 ], [ -165.639906, 54.139 ], [ -165.635628, 54.137747 ], [ -165.63135, 54.13538 ], [ -165.63135, 54.133013 ], [ -165.628973, 54.131341 ], [ -165.624457, 54.130506 ], [ -165.620417, 54.128278 ], [ -165.619228, 54.125771 ], [ -165.617564, 54.12201 ], [ -165.612811, 54.121035 ], [ -165.612098, 54.118667 ], [ -165.611622, 54.116159 ], [ -165.607582, 54.114069 ], [ -165.604492, 54.116298 ], [ -165.598788, 54.116716 ], [ -165.593559, 54.114905 ], [ -165.58524, 54.11184 ], [ -165.574782, 54.108914 ], [ -165.563611, 54.108496 ], [ -165.561947, 54.111561 ], [ -165.55862, 54.112815 ], [ -165.554104, 54.113233 ], [ -165.549588, 54.113094 ], [ -165.546023, 54.115323 ], [ -165.545785, 54.117691 ], [ -165.544597, 54.121035 ], [ -165.541982, 54.123263 ], [ -165.538655, 54.124378 ], [ -165.538179, 54.126606 ], [ -165.536753, 54.128974 ], [ -165.538655, 54.131063 ], [ -165.544597, 54.133709 ], [ -165.549588, 54.134544 ], [ -165.55553, 54.133987 ], [ -165.55862, 54.134405 ], [ -165.559808, 54.136215 ], [ -165.557907, 54.138026 ], [ -165.555292, 54.138443 ], [ -165.55244, 54.140532 ], [ -165.555292, 54.142063 ], [ -165.555768, 54.144152 ], [ -165.553391, 54.144987 ], [ -165.548875, 54.145683 ], [ -165.546023, 54.146936 ], [ -165.543884, 54.148607 ], [ -165.539843, 54.149163 ], [ -165.53604, 54.148467 ], [ -165.533664, 54.146936 ], [ -165.529623, 54.145126 ], [ -165.5269587, 54.1438779 ], [ -165.527079, 54.210216 ], [ -165.576412, 54.210216 ], [ -165.576499, 54.239132 ], [ -165.587104, 54.239132 ], [ -165.587104, 54.253591 ], [ -165.636489, 54.253589 ], [ -165.636471, 54.239131 ], [ -165.6854007, 54.23913 ], [ -165.684352, 54.237741 ] ] ], [ [ [ -165.942976, 54.181292 ], [ -165.91833, 54.181292 ], [ -165.918289, 54.123459 ], [ -165.893677, 54.123459 ], [ -165.893676, 54.109001 ], [ -165.82063, 54.109003 ], [ -165.820603, 54.094545 ], [ -165.746817, 54.094546 ], [ -165.746818, 54.109004 ], [ -165.67321579999998, 54.1090034 ], [ -165.673657, 54.110865 ], [ -165.672231, 54.112676 ], [ -165.665338, 54.115602 ], [ -165.659396, 54.11797 ], [ -165.657019, 54.11992 ], [ -165.657495, 54.121313 ], [ -165.661773, 54.122706 ], [ -165.662724, 54.125213 ], [ -165.661773, 54.128556 ], [ -165.668428, 54.130227 ], [ -165.671993, 54.131202 ], [ -165.675558, 54.128695 ], [ -165.679124, 54.128278 ], [ -165.681025, 54.126049 ], [ -165.681738, 54.123403 ], [ -165.68768, 54.122428 ], [ -165.69481, 54.121453 ], [ -165.700039, 54.118527 ], [ -165.703129, 54.117273 ], [ -165.709547, 54.116577 ], [ -165.716202, 54.116577 ], [ -165.716915, 54.119781 ], [ -165.718578, 54.121592 ], [ -165.724758, 54.121592 ], [ -165.726422, 54.120199 ], [ -165.728086, 54.118249 ], [ -165.728561, 54.114905 ], [ -165.732364, 54.113373 ], [ -165.735929, 54.112537 ], [ -165.745674, 54.114766 ], [ -165.752804, 54.116995 ], [ -165.762074, 54.117413 ], [ -165.770155, 54.11992 ], [ -165.776335, 54.119781 ], [ -165.7799, 54.122149 ], [ -165.786317, 54.122846 ], [ -165.792259, 54.125213 ], [ -165.797488, 54.125213 ], [ -165.80343, 54.126885 ], [ -165.812224, 54.127163 ], [ -165.815789, 54.126606 ], [ -165.820543, 54.126746 ], [ -165.822444, 54.129252 ], [ -165.821731, 54.132316 ], [ -165.817928, 54.134405 ], [ -165.810085, 54.135658 ], [ -165.807804399999981, 54.13548 ], [ -165.799389, 54.134823 ], [ -165.790595, 54.133709 ], [ -165.787505, 54.131899 ], [ -165.78299, 54.132038 ], [ -165.779187, 54.133848 ], [ -165.776572, 54.13357 ], [ -165.773482, 54.133291 ], [ -165.77063, 54.134823 ], [ -165.76659, 54.135101 ], [ -165.7648366, 54.1350564 ], [ -165.761123, 54.134962 ], [ -165.754706, 54.136633 ], [ -165.752329, 54.138304 ], [ -165.7514677, 54.1389166 ], [ -165.749001, 54.140671 ], [ -165.744723, 54.141924 ], [ -165.742584, 54.143177 ], [ -165.737593, 54.144709 ], [ -165.733077, 54.144709 ], [ -165.728799, 54.144152 ], [ -165.726184, 54.144848 ], [ -165.7307, 54.14805 ], [ -165.734978, 54.147771 ], [ -165.736642, 54.149163 ], [ -165.737593, 54.152226 ], [ -165.741396, 54.156123 ], [ -165.746625, 54.160716 ], [ -165.750427, 54.16169 ], [ -165.754943, 54.161133 ], [ -165.759222, 54.162942 ], [ -165.765401, 54.165447 ], [ -165.772056, 54.16489 ], [ -165.778949, 54.167117 ], [ -165.783703, 54.170178 ], [ -165.788932, 54.172821 ], [ -165.792259, 54.171569 ], [ -165.797013, 54.170595 ], [ -165.800816, 54.168647 ], [ -165.804143, 54.168926 ], [ -165.806758, 54.171013 ], [ -165.806758, 54.173378 ], [ -165.803905, 54.176577 ], [ -165.799389, 54.178803 ], [ -165.795349, 54.17922 ], [ -165.79321, 54.180611 ], [ -165.792972, 54.182141 ], [ -165.797488, 54.183811 ], [ -165.80343, 54.18242 ], [ -165.811511, 54.177551 ], [ -165.820068, 54.171152 ], [ -165.827436, 54.164334 ], [ -165.831714, 54.161272 ], [ -165.83623, 54.160994 ], [ -165.843123, 54.162525 ], [ -165.850966, 54.164055 ], [ -165.859522, 54.166143 ], [ -165.864989, 54.168647 ], [ -165.866653, 54.170734 ], [ -165.866177, 54.173517 ], [ -165.871882, 54.175743 ], [ -165.877824, 54.179499 ], [ -165.880201, 54.182698 ], [ -165.879963, 54.184784 ], [ -165.876635, 54.186592 ], [ -165.874496, 54.188261 ], [ -165.871882, 54.188956 ], [ -165.871406, 54.192711 ], [ -165.870931, 54.19438 ], [ -165.868317, 54.196744 ], [ -165.865227, 54.197717 ], [ -165.863325, 54.20022 ], [ -165.864514, 54.203278 ], [ -165.864038, 54.20578 ], [ -165.866653, 54.208978 ], [ -165.870693, 54.213425 ], [ -165.880438, 54.21551 ], [ -165.886618, 54.217317 ], [ -165.893511, 54.218012 ], [ -165.899215, 54.216066 ], [ -165.90587, 54.212453 ], [ -165.916803, 54.211341 ], [ -165.924884, 54.212175 ], [ -165.929163, 54.213564 ], [ -165.929163, 54.214815 ], [ -165.929163, 54.217317 ], [ -165.929876, 54.220096 ], [ -165.933916, 54.223153 ], [ -165.933916, 54.225099 ], [ -165.936055, 54.226766 ], [ -165.940809, 54.225099 ], [ -165.943022, 54.2219941 ], [ -165.942976, 54.181292 ] ] ] ] } },
{ "type": "Feature", "properties": { "GEOID": "0233470", "NAME": "Hooper Bay city, Alaska", "population": 1297.0 }, "geometry": { "type": "Polygon", "coordinates": [ [ [ -166.159755, 61.536836 ], [ -166.1519291, 61.5259949 ], [ -166.15173, 61.525719 ], [ -166.150141599999984, 61.5219895 ], [ -166.144839, 61.518102 ], [ -166.140448, 61.512228 ], [ -166.138169, 61.510215 ], [ -166.136272, 61.50618 ], [ -166.134991899999989, 61.5047031 ], [ -166.134247, 61.504331 ], [ -166.101053, 61.492938 ], [ -166.096031, 61.492397 ], [ -166.090968, 61.49254 ], [ -166.087572, 61.494585 ], [ -166.092096, 61.493587 ], [ -166.089189, 61.49566 ], [ -166.086779, 61.499184 ], [ -166.084548, 61.500276 ], [ -166.082776, 61.5045711 ], [ -166.086022, 61.505744 ], [ -166.101483, 61.509616 ], [ -166.101697799999982, 61.5096667 ], [ -166.10664, 61.510834 ], [ -166.106794899999983, 61.5110997 ], [ -166.108031, 61.511529 ], [ -166.110849, 61.513376 ], [ -166.109944, 61.514157 ], [ -166.11028, 61.51498 ], [ -166.108616, 61.514605 ], [ -166.108644, 61.513999 ], [ -166.106167, 61.514622 ], [ -166.104358, 61.516183 ], [ -166.102850099999984, 61.5165824 ], [ -166.1026699, 61.5166911 ], [ -166.10542, 61.51741 ], [ -166.106471, 61.515069 ], [ -166.113459, 61.516552 ], [ -166.104003, 61.518423 ], [ -166.1009942, 61.517702 ], [ -166.100177, 61.518195 ], [ -166.09398, 61.518983 ], [ -166.090864, 61.521277 ], [ -166.090827, 61.523566 ], [ -166.088779, 61.525504 ], [ -166.089662, 61.526615 ], [ -166.089541199999985, 61.5266628 ], [ -166.088256, 61.527171 ], [ -166.08673, 61.527283 ], [ -166.0860625, 61.527781 ], [ -166.087677, 61.529845 ], [ -166.085622, 61.530468 ], [ -166.0835236, 61.529853 ], [ -166.083415, 61.529945 ], [ -166.075522, 61.530964 ], [ -166.070232, 61.532298 ], [ -166.068258, 61.5320451 ], [ -166.067205, 61.5319103 ], [ -166.063808, 61.532308 ], [ -166.063839, 61.535674 ], [ -166.063937, 61.546254 ], [ -166.165307, 61.5462223 ], [ -166.159755, 61.536836 ] ] ] } },
{ "type": "Feature", "properties": { "GEOID": "0217740", "NAME": "Craig city, Alaska", "population": 1062.0 }, "geometry": { "type": "Polygon", "coordinates": [ [ [ -133.155488, 55.475666 ], [ -133.151675, 55.473484 ], [ -133.142601, 55.473375 ], [ -133.141206, 55.4723685 ], [ -133.139987, 55.471489 ], [ -133.143976, 55.467689 ], [ -133.148492, 55.467016 ], [ -133.148492, 55.463917 ], [ -133.142075, 55.457718 ], [ -133.137796, 55.457718 ], [ -133.124249, 55.459874 ], [ -133.118639, 55.459638 ], [ -133.108945100000028, 55.4565812 ], [ -133.108953, 55.459631 ], [ -133.10904, 55.496541 ], [ -133.07084, 55.496536 ], [ -133.070871, 55.518217 ], [ -133.127300599999984, 55.518221 ], [ -133.13086, 55.514571 ], [ -133.13328, 55.497185 ], [ -133.137397, 55.489703 ], [ -133.135544, 55.486535 ], [ -133.126541, 55.484163 ], [ -133.127494, 55.479631 ], [ -133.134016, 55.477512 ], [ -133.140489, 55.480886 ], [ -133.1417155, 55.480302 ], [ -133.145632, 55.478437 ], [ -133.154491, 55.477297 ], [ -133.155488, 55.475666 ] ] ] } },
{ "type": "Feature", "properties": { "GEOID": "0218620", "NAME": "Delta Junction city, Alaska", "population": 977.0 }, "geometry": { "type": "Polygon", "coordinates": [ [ [ -145.777415, 64.093063 ], [ -145.770638, 64.088994 ], [ -145.766559, 64.086025 ], [ -145.763978, 64.081168 ], [ -145.760441, 64.079184 ], [ -145.760236, 64.076068 ], [ -145.757802, 64.071448 ], [ -145.75468, 64.069566 ], [ -145.753022, 64.06647 ], [ -145.749794, 64.063319 ], [ -145.747697, 64.05989 ], [ -145.744427, 64.056716 ], [ -145.744544, 64.053585 ], [ -145.743583, 64.051098 ], [ -145.740896, 64.047189 ], [ -145.739595, 64.041091 ], [ -145.742584, 64.036983 ], [ -145.745291, 64.03038 ], [ -145.745698, 64.026258 ], [ -145.743765, 64.025135 ], [ -145.741197, 64.025137 ], [ -145.685466, 64.025174 ], [ -145.658829, 64.025193 ], [ -145.650708, 64.025348 ], [ -145.650972, 64.084004 ], [ -145.714833, 64.084003 ], [ -145.714851, 64.098439 ], [ -145.78086, 64.098437 ], [ -145.777415, 64.093063 ] ] ] } },
{ "type": "Feature", "properties": { "GEOID": "0233360", "NAME": "Hoonah city, Alaska", "population": 960.0 }, "geometry": { "type": "Polygon", "coordinates": [ [ [ -135.466895, 58.130299 ], [ -135.464281, 58.12942 ], [ -135.462498, 58.128228 ], [ -135.46238, 58.127036 ], [ -135.463924, 58.125091 ], [ -135.463449, 58.12302 ], [ -135.461548, 58.120886 ], [ -135.457982, 58.118061 ], [ -135.454774, 58.115613 ], [ -135.451803, 58.114295 ], [ -135.449545, 58.112851 ], [ -135.449188, 58.111533 ], [ -135.448356, 58.109398 ], [ -135.450733, 58.108959 ], [ -135.453229, 58.109901 ], [ -135.456438, 58.110214 ], [ -135.457388, 58.109147 ], [ -135.456675, 58.107891 ], [ -135.455011, 58.106887 ], [ -135.45204, 58.107138 ], [ -135.450971, 58.10651 ], [ -135.448238, 58.103873 ], [ -135.447881, 58.102743 ], [ -135.450139, 58.101926 ], [ -135.45822, 58.100859 ], [ -135.460478, 58.101738 ], [ -135.463093, 58.101675 ], [ -135.4643006, 58.0997024 ], [ -135.461207, 58.098278 ], [ -135.459406, 58.09683 ], [ -135.445767, 58.093516 ], [ -135.391286, 58.092106 ], [ -135.377423, 58.091811 ], [ -135.377437, 58.109166 ], [ -135.395997, 58.108861 ], [ -135.406645, 58.10903 ], [ -135.406715, 58.134034 ], [ -135.44696, 58.134063 ], [ -135.448, 58.134063 ], [ -135.450496, 58.133875 ], [ -135.453823, 58.134189 ], [ -135.45929, 58.134063 ], [ -135.463806, 58.133122 ], [ -135.466301, 58.131993 ], [ -135.4663043, 58.1319836 ], [ -135.466895, 58.130299 ] ] ] } },
{ "type": "Feature", "properties": { "GEOID": "0213230", "NAME": "Chevak city, Alaska", "population": 898.0 }, "geometry": { "type": "Polygon", "coordinates": [ [ [ -165.610987, 61.521181 ], [ -165.584901, 61.521184 ], [ -165.585636, 61.523987 ], [ -165.584122, 61.527943 ], [ -165.580305, 61.528365 ], [ -165.576591, 61.527306 ], [ -165.573171, 61.527504 ], [ -165.573176, 61.53653 ], [ -165.610994, 61.536525 ], [ -165.610987, 61.521181 ] ] ] } },
{ "type": "Feature", "properties": { "GEOID": "0267460", "NAME": "Savoonga city, Alaska", "population": 810.0 }, "geometry": { "type": "Polygon", "coordinates": [ [ [ -170.594752, 63.661454 ], [ -170.495727, 63.661903 ], [ -170.495808, 63.67634 ], [ -170.398269, 63.676338 ], [ -170.398292, 63.686377 ], [ -170.416262, 63.686715 ], [ -170.416237, 63.6870902 ], [ -170.419418, 63.687302 ], [ -170.430113, 63.690146 ], [ -170.4312983, 63.6903744 ], [ -170.441046, 63.692253 ], [ -170.450791, 63.693096 ], [ -170.454766700000022, 63.6932131 ], [ -170.457922, 63.693306 ], [ -170.465527, 63.694676 ], [ -170.467667, 63.695623 ], [ -170.47242, 63.696677 ], [ -170.47551, 63.697414 ], [ -170.4766153, 63.6972181 ], [ -170.479075, 63.696782 ], [ -170.487869, 63.696255 ], [ -170.49595, 63.694465 ], [ -170.498803, 63.693306 ], [ -170.500704, 63.691937 ], [ -170.503081, 63.690041 ], [ -170.505933, 63.689619 ], [ -170.510449, 63.688987 ], [ -170.516391, 63.687091 ], [ -170.523759, 63.685721 ], [ -170.530176, 63.6853 ], [ -170.535405, 63.683614 ], [ -170.537307, 63.682033 ], [ -170.535881, 63.679715 ], [ -170.535643, 63.676026 ], [ -170.534455, 63.672337 ], [ -170.53493, 63.670334 ], [ -170.539446, 63.668226 ], [ -170.54515, 63.666222 ], [ -170.5493726, 63.6655532 ], [ -170.551805, 63.665168 ], [ -170.561788, 63.664325 ], [ -170.569631, 63.664114 ], [ -170.573196, 63.663481 ], [ -170.579138, 63.662954 ], [ -170.584367, 63.663376 ], [ -170.5875542, 63.6626101 ], [ -170.590072, 63.662005 ], [ -170.593698099999983, 63.6619199 ], [ -170.594752, 63.661454 ] ] ] } },
{ "type": "Feature", "properties": { "GEOID": "0222910", "NAME": "Emmonak city, Alaska", "population": 785.0 }, "geometry": { "type": "Polygon", "coordinates": [ [ [ -164.562282, 62.761721 ], [ -164.469103, 62.761723 ], [ -164.469118, 62.764088 ], [ -164.469121, 62.764514 ], [ -164.469198, 62.7906 ], [ -164.562284, 62.790599 ], [ -164.562282, 62.761721 ] ] ] } },
{ "type": "Feature", "properties": { "GEOID": "0239410", "NAME": "King Cove city, Alaska", "population": 781.0 }, "geometry": { "type": "Polygon", "coordinates": [ [ [ -162.399187, 55.092097 ], [ -162.349377, 55.092096 ], [ -162.349363, 55.090376 ], [ -162.349341, 55.077639 ], [ -162.33673, 55.077639 ], [ -162.336681, 55.048727 ], [ -162.330628, 55.048728 ], [ -162.331032, 55.045939 ], [ -162.332492, 55.043623 ], [ -162.336662, 55.040019 ], [ -162.336658699999987, 55.0383887 ], [ -162.333868, 55.039833 ], [ -162.330421, 55.043578 ], [ -162.328995, 55.045962 ], [ -162.328876, 55.048889 ], [ -162.328045, 55.054267 ], [ -162.324598, 55.056513 ], [ -162.32234, 55.058623 ], [ -162.319963, 55.059849 ], [ -162.316874, 55.059644 ], [ -162.313665, 55.059508 ], [ -162.31212, 55.058283 ], [ -162.308674, 55.052565 ], [ -162.306817, 55.050408 ], [ -162.306416, 55.048004 ], [ -162.304158, 55.045962 ], [ -162.303445, 55.041672 ], [ -162.302494, 55.03854 ], [ -162.299741, 55.03713 ], [ -162.296195, 55.034794 ], [ -162.2958131, 55.0341993 ], [ -162.295364, 55.0335 ], [ -162.294056, 55.031457 ], [ -162.289897, 55.028051 ], [ -162.288047, 55.0269679 ], [ -162.24855, 55.02729 ], [ -162.248571, 55.090096 ], [ -162.248577, 55.135458 ], [ -162.299031, 55.13546 ], [ -162.299012, 55.121004 ], [ -162.399184, 55.121009 ], [ -162.3991847, 55.1164981 ], [ -162.398398, 55.117048 ], [ -162.392337, 55.117184 ], [ -162.389366, 55.116096 ], [ -162.387227, 55.115756 ], [ -162.380809, 55.116368 ], [ -162.378789, 55.117388 ], [ -162.376056, 55.117524 ], [ -162.374273, 55.1163 ], [ -162.370201, 55.115361 ], [ -162.364291, 55.115281 ], [ -162.362983, 55.113921 ], [ -162.360726, 55.113174 ], [ -162.352644, 55.111406 ], [ -162.351456, 55.110115 ], [ -162.350505, 55.108891 ], [ -162.349673, 55.107668 ], [ -162.34801, 55.106648 ], [ -162.352763, 55.103521 ], [ -162.356685, 55.102637 ], [ -162.362746, 55.102909 ], [ -162.36441, 55.101889 ], [ -162.366668, 55.101821 ], [ -162.369176, 55.103618 ], [ -162.37261, 55.103996 ], [ -162.373917, 55.103249 ], [ -162.37772, 55.099917 ], [ -162.382711, 55.099101 ], [ -162.384375, 55.099577 ], [ -162.385207, 55.100665 ], [ -162.388296, 55.099169 ], [ -162.39103, 55.099373 ], [ -162.394951, 55.097673 ], [ -162.3991742, 55.0981235 ], [ -162.399187, 55.092097 ] ] ] } },
{ "type": "Feature", "properties": { "GEOID": "0261630", "NAME": "Point Hope city, Alaska", "population": 776.0 }, "geometry": { "type": "Polygon", "coordinates": [ [ [ -166.835993, 68.340843 ], [ -166.833909, 68.339807 ], [ -166.820568, 68.341311 ], [ -166.805423, 68.34261 ], [ -166.790042, 68.34348 ], [ -166.773558, 68.344044 ], [ -166.754468, 68.344169 ], [ -166.73758, 68.343982 ], [ -166.718342, 68.343575 ], [ -166.702997, 68.343136 ], [ -166.689274, 68.342478 ], [ -166.677842, 68.341502 ], [ -166.66677, 68.340256 ], [ -166.659569, 68.339674 ], [ -166.6513, 68.339314 ], [ -166.647480500000029, 68.3389899 ], [ -166.631974, 68.337674 ], [ -166.6070781, 68.3355598 ], [ -166.6066266, 68.3355214 ], [ -166.587416, 68.33389 ], [ -166.577878, 68.332448 ], [ -166.570263499999982, 68.3314502 ], [ -166.567937299999983, 68.3311454 ], [ -166.566977, 68.334097 ], [ -166.537799, 68.334098 ], [ -166.51912, 68.333481 ], [ -166.503861, 68.334099 ], [ -166.488888, 68.334098 ], [ -166.488907, 68.344919 ], [ -166.513914, 68.344882 ], [ -166.517496, 68.343691 ], [ -166.518316, 68.34245 ], [ -166.528159, 68.340182 ], [ -166.540386, 68.339241 ], [ -166.550817, 68.33908 ], [ -166.560233, 68.339337 ], [ -166.573402, 68.340341 ], [ -166.581493, 68.341334 ], [ -166.59158, 68.343161 ], [ -166.600421, 68.345523 ], [ -166.606807, 68.348839 ], [ -166.607281, 68.349849 ], [ -166.612472, 68.348489 ], [ -166.608614, 68.34817 ], [ -166.608503, 68.344764 ], [ -166.614243, 68.343118 ], [ -166.619285, 68.343461 ], [ -166.622562, 68.342405 ], [ -166.627677, 68.341882 ], [ -166.635882, 68.341803 ], [ -166.644285, 68.342229 ], [ -166.673143, 68.345117 ], [ -166.715046, 68.350567 ], [ -166.733525, 68.353515 ], [ -166.743632, 68.355564 ], [ -166.75199, 68.358352 ], [ -166.752405, 68.360487 ], [ -166.748663, 68.361546 ], [ -166.738203, 68.363525 ], [ -166.727585, 68.36489 ], [ -166.723015, 68.365942 ], [ -166.7310655, 68.365942 ], [ -166.742629, 68.364081 ], [ -166.774042, 68.358274 ], [ -166.796068, 68.354069 ], [ -166.819661, 68.348343 ], [ -166.834135, 68.342797 ], [ -166.835993, 68.340843 ] ] ] } },
{ "type": "Feature", "properties": { "GEOID": "0242380", "NAME": "Kwethluk city, Alaska", "population": 771.0 }, "geometry": { "type": "Polygon", "coordinates": [ [ [ -161.472917, 60.792381 ], [ -161.472916, 60.779221 ], [ -161.472916, 60.776147 ], [ -161.35643, 60.776149 ], [ -161.356511, 60.819478 ], [ -161.472918, 60.819476 ], [ -161.472917, 60.792381 ] ] ] } },
{ "type": "Feature", "properties": { "GEOID": "0277690", "NAME": "Togiak city, Alaska", "population": 756.0 }, "geometry": { "type": "Polygon", "coordinates": [ [ [ -160.559286, 59.08608 ], [ -160.559203199999985, 58.9884337 ], [ -160.550466, 58.990488 ], [ -160.539772, 58.992573 ], [ -160.539101, 58.993094 ], [ -160.53969, 58.99425 ], [ -160.541568, 58.995579 ], [ -160.541122, 58.997038 ], [ -160.538559, 58.998293 ], [ -160.534457, 58.999604 ], [ -160.530727, 59.000611 ], [ -160.529015, 59.001419 ], [ -160.52985, 59.002605 ], [ -160.530321, 59.003819 ], [ -160.526699, 59.005535 ], [ -160.52106, 59.007189 ], [ -160.520017, 59.008546 ], [ -160.519705, 59.009399 ], [ -160.518048, 59.010526 ], [ -160.514816, 59.012225 ], [ -160.507736, 59.014785 ], [ -160.496346, 59.01761 ], [ -160.48866, 59.019475 ], [ -160.486064, 59.020887 ], [ -160.482487, 59.022833 ], [ -160.479457, 59.023231 ], [ -160.47577, 59.025808 ], [ -160.474039, 59.027356 ], [ -160.47035, 59.028564 ], [ -160.456971, 59.032562 ], [ -160.451555, 59.033568 ], [ -160.396233, 59.050465 ], [ -160.390078, 59.052692 ], [ -160.366391, 59.064443 ], [ -160.362612, 59.068089 ], [ -160.363516, 59.070207 ], [ -160.360651, 59.072002 ], [ -160.354555, 59.072903 ], [ -160.341037, 59.072448 ], [ -160.3371309, 59.0732864 ], [ -160.336338, 59.078248 ], [ -160.337684, 59.081348 ], [ -160.339931, 59.082583 ], [ -160.347963, 59.084951 ], [ -160.350515, 59.08461 ], [ -160.355532, 59.08481 ], [ -160.361477, 59.086885 ], [ -160.365363, 59.089359 ], [ -160.365816, 59.091555 ], [ -160.364645, 59.092825 ], [ -160.361071, 59.095126 ], [ -160.360622, 59.102298 ], [ -160.365145, 59.108474 ], [ -160.367392, 59.109645 ], [ -160.369245, 59.11321 ], [ -160.367458, 59.114976 ], [ -160.559569, 59.114974 ], [ -160.559286, 59.08608 ] ] ] } },
{ "type": "Feature", "properties": { "GEOID": "0280660", "NAME": "Unalakleet city, Alaska", "population": 748.0 }, "geometry": { "type": "Polygon", "coordinates": [ [ [ -160.815366, 63.910336 ], [ -160.809555, 63.9015 ], [ -160.803732, 63.890362 ], [ -160.800761, 63.882725 ], [ -160.798265, 63.877232 ], [ -160.7947, 63.87315 ], [ -160.792977, 63.872187 ], [ -160.788283, 63.871057 ], [ -160.78802, 63.869604 ], [ -160.789115, 63.869068 ], [ -160.788402, 63.866346 ], [ -160.787213, 63.86399 ], [ -160.78703059999998, 63.863769 ], [ -160.779333, 63.863768 ], [ -160.779368, 63.878205 ], [ -160.762995, 63.878206 ], [ -160.763662, 63.90708 ], [ -160.779437, 63.907078 ], [ -160.779446, 63.910702 ], [ -160.812231, 63.910683 ], [ -160.812244, 63.914329 ], [ -160.818573099999981, 63.914329 ], [ -160.815366, 63.910336 ] ] ] } },
{ "type": "Feature", "properties": { "GEOID": "0264600", "NAME": "Quinhagak city, Alaska", "population": 737.0 }, "geometry": { "type": "Polygon", "coordinates": [ [ [ -161.938712, 59.762248 ], [ -161.9385, 59.761329399999987 ], [ -161.934317, 59.755568 ], [ -161.934746, 59.753245 ], [ -161.932003, 59.750885 ], [ -161.927951, 59.749165 ], [ -161.927515, 59.747868 ], [ -161.929784, 59.745892 ], [ -161.930157, 59.741503 ], [ -161.928398, 59.73825 ], [ -161.926485, 59.73615 ], [ -161.865642, 59.736149 ], [ -161.865717, 59.76504 ], [ -161.939308, 59.765036 ], [ -161.938712, 59.762248 ] ] ] } },
{ "type": "Feature", "properties": { "GEOID": "0268230", "NAME": "Selawik city, Alaska", "population": 729.0 }, "geometry": { "type": "Polygon", "coordinates": [ [ [ -160.026253, 66.584615 ], [ -159.971896, 66.584618 ], [ -159.972031, 66.609899 ], [ -159.979374, 66.610647 ], [ -159.979366, 66.61503 ], [ -159.984155, 66.615028 ], [ -159.985297, 66.61124 ], [ -159.990196, 66.611333 ], [ -159.991884, 66.613486 ], [ -160.026524, 66.613479 ], [ -160.026253, 66.584615 ] ] ] } },
{ "type": "Feature", "properties": { "GEOID": "0240400", "NAME": "Klawock city, Alaska", "population": 720.0 }, "geometry": { "type": "Polygon", "coordinates": [ [ [ -133.100619, 55.545237 ], [ -133.09911, 55.546653 ], [ -133.098886, 55.546863 ], [ -133.0977, 55.547975 ], [ -133.095506, 55.54757 ], [ -133.093926, 55.547492 ], [ -133.095853, 55.55125 ], [ -133.092967, 55.552543 ], [ -133.08551, 55.551008 ], [ -133.087602, 55.549661 ], [ -133.081929, 55.550283 ], [ -133.081926, 55.552082 ], [ -133.07351, 55.551161 ], [ -133.069901, 55.55102 ], [ -133.066586, 55.5608 ], [ -133.074557, 55.560807 ], [ -133.07852, 55.560206 ], [ -133.081904, 55.559693 ], [ -133.0847061, 55.5601225 ], [ -133.087479, 55.557356 ], [ -133.091411, 55.557163 ], [ -133.093802, 55.55947 ], [ -133.098173, 55.560932 ], [ -133.103723299999984, 55.5580513 ], [ -133.100619, 55.545237 ] ] ] } },
{ "type": "Feature", "properties": { "GEOID": "0201200", "NAME": "Alakanuk city, Alaska", "population": 718.0 }, "geometry": { "type": "Polygon", "coordinates": [ [ [ -164.749963, 62.711182 ], [ -164.71952, 62.711183 ], [ -164.719399, 62.688754 ], [ -164.719132, 62.638988 ], [ -164.562272, 62.63899 ], [ -164.562273, 62.653429 ], [ -164.531525, 62.65343 ], [ -164.531758, 62.696747 ], [ -164.500324, 62.696747 ], [ -164.50045, 62.725625 ], [ -164.625267, 62.725677 ], [ -164.625238, 62.740061 ], [ -164.749965, 62.74006 ], [ -164.749963, 62.711182 ] ] ] } },
{ "type": "Feature", "properties": { "GEOID": "0227640", "NAME": "Gambell city, Alaska", "population": 625.0 }, "geometry": { "type": "Polygon", "coordinates": [ [ [ -171.740204, 63.777973 ], [ -171.737114, 63.774402 ], [ -171.734262, 63.76789 ], [ -171.731885, 63.760745 ], [ -171.729984, 63.756016 ], [ -171.726894, 63.748763 ], [ -171.725468, 63.743611 ], [ -171.722853, 63.734777 ], [ -171.723091, 63.727624 ], [ -171.72523, 63.723837 ], [ -171.728716500000019, 63.7194791 ], [ -171.718475, 63.718772 ], [ -171.713704, 63.718733 ], [ -171.698232, 63.719131 ], [ -171.687941, 63.719793 ], [ -171.680912, 63.720663 ], [ -171.673786, 63.722362 ], [ -171.661906, 63.726054 ], [ -171.652799, 63.729598 ], [ -171.644551, 63.7339559 ], [ -171.644894, 63.734462 ], [ -171.64941, 63.737512 ], [ -171.649173, 63.739089 ], [ -171.647271, 63.740562 ], [ -171.645132, 63.741193 ], [ -171.639903, 63.74277 ], [ -171.634674, 63.744768 ], [ -171.632535, 63.747186 ], [ -171.631822, 63.749499 ], [ -171.631584, 63.751286 ], [ -171.63301, 63.752652 ], [ -171.637289, 63.7557 ], [ -171.639903, 63.758748 ], [ -171.641804, 63.761586 ], [ -171.641804, 63.764843 ], [ -171.640616, 63.767364 ], [ -171.639665, 63.769255 ], [ -171.64228, 63.771566 ], [ -171.646796, 63.773562 ], [ -171.655828, 63.775243 ], [ -171.65963, 63.777343 ], [ -171.660819, 63.779969 ], [ -171.661294, 63.781754 ], [ -171.661057, 63.783749 ], [ -171.663196, 63.785324 ], [ -171.666999, 63.786373 ], [ -171.6674026, 63.7864075 ], [ -171.674367, 63.787003 ], [ -171.679833, 63.786688 ], [ -171.686013, 63.785009 ], [ -171.690529, 63.782174 ], [ -171.694094, 63.781964 ], [ -171.708355, 63.783014 ], [ -171.7298069, 63.7849927 ], [ -171.729984, 63.785009 ], [ -171.735926, 63.785429 ], [ -171.738302, 63.784694 ], [ -171.73865440000003, 63.784460599999989 ], [ -171.740204, 63.783434 ], [ -171.740204, 63.777973 ] ] ] } },
{ "type": "Feature", "properties": { "GEOID": "0278240", "NAME": "Toksook Bay city, Alaska", "population": 625.0 }, "geometry": { "type": "MultiPolygon", "coordinates": [ [ [ [ -165.140626, 60.444576 ], [ -165.1378614, 60.4414247 ], [ -165.007797, 60.465576 ], [ -165.008178, 60.472797 ], [ -165.0130552, 60.472797 ], [ -165.015155, 60.471414 ], [ -165.042391, 60.463465 ], [ -165.044247, 60.461337 ], [ -165.047813, 60.460517 ], [ -165.053517, 60.458935 ], [ -165.057351, 60.459399 ], [ -165.063024, 60.459286 ], [ -165.07158, 60.458935 ], [ -165.077522, 60.45747 ], [ -165.086792, 60.454364 ], [ -165.089169, 60.455185 ], [ -165.092319, 60.455321 ], [ -165.096707, 60.454684 ], [ -165.099864, 60.452723 ], [ -165.102717, 60.451317 ], [ -165.105925, 60.450965 ], [ -165.109372, 60.449969 ], [ -165.11258, 60.448269 ], [ -165.11852, 60.450403 ], [ -165.121256, 60.449969 ], [ -165.12351, 60.450099 ], [ -165.126366, 60.448972 ], [ -165.131, 60.450203 ], [ -165.133615, 60.450555 ], [ -165.139319, 60.450672 ], [ -165.140626, 60.448093 ], [ -165.140626, 60.444576 ] ] ], [ [ [ -165.2599299, 60.4926187 ], [ -165.259823, 60.492609 ], [ -165.256495, 60.494482 ], [ -165.250095, 60.495446 ], [ -165.244442, 60.496298 ], [ -165.238812, 60.496476 ], [ -165.234272, 60.49612 ], [ -165.231658, 60.496355 ], [ -165.2294, 60.497349 ], [ -165.22524, 60.497759 ], [ -165.212762, 60.497232 ], [ -165.208246, 60.496764 ], [ -165.204443, 60.497057 ], [ -165.200403, 60.496647 ], [ -165.196006, 60.496706 ], [ -165.19351, 60.497057 ], [ -165.190449, 60.498001 ], [ -165.186855, 60.499749 ], [ -165.184478, 60.502207 ], [ -165.181151, 60.503377 ], [ -165.17616, 60.504021 ], [ -165.167128, 60.504723 ], [ -165.165345, 60.507531 ], [ -165.163206, 60.509754 ], [ -165.161542, 60.513323 ], [ -165.159879, 60.5142 ], [ -165.15465, 60.515428 ], [ -165.150252, 60.516072 ], [ -165.147519, 60.515545 ], [ -165.146806, 60.516072 ], [ -165.140508, 60.516481 ], [ -165.141221, 60.517593 ], [ -165.139913, 60.518938 ], [ -165.1387413, 60.519349899999987 ], [ -165.137418, 60.519815 ], [ -165.132308, 60.520341 ], [ -165.126911, 60.520284 ], [ -165.125296, 60.519932 ], [ -165.122206, 60.519874 ], [ -165.122073199999988, 60.520076 ], [ -165.120899, 60.521862 ], [ -165.1207843, 60.5218927 ], [ -165.112818, 60.524026 ], [ -165.107232, 60.524727 ], [ -165.1066859, 60.5253216 ], [ -165.103311, 60.528996 ], [ -165.102717, 60.531919 ], [ -165.0984743, 60.532867499999988 ], [ -165.097488, 60.533088 ], [ -165.088337, 60.53414 ], [ -165.083227, 60.534023 ], [ -165.079024899999979, 60.5334185 ], [ -165.078354, 60.533322 ], [ -165.07659, 60.534276 ], [ -165.071818, 60.535017 ], [ -165.072175, 60.536303 ], [ -165.0717607, 60.5366127 ], [ -165.069204, 60.538524 ], [ -165.066827, 60.540278 ], [ -165.064568, 60.541326 ], [ -165.0641138, 60.5419704 ], [ -165.063618, 60.542674 ], [ -165.061241, 60.544018 ], [ -165.058685, 60.544155 ], [ -165.055075, 60.544556 ], [ -165.045798, 60.544264 ], [ -165.035453, 60.543259 ], [ -165.028204, 60.542733 ], [ -165.022618, 60.541797 ], [ -165.018578, 60.540804 ], [ -165.0133736, 60.5405581 ], [ -165.013374, 60.540988 ], [ -165.012655, 60.559458 ], [ -165.013405, 60.573901 ], [ -165.069666, 60.569298 ], [ -165.148066, 60.562861 ], [ -165.276927, 60.552234 ], [ -165.2599299, 60.4926187 ] ] ] ] } },
{ "type": "Feature", "properties": { "GEOID": "0241720", "NAME": "Kotlik city, Alaska", "population": 624.0 }, "geometry": { "type": "Polygon", "coordinates": [ [ [ -163.590464, 63.034532 ], [ -163.59043, 63.019131 ], [ -163.526753, 63.019134 ], [ -163.526755, 63.026352 ], [ -163.511023, 63.026353 ], [ -163.511063, 63.040791 ], [ -163.590478, 63.040789 ], [ -163.590464, 63.034532 ] ] ] } },
{ "type": "Feature", "properties": { "GEOID": "0255140", "NAME": "Noorvik city, Alaska", "population": 621.0 }, "geometry": { "type": "Polygon", "coordinates": [ [ [ -161.059832, 66.822712 ], [ -161.03232, 66.822711 ], [ -161.029229, 66.819101 ], [ -161.020133, 66.819065 ], [ -161.01404, 66.822712 ], [ -161.01404, 66.82632 ], [ -161.032376, 66.84076 ], [ -161.041074, 66.840758 ], [ -161.041539, 66.840755 ], [ -161.0644, 66.828121 ], [ -161.059832, 66.822712 ] ] ] } },
{ "type": "Feature", "properties": { "GEOID": "0272960", "NAME": "Stebbins city, Alaska", "population": 617.0 }, "geometry": { "type": "Polygon", "coordinates": [ [ [ -162.406453, 63.41619 ], [ -162.233695, 63.416183 ], [ -162.233745, 63.445069 ], [ -162.16978, 63.445061 ], [ -162.1701488, 63.5270091 ], [ -162.171854, 63.526958 ], [ -162.174538, 63.527508 ], [ -162.175245, 63.528924 ], [ -162.177023, 63.529704 ], [ -162.180481, 63.530933 ], [ -162.181873, 63.530848 ], [ -162.182909, 63.530617 ], [ -162.184205, 63.529794 ], [ -162.18769, 63.529848 ], [ -162.189156, 63.529334 ], [ -162.191034, 63.528584 ], [ -162.195109, 63.528947 ], [ -162.196793, 63.528543 ], [ -162.200227, 63.525757 ], [ -162.202073, 63.525352 ], [ -162.20338, 63.524716 ], [ -162.202822, 63.522379 ], [ -162.207146, 63.521199 ], [ -162.207245799999981, 63.5212083 ], [ -162.215859, 63.522014 ], [ -162.223821, 63.523869 ], [ -162.225312, 63.524802 ], [ -162.222547, 63.526152 ], [ -162.2225561, 63.5263547 ], [ -162.22261, 63.527553 ], [ -162.226072, 63.527713 ], [ -162.230937, 63.528908 ], [ -162.234448, 63.531194 ], [ -162.234188, 63.532349 ], [ -162.233735, 63.532855 ], [ -162.235352, 63.533548 ], [ -162.233447, 63.536528 ], [ -162.236299, 63.537905 ], [ -162.239297, 63.537592 ], [ -162.241368, 63.538112 ], [ -162.241884, 63.539176 ], [ -162.244247, 63.539022 ], [ -162.248843, 63.539628 ], [ -162.253055, 63.539625 ], [ -162.257719, 63.541556 ], [ -162.260186, 63.54103 ], [ -162.261852, 63.541375 ], [ -162.264894, 63.540465 ], [ -162.267029, 63.53918 ], [ -162.266317, 63.537808 ], [ -162.270461, 63.537289 ], [ -162.277572, 63.538052 ], [ -162.280626, 63.539282 ], [ -162.28499, 63.54 ], [ -162.2852613, 63.5398517 ], [ -162.287757, 63.538488 ], [ -162.292986, 63.538223 ], [ -162.301899, 63.539123 ], [ -162.3077242, 63.5398935 ], [ -162.308484, 63.539994 ], [ -162.313783, 63.541718 ], [ -162.314634, 63.541031 ], [ -162.314275, 63.539587 ], [ -162.311643, 63.539123 ], [ -162.30932, 63.537018 ], [ -162.302612, 63.530767 ], [ -162.3020175, 63.5304898 ], [ -162.3008132, 63.5299283 ], [ -162.300508, 63.529786 ], [ -162.298145, 63.528848 ], [ -162.295036, 63.526163 ], [ -162.291603, 63.521759 ], [ -162.289107, 63.517124 ], [ -162.2886026, 63.5147638 ], [ -162.288387, 63.513755 ], [ -162.289102, 63.512445 ], [ -162.2924, 63.512488 ], [ -162.294986, 63.512068 ], [ -162.295954, 63.510754 ], [ -162.295338, 63.509122 ], [ -162.291941, 63.507188 ], [ -162.288903, 63.506856 ], [ -162.285894, 63.506142 ], [ -162.283504, 63.505977 ], [ -162.281953, 63.506425 ], [ -162.2814435, 63.5063122 ], [ -162.279266, 63.50583 ], [ -162.276823, 63.504842 ], [ -162.271476, 63.497312 ], [ -162.269931, 63.493759 ], [ -162.269778, 63.4917812 ], [ -162.269693, 63.490683 ], [ -162.270881, 63.487076 ], [ -162.272545, 63.484953 ], [ -162.276967, 63.483215 ], [ -162.278963, 63.482407 ], [ -162.280032, 63.480868 ], [ -162.284472, 63.479354 ], [ -162.288826, 63.477525 ], [ -162.294768, 63.474606 ], [ -162.300948, 63.472377 ], [ -162.302374, 63.470944 ], [ -162.306058, 63.470148 ], [ -162.323527, 63.464043 ], [ -162.326617, 63.461813 ], [ -162.329469, 63.461282 ], [ -162.332322, 63.460379 ], [ -162.334817, 63.459423 ], [ -162.338501, 63.457883 ], [ -162.341948, 63.456502 ], [ -162.347058, 63.454112 ], [ -162.351574, 63.453156 ], [ -162.352287, 63.451988 ], [ -162.35502, 63.450235 ], [ -162.360585, 63.447522 ], [ -162.362269, 63.447367 ], [ -162.366072, 63.444763 ], [ -162.375556, 63.44018 ], [ -162.3776, 63.438706 ], [ -162.377362, 63.43759 ], [ -162.380452, 63.434029 ], [ -162.386394, 63.42983 ], [ -162.387107, 63.428289 ], [ -162.395901, 63.423185 ], [ -162.397446, 63.422122 ], [ -162.40006, 63.421749 ], [ -162.401962, 63.421271 ], [ -162.4040282, 63.4199767 ], [ -162.406453, 63.41619 ] ] ] } },
{ "type": "Feature", "properties": { "GEOID": "0230940", "NAME": "Gustavus city, Alaska", "population": 610.0 }, "geometry": { "type": "Polygon", "coordinates": [ [ [ -135.897186, 58.443502 ], [ -135.898468799999989, 58.441506 ], [ -135.830215, 58.441507 ], [ -135.830179, 58.427038 ], [ -135.857724, 58.427037 ], [ -135.857593800000018, 58.3867203 ], [ -135.854791, 58.384708 ], [ -135.836468, 58.385399 ], [ -135.830478, 58.386888 ], [ -135.827218, 58.386698 ], [ -135.791909, 58.393539 ], [ -135.783204, 58.397854 ], [ -135.771763, 58.397224 ], [ -135.765399, 58.400403 ], [ -135.761774, 58.404026 ], [ -135.753748, 58.401027 ], [ -135.753656, 58.3983 ], [ -135.743503, 58.398712 ], [ -135.735814, 58.402075 ], [ -135.732888, 58.401418 ], [ -135.732671, 58.393692 ], [ -135.721661, 58.392699 ], [ -135.720193, 58.395681 ], [ -135.717736, 58.397676 ], [ -135.71086, 58.396603 ], [ -135.692715, 58.399607 ], [ -135.687685, 58.402337 ], [ -135.682244, 58.402337 ], [ -135.664781, 58.410507 ], [ -135.647442, 58.416137 ], [ -135.640788, 58.416164 ], [ -135.634267, 58.419363 ], [ -135.632128, 58.423097 ], [ -135.627136, 58.425088 ], [ -135.618818, 58.425586 ], [ -135.611234, 58.42343 ], [ -135.607409, 58.42011 ], [ -135.600279, 58.418865 ], [ -135.5826109, 58.4102525 ], [ -135.582609, 58.455945 ], [ -135.61018, 58.455942 ], [ -135.610169, 58.441493 ], [ -135.693127, 58.441491 ], [ -135.734386, 58.463212 ], [ -135.870961, 58.463176 ], [ -135.8731616, 58.4620718 ], [ -135.875274, 58.458053 ], [ -135.882642, 58.45569 ], [ -135.893338, 58.452582 ], [ -135.898804, 58.449597 ], [ -135.897186, 58.443502 ] ] ] } },
{ "type": "Feature", "properties": { "GEOID": "0267020", "NAME": "Sand Point city, Alaska", "population": 607.0 }, "geometry": { "type": "MultiPolygon", "coordinates": [ [ [ [ -160.521149, 55.278674 ], [ -160.517821, 55.278141 ], [ -160.516326, 55.279206 ], [ -160.517882, 55.280941 ], [ -160.52047, 55.282212 ], [ -160.521883, 55.281521 ], [ -160.521149, 55.278674 ] ] ], [ [ [ -160.528335, 55.319976 ], [ -160.517164, 55.30929 ], [ -160.513598, 55.309426 ], [ -160.510984, 55.308749 ], [ -160.506468, 55.305638 ], [ -160.50219, 55.304555 ], [ -160.498149, 55.300767 ], [ -160.492207, 55.299414 ], [ -160.489593, 55.29752 ], [ -160.488167, 55.294813 ], [ -160.482225, 55.292513 ], [ -160.477233, 55.291159 ], [ -160.472242, 55.2894 ], [ -160.465825, 55.290212 ], [ -160.458932, 55.291701 ], [ -160.458333, 55.2918545 ], [ -160.458333, 55.322937 ], [ -160.458333, 55.3472209 ], [ -160.460358, 55.347149 ], [ -160.464636, 55.349311 ], [ -160.464636, 55.352284 ], [ -160.465825, 55.354041 ], [ -160.467726, 55.357149 ], [ -160.473906, 55.357284 ], [ -160.482225, 55.355933 ], [ -160.487216, 55.356473 ], [ -160.48724, 55.3564844 ], [ -160.491494, 55.3585 ], [ -160.492445, 55.357689 ], [ -160.4924102, 55.3576472 ], [ -160.490306, 55.355122 ], [ -160.49292, 55.353636 ], [ -160.497199, 55.352149 ], [ -160.498064699999986, 55.3508127 ], [ -160.498862, 55.349582 ], [ -160.502903, 55.348906 ], [ -160.502828, 55.3486928 ], [ -160.501952, 55.346203 ], [ -160.502428, 55.344041 ], [ -160.500526, 55.343635 ], [ -160.499813, 55.342013 ], [ -160.501952, 55.339986 ], [ -160.503141, 55.337417 ], [ -160.502665, 55.33566 ], [ -160.499338, 55.335525 ], [ -160.496486, 55.332956 ], [ -160.498625, 55.33174 ], [ -160.502428, 55.329847 ], [ -160.50623, 55.328224 ], [ -160.507656, 55.325249 ], [ -160.509796, 55.322815 ], [ -160.5119111, 55.32207 ], [ -160.514787, 55.321057 ], [ -160.523106, 55.320111 ], [ -160.527146, 55.320516 ], [ -160.528272099999981, 55.3200046 ], [ -160.528335, 55.319976 ] ] ], [ [ [ -160.573256, 55.290753 ], [ -160.56951, 55.289393 ], [ -160.570662, 55.288144 ], [ -160.56863, 55.289538 ], [ -160.570169, 55.290337 ], [ -160.567751, 55.291145 ], [ -160.567471, 55.287764 ], [ -160.570597, 55.287392 ], [ -160.570838, 55.286187 ], [ -160.568223, 55.2853156 ], [ -160.567552, 55.287099 ], [ -160.566363, 55.287911 ], [ -160.566363, 55.289129 ], [ -160.567314, 55.291836 ], [ -160.570166, 55.290483 ], [ -160.573256, 55.290753 ] ] ] ] } },
{ "type": "Feature", "properties": { "GEOID": "0236540", "NAME": "Kachemak city, Alaska", "population": 589.0 }, "geometry": { "type": "Polygon", "coordinates": [ [ [ -151.472969, 59.663974 ], [ -151.46617, 59.663918 ], [ -151.458965, 59.665054 ], [ -151.441487, 59.669254 ], [ -151.435329, 59.670266 ], [ -151.430056, 59.672927 ], [ -151.429832299999987, 59.6687561 ], [ -151.4286429, 59.6691766 ], [ -151.42484, 59.670521 ], [ -151.401458099999985, 59.6758016 ], [ -151.40151, 59.682071 ], [ -151.41579, 59.682072 ], [ -151.415796, 59.685682 ], [ -151.422938, 59.68568 ], [ -151.4247, 59.684448 ], [ -151.425443, 59.684316 ], [ -151.425694, 59.684375 ], [ -151.426173, 59.684009 ], [ -151.428094, 59.683782 ], [ -151.426439, 59.682588 ], [ -151.426842, 59.682431 ], [ -151.430098, 59.678462 ], [ -151.458623, 59.678459 ], [ -151.45861, 59.671232 ], [ -151.472888, 59.671231 ], [ -151.472969, 59.663974 ] ] ] } },
{ "type": "Feature", "properties": { "GEOID": "0260750", "NAME": "Pilot Station city, Alaska", "population": 587.0 }, "geometry": { "type": "Polygon", "coordinates": [ [ [ -162.896297, 61.926636 ], [ -162.850134, 61.948978 ], [ -162.852147, 61.949902 ], [ -162.869271, 61.957754 ], [ -162.915434, 61.935405 ], [ -162.896297, 61.926636 ] ] ] } },
{ "type": "Feature", "properties": { "GEOID": "0282750", "NAME": "Wainwright city, Alaska", "population": 586.0 }, "geometry": { "type": "Polygon", "coordinates": [ [ [ -160.1031286, 70.618293800000018 ], [ -160.099566, 70.617162 ], [ -160.088913, 70.614224 ], [ -160.077417, 70.611685 ], [ -160.065929, 70.609679 ], [ -160.055132, 70.608215 ], [ -160.037528, 70.606598 ], [ -160.019448, 70.605843 ], [ -160.007853, 70.605819 ], [ -159.996298, 70.606151 ], [ -159.980038, 70.607235 ], [ -159.964304, 70.609022 ], [ -159.953738, 70.610676 ], [ -159.940846, 70.613267 ], [ -159.934078, 70.614921 ], [ -159.922713, 70.618254 ], [ -159.912509, 70.622023 ], [ -159.904534, 70.625687 ], [ -159.90011, 70.628112 ], [ -159.89398, 70.63218 ], [ -159.888547, 70.636985 ], [ -159.884733, 70.641973 ], [ -159.882477, 70.648225 ], [ -159.884123, 70.654504 ], [ -159.888785, 70.661189 ], [ -159.892847, 70.66495 ], [ -159.897088, 70.668064 ], [ -159.906525, 70.673487 ], [ -159.913743, 70.676613 ], [ -159.924082, 70.680341 ], [ -159.9358497, 70.6837016 ], [ -159.942814, 70.680991 ], [ -159.961182, 70.673234 ], [ -159.975667, 70.666735 ], [ -159.980483, 70.664098 ], [ -160.003907, 70.654498 ], [ -160.029564, 70.643075 ], [ -160.033723, 70.64079 ], [ -160.044775, 70.635786 ], [ -160.065056, 70.627582 ], [ -160.079286, 70.622904 ], [ -160.087558, 70.621241 ], [ -160.0958631, 70.6201623 ], [ -160.098491, 70.619821 ], [ -160.102888, 70.618638 ], [ -160.1031286, 70.618293800000018 ] ] ] } },
{ "type": "Feature", "properties": { "GEOID": "0251180", "NAME": "Mountain Village city, Alaska", "population": 585.0 }, "geometry": { "type": "Polygon", "coordinates": [ [ [ -163.772635, 62.091625 ], [ -163.767898, 62.088641 ], [ -163.759887, 62.086636 ], [ -163.759853, 62.075864 ], [ -163.698274, 62.075865 ], [ -163.698286, 62.084918 ], [ -163.68754, 62.084534 ], [ -163.669327, 62.08556 ], [ -163.669077, 62.100096 ], [ -163.669057, 62.103683 ], [ -163.762344, 62.103649 ], [ -163.76895, 62.100467 ], [ -163.770521, 62.098383 ], [ -163.76798, 62.09394 ], [ -163.772635, 62.091625 ] ] ] } },
{ "type": "Feature", "properties": { "GEOID": "0267680", "NAME": "Scammon Bay city, Alaska", "population": 574.0 }, "geometry": { "type": "Polygon", "coordinates": [ [ [ -165.590945, 61.835902 ], [ -165.570326, 61.838629 ], [ -165.57625, 61.848639 ], [ -165.586741, 61.846198 ], [ -165.596494, 61.845269 ], [ -165.590945, 61.835902 ] ] ] } },
{ "type": "Feature", "properties": { "GEOID": "0256680", "NAME": "Nunapitchuk city, Alaska", "population": 571.0 }, "geometry": { "type": "Polygon", "coordinates": [ [ [ -162.490992, 60.848355 ], [ -162.489081, 60.848356 ], [ -162.431947, 60.848354 ], [ -162.432164, 60.906126 ], [ -162.489036, 60.906121 ], [ -162.490995, 60.906126 ], [ -162.490992, 60.848355 ] ] ] } },
{ "type": "Feature", "properties": { "GEOID": "0266140", "NAME": "St. Mary's city, Alaska", "population": 567.0 }, "geometry": { "type": "Polygon", "coordinates": [ [ [ -163.484081, 62.081816 ], [ -163.484051, 62.075869 ], [ -163.469309, 62.07587 ], [ -163.46929, 62.06865 ], [ -163.45453, 62.068649 ], [ -163.454493, 62.061429 ], [ -163.40833, 62.061431 ], [ -163.408304, 62.05421 ], [ -163.39292, 62.05421 ], [ -163.392898, 62.04699 ], [ -163.362137, 62.04699 ], [ -163.362122, 62.03977 ], [ -163.346746, 62.039771 ], [ -163.346734, 62.032551 ], [ -163.300615, 62.032551 ], [ -163.300659, 62.034593 ], [ -163.300615, 62.036161 ], [ -163.285773, 62.036163 ], [ -163.285801, 62.046993 ], [ -163.255605, 62.046994 ], [ -163.255571, 62.039773 ], [ -163.240195, 62.039773 ], [ -163.240168, 62.033101 ], [ -163.240107, 62.018112 ], [ -163.209375, 62.018112 ], [ -163.209419, 62.032553 ], [ -163.11718, 62.032555 ], [ -163.117194, 62.076575 ], [ -163.117184, 62.104757 ], [ -163.45929, 62.104754 ], [ -163.484053, 62.104749 ], [ -163.484081, 62.081816 ] ] ] } },
{ "type": "Feature", "properties": { "GEOID": "0269770", "NAME": "Shishmaref city, Alaska", "population": 555.0 }, "geometry": { "type": "Polygon", "coordinates": [ [ [ -166.1667491, 66.217008 ], [ -166.153012, 66.212289 ], [ -166.13839, 66.210089 ], [ -166.121659, 66.214773 ], [ -166.096969, 66.237833 ], [ -166.066397, 66.246531 ], [ -166.019921, 66.252754 ], [ -166.0304438, 66.2636788 ], [ -166.039571199999983, 66.2605938 ], [ -166.039816, 66.260511 ], [ -166.044855, 66.261199 ], [ -166.049799, 66.261133 ], [ -166.060019, 66.259411 ], [ -166.066737, 66.25768 ], [ -166.074228, 66.256557 ], [ -166.082955, 66.253621 ], [ -166.09511, 66.250483 ], [ -166.105527, 66.2472 ], [ -166.116685, 66.243788 ], [ -166.135859, 66.237999 ], [ -166.147513, 66.23265 ], [ -166.150203, 66.231006 ], [ -166.152216, 66.228409 ], [ -166.15723, 66.223071 ], [ -166.157661, 66.2227965 ], [ -166.1667491, 66.217008 ] ] ] } },
{ "type": "Feature", "properties": { "GEOID": "0236770", "NAME": "Kake city, Alaska", "population": 544.0 }, "geometry": { "type": "Polygon", "coordinates": [ [ [ -133.969557, 56.991169 ], [ -133.965991, 56.988579 ], [ -133.965516, 56.985471 ], [ -133.957197, 56.981975 ], [ -133.951493, 56.978996 ], [ -133.949591, 56.975758 ], [ -133.942936, 56.973426 ], [ -133.937708, 56.969928 ], [ -133.930815, 56.968244 ], [ -133.926061, 56.964357 ], [ -133.922496, 56.961765 ], [ -133.913702, 56.959303 ], [ -133.907284, 56.956582 ], [ -133.901818, 56.954119 ], [ -133.899203, 56.949582 ], [ -133.893261, 56.948416 ], [ -133.890409, 56.946601 ], [ -133.889221, 56.944138 ], [ -133.892786, 56.940767 ], [ -133.898015, 56.940119 ], [ -133.905145, 56.941804 ], [ -133.911325, 56.942063 ], [ -133.91798, 56.943879 ], [ -133.926299, 56.944008 ], [ -133.9280135, 56.9412026 ], [ -133.928438, 56.940508 ], [ -133.921308, 56.937007 ], [ -133.916316, 56.935451 ], [ -133.9118, 56.932338 ], [ -133.9104436, 56.931598 ], [ -133.9087499, 56.930674 ], [ -133.890453, 56.930675 ], [ -133.890477, 56.934652 ], [ -133.883841, 56.934626 ], [ -133.883287, 56.963554 ], [ -133.883274, 56.996213 ], [ -133.9780375, 56.9958949 ], [ -133.969557, 56.991169 ] ] ] } },
{ "type": "Feature", "properties": { "GEOID": "0209600", "NAME": "Buckland city, Alaska", "population": 496.0 }, "geometry": { "type": "Polygon", "coordinates": [ [ [ -161.151783, 65.976785 ], [ -161.151781, 65.971233 ], [ -161.11638, 65.971231 ], [ -161.116398, 65.985666 ], [ -161.151786, 65.98567 ], [ -161.151783, 65.976785 ] ] ] } },
{ "type": "Feature", "properties": { "GEOID": "0203550", "NAME": "Aniak city, Alaska", "population": 487.0 }, "geometry": { "type": "Polygon", "coordinates": [ [ [ -159.608164, 61.577756 ], [ -159.577869, 61.577712 ], [ -159.577934, 61.56327 ], [ -159.520033, 61.563192 ], [ -159.487388, 61.563138 ], [ -159.487378, 61.565619 ], [ -159.487343, 61.59202 ], [ -159.517187, 61.592064 ], [ -159.51714, 61.599284 ], [ -159.608087, 61.599418 ], [ -159.608164, 61.577756 ] ] ] } },
{ "type": "Feature", "properties": { "GEOID": "0212680", "NAME": "Chefornak city, Alaska", "population": 486.0 }, "geometry": { "type": "Polygon", "coordinates": [ [ [ -164.298343, 60.1406 ], [ -164.211526, 60.140601 ], [ -164.211604, 60.16949 ], [ -164.221913, 60.169493 ], [ -164.298344, 60.169489 ], [ -164.298343, 60.1406 ] ] ] } },
{ "type": "Feature", "properties": { "GEOID": "0252720", "NAME": "Napaskiak city, Alaska", "population": 486.0 }, "geometry": { "type": "Polygon", "coordinates": [ [ [ -161.795751, 60.689483 ], [ -161.736839, 60.689484 ], [ -161.736921, 60.719038 ], [ -161.745582, 60.718518 ], [ -161.757035, 60.717046 ], [ -161.765917, 60.712686 ], [ -161.770919, 60.709606 ], [ -161.774861, 60.708366 ], [ -161.777363, 60.706268 ], [ -161.789563, 60.703938 ], [ -161.795816, 60.703364 ], [ -161.795751, 60.689483 ] ] ] } },
{ "type": "Feature", "properties": { "GEOID": "0256320", "NAME": "Nuiqsut city, Alaska", "population": 481.0 }, "geometry": { "type": "Polygon", "coordinates": [ [ [ -151.052661, 70.191848 ], [ -150.926384, 70.191852 ], [ -150.926728, 70.227683 ], [ -150.926843, 70.235126 ], [ -151.052807, 70.235123 ], [ -151.052661, 70.191848 ] ] ] } },
{ "type": "Feature", "properties": { "GEOID": "0253710", "NAME": "New Stuyahok city, Alaska", "population": 477.0 }, "geometry": { "type": "Polygon", "coordinates": [ [ [ -157.356067, 59.495167 ], [ -157.35606, 59.432837 ], [ -157.185916, 59.432839 ], [ -157.185922, 59.519516 ], [ -157.356065, 59.519514 ], [ -157.356067, 59.495167 ] ] ] } },
{ "type": "Feature", "properties": { "GEOID": "0277140", "NAME": "Thorne Bay city, Alaska", "population": 477.0 }, "geometry": { "type": "Polygon", "coordinates": [ [ [ -132.643864, 55.68796 ], [ -132.643846, 55.684486 ], [ -132.628689, 55.684486 ], [ -132.624659, 55.684486 ], [ -132.624655, 55.677259 ], [ -132.567501, 55.677258 ], [ -132.567479, 55.67003 ], [ -132.554693, 55.670029 ], [ -132.554673, 55.662802 ], [ -132.541889, 55.662802 ], [ -132.541864, 55.651961 ], [ -132.529084, 55.65196 ], [ -132.528988, 55.6042411 ], [ -132.526828, 55.60421 ], [ -132.521155, 55.601746 ], [ -132.514641, 55.603262 ], [ -132.498328, 55.600954 ], [ -132.49892, 55.593889 ], [ -132.502275, 55.591295 ], [ -132.500352, 55.585291 ], [ -132.498758, 55.584422 ], [ -132.496356, 55.584933 ], [ -132.494041, 55.586816 ], [ -132.490602, 55.586743 ], [ -132.488064, 55.583893 ], [ -132.488036599999987, 55.5833011 ], [ -132.478146, 55.583302 ], [ -132.478158, 55.601369 ], [ -132.452629, 55.60137 ], [ -132.4526311, 55.6147434 ], [ -132.453873, 55.614276 ], [ -132.455774, 55.615282 ], [ -132.456844, 55.616826 ], [ -132.455774, 55.6179 ], [ -132.456012, 55.619376 ], [ -132.455774, 55.622262 ], [ -132.45625, 55.625348 ], [ -132.455774, 55.628032 ], [ -132.453635, 55.628971 ], [ -132.452629, 55.6300008 ], [ -132.452629, 55.630147 ], [ -132.47179, 55.630147 ], [ -132.471794, 55.637374 ], [ -132.478182, 55.637373 ], [ -132.478211, 55.677125 ], [ -132.491, 55.677125 ], [ -132.491046, 55.720491 ], [ -132.516419, 55.720491 ], [ -132.516407, 55.713263 ], [ -132.522807, 55.713263 ], [ -132.522801, 55.709649 ], [ -132.542, 55.709649 ], [ -132.541983, 55.702553 ], [ -132.529186, 55.702553 ], [ -132.529171, 55.695194 ], [ -132.554993, 55.695194 ], [ -132.555022, 55.706035 ], [ -132.580619, 55.706035 ], [ -132.580667, 55.72049 ], [ -132.631199, 55.720556 ], [ -132.63119, 55.709714 ], [ -132.643987, 55.709716 ], [ -132.643864, 55.68796 ] ] ] } },
{ "type": "Feature", "properties": { "GEOID": "0247000", "NAME": "Marshall city, Alaska", "population": 468.0 }, "geometry": { "type": "Polygon", "coordinates": [ [ [ -162.089406, 61.879633 ], [ -162.082318, 61.873524 ], [ -162.075978, 61.869523 ], [ -162.071068, 61.866883 ], [ -162.059056, 61.863654 ], [ -162.054337, 61.859281 ], [ -162.016421, 61.859286 ], [ -162.016423, 61.888168 ], [ -162.092286, 61.888161 ], [ -162.089406, 61.879633 ] ] ] } },
{ "type": "Feature", "properties": { "GEOID": "0246890", "NAME": "Manokotak city, Alaska", "population": 451.0 }, "geometry": { "type": "MultiPolygon", "coordinates": [ [ [ [ -158.808307, 58.782705 ], [ -158.7784121, 58.7827099 ], [ -158.780661, 58.786396 ], [ -158.78713, 58.790728 ], [ -158.788814, 58.798317 ], [ -158.79409, 58.803205 ], [ -158.795398, 58.806282 ], [ -158.795754, 58.809791 ], [ -158.794955099999981, 58.811600899999988 ], [ -158.808402, 58.8116 ], [ -158.808307, 58.782705 ] ] ], [ [ [ -158.947158, 58.753807 ], [ -158.919355, 58.753808 ], [ -158.919235, 58.681568 ], [ -158.881249, 58.681568 ], [ -158.881155, 58.652672 ], [ -158.853432, 58.652672 ], [ -158.853292, 58.59488 ], [ -158.825615, 58.59488 ], [ -158.825569, 58.565984 ], [ -158.797915, 58.565984 ], [ -158.797904, 58.551536 ], [ -158.775734699999987, 58.5515389 ], [ -158.775766, 58.551641 ], [ -158.78258, 58.554291 ], [ -158.788604, 58.564309 ], [ -158.804812, 58.581808 ], [ -158.823457, 58.613349 ], [ -158.829013, 58.618898 ], [ -158.833342, 58.623874 ], [ -158.835054, 58.629551 ], [ -158.835273, 58.633805 ], [ -158.834514, 58.63926 ], [ -158.835877, 58.644107 ], [ -158.839695, 58.651727 ], [ -158.848649, 58.662344 ], [ -158.850457, 58.671635 ], [ -158.855597, 58.678528 ], [ -158.86069, 58.689459 ], [ -158.866118, 58.695714 ], [ -158.876785, 58.70156 ], [ -158.88276, 58.708525 ], [ -158.891702, 58.709261 ], [ -158.897686, 58.71587 ], [ -158.901953, 58.728428 ], [ -158.904778, 58.747004 ], [ -158.89742, 58.751589 ], [ -158.885445, 58.749923 ], [ -158.880598, 58.740057 ], [ -158.873973, 58.729405 ], [ -158.863743, 58.7262757 ], [ -158.863751, 58.768256 ], [ -158.906306, 58.768259 ], [ -158.905109, 58.770198 ], [ -158.901193, 58.774362 ], [ -158.898136, 58.776633 ], [ -158.891583, 58.779778 ], [ -158.891578, 58.782704 ], [ -158.918686, 58.782696 ], [ -158.922948, 58.781619 ], [ -158.942314, 58.779061 ], [ -158.947247, 58.777601 ], [ -158.947158, 58.753807 ] ] ], [ [ [ -159.091722, 58.96154 ], [ -158.923315, 58.96145 ], [ -158.923338, 58.956074 ], [ -158.808877, 58.956076 ], [ -158.808829, 58.941628 ], [ -158.780876, 58.941629 ], [ -158.780768, 58.898286 ], [ -158.808687, 58.898286 ], [ -158.808628, 58.880227 ], [ -158.776999, 58.880204 ], [ -158.776935499999979, 58.8800229 ], [ -158.771818, 58.881873 ], [ -158.765121, 58.8811468 ], [ -158.764357, 58.881064 ], [ -158.75927, 58.877362 ], [ -158.74541, 58.874366 ], [ -158.736202, 58.873023 ], [ -158.728833, 58.872593 ], [ -158.724909199999985, 58.8728559 ], [ -158.724969, 58.941629 ], [ -158.752922, 58.941629 ], [ -158.752964, 58.966396 ], [ -158.752971, 58.970524 ], [ -158.763278, 58.970527 ], [ -158.78056, 58.97053 ], [ -158.836901, 58.970523 ], [ -158.836961, 58.98497 ], [ -158.92321, 58.984883 ], [ -158.922927, 59.047827 ], [ -159.091761, 59.047917 ], [ -159.091722, 58.96154 ] ] ] ] } },
{ "type": "Feature", "properties": { "GEOID": "0227530", "NAME": "Galena city, Alaska", "population": 450.0 }, "geometry": { "type": "Polygon", "coordinates": [ [ [ -157.00397, 64.744424 ], [ -156.997477, 64.744424 ], [ -156.993211, 64.744424 ], [ -156.993212, 64.744341 ], [ -156.993172, 64.715464 ], [ -156.747617, 64.715469 ], [ -156.727816, 64.715469 ], [ -156.727894, 64.7279 ], [ -156.727998, 64.744428 ], [ -156.733641, 64.744428 ], [ -156.733642, 64.758864 ], [ -156.851975, 64.758862 ], [ -156.852023, 64.769689 ], [ -156.885846, 64.769688 ], [ -156.885784, 64.758862 ], [ -157.004008, 64.758859 ], [ -157.00397, 64.744424 ] ] ] } },
{ "type": "Feature", "properties": { "GEOID": "0266360", "NAME": "St. Michael city, Alaska", "population": 444.0 }, "geometry": { "type": "MultiPolygon", "coordinates": [ [ [ [ -162.013913, 63.491479 ], [ -162.01172, 63.490985 ], [ -162.010108, 63.490635 ], [ -162.008389, 63.490953 ], [ -162.006714, 63.491271 ], [ -162.003477, 63.491228 ], [ -162.000246, 63.490915 ], [ -161.998015, 63.490673 ], [ -161.997302, 63.4904 ], [ -161.996628, 63.490907 ], [ -161.997467, 63.491293 ], [ -162.001254, 63.491635 ], [ -162.003208, 63.492505 ], [ -162.004334, 63.493297 ], [ -162.005752, 63.49366 ], [ -162.00724, 63.493446 ], [ -162.009019, 63.493597 ], [ -162.01091, 63.493558 ], [ -162.012899, 63.492907 ], [ -162.013913, 63.491479 ] ] ], [ [ [ -162.233695, 63.416183 ], [ -162.137431, 63.416195 ], [ -162.1374698, 63.4290104 ], [ -162.138494, 63.42898 ], [ -162.144079, 63.429299 ], [ -162.149665, 63.429937 ], [ -162.155844, 63.433445 ], [ -162.154656, 63.434136 ], [ -162.150021, 63.434136 ], [ -162.144079, 63.434455 ], [ -162.136236, 63.435305 ], [ -162.132552, 63.436687 ], [ -162.131958, 63.437431 ], [ -162.127917, 63.437803 ], [ -162.125065, 63.438919 ], [ -162.124471, 63.439769 ], [ -162.120668, 63.441416 ], [ -162.118648, 63.442054 ], [ -162.116271, 63.44216 ], [ -162.114488, 63.441682 ], [ -162.110329, 63.442744 ], [ -162.102842, 63.443169 ], [ -162.096470399999987, 63.4422198 ], [ -162.096425, 63.442213 ], [ -162.09179, 63.442585 ], [ -162.090126, 63.443648 ], [ -162.08657, 63.4450562 ], [ -162.085967, 63.445295 ], [ -162.081094, 63.447685 ], [ -162.07848, 63.449651 ], [ -162.078361, 63.451722 ], [ -162.08025, 63.451902 ], [ -162.08157, 63.453581 ], [ -162.081688, 63.456449 ], [ -162.08561, 63.459211 ], [ -162.086798, 63.462078 ], [ -162.085254, 63.463246 ], [ -162.085135, 63.46468 ], [ -162.082045, 63.466113 ], [ -162.078361, 63.466909 ], [ -162.0723, 63.466803 ], [ -162.066715, 63.466166 ], [ -162.056613, 63.461547 ], [ -162.052216, 63.458945 ], [ -162.053523, 63.457511 ], [ -162.054593, 63.455759 ], [ -162.052335, 63.4539 ], [ -162.044729, 63.451244 ], [ -162.040332, 63.453263 ], [ -162.042352, 63.454644 ], [ -162.04259, 63.45629 ], [ -162.039619, 63.458361 ], [ -162.042709, 63.458149 ], [ -162.044254, 63.457511 ], [ -162.045442, 63.45783 ], [ -162.045561, 63.45852 ], [ -162.046631, 63.459848 ], [ -162.046036, 63.461972 ], [ -162.046036, 63.463618 ], [ -162.044373, 63.464414 ], [ -162.045025, 63.465305 ], [ -162.043432, 63.466804 ], [ -162.04346, 63.467324 ], [ -162.046631, 63.467918 ], [ -162.048714, 63.468343 ], [ -162.050543, 63.470589 ], [ -162.048413, 63.471209 ], [ -162.048736, 63.474205 ], [ -162.047018, 63.475945 ], [ -162.044551, 63.477001 ], [ -162.042872, 63.476883 ], [ -162.040888, 63.477144 ], [ -162.036505, 63.477667 ], [ -162.034602, 63.477347 ], [ -162.034998, 63.476293 ], [ -162.034161, 63.476046 ], [ -162.031413, 63.476331 ], [ -162.028216, 63.476442 ], [ -162.025952, 63.476929 ], [ -162.026239, 63.477377 ], [ -162.027918, 63.478006 ], [ -162.027288, 63.479415 ], [ -162.025101, 63.480461 ], [ -162.022859, 63.480856 ], [ -162.019818, 63.480601 ], [ -162.020311, 63.479562 ], [ -162.018322, 63.480037 ], [ -162.017234, 63.480669 ], [ -162.016324, 63.481361 ], [ -162.016272, 63.482876 ], [ -162.014294, 63.484563 ], [ -162.012807, 63.48482 ], [ -162.010145, 63.484537 ], [ -162.007739, 63.483842 ], [ -162.006093, 63.484318 ], [ -162.008021, 63.485491 ], [ -162.011075, 63.486372 ], [ -162.014403, 63.486989 ], [ -162.016186, 63.48627 ], [ -162.019469, 63.485838 ], [ -162.023415, 63.485688 ], [ -162.027237, 63.485812 ], [ -162.03253, 63.486325 ], [ -162.03995, 63.487506 ], [ -162.046818, 63.489206 ], [ -162.051395, 63.490613 ], [ -162.05899, 63.49307 ], [ -162.058607, 63.494176 ], [ -162.059217, 63.494998 ], [ -162.061175, 63.496692 ], [ -162.067784, 63.498867 ], [ -162.068091, 63.500555 ], [ -162.070517, 63.500388 ], [ -162.072538, 63.499646 ], [ -162.075033, 63.499487 ], [ -162.07741, 63.498532 ], [ -162.07943, 63.498797 ], [ -162.083114, 63.499434 ], [ -162.085016, 63.499115 ], [ -162.087155, 63.500017 ], [ -162.088938, 63.502191 ], [ -162.088819, 63.504683 ], [ -162.085491, 63.505743 ], [ -162.08359, 63.506697 ], [ -162.078955, 63.50675 ], [ -162.07741, 63.50622 ], [ -162.07432, 63.505849 ], [ -162.071737, 63.506451 ], [ -162.07197, 63.507651 ], [ -162.072893, 63.507752 ], [ -162.076282, 63.508522 ], [ -162.077598, 63.510054 ], [ -162.076677, 63.510824 ], [ -162.075253, 63.512867 ], [ -162.077127, 63.513042 ], [ -162.078073, 63.511787 ], [ -162.082044, 63.511805 ], [ -162.086895, 63.512491 ], [ -162.091714, 63.512207 ], [ -162.09507, 63.513193 ], [ -162.095117, 63.511521 ], [ -162.097494, 63.50956 ], [ -162.101891, 63.508818 ], [ -162.105219, 63.509295 ], [ -162.10819, 63.510196 ], [ -162.108784, 63.51115 ], [ -162.105674, 63.512079 ], [ -162.106679, 63.512873 ], [ -162.110076, 63.5124 ], [ -162.111085, 63.511029 ], [ -162.116392, 63.511128 ], [ -162.12449, 63.511695 ], [ -162.129926, 63.512721 ], [ -162.131742, 63.512457 ], [ -162.141325, 63.513772 ], [ -162.153357, 63.516045 ], [ -162.159883, 63.517926 ], [ -162.163499, 63.519618 ], [ -162.163528, 63.520831 ], [ -162.161682, 63.521609 ], [ -162.159379, 63.523572 ], [ -162.157555, 63.52721 ], [ -162.159332, 63.527716 ], [ -162.161369, 63.528165 ], [ -162.162737, 63.528478 ], [ -162.164025, 63.527329 ], [ -162.165948, 63.527135 ], [ -162.1701488, 63.5270091 ], [ -162.16978, 63.445061 ], [ -162.233745, 63.445069 ], [ -162.233695, 63.416183 ] ] ] ] } },
{ "type": "Feature", "properties": { "GEOID": "0200870", "NAME": "Akiak city, Alaska", "population": 443.0 }, "geometry": { "type": "Polygon", "coordinates": [ [ [ -161.234412, 60.896238 ], [ -161.234396, 60.891696 ], [ -161.189932, 60.891695 ], [ -161.19004, 60.920581 ], [ -161.221822, 60.920583 ], [ -161.23455, 60.920581 ], [ -161.234412, 60.896238 ] ] ] } },
{ "type": "Feature", "properties": { "GEOID": "0208740", "NAME": "Brevig Mission city, Alaska", "population": 421.0 }, "geometry": { "type": "Polygon", "coordinates": [ [ [ -166.5330439, 65.3367143 ], [ -166.531098, 65.336594 ], [ -166.518622, 65.335546 ], [ -166.508313099999981, 65.3340991 ], [ -166.487204, 65.331151 ], [ -166.473313, 65.32864 ], [ -166.463904, 65.326663 ], [ -166.464001, 65.350513 ], [ -166.533136, 65.350511 ], [ -166.5330439, 65.3367143 ] ] ] } },
{ "type": "Feature", "properties": { "GEOID": "0266470", "NAME": "St. Paul city, Alaska", "population": 418.0 }, "geometry": { "type": "Polygon", "coordinates": [ [ [ -170.420517, 57.161122 ], [ -170.417783, 57.160284 ], [ -170.415763, 57.15951 ], [ -170.413743, 57.159768 ], [ -170.411366, 57.160413 ], [ -170.409227, 57.160348 ], [ -170.406612, 57.160542 ], [ -170.403523, 57.160026 ], [ -170.400908, 57.159961 ], [ -170.396749, 57.159381 ], [ -170.395085, 57.158995 ], [ -170.393302, 57.159381 ], [ -170.391757, 57.159317 ], [ -170.390094, 57.15835 ], [ -170.3898174, 57.1582167 ], [ -170.387955, 57.157319 ], [ -170.383914, 57.156739 ], [ -170.377497, 57.156159 ], [ -170.368702, 57.156095 ], [ -170.36700159999998, 57.1562265 ], [ -170.366207, 57.156288 ], [ -170.3648839, 57.1560661 ], [ -170.359671, 57.155192 ], [ -170.356499099999979, 57.154701 ], [ -170.355511, 57.154548 ], [ -170.354204, 57.153258 ], [ -170.354442, 57.150809 ], [ -170.355274, 57.149262 ], [ -170.354917, 57.147715 ], [ -170.352065, 57.1452 ], [ -170.351233, 57.143911 ], [ -170.347905, 57.143975 ], [ -170.344459, 57.144169 ], [ -170.3426455, 57.1446186 ], [ -170.3403, 57.1452 ], [ -170.337566, 57.146361 ], [ -170.33614, 57.148166 ], [ -170.33614, 57.1488623 ], [ -170.33614, 57.149455 ], [ -170.335427, 57.150164 ], [ -170.335308, 57.15126 ], [ -170.333764, 57.151969 ], [ -170.331862, 57.152034 ], [ -170.328772, 57.151776 ], [ -170.325326, 57.152034 ], [ -170.322711, 57.152678 ], [ -170.319146, 57.153323 ], [ -170.315819, 57.153645 ], [ -170.313085, 57.153452 ], [ -170.308926, 57.153001 ], [ -170.307856, 57.153581 ], [ -170.304767, 57.153001 ], [ -170.302746, 57.153323 ], [ -170.301439, 57.153194 ], [ -170.298825, 57.152034 ], [ -170.294784, 57.1501 ], [ -170.292051, 57.148037 ], [ -170.289555, 57.145652 ], [ -170.287773, 57.144104 ], [ -170.286941, 57.142492 ], [ -170.286941, 57.141138 ], [ -170.288129, 57.140042 ], [ -170.2886155, 57.1398797 ], [ -170.291219, 57.139011 ], [ -170.295616, 57.13785 ], [ -170.298349, 57.137785 ], [ -170.300132, 57.136625 ], [ -170.2995732, 57.1360184 ], [ -170.299555799999979, 57.1359995 ], [ -170.299419, 57.135851 ], [ -170.295497, 57.134496 ], [ -170.289317, 57.132497 ], [ -170.28599, 57.131594 ], [ -170.288486, 57.128627 ], [ -170.2883311, 57.1282667 ], [ -170.2878083, 57.1270509 ], [ -170.287654, 57.126692 ], [ -170.286346, 57.124564 ], [ -170.286346, 57.123531 ], [ -170.286941, 57.121661 ], [ -170.284445, 57.119467 ], [ -170.2837442, 57.1190864 ], [ -170.282425, 57.11837 ], [ -170.27981, 57.117983 ], [ -170.2797401, 57.1179113 ], [ -170.278741, 57.116886 ], [ -170.279216, 57.11566 ], [ -170.280642, 57.114434 ], [ -170.2829, 57.113273 ], [ -170.286109, 57.111853 ], [ -170.28801, 57.111789 ], [ -170.290268, 57.112434 ], [ -170.293596, 57.112434 ], [ -170.296923, 57.111014 ], [ -170.299419, 57.109853 ], [ -170.301083, 57.10882 ], [ -170.299894, 57.1074 ], [ -170.298349, 57.107013 ], [ -170.296684, 57.1071081 ], [ -170.296091, 57.107142 ], [ -170.293952, 57.107271 ], [ -170.291694, 57.10753 ], [ -170.289436, 57.10753 ], [ -170.287297, 57.108562 ], [ -170.285752, 57.109272 ], [ -170.283613, 57.109982 ], [ -170.281712, 57.110885 ], [ -170.279929, 57.112047 ], [ -170.27779, 57.113208 ], [ -170.276007, 57.114112 ], [ -170.273512, 57.116048 ], [ -170.272086, 57.117532 ], [ -170.270541, 57.119338 ], [ -170.270184, 57.120693 ], [ -170.269709, 57.122177 ], [ -170.268402, 57.122822 ], [ -170.268283, 57.123531 ], [ -170.266619, 57.124306 ], [ -170.265312, 57.124951 ], [ -170.263648, 57.125273 ], [ -170.261984, 57.124886 ], [ -170.260321, 57.124435 ], [ -170.25937, 57.125402 ], [ -170.257825, 57.12695 ], [ -170.256874, 57.128756 ], [ -170.256755, 57.129982 ], [ -170.2588605, 57.1311761 ], [ -170.25937, 57.131465 ], [ -170.260083, 57.132626 ], [ -170.261509, 57.133271 ], [ -170.261865, 57.134367 ], [ -170.261034, 57.135528 ], [ -170.260083, 57.136625 ], [ -170.258538, 57.138108 ], [ -170.256858699999981, 57.1392723 ], [ -170.256399, 57.139591 ], [ -170.254854, 57.140558 ], [ -170.254272599999979, 57.1407232 ], [ -170.252358, 57.141267 ], [ -170.250932, 57.142235 ], [ -170.248199, 57.143266 ], [ -170.244752, 57.144362 ], [ -170.24095, 57.145265 ], [ -170.236315, 57.146296 ], [ -170.234400199999982, 57.1466957 ], [ -170.233225, 57.146941 ], [ -170.229897, 57.147328 ], [ -170.226451, 57.147392 ], [ -170.222173, 57.147328 ], [ -170.219677, 57.147457 ], [ -170.216706, 57.146683 ], [ -170.214924, 57.146554 ], [ -170.2136333, 57.1469851 ], [ -170.213379, 57.14707 ], [ -170.212428, 57.148037 ], [ -170.211121, 57.149842 ], [ -170.209695, 57.151776 ], [ -170.207556, 57.153258 ], [ -170.203159, 57.155386 ], [ -170.199593, 57.156868 ], [ -170.196385, 57.157835 ], [ -170.192344, 57.158544 ], [ -170.187115, 57.159124 ], [ -170.182837, 57.159897 ], [ -170.182193499999983, 57.1601386 ], [ -170.179747, 57.161057 ], [ -170.178083, 57.161315 ], [ -170.177598499999988, 57.1611835 ], [ -170.176657, 57.160928 ], [ -170.174399, 57.160864 ], [ -170.173805, 57.162475 ], [ -170.171666, 57.164021 ], [ -170.168814, 57.166083 ], [ -170.1675406, 57.1673601 ], [ -170.166437, 57.168467 ], [ -170.16406, 57.170594 ], [ -170.162396, 57.171947 ], [ -170.160376, 57.173299 ], [ -170.15895, 57.175168 ], [ -170.159544, 57.177809 ], [ -170.159912099999985, 57.1789727 ], [ -170.160257, 57.180063 ], [ -170.161683, 57.182124 ], [ -170.161921, 57.184829 ], [ -170.161089, 57.187341 ], [ -170.16002, 57.189337 ], [ -170.159188, 57.191398 ], [ -170.1589616, 57.1925 ], [ -170.158831, 57.193136 ], [ -170.1580381, 57.1943469 ], [ -170.157524, 57.195132 ], [ -170.156454, 57.197386 ], [ -170.154672, 57.199704 ], [ -170.152533, 57.202278 ], [ -170.15075, 57.205368 ], [ -170.148611, 57.208329 ], [ -170.145878, 57.211933 ], [ -170.142669, 57.215666 ], [ -170.139817, 57.218368 ], [ -170.137202, 57.220877 ], [ -170.134231, 57.223901 ], [ -170.132092, 57.226024 ], [ -170.128884, 57.227826 ], [ -170.125437, 57.229627 ], [ -170.123179, 57.230527 ], [ -170.119614, 57.231942 ], [ -170.11795, 57.232457 ], [ -170.115217, 57.232521 ], [ -170.113078, 57.232071 ], [ -170.11189, 57.231235 ], [ -170.110701, 57.232135 ], [ -170.110463, 57.233229 ], [ -170.109632, 57.234001 ], [ -170.108443, 57.234901 ], [ -170.108205, 57.235994 ], [ -170.107255, 57.236766 ], [ -170.105591, 57.236959 ], [ -170.105116, 57.236702 ], [ -170.103333, 57.237216 ], [ -170.100481, 57.237924 ], [ -170.098698, 57.238052 ], [ -170.098223, 57.238888 ], [ -170.100124, 57.239081 ], [ -170.102145, 57.239531 ], [ -170.102858, 57.240303 ], [ -170.10262, 57.241268 ], [ -170.100719, 57.242875 ], [ -170.09953, 57.243904 ], [ -170.099174, 57.244997 ], [ -170.097629, 57.245769 ], [ -170.097748, 57.247248 ], [ -170.097748, 57.248598 ], [ -170.098104, 57.249498 ], [ -170.099649, 57.249433 ], [ -170.102263, 57.249626 ], [ -170.103571, 57.249112 ], [ -170.107136, 57.248598 ], [ -170.109632, 57.248662 ], [ -170.111176, 57.248405 ], [ -170.114147, 57.249048 ], [ -170.1154622, 57.2489186 ], [ -170.120684, 57.248405 ], [ -170.123179, 57.247055 ], [ -170.12306, 57.245319 ], [ -170.122466, 57.244483 ], [ -170.121872, 57.243068 ], [ -170.122823, 57.241589 ], [ -170.125437, 57.241139 ], [ -170.126626, 57.24056 ], [ -170.126626, 57.238953 ], [ -170.127933, 57.237731 ], [ -170.126863, 57.236637 ], [ -170.126863, 57.2360006 ], [ -170.126863, 57.235094 ], [ -170.129597, 57.233164 ], [ -170.134707, 57.231042 ], [ -170.1428349, 57.22805 ], [ -170.14362, 57.227761 ], [ -170.15277, 57.224931 ], [ -170.161089, 57.223322 ], [ -170.16917, 57.221971 ], [ -170.174993, 57.220556 ], [ -170.185095, 57.218883 ], [ -170.197335, 57.216502 ], [ -170.208506, 57.215215 ], [ -170.214261099999987, 57.214211199999987 ], [ -170.215518, 57.213992 ], [ -170.224074, 57.211804 ], [ -170.231918, 57.21071 ], [ -170.2384066, 57.2101917 ], [ -170.239167, 57.210131 ], [ -170.247367, 57.209616 ], [ -170.261747, 57.209681 ], [ -170.272918, 57.21026 ], [ -170.279691, 57.210968 ], [ -170.284445, 57.211225 ], [ -170.286109, 57.211997 ], [ -170.287416, 57.213156 ], [ -170.290149, 57.214636 ], [ -170.293001, 57.215537 ], [ -170.295972, 57.216438 ], [ -170.297755, 57.217596 ], [ -170.299062, 57.218561 ], [ -170.302509, 57.219012 ], [ -170.304875, 57.2189285 ], [ -170.307975, 57.218819 ], [ -170.313204, 57.218239 ], [ -170.31879, 57.216953 ], [ -170.321167, 57.216052 ], [ -170.322269799999987, 57.2156218 ], [ -170.324138, 57.214893 ], [ -170.325564, 57.213799 ], [ -170.33103, 57.21277 ], [ -170.333882, 57.212255 ], [ -170.338755, 57.209874 ], [ -170.340537, 57.209874 ], [ -170.342201, 57.208007 ], [ -170.346479, 57.205626 ], [ -170.35052, 57.204467 ], [ -170.353729, 57.204596 ], [ -170.356343, 57.203759 ], [ -170.358363, 57.203502 ], [ -170.36074, 57.203566 ], [ -170.363949, 57.202987 ], [ -170.365969, 57.203115 ], [ -170.369297, 57.203308 ], [ -170.372981, 57.20363 ], [ -170.376902, 57.203308 ], [ -170.379517, 57.203566 ], [ -170.381062, 57.204338 ], [ -170.382607, 57.205754 ], [ -170.3856706, 57.207031 ], [ -170.385697, 57.207042 ], [ -170.38843, 57.20717 ], [ -170.390688, 57.206591 ], [ -170.391876, 57.205754 ], [ -170.394491, 57.204982 ], [ -170.396511, 57.204853 ], [ -170.400433, 57.203566 ], [ -170.4020602, 57.2021805 ], [ -170.402096, 57.20215 ], [ -170.404473, 57.199382 ], [ -170.40685, 57.197064 ], [ -170.40994, 57.195197 ], [ -170.413386, 57.193716 ], [ -170.416714, 57.191784 ], [ -170.416833, 57.19011 ], [ -170.41612, 57.188758 ], [ -170.415525, 57.186826 ], [ -170.415763, 57.184701 ], [ -170.416951, 57.182897 ], [ -170.419091, 57.180836 ], [ -170.418496, 57.179548 ], [ -170.418378, 57.176456 ], [ -170.418496, 57.174652 ], [ -170.419447, 57.173106 ], [ -170.42123, 57.171689 ], [ -170.42123, 57.169434 ], [ -170.418496, 57.167759 ], [ -170.41814, 57.166212 ], [ -170.41814, 57.165117 ], [ -170.42016, 57.16357 ], [ -170.421467, 57.161766 ], [ -170.420517, 57.161122 ] ] ] } },
{ "type": "Feature", "properties": { "GEOID": "0239300", "NAME": "Kiana city, Alaska", "population": 408.0 }, "geometry": { "type": "Polygon", "coordinates": [ [ [ -160.438761, 66.968444 ], [ -160.435412, 66.969203 ], [ -160.428894, 66.970991 ], [ -160.426589, 66.972106 ], [ -160.420825, 66.97427 ], [ -160.418907, 66.975564 ], [ -160.448091, 66.973953 ], [ -160.438761, 66.968444 ] ] ] } },
{ "type": "Feature", "properties": { "GEOID": "0226760", "NAME": "Fort Yukon city, Alaska", "population": 405.0 }, "geometry": { "type": "Polygon", "coordinates": [ [ [ -145.316864, 66.583825 ], [ -145.311798, 66.581291 ], [ -145.314179, 66.576731 ], [ -145.300298, 66.575117 ], [ -145.288848, 66.572121 ], [ -145.287102, 66.570086 ], [ -145.279015, 66.564866 ], [ -145.275783, 66.563475 ], [ -145.266933, 66.561806 ], [ -145.257228, 66.562766 ], [ -145.239021, 66.561907 ], [ -145.21998, 66.559497 ], [ -145.216147, 66.558619 ], [ -145.216147, 66.561629 ], [ -145.211372, 66.56163 ], [ -145.211379, 66.563816 ], [ -145.193668, 66.563823 ], [ -145.187923, 66.576906 ], [ -145.193156, 66.57651 ], [ -145.198948, 66.578846 ], [ -145.200881, 66.583541 ], [ -145.197715, 66.586137 ], [ -145.183224, 66.588727 ], [ -145.178231, 66.59149 ], [ -145.178431, 66.593668 ], [ -145.188355, 66.599402 ], [ -145.195329, 66.601804 ], [ -145.198852, 66.605785 ], [ -145.199651, 66.608288 ], [ -145.208717, 66.608887 ], [ -145.217632, 66.605411 ], [ -145.223252, 66.597159 ], [ -145.226861, 66.594991 ], [ -145.236274, 66.590962 ], [ -145.243422, 66.588594 ], [ -145.253512, 66.58782 ], [ -145.267526, 66.588776 ], [ -145.281154, 66.590954 ], [ -145.292185, 66.591011 ], [ -145.299064, 66.59231 ], [ -145.310038, 66.592928 ], [ -145.315061, 66.59056 ], [ -145.317964, 66.587706 ], [ -145.316864, 66.583825 ] ] ] } },
{ "type": "Feature", "properties": { "GEOID": "0265700", "NAME": "Russian Mission city, Alaska", "population": 402.0 }, "geometry": { "type": "Polygon", "coordinates": [ [ [ -161.39224, 61.765427 ], [ -161.325527, 61.765593 ], [ -161.31888, 61.768535 ], [ -161.315753, 61.770664 ], [ -161.314297, 61.773688 ], [ -161.314681, 61.778151 ], [ -161.318879, 61.787468 ], [ -161.322876, 61.791134 ], [ -161.3289, 61.793439 ], [ -161.327817, 61.795613 ], [ -161.329329, 61.796701 ], [ -161.337455, 61.798627 ], [ -161.342687, 61.798222 ], [ -161.350346, 61.800067 ], [ -161.352782, 61.801531 ], [ -161.392313, 61.80153 ], [ -161.39224, 61.765427 ] ] ] } },
{ "type": "Feature", "properties": { "GEOID": "0202080", "NAME": "Anaktuvuk Pass city, Alaska", "population": 401.0 }, "geometry": { "type": "Polygon", "coordinates": [ [ [ -151.721477, 68.126743 ], [ -151.653574, 68.14899 ], [ -151.683169, 68.161535 ], [ -151.710829, 68.173246 ], [ -151.778747, 68.150975 ], [ -151.721477, 68.126743 ] ] ] } },
{ "type": "Feature", "properties": { "GEOID": "0239960", "NAME": "Kivalina city, Alaska", "population": 399.0 }, "geometry": { "type": "Polygon", "coordinates": [ [ [ -164.575089, 67.740158 ], [ -164.565642, 67.736077 ], [ -164.557903, 67.732921 ], [ -164.551035, 67.730546 ], [ -164.541781, 67.727098 ], [ -164.534804, 67.724404 ], [ -164.530267, 67.723411 ], [ -164.522661, 67.72197 ], [ -164.513154, 67.720167 ], [ -164.502253, 67.717678 ], [ -164.488409, 67.713963 ], [ -164.4840441, 67.7129816 ], [ -164.459647, 67.723236 ], [ -164.550061, 67.754168 ], [ -164.5792304, 67.7418938 ], [ -164.575089, 67.740158 ] ] ] } },
{ "type": "Feature", "properties": { "GEOID": "0224660", "NAME": "False Pass city, Alaska", "population": 398.0 }, "geometry": { "type": "MultiPolygon", "coordinates": [ [ [ [ -163.322261, 54.745139 ], [ -163.184979, 54.74512 ], [ -163.184979, 54.774036 ], [ -163.188030699999985, 54.7751923 ], [ -163.188953, 54.774554 ], [ -163.189785, 54.772977 ], [ -163.19026, 54.771606 ], [ -163.191567, 54.769138 ], [ -163.193112, 54.767698 ], [ -163.195846, 54.76619 ], [ -163.200837, 54.764956 ], [ -163.202738, 54.763173 ], [ -163.205234, 54.762351 ], [ -163.209631, 54.761185 ], [ -163.213553, 54.759813 ], [ -163.215217, 54.757962 ], [ -163.219257, 54.756522 ], [ -163.222941, 54.755356 ], [ -163.227695, 54.754876 ], [ -163.230309, 54.754533 ], [ -163.232686, 54.75515 ], [ -163.23435, 54.756385 ], [ -163.237677, 54.757893 ], [ -163.24148, 54.758716 ], [ -163.246115, 54.758648 ], [ -163.250156, 54.757688 ], [ -163.25384, 54.755836 ], [ -163.255384, 54.753779 ], [ -163.259306, 54.752681 ], [ -163.266318, 54.752544 ], [ -163.27226, 54.752613 ], [ -163.276181, 54.753299 ], [ -163.279865, 54.753642 ], [ -163.284976, 54.752133 ], [ -163.287709, 54.751241 ], [ -163.291036, 54.751035 ], [ -163.296265, 54.750075 ], [ -163.298405, 54.751447 ], [ -163.303871, 54.751584 ], [ -163.308031, 54.752339 ], [ -163.311596, 54.75323 ], [ -163.313259, 54.753299 ], [ -163.314804, 54.752544 ], [ -163.316944, 54.75131 ], [ -163.319083, 54.750487 ], [ -163.321935, 54.750487 ], [ -163.3221672, 54.7505406 ], [ -163.322261, 54.745139 ] ] ], [ [ [ -163.384769, 54.853534 ], [ -163.38723, 54.850433 ], [ -163.379302, 54.849566 ], [ -163.375498, 54.843871 ], [ -163.37027, 54.837796 ], [ -163.369557, 54.832731 ], [ -163.361951, 54.824243 ], [ -163.362664, 54.819724 ], [ -163.362427, 54.815068 ], [ -163.357198, 54.810822 ], [ -163.352997, 54.810174 ], [ -163.342224, 54.80863 ], [ -163.333667, 54.809178 ], [ -163.322734, 54.807671 ], [ -163.317268, 54.808219 ], [ -163.31085, 54.812054 ], [ -163.30944, 54.814249 ], [ -163.302056, 54.816848 ], [ -163.3027892, 54.8174289 ], [ -163.359361, 54.817406 ], [ -163.359389, 54.860777 ], [ -163.31028, 54.860781 ], [ -163.310418, 54.90415 ], [ -163.28533, 54.904152 ], [ -163.285406, 54.933064 ], [ -163.3456632, 54.933064 ], [ -163.345698, 54.932992 ], [ -163.346133, 54.92616 ], [ -163.34328, 54.921789 ], [ -163.336739, 54.91749 ], [ -163.323685, 54.914238 ], [ -163.316317, 54.907817 ], [ -163.320699, 54.903722 ], [ -163.321308, 54.901394 ], [ -163.319161, 54.899026 ], [ -163.319134, 54.897153 ], [ -163.322021, 54.894013 ], [ -163.324873, 54.889229 ], [ -163.318885, 54.88012 ], [ -163.323685, 54.87542 ], [ -163.33624, 54.87233 ], [ -163.339862, 54.871214 ], [ -163.342937, 54.873368 ], [ -163.346978, 54.872548 ], [ -163.350759, 54.867856 ], [ -163.365758, 54.863233 ], [ -163.372172, 54.85969 ], [ -163.378114, 54.858322 ], [ -163.384056, 54.859143 ], [ -163.387309, 54.857454 ], [ -163.384769, 54.853534 ] ] ], [ [ [ -163.434536, 54.84632 ], [ -163.409484, 54.846319 ], [ -163.40943, 54.817406 ], [ -163.384395, 54.817405 ], [ -163.384313, 54.752021 ], [ -163.3288536, 54.75268 ], [ -163.329778, 54.753093 ], [ -163.33263, 54.75563 ], [ -163.335126, 54.758716 ], [ -163.337622, 54.761733 ], [ -163.339897399999984, 54.7637571 ], [ -163.340474, 54.76427 ], [ -163.344158, 54.766396 ], [ -163.348317, 54.769481 ], [ -163.353546, 54.772497 ], [ -163.354134099999982, 54.7729536 ], [ -163.356636, 54.774896 ], [ -163.359726, 54.777844 ], [ -163.361627, 54.779146 ], [ -163.363053, 54.781613 ], [ -163.364598, 54.78456 ], [ -163.366856, 54.785177 ], [ -163.3703461, 54.7855019 ], [ -163.37054, 54.78552 ], [ -163.37063329999998, 54.7856079 ], [ -163.371848, 54.786753 ], [ -163.374462, 54.789974 ], [ -163.375056, 54.792098 ], [ -163.375888, 54.793879 ], [ -163.376007, 54.796825 ], [ -163.375769, 54.800045 ], [ -163.375294, 54.805593 ], [ -163.3747, 54.80847 ], [ -163.37363, 54.812031 ], [ -163.373155, 54.815455 ], [ -163.373036, 54.817098 ], [ -163.373749, 54.817852 ], [ -163.3739435, 54.8179827 ], [ -163.375175, 54.81881 ], [ -163.377314, 54.820864 ], [ -163.376482, 54.822781 ], [ -163.376482, 54.824698 ], [ -163.3782569, 54.8252996 ], [ -163.378503, 54.825383 ], [ -163.383494, 54.826136 ], [ -163.384682, 54.827368 ], [ -163.387297, 54.827642 ], [ -163.38801, 54.8286 ], [ -163.387059, 54.829833 ], [ -163.386584, 54.831544 ], [ -163.39003, 54.832639 ], [ -163.390661099999988, 54.8326963 ], [ -163.392288, 54.832844 ], [ -163.3923943, 54.833272 ], [ -163.392645, 54.834282 ], [ -163.394665, 54.83654 ], [ -163.396091, 54.837499 ], [ -163.39823, 54.838183 ], [ -163.400963, 54.839689 ], [ -163.401558, 54.841194 ], [ -163.402627, 54.841878 ], [ -163.403221, 54.843384 ], [ -163.402627, 54.844684 ], [ -163.402152, 54.845779 ], [ -163.402423, 54.8465073 ], [ -163.402865, 54.847695 ], [ -163.402152, 54.850226 ], [ -163.40334, 54.851253 ], [ -163.403697, 54.853579 ], [ -163.40536, 54.856657 ], [ -163.40643, 54.858778 ], [ -163.407737, 54.858778 ], [ -163.409282, 54.857204 ], [ -163.410352, 54.856657 ], [ -163.412015, 54.857136 ], [ -163.414036, 54.858778 ], [ -163.414511, 54.860214 ], [ -163.41356, 54.861787 ], [ -163.411659, 54.862745 ], [ -163.411065, 54.864386 ], [ -163.408331, 54.866643 ], [ -163.406192, 54.86849 ], [ -163.405004, 54.870063 ], [ -163.403102, 54.870883 ], [ -163.402627, 54.872114 ], [ -163.40253629999998, 54.872410199999983 ], [ -163.402271, 54.873277 ], [ -163.403102, 54.874097 ], [ -163.405004, 54.875191 ], [ -163.405717, 54.876354 ], [ -163.407262, 54.877994 ], [ -163.406905, 54.879635 ], [ -163.406786, 54.881139 ], [ -163.407262, 54.883054 ], [ -163.406905, 54.884626 ], [ -163.405955, 54.885993 ], [ -163.403815, 54.887702 ], [ -163.402152, 54.888249 ], [ -163.400726, 54.889479 ], [ -163.399396199999984, 54.8899892 ], [ -163.398943, 54.890163 ], [ -163.39716, 54.890231 ], [ -163.394665, 54.894742 ], [ -163.395259, 54.89563 ], [ -163.39621, 54.896997 ], [ -163.396091, 54.899252 ], [ -163.397755, 54.901302 ], [ -163.39823, 54.903899 ], [ -163.398705, 54.905948 ], [ -163.399894, 54.907793 ], [ -163.400844, 54.910253 ], [ -163.401558, 54.911209 ], [ -163.403221, 54.911551 ], [ -163.404885, 54.912917 ], [ -163.407381, 54.913668 ], [ -163.407856, 54.915718 ], [ -163.409282, 54.917562 ], [ -163.41154, 54.919543 ], [ -163.41154, 54.921796 ], [ -163.412847, 54.922889 ], [ -163.413441, 54.925621 ], [ -163.413679, 54.927806 ], [ -163.415462, 54.92883 ], [ -163.416056, 54.930879 ], [ -163.417007, 54.932995 ], [ -163.417041899999987, 54.9330626 ], [ -163.434758, 54.933062 ], [ -163.434536, 54.84632 ] ] ] ] } },
{ "type": "Feature", "properties": { "GEOID": "0221040", "NAME": "Eek city, Alaska", "population": 384.0 }, "geometry": { "type": "Polygon", "coordinates": [ [ [ -162.05464, 60.212833 ], [ -162.011557, 60.212833 ], [ -162.01156, 60.213468 ], [ -162.011589, 60.220055 ], [ -162.054644, 60.220056 ], [ -162.05464, 60.212833 ] ] ] } },
{ "type": "Feature", "properties": { "GEOID": "0234460", "NAME": "Hydaburg city, Alaska", "population": 378.0 }, "geometry": { "type": "Polygon", "coordinates": [ [ [ -132.829675, 55.207642 ], [ -132.826462, 55.206137 ], [ -132.825807, 55.204425 ], [ -132.823088, 55.203536 ], [ -132.824137, 55.202271 ], [ -132.82086, 55.202354 ], [ -132.820136, 55.203496 ], [ -132.815928, 55.20107 ], [ -132.814014, 55.200494 ], [ -132.809102, 55.201222 ], [ -132.823975, 55.212351 ], [ -132.828973, 55.210467 ], [ -132.829675, 55.207642 ] ] ] } },
{ "type": "Feature", "properties": { "GEOID": "0267570", "NAME": "Saxman city, Alaska", "population": 376.0 }, "geometry": { "type": "Polygon", "coordinates": [ [ [ -131.597595, 55.318468 ], [ -131.598422, 55.317178 ], [ -131.594514, 55.315194 ], [ -131.591604, 55.315809 ], [ -131.5895533, 55.3134544 ], [ -131.571913, 55.323342 ], [ -131.588031, 55.33323 ], [ -131.6063763, 55.3230811 ], [ -131.597595, 55.318468 ] ] ] } },
{ "type": "Feature", "properties": { "GEOID": "0222250", "NAME": "Elim city, Alaska", "population": 363.0 }, "geometry": { "type": "Polygon", "coordinates": [ [ [ -162.3156128, 64.6011215 ], [ -162.310027, 64.60335 ], [ -162.308737, 64.60503 ], [ -162.304276, 64.605726 ], [ -162.30022, 64.605508 ], [ -162.296063, 64.606334 ], [ -162.28562, 64.606856 ], [ -162.276292, 64.608291 ], [ -162.271425, 64.608465 ], [ -162.269503, 64.609618 ], [ -162.270097, 64.612726 ], [ -162.267339, 64.614403 ], [ -162.26411, 64.615198 ], [ -162.255406, 64.616507 ], [ -162.242123, 64.617072 ], [ -162.236547, 64.619853 ], [ -162.233809, 64.620288 ], [ -162.234316, 64.622852 ], [ -162.230321, 64.627474 ], [ -162.231169, 64.62886 ], [ -162.298944, 64.62886 ], [ -162.298871, 64.614425 ], [ -162.315686, 64.614425 ], [ -162.3156128, 64.6011215 ] ] ] } },
{ "type": "Feature", "properties": { "GEOID": "0252390", "NAME": "Napakiak city, Alaska", "population": 338.0 }, "geometry": { "type": "Polygon", "coordinates": [ [ [ -161.999587, 60.702705 ], [ -161.999586, 60.673934 ], [ -161.994342, 60.674956 ], [ -161.986193, 60.677275 ], [ -161.981027, 60.679507 ], [ -161.975063, 60.683729 ], [ -161.971337, 60.686984 ], [ -161.968296, 60.695058 ], [ -161.962177, 60.6985 ], [ -161.951754, 60.701988 ], [ -161.947013, 60.703079 ], [ -161.946961, 60.703755 ], [ -161.954787, 60.703926 ], [ -161.999587, 60.703925 ], [ -161.999587, 60.702705 ] ] ] } },
{ "type": "Feature", "properties": { "GEOID": "0253050", "NAME": "Nenana city, Alaska", "population": 333.0 }, "geometry": { "type": "Polygon", "coordinates": [ [ [ -149.13431, 64.52697 ], [ -149.132747, 64.526328 ], [ -149.1307, 64.526035 ], [ -149.129967, 64.525818 ], [ -149.128227, 64.525032 ], [ -149.127305, 64.524467 ], [ -149.12878, 64.5236 ], [ -149.128823, 64.521798 ], [ -149.129263, 64.520306 ], [ -149.128986, 64.519441 ], [ -149.126086, 64.518242 ], [ -149.125438, 64.517782 ], [ -149.124083, 64.516911 ], [ -149.054109, 64.516978 ], [ -149.049542, 64.517026 ], [ -149.051534, 64.551999 ], [ -149.057073, 64.55275 ], [ -149.064073, 64.556963 ], [ -149.070089, 64.565028 ], [ -149.073901, 64.566368 ], [ -149.082195, 64.566146 ], [ -149.093834, 64.564995 ], [ -149.102172, 64.564816 ], [ -149.105517, 64.564386 ], [ -149.10975, 64.560453 ], [ -149.108772, 64.55867 ], [ -149.114011, 64.556672 ], [ -149.113324, 64.553292 ], [ -149.117639, 64.551976 ], [ -149.118395, 64.549984 ], [ -149.115022, 64.548401 ], [ -149.105624, 64.547338 ], [ -149.10119, 64.54517 ], [ -149.099902, 64.542037 ], [ -149.099908, 64.539162 ], [ -149.107337, 64.53936 ], [ -149.112577, 64.540191 ], [ -149.115898, 64.540173 ], [ -149.119531, 64.539239 ], [ -149.121746, 64.537279 ], [ -149.120661, 64.535922 ], [ -149.116445, 64.534692 ], [ -149.117192, 64.532892 ], [ -149.12013, 64.5312 ], [ -149.123423, 64.530299 ], [ -149.128806, 64.529662 ], [ -149.134904, 64.527525 ], [ -149.13431, 64.52697 ] ] ] } },
{ "type": "Feature", "properties": { "GEOID": "0203440", "NAME": "Angoon city, Alaska", "population": 332.0 }, "geometry": { "type": "Polygon", "coordinates": [ [ [ -134.611292, 57.470111 ], [ -134.606063, 57.46896 ], [ -134.600596, 57.467682 ], [ -134.595843, 57.467426 ], [ -134.592991, 57.465893 ], [ -134.584672, 57.466276 ], [ -134.579443, 57.466787 ], [ -134.575878, 57.467171 ], [ -134.571599, 57.46666 ], [ -134.567559, 57.466276 ], [ -134.56542, 57.467426 ], [ -134.565657, 57.468705 ], [ -134.567559, 57.470494 ], [ -134.567083, 57.472794 ], [ -134.564231, 57.474072 ], [ -134.560428, 57.474072 ], [ -134.555675, 57.472794 ], [ -134.554011, 57.471389 ], [ -134.55211, 57.469855 ], [ -134.548782, 57.469344 ], [ -134.545455, 57.467682 ], [ -134.544504, 57.465381 ], [ -134.544979, 57.463208 ], [ -134.548782, 57.461291 ], [ -134.547118, 57.459629 ], [ -134.547356, 57.456432 ], [ -134.544028, 57.453236 ], [ -134.53666, 57.448121 ], [ -134.533571, 57.445563 ], [ -134.529768, 57.443516 ], [ -134.528817, 57.441214 ], [ -134.52335, 57.43776 ], [ -134.517884, 57.432259 ], [ -134.512655, 57.427653 ], [ -134.508377, 57.42535 ], [ -134.503623, 57.420359 ], [ -134.500295, 57.418951 ], [ -134.493403, 57.413063 ], [ -134.490551, 57.410503 ], [ -134.490313, 57.40743 ], [ -134.488174, 57.403333 ], [ -134.481994, 57.399235 ], [ -134.473675, 57.395009 ], [ -134.468922, 57.393856 ], [ -134.466545, 57.39296 ], [ -134.466307, 57.391679 ], [ -134.469635, 57.388477 ], [ -134.471061, 57.387068 ], [ -134.467496, 57.38425 ], [ -134.462267, 57.383609 ], [ -134.455136, 57.383481 ], [ -134.450383, 57.382328 ], [ -134.446817, 57.381559 ], [ -134.443015, 57.381687 ], [ -134.439212, 57.383097 ], [ -134.433983, 57.384121 ], [ -134.428992, 57.384121 ], [ -134.424713, 57.384762 ], [ -134.422099, 57.383737 ], [ -134.417108, 57.381559 ], [ -134.41378, 57.379637 ], [ -134.409502, 57.378228 ], [ -134.409944, 57.3771256 ], [ -134.405479, 57.378747 ], [ -134.395845, 57.380427 ], [ -134.390839, 57.381766 ], [ -134.383316, 57.38333 ], [ -134.379728, 57.384586 ], [ -134.372911, 57.387633 ], [ -134.364067, 57.389955 ], [ -134.364099, 57.400866 ], [ -134.470845, 57.400868 ], [ -134.47091, 57.44422 ], [ -134.417305, 57.444219 ], [ -134.417306, 57.47312 ], [ -134.497777, 57.473121 ], [ -134.497809, 57.487646 ], [ -134.524643, 57.487645 ], [ -134.524686, 57.502096 ], [ -134.551531, 57.502096 ], [ -134.551638, 57.530996 ], [ -134.596239199999985, 57.5309969 ], [ -134.596556, 57.530515 ], [ -134.598457, 57.52758 ], [ -134.598219, 57.524517 ], [ -134.595367, 57.519795 ], [ -134.591089, 57.514689 ], [ -134.597031, 57.512136 ], [ -134.601072, 57.512774 ], [ -134.60535, 57.512774 ], [ -134.605825, 57.510221 ], [ -134.602973, 57.507923 ], [ -134.598695, 57.50588 ], [ -134.595843, 57.506007 ], [ -134.592991, 57.504858 ], [ -134.589425, 57.50256 ], [ -134.586811, 57.499112 ], [ -134.587762, 57.496813 ], [ -134.585385, 57.495153 ], [ -134.583959, 57.492598 ], [ -134.583008, 57.489916 ], [ -134.582533, 57.488 ], [ -134.578967, 57.486339 ], [ -134.576591, 57.484806 ], [ -134.575878, 57.483145 ], [ -134.577304, 57.480845 ], [ -134.579205, 57.479312 ], [ -134.57873, 57.477651 ], [ -134.578017, 57.475095 ], [ -134.581582, 57.472283 ], [ -134.584196, 57.471772 ], [ -134.589425, 57.471772 ], [ -134.593466, 57.472283 ], [ -134.597744, 57.473945 ], [ -134.599646, 57.475734 ], [ -134.605825, 57.475478 ], [ -134.610579, 57.473945 ], [ -134.612243, 57.472667 ], [ -134.611292, 57.470111 ] ] ] } },
{ "type": "Feature", "properties": { "GEOID": "0241940", "NAME": "Koyuk city, Alaska", "population": 298.0 }, "geometry": { "type": "Polygon", "coordinates": [ [ [ -161.194144, 64.920817 ], [ -161.192336800000021, 64.9216734 ], [ -161.191792, 64.922164 ], [ -161.188114, 64.922415 ], [ -161.18604, 64.924424 ], [ -161.185564, 64.92518 ], [ -161.176009, 64.927161 ], [ -161.174869, 64.928101 ], [ -161.166907, 64.928504 ], [ -161.165599, 64.929057 ], [ -161.162628, 64.928957 ], [ -161.158707, 64.929914 ], [ -161.153953, 64.930467 ], [ -161.150982, 64.931122 ], [ -161.145753, 64.931172 ], [ -161.142253399999987, 64.9307926 ], [ -161.13396, 64.931646 ], [ -161.122923, 64.930182 ], [ -161.104205, 64.929159 ], [ -161.097289, 64.927157 ], [ -161.093447, 64.927253 ], [ -161.093565, 64.95367 ], [ -161.194155, 64.953668 ], [ -161.194144, 64.920817 ] ] ] } },
{ "type": "Feature", "properties": { "GEOID": "0253930", "NAME": "Nightmute city, Alaska", "population": 291.0 }, "geometry": { "type": "Polygon", "coordinates": [ [ [ -165.0133736, 60.5405581 ], [ -165.012398, 60.540512 ], [ -165.007882, 60.540219 ], [ -165.006456, 60.541038 ], [ -165.003366, 60.541914 ], [ -164.998375, 60.541681 ], [ -164.996824, 60.541375 ], [ -164.995404, 60.542557 ], [ -164.990175, 60.542908 ], [ -164.986952, 60.542406 ], [ -164.980998, 60.541324 ], [ -164.978885, 60.541388 ], [ -164.97128, 60.539558 ], [ -164.965488, 60.536701 ], [ -164.962723, 60.533439 ], [ -164.961416, 60.530223 ], [ -164.959396, 60.527885 ], [ -164.961416, 60.526598 ], [ -164.962129, 60.524201 ], [ -164.962723, 60.521862 ], [ -164.964625, 60.517593 ], [ -164.9651, 60.511509 ], [ -164.965694, 60.508643 ], [ -164.968784, 60.507473 ], [ -164.97021, 60.507005 ], [ -164.977816, 60.505834 ], [ -164.980193, 60.506244 ], [ -164.983282, 60.506361 ], [ -164.986253, 60.505659 ], [ -164.989938, 60.502909 ], [ -164.993265, 60.498578 ], [ -164.991958, 60.497935 ], [ -164.989819, 60.497115 ], [ -164.989581, 60.495652 ], [ -164.991364, 60.494599 ], [ -164.993333, 60.49032 ], [ -164.997662, 60.486872 ], [ -164.998494, 60.484062 ], [ -164.998613, 60.481427 ], [ -165.001108, 60.480666 ], [ -165.0130552, 60.472797 ], [ -165.008178, 60.472797 ], [ -164.993171, 60.472798 ], [ -164.99317, 60.429466 ], [ -164.618167, 60.429474 ], [ -164.618361, 60.472805 ], [ -164.632953, 60.472804 ], [ -164.632954, 60.530577 ], [ -164.808501, 60.530575 ], [ -164.808503, 60.559461 ], [ -165.012655, 60.559458 ], [ -165.013374, 60.540988 ], [ -165.0133736, 60.5405581 ] ] ] } },
{ "type": "Feature", "properties": { "GEOID": "0234350", "NAME": "Huslia city, Alaska", "population": 287.0 }, "geometry": { "type": "Polygon", "coordinates": [ [ [ -156.43931, 65.698505 ], [ -156.43092, 65.701089 ], [ -156.415183, 65.702921 ], [ -156.409201, 65.702575 ], [ -156.404908, 65.701787 ], [ -156.396752, 65.699402 ], [ -156.389264, 65.693723 ], [ -156.385756, 65.688628 ], [ -156.377951, 65.683136 ], [ -156.376538, 65.679813 ], [ -156.376527, 65.668226 ], [ -156.264154, 65.668228 ], [ -156.264161, 65.725962 ], [ -156.439498, 65.725958 ], [ -156.43931, 65.698505 ] ] ] } },
{ "type": "Feature", "properties": { "GEOID": "0246010", "NAME": "McGrath city, Alaska", "population": 278.0 }, "geometry": { "type": "Polygon", "coordinates": [ [ [ -155.689663, 62.965787 ], [ -155.689517, 62.899046 ], [ -155.436307, 62.899047 ], [ -155.436311, 62.985681 ], [ -155.689707, 62.98565 ], [ -155.689663, 62.965787 ] ] ] } },
{ "type": "Feature", "properties": { "GEOID": "0236990", "NAME": "Kaktovik city, Alaska", "population": 269.0 }, "geometry": { "type": "Polygon", "coordinates": [ [ [ -143.657368, 70.116955 ], [ -143.625259, 70.116978 ], [ -143.598813, 70.119708 ], [ -143.594136, 70.130634 ], [ -143.598475, 70.130609 ], [ -143.598156, 70.128604 ], [ -143.608562, 70.129126 ], [ -143.613362, 70.129972 ], [ -143.614313, 70.132731 ], [ -143.619014, 70.1327 ], [ -143.618697, 70.128594 ], [ -143.621299, 70.126953 ], [ -143.626799, 70.126677 ], [ -143.657437, 70.126654 ], [ -143.657368, 70.116955 ] ] ] } },
{ "type": "Feature", "properties": { "GEOID": "0245460", "NAME": "Lower Kalskag city, Alaska", "population": 266.0 }, "geometry": { "type": "Polygon", "coordinates": [ [ [ -160.37827, 61.505494 ], [ -160.348046, 61.505495 ], [ -160.348057, 61.512715 ], [ -160.332941, 61.512715 ], [ -160.332984, 61.527157 ], [ -160.363229, 61.527156 ], [ -160.363201, 61.519935 ], [ -160.378344, 61.519941 ], [ -160.37827, 61.505494 ] ] ] } },
{ "type": "Feature", "properties": { "GEOID": "0204500", "NAME": "Atqasuk city, Alaska", "population": 258.0 }, "geometry": { "type": "Polygon", "coordinates": [ [ [ -157.534203, 70.458574 ], [ -157.512657, 70.458573 ], [ -157.512529, 70.429723 ], [ -157.254341, 70.42973 ], [ -157.254724, 70.516277 ], [ -157.297939, 70.516276 ], [ -157.298022, 70.545127 ], [ -157.426504, 70.545124 ], [ -157.426483, 70.516273 ], [ -157.436362, 70.516316 ], [ -157.512951, 70.516275 ], [ -157.512769, 70.483816 ], [ -157.534342, 70.483817 ], [ -157.534203, 70.458574 ] ] ] } },
{ "type": "Feature", "properties": { "GEOID": "0268340", "NAME": "Seldovia city, Alaska", "population": 251.0 }, "geometry": { "type": "Polygon", "coordinates": [ [ [ -151.721695, 59.440926 ], [ -151.717536, 59.436153 ], [ -151.7192, 59.4344 ], [ -151.720032, 59.433312 ], [ -151.719632499999989, 59.432877 ], [ -151.706946, 59.432862 ], [ -151.706936, 59.436466 ], [ -151.70339, 59.436454 ], [ -151.702592, 59.440046 ], [ -151.699837, 59.440181 ], [ -151.699824, 59.443677 ], [ -151.702832, 59.443682 ], [ -151.702826, 59.445569 ], [ -151.704483, 59.445749 ], [ -151.704273, 59.447132 ], [ -151.707073, 59.446264 ], [ -151.706855, 59.44368 ], [ -151.713194, 59.443804 ], [ -151.713426, 59.445737 ], [ -151.716628, 59.445748 ], [ -151.717076, 59.444904 ], [ -151.7185039, 59.444373400000011 ], [ -151.720421, 59.443117 ], [ -151.721695, 59.440926 ] ] ] } },
{ "type": "Feature", "properties": { "GEOID": "0284510", "NAME": "Whittier city, Alaska", "population": 249.0 }, "geometry": { "type": "Polygon", "coordinates": [ [ [ -148.745701, 60.761897 ], [ -148.657121, 60.761866 ], [ -148.657122, 60.77631 ], [ -148.5531126, 60.7762951 ], [ -148.548467, 60.778185 ], [ -148.542288, 60.779693 ], [ -148.53183, 60.783058 ], [ -148.524937, 60.783754 ], [ -148.520183, 60.783406 ], [ -148.515667, 60.781086 ], [ -148.511084899999986, 60.7807595 ], [ -148.5111116, 60.8030065 ], [ -148.51852, 60.801035 ], [ -148.528977, 60.799992 ], [ -148.53587, 60.798136 ], [ -148.533256, 60.794657 ], [ -148.537772, 60.793614 ], [ -148.544902, 60.791526 ], [ -148.549418, 60.79141 ], [ -148.553221, 60.790482 ], [ -148.560589, 60.786654 ], [ -148.563679, 60.78329 ], [ -148.566769, 60.78329 ], [ -148.567957, 60.78793 ], [ -148.563679, 60.791062 ], [ -148.562253, 60.793034 ], [ -148.552032, 60.798368 ], [ -148.549893, 60.801151 ], [ -148.552206, 60.805662 ], [ -148.559638, 60.80718 ], [ -148.571998, 60.806369 ], [ -148.582455, 60.803006 ], [ -148.591487, 60.801151 ], [ -148.600994, 60.796745 ], [ -148.610502, 60.79257 ], [ -148.619771, 60.790598 ], [ -148.633557, 60.78677 ], [ -148.639736, 60.78561 ], [ -148.647342, 60.782478 ], [ -148.657325, 60.779693 ], [ -148.665881, 60.777837 ], [ -148.675626, 60.776793 ], [ -148.682043, 60.77656 ], [ -148.685371, 60.778069 ], [ -148.695116, 60.778301 ], [ -148.702959, 60.777141 ], [ -148.714605, 60.775168 ], [ -148.715794, 60.777605 ], [ -148.717458, 60.78445 ], [ -148.718408, 60.786074 ], [ -148.715318, 60.78735 ], [ -148.712229, 60.78793 ], [ -148.704623, 60.790366 ], [ -148.695116, 60.791874 ], [ -148.667782, 60.799992 ], [ -148.660414, 60.803702 ], [ -148.654064399999982, 60.8052006 ], [ -148.745824, 60.805222 ], [ -148.745701, 60.761897 ] ] ] } },
{ "type": "Feature", "properties": { "GEOID": "0229290", "NAME": "Goodnews Bay city, Alaska", "population": 248.0 }, "geometry": { "type": "Polygon", "coordinates": [ [ [ -161.621844, 59.132631 ], [ -161.612771, 59.12867 ], [ -161.605257, 59.123781 ], [ -161.598225, 59.121065 ], [ -161.592295, 59.118035 ], [ -161.587048, 59.116669 ], [ -161.582221, 59.114495 ], [ -161.575285, 59.116993 ], [ -161.567357, 59.117518 ], [ -161.55857, 59.114973 ], [ -161.542016, 59.114959 ], [ -161.542052, 59.136533 ], [ -161.58694, 59.136684 ], [ -161.609333, 59.136753 ], [ -161.616929, 59.136151 ], [ -161.621844, 59.132631 ] ] ] } },
{ "type": "Feature", "properties": { "GEOID": "0201970", "NAME": "Ambler city, Alaska", "population": 246.0 }, "geometry": { "type": "Polygon", "coordinates": [ [ [ -157.937796, 67.053672 ], [ -157.918861, 67.053765 ], [ -157.773693, 67.096968 ], [ -157.773762, 67.111399 ], [ -157.781744, 67.111401 ], [ -157.937936, 67.111395 ], [ -157.937796, 67.053672 ] ] ] } },
{ "type": "Feature", "properties": { "GEOID": "0270100", "NAME": "Shungnak city, Alaska", "population": 245.0 }, "geometry": { "type": "Polygon", "coordinates": [ [ [ -157.204862, 66.858912 ], [ -157.094892, 66.858882 ], [ -157.094991, 66.884639 ], [ -157.095058, 66.902165 ], [ -157.204947, 66.902163 ], [ -157.204862, 66.858912 ] ] ] } },
{ "type": "Feature", "properties": { "GEOID": "0275930", "NAME": "Teller city, Alaska", "population": 241.0 }, "geometry": { "type": "Polygon", "coordinates": [ [ [ -166.39472, 65.249477 ], [ -166.327081, 65.249478 ], [ -166.327082, 65.24769 ], [ -166.327085, 65.24587 ], [ -166.327059, 65.245869 ], [ -166.292626, 65.245855 ], [ -166.292677, 65.255191 ], [ -166.302218, 65.255457 ], [ -166.309848, 65.256105 ], [ -166.313279, 65.255137 ], [ -166.313944, 65.253839 ], [ -166.319355, 65.253253 ], [ -166.331657, 65.253722 ], [ -166.340295, 65.254801 ], [ -166.349661, 65.256914 ], [ -166.356708, 65.259643 ], [ -166.360285, 65.26202 ], [ -166.360286, 65.268743 ], [ -166.3616672, 65.267712800000012 ], [ -166.363655, 65.265975 ], [ -166.368719, 65.263491 ], [ -166.373943, 65.260527 ], [ -166.381225, 65.255741 ], [ -166.385108, 65.253572 ], [ -166.388998599999979, 65.2521436 ], [ -166.39472, 65.249477 ] ] ] } },
{ "type": "Feature", "properties": { "GEOID": "0275160", "NAME": "Tanana city, Alaska", "population": 234.0 }, "geometry": { "type": "Polygon", "coordinates": [ [ [ -152.154481, 65.152952 ], [ -151.98293, 65.152952 ], [ -151.982757, 65.17974 ], [ -151.982757, 65.179768 ], [ -151.982756, 65.179914 ], [ -151.982649, 65.196255 ], [ -152.154481, 65.196255 ], [ -152.154481, 65.152952 ] ] ] } },
{ "type": "Feature", "properties": { "GEOID": "0256350", "NAME": "Nulato city, Alaska", "population": 222.0 }, "geometry": { "type": "Polygon", "coordinates": [ [ [ -158.360733, 64.643221 ], [ -158.28874, 64.64334 ], [ -158.267609, 64.652152 ], [ -158.257562, 64.655201 ], [ -158.240509, 64.666528 ], [ -158.226961, 64.674573 ], [ -158.1812, 64.68619 ], [ -158.165159, 64.687618 ], [ -158.150367, 64.69186 ], [ -158.145854, 64.694682 ], [ -158.114979, 64.694533 ], [ -158.101821, 64.698417 ], [ -158.094834, 64.701943 ], [ -158.081665, 64.704592 ], [ -158.0685, 64.70953 ], [ -158.062333, 64.714463 ], [ -158.060913, 64.716846 ], [ -158.061652, 64.720515 ], [ -158.092931, 64.720946 ], [ -158.085173, 64.723109 ], [ -158.050114, 64.735632 ], [ -158.032431, 64.744407 ], [ -158.360753, 64.744399 ], [ -158.360733, 64.643221 ] ] ] } },
{ "type": "Feature", "properties": { "GEOID": "0268890", "NAME": "Shaktoolik city, Alaska", "population": 209.0 }, "geometry": { "type": "Polygon", "coordinates": [ [ [ -161.236616, 64.376672 ], [ -161.235234, 64.374827 ], [ -161.2281966, 64.3697713 ], [ -161.217007, 64.363839 ], [ -161.207952, 64.359569 ], [ -161.197008, 64.353739 ], [ -161.188535, 64.349678 ], [ -161.181405, 64.345922 ], [ -161.16037, 64.334035 ], [ -161.152289, 64.32935 ], [ -161.143971, 64.324717 ], [ -161.129479, 64.3166612 ], [ -161.124135, 64.318363 ], [ -161.133778, 64.322634 ], [ -161.136718, 64.323579 ], [ -161.138708, 64.322486 ], [ -161.145043, 64.32729 ], [ -161.1472, 64.328045 ], [ -161.15487, 64.332982 ], [ -161.157421, 64.333867 ], [ -161.161036, 64.336791 ], [ -161.164886, 64.338837 ], [ -161.166206, 64.340958 ], [ -161.170042, 64.342072 ], [ -161.172451, 64.343616 ], [ -161.17287, 64.345659 ], [ -161.17753, 64.346261 ], [ -161.18007, 64.347204 ], [ -161.188483, 64.351915 ], [ -161.19263, 64.355468 ], [ -161.198365, 64.357581 ], [ -161.199904, 64.35879 ], [ -161.199843, 64.362002 ], [ -161.201686, 64.363956 ], [ -161.201262, 64.365025 ], [ -161.20417, 64.367927 ], [ -161.208438, 64.367579 ], [ -161.212823, 64.368395 ], [ -161.217713, 64.371119 ], [ -161.223047, 64.376518 ], [ -161.226709, 64.378786 ], [ -161.22973, 64.379782 ], [ -161.236255, 64.3801 ], [ -161.236616, 64.376672 ] ] ] } },
{ "type": "Feature", "properties": { "GEOID": "0256600", "NAME": "Nunam Iqua city, Alaska", "population": 207.0 }, "geometry": { "type": "MultiPolygon", "coordinates": [ [ [ [ -164.839168299999983, 62.4803903 ], [ -164.833114, 62.480399 ], [ -164.8331876, 62.4962206 ], [ -164.839168299999983, 62.4803903 ] ] ], [ [ [ -164.966149, 62.480207 ], [ -164.866998199999983, 62.4803503 ], [ -164.875964, 62.489392 ], [ -164.874831, 62.494677 ], [ -164.854921, 62.511545 ], [ -164.84134, 62.522245 ], [ -164.843925, 62.531881 ], [ -164.861101, 62.533227 ], [ -164.909477, 62.528091 ], [ -164.945786, 62.52785 ], [ -164.966611, 62.5311546 ], [ -164.966149, 62.480207 ] ] ] ] } },
{ "type": "Feature", "properties": { "GEOID": "0281320", "NAME": "Upper Kalskag city, Alaska", "population": 207.0 }, "geometry": { "type": "Polygon", "coordinates": [ [ [ -160.363903, 61.527156 ], [ -160.363229, 61.527156 ], [ -160.332984, 61.527157 ], [ -160.303412, 61.527157 ], [ -160.30347, 61.556039 ], [ -160.364017, 61.556038 ], [ -160.363903, 61.527156 ] ] ] } },
{ "type": "Feature", "properties": { "GEOID": "0257340", "NAME": "Old Harbor city, Alaska", "population": 202.0 }, "geometry": { "type": "Polygon", "coordinates": [ [ [ -153.3620014, 57.1695992 ], [ -153.359527, 57.170222 ], [ -153.36333, 57.17383 ], [ -153.365469, 57.176407 ], [ -153.364994, 57.177824 ], [ -153.364756, 57.180014 ], [ -153.365469, 57.183879 ], [ -153.366895, 57.187485 ], [ -153.370223, 57.191091 ], [ -153.372124, 57.194053 ], [ -153.366657, 57.198302 ], [ -153.360953, 57.198689 ], [ -153.357388, 57.198302 ], [ -153.357388, 57.1965 ], [ -153.356199, 57.195083 ], [ -153.348831, 57.19328 ], [ -153.34384, 57.190962 ], [ -153.340275, 57.189675 ], [ -153.332431, 57.190447 ], [ -153.328629, 57.191478 ], [ -153.323875, 57.192508 ], [ -153.319359, 57.194182 ], [ -153.316269, 57.195727 ], [ -153.311278, 57.198689 ], [ -153.307475, 57.200234 ], [ -153.302959, 57.202551 ], [ -153.299632, 57.206542 ], [ -153.295829, 57.20873 ], [ -153.291788, 57.211176 ], [ -153.287035, 57.212978 ], [ -153.280617, 57.211691 ], [ -153.276577, 57.20976 ], [ -153.2756431, 57.2085798 ], [ -153.26715, 57.211494 ], [ -153.257827, 57.213869 ], [ -153.2574, 57.213978 ], [ -153.255918, 57.214054 ], [ -153.249306, 57.214408 ], [ -153.246226, 57.214071 ], [ -153.240193, 57.214353 ], [ -153.227142, 57.216306 ], [ -153.220519, 57.216664 ], [ -153.21731, 57.217609 ], [ -153.212123, 57.231785 ], [ -153.286679, 57.247461 ], [ -153.435039, 57.215121 ], [ -153.3620014, 57.1695992 ] ] ] } },
{ "type": "Feature", "properties": { "GEOID": "0247990", "NAME": "Mekoryuk city, Alaska", "population": 198.0 }, "geometry": { "type": "Polygon", "coordinates": [ [ [ -166.359305899999981, 60.3576356 ], [ -166.219395, 60.357236 ], [ -166.216817, 60.358333 ], [ -166.218793, 60.361064 ], [ -166.219889, 60.366013 ], [ -166.218078, 60.367154 ], [ -166.219169, 60.370698 ], [ -166.217772, 60.373319 ], [ -166.219876, 60.375613 ], [ -166.219365, 60.376186 ], [ -166.214049, 60.378295 ], [ -166.208364, 60.37899 ], [ -166.205394, 60.380326 ], [ -166.202453, 60.38083 ], [ -166.197151, 60.382812 ], [ -166.1907076, 60.3820353 ], [ -166.190525, 60.382301 ], [ -166.189455, 60.382947 ], [ -166.188505, 60.383769 ], [ -166.188267, 60.385003 ], [ -166.187197, 60.385884 ], [ -166.186365, 60.387117 ], [ -166.185415, 60.388291 ], [ -166.184939, 60.389583 ], [ -166.1878251, 60.3905508 ], [ -166.188267, 60.390699 ], [ -166.191832, 60.390523 ], [ -166.194803, 60.391168 ], [ -166.195608199999981, 60.3913127 ], [ -166.1964925, 60.3914717 ], [ -166.197418, 60.391638 ], [ -166.201102, 60.390523 ], [ -166.203716, 60.390229 ], [ -166.205617, 60.389877 ], [ -166.207303699999983, 60.390271399999989 ], [ -166.207875, 60.390405 ], [ -166.208308499999987, 60.3909407 ], [ -166.208588, 60.391286 ], [ -166.211441, 60.389759 ], [ -166.213699, 60.389055 ], [ -166.214649, 60.388174 ], [ -166.217739, 60.387998 ], [ -166.222968, 60.387469 ], [ -166.2238, 60.387117 ], [ -166.2238056, 60.3870168 ], [ -166.221016, 60.384833 ], [ -166.222015, 60.382406 ], [ -166.2269892, 60.3811583 ], [ -166.227365, 60.380539 ], [ -166.226652, 60.379482 ], [ -166.226414, 60.378542 ], [ -166.227365, 60.377309 ], [ -166.227246, 60.375899 ], [ -166.22998, 60.375253 ], [ -166.23191079999998, 60.3752073 ], [ -166.232475, 60.375194 ], [ -166.234377, 60.376075 ], [ -166.234733, 60.377426 ], [ -166.233307, 60.378072 ], [ -166.233545, 60.379012 ], [ -166.235446, 60.378895 ], [ -166.23604, 60.379482 ], [ -166.236635, 60.379952 ], [ -166.236771899999979, 60.3799436 ], [ -166.238522, 60.379393 ], [ -166.238682, 60.378936 ], [ -166.239739, 60.378106 ], [ -166.240684, 60.377814 ], [ -166.240496, 60.378241 ], [ -166.240579, 60.378825 ], [ -166.239996, 60.379772 ], [ -166.240074599999986, 60.3803246 ], [ -166.240556, 60.380774 ], [ -166.239843, 60.382184 ], [ -166.238774, 60.383476 ], [ -166.2402, 60.384592 ], [ -166.240913, 60.386001 ], [ -166.2408486, 60.3860742 ], [ -166.242059, 60.387493 ], [ -166.246617, 60.385463 ], [ -166.250557, 60.38446 ], [ -166.251874, 60.384777 ], [ -166.258255099999985, 60.3841734 ], [ -166.258739, 60.384063 ], [ -166.262304, 60.383946 ], [ -166.266939, 60.383946 ], [ -166.273475, 60.383358 ], [ -166.276565, 60.383769 ], [ -166.277159, 60.382007 ], [ -166.279417, 60.38189 ], [ -166.280962, 60.381244 ], [ -166.283339, 60.381949 ], [ -166.285121, 60.382301 ], [ -166.285597, 60.3833 ], [ -166.288449, 60.382595 ], [ -166.288568, 60.38095 ], [ -166.288687, 60.380304 ], [ -166.290469, 60.380128 ], [ -166.292965, 60.380245 ], [ -166.296292, 60.379012 ], [ -166.301046, 60.379188 ], [ -166.3025342, 60.378838 ], [ -166.30324, 60.378672 ], [ -166.303542, 60.378601 ], [ -166.303898, 60.377132 ], [ -166.307701, 60.376721 ], [ -166.310672, 60.376839 ], [ -166.311504, 60.376251 ], [ -166.309602, 60.375311 ], [ -166.30877, 60.374078 ], [ -166.309959, 60.372785 ], [ -166.31186, 60.371434 ], [ -166.3135178, 60.3716946 ], [ -166.314475, 60.371845 ], [ -166.3145068, 60.3718299 ], [ -166.317327, 60.370494 ], [ -166.320536, 60.369671 ], [ -166.321819799999986, 60.369671 ], [ -166.322556, 60.369671 ], [ -166.323625, 60.370729 ], [ -166.325646, 60.371081 ], [ -166.3268656, 60.3711946 ], [ -166.327786, 60.369706 ], [ -166.325247, 60.368551 ], [ -166.325714, 60.367611 ], [ -166.324779, 60.365459 ], [ -166.326904, 60.363988 ], [ -166.329848, 60.367841 ], [ -166.332129, 60.368039 ], [ -166.3340701, 60.3675374 ], [ -166.334202, 60.367497 ], [ -166.337292, 60.367086 ], [ -166.340738, 60.367791 ], [ -166.343828, 60.366733 ], [ -166.343858399999988, 60.3666656 ], [ -166.344304, 60.365676 ], [ -166.347988, 60.365029 ], [ -166.351315, 60.364207 ], [ -166.352504, 60.363854 ], [ -166.350483, 60.362738 ], [ -166.350127, 60.36168 ], [ -166.350602, 60.360798 ], [ -166.352979, 60.35974 ], [ -166.359305899999981, 60.3576356 ] ] ] } },
{ "type": "Feature", "properties": { "GEOID": "0230060", "NAME": "Grayling city, Alaska", "population": 197.0 }, "geometry": { "type": "Polygon", "coordinates": [ [ [ -160.152627, 62.870079 ], [ -160.074722, 62.870081 ], [ -160.07275, 62.87147 ], [ -160.070086, 62.878408 ], [ -160.066173, 62.883292 ], [ -160.063975, 62.891339 ], [ -160.063286, 62.894828 ], [ -160.064695, 62.899906 ], [ -160.06252, 62.902558 ], [ -160.060208, 62.915391 ], [ -160.054934, 62.927824 ], [ -160.15235, 62.927834 ], [ -160.15218, 62.898957 ], [ -160.152627, 62.870079 ] ] ] } },
{ "type": "Feature", "properties": { "GEOID": "0201420", "NAME": "Aleknagik city, Alaska", "population": 193.0 }, "geometry": { "type": "Polygon", "coordinates": [ [ [ -158.819325, 59.32447 ], [ -158.791058, 59.310029 ], [ -158.791057, 59.288355 ], [ -158.735531, 59.273909 ], [ -158.707271, 59.259463 ], [ -158.679008, 59.23057 ], [ -158.622629, 59.230571 ], [ -158.62263, 59.247293 ], [ -158.622631, 59.259465 ], [ -158.538846, 59.259466 ], [ -158.53892, 59.288359 ], [ -158.595393, 59.288358 ], [ -158.595514, 59.317251 ], [ -158.665025, 59.317253 ], [ -158.707325, 59.332674 ], [ -158.764089, 59.353368 ], [ -158.819361, 59.367815 ], [ -158.819325, 59.32447 ] ] ] } },
{ "type": "Feature", "properties": { "GEOID": "0284070", "NAME": "White Mountain city, Alaska", "population": 179.0 }, "geometry": { "type": "Polygon", "coordinates": [ [ [ -163.459005, 64.677045 ], [ -163.389682, 64.670978 ], [ -163.38955, 64.681814 ], [ -163.404584, 64.689572 ], [ -163.427623, 64.689503 ], [ -163.449248, 64.689439 ], [ -163.459835, 64.683887 ], [ -163.459005, 64.677045 ] ] ] } },
{ "type": "Feature", "properties": { "GEOID": "0203220", "NAME": "Anderson city, Alaska", "population": 177.0 }, "geometry": { "type": "Polygon", "coordinates": [ [ [ -149.296933, 64.338638 ], [ -149.291671, 64.335904 ], [ -149.285697, 64.334847 ], [ -149.283921, 64.334163 ], [ -149.285083, 64.330289 ], [ -149.282546, 64.326891 ], [ -149.278431, 64.325338 ], [ -149.273245, 64.324365 ], [ -149.270046, 64.322392 ], [ -149.269433, 64.319158 ], [ -149.267973, 64.316922 ], [ -149.265886, 64.31582 ], [ -149.262354, 64.310885 ], [ -149.264914, 64.308924 ], [ -149.265386, 64.305522 ], [ -149.263092, 64.30358 ], [ -149.267305, 64.304821 ], [ -149.268432, 64.30271 ], [ -149.271145, 64.301991 ], [ -149.271691, 64.300925 ], [ -149.271235, 64.295961 ], [ -149.272097, 64.293241 ], [ -149.269442, 64.292179 ], [ -149.267544, 64.290392 ], [ -149.2607, 64.288126 ], [ -149.259689, 64.287112 ], [ -149.262688, 64.287327 ], [ -149.264689, 64.288845 ], [ -149.266613, 64.287831 ], [ -149.266987, 64.286031 ], [ -149.265342, 64.283775 ], [ -149.265992, 64.281567 ], [ -149.265044, 64.279739 ], [ -149.267153, 64.276892 ], [ -149.267015, 64.275628 ], [ -149.264377, 64.273378 ], [ -149.265244, 64.269927 ], [ -149.264446, 64.267464 ], [ -149.267841, 64.265387 ], [ -149.276208, 64.262775 ], [ -149.278782, 64.261279 ], [ -149.279545, 64.257159 ], [ -149.10116, 64.257164 ], [ -149.09404, 64.260096 ], [ -149.08895, 64.262807 ], [ -149.082818, 64.267092 ], [ -149.043404, 64.296682 ], [ -149.038576, 64.299874 ], [ -149.012848, 64.314613 ], [ -149.006767, 64.318969 ], [ -149.003989, 64.322258 ], [ -149.002818, 64.324469 ], [ -149.002126, 64.329155 ], [ -149.003154, 64.332785 ], [ -149.007117, 64.338108 ], [ -149.010625, 64.341328 ], [ -149.011848, 64.343781 ], [ -149.132599, 64.343778 ], [ -149.132653, 64.358214 ], [ -149.231595, 64.358209 ], [ -149.23125, 64.355507 ], [ -149.231248, 64.343774 ], [ -149.294823, 64.343773 ], [ -149.294146, 64.341813 ], [ -149.296933, 64.338638 ] ] ] } },
{ "type": "Feature", "properties": { "GEOID": "0201860", "NAME": "Allakaket city, Alaska", "population": 168.0 }, "geometry": { "type": "Polygon", "coordinates": [ [ [ -152.727359, 66.523175 ], [ -152.569456, 66.523178 ], [ -152.548783, 66.523177 ], [ -152.54898, 66.549888 ], [ -152.549211, 66.580904 ], [ -152.622379, 66.580903 ], [ -152.675122, 66.580913 ], [ -152.69143, 66.580901 ], [ -152.691261, 66.546397 ], [ -152.691261, 66.545684 ], [ -152.69126, 66.543014 ], [ -152.699525, 66.545468 ], [ -152.705592, 66.544808 ], [ -152.708317, 66.545198 ], [ -152.718123, 66.540444 ], [ -152.722721, 66.537222 ], [ -152.727432, 66.535463 ], [ -152.727359, 66.523175 ] ] ] } },
{ "type": "Feature", "properties": { "GEOID": "0229180", "NAME": "Golovin city, Alaska", "population": 167.0 }, "geometry": { "type": "Polygon", "coordinates": [ [ [ -163.045561, 64.540494 ], [ -163.042786, 64.540228 ], [ -163.030657, 64.542353 ], [ -163.016055, 64.543753 ], [ -162.998471, 64.54514 ], [ -162.976858, 64.546348 ], [ -162.9709054, 64.5463475 ], [ -162.972222, 64.583333 ], [ -163.035789, 64.582901 ], [ -163.0354716, 64.5824588 ], [ -163.034119, 64.581475 ], [ -163.03091, 64.579843 ], [ -163.030435, 64.578925 ], [ -163.030071, 64.576369 ], [ -163.027939, 64.575405 ], [ -163.020808, 64.57071 ], [ -163.01962, 64.569588 ], [ -163.019977, 64.568771 ], [ -163.019739, 64.567495 ], [ -163.018432, 64.565454 ], [ -163.016411, 64.562646 ], [ -163.014985, 64.558001 ], [ -163.014985, 64.554274 ], [ -163.015817, 64.552333 ], [ -163.017956, 64.551108 ], [ -163.023779, 64.547788 ], [ -163.026037, 64.546767 ], [ -163.02889, 64.546461 ], [ -163.032455, 64.546256 ], [ -163.035307, 64.546307 ], [ -163.037803, 64.545694 ], [ -163.038872, 64.544979 ], [ -163.040536, 64.54406 ], [ -163.04315, 64.543907 ], [ -163.044458, 64.543038 ], [ -163.045765, 64.541455 ], [ -163.045561, 64.540494 ] ] ] } },
{ "type": "Feature", "properties": { "GEOID": "0233030", "NAME": "Holy Cross city, Alaska", "population": 167.0 }, "geometry": { "type": "Polygon", "coordinates": [ [ [ -159.923718, 62.149396 ], [ -159.740138, 62.138117 ], [ -159.735248, 62.155368 ], [ -159.715701, 62.224281 ], [ -159.89987, 62.235316 ], [ -159.923718, 62.149396 ] ] ] } },
{ "type": "Feature", "properties": { "GEOID": "0240840", "NAME": "Kobuk city, Alaska", "population": 166.0 }, "geometry": { "type": "Polygon", "coordinates": [ [ [ -156.967216, 66.902064 ], [ -156.82019, 66.902168 ], [ -156.822401, 66.959882 ], [ -156.883262, 66.959891 ], [ -156.887894, 66.960016 ], [ -156.967621, 66.959889 ], [ -156.967216, 66.902064 ] ] ] } },
{ "type": "Feature", "properties": { "GEOID": "0282860", "NAME": "Wales city, Alaska", "population": 163.0 }, "geometry": { "type": "Polygon", "coordinates": [ [ [ -168.106798, 65.620142 ], [ -168.097291, 65.613616 ], [ -168.091943, 65.608856 ], [ -168.088021, 65.605519 ], [ -168.085882, 65.603065 ], [ -168.085645, 65.601494 ], [ -168.08632, 65.600352 ], [ -168.088212, 65.599286 ], [ -168.0904658, 65.5980801 ], [ -168.091734, 65.595863 ], [ -168.05684, 65.595863 ], [ -168.056998, 65.62473 ], [ -168.112817399999983, 65.6247074 ], [ -168.106798, 65.620142 ] ] ] } },
{ "type": "Feature", "properties": { "GEOID": "0263610", "NAME": "Port Lions city, Alaska", "population": 162.0 }, "geometry": { "type": "Polygon", "coordinates": [ [ [ -152.902203, 57.850885 ], [ -152.876137699999987, 57.8507789 ], [ -152.874449, 57.851757 ], [ -152.872024, 57.851757 ], [ -152.870598, 57.854109 ], [ -152.871597, 57.85722 ], [ -152.868602, 57.860634 ], [ -152.86304, 57.863213 ], [ -152.853982, 57.862812 ], [ -152.848637, 57.86473 ], [ -152.845547, 57.867259 ], [ -152.847211, 57.868776 ], [ -152.849635, 57.869281 ], [ -152.850919, 57.872543 ], [ -152.85591, 57.872239 ], [ -152.860188, 57.869433 ], [ -152.868174, 57.869206 ], [ -152.867176, 57.873529 ], [ -152.862042, 57.87914 ], [ -152.847211, 57.884675 ], [ -152.84091, 57.884678 ], [ -152.828672, 57.890057 ], [ -152.822967, 57.890209 ], [ -152.816693, 57.88892 ], [ -152.814411, 57.890588 ], [ -152.814554, 57.893317 ], [ -152.813852, 57.8936793 ], [ -152.813486399999988, 57.893868 ], [ -152.902303, 57.894119 ], [ -152.902203, 57.850885 ] ] ] } },
{ "type": "Feature", "properties": { "GEOID": "0218510", "NAME": "Deering city, Alaska", "population": 161.0 }, "geometry": { "type": "Polygon", "coordinates": [ [ [ -162.785775, 66.057805 ], [ -162.6795603, 66.0578062 ], [ -162.681769, 66.066436 ], [ -162.688883, 66.071043 ], [ -162.724037, 66.0757 ], [ -162.740092, 66.081182 ], [ -162.750896, 66.088265 ], [ -162.753417, 66.092684 ], [ -162.74013, 66.097651 ], [ -162.74074, 66.100218 ], [ -162.74707, 66.100799 ], [ -162.759133, 66.097247 ], [ -162.759632, 66.095675 ], [ -162.7746, 66.091451 ], [ -162.7862768, 66.0896007 ], [ -162.785775, 66.057805 ] ] ] } },
{ "type": "Feature", "properties": { "GEOID": "0253270", "NAME": "Newhalen city, Alaska", "population": 154.0 }, "geometry": { "type": "Polygon", "coordinates": [ [ [ -154.946863, 59.707289 ], [ -154.868247, 59.707351 ], [ -154.868273, 59.721798 ], [ -154.846821, 59.721809 ], [ -154.846829, 59.729032 ], [ -154.832523, 59.729037 ], [ -154.832545, 59.743477 ], [ -154.849198, 59.743471 ], [ -154.946213, 59.743401 ], [ -154.947024, 59.7434 ], [ -154.946863, 59.707289 ] ] ] } },
{ "type": "Feature", "properties": { "GEOID": "0237430", "NAME": "Kaltag city, Alaska", "population": 151.0 }, "geometry": { "type": "Polygon", "coordinates": [ [ [ -158.822494, 64.280406 ], [ -158.664672, 64.280389 ], [ -158.664385, 64.364125 ], [ -158.818605, 64.364142 ], [ -158.822687, 64.364141 ], [ -158.822494, 64.280406 ] ] ] } },
{ "type": "Feature", "properties": { "GEOID": "0265590", "NAME": "Ruby city, Alaska", "population": 131.0 }, "geometry": { "type": "Polygon", "coordinates": [ [ [ -155.554763, 64.706092 ], [ -155.453533, 64.706094 ], [ -155.453559, 64.749395 ], [ -155.471053, 64.745199 ], [ -155.499925, 64.738899 ], [ -155.506321, 64.738309 ], [ -155.513968, 64.736787 ], [ -155.520788, 64.73581 ], [ -155.539529, 64.735974 ], [ -155.548597, 64.735721 ], [ -155.554767, 64.735058 ], [ -155.554763, 64.706092 ] ] ] } },
{ "type": "Feature", "properties": { "GEOID": "0216360", "NAME": "Coffman Cove city, Alaska", "population": 127.0 }, "geometry": { "type": "Polygon", "coordinates": [ [ [ -132.904477, 56.009632 ], [ -132.891592, 56.009654 ], [ -132.891556, 55.9952 ], [ -132.878659, 55.995199 ], [ -132.878629, 55.988017 ], [ -132.775812, 55.98799 ], [ -132.775743, 55.980747 ], [ -132.7323959, 55.9807074 ], [ -132.733741, 55.984007 ], [ -132.740158, 55.985669 ], [ -132.746576, 55.986201 ], [ -132.751025, 55.987829 ], [ -132.757865, 55.987663 ], [ -132.766422, 55.991585 ], [ -132.771888, 55.991917 ], [ -132.774028, 55.99318 ], [ -132.776404, 55.996304 ], [ -132.783891, 56.000424 ], [ -132.793517, 56.001886 ], [ -132.7953, 56.003348 ], [ -132.797201, 56.006538 ], [ -132.803975, 56.010458 ], [ -132.80754, 56.01172 ], [ -132.808016, 56.014842 ], [ -132.810493, 56.016379 ], [ -132.813784, 56.015589 ], [ -132.814671, 56.01451 ], [ -132.817742, 56.013276 ], [ -132.822645, 56.012955 ], [ -132.825485, 56.014776 ], [ -132.824297, 56.016901 ], [ -132.824534, 56.018761 ], [ -132.82703, 56.022481 ], [ -132.829002, 56.022502 ], [ -132.832112, 56.020623 ], [ -132.833934, 56.017055 ], [ -132.834865, 56.013071 ], [ -132.839927, 56.01254 ], [ -132.843021, 56.017354 ], [ -132.84837, 56.017756 ], [ -132.852829, 56.024563 ], [ -132.850831, 56.026748 ], [ -132.848863, 56.027147 ], [ -132.841134, 56.023028 ], [ -132.83639, 56.022682 ], [ -132.834874, 56.025403 ], [ -132.836775, 56.027196 ], [ -132.838201, 56.030118 ], [ -132.839865, 56.031313 ], [ -132.839865, 56.032641 ], [ -132.841172, 56.033836 ], [ -132.845569, 56.03616 ], [ -132.848699, 56.035276 ], [ -132.84961, 56.03284 ], [ -132.851273, 56.031446 ], [ -132.854482, 56.031047 ], [ -132.857215, 56.032508 ], [ -132.859287, 56.032085 ], [ -132.86269, 56.028844 ], [ -132.866739, 56.030503 ], [ -132.868253, 56.029879 ], [ -132.874026, 56.031036 ], [ -132.87482, 56.030363 ], [ -132.873038, 56.025997 ], [ -132.876961, 56.025734 ], [ -132.878011, 56.023465 ], [ -132.88111, 56.022841 ], [ -132.885942, 56.023933 ], [ -132.88954, 56.023211 ], [ -132.892519, 56.025147 ], [ -132.894956, 56.024653 ], [ -132.894888, 56.022614 ], [ -132.897027, 56.021617 ], [ -132.90215, 56.024748 ], [ -132.9045224, 56.025113499999989 ], [ -132.904477, 56.009632 ] ] ] } },
{ "type": "Feature", "properties": { "GEOID": "0255030", "NAME": "Nondalton city, Alaska", "population": 122.0 }, "geometry": { "type": "Polygon", "coordinates": [ [ [ -154.889854, 59.937715 ], [ -154.84617, 59.937972 ], [ -154.846475, 59.952401 ], [ -154.861399, 59.952304 ], [ -154.861541, 59.958569 ], [ -154.855459, 59.960747 ], [ -154.853836, 59.967107 ], [ -154.847442, 59.972319 ], [ -154.844785, 59.973582 ], [ -154.837975, 59.974322 ], [ -154.82504, 59.977742 ], [ -154.824177, 59.979519 ], [ -154.819276, 59.982749 ], [ -154.817735, 59.985099 ], [ -154.819226, 59.987449 ], [ -154.818555, 59.990777 ], [ -154.809042, 59.995977 ], [ -154.891225, 59.995499 ], [ -154.889854, 59.937715 ] ] ] } },
{ "type": "Feature", "properties": { "GEOID": "0200065", "NAME": "Adak city, Alaska", "population": 112.0 }, "geometry": { "type": "Polygon", "coordinates": [ [ [ -176.696521700000034, 51.8536481 ], [ -176.6849857, 51.8392771 ], [ -176.684655699999979, 51.8105131 ], [ -176.6032137, 51.8105011 ], [ -176.5498668, 51.8444239 ], [ -176.551546699999989, 51.8445211 ], [ -176.5555877, 51.844594099999988 ], [ -176.5612917, 51.8444481 ], [ -176.5658077, 51.8431261 ], [ -176.569728699999985, 51.8423921 ], [ -176.574007699999981, 51.8414371 ], [ -176.5779287, 51.8412171 ], [ -176.581375700000024, 51.8378391 ], [ -176.583633699999979, 51.8376921 ], [ -176.586366700000013, 51.8367381 ], [ -176.5869607, 51.8355631 ], [ -176.589575699999983, 51.8355631 ], [ -176.591476700000015, 51.8352691 ], [ -176.5899317, 51.8393811 ], [ -176.5937347, 51.8387941 ], [ -176.5964677, 51.8398951 ], [ -176.596230699999978, 51.8437871 ], [ -176.595992699999982, 51.8455491 ], [ -176.594091699999979, 51.8460631 ], [ -176.5937347, 51.8475311 ], [ -176.591952699999979, 51.8489261 ], [ -176.590644699999984, 51.8498801 ], [ -176.5913577, 51.8516421 ], [ -176.5894567, 51.8523031 ], [ -176.5888627, 51.8533301 ], [ -176.5862477, 51.8533301 ], [ -176.583989699999989, 51.8536971 ], [ -176.582088699999986, 51.8542851 ], [ -176.58470269999998, 51.8553121 ], [ -176.5862477, 51.8566331 ], [ -176.5886247, 51.8581011 ], [ -176.5907637, 51.8578081 ], [ -176.59302169999998, 51.8565601 ], [ -176.5921897, 51.8546521 ], [ -176.593615699999987, 51.8534041 ], [ -176.594685699999985, 51.8527431 ], [ -176.5971807, 51.8529631 ], [ -176.598725699999989, 51.8540641 ], [ -176.601102699999984, 51.8530371 ], [ -176.604311699999982, 51.8530371 ], [ -176.6078767, 51.8540641 ], [ -176.613224699999989, 51.8541381 ], [ -176.617502699999989, 51.8544311 ], [ -176.6202357, 51.8533301 ], [ -176.624157699999984, 51.8543581 ], [ -176.6291487, 51.8542851 ], [ -176.6328327, 51.8532571 ], [ -176.636992699999979, 51.8535511 ], [ -176.639487699999989, 51.8536241 ], [ -176.6411517, 51.8506881 ], [ -176.6435287, 51.8498801 ], [ -176.646974699999987, 51.8498801 ], [ -176.6487577, 51.8502471 ], [ -176.6518477, 51.8507611 ], [ -176.653154699999988, 51.8525231 ], [ -176.6539867, 51.8544311 ], [ -176.653629699999982, 51.8564871 ], [ -176.6530357, 51.8586151 ], [ -176.6507777, 51.8590561 ], [ -176.6478067, 51.8598631 ], [ -176.645073700000012, 51.8600831 ], [ -176.643766699999986, 51.8606701 ], [ -176.6406767, 51.8608171 ], [ -176.638418699999988, 51.8620651 ], [ -176.6348537, 51.8622851 ], [ -176.6318827, 51.8622111 ], [ -176.629030699999987, 51.8628721 ], [ -176.6272477, 51.8648531 ], [ -176.6268907, 51.8662481 ], [ -176.6257027, 51.8673481 ], [ -176.624989699999986, 51.8692561 ], [ -176.6272477, 51.8713111 ], [ -176.6274857, 51.8734391 ], [ -176.62760369999998, 51.8758601 ], [ -176.627960699999988, 51.8778411 ], [ -176.6267727, 51.8798221 ], [ -176.6272477, 51.8821691 ], [ -176.6267727, 51.8849571 ], [ -176.6248707, 51.8886241 ], [ -176.6238017, 51.8911181 ], [ -176.6208307, 51.8980121 ], [ -176.6191667, 51.9011651 ], [ -176.616908699999982, 51.9027051 ], [ -176.6110857, 51.9040981 ], [ -176.605975699999988, 51.9058571 ], [ -176.601221700000025, 51.9076171 ], [ -176.5971807, 51.9080571 ], [ -176.5934967, 51.9074701 ], [ -176.5920707, 51.9085701 ], [ -176.5899317, 51.9098901 ], [ -176.583633699999979, 51.9123091 ], [ -176.5797117, 51.9135551 ], [ -176.5751957, 51.9140681 ], [ -176.57210569999998, 51.9145081 ], [ -176.5685407, 51.9141421 ], [ -176.564618699999983, 51.9137751 ], [ -176.561529700000023, 51.9127491 ], [ -176.5612917, 51.9112091 ], [ -176.5612917, 51.9086431 ], [ -176.5597467, 51.9071041 ], [ -176.555230699999981, 51.9079101 ], [ -176.554160699999983, 51.9087901 ], [ -176.556537699999978, 51.9104031 ], [ -176.5555877, 51.9132621 ], [ -176.554160699999983, 51.9147281 ], [ -176.550714699999986, 51.9162671 ], [ -176.549050699999981, 51.9170741 ], [ -176.5500017, 51.919199 ], [ -176.5505957, 51.920152 ], [ -176.550120699999979, 51.921765 ], [ -176.549050699999981, 51.922058 ], [ -176.5476248, 51.923597 ], [ -176.5467928, 51.926089 ], [ -176.5450108, 51.927261 ], [ -176.5444168, 51.928068 ], [ -176.5476248, 51.930339 ], [ -176.550952699999982, 51.930559 ], [ -176.5563007, 51.93415 ], [ -176.560578699999979, 51.93774 ], [ -176.5621237, 51.941403 ], [ -176.563549699999982, 51.945212 ], [ -176.564713, 51.9474982 ], [ -176.56566669999998, 51.947521 ], [ -176.567364699999985, 51.952398 ], [ -176.5691847, 51.953232 ], [ -176.5743847, 51.954533 ], [ -176.5786267, 51.954541 ], [ -176.5925417, 51.955158 ], [ -176.6198597, 51.955171 ], [ -176.6225447, 51.957597 ], [ -176.625475699999981, 51.959603 ], [ -176.6311107, 51.9605912 ], [ -176.6321197, 51.960007 ], [ -176.638893699999983, 51.957371 ], [ -176.640663800000027, 51.9568374 ], [ -176.649827700000031, 51.954075 ], [ -176.6564827, 51.952318 ], [ -176.663018699999981, 51.952025 ], [ -176.6635216, 51.9520938 ], [ -176.6631727, 51.950385 ], [ -176.661922700000019, 51.948829 ], [ -176.6625307, 51.94286 ], [ -176.6607737, 51.941597 ], [ -176.6557527, 51.941415 ], [ -176.6508787, 51.93997 ], [ -176.648585699999984, 51.939902 ], [ -176.648077699999988, 51.93907 ], [ -176.6443947, 51.936642 ], [ -176.64336670000003, 51.935336 ], [ -176.6431177, 51.933342 ], [ -176.6401367, 51.931469 ], [ -176.6405457, 51.929116 ], [ -176.6424647, 51.925724 ], [ -176.6399937, 51.924177 ], [ -176.6362567, 51.923991 ], [ -176.63504469999998, 51.921958 ], [ -176.636460699999986, 51.920358 ], [ -176.6359287, 51.919067 ], [ -176.6499517, 51.919136 ], [ -176.696677699999981, 51.8753941 ], [ -176.696521700000034, 51.8536481 ] ] ] } },
{ "type": "Feature", "properties": { "GEOID": "0276260", "NAME": "Tenakee Springs city, Alaska", "population": 112.0 }, "geometry": { "type": "Polygon", "coordinates": [ [ [ -135.310647, 57.787977 ], [ -135.308909, 57.787246 ], [ -135.257135, 57.787282 ], [ -135.257081, 57.772832 ], [ -135.1152564, 57.7728603 ], [ -135.1181, 57.777754 ], [ -135.115011, 57.778261 ], [ -135.11406, 57.778768 ], [ -135.113585, 57.779718 ], [ -135.111683, 57.781366 ], [ -135.110138, 57.782316 ], [ -135.107999, 57.782823 ], [ -135.106454, 57.782633 ], [ -135.104909, 57.782633 ], [ -135.10277, 57.783583 ], [ -135.09873, 57.784343 ], [ -135.096353, 57.784914 ], [ -135.093025, 57.785674 ], [ -135.091005, 57.785864 ], [ -135.088509, 57.785294 ], [ -135.086846, 57.78447 ], [ -135.084588, 57.783583 ], [ -135.082211, 57.7839 ], [ -135.080547, 57.782633 ], [ -135.081379, 57.781492 ], [ -135.079834, 57.779402 ], [ -135.078408, 57.777944 ], [ -135.076388, 57.776106 ], [ -135.074367, 57.775346 ], [ -135.071991, 57.774776 ], [ -135.068425, 57.774586 ], [ -135.0682956, 57.7747067 ], [ -135.068377, 57.801734 ], [ -135.25719, 57.801731 ], [ -135.257245, 57.816181 ], [ -135.310665, 57.816138 ], [ -135.310647, 57.787977 ] ] ] } },
{ "type": "Feature", "properties": { "GEOID": "0258550", "NAME": "Ouzinkie city, Alaska", "population": 101.0 }, "geometry": { "type": "Polygon", "coordinates": [ [ [ -152.517824, 57.916783 ], [ -152.510527, 57.916534 ], [ -152.501033, 57.922231 ], [ -152.499074, 57.922844 ], [ -152.494142, 57.921948 ], [ -152.491847, 57.917249 ], [ -152.487302, 57.916521 ], [ -152.486669, 57.912982 ], [ -152.479256, 57.912614 ], [ -152.477372, 57.913654 ], [ -152.470906, 57.911416 ], [ -152.466255, 57.908241 ], [ -152.462649, 57.908127 ], [ -152.447321, 57.903457 ], [ -152.442321, 57.902996 ], [ -152.4372502, 57.9015897 ], [ -152.436886, 57.90169 ], [ -152.436255, 57.903846 ], [ -152.427171, 57.924264 ], [ -152.4268514, 57.9288448 ], [ -152.42936, 57.930983 ], [ -152.42725, 57.933435 ], [ -152.426144099999988, 57.9339685 ], [ -152.431611, 57.936379 ], [ -152.438514, 57.937926 ], [ -152.440286, 57.936286 ], [ -152.451888, 57.935976 ], [ -152.45153, 57.936899 ], [ -152.445829, 57.936953 ], [ -152.44811, 57.939253 ], [ -152.451075, 57.940304 ], [ -152.4823271, 57.9406783 ], [ -152.485919, 57.938568 ], [ -152.492419, 57.936338 ], [ -152.49638, 57.936761 ], [ -152.497507, 57.936103 ], [ -152.495757, 57.93268 ], [ -152.496755, 57.931091 ], [ -152.508597, 57.92507 ], [ -152.511924, 57.924761 ], [ -152.517358, 57.920594 ], [ -152.517824, 57.916783 ] ] ] } },
{ "type": "Feature", "properties": { "GEOID": "0221810", "NAME": "Ekwok city, Alaska", "population": 99.0 }, "geometry": { "type": "Polygon", "coordinates": [ [ [ -157.528409, 59.302819 ], [ -157.443661, 59.30282 ], [ -157.443601, 59.373011 ], [ -157.443583, 59.389501 ], [ -157.528631, 59.389497 ], [ -157.528409, 59.302819 ] ] ] } },
{ "type": "Feature", "properties": { "GEOID": "0214330", "NAME": "Chuathbaluk city, Alaska", "population": 97.0 }, "geometry": { "type": "Polygon", "coordinates": [ [ [ -159.313416, 61.574108 ], [ -159.229258, 61.558481 ], [ -159.215263, 61.555876 ], [ -159.169523, 61.570497 ], [ -159.298584, 61.595768 ], [ -159.313416, 61.574108 ] ] ] } },
{ "type": "Feature", "properties": { "GEOID": "0259650", "NAME": "Pelican city, Alaska", "population": 93.0 }, "geometry": { "type": "Polygon", "coordinates": [ [ [ -136.237929, 57.96322 ], [ -136.235218, 57.960705 ], [ -136.228284, 57.956016 ], [ -136.228274, 57.953368 ], [ -136.226342, 57.952945 ], [ -136.225793, 57.953368 ], [ -136.201092, 57.953368 ], [ -136.201114, 57.960593 ], [ -136.224024, 57.960593 ], [ -136.227259, 57.962427 ], [ -136.23223, 57.962425 ], [ -136.236094, 57.964695 ], [ -136.237929, 57.96322 ] ] ] } },
{ "type": "Feature", "properties": { "GEOID": "0263390", "NAME": "Port Heiden city, Alaska", "population": 93.0 }, "geometry": { "type": "MultiPolygon", "coordinates": [ [ [ [ -158.6911513, 56.9630062 ], [ -158.687871, 56.960494 ], [ -158.68672, 56.954348 ], [ -158.685014, 56.950943 ], [ -158.68211, 56.947234 ], [ -158.680326, 56.941248 ], [ -158.677653, 56.93721 ], [ -158.67753, 56.936065 ], [ -158.675316, 56.936562 ], [ -158.675757, 56.93438 ], [ -158.678782, 56.93124 ], [ -158.680974, 56.927462 ], [ -158.678503, 56.926563 ], [ -158.680477, 56.925276 ], [ -158.681605099999985, 56.9229056 ], [ -158.681311, 56.922713 ], [ -158.6816062, 56.9223211 ], [ -158.682192300000025, 56.9215428 ], [ -158.6842469, 56.9188147 ], [ -158.6842926, 56.918754 ], [ -158.684877, 56.917978 ], [ -158.686184, 56.915902 ], [ -158.686184, 56.911555 ], [ -158.686659, 56.907143 ], [ -158.689536600000025, 56.9024941 ], [ -158.687225, 56.902166 ], [ -158.684783, 56.90228 ], [ -158.684006, 56.901798 ], [ -158.679909, 56.901156 ], [ -158.681166, 56.900482 ], [ -158.684077, 56.900648 ], [ -158.685483, 56.901239 ], [ -158.687095, 56.900946 ], [ -158.690343, 56.9011914 ], [ -158.6907161, 56.9005887 ], [ -158.686372, 56.900005 ], [ -158.680485, 56.899684 ], [ -158.676966, 56.897917 ], [ -158.67294, 56.894648 ], [ -158.67109, 56.891555 ], [ -158.667475, 56.89062 ], [ -158.667427, 56.889969 ], [ -158.664552, 56.888112 ], [ -158.668655, 56.886346 ], [ -158.671352, 56.887629 ], [ -158.672257, 56.888887 ], [ -158.674104, 56.889053 ], [ -158.671807, 56.891122 ], [ -158.678881, 56.887574 ], [ -158.680212, 56.884616 ], [ -158.526748, 56.884479 ], [ -158.527084, 57.000095 ], [ -158.6719463, 57.000105 ], [ -158.675013, 56.994767 ], [ -158.679529, 56.990753 ], [ -158.683569, 56.983825 ], [ -158.688679, 56.973204 ], [ -158.6900689, 56.9674708 ], [ -158.6911513, 56.9630062 ] ] ], [ [ [ -158.692643799999985, 56.896828 ], [ -158.690869, 56.896447 ], [ -158.687126, 56.896636 ], [ -158.684874, 56.897728 ], [ -158.684892, 56.898208 ], [ -158.685817, 56.89852 ], [ -158.686903, 56.897626 ], [ -158.690371, 56.896859 ], [ -158.6924874, 56.8974405 ], [ -158.692643799999985, 56.896828 ] ] ] ] } },
{ "type": "Feature", "properties": { "GEOID": "0268670", "NAME": "Shageluk city, Alaska", "population": 93.0 }, "geometry": { "type": "Polygon", "coordinates": [ [ [ -159.604502, 62.639065 ], [ -159.510385, 62.639065 ], [ -159.510406, 62.675163 ], [ -159.541817, 62.675163 ], [ -159.541864, 62.704041 ], [ -159.593373, 62.70404 ], [ -159.604746, 62.70404 ], [ -159.604502, 62.639065 ] ] ] } },
{ "type": "Feature", "properties": { "GEOID": "0242050", "NAME": "Koyukuk city, Alaska", "population": 92.0 }, "geometry": { "type": "Polygon", "coordinates": [ [ [ -157.73599, 64.874585 ], [ -157.724008, 64.875478 ], [ -157.710839, 64.877239 ], [ -157.704753, 64.878948 ], [ -157.68948, 64.885495 ], [ -157.679879, 64.887594 ], [ -157.670184, 64.890989 ], [ -157.646186, 64.903371 ], [ -157.643223, 64.905198 ], [ -157.641091, 64.907678 ], [ -157.635539, 64.917623 ], [ -157.73393, 64.917667 ], [ -157.734209, 64.914648 ], [ -157.729951, 64.887931 ], [ -157.735357, 64.885205 ], [ -157.73599, 64.874585 ] ] ] } },
{ "type": "Feature", "properties": { "GEOID": "0220380", "NAME": "Eagle city, Alaska", "population": 89.0 }, "geometry": { "type": "Polygon", "coordinates": [ [ [ -141.20777, 64.773084 ], [ -141.164316, 64.780557 ], [ -141.158562, 64.781549 ], [ -141.163827, 64.781518 ], [ -141.16748, 64.781768 ], [ -141.179779, 64.782665 ], [ -141.181993, 64.781651 ], [ -141.18498, 64.782292 ], [ -141.19596, 64.786043 ], [ -141.200972, 64.789897 ], [ -141.220508, 64.786438 ], [ -141.20777, 64.773084 ] ] ] } },
{ "type": "Feature", "properties": { "GEOID": "0284000", "NAME": "Whale Pass city, Alaska", "population": 88.0 }, "geometry": { "type": "MultiPolygon", "coordinates": [ [ [ [ -133.065898, 56.127209 ], [ -133.063403, 56.123632 ], [ -133.061264, 56.120717 ], [ -133.058976799999982, 56.1172116 ], [ -133.0590298, 56.1340662 ], [ -133.059124, 56.134097 ], [ -133.060432, 56.133501 ], [ -133.060542, 56.131662 ], [ -133.063412, 56.128471 ], [ -133.064591, 56.128401 ], [ -133.065898, 56.127209 ] ] ], [ [ [ -133.0677905, 56.0388216 ], [ -133.058728, 56.038862 ], [ -133.0587577, 56.0451103 ], [ -133.059481, 56.04479 ], [ -133.060321, 56.043555 ], [ -133.063389, 56.042877 ], [ -133.066389, 56.04279 ], [ -133.067753, 56.040421 ], [ -133.0677905, 56.0388216 ] ] ], [ [ [ -133.080753, 56.086585 ], [ -133.080516, 56.084264 ], [ -133.079565, 56.081943 ], [ -133.077426, 56.080683 ], [ -133.077663, 56.074383 ], [ -133.07695, 56.072194 ], [ -133.072434, 56.069076 ], [ -133.072316, 56.067418 ], [ -133.070533, 56.064963 ], [ -133.066849, 56.064035 ], [ -133.062975, 56.058374 ], [ -133.060313, 56.05793 ], [ -133.058789099999984, 56.0580077 ], [ -133.058949499999983, 56.1088669 ], [ -133.063475, 56.108341 ], [ -133.063516, 56.105908 ], [ -133.065417, 56.104119 ], [ -133.065661, 56.099247 ], [ -133.066611, 56.097458 ], [ -133.070771, 56.094121 ], [ -133.075628, 56.095124 ], [ -133.077733, 56.093854 ], [ -133.073511, 56.090248 ], [ -133.074955, 56.088276 ], [ -133.080516, 56.08864 ], [ -133.080753, 56.086585 ] ] ], [ [ [ -133.081942, 56.054148 ], [ -133.081229, 56.052224 ], [ -133.080159, 56.050564 ], [ -133.079208, 56.04864 ], [ -133.078495, 56.047578 ], [ -133.076118, 56.046715 ], [ -133.074692, 56.045454 ], [ -133.073623, 56.045852 ], [ -133.072553, 56.046383 ], [ -133.070533, 56.046184 ], [ -133.068632, 56.047047 ], [ -133.068513, 56.048241 ], [ -133.069582, 56.048839 ], [ -133.069463, 56.051892 ], [ -133.070771, 56.052887 ], [ -133.071127, 56.054082 ], [ -133.071959, 56.055343 ], [ -133.073979, 56.057333 ], [ -133.075405, 56.058395 ], [ -133.075287, 56.059058 ], [ -133.075287, 56.060452 ], [ -133.078971, 56.061115 ], [ -133.080872, 56.06012 ], [ -133.081823, 56.058461 ], [ -133.081704, 56.055741 ], [ -133.081942, 56.054148 ] ] ], [ [ [ -133.187933, 56.082168 ], [ -133.135823, 56.08193 ], [ -133.136061, 56.067891 ], [ -133.110125, 56.067891 ], [ -133.110363, 56.038624 ], [ -133.0742688, 56.0387922 ], [ -133.074811, 56.039347 ], [ -133.076594, 56.040741 ], [ -133.077069, 56.042068 ], [ -133.079803, 56.043462 ], [ -133.081704, 56.044126 ], [ -133.084556, 56.043595 ], [ -133.088121, 56.044657 ], [ -133.089429, 56.045918 ], [ -133.090973, 56.046383 ], [ -133.093469, 56.04625 ], [ -133.09442, 56.047246 ], [ -133.094301, 56.048241 ], [ -133.095727, 56.04937 ], [ -133.095252, 56.050763 ], [ -133.095489, 56.052423 ], [ -133.09644, 56.054546 ], [ -133.095252, 56.056006 ], [ -133.094301, 56.057068 ], [ -133.092162, 56.058395 ], [ -133.092756, 56.059457 ], [ -133.092637, 56.061447 ], [ -133.094301, 56.062509 ], [ -133.095608, 56.064565 ], [ -133.097034, 56.065892 ], [ -133.099055, 56.066091 ], [ -133.100481, 56.067418 ], [ -133.098698, 56.069209 ], [ -133.101313, 56.071265 ], [ -133.102976, 56.072327 ], [ -133.103214, 56.073322 ], [ -133.103689, 56.075113 ], [ -133.107136, 56.076041 ], [ -133.108324, 56.075378 ], [ -133.109988, 56.073919 ], [ -133.111533, 56.073322 ], [ -133.11284, 56.075046 ], [ -133.115573, 56.077566 ], [ -133.11593, 56.080153 ], [ -133.116049, 56.081678 ], [ -133.116762, 56.08327 ], [ -133.116762, 56.085259 ], [ -133.11795, 56.087911 ], [ -133.120565, 56.09116 ], [ -133.122347, 56.093812 ], [ -133.123892, 56.094143 ], [ -133.125318, 56.092884 ], [ -133.126507, 56.09348 ], [ -133.128408, 56.094607 ], [ -133.129002, 56.097126 ], [ -133.129715, 56.099579 ], [ -133.133637, 56.102363 ], [ -133.13637, 56.105014 ], [ -133.136727, 56.106869 ], [ -133.13435, 56.108195 ], [ -133.134231, 56.110116 ], [ -133.13233, 56.111574 ], [ -133.132567, 56.113098 ], [ -133.134825, 56.114357 ], [ -133.133994, 56.115218 ], [ -133.133994, 56.116941 ], [ -133.129596, 56.11767 ], [ -133.12722, 56.117405 ], [ -133.123179, 56.116477 ], [ -133.122466, 56.114688 ], [ -133.121159, 56.112038 ], [ -133.11902, 56.109918 ], [ -133.116881, 56.106935 ], [ -133.115098, 56.106074 ], [ -133.113434, 56.10276 ], [ -133.112365, 56.099844 ], [ -133.110344, 56.098386 ], [ -133.109394, 56.096264 ], [ -133.106185, 56.09653 ], [ -133.104284, 56.09706 ], [ -133.102739, 56.098518 ], [ -133.103927, 56.099512 ], [ -133.103689, 56.100507 ], [ -133.098936, 56.101832 ], [ -133.094182, 56.104152 ], [ -133.089072, 56.10667 ], [ -133.088002, 56.107731 ], [ -133.087884, 56.109785 ], [ -133.088834, 56.111905 ], [ -133.087646, 56.113098 ], [ -133.086458, 56.115616 ], [ -133.082774, 56.115616 ], [ -133.08206, 56.114622 ], [ -133.079803, 56.113164 ], [ -133.077545, 56.111574 ], [ -133.075049, 56.110911 ], [ -133.073742, 56.10899 ], [ -133.071721, 56.110116 ], [ -133.070771, 56.112038 ], [ -133.068275, 56.113032 ], [ -133.068156, 56.115351 ], [ -133.06875, 56.117007 ], [ -133.070652, 56.118465 ], [ -133.073266, 56.118465 ], [ -133.075049, 56.118332 ], [ -133.076, 56.120055 ], [ -133.076475, 56.122175 ], [ -133.076594, 56.123764 ], [ -133.076594, 56.125752 ], [ -133.077545, 56.127606 ], [ -133.077069, 56.128534 ], [ -133.075524, 56.129792 ], [ -133.07695, 56.131448 ], [ -133.076237, 56.132441 ], [ -133.073861, 56.133766 ], [ -133.06982, 56.133435 ], [ -133.066374, 56.134428 ], [ -133.066136, 56.135752 ], [ -133.063521, 56.136746 ], [ -133.059837, 56.137673 ], [ -133.0590475, 56.1395312 ], [ -133.059049, 56.139996 ], [ -133.110125, 56.139989 ], [ -133.11028, 56.149417 ], [ -133.110363, 56.154504 ], [ -133.136382, 56.154456 ], [ -133.136299, 56.140227 ], [ -133.188409, 56.140227 ], [ -133.187933, 56.082168 ] ] ] ] } },
{ "type": "Feature", "properties": { "GEOID": "0213550", "NAME": "Chignik city, Alaska", "population": 87.0 }, "geometry": { "type": "Polygon", "coordinates": [ [ [ -158.46643, 56.279502 ], [ -158.466427, 56.277469 ], [ -158.363728, 56.277471 ], [ -158.338242, 56.320831 ], [ -158.3440683, 56.3218938 ], [ -158.350405, 56.320007 ], [ -158.357773, 56.31803 ], [ -158.365735, 56.316316 ], [ -158.373341, 56.314273 ], [ -158.376431, 56.312691 ], [ -158.381778, 56.310713 ], [ -158.38368, 56.309856 ], [ -158.383323, 56.308933 ], [ -158.381778, 56.308867 ], [ -158.380352, 56.309527 ], [ -158.377619, 56.309329 ], [ -158.376431, 56.307747 ], [ -158.376549, 56.30511 ], [ -158.377381, 56.303198 ], [ -158.379102, 56.302977 ], [ -158.379996, 56.299637 ], [ -158.382967, 56.297857 ], [ -158.386413, 56.296868 ], [ -158.387839, 56.295285 ], [ -158.390929, 56.294626 ], [ -158.397584, 56.294428 ], [ -158.401744, 56.295021 ], [ -158.408161, 56.29878 ], [ -158.409706, 56.301088 ], [ -158.410775, 56.302077 ], [ -158.409587, 56.304648 ], [ -158.409706, 56.306296 ], [ -158.411013, 56.308406 ], [ -158.410538, 56.310318 ], [ -158.407567, 56.314009 ], [ -158.404239, 56.316909 ], [ -158.401933, 56.31766 ], [ -158.400317, 56.319348 ], [ -158.398178, 56.320863 ], [ -158.399486, 56.32205 ], [ -158.400199, 56.324224 ], [ -158.399248, 56.326267 ], [ -158.397337, 56.328921 ], [ -158.399961, 56.328376 ], [ -158.402219, 56.326992 ], [ -158.405784, 56.327124 ], [ -158.408993, 56.328837 ], [ -158.411488, 56.328969 ], [ -158.413152, 56.330023 ], [ -158.413388, 56.331546 ], [ -158.415054, 56.331999 ], [ -158.417005, 56.331221 ], [ -158.416955, 56.330154 ], [ -158.418856, 56.329561 ], [ -158.421827, 56.329298 ], [ -158.420283, 56.326399 ], [ -158.418856, 56.325608 ], [ -158.418975, 56.323895 ], [ -158.421352, 56.323961 ], [ -158.42254, 56.324949 ], [ -158.429077, 56.326201 ], [ -158.43383, 56.328178 ], [ -158.435375, 56.330484 ], [ -158.436088, 56.333712 ], [ -158.435494, 56.33503 ], [ -158.435136799999981, 56.335283 ], [ -158.44365, 56.335282 ], [ -158.443609, 56.320829 ], [ -158.466488, 56.320829 ], [ -158.46643, 56.279502 ] ] ] } },
{ "type": "Feature", "properties": { "GEOID": "0219060", "NAME": "Diomede city, Alaska", "population": 81.0 }, "geometry": { "type": "Polygon", "coordinates": [ [ [ -168.949653, 65.754228 ], [ -168.946801, 65.748664 ], [ -168.943949, 65.745247 ], [ -168.937769, 65.742903 ], [ -168.930164, 65.74095 ], [ -168.9192607, 65.7398967 ], [ -168.918042, 65.739779 ], [ -168.907346, 65.739388 ], [ -168.898077, 65.740755 ], [ -168.894987, 65.743685 ], [ -168.896175, 65.746321 ], [ -168.896888, 65.749445 ], [ -168.899503, 65.752959 ], [ -168.902355, 65.756765 ], [ -168.9016593, 65.7597177 ], [ -168.902669, 65.765543 ], [ -168.901501, 65.766791 ], [ -168.904196399999989, 65.7694352 ], [ -168.90592, 65.769645 ], [ -168.912813, 65.768181 ], [ -168.920656, 65.768084 ], [ -168.93468, 65.765547 ], [ -168.947277, 65.761059 ], [ -168.953456, 65.758132 ], [ -168.949653, 65.754228 ] ] ] } },
{ "type": "Feature", "properties": { "GEOID": "0233910", "NAME": "Hughes city, Alaska", "population": 81.0 }, "geometry": { "type": "Polygon", "coordinates": [ [ [ -154.269906, 66.034928 ], [ -154.265506, 66.031133 ], [ -154.260842, 66.027401 ], [ -154.217809, 66.027436 ], [ -154.21802, 66.080722 ], [ -154.223402, 66.075913 ], [ -154.226782, 66.07078 ], [ -154.232659, 66.065314 ], [ -154.233396, 66.063915 ], [ -154.244954, 66.055598 ], [ -154.245117, 66.054675 ], [ -154.250505, 66.0531 ], [ -154.255074, 66.050938 ], [ -154.260818, 66.046757 ], [ -154.265997, 66.040876 ], [ -154.268421, 66.038679 ], [ -154.269906, 66.034928 ] ] ] } },
{ "type": "Feature", "properties": { "GEOID": "0254150", "NAME": "Nikolai city, Alaska", "population": 81.0 }, "geometry": { "type": "Polygon", "coordinates": [ [ [ -154.408013, 62.992549 ], [ -154.40678, 62.992549 ], [ -154.344498, 62.992545 ], [ -154.34465, 63.026498 ], [ -154.408127, 63.026516 ], [ -154.408013, 62.992549 ] ] ] } },
{ "type": "Feature", "properties": { "GEOID": "0262510", "NAME": "Port Alexander city, Alaska", "population": 74.0 }, "geometry": { "type": "Polygon", "coordinates": [ [ [ -134.6664336, 56.1665545 ], [ -134.665958, 56.166731 ], [ -134.666434, 56.170304 ], [ -134.665721, 56.173215 ], [ -134.662393, 56.174803 ], [ -134.663106, 56.177581 ], [ -134.661205, 56.179301 ], [ -134.659303, 56.185254 ], [ -134.657877, 56.186973 ], [ -134.656926, 56.189089 ], [ -134.657402, 56.19147 ], [ -134.655263, 56.194511 ], [ -134.653837, 56.197949 ], [ -134.65241, 56.200594 ], [ -134.655025, 56.202445 ], [ -134.657164, 56.204825 ], [ -134.659065, 56.20694 ], [ -134.660729, 56.209187 ], [ -134.661205, 56.211699 ], [ -134.656689, 56.214606 ], [ -134.655738, 56.217514 ], [ -134.655738, 56.220686 ], [ -134.653599, 56.223197 ], [ -134.649558, 56.224914 ], [ -134.649083, 56.227557 ], [ -134.651222, 56.229671 ], [ -134.652648, 56.231917 ], [ -134.652173, 56.234559 ], [ -134.649083, 56.237069 ], [ -134.648845, 56.239446 ], [ -134.645042, 56.243409 ], [ -134.641715, 56.245918 ], [ -134.638863, 56.248427 ], [ -134.634822, 56.248559 ], [ -134.631732, 56.247239 ], [ -134.629593, 56.248691 ], [ -134.630069, 56.251992 ], [ -134.627454, 56.252917 ], [ -134.624602, 56.253973 ], [ -134.623414, 56.256085 ], [ -134.626979, 56.25767 ], [ -134.626266, 56.259386 ], [ -134.62484, 56.261234 ], [ -134.626503, 56.26427 ], [ -134.636011, 56.265854 ], [ -134.641239, 56.267834 ], [ -134.643616, 56.271661 ], [ -134.645993, 56.269022 ], [ -134.645993, 56.265722 ], [ -134.649558, 56.264402 ], [ -134.654312, 56.262554 ], [ -134.656689, 56.25965 ], [ -134.663581, 56.257934 ], [ -134.665245, 56.255425 ], [ -134.666604899999982, 56.2544001 ], [ -134.6664336, 56.1665545 ] ] ] } },
{ "type": "Feature", "properties": { "GEOID": "0203880", "NAME": "Anvik city, Alaska", "population": 70.0 }, "geometry": { "type": "Polygon", "coordinates": [ [ [ -160.245448, 62.694778 ], [ -160.245445, 62.610179 ], [ -160.194032, 62.610203 ], [ -160.194478, 62.614854 ], [ -160.192191, 62.624504 ], [ -160.189871, 62.627958 ], [ -160.188233, 62.628686 ], [ -160.183279, 62.629597 ], [ -160.180593, 62.631426 ], [ -160.182871, 62.6293 ], [ -160.188021, 62.628319 ], [ -160.189549, 62.627268 ], [ -160.189849, 62.626336 ], [ -160.186169, 62.626848 ], [ -160.184318, 62.626424 ], [ -160.18148, 62.627529 ], [ -160.177474, 62.630924 ], [ -160.17454, 62.634081 ], [ -160.172785, 62.637628 ], [ -160.172694, 62.641733 ], [ -160.173726, 62.644384 ], [ -160.176315, 62.6482 ], [ -160.177807, 62.648729 ], [ -160.177148, 62.646619 ], [ -160.178988, 62.648531 ], [ -160.179778, 62.652182 ], [ -160.183317, 62.654881 ], [ -160.183497, 62.696815 ], [ -160.245167, 62.696804 ], [ -160.24545, 62.696813 ], [ -160.245448, 62.694778 ] ] ] } },
{ "type": "Feature", "properties": { "GEOID": "0200650", "NAME": "Akhiok city, Alaska", "population": 63.0 }, "geometry": { "type": "Polygon", "coordinates": [ [ [ -154.26684, 56.925898 ], [ -154.215108, 56.925898 ], [ -154.162274, 56.933119 ], [ -154.162299, 56.94445 ], [ -154.158416, 56.946299 ], [ -154.159082, 56.947567 ], [ -154.155454, 56.948824 ], [ -154.157094, 56.951079 ], [ -154.16109, 56.952493 ], [ -154.157882, 56.954559 ], [ -154.155349, 56.957592 ], [ -154.154993, 56.95931 ], [ -154.157383, 56.960997 ], [ -154.155778, 56.962019 ], [ -154.266866, 56.962027 ], [ -154.26684, 56.925898 ] ] ] } },
{ "type": "Feature", "properties": { "GEOID": "0265800", "NAME": "St. George city, Alaska", "population": 63.0 }, "geometry": { "type": "Polygon", "coordinates": [ [ [ -169.787576, 56.613069 ], [ -169.78508, 56.611435 ], [ -169.782941, 56.610781 ], [ -169.779851, 56.608491 ], [ -169.777474, 56.607707 ], [ -169.773434, 56.606791 ], [ -169.771057, 56.605221 ], [ -169.769987, 56.603913 ], [ -169.767254, 56.602866 ], [ -169.762976, 56.6011 ], [ -169.760361, 56.598614 ], [ -169.759886, 56.596193 ], [ -169.757866, 56.593053 ], [ -169.753825, 56.589519 ], [ -169.750497, 56.587622 ], [ -169.74717, 56.586836 ], [ -169.742179, 56.587294 ], [ -169.7379, 56.587294 ], [ -169.733741, 56.587294 ], [ -169.726492, 56.586444 ], [ -169.721382, 56.585855 ], [ -169.718173, 56.585724 ], [ -169.71544, 56.585397 ], [ -169.712112, 56.584088 ], [ -169.706883, 56.582844 ], [ -169.702724, 56.581339 ], [ -169.697376, 56.580946 ], [ -169.692741, 56.581143 ], [ -169.689295, 56.581012 ], [ -169.684779, 56.580095 ], [ -169.682165, 56.579506 ], [ -169.680025, 56.578263 ], [ -169.675391, 56.575841 ], [ -169.67242, 56.572044 ], [ -169.673608, 56.570276 ], [ -169.672539, 56.568181 ], [ -169.670043, 56.566871 ], [ -169.66624, 56.566675 ], [ -169.665527, 56.565824 ], [ -169.66624, 56.563663 ], [ -169.667428, 56.562353 ], [ -169.668736, 56.561174 ], [ -169.668973, 56.557507 ], [ -169.669686, 56.555215 ], [ -169.668736, 56.552267 ], [ -169.666478, 56.55063 ], [ -169.660892, 56.547551 ], [ -169.654475, 56.543424 ], [ -169.64473, 56.539885 ], [ -169.636055, 56.537789 ], [ -169.627023, 56.537461 ], [ -169.623339, 56.537002 ], [ -169.617397, 56.536413 ], [ -169.611455, 56.535757 ], [ -169.605275, 56.534971 ], [ -169.595411, 56.534185 ], [ -169.5884, 56.533464 ], [ -169.583409, 56.532874 ], [ -169.576278, 56.53176 ], [ -169.573307, 56.532481 ], [ -169.570455, 56.532743 ], [ -169.567009, 56.533988 ], [ -169.564275, 56.535233 ], [ -169.560354, 56.537396 ], [ -169.55762, 56.539427 ], [ -169.555719, 56.541786 ], [ -169.554649, 56.54303 ], [ -169.554293, 56.544144 ], [ -169.553223, 56.546437 ], [ -169.551322, 56.549254 ], [ -169.548945, 56.551481 ], [ -169.547757, 56.553381 ], [ -169.545618, 56.555477 ], [ -169.543122, 56.558162 ], [ -169.54122, 56.559996 ], [ -169.540151, 56.561044 ], [ -169.536823, 56.56255 ], [ -169.535041, 56.563859 ], [ -169.531832, 56.564776 ], [ -169.530287, 56.564776 ], [ -169.527197, 56.564907 ], [ -169.525177, 56.565496 ], [ -169.522206, 56.565955 ], [ -169.519116, 56.567854 ], [ -169.515789, 56.568246 ], [ -169.5146, 56.567788 ], [ -169.51258, 56.567526 ], [ -169.509847, 56.567854 ], [ -169.505093, 56.569556 ], [ -169.50236, 56.569883 ], [ -169.499508, 56.569752 ], [ -169.498319, 56.57008 ], [ -169.49725, 56.571716 ], [ -169.495824, 56.572764 ], [ -169.493922, 56.57368 ], [ -169.492853, 56.574924 ], [ -169.490357, 56.575317 ], [ -169.487743, 56.575841 ], [ -169.48489, 56.57643 ], [ -169.48394, 56.577084 ], [ -169.483583, 56.579375 ], [ -169.483583, 56.581273 ], [ -169.483821, 56.582779 ], [ -169.482514, 56.58435 ], [ -169.480256, 56.586509 ], [ -169.478473, 56.587098 ], [ -169.475383, 56.588342 ], [ -169.473601, 56.589454 ], [ -169.470154, 56.591286 ], [ -169.468134, 56.592071 ], [ -169.465876, 56.593773 ], [ -169.465519, 56.595343 ], [ -169.46647, 56.59639 ], [ -169.471105, 56.597436 ], [ -169.474314, 56.598222 ], [ -169.480374, 56.598025 ], [ -169.483108, 56.598418 ], [ -169.484415, 56.599595 ], [ -169.486554, 56.600904 ], [ -169.492615, 56.602081 ], [ -169.495586, 56.602932 ], [ -169.496774, 56.604632 ], [ -169.498319, 56.60581 ], [ -169.500577, 56.606202 ], [ -169.503429, 56.607118 ], [ -169.506995, 56.606137 ], [ -169.509847, 56.606137 ], [ -169.512699, 56.606398 ], [ -169.514719, 56.606922 ], [ -169.517571, 56.606398 ], [ -169.521731, 56.607183 ], [ -169.525177, 56.607314 ], [ -169.530525, 56.605025 ], [ -169.535516, 56.604044 ], [ -169.537299, 56.603324 ], [ -169.539676, 56.60352 ], [ -169.544667, 56.60424 ], [ -169.54942, 56.604044 ], [ -169.549777, 56.602278 ], [ -169.552154, 56.601885 ], [ -169.5556, 56.601885 ], [ -169.55869, 56.601362 ], [ -169.560948, 56.601558 ], [ -169.563562, 56.603128 ], [ -169.563681, 56.604632 ], [ -169.564988, 56.605614 ], [ -169.569267, 56.605221 ], [ -169.574139, 56.605025 ], [ -169.579962, 56.604305 ], [ -169.582696, 56.603062 ], [ -169.586142, 56.601362 ], [ -169.589707, 56.601362 ], [ -169.594223, 56.601623 ], [ -169.597669, 56.602278 ], [ -169.605037, 56.603193 ], [ -169.610029, 56.605025 ], [ -169.612881, 56.605875 ], [ -169.615377, 56.605679 ], [ -169.621794, 56.604894 ], [ -169.631063, 56.603586 ], [ -169.641046, 56.603651 ], [ -169.647701, 56.603193 ], [ -169.654356, 56.60339 ], [ -169.665884, 56.604567 ], [ -169.668973, 56.605417 ], [ -169.673014, 56.605352 ], [ -169.677411, 56.606006 ], [ -169.682878, 56.606202 ], [ -169.691078, 56.608295 ], [ -169.700347, 56.609276 ], [ -169.705101, 56.610192 ], [ -169.711043, 56.610781 ], [ -169.714964, 56.610911 ], [ -169.719599, 56.610715 ], [ -169.725898, 56.6115 ], [ -169.730651, 56.6115 ], [ -169.734216, 56.6098 ], [ -169.737306, 56.609734 ], [ -169.74099, 56.610454 ], [ -169.74717, 56.611304 ], [ -169.750141, 56.612546 ], [ -169.754419, 56.614247 ], [ -169.757984, 56.615227 ], [ -169.763095, 56.615097 ], [ -169.771057, 56.614247 ], [ -169.7789, 56.613985 ], [ -169.783773, 56.614443 ], [ -169.786862, 56.614247 ], [ -169.787576, 56.613069 ] ] ] } },
{ "type": "Feature", "properties": { "GEOID": "0260640", "NAME": "Pilot Point city, Alaska", "population": 62.0 }, "geometry": { "type": "MultiPolygon", "coordinates": [ [ [ [ -157.711222, 57.637704 ], [ -157.710152, 57.633887 ], [ -157.7073, 57.63236 ], [ -157.704943, 57.628292 ], [ -157.701114, 57.619962 ], [ -157.698253, 57.614377 ], [ -157.695835, 57.612772 ], [ -157.691331, 57.612549 ], [ -157.681036, 57.614223 ], [ -157.673669, 57.614142 ], [ -157.665751, 57.613708 ], [ -157.65165, 57.615676 ], [ -157.622077, 57.613522 ], [ -157.612628, 57.611346 ], [ -157.60965, 57.612603 ], [ -157.601806, 57.611966 ], [ -157.601513899999986, 57.6112143 ], [ -157.6014372, 57.611017 ], [ -157.599987, 57.607285 ], [ -157.598041, 57.604294 ], [ -157.5938774, 57.5947918 ], [ -157.588339, 57.582152 ], [ -157.586083, 57.569958 ], [ -157.584419, 57.562182 ], [ -157.58425, 57.5618917 ], [ -157.584226799999982, 57.561852 ], [ -157.583231, 57.560142 ], [ -157.581805, 57.558676 ], [ -157.5814997, 57.5573594 ], [ -157.577886, 57.541778 ], [ -157.574437, 57.531827 ], [ -157.571704, 57.527744 ], [ -157.570396, 57.523852 ], [ -157.569921, 57.520916 ], [ -157.573129, 57.514525 ], [ -157.578239699999983, 57.5091299 ], [ -157.580498, 57.506746 ], [ -157.5805478, 57.5066939 ], [ -157.584895, 57.50215 ], [ -157.586915, 57.49768 ], [ -157.587281099999984, 57.4959659 ], [ -157.569429, 57.495834 ], [ -157.569646, 57.553543 ], [ -157.515882, 57.553544 ], [ -157.515926, 57.582445 ], [ -157.569652, 57.582444 ], [ -157.569819, 57.611346 ], [ -157.596744, 57.611345 ], [ -157.596798, 57.625796 ], [ -157.624713, 57.625796 ], [ -157.703398, 57.625794 ], [ -157.703575, 57.712495 ], [ -157.695419, 57.712512 ], [ -157.6954744, 57.7331874 ], [ -157.698506, 57.727602 ], [ -157.701952, 57.721574 ], [ -157.704316, 57.715414 ], [ -157.705398, 57.710402 ], [ -157.705866, 57.696941 ], [ -157.706484, 57.689574 ], [ -157.708845, 57.670767 ], [ -157.710984, 57.648262 ], [ -157.711222, 57.637704 ] ] ], [ [ [ -157.9381544, 57.4668328 ], [ -157.890333, 57.466824 ], [ -157.89037, 57.481284 ], [ -157.863541, 57.481289 ], [ -157.863574, 57.495735 ], [ -157.836734, 57.495736 ], [ -157.836756, 57.510187 ], [ -157.809906, 57.510187 ], [ -157.809917, 57.524638 ], [ -157.78304, 57.524638 ], [ -157.783057, 57.539089 ], [ -157.756927, 57.539089 ], [ -157.756892, 57.524639 ], [ -157.730031, 57.524639 ], [ -157.730074, 57.53909 ], [ -157.703202, 57.53909 ], [ -157.70317, 57.524646 ], [ -157.676308, 57.52464 ], [ -157.676264, 57.495738 ], [ -157.651407299999988, 57.4957354 ], [ -157.652538, 57.496865 ], [ -157.65676, 57.505828 ], [ -157.654173, 57.512111 ], [ -157.657135, 57.519911 ], [ -157.660551, 57.523268 ], [ -157.6653, 57.524656 ], [ -157.669614, 57.528771 ], [ -157.6758, 57.531732 ], [ -157.680869, 57.537682 ], [ -157.682834, 57.543215 ], [ -157.686355, 57.545571 ], [ -157.68612, 57.548524 ], [ -157.685552, 57.55026 ], [ -157.687097, 57.551153 ], [ -157.691494, 57.551663 ], [ -157.693633, 57.553193 ], [ -157.690669, 57.554727 ], [ -157.688523, 57.55619 ], [ -157.685909, 57.55874 ], [ -157.685433, 57.560397 ], [ -157.684007, 57.561545 ], [ -157.67961, 57.560971 ], [ -157.677946, 57.562246 ], [ -157.68068, 57.563457 ], [ -157.683294, 57.563457 ], [ -157.686146, 57.564158 ], [ -157.68781, 57.565751 ], [ -157.695535, 57.565624 ], [ -157.700407, 57.565178 ], [ -157.705517, 57.563903 ], [ -157.713955, 57.559823 ], [ -157.733682, 57.557401 ], [ -157.747468, 57.55619 ], [ -157.7565, 57.553894 ], [ -157.773018, 57.547582 ], [ -157.787992, 57.542225 ], [ -157.803043, 57.534492 ], [ -157.81176, 57.529212 ], [ -157.826615, 57.518619 ], [ -157.841589, 57.509875 ], [ -157.857751, 57.500681 ], [ -157.870348, 57.493593 ], [ -157.881163, 57.489122 ], [ -157.895423, 57.485098 ], [ -157.915032, 57.479732 ], [ -157.923351, 57.476793 ], [ -157.930006, 57.473981 ], [ -157.935116, 57.469764 ], [ -157.9381544, 57.4668328 ] ] ] ] } },
{ "type": "Feature", "properties": { "GEOID": "0215430", "NAME": "Clark's Point city, Alaska", "population": 61.0 }, "geometry": { "type": "Polygon", "coordinates": [ [ [ -158.558193, 58.835322 ], [ -158.55748, 58.831878 ], [ -158.55439, 58.826035 ], [ -158.5519261, 58.8223492 ], [ -158.530265, 58.822445 ], [ -158.530262, 58.81883 ], [ -158.502788, 58.81883 ], [ -158.502906, 58.847725 ], [ -158.517163399999987, 58.847724 ], [ -158.518263, 58.846882 ], [ -158.52094, 58.845796 ], [ -158.52266, 58.845099 ], [ -158.527414, 58.842947 ], [ -158.530504, 58.842578 ], [ -158.53704, 58.842025 ], [ -158.542506, 58.84387 ], [ -158.546428, 58.844362 ], [ -158.552489, 58.844607 ], [ -158.554866, 58.843009 ], [ -158.55748, 58.840672 ], [ -158.558193, 58.835322 ] ] ] } },
{ "type": "Feature", "properties": { "GEOID": "0204210", "NAME": "Atka city, Alaska", "population": 58.0 }, "geometry": { "type": "MultiPolygon", "coordinates": [ [ [ [ -174.2524857, 52.241413599999987 ], [ -174.2504999, 52.2421689 ], [ -174.2485159, 52.2416289 ], [ -174.2361309, 52.2408739 ], [ -174.2291789, 52.2420249 ], [ -174.2283179, 52.2422539 ], [ -174.2261009, 52.2408339 ], [ -174.222584899999987, 52.2405929 ], [ -174.2222079, 52.1853189 ], [ -174.183802, 52.1853209 ], [ -174.179147, 52.1853209 ], [ -174.174483, 52.1816269 ], [ -174.173823, 52.1803209 ], [ -174.168952, 52.1798329 ], [ -174.158593, 52.1761089 ], [ -174.154601, 52.1773629 ], [ -174.1504799, 52.17695 ], [ -174.151458, 52.1775209 ], [ -174.156331, 52.1842249 ], [ -174.155499, 52.1852449 ], [ -174.155855, 52.1893249 ], [ -174.157519, 52.1911469 ], [ -174.15942, 52.1924579 ], [ -174.169165, 52.1950079 ], [ -174.170235, 52.1968289 ], [ -174.175464, 52.1986499 ], [ -174.177959, 52.1998879 ], [ -174.181643, 52.1995239 ], [ -174.184377, 52.1966829 ], [ -174.187348, 52.1960999 ], [ -174.188893, 52.1950079 ], [ -174.193884, 52.1988679 ], [ -174.194359, 52.2019279 ], [ -174.1945127, 52.202096 ], [ -174.196023, 52.2037479 ], [ -174.199707, 52.205568899999989 ], [ -174.203272, 52.2095749 ], [ -174.204936, 52.2116129 ], [ -174.20755, 52.2137979 ], [ -174.207432, 52.2157639 ], [ -174.207075, 52.2182389 ], [ -174.206006, 52.2198409 ], [ -174.202678, 52.2208599 ], [ -174.200777, 52.2212969 ], [ -174.197687, 52.2233359 ], [ -174.195548, 52.2258109 ], [ -174.19222, 52.2287949 ], [ -174.189249, 52.2311249 ], [ -174.18509, 52.2333079 ], [ -174.18093, 52.2343999 ], [ -174.176771, 52.2346909 ], [ -174.174156, 52.2344729 ], [ -174.17178, 52.2333809 ], [ -174.168928, 52.2317069 ], [ -174.163817, 52.2285039 ], [ -174.1588327, 52.2247508 ], [ -174.159179, 52.2431759 ], [ -174.206302, 52.2431749 ], [ -174.20635, 52.2721019 ], [ -174.2337459, 52.272124 ], [ -174.230486899999988, 52.2685209 ], [ -174.2289419, 52.2640119 ], [ -174.2282289, 52.2580479 ], [ -174.2284659, 52.2530279 ], [ -174.230723899999987, 52.2467709 ], [ -174.2345214, 52.243467 ], [ -174.235239899999982, 52.242841899999988 ], [ -174.238091900000029, 52.2411679 ], [ -174.2407069, 52.2416769 ], [ -174.2436779, 52.2417499 ], [ -174.24890689999998, 52.2432779 ], [ -174.2523529, 52.2416049 ], [ -174.2524857, 52.241413599999987 ] ] ], [ [ [ -174.2969559, 52.2223099 ], [ -174.290129899999982, 52.2209339 ], [ -174.2882299, 52.2172019 ], [ -174.2877829, 52.2121259 ], [ -174.290003899999988, 52.2085149 ], [ -174.2887069, 52.2063859 ], [ -174.2855109, 52.2058909 ], [ -174.2836466, 52.2073967 ], [ -174.2869359, 52.2081909 ], [ -174.2876489, 52.2093559 ], [ -174.2869359, 52.2104479 ], [ -174.286103900000029, 52.2119779 ], [ -174.28562789999998, 52.2151809 ], [ -174.2868169, 52.2182389 ], [ -174.2893119, 52.2215159 ], [ -174.2929959, 52.2220979 ], [ -174.294540899999987, 52.2229719 ], [ -174.295610899999986, 52.2250099 ], [ -174.298027199999979, 52.2249649 ], [ -174.2969559, 52.2223099 ] ] ], [ [ [ -174.3056157, 52.2137372 ], [ -174.3034989, 52.2124199 ], [ -174.3002109, 52.2135409 ], [ -174.297660899999983, 52.2130829 ], [ -174.297974700000026, 52.2136258 ], [ -174.299056899999982, 52.2137979 ], [ -174.3047609, 52.2142349 ], [ -174.3056157, 52.2137372 ] ] ], [ [ [ -174.3172399, 52.2861898 ], [ -174.3098719, 52.2847358 ], [ -174.3083269, 52.2836458 ], [ -174.304166899999984, 52.2823368 ], [ -174.301908900000029, 52.2806648 ], [ -174.301507800000024, 52.2801998 ], [ -174.28549289999998, 52.2862488 ], [ -174.2751649, 52.2887408 ], [ -174.2694759, 52.2912868 ], [ -174.266679899999986, 52.2928798 ], [ -174.2583779, 52.2967458 ], [ -174.2538879, 52.2980168 ], [ -174.250155899999982, 52.2999348 ], [ -174.2545519, 52.2997408 ], [ -174.270529899999985, 52.2963388 ], [ -174.2777859, 52.2954028 ], [ -174.2845609, 52.2950388 ], [ -174.3035529, 52.2913338 ], [ -174.309141899999986, 52.2916778 ], [ -174.3109929, 52.2922728 ], [ -174.313620899999989, 52.2898468 ], [ -174.312146899999988, 52.2872358 ], [ -174.319810499999988, 52.2860591 ], [ -174.3172399, 52.2861898 ] ] ], [ [ [ -174.323225899999983, 52.2056879 ], [ -174.3222979, 52.2027259 ], [ -174.320037899999988, 52.2003879 ], [ -174.3184129, 52.2017759 ], [ -174.317933899999986, 52.2046399 ], [ -174.317020599999978, 52.2050043 ], [ -174.3202109, 52.2070979 ], [ -174.323260299999987, 52.2080874 ], [ -174.323225899999983, 52.2056879 ] ] ] ] } },
{ "type": "Feature", "properties": { "GEOID": "0216530", "NAME": "Cold Bay city, Alaska", "population": 54.0 }, "geometry": { "type": "MultiPolygon", "coordinates": [ [ [ [ -162.909753, 55.244079 ], [ -162.905712, 55.243401 ], [ -162.901196, 55.243266 ], [ -162.900008, 55.23893 ], [ -162.894779, 55.239878 ], [ -162.890738, 55.238388 ], [ -162.885985, 55.237981 ], [ -162.8850865, 55.236649 ], [ -162.88244229999998, 55.236649 ], [ -162.880892, 55.239564 ], [ -162.873189, 55.245315 ], [ -162.868159, 55.246789 ], [ -162.863405, 55.24584 ], [ -162.857225, 55.245434 ], [ -162.850333, 55.241504 ], [ -162.847956, 55.236897 ], [ -162.846292, 55.230934 ], [ -162.844391, 55.225783 ], [ -162.843915, 55.222529 ], [ -162.851107, 55.2195807 ], [ -162.851105, 55.193282 ], [ -162.751006, 55.193284 ], [ -162.750968, 55.164372 ], [ -162.700465, 55.164373 ], [ -162.700461, 55.135472 ], [ -162.650758, 55.135462 ], [ -162.65072, 55.121005 ], [ -162.623976699999986, 55.121006 ], [ -162.623599, 55.121533 ], [ -162.615756, 55.128464 ], [ -162.613736, 55.129212 ], [ -162.610646, 55.128193 ], [ -162.605417, 55.125271 ], [ -162.599831, 55.124455 ], [ -162.59591, 55.126494 ], [ -162.587829, 55.132745 ], [ -162.587115, 55.135394 ], [ -162.588542, 55.138519 ], [ -162.588066, 55.141304 ], [ -162.589849, 55.142323 ], [ -162.593414, 55.143274 ], [ -162.596266, 55.145175 ], [ -162.597541, 55.147243 ], [ -162.598168, 55.150201 ], [ -162.600188, 55.151559 ], [ -162.605654, 55.152917 ], [ -162.610527, 55.154275 ], [ -162.61231, 55.156991 ], [ -162.611953, 55.159775 ], [ -162.614805, 55.162015 ], [ -162.617895, 55.16378 ], [ -162.618252, 55.166224 ], [ -162.617063, 55.170365 ], [ -162.617301, 55.171043 ], [ -162.620272, 55.171858 ], [ -162.62146, 55.173147 ], [ -162.621698, 55.174844 ], [ -162.623124, 55.175726 ], [ -162.625738, 55.176473 ], [ -162.628591, 55.180476 ], [ -162.632988, 55.181901 ], [ -162.636315, 55.181834 ], [ -162.638454, 55.182851 ], [ -162.640356, 55.186176 ], [ -162.641425, 55.188618 ], [ -162.644753, 55.19201 ], [ -162.646773, 55.193639 ], [ -162.64713, 55.196352 ], [ -162.648437, 55.19703 ], [ -162.656637, 55.196894 ], [ -162.660915, 55.195945 ], [ -162.663292, 55.195402 ], [ -162.673037, 55.19608 ], [ -162.67886, 55.196555 ], [ -162.687297, 55.195402 ], [ -162.69217, 55.195131 ], [ -162.69728, 55.195809 ], [ -162.701202, 55.197776 ], [ -162.699538, 55.200218 ], [ -162.704648, 55.206525 ], [ -162.705955, 55.207203 ], [ -162.708332, 55.207067 ], [ -162.710947, 55.209305 ], [ -162.713442, 55.210051 ], [ -162.716651, 55.209848 ], [ -162.719147, 55.210593 ], [ -162.722831, 55.214594 ], [ -162.724494, 55.217238 ], [ -162.724851, 55.220899 ], [ -162.724376, 55.224288 ], [ -162.723781, 55.226525 ], [ -162.719384, 55.234522 ], [ -162.71736, 55.236757 ], [ -162.717126, 55.239671 ], [ -162.7157, 55.242449 ], [ -162.709402, 55.252882 ], [ -162.700477300000017, 55.261467 ], [ -162.700472, 55.280021 ], [ -162.8234602, 55.280018 ], [ -162.823237, 55.279022 ], [ -162.828228, 55.274554 ], [ -162.834408, 55.271304 ], [ -162.83726, 55.26819 ], [ -162.839162, 55.265211 ], [ -162.844153, 55.265346 ], [ -162.846767, 55.267513 ], [ -162.844391, 55.26995 ], [ -162.84748, 55.271169 ], [ -162.847718, 55.274554 ], [ -162.852709, 55.280511 ], [ -162.86489, 55.277689 ], [ -162.869822, 55.275231 ], [ -162.872199, 55.272388 ], [ -162.880043, 55.272388 ], [ -162.888124, 55.273606 ], [ -162.899295, 55.26995 ], [ -162.899385, 55.267782 ], [ -162.892164, 55.266565 ], [ -162.888837, 55.263179 ], [ -162.88955, 55.260335 ], [ -162.892402, 55.259252 ], [ -162.898448, 55.253871 ], [ -162.90595, 55.252885 ], [ -162.910703, 55.249498 ], [ -162.909753, 55.244079 ] ] ], [ [ [ -162.9247502, 55.236648 ], [ -162.9094427, 55.2366495 ], [ -162.911179, 55.236999 ], [ -162.914387, 55.238218 ], [ -162.917596, 55.237473 ], [ -162.920686, 55.237405 ], [ -162.924608, 55.237541 ], [ -162.9247502, 55.236648 ] ] ] ] } },
{ "type": "Feature", "properties": { "GEOID": "0261080", "NAME": "Platinum city, Alaska", "population": 53.0 }, "geometry": { "type": "Polygon", "coordinates": [ [ [ -161.841263, 59.029055 ], [ -161.839535, 59.025257 ], [ -161.836272, 59.020982 ], [ -161.830568, 59.015293 ], [ -161.816901, 59.004891 ], [ -161.807869, 58.997607 ], [ -161.799669, 58.989098 ], [ -161.793846, 58.980035 ], [ -161.788736, 58.972011 ], [ -161.785646, 58.96417 ], [ -161.783507, 58.957061 ], [ -161.7822, 58.946642 ], [ -161.782194, 58.943147 ], [ -161.784458, 58.938978 ], [ -161.786835, 58.93211 ], [ -161.787548, 58.927388 ], [ -161.786835, 58.918125 ], [ -161.7869867, 58.912706 ], [ -161.713087, 58.912702 ], [ -161.643406, 58.912704 ], [ -161.64394, 59.055748 ], [ -161.648106, 59.055673 ], [ -161.65095, 59.056251 ], [ -161.656796, 59.052931 ], [ -161.660115, 59.051988 ], [ -161.666468, 59.049435 ], [ -161.672041, 59.048378 ], [ -161.677941, 59.04669 ], [ -161.682949, 59.046411 ], [ -161.685623, 59.046699 ], [ -161.690066, 59.045899 ], [ -161.692057, 59.043812 ], [ -161.69638, 59.041086 ], [ -161.703234, 59.038241 ], [ -161.70619, 59.037651 ], [ -161.710145, 59.035947 ], [ -161.715937, 59.035231 ], [ -161.721078, 59.033734 ], [ -161.734921, 59.028375 ], [ -161.748066, 59.025202 ], [ -161.755461, 59.0247 ], [ -161.7617, 59.024696 ], [ -161.766823, 59.024423 ], [ -161.773767, 59.023631 ], [ -161.785194, 59.020037 ], [ -161.78703, 59.018343 ], [ -161.793382, 59.015999 ], [ -161.800921, 59.014247 ], [ -161.806932, 59.014131 ], [ -161.815977, 59.016649 ], [ -161.820368, 59.016315 ], [ -161.822643, 59.018784 ], [ -161.824247, 59.02152 ], [ -161.823866, 59.025431 ], [ -161.822185, 59.030496 ], [ -161.820667, 59.033164 ], [ -161.817031, 59.035929 ], [ -161.816204, 59.039445 ], [ -161.817609, 59.044598 ], [ -161.81844, 59.049 ], [ -161.819173, 59.050276 ], [ -161.81996, 59.05047 ], [ -161.8228872, 59.0500274 ], [ -161.82724, 59.047886 ], [ -161.830924, 59.045319 ], [ -161.835084, 59.042079 ], [ -161.837936, 59.038594 ], [ -161.841382, 59.033153 ], [ -161.841263, 59.029055 ] ] ] } },
{ "type": "Feature", "properties": { "GEOID": "0221150", "NAME": "Egegik city, Alaska", "population": 35.0 }, "geometry": { "type": "Polygon", "coordinates": [ [ [ -157.554723199999984, 58.1542097 ], [ -157.370835, 58.154301 ], [ -157.370886, 58.175903 ], [ -157.330409, 58.176056 ], [ -157.330414, 58.177284 ], [ -157.32887, 58.190424 ], [ -157.262058, 58.190424 ], [ -157.262176, 58.233699 ], [ -157.330615, 58.233775 ], [ -157.330641, 58.241 ], [ -157.480434, 58.240993 ], [ -157.480553, 58.262593 ], [ -157.507969, 58.262593 ], [ -157.508197, 58.323988 ], [ -157.5473314, 58.3239545 ], [ -157.54746, 58.322103 ], [ -157.547341, 58.311305 ], [ -157.545083, 58.299317 ], [ -157.543182, 58.295944 ], [ -157.539854, 58.292821 ], [ -157.537478, 58.291822 ], [ -157.532368, 58.291822 ], [ -157.530228, 58.29076 ], [ -157.53011, 58.288636 ], [ -157.533081, 58.287262 ], [ -157.539617, 58.282327 ], [ -157.540924, 58.27989 ], [ -157.539854, 58.276641 ], [ -157.53617, 58.271641 ], [ -157.517869, 58.257889 ], [ -157.503965, 58.248698 ], [ -157.494814, 58.24213 ], [ -157.488753, 58.238002 ], [ -157.477464, 58.23112 ], [ -157.469145, 58.226114 ], [ -157.459281, 58.219981 ], [ -157.450368, 58.212908 ], [ -157.445852, 58.209152 ], [ -157.44193, 58.207336 ], [ -157.439078, 58.206835 ], [ -157.434206, 58.20696 ], [ -157.428254, 58.208072 ], [ -157.388334, 58.205333 ], [ -157.391542, 58.194687 ], [ -157.396652, 58.186669 ], [ -157.403426, 58.177396 ], [ -157.406873, 58.173824 ], [ -157.411034, 58.171789 ], [ -157.415191, 58.169437 ], [ -157.423035, 58.167306 ], [ -157.432661, 58.165613 ], [ -157.445852, 58.164547 ], [ -157.463311, 58.163673 ], [ -157.472472, 58.162479 ], [ -157.481029, 58.16135 ], [ -157.491673, 58.162016 ], [ -157.494814, 58.161037 ], [ -157.505153, 58.160974 ], [ -157.515136, 58.1611 ], [ -157.526307, 58.162479 ], [ -157.53011, 58.164798 ], [ -157.529515, 58.170565 ], [ -157.530585, 58.173134 ], [ -157.529278, 58.176393 ], [ -157.528802, 58.180654 ], [ -157.526663, 58.185165 ], [ -157.526426, 58.187671 ], [ -157.527257, 58.190928 ], [ -157.530704, 58.187859 ], [ -157.533912, 58.18623 ], [ -157.541043, 58.177458 ], [ -157.547698, 58.165049 ], [ -157.550643, 58.159528 ], [ -157.554723199999984, 58.1542097 ] ] ] } },
{ "type": "Feature", "properties": { "GEOID": "0243040", "NAME": "Larsen Bay city, Alaska", "population": 32.0 }, "geometry": { "type": "Polygon", "coordinates": [ [ [ -154.051697, 57.539992 ], [ -154.038261, 57.539991 ], [ -154.03825, 57.52554 ], [ -153.958426, 57.52554 ], [ -153.958823, 57.5401816 ], [ -153.959906, 57.540109 ], [ -153.966323, 57.538706 ], [ -153.970839, 57.540109 ], [ -153.977732, 57.541512 ], [ -153.984625, 57.544191 ], [ -153.982723, 57.545594 ], [ -153.979871, 57.549165 ], [ -153.976544, 57.55095 ], [ -153.975831, 57.554903 ], [ -153.97197, 57.5606291 ], [ -153.971975, 57.561668 ], [ -153.985419, 57.561667 ], [ -153.985393, 57.554441 ], [ -154.051713, 57.554443 ], [ -154.051697, 57.539992 ] ] ] } },
{ "type": "Feature", "properties": { "GEOID": "0237650", "NAME": "Kasaan city, Alaska", "population": 29.0 }, "geometry": { "type": "Polygon", "coordinates": [ [ [ -132.470821, 55.560812 ], [ -132.467731, 55.560137 ], [ -132.462612, 55.55595 ], [ -132.456487, 55.553489 ], [ -132.449789, 55.552418 ], [ -132.446796, 55.550538 ], [ -132.441276, 55.548514 ], [ -132.433145, 55.547108 ], [ -132.43122, 55.547693 ], [ -132.430047, 55.547296 ], [ -132.428112, 55.5452 ], [ -132.4274, 55.543436 ], [ -132.422124, 55.539043 ], [ -132.418109, 55.539447 ], [ -132.417094, 55.541136 ], [ -132.415579, 55.541222 ], [ -132.41351, 55.539629 ], [ -132.404983, 55.53781 ], [ -132.401778, 55.539121 ], [ -132.397915, 55.53827 ], [ -132.397508, 55.535854 ], [ -132.39406, 55.533844 ], [ -132.389353, 55.533369 ], [ -132.3885912, 55.5335556 ], [ -132.388635, 55.547104 ], [ -132.375888, 55.547105 ], [ -132.37593, 55.56156 ], [ -132.388682, 55.561559 ], [ -132.388729, 55.576013 ], [ -132.438419, 55.57601 ], [ -132.43841, 55.561557 ], [ -132.471871099999987, 55.561556 ], [ -132.470821, 55.560812 ] ] ] } },
{ "type": "Feature", "properties": { "GEOID": "0220970", "NAME": "Edna Bay city, Alaska", "population": 26.0 }, "geometry": { "type": "Polygon", "coordinates": [ [ [ -133.728016, 55.926625 ], [ -133.634887, 55.9266232 ], [ -133.635022, 55.927989 ], [ -133.633834, 55.92932 ], [ -133.629556, 55.930252 ], [ -133.624564, 55.930119 ], [ -133.619573, 55.931584 ], [ -133.61482, 55.937708 ], [ -133.611967, 55.941435 ], [ -133.609591, 55.942234 ], [ -133.609591, 55.94423 ], [ -133.609591, 55.947691 ], [ -133.606501, 55.949421 ], [ -133.602936, 55.949953 ], [ -133.60151, 55.952748 ], [ -133.600796, 55.955409 ], [ -133.5994792, 55.9592584 ], [ -133.599312, 55.998906 ], [ -133.728017, 55.998897 ], [ -133.728016, 55.926625 ] ] ] } },
{ "type": "Feature", "properties": { "GEOID": "0206630", "NAME": "Bettles city, Alaska", "population": 23.0 }, "geometry": { "type": "Polygon", "coordinates": [ [ [ -151.566759, 66.891818 ], [ -151.559243, 66.889955 ], [ -151.542531, 66.900357 ], [ -151.531364, 66.897584 ], [ -151.516484, 66.90682 ], [ -151.524721, 66.908867 ], [ -151.503125, 66.922263 ], [ -151.513622, 66.924868 ], [ -151.513646, 66.922551 ], [ -151.52131, 66.921251 ], [ -151.530445, 66.92072 ], [ -151.539121, 66.921112 ], [ -151.557275, 66.909829 ], [ -151.545851, 66.906997 ], [ -151.569342, 66.892458 ], [ -151.566759, 66.891818 ] ] ] } },
{ "type": "Feature", "properties": { "GEOID": "0242160", "NAME": "Kupreanof city, Alaska", "population": 18.0 }, "geometry": { "type": "Polygon", "coordinates": [ [ [ -133.018748, 56.801086 ], [ -133.005536, 56.80099 ], [ -133.005794, 56.779143 ], [ -132.978458, 56.779144 ], [ -132.978804, 56.77939 ], [ -132.981736, 56.781833 ], [ -132.982936, 56.789976 ], [ -132.984522, 56.794062 ], [ -132.985335, 56.798597 ], [ -132.986375, 56.800346 ], [ -132.987748, 56.805082 ], [ -132.986573, 56.806271 ], [ -132.982985, 56.808367 ], [ -132.97259, 56.812633 ], [ -132.968316, 56.815251 ], [ -132.963429, 56.817391 ], [ -132.954452, 56.819107 ], [ -132.95131, 56.82164 ], [ -132.949977, 56.824174 ], [ -132.943792, 56.825039 ], [ -132.9427038, 56.8257116 ], [ -132.944206, 56.826755 ], [ -132.944206, 56.829486 ], [ -132.943256, 56.832087 ], [ -132.9429518, 56.832295 ], [ -132.944817, 56.833 ], [ -132.94855, 56.833124 ], [ -132.951163, 56.831785 ], [ -132.955067, 56.832078 ], [ -132.958846, 56.829623 ], [ -132.979825, 56.829778 ], [ -132.98005, 56.822527 ], [ -133.01878, 56.82249 ], [ -133.018748, 56.801086 ] ] ] } }
]
}
