{
"type": "FeatureCollection",
"name": "places-MS",
"crs": { "type": "name", "properties": { "name": "urn:ogc:def:crs:OGC:1.3:CRS84" } },
"features": [
{ "type": "Feature", "properties": { "GEOID": "2836000", "NAME": "Jackson city, Mississippi", "population": 141196.0 }, "geometry": { "type": "MultiPolygon", "coordinates": [ [ [ [ -90.090304, 32.322274 ], [ -90.090479, 32.31975 ], [ -90.089183, 32.319743 ], [ -90.085657, 32.312376 ], [ -90.07317, 32.292168 ], [ -90.072155, 32.290651 ], [ -90.07207, 32.290652 ], [ -90.071591, 32.290106 ], [ -90.073934, 32.285189 ], [ -90.07406, 32.283868 ], [ -90.07215, 32.287047 ], [ -90.068784, 32.287246 ], [ -90.068786, 32.290536 ], [ -90.070833, 32.290642 ], [ -90.069976, 32.291014 ], [ -90.06873, 32.297921 ], [ -90.062517, 32.300138 ], [ -90.064311, 32.302803 ], [ -90.064173, 32.303815 ], [ -90.061981, 32.304574 ], [ -90.064553, 32.310024 ], [ -90.064782, 32.312745 ], [ -90.068685, 32.320051 ], [ -90.064605, 32.320116 ], [ -90.056255, 32.320248 ], [ -90.055831, 32.320255 ], [ -90.05567, 32.320218 ], [ -90.055817, 32.321644 ], [ -90.055919, 32.323281 ], [ -90.055993, 32.324331 ], [ -90.064115, 32.324373 ], [ -90.068909, 32.324398 ], [ -90.069008, 32.327456 ], [ -90.064231, 32.327341 ], [ -90.064173, 32.332151 ], [ -90.064722, 32.332928 ], [ -90.06501, 32.332944 ], [ -90.06765, 32.332405 ], [ -90.067774, 32.332038 ], [ -90.070673, 32.333016 ], [ -90.072793, 32.334826 ], [ -90.077877, 32.335235 ], [ -90.080827, 32.337592 ], [ -90.08207, 32.336237 ], [ -90.084757, 32.332368 ], [ -90.083885, 32.331105 ], [ -90.089819, 32.328924 ], [ -90.090586, 32.329246 ], [ -90.090304, 32.322274 ] ] ], [ [ [ -90.329248, 32.261236 ], [ -90.322105, 32.261457 ], [ -90.322097, 32.25113 ], [ -90.320773, 32.250653 ], [ -90.312623, 32.247814 ], [ -90.312598, 32.247294 ], [ -90.312255, 32.239742 ], [ -90.300849, 32.239663 ], [ -90.296982, 32.239628 ], [ -90.295656, 32.239604 ], [ -90.295484, 32.23201 ], [ -90.284766, 32.231991 ], [ -90.279162, 32.232869 ], [ -90.279278, 32.221707 ], [ -90.276074, 32.216742 ], [ -90.270823, 32.212622 ], [ -90.270827, 32.21227 ], [ -90.265363, 32.208938 ], [ -90.260857, 32.207513 ], [ -90.256006, 32.202669 ], [ -90.254695, 32.198849 ], [ -90.253031, 32.196861 ], [ -90.252716, 32.195643 ], [ -90.252018, 32.195549 ], [ -90.230172, 32.195502 ], [ -90.228036, 32.197939 ], [ -90.226376, 32.200471 ], [ -90.223079, 32.210046 ], [ -90.222472, 32.209988 ], [ -90.191287, 32.209667 ], [ -90.190994, 32.20966 ], [ -90.188873, 32.214767 ], [ -90.185623, 32.217995 ], [ -90.185448, 32.218624 ], [ -90.185799, 32.219563 ], [ -90.189369, 32.221382 ], [ -90.190857, 32.22282 ], [ -90.190498, 32.2267 ], [ -90.191597, 32.227253 ], [ -90.192207, 32.225666 ], [ -90.196424, 32.2253 ], [ -90.201881, 32.229626 ], [ -90.204422, 32.23077 ], [ -90.208464, 32.235223 ], [ -90.208801, 32.23642 ], [ -90.204391, 32.234646 ], [ -90.20269, 32.236744 ], [ -90.204191, 32.239736 ], [ -90.204048, 32.240582 ], [ -90.199287, 32.240948 ], [ -90.199585, 32.244148 ], [ -90.201691, 32.245346 ], [ -90.205292, 32.245949 ], [ -90.20499, 32.247553 ], [ -90.20549, 32.249849 ], [ -90.205292, 32.251945 ], [ -90.202988, 32.253448 ], [ -90.202591, 32.255348 ], [ -90.201485, 32.256046 ], [ -90.197289, 32.256847 ], [ -90.194092, 32.259445 ], [ -90.193985, 32.262085 ], [ -90.19104, 32.261906 ], [ -90.186089, 32.260647 ], [ -90.184258, 32.261864 ], [ -90.183609, 32.265514 ], [ -90.1875, 32.26635 ], [ -90.186774, 32.27263 ], [ -90.186485, 32.27351 ], [ -90.179701, 32.276162 ], [ -90.179286, 32.276644 ], [ -90.179513, 32.279178 ], [ -90.178878, 32.281634 ], [ -90.178402, 32.283161 ], [ -90.179425, 32.287055 ], [ -90.177724, 32.290313 ], [ -90.177072, 32.28921 ], [ -90.175258, 32.289323 ], [ -90.173551, 32.290484 ], [ -90.171487, 32.289146 ], [ -90.174031, 32.286883 ], [ -90.173704, 32.285677 ], [ -90.171593, 32.283904 ], [ -90.170504, 32.284762 ], [ -90.170788, 32.287458 ], [ -90.167893, 32.287385 ], [ -90.166687, 32.286941 ], [ -90.167387, 32.284943 ], [ -90.165643, 32.283924 ], [ -90.163623, 32.286083 ], [ -90.160787, 32.285843 ], [ -90.156881, 32.287947 ], [ -90.156736, 32.289164 ], [ -90.159755, 32.290261 ], [ -90.15963, 32.29255 ], [ -90.157088, 32.293845 ], [ -90.155086, 32.292845 ], [ -90.152506, 32.290051 ], [ -90.151387, 32.291046 ], [ -90.151187, 32.291746 ], [ -90.153587, 32.295146 ], [ -90.153773, 32.296425 ], [ -90.156187, 32.297346 ], [ -90.156497, 32.301657 ], [ -90.158225, 32.300662 ], [ -90.161638, 32.303507 ], [ -90.162677, 32.30624 ], [ -90.160981, 32.308156 ], [ -90.156291, 32.310543 ], [ -90.152485, 32.310546 ], [ -90.150586, 32.311734 ], [ -90.150529, 32.31319 ], [ -90.154182, 32.31404 ], [ -90.154384, 32.316348 ], [ -90.152957, 32.320775 ], [ -90.152187, 32.323743 ], [ -90.147957, 32.325114 ], [ -90.145829, 32.325401 ], [ -90.144518, 32.323189 ], [ -90.142265, 32.321135 ], [ -90.139696, 32.32212 ], [ -90.138882, 32.323242 ], [ -90.138084, 32.326147 ], [ -90.130287, 32.329747 ], [ -90.129143, 32.331459 ], [ -90.129056, 32.331677 ], [ -90.126839, 32.333918 ], [ -90.118352, 32.340011 ], [ -90.117078, 32.342256 ], [ -90.116031, 32.346104 ], [ -90.112803, 32.343225 ], [ -90.110081, 32.344443 ], [ -90.109685, 32.34865 ], [ -90.111591, 32.35282 ], [ -90.113088, 32.354527 ], [ -90.111661, 32.356683 ], [ -90.111384, 32.358644 ], [ -90.113487, 32.359443 ], [ -90.113987, 32.360543 ], [ -90.112185, 32.362344 ], [ -90.110782, 32.362844 ], [ -90.108976, 32.361742 ], [ -90.106882, 32.361366 ], [ -90.107268, 32.359035 ], [ -90.108542, 32.3566 ], [ -90.109473, 32.354823 ], [ -90.10828, 32.353413 ], [ -90.106185, 32.355544 ], [ -90.105812, 32.359636 ], [ -90.104526, 32.360568 ], [ -90.102885, 32.362944 ], [ -90.104584, 32.366442 ], [ -90.101552, 32.365337 ], [ -90.099819, 32.366767 ], [ -90.102684, 32.369346 ], [ -90.103253, 32.371289 ], [ -90.101585, 32.372744 ], [ -90.101799, 32.375675 ], [ -90.100388, 32.373604 ], [ -90.098923, 32.373055 ], [ -90.097282, 32.374146 ], [ -90.096985, 32.375942 ], [ -90.099487, 32.378445 ], [ -90.100685, 32.382339 ], [ -90.095688, 32.381744 ], [ -90.094887, 32.385445 ], [ -90.095184, 32.389145 ], [ -90.093681, 32.390244 ], [ -90.090683, 32.387943 ], [ -90.088983, 32.384843 ], [ -90.087379, 32.38472 ], [ -90.085655, 32.385784 ], [ -90.083885, 32.387943 ], [ -90.083984, 32.390442 ], [ -90.080887, 32.391045 ], [ -90.080383, 32.391743 ], [ -90.081787, 32.393742 ], [ -90.081482, 32.395344 ], [ -90.076088, 32.393845 ], [ -90.077087, 32.391441 ], [ -90.078789, 32.391243 ], [ -90.080284, 32.390041 ], [ -90.077881, 32.387655 ], [ -90.073921, 32.388652 ], [ -90.067886, 32.391842 ], [ -90.066292, 32.39415 ], [ -90.065681, 32.394844 ], [ -90.06881, 32.398407 ], [ -90.066986, 32.398972 ], [ -90.065697, 32.399529 ], [ -90.067833, 32.39954 ], [ -90.08589, 32.399473 ], [ -90.088151, 32.399411 ], [ -90.089307, 32.399437 ], [ -90.102969, 32.39946 ], [ -90.105696, 32.399444 ], [ -90.108652, 32.399507 ], [ -90.114899, 32.399491 ], [ -90.115565, 32.399487 ], [ -90.118775, 32.399487 ], [ -90.123488, 32.399451 ], [ -90.132044, 32.399504 ], [ -90.134441, 32.399492 ], [ -90.140723, 32.399479 ], [ -90.145021, 32.399782 ], [ -90.147882, 32.399926 ], [ -90.148831, 32.400257 ], [ -90.146065, 32.405207 ], [ -90.145892, 32.405665 ], [ -90.146324, 32.412656 ], [ -90.148196, 32.412652 ], [ -90.148425, 32.412651 ], [ -90.155894, 32.412618 ], [ -90.157978, 32.412215 ], [ -90.157975, 32.411892 ], [ -90.160206, 32.411155 ], [ -90.170846, 32.403861 ], [ -90.174676, 32.400261 ], [ -90.176566, 32.400235 ], [ -90.218094, 32.400056 ], [ -90.218112, 32.385007 ], [ -90.224052, 32.384969 ], [ -90.225891, 32.389278 ], [ -90.225978, 32.390726 ], [ -90.232962, 32.393052 ], [ -90.233847, 32.396419 ], [ -90.233821, 32.399989 ], [ -90.23419, 32.39999 ], [ -90.234244, 32.396683 ], [ -90.233398, 32.393279 ], [ -90.239307, 32.397699 ], [ -90.235775, 32.399977 ], [ -90.239172, 32.399835 ], [ -90.243764, 32.400098 ], [ -90.252493, 32.400185 ], [ -90.260209, 32.400166 ], [ -90.278994, 32.400302 ], [ -90.278997, 32.394483 ], [ -90.27935, 32.385954 ], [ -90.279611, 32.37109 ], [ -90.279846, 32.367116 ], [ -90.280808, 32.362358 ], [ -90.280673, 32.358566 ], [ -90.281305, 32.356566 ], [ -90.27484, 32.3565 ], [ -90.265622, 32.356434 ], [ -90.265626, 32.349029 ], [ -90.274843, 32.349099 ], [ -90.279186, 32.349092 ], [ -90.279435, 32.341943 ], [ -90.281339, 32.341998 ], [ -90.281457, 32.342021 ], [ -90.295548, 32.342039 ], [ -90.295706, 32.334555 ], [ -90.295774, 32.32736 ], [ -90.294693, 32.323908 ], [ -90.298651, 32.325835 ], [ -90.299871, 32.326418 ], [ -90.300981, 32.323909 ], [ -90.305067, 32.323596 ], [ -90.305214, 32.3192 ], [ -90.305372, 32.315639 ], [ -90.305404, 32.314927 ], [ -90.305431, 32.312538 ], [ -90.309502, 32.312676 ], [ -90.316981, 32.312733 ], [ -90.316833, 32.30927 ], [ -90.321528, 32.309415 ], [ -90.321788, 32.302078 ], [ -90.321676, 32.297378 ], [ -90.308909, 32.297567 ], [ -90.302253, 32.296724 ], [ -90.283174, 32.297949 ], [ -90.283453, 32.294984 ], [ -90.28573, 32.290975 ], [ -90.287455, 32.28894 ], [ -90.287653, 32.2845 ], [ -90.287368, 32.279969 ], [ -90.287657, 32.27804 ], [ -90.287004, 32.275596 ], [ -90.295329, 32.275851 ], [ -90.295079, 32.272257 ], [ -90.309244, 32.272244 ], [ -90.313548, 32.272255 ], [ -90.313593, 32.269017 ], [ -90.320118, 32.269201 ], [ -90.32971, 32.267296 ], [ -90.329248, 32.261236 ] ], [ [ -90.243931, 32.396886 ], [ -90.227619, 32.38079 ], [ -90.227061, 32.379062 ], [ -90.227097, 32.372918 ], [ -90.227103, 32.370585 ], [ -90.23365, 32.370644 ], [ -90.233565, 32.373936 ], [ -90.24183, 32.373984 ], [ -90.24178, 32.377866 ], [ -90.240159, 32.377817 ], [ -90.239962, 32.380274 ], [ -90.243157, 32.380274 ], [ -90.243083, 32.383296 ], [ -90.255073, 32.383444 ], [ -90.243931, 32.396886 ] ] ] ] } },
{ "type": "Feature", "properties": { "GEOID": "2829700", "NAME": "Gulfport city, Mississippi", "population": 76506.0 }, "geometry": { "type": "Polygon", "coordinates": [ [ [ -89.136674, 30.412686 ], [ -89.132582, 30.412722 ], [ -89.132602, 30.405327 ], [ -89.128929, 30.405304 ], [ -89.128395, 30.405298 ], [ -89.128425, 30.412776 ], [ -89.124402, 30.412751 ], [ -89.124383, 30.417204 ], [ -89.119746, 30.417174 ], [ -89.119876, 30.405725 ], [ -89.110784, 30.405837 ], [ -89.11081, 30.409515 ], [ -89.103256, 30.409464 ], [ -89.106466, 30.408374 ], [ -89.109383, 30.405781 ], [ -89.11287, 30.404501 ], [ -89.114785, 30.403291 ], [ -89.116282, 30.40186 ], [ -89.118984, 30.400118 ], [ -89.120071, 30.399272 ], [ -89.120063, 30.398396 ], [ -89.123879, 30.398394 ], [ -89.136636, 30.398449 ], [ -89.136633, 30.397859 ], [ -89.13663, 30.397408 ], [ -89.136549, 30.383852 ], [ -89.136537, 30.371004 ], [ -89.13634, 30.369205 ], [ -89.136243, 30.366395 ], [ -89.135558, 30.366717 ], [ -89.134079, 30.365613 ], [ -89.132752, 30.366252 ], [ -89.129937, 30.362597 ], [ -89.127508, 30.358574 ], [ -89.124991, 30.354701 ], [ -89.1243137, 30.3536581 ], [ -89.1014246, 30.3616398 ], [ -89.098803, 30.362554 ], [ -89.097213, 30.358883 ], [ -89.0978802, 30.3574486 ], [ -89.0979047, 30.3573959 ], [ -89.099194, 30.354624 ], [ -89.0959768, 30.3503302 ], [ -89.0953498, 30.3494933 ], [ -89.0896145, 30.3511603 ], [ -89.094569, 30.358034 ], [ -89.094681, 30.360194 ], [ -89.090124, 30.361723 ], [ -89.089843, 30.364733 ], [ -89.08523, 30.366262 ], [ -89.078085, 30.369975 ], [ -89.062039, 30.373995 ], [ -89.0573164, 30.3750935 ], [ -89.048715, 30.3770942 ], [ -89.0351899, 30.3802403 ], [ -89.0280338, 30.3819048 ], [ -89.0274971, 30.3820296 ], [ -89.0270467, 30.3821344 ], [ -89.016378, 30.384616 ], [ -89.0012611, 30.387374 ], [ -89.001288, 30.393232 ], [ -89.001312, 30.39586 ], [ -89.001314, 30.396986 ], [ -89.005543, 30.396936 ], [ -89.005547, 30.398759 ], [ -89.00354, 30.398771 ], [ -89.003369, 30.400626 ], [ -89.0015, 30.400644 ], [ -89.002142, 30.39878 ], [ -89.001316, 30.398784 ], [ -89.001318, 30.40066 ], [ -89.001328, 30.406118 ], [ -89.001369, 30.415847 ], [ -89.00137, 30.415915 ], [ -89.00139, 30.428332 ], [ -89.001447, 30.43214 ], [ -89.0031, 30.431209 ], [ -89.004717, 30.4289 ], [ -89.005969, 30.42893 ], [ -89.006918, 30.429677 ], [ -89.008219, 30.434206 ], [ -89.009796, 30.436779 ], [ -89.011545, 30.437492 ], [ -89.011872, 30.438983 ], [ -89.010315, 30.441096 ], [ -89.01029, 30.444361 ], [ -89.009798, 30.445208 ], [ -89.007435, 30.446599 ], [ -89.007357, 30.447324 ], [ -89.008922, 30.44753 ], [ -89.0095, 30.448521 ], [ -89.00823, 30.450254 ], [ -89.008244, 30.452441 ], [ -89.009644, 30.453061 ], [ -89.009887, 30.450841 ], [ -89.012573, 30.451826 ], [ -89.013655, 30.452992 ], [ -89.013558, 30.453958 ], [ -89.010874, 30.455998 ], [ -89.009531, 30.45785 ], [ -89.011294, 30.459075 ], [ -89.013408, 30.462105 ], [ -89.010244, 30.462624 ], [ -89.009914, 30.463311 ], [ -89.011999, 30.465423 ], [ -89.014413, 30.466615 ], [ -89.013829, 30.467437 ], [ -89.012253, 30.467249 ], [ -89.011143, 30.466163 ], [ -89.010012, 30.468122 ], [ -89.010938, 30.469179 ], [ -89.012951, 30.469216 ], [ -89.014819, 30.470536 ], [ -89.01344, 30.472876 ], [ -89.016242, 30.473944 ], [ -89.016484, 30.475505 ], [ -89.0188, 30.474675 ], [ -89.020153, 30.475478 ], [ -89.022052, 30.47454 ], [ -89.02334, 30.47502 ], [ -89.023042, 30.475921 ], [ -89.021605, 30.476081 ], [ -89.020275, 30.47862 ], [ -89.021153, 30.479344 ], [ -89.021587, 30.481019 ], [ -89.023791, 30.47932 ], [ -89.025977, 30.481113 ], [ -89.025251, 30.484732 ], [ -89.0264, 30.485789 ], [ -89.027145, 30.484991 ], [ -89.028975, 30.484933 ], [ -89.030373, 30.484096 ], [ -89.03194, 30.485419 ], [ -89.030886, 30.486496 ], [ -89.031238, 30.489237 ], [ -89.03273, 30.487118 ], [ -89.035795, 30.488227 ], [ -89.036992, 30.487967 ], [ -89.045665, 30.487864 ], [ -89.052547, 30.488158 ], [ -89.069608, 30.488596 ], [ -89.069617, 30.490049 ], [ -89.069615, 30.492807 ], [ -89.069536, 30.496896 ], [ -89.103457, 30.49672 ], [ -89.103441, 30.500323 ], [ -89.106835, 30.500306 ], [ -89.111322, 30.500246 ], [ -89.120822, 30.500187 ], [ -89.120665, 30.480072 ], [ -89.120632, 30.478496 ], [ -89.120557, 30.474795 ], [ -89.120491, 30.471571 ], [ -89.120956, 30.463907 ], [ -89.119029, 30.46391 ], [ -89.111671, 30.463945 ], [ -89.112093, 30.454696 ], [ -89.112168, 30.453037 ], [ -89.112276, 30.449584 ], [ -89.107786, 30.449519 ], [ -89.107798, 30.447749 ], [ -89.103373, 30.447786 ], [ -89.103157, 30.434803 ], [ -89.123159, 30.434884 ], [ -89.123179, 30.433788 ], [ -89.126926, 30.433811 ], [ -89.126569, 30.42761 ], [ -89.126673, 30.424042 ], [ -89.130411, 30.423883 ], [ -89.130203, 30.419187 ], [ -89.136687, 30.416875 ], [ -89.136674, 30.412686 ] ] ] } },
{ "type": "Feature", "properties": { "GEOID": "2869280", "NAME": "Southaven city, Mississippi", "population": 57819.0 }, "geometry": { "type": "Polygon", "coordinates": [ [ [ -90.096721, 34.991506 ], [ -90.096574, 34.991409 ], [ -90.096438, 34.991254 ], [ -90.096322, 34.991058 ], [ -90.096262, 34.97718 ], [ -90.090564, 34.977079 ], [ -90.067619, 34.977274 ], [ -90.060701, 34.97733 ], [ -90.060704, 34.977195 ], [ -90.045481, 34.977264 ], [ -90.033353, 34.977279 ], [ -90.033284, 34.976342 ], [ -90.031299, 34.970953 ], [ -90.029391, 34.966887 ], [ -90.029264, 34.966329 ], [ -90.023172, 34.965572 ], [ -90.02219, 34.966618 ], [ -90.021099, 34.965369 ], [ -90.018852, 34.965641 ], [ -90.016428, 34.96492 ], [ -90.013711, 34.96478 ], [ -90.012458, 34.966863 ], [ -90.008869, 34.968295 ], [ -90.007541, 34.968197 ], [ -90.007519, 34.966263 ], [ -90.003159, 34.967418 ], [ -90.000965, 34.967452 ], [ -90.000524, 34.966 ], [ -90.001104, 34.962533 ], [ -89.999597, 34.960072 ], [ -89.999206, 34.959324 ], [ -89.997368, 34.948138 ], [ -90.002111, 34.948151 ], [ -90.007643, 34.948166 ], [ -90.00772, 34.944111 ], [ -90.016754, 34.944122 ], [ -90.016671, 34.941888 ], [ -90.013356, 34.933552 ], [ -90.009822, 34.924916 ], [ -90.006378, 34.918978 ], [ -90.021351, 34.918954 ], [ -90.019233, 34.91059 ], [ -90.015364, 34.904496 ], [ -89.997372, 34.904379 ], [ -89.991316, 34.904365 ], [ -89.990513, 34.904362 ], [ -89.990433, 34.894826 ], [ -89.987006, 34.895036 ], [ -89.987005, 34.894184 ], [ -89.979329, 34.894337 ], [ -89.972322, 34.894764 ], [ -89.972315, 34.901127 ], [ -89.969139, 34.901118 ], [ -89.969143, 34.89939 ], [ -89.967918, 34.899392 ], [ -89.968077, 34.892465 ], [ -89.963534, 34.892454 ], [ -89.963375, 34.889586 ], [ -89.9368, 34.889524 ], [ -89.936674, 34.889526 ], [ -89.936873, 34.892177 ], [ -89.936774, 34.903229 ], [ -89.936764, 34.904106 ], [ -89.919133, 34.904075 ], [ -89.919081, 34.904079 ], [ -89.919065, 34.905952 ], [ -89.918956, 34.918713 ], [ -89.919014, 34.933179 ], [ -89.921301, 34.933188 ], [ -89.921334, 34.947828 ], [ -89.919013, 34.947822 ], [ -89.919152, 34.947921 ], [ -89.919151, 34.960521 ], [ -89.919025, 34.961638 ], [ -89.918938, 34.961645 ], [ -89.918938, 34.962362 ], [ -89.919009, 34.976272 ], [ -89.9188788, 34.9944381 ], [ -89.9190416, 34.9944387 ], [ -89.9367527, 34.9944958 ], [ -89.9367552, 34.9944958 ], [ -89.9558983, 34.9945575 ], [ -89.972195500000012, 34.9946101 ], [ -89.9899007, 34.9946672 ], [ -89.9899074, 34.9946672 ], [ -90.002265, 34.994707 ], [ -90.0025385, 34.9947079 ], [ -90.008137, 34.994726 ], [ -90.0081548, 34.994726 ], [ -90.0250176, 34.9947804 ], [ -90.0251618, 34.9947808 ], [ -90.0313066, 34.9948007 ], [ -90.0313767, 34.9948009 ], [ -90.0430376, 34.9948385 ], [ -90.0607843, 34.9948957 ], [ -90.0607853, 34.9948957 ], [ -90.0963408, 34.9950104 ], [ -90.09633, 34.992152 ], [ -90.096516, 34.99186 ], [ -90.096634, 34.991764 ], [ -90.096973, 34.991602 ], [ -90.096721, 34.991506 ] ] ] } },
{ "type": "Feature", "properties": { "GEOID": "2831020", "NAME": "Hattiesburg city, Mississippi", "population": 48802.0 }, "geometry": { "type": "Polygon", "coordinates": [ [ [ -89.426006, 31.317035 ], [ -89.426007, 31.316479 ], [ -89.420372, 31.316952 ], [ -89.415866, 31.317032 ], [ -89.415708, 31.302938 ], [ -89.410296, 31.302904 ], [ -89.409544, 31.304993 ], [ -89.409694, 31.306377 ], [ -89.404401, 31.306392 ], [ -89.404422, 31.310143 ], [ -89.403383, 31.310154 ], [ -89.401027, 31.310146 ], [ -89.401031, 31.311014 ], [ -89.399162, 31.311213 ], [ -89.399196, 31.311789 ], [ -89.399004, 31.313767 ], [ -89.403223, 31.313776 ], [ -89.403238, 31.317357 ], [ -89.399341, 31.317434 ], [ -89.398992, 31.31582 ], [ -89.394656, 31.315649 ], [ -89.394586, 31.313723 ], [ -89.397948, 31.313723 ], [ -89.397328, 31.310382 ], [ -89.394498, 31.309057 ], [ -89.394219, 31.309537 ], [ -89.393319, 31.309083 ], [ -89.393325, 31.310076 ], [ -89.392576, 31.310131 ], [ -89.392561, 31.308238 ], [ -89.387955, 31.306848 ], [ -89.386084, 31.306768 ], [ -89.386068, 31.310072 ], [ -89.392046, 31.310075 ], [ -89.392057, 31.311945 ], [ -89.393146, 31.311945 ], [ -89.393156, 31.313774 ], [ -89.390397, 31.313742 ], [ -89.39041, 31.317298 ], [ -89.381831, 31.317344 ], [ -89.381834, 31.315554 ], [ -89.378448, 31.315542 ], [ -89.377578, 31.317399 ], [ -89.3776, 31.32047 ], [ -89.37666, 31.320449 ], [ -89.376667, 31.321016 ], [ -89.37567, 31.319423 ], [ -89.373317, 31.31942 ], [ -89.373329, 31.320136 ], [ -89.371401, 31.31979 ], [ -89.371097, 31.321026 ], [ -89.369132, 31.321034 ], [ -89.369101, 31.319257 ], [ -89.364724, 31.319269 ], [ -89.36294, 31.31988 ], [ -89.362134, 31.318382 ], [ -89.361592, 31.318653 ], [ -89.362051, 31.319588 ], [ -89.361454, 31.319838 ], [ -89.361491, 31.320632 ], [ -89.360789, 31.320778 ], [ -89.361547, 31.320778 ], [ -89.361566, 31.321357 ], [ -89.360552, 31.321351 ], [ -89.360538, 31.319812 ], [ -89.36017, 31.319385 ], [ -89.357687, 31.320497 ], [ -89.356418, 31.32108 ], [ -89.356661, 31.317697 ], [ -89.354995, 31.317651 ], [ -89.354905, 31.321719 ], [ -89.353004, 31.322573 ], [ -89.353003, 31.306712 ], [ -89.356043, 31.306712 ], [ -89.364774, 31.306731 ], [ -89.36477, 31.303018 ], [ -89.376388, 31.302923 ], [ -89.374403, 31.304795 ], [ -89.37384, 31.305686 ], [ -89.372732, 31.308333 ], [ -89.374941, 31.308333 ], [ -89.375412, 31.305113 ], [ -89.376561, 31.302918 ], [ -89.378719, 31.302464 ], [ -89.377285, 31.300958 ], [ -89.374895, 31.299192 ], [ -89.37469, 31.298595 ], [ -89.373731, 31.297376 ], [ -89.364786, 31.297646 ], [ -89.364759, 31.295634 ], [ -89.356269, 31.295727 ], [ -89.356269, 31.288318 ], [ -89.353931, 31.288309 ], [ -89.353923, 31.28207 ], [ -89.355103, 31.281877 ], [ -89.355098, 31.280506 ], [ -89.351836, 31.280333 ], [ -89.347855, 31.274199 ], [ -89.347849, 31.272352 ], [ -89.347884, 31.259176 ], [ -89.339423, 31.259063 ], [ -89.339306, 31.258391 ], [ -89.338947, 31.256783 ], [ -89.339573, 31.255495 ], [ -89.339922, 31.255552 ], [ -89.343522, 31.255558 ], [ -89.343494, 31.253855 ], [ -89.340429, 31.253843 ], [ -89.340809, 31.253114 ], [ -89.338352, 31.253554 ], [ -89.337757, 31.255596 ], [ -89.337494, 31.254401 ], [ -89.334043, 31.251812 ], [ -89.331723, 31.251799 ], [ -89.326848, 31.244521 ], [ -89.322268, 31.244487 ], [ -89.322288, 31.245792 ], [ -89.32026, 31.244619 ], [ -89.318192, 31.244641 ], [ -89.318217, 31.248211 ], [ -89.322328, 31.248193 ], [ -89.32233, 31.259169 ], [ -89.293608, 31.259058 ], [ -89.294489, 31.252355 ], [ -89.293107, 31.251207 ], [ -89.292842, 31.246861 ], [ -89.29429, 31.242605 ], [ -89.294075, 31.242231 ], [ -89.285704, 31.242373 ], [ -89.280138, 31.242836 ], [ -89.278146, 31.242644 ], [ -89.277469, 31.2425 ], [ -89.275316, 31.241387 ], [ -89.27255, 31.236084 ], [ -89.251725, 31.186297 ], [ -89.251386, 31.185871 ], [ -89.250917, 31.186075 ], [ -89.274009, 31.241201 ], [ -89.274303, 31.242572 ], [ -89.273937, 31.244369 ], [ -89.247638, 31.24428 ], [ -89.241702, 31.244467 ], [ -89.230961, 31.244442 ], [ -89.229744, 31.244439 ], [ -89.230144, 31.259141 ], [ -89.225445, 31.259186 ], [ -89.227494, 31.262434 ], [ -89.22769, 31.264573 ], [ -89.230832, 31.266231 ], [ -89.231417, 31.267593 ], [ -89.231477, 31.269204 ], [ -89.230638, 31.272183 ], [ -89.231569, 31.273281 ], [ -89.233476, 31.27311 ], [ -89.236482, 31.271798 ], [ -89.238543, 31.27285 ], [ -89.238925, 31.274128 ], [ -89.237383, 31.277653 ], [ -89.238039, 31.279072 ], [ -89.241473, 31.280529 ], [ -89.243914, 31.282753 ], [ -89.243792, 31.28455 ], [ -89.241854, 31.28669 ], [ -89.240405, 31.294875 ], [ -89.238512, 31.297103 ], [ -89.238558, 31.298328 ], [ -89.240427, 31.298056 ], [ -89.241107, 31.294374 ], [ -89.241905, 31.292979 ], [ -89.243449, 31.292048 ], [ -89.246261, 31.292936 ], [ -89.246878, 31.295588 ], [ -89.249154, 31.296322 ], [ -89.251583, 31.295728 ], [ -89.252942, 31.2961 ], [ -89.253636, 31.297546 ], [ -89.253727, 31.301836 ], [ -89.255363, 31.303923 ], [ -89.26107, 31.304708 ], [ -89.262826, 31.305517 ], [ -89.263272, 31.306984 ], [ -89.263138, 31.308967 ], [ -89.262195, 31.310067 ], [ -89.261163, 31.31063 ], [ -89.258139, 31.311121 ], [ -89.257715, 31.312528 ], [ -89.258238, 31.314385 ], [ -89.25702, 31.315595 ], [ -89.254443, 31.316363 ], [ -89.253181, 31.317617 ], [ -89.253108, 31.319078 ], [ -89.255124, 31.320492 ], [ -89.258845, 31.320015 ], [ -89.261653, 31.320391 ], [ -89.264111, 31.32201 ], [ -89.26749, 31.326441 ], [ -89.268544, 31.328316 ], [ -89.272363, 31.330692 ], [ -89.277669, 31.33521 ], [ -89.279665, 31.33706 ], [ -89.280415, 31.343163 ], [ -89.280612, 31.343786 ], [ -89.281637, 31.344224 ], [ -89.282331, 31.344887 ], [ -89.283909, 31.345627 ], [ -89.284762, 31.346099 ], [ -89.285086, 31.346456 ], [ -89.285919, 31.347275 ], [ -89.286797, 31.347694 ], [ -89.288286, 31.347534 ], [ -89.289059, 31.347672 ], [ -89.290144, 31.34658 ], [ -89.291322, 31.346317 ], [ -89.292078, 31.346282 ], [ -89.293536, 31.346804 ], [ -89.29669, 31.351436 ], [ -89.29825, 31.350116 ], [ -89.300227, 31.35096 ], [ -89.299972, 31.352114 ], [ -89.302457, 31.352296 ], [ -89.304314, 31.351814 ], [ -89.306015, 31.349432 ], [ -89.307716, 31.350095 ], [ -89.308593, 31.351297 ], [ -89.308134, 31.352215 ], [ -89.309163, 31.353943 ], [ -89.311648, 31.355856 ], [ -89.311606, 31.35771 ], [ -89.313312, 31.357887 ], [ -89.314259, 31.356687 ], [ -89.317641, 31.356186 ], [ -89.320287, 31.357725 ], [ -89.324718, 31.358273 ], [ -89.326534, 31.358067 ], [ -89.327637, 31.357055 ], [ -89.326607, 31.356072 ], [ -89.329948, 31.354658 ], [ -89.331178, 31.355191 ], [ -89.330197, 31.357376 ], [ -89.333028, 31.366252 ], [ -89.336455, 31.367899 ], [ -89.339263, 31.368098 ], [ -89.340952, 31.369497 ], [ -89.33946, 31.371506 ], [ -89.342228, 31.375065 ], [ -89.344039, 31.376007 ], [ -89.346292, 31.376049 ], [ -89.348196, 31.374124 ], [ -89.350584, 31.374668 ], [ -89.351406, 31.376635 ], [ -89.350429, 31.377537 ], [ -89.350439, 31.378999 ], [ -89.352462, 31.380227 ], [ -89.354682, 31.382852 ], [ -89.357736, 31.382523 ], [ -89.35989, 31.385788 ], [ -89.359382, 31.386855 ], [ -89.356927, 31.387463 ], [ -89.355824, 31.388894 ], [ -89.353658, 31.390374 ], [ -89.356033, 31.391294 ], [ -89.357058, 31.391106 ], [ -89.358632, 31.389532 ], [ -89.360748, 31.388325 ], [ -89.362565, 31.38877 ], [ -89.363433, 31.390839 ], [ -89.3625, 31.39203 ], [ -89.364631, 31.392432 ], [ -89.365498, 31.390381 ], [ -89.36699, 31.391708 ], [ -89.370033, 31.390487 ], [ -89.370981, 31.390686 ], [ -89.372535, 31.389064 ], [ -89.375197, 31.389793 ], [ -89.375853, 31.389001 ], [ -89.377546, 31.390498 ], [ -89.374622, 31.391917 ], [ -89.374625, 31.394106 ], [ -89.370476, 31.394131 ], [ -89.368297, 31.395442 ], [ -89.369356, 31.397289 ], [ -89.37188, 31.39805 ], [ -89.371297, 31.400713 ], [ -89.372884, 31.403366 ], [ -89.37343, 31.403998 ], [ -89.374971, 31.404998 ], [ -89.377755, 31.405 ], [ -89.377755, 31.403205 ], [ -89.382369, 31.403184 ], [ -89.382357, 31.4005 ], [ -89.387196, 31.400477 ], [ -89.387788, 31.399871 ], [ -89.389779, 31.401655 ], [ -89.388675, 31.402573 ], [ -89.38849, 31.404966 ], [ -89.393972, 31.40495 ], [ -89.382961, 31.395027 ], [ -89.376222, 31.388533 ], [ -89.371622, 31.384364 ], [ -89.368896, 31.381574 ], [ -89.368797, 31.381368 ], [ -89.367584, 31.380042 ], [ -89.366853, 31.378013 ], [ -89.368079, 31.377396 ], [ -89.366868, 31.375979 ], [ -89.364086, 31.375994 ], [ -89.362357, 31.373947 ], [ -89.362584, 31.371628 ], [ -89.361651, 31.37363 ], [ -89.359211, 31.370916 ], [ -89.36044, 31.37045 ], [ -89.360952, 31.366595 ], [ -89.359456, 31.366596 ], [ -89.358105, 31.366596 ], [ -89.357985, 31.364779 ], [ -89.3566, 31.36479 ], [ -89.356567, 31.361439 ], [ -89.373529, 31.361462 ], [ -89.398902, 31.361351 ], [ -89.415588, 31.361272 ], [ -89.415145, 31.346438 ], [ -89.398983, 31.346539 ], [ -89.399002, 31.343658 ], [ -89.398964, 31.342921 ], [ -89.385955, 31.342972 ], [ -89.38596, 31.344003 ], [ -89.384874, 31.344087 ], [ -89.382883, 31.343918 ], [ -89.367063, 31.340473 ], [ -89.364894, 31.340004 ], [ -89.364962, 31.346665 ], [ -89.360741, 31.346671 ], [ -89.355955, 31.346642 ], [ -89.353191, 31.34656 ], [ -89.352644, 31.346566 ], [ -89.35275, 31.337469 ], [ -89.35276, 31.336886 ], [ -89.35279, 31.332081 ], [ -89.356395, 31.332083 ], [ -89.362826, 31.332044 ], [ -89.368769, 31.332008 ], [ -89.377857, 31.331947 ], [ -89.378066, 31.333318 ], [ -89.381528, 31.33297 ], [ -89.381975, 31.333014 ], [ -89.390482, 31.331976 ], [ -89.390436, 31.333717 ], [ -89.396877, 31.333718 ], [ -89.398459, 31.331059 ], [ -89.399339, 31.328957 ], [ -89.399407, 31.324459 ], [ -89.405284, 31.321177 ], [ -89.407483, 31.321177 ], [ -89.415429, 31.321203 ], [ -89.415853, 31.319373 ], [ -89.417984, 31.318763 ], [ -89.426095, 31.318403 ], [ -89.426006, 31.317035 ] ] ] } },
{ "type": "Feature", "properties": { "GEOID": "2806220", "NAME": "Biloxi city, Mississippi", "population": 48516.0 }, "geometry": { "type": "MultiPolygon", "coordinates": [ [ [ [ -88.866391, 30.381493 ], [ -88.851699, 30.375147 ], [ -88.834668, 30.367841 ], [ -88.820023, 30.36075 ], [ -88.818817, 30.360924 ], [ -88.81856, 30.361872 ], [ -88.821243, 30.364264 ], [ -88.824374, 30.367907 ], [ -88.829913, 30.371642 ], [ -88.836166, 30.374066 ], [ -88.837918, 30.374088 ], [ -88.850101, 30.378155 ], [ -88.853039, 30.37872 ], [ -88.865498, 30.383492 ], [ -88.866767, 30.382974 ], [ -88.866391, 30.381493 ] ] ], [ [ [ -89.035795, 30.491514 ], [ -89.035795, 30.488227 ], [ -89.03273, 30.487118 ], [ -89.031238, 30.489237 ], [ -89.030886, 30.486496 ], [ -89.03194, 30.485419 ], [ -89.030373, 30.484096 ], [ -89.028975, 30.484933 ], [ -89.027145, 30.484991 ], [ -89.0264, 30.485789 ], [ -89.025251, 30.484732 ], [ -89.025977, 30.481113 ], [ -89.023791, 30.47932 ], [ -89.021587, 30.481019 ], [ -89.021153, 30.479344 ], [ -89.020275, 30.47862 ], [ -89.021605, 30.476081 ], [ -89.023042, 30.475921 ], [ -89.02334, 30.47502 ], [ -89.022052, 30.47454 ], [ -89.020153, 30.475478 ], [ -89.0188, 30.474675 ], [ -89.016484, 30.475505 ], [ -89.016242, 30.473944 ], [ -89.01344, 30.472876 ], [ -89.014819, 30.470536 ], [ -89.012951, 30.469216 ], [ -89.010938, 30.469179 ], [ -89.010012, 30.468122 ], [ -89.011143, 30.466163 ], [ -89.012253, 30.467249 ], [ -89.013829, 30.467437 ], [ -89.014413, 30.466615 ], [ -89.011999, 30.465423 ], [ -89.009914, 30.463311 ], [ -89.010244, 30.462624 ], [ -89.013408, 30.462105 ], [ -89.011294, 30.459075 ], [ -89.009531, 30.45785 ], [ -89.010874, 30.455998 ], [ -89.013558, 30.453958 ], [ -89.013655, 30.452992 ], [ -89.012573, 30.451826 ], [ -89.009887, 30.450841 ], [ -89.009644, 30.453061 ], [ -89.008244, 30.452441 ], [ -89.00823, 30.450254 ], [ -89.0095, 30.448521 ], [ -89.008922, 30.44753 ], [ -89.007357, 30.447324 ], [ -89.007435, 30.446599 ], [ -89.009798, 30.445208 ], [ -89.01029, 30.444361 ], [ -89.010315, 30.441096 ], [ -89.011872, 30.438983 ], [ -89.011545, 30.437492 ], [ -89.009796, 30.436779 ], [ -89.008219, 30.434206 ], [ -89.006918, 30.429677 ], [ -89.005969, 30.42893 ], [ -89.004717, 30.4289 ], [ -89.0031, 30.431209 ], [ -89.001447, 30.43214 ], [ -89.00139, 30.428332 ], [ -89.00137, 30.415915 ], [ -89.001369, 30.415847 ], [ -89.001328, 30.406118 ], [ -89.001318, 30.40066 ], [ -89.001316, 30.398784 ], [ -89.002142, 30.39878 ], [ -89.0015, 30.400644 ], [ -89.003369, 30.400626 ], [ -89.00354, 30.398771 ], [ -89.005547, 30.398759 ], [ -89.005543, 30.396936 ], [ -89.001314, 30.396986 ], [ -89.001312, 30.39586 ], [ -89.001288, 30.393232 ], [ -89.0012611, 30.387374 ], [ -88.999474, 30.3877 ], [ -88.9879808, 30.389186 ], [ -88.972725, 30.3911586 ], [ -88.971206, 30.391355 ], [ -88.967117700000017, 30.3914938 ], [ -88.955864, 30.391876 ], [ -88.9343095, 30.3931005 ], [ -88.922031, 30.393798 ], [ -88.917296100000016, 30.3937306 ], [ -88.9143384, 30.3936885 ], [ -88.902129, 30.3935147 ], [ -88.894428, 30.3934051 ], [ -88.89393, 30.393398 ], [ -88.8923959, 30.393162 ], [ -88.8921244, 30.3931202 ], [ -88.884829, 30.391998 ], [ -88.881781, 30.393202 ], [ -88.869289, 30.392202 ], [ -88.8678586, 30.3917194 ], [ -88.866017, 30.391098 ], [ -88.861777, 30.391839 ], [ -88.859229, 30.390009 ], [ -88.85726, 30.390866 ], [ -88.8576696, 30.3926904 ], [ -88.858153, 30.394843 ], [ -88.861294, 30.398627 ], [ -88.859224, 30.400768 ], [ -88.859152, 30.406265 ], [ -88.867710800000012, 30.4085026 ], [ -88.8688738, 30.4088066 ], [ -88.869908, 30.409077 ], [ -88.871096, 30.41789 ], [ -88.8708596, 30.4194712 ], [ -88.873829, 30.419998 ], [ -88.88313, 30.418798 ], [ -88.883063, 30.415835 ], [ -88.883526, 30.416225 ], [ -88.884223, 30.417047 ], [ -88.891282, 30.421092 ], [ -88.894444, 30.422317 ], [ -88.905106, 30.425973 ], [ -88.907052, 30.426104 ], [ -88.909324, 30.425906 ], [ -88.916031, 30.423457 ], [ -88.917029, 30.423055 ], [ -88.917001, 30.428932 ], [ -88.917032, 30.430136 ], [ -88.917243, 30.435501 ], [ -88.917104, 30.440463 ], [ -88.917056, 30.443113 ], [ -88.917104, 30.447645 ], [ -88.92143, 30.447463 ], [ -88.925663, 30.447728 ], [ -88.925502, 30.457925 ], [ -88.924822, 30.457724 ], [ -88.922849, 30.459577 ], [ -88.918458, 30.461346 ], [ -88.918462, 30.459872 ], [ -88.918635, 30.458548 ], [ -88.918183, 30.457963 ], [ -88.917604, 30.457816 ], [ -88.915389, 30.458751 ], [ -88.915318, 30.456638 ], [ -88.912091, 30.457997 ], [ -88.911042, 30.459218 ], [ -88.908471, 30.459738 ], [ -88.906118, 30.458877 ], [ -88.904653, 30.459294 ], [ -88.903022, 30.461177 ], [ -88.900587, 30.459889 ], [ -88.899898, 30.460689 ], [ -88.900256, 30.461959 ], [ -88.898392, 30.463733 ], [ -88.897305, 30.466028 ], [ -88.897805, 30.467176 ], [ -88.899514, 30.4662 ], [ -88.900704, 30.466835 ], [ -88.901224, 30.468629 ], [ -88.900403, 30.469737 ], [ -88.900423, 30.486596 ], [ -88.904657, 30.486548 ], [ -88.904673, 30.490163 ], [ -88.905973, 30.490156 ], [ -88.913168, 30.490118 ], [ -88.913228, 30.498319 ], [ -88.916089, 30.498968 ], [ -88.919403, 30.500886 ], [ -88.923547, 30.502932 ], [ -88.925662, 30.504847 ], [ -88.927385, 30.507736 ], [ -88.930242, 30.511052 ], [ -88.930199, 30.508208 ], [ -88.933064, 30.508179 ], [ -88.934387, 30.509036 ], [ -88.934386, 30.508714 ], [ -88.934384, 30.507707 ], [ -88.934338, 30.493761 ], [ -88.960218, 30.493665 ], [ -88.962979, 30.493669 ], [ -88.97576, 30.493589 ], [ -88.983971, 30.493462 ], [ -88.9866, 30.493416 ], [ -88.98969, 30.493491 ], [ -88.990672, 30.496981 ], [ -88.989129, 30.500782 ], [ -88.984947, 30.500798 ], [ -88.982909, 30.501698 ], [ -88.982313, 30.502938 ], [ -88.984935, 30.503536 ], [ -88.984916, 30.507741 ], [ -88.989657, 30.508105 ], [ -89.001734, 30.50807 ], [ -89.002684, 30.505356 ], [ -89.004794, 30.503014 ], [ -89.005164, 30.501326 ], [ -89.005542, 30.497081 ], [ -89.001788, 30.497071 ], [ -89.001781, 30.493586 ], [ -89.035811, 30.493079 ], [ -89.035795, 30.491514 ] ] ] ] } },
{ "type": "Feature", "properties": { "GEOID": "2854040", "NAME": "Olive Branch city, Mississippi", "population": 47563.0 }, "geometry": { "type": "Polygon", "coordinates": [ [ [ -89.921301, 34.933188 ], [ -89.919014, 34.933179 ], [ -89.918956, 34.918713 ], [ -89.919065, 34.905952 ], [ -89.919081, 34.904079 ], [ -89.904811, 34.904032 ], [ -89.900915, 34.903099 ], [ -89.898842, 34.899543 ], [ -89.893707, 34.895373 ], [ -89.889696, 34.894086 ], [ -89.892576, 34.893078 ], [ -89.892468, 34.889426 ], [ -89.893086, 34.889425 ], [ -89.892603, 34.883986 ], [ -89.892736, 34.877421 ], [ -89.892737, 34.874939 ], [ -89.878001, 34.875095 ], [ -89.877111, 34.879573 ], [ -89.877135, 34.881136 ], [ -89.876175, 34.88526 ], [ -89.8759, 34.888691 ], [ -89.873421, 34.902803 ], [ -89.865615, 34.902953 ], [ -89.847973, 34.903495 ], [ -89.847969, 34.903971 ], [ -89.830294, 34.903966 ], [ -89.830362, 34.919094 ], [ -89.828491, 34.918635 ], [ -89.822678, 34.918321 ], [ -89.819733, 34.918678 ], [ -89.812588, 34.918604 ], [ -89.812585, 34.918697 ], [ -89.797495, 34.918711 ], [ -89.796017, 34.918599 ], [ -89.794906, 34.918655 ], [ -89.790856, 34.918795 ], [ -89.790806, 34.925061 ], [ -89.790788, 34.929352 ], [ -89.790392, 34.929042 ], [ -89.788171, 34.933031 ], [ -89.787178, 34.93303 ], [ -89.795007, 34.938859 ], [ -89.795003, 34.939044 ], [ -89.795029, 34.947752 ], [ -89.777406, 34.947792 ], [ -89.759748, 34.947861 ], [ -89.759651, 34.940544 ], [ -89.750771, 34.940544 ], [ -89.750913, 34.947888 ], [ -89.750994, 34.958418 ], [ -89.744106, 34.958466 ], [ -89.7441, 34.960136 ], [ -89.738464, 34.959712 ], [ -89.737416, 34.960726 ], [ -89.737446, 34.962081 ], [ -89.737928, 34.962325 ], [ -89.737937, 34.967284 ], [ -89.733055, 34.96791 ], [ -89.733039, 34.970019 ], [ -89.728679, 34.970063 ], [ -89.728612, 34.971018 ], [ -89.724256, 34.971034 ], [ -89.7243244, 34.9952117 ], [ -89.741785, 34.995194 ], [ -89.741945, 34.9951913 ], [ -89.7596123, 34.9948932 ], [ -89.795187, 34.994293 ], [ -89.7953565, 34.9942927 ], [ -89.8131287, 34.9942593 ], [ -89.8156015, 34.9942547 ], [ -89.8306895, 34.9942264 ], [ -89.8307644, 34.9942263 ], [ -89.8377795, 34.9942131 ], [ -89.8483846, 34.9941932 ], [ -89.848488, 34.994193 ], [ -89.861799, 34.994219 ], [ -89.8713414, 34.9942376 ], [ -89.8783098, 34.9942511 ], [ -89.883365, 34.994261 ], [ -89.8837492, 34.9942646 ], [ -89.893402, 34.994356 ], [ -89.8934495, 34.9943562 ], [ -89.9014606, 34.994382 ], [ -89.9188788, 34.9944381 ], [ -89.919009, 34.976272 ], [ -89.918938, 34.962362 ], [ -89.918938, 34.961645 ], [ -89.919016, 34.947937 ], [ -89.919013, 34.947822 ], [ -89.921334, 34.947828 ], [ -89.921301, 34.933188 ] ] ] } },
{ "type": "Feature", "properties": { "GEOID": "2874840", "NAME": "Tupelo city, Mississippi", "population": 38087.0 }, "geometry": { "type": "Polygon", "coordinates": [ [ [ -88.825424, 34.293597 ], [ -88.807843, 34.293681 ], [ -88.807915, 34.279174 ], [ -88.816616, 34.2791 ], [ -88.816697, 34.271851 ], [ -88.816667, 34.264654 ], [ -88.807789, 34.264553 ], [ -88.807883, 34.24984 ], [ -88.807753, 34.241247 ], [ -88.800296, 34.242658 ], [ -88.800299, 34.241723 ], [ -88.799487, 34.241725 ], [ -88.790047, 34.241741 ], [ -88.790075, 34.2354 ], [ -88.787152, 34.235424 ], [ -88.785679, 34.235397 ], [ -88.772358, 34.235397 ], [ -88.772428, 34.228741 ], [ -88.772466, 34.220859 ], [ -88.766422, 34.220874 ], [ -88.763958, 34.220878 ], [ -88.764087, 34.208098 ], [ -88.746126, 34.208082 ], [ -88.746096, 34.202726 ], [ -88.744906, 34.202725 ], [ -88.739852, 34.202722 ], [ -88.737303, 34.202794 ], [ -88.721637, 34.202818 ], [ -88.720061, 34.202751 ], [ -88.718532, 34.202757 ], [ -88.71715, 34.208546 ], [ -88.716801, 34.209548 ], [ -88.715689, 34.2094 ], [ -88.707967, 34.209191 ], [ -88.70301, 34.209238 ], [ -88.702993, 34.20863 ], [ -88.70207, 34.191821 ], [ -88.701159, 34.191816 ], [ -88.68483, 34.191769 ], [ -88.684853, 34.196107 ], [ -88.684945, 34.213478 ], [ -88.684919, 34.220865 ], [ -88.681839, 34.220832 ], [ -88.681514, 34.220837 ], [ -88.68089, 34.22086 ], [ -88.680246, 34.221105 ], [ -88.680308, 34.22275 ], [ -88.678196, 34.222748 ], [ -88.678197, 34.224675 ], [ -88.675977, 34.224691 ], [ -88.675972, 34.226557 ], [ -88.673799, 34.226523 ], [ -88.673796, 34.228328 ], [ -88.669274, 34.228331 ], [ -88.66926, 34.23015 ], [ -88.667169, 34.230146 ], [ -88.667059, 34.237518 ], [ -88.663978, 34.237497 ], [ -88.656876, 34.249516 ], [ -88.655523, 34.251814 ], [ -88.649741, 34.257157 ], [ -88.649109, 34.25973 ], [ -88.648827, 34.261123 ], [ -88.642454, 34.269497 ], [ -88.640825, 34.270568 ], [ -88.634257, 34.275854 ], [ -88.632413, 34.277451 ], [ -88.632172, 34.279475 ], [ -88.645568, 34.279574 ], [ -88.648055, 34.279589 ], [ -88.650223, 34.279606 ], [ -88.650227, 34.28005 ], [ -88.650271, 34.28901 ], [ -88.650319, 34.293974 ], [ -88.656937, 34.293984 ], [ -88.670783, 34.293948 ], [ -88.67598, 34.293877 ], [ -88.684835, 34.293817 ], [ -88.684941, 34.311114 ], [ -88.684875, 34.315741 ], [ -88.667329, 34.315877 ], [ -88.66738, 34.320992 ], [ -88.667403, 34.32328 ], [ -88.68301, 34.323036 ], [ -88.692107, 34.323014 ], [ -88.691998, 34.323615 ], [ -88.689806, 34.337545 ], [ -88.690857, 34.337589 ], [ -88.693408, 34.337568 ], [ -88.694352, 34.337591 ], [ -88.700996, 34.337501 ], [ -88.701653, 34.337484 ], [ -88.705378, 34.33739 ], [ -88.706665, 34.337367 ], [ -88.713678, 34.333772 ], [ -88.71586, 34.331826 ], [ -88.715064, 34.329558 ], [ -88.715343, 34.329459 ], [ -88.714691, 34.326127 ], [ -88.715828, 34.323647 ], [ -88.715975, 34.322976 ], [ -88.72006, 34.322701 ], [ -88.721522, 34.32273 ], [ -88.736223, 34.322912 ], [ -88.739317, 34.32292 ], [ -88.755437, 34.322923 ], [ -88.780388, 34.32279 ], [ -88.800324, 34.322803 ], [ -88.808158, 34.322714 ], [ -88.808137, 34.320253 ], [ -88.808037, 34.308326 ], [ -88.808951, 34.308362 ], [ -88.815263, 34.308288 ], [ -88.825534, 34.308244 ], [ -88.825424, 34.293597 ] ] ] } },
{ "type": "Feature", "properties": { "GEOID": "2846640", "NAME": "Meridian city, Mississippi", "population": 33370.0 }, "geometry": { "type": "Polygon", "coordinates": [ [ [ -88.772912, 32.352004 ], [ -88.7714, 32.349364 ], [ -88.770228, 32.349146 ], [ -88.769742, 32.344283 ], [ -88.766682, 32.344715 ], [ -88.76191, 32.345934 ], [ -88.761564, 32.312462 ], [ -88.760877, 32.312437 ], [ -88.756362, 32.312384 ], [ -88.745872, 32.330674 ], [ -88.736511, 32.330665 ], [ -88.736432, 32.341297 ], [ -88.732228, 32.341357 ], [ -88.709065, 32.341526 ], [ -88.701086, 32.341502 ], [ -88.701005, 32.337023 ], [ -88.696772, 32.336976 ], [ -88.693779, 32.336937 ], [ -88.693766, 32.335478 ], [ -88.693757, 32.333882 ], [ -88.687055, 32.333884 ], [ -88.684684, 32.333937 ], [ -88.675614, 32.334213 ], [ -88.675575, 32.336964 ], [ -88.675526, 32.341442 ], [ -88.675603, 32.350119 ], [ -88.675406, 32.356794 ], [ -88.671202, 32.356654 ], [ -88.671257, 32.353165 ], [ -88.666749, 32.353215 ], [ -88.663416, 32.349955 ], [ -88.662507, 32.346999 ], [ -88.663492, 32.345866 ], [ -88.66247, 32.343852 ], [ -88.662451, 32.342154 ], [ -88.664117, 32.340293 ], [ -88.665159, 32.337781 ], [ -88.665084, 32.335786 ], [ -88.662871, 32.335851 ], [ -88.662669, 32.331668 ], [ -88.662668, 32.330331 ], [ -88.661336, 32.330202 ], [ -88.65955, 32.331311 ], [ -88.658431, 32.332639 ], [ -88.659612, 32.333398 ], [ -88.65899, 32.333762 ], [ -88.656982, 32.334577 ], [ -88.656491, 32.336618 ], [ -88.655986, 32.337381 ], [ -88.655245, 32.337397 ], [ -88.655125, 32.336159 ], [ -88.654607, 32.33606 ], [ -88.65417, 32.336587 ], [ -88.653336, 32.336534 ], [ -88.653356, 32.335734 ], [ -88.65245, 32.333763 ], [ -88.650539, 32.332976 ], [ -88.649783, 32.333677 ], [ -88.647192, 32.333275 ], [ -88.646285, 32.334487 ], [ -88.644098, 32.334191 ], [ -88.63944, 32.336747 ], [ -88.635696, 32.338057 ], [ -88.635715, 32.334961 ], [ -88.624242, 32.334959 ], [ -88.62429, 32.331612 ], [ -88.628568, 32.331418 ], [ -88.628394, 32.327818 ], [ -88.6255, 32.327885 ], [ -88.625465, 32.324352 ], [ -88.623747, 32.324513 ], [ -88.619359, 32.323056 ], [ -88.619434, 32.324472 ], [ -88.61034, 32.324558 ], [ -88.611246, 32.338862 ], [ -88.611376, 32.341679 ], [ -88.610501, 32.341766 ], [ -88.610452, 32.347209 ], [ -88.612955, 32.344908 ], [ -88.615126, 32.344842 ], [ -88.615014, 32.341704 ], [ -88.629736, 32.34147 ], [ -88.630949, 32.344501 ], [ -88.628855, 32.344455 ], [ -88.628991, 32.348041 ], [ -88.627577, 32.348593 ], [ -88.624494, 32.348539 ], [ -88.624507, 32.350195 ], [ -88.627061, 32.351948 ], [ -88.627843, 32.355774 ], [ -88.628345, 32.355922 ], [ -88.62848, 32.367306 ], [ -88.625041, 32.366121 ], [ -88.623873, 32.367283 ], [ -88.621966, 32.367537 ], [ -88.61035, 32.367746 ], [ -88.610325, 32.369526 ], [ -88.609313, 32.370509 ], [ -88.609127, 32.372122 ], [ -88.609567, 32.376016 ], [ -88.60808, 32.378029 ], [ -88.607492, 32.381491 ], [ -88.604895, 32.384946 ], [ -88.606396, 32.387042 ], [ -88.60632, 32.388537 ], [ -88.605818, 32.39402 ], [ -88.607228, 32.395378 ], [ -88.609784, 32.39544 ], [ -88.609899, 32.397509 ], [ -88.619551, 32.395447 ], [ -88.619609, 32.395843 ], [ -88.624169, 32.395072 ], [ -88.623973, 32.399006 ], [ -88.632516, 32.399026 ], [ -88.63946, 32.399355 ], [ -88.643067, 32.406149 ], [ -88.649823, 32.406271 ], [ -88.660327, 32.406283 ], [ -88.662836, 32.404944 ], [ -88.658223, 32.410922 ], [ -88.658266, 32.412587 ], [ -88.662352, 32.41264 ], [ -88.662328, 32.415626 ], [ -88.662419, 32.417778 ], [ -88.658049, 32.417728 ], [ -88.658074, 32.428473 ], [ -88.662257, 32.428445 ], [ -88.662171, 32.435833 ], [ -88.662125, 32.439778 ], [ -88.667045, 32.439716 ], [ -88.667092, 32.442891 ], [ -88.645497, 32.442939 ], [ -88.641249, 32.442877 ], [ -88.64115, 32.447421 ], [ -88.641442, 32.472029 ], [ -88.657312, 32.471985 ], [ -88.677621, 32.471928 ], [ -88.675834, 32.469956 ], [ -88.675473, 32.446753 ], [ -88.678814, 32.446703 ], [ -88.678809, 32.445714 ], [ -88.683956, 32.445641 ], [ -88.683968, 32.446602 ], [ -88.686504, 32.447028 ], [ -88.688083, 32.445614 ], [ -88.684084, 32.44304 ], [ -88.684211, 32.43955 ], [ -88.692585, 32.439542 ], [ -88.69263, 32.433356 ], [ -88.692735, 32.428348 ], [ -88.699385, 32.428443 ], [ -88.707688, 32.428453 ], [ -88.717445, 32.428614 ], [ -88.718996, 32.428685 ], [ -88.729857, 32.428669 ], [ -88.731395, 32.428685 ], [ -88.735759, 32.428778 ], [ -88.735806, 32.426733 ], [ -88.735768, 32.425639 ], [ -88.735717, 32.420925 ], [ -88.735759, 32.414036 ], [ -88.741812, 32.414045 ], [ -88.742903, 32.414003 ], [ -88.749489, 32.413893 ], [ -88.751681, 32.413057 ], [ -88.752545, 32.41389 ], [ -88.762565, 32.41391 ], [ -88.762562, 32.406934 ], [ -88.762484, 32.400098 ], [ -88.762482, 32.399141 ], [ -88.752668, 32.399155 ], [ -88.752643, 32.397574 ], [ -88.752679, 32.387168 ], [ -88.753323, 32.386616 ], [ -88.755151, 32.385021 ], [ -88.754709, 32.383976 ], [ -88.755359, 32.382857 ], [ -88.756026, 32.382896 ], [ -88.756404, 32.381234 ], [ -88.755858, 32.380276 ], [ -88.754935, 32.37959 ], [ -88.7534, 32.380126 ], [ -88.752747, 32.380086 ], [ -88.751937, 32.378231 ], [ -88.75324, 32.376259 ], [ -88.748331, 32.373042 ], [ -88.748143, 32.370294 ], [ -88.752145, 32.369477 ], [ -88.754592, 32.370508 ], [ -88.755833, 32.37056 ], [ -88.761816, 32.370466 ], [ -88.761934, 32.374145 ], [ -88.766865, 32.374173 ], [ -88.766163, 32.372608 ], [ -88.76504, 32.371192 ], [ -88.76676, 32.370468 ], [ -88.767133, 32.370431 ], [ -88.770268, 32.370442 ], [ -88.769743, 32.365104 ], [ -88.77248, 32.360545 ], [ -88.773563, 32.355797 ], [ -88.772912, 32.352004 ] ] ] } },
{ "type": "Feature", "properties": { "GEOID": "2855760", "NAME": "Pearl city, Mississippi", "population": 28864.0 }, "geometry": { "type": "Polygon", "coordinates": [ [ [ -90.166603, 32.278493 ], [ -90.165408, 32.274073 ], [ -90.163479, 32.26698 ], [ -90.162712, 32.265625 ], [ -90.160912, 32.264133 ], [ -90.147366, 32.25692 ], [ -90.142972, 32.253927 ], [ -90.142862, 32.248601 ], [ -90.138214, 32.248102 ], [ -90.138764, 32.243735 ], [ -90.138199, 32.244159 ], [ -90.134804, 32.244426 ], [ -90.134024, 32.244123 ], [ -90.133415, 32.244781 ], [ -90.132415, 32.243789 ], [ -90.132287, 32.243585 ], [ -90.132164, 32.243636 ], [ -90.129446, 32.242619 ], [ -90.124137, 32.241527 ], [ -90.123795, 32.240724 ], [ -90.122974, 32.239136 ], [ -90.112574, 32.239328 ], [ -90.112575, 32.237692 ], [ -90.108315, 32.237735 ], [ -90.108309, 32.237443 ], [ -90.108269, 32.236232 ], [ -90.099429, 32.236347 ], [ -90.099349, 32.239977 ], [ -90.099417, 32.242913 ], [ -90.094917, 32.243002 ], [ -90.094965, 32.248867 ], [ -90.087702, 32.249258 ], [ -90.086894, 32.24973 ], [ -90.086915, 32.246841 ], [ -90.079991, 32.246875 ], [ -90.080922, 32.24985 ], [ -90.078796, 32.249836 ], [ -90.073809, 32.249821 ], [ -90.073839, 32.247696 ], [ -90.073824, 32.247062 ], [ -90.06097, 32.246843 ], [ -90.061046, 32.242028 ], [ -90.06105, 32.241814 ], [ -90.061085, 32.239632 ], [ -90.057361, 32.239652 ], [ -90.047932, 32.239704 ], [ -90.043024, 32.239731 ], [ -90.042889, 32.247089 ], [ -90.03804, 32.247111 ], [ -90.038023, 32.251688 ], [ -90.038046, 32.267001 ], [ -90.038059, 32.26899 ], [ -90.043345, 32.268917 ], [ -90.043684, 32.27513 ], [ -90.038388, 32.276366 ], [ -90.038149, 32.277579 ], [ -90.038129, 32.283786 ], [ -90.038119, 32.290746 ], [ -90.037766, 32.304074 ], [ -90.03813, 32.31284 ], [ -90.037869, 32.320183 ], [ -90.037983, 32.320301 ], [ -90.038275, 32.325825 ], [ -90.038278, 32.327007 ], [ -90.04293, 32.327092 ], [ -90.042929, 32.325906 ], [ -90.043226, 32.320687 ], [ -90.046503, 32.322063 ], [ -90.0465, 32.323548 ], [ -90.051361, 32.323849 ], [ -90.052472, 32.323705 ], [ -90.053253, 32.323251 ], [ -90.055919, 32.323281 ], [ -90.055817, 32.321644 ], [ -90.05567, 32.320218 ], [ -90.055831, 32.320255 ], [ -90.056255, 32.320248 ], [ -90.064605, 32.320116 ], [ -90.062535, 32.316279 ], [ -90.060387, 32.316247 ], [ -90.060387, 32.312637 ], [ -90.060465, 32.312577 ], [ -90.060632, 32.312575 ], [ -90.06171, 32.311703 ], [ -90.06163, 32.311596 ], [ -90.061166, 32.310418 ], [ -90.060423, 32.309729 ], [ -90.056564, 32.309164 ], [ -90.055983, 32.309158 ], [ -90.055949, 32.308879 ], [ -90.055403, 32.30872 ], [ -90.05505, 32.30814 ], [ -90.055262, 32.306506 ], [ -90.055598, 32.305979 ], [ -90.055595, 32.305647 ], [ -90.051901, 32.30562 ], [ -90.052076, 32.298145 ], [ -90.057016, 32.298179 ], [ -90.057033, 32.29567 ], [ -90.055613, 32.29566 ], [ -90.055708, 32.290975 ], [ -90.064665, 32.290933 ], [ -90.064512, 32.283925 ], [ -90.066702, 32.283959 ], [ -90.066629, 32.287191 ], [ -90.068784, 32.287246 ], [ -90.07215, 32.287047 ], [ -90.07406, 32.283868 ], [ -90.073934, 32.285189 ], [ -90.071591, 32.290106 ], [ -90.07207, 32.290652 ], [ -90.072155, 32.290651 ], [ -90.076937, 32.29068 ], [ -90.080956, 32.290685 ], [ -90.091615, 32.301552 ], [ -90.126167, 32.301613 ], [ -90.129786, 32.301546 ], [ -90.129986, 32.298646 ], [ -90.133886, 32.298546 ], [ -90.133886, 32.297438 ], [ -90.134079, 32.288103 ], [ -90.137584, 32.287946 ], [ -90.137062, 32.280465 ], [ -90.138166, 32.279597 ], [ -90.146704, 32.278321 ], [ -90.153495, 32.277958 ], [ -90.155885, 32.27803 ], [ -90.157618, 32.279001 ], [ -90.159156, 32.278253 ], [ -90.167107, 32.279547 ], [ -90.166603, 32.278493 ] ], [ [ -90.061333, 32.311711 ], [ -90.06033, 32.312579 ], [ -90.056743, 32.31271 ], [ -90.056755, 32.309479 ], [ -90.06073, 32.310426 ], [ -90.061333, 32.311711 ] ] ] } },
{ "type": "Feature", "properties": { "GEOID": "2844520", "NAME": "Madison city, Mississippi", "population": 28575.0 }, "geometry": { "type": "Polygon", "coordinates": [ [ [ -90.20509, 32.484735 ], [ -90.204921, 32.484288 ], [ -90.204572, 32.484017 ], [ -90.203574, 32.483825 ], [ -90.194065, 32.483754 ], [ -90.18997, 32.482885 ], [ -90.186939, 32.482744 ], [ -90.182038, 32.483564 ], [ -90.181066, 32.484177 ], [ -90.17826, 32.484163 ], [ -90.17829, 32.480455 ], [ -90.178855, 32.47926 ], [ -90.179327, 32.473267 ], [ -90.187855, 32.473168 ], [ -90.187841, 32.465984 ], [ -90.183551, 32.466 ], [ -90.183562, 32.46599 ], [ -90.162219, 32.465971 ], [ -90.162268, 32.458659 ], [ -90.163592, 32.45883 ], [ -90.163591, 32.458776 ], [ -90.163554, 32.452402 ], [ -90.161769, 32.451382 ], [ -90.1562, 32.45128 ], [ -90.154363, 32.452603 ], [ -90.153653, 32.454383 ], [ -90.144064, 32.45432 ], [ -90.144398, 32.450668 ], [ -90.140701, 32.450473 ], [ -90.123568, 32.450509 ], [ -90.123612, 32.445127 ], [ -90.124959, 32.442449 ], [ -90.121989, 32.441253 ], [ -90.122858, 32.439624 ], [ -90.112698, 32.439572 ], [ -90.112966, 32.43596 ], [ -90.109932, 32.435958 ], [ -90.109907, 32.435032 ], [ -90.107297, 32.430984 ], [ -90.107104, 32.430772 ], [ -90.10686, 32.430351 ], [ -90.106338, 32.430356 ], [ -90.106335, 32.429281 ], [ -90.106172, 32.429147 ], [ -90.103681, 32.428492 ], [ -90.097925, 32.428595 ], [ -90.097907, 32.426425 ], [ -90.093553, 32.425971 ], [ -90.087484, 32.427059 ], [ -90.085862, 32.428434 ], [ -90.084657, 32.428779 ], [ -90.081309, 32.431393 ], [ -90.077884, 32.435985 ], [ -90.076177, 32.437205 ], [ -90.074692, 32.441712 ], [ -90.075257, 32.442807 ], [ -90.072697, 32.450392 ], [ -90.072413, 32.450859 ], [ -90.072087, 32.452523 ], [ -90.069833, 32.45671 ], [ -90.062162, 32.46502 ], [ -90.060381, 32.46617 ], [ -90.063383, 32.46871 ], [ -90.063333, 32.471587 ], [ -90.063252, 32.487797 ], [ -90.067598, 32.487786 ], [ -90.071462, 32.487784 ], [ -90.072753, 32.487799 ], [ -90.097855, 32.487754 ], [ -90.100481, 32.487714 ], [ -90.123344, 32.487624 ], [ -90.123345, 32.490763 ], [ -90.123347, 32.495754 ], [ -90.12335, 32.49692 ], [ -90.127015, 32.491802 ], [ -90.130004, 32.487656 ], [ -90.132551, 32.48775 ], [ -90.139635, 32.487757 ], [ -90.13923, 32.489343 ], [ -90.139043, 32.491476 ], [ -90.139015, 32.502248 ], [ -90.139189, 32.502238 ], [ -90.157709, 32.502358 ], [ -90.157719, 32.517974 ], [ -90.170401, 32.522101 ], [ -90.174939, 32.522638 ], [ -90.174913, 32.520569 ], [ -90.191894, 32.520598 ], [ -90.191845, 32.518769 ], [ -90.19143, 32.518095 ], [ -90.188481, 32.515618 ], [ -90.187144, 32.51024 ], [ -90.185228, 32.508136 ], [ -90.185703, 32.507399 ], [ -90.191463, 32.502225 ], [ -90.194116, 32.502231 ], [ -90.1992, 32.502533 ], [ -90.204955, 32.502269 ], [ -90.204999, 32.49225 ], [ -90.205153, 32.487701 ], [ -90.20509, 32.484735 ] ] ] } },
{ "type": "Feature", "properties": { "GEOID": "2854840", "NAME": "Oxford city, Mississippi", "population": 26773.0 }, "geometry": { "type": "Polygon", "coordinates": [ [ [ -89.597778, 34.354287 ], [ -89.597763, 34.351368 ], [ -89.59769, 34.342856 ], [ -89.561915, 34.343092 ], [ -89.550699, 34.342965 ], [ -89.551066, 34.34267 ], [ -89.551641, 34.34191 ], [ -89.552268, 34.341257 ], [ -89.547152, 34.340562 ], [ -89.547829, 34.339798 ], [ -89.549106, 34.339034 ], [ -89.548845, 34.337928 ], [ -89.544113, 34.337748 ], [ -89.544129, 34.338961 ], [ -89.544133, 34.339352 ], [ -89.544204, 34.344827 ], [ -89.541444, 34.342828 ], [ -89.535417, 34.341389 ], [ -89.535386, 34.337599 ], [ -89.535375, 34.336258 ], [ -89.533274, 34.336242 ], [ -89.528581, 34.336205 ], [ -89.526768, 34.336191 ], [ -89.526806, 34.329843 ], [ -89.526826, 34.329158 ], [ -89.526807, 34.318339 ], [ -89.526937, 34.31817 ], [ -89.526759, 34.315412 ], [ -89.526737, 34.312621 ], [ -89.530975, 34.309859 ], [ -89.530887, 34.307134 ], [ -89.526823, 34.307127 ], [ -89.526793, 34.303499 ], [ -89.524047, 34.303477 ], [ -89.519954, 34.303441 ], [ -89.52002, 34.300056 ], [ -89.52017, 34.292558 ], [ -89.517042, 34.29252 ], [ -89.513501, 34.292484 ], [ -89.513532, 34.296294 ], [ -89.515798, 34.296308 ], [ -89.515721, 34.300036 ], [ -89.515794, 34.302612 ], [ -89.51595, 34.303059 ], [ -89.514581, 34.303026 ], [ -89.515142, 34.303526 ], [ -89.515749, 34.305178 ], [ -89.515764, 34.307085 ], [ -89.518142, 34.307107 ], [ -89.518681, 34.308044 ], [ -89.517911, 34.314352 ], [ -89.513333, 34.313475 ], [ -89.513573, 34.319905 ], [ -89.51064, 34.320275 ], [ -89.509022, 34.320284 ], [ -89.509085, 34.316936 ], [ -89.497836, 34.316995 ], [ -89.495601, 34.318971 ], [ -89.49377, 34.321892 ], [ -89.494331, 34.322794 ], [ -89.493541, 34.325251 ], [ -89.493659, 34.326776 ], [ -89.495213, 34.327685 ], [ -89.495162, 34.32916 ], [ -89.492463, 34.333216 ], [ -89.493211, 34.335426 ], [ -89.492635, 34.336812 ], [ -89.49343, 34.337887 ], [ -89.495456, 34.338274 ], [ -89.496041, 34.339403 ], [ -89.494559, 34.339919 ], [ -89.492993, 34.339491 ], [ -89.491234, 34.341625 ], [ -89.491704, 34.342065 ], [ -89.494899, 34.341813 ], [ -89.498402, 34.342382 ], [ -89.498362, 34.346412 ], [ -89.49527, 34.346503 ], [ -89.49441, 34.345488 ], [ -89.49435, 34.345236 ], [ -89.491186, 34.345256 ], [ -89.491269, 34.348516 ], [ -89.492581, 34.349524 ], [ -89.482458, 34.34937 ], [ -89.482392, 34.357076 ], [ -89.480234, 34.356629 ], [ -89.480038, 34.357385 ], [ -89.479164, 34.359263 ], [ -89.479441, 34.361796 ], [ -89.473805, 34.361095 ], [ -89.473995, 34.37842 ], [ -89.480994, 34.378523 ], [ -89.491615, 34.378666 ], [ -89.491617, 34.38365 ], [ -89.48812, 34.383328 ], [ -89.487427, 34.383402 ], [ -89.486051, 34.387066 ], [ -89.483268, 34.388495 ], [ -89.481126, 34.390253 ], [ -89.481386, 34.391166 ], [ -89.48376, 34.393231 ], [ -89.485744, 34.393251 ], [ -89.48579, 34.400576 ], [ -89.495036, 34.400393 ], [ -89.495863, 34.393605 ], [ -89.496589, 34.393302 ], [ -89.506252, 34.393448 ], [ -89.508471, 34.392545 ], [ -89.509344, 34.393577 ], [ -89.525984, 34.393566 ], [ -89.550142, 34.39397 ], [ -89.550207, 34.394228 ], [ -89.558936, 34.394237 ], [ -89.557994, 34.399984 ], [ -89.562901, 34.40005 ], [ -89.562898, 34.4013 ], [ -89.566844, 34.401224 ], [ -89.566867, 34.403407 ], [ -89.567968, 34.403443 ], [ -89.568017, 34.408708 ], [ -89.570591, 34.408697 ], [ -89.579842, 34.408535 ], [ -89.580965, 34.406349 ], [ -89.582551, 34.405456 ], [ -89.584279, 34.40406 ], [ -89.585457, 34.404758 ], [ -89.586226, 34.403878 ], [ -89.589262, 34.397556 ], [ -89.589251, 34.394235 ], [ -89.585063, 34.394083 ], [ -89.58453, 34.392135 ], [ -89.58447, 34.391618 ], [ -89.582328, 34.387428 ], [ -89.577079, 34.37959 ], [ -89.576125, 34.378127 ], [ -89.573645, 34.374555 ], [ -89.573433, 34.374149 ], [ -89.580128, 34.374108 ], [ -89.580182, 34.37223 ], [ -89.581591, 34.37222 ], [ -89.583992, 34.372202 ], [ -89.584016, 34.374853 ], [ -89.589046, 34.374822 ], [ -89.589018, 34.372183 ], [ -89.593775, 34.372166 ], [ -89.593387, 34.36758 ], [ -89.590792, 34.367381 ], [ -89.588215, 34.368542 ], [ -89.58706, 34.36493 ], [ -89.588982, 34.364918 ], [ -89.588963, 34.362868 ], [ -89.593395, 34.362876 ], [ -89.593396, 34.361329 ], [ -89.596634, 34.36137 ], [ -89.596605, 34.35997 ], [ -89.597808, 34.359936 ], [ -89.597778, 34.354287 ] ], [ [ -89.548827, 34.367185 ], [ -89.540539, 34.370983 ], [ -89.536842, 34.372061 ], [ -89.53559, 34.372049 ], [ -89.534035, 34.371835 ], [ -89.531713, 34.370969 ], [ -89.528816, 34.369178 ], [ -89.527592, 34.368447 ], [ -89.530076, 34.364876 ], [ -89.531996, 34.362342 ], [ -89.539077, 34.357165 ], [ -89.541364, 34.357168 ], [ -89.54293, 34.360992 ], [ -89.544464, 34.364743 ], [ -89.548752, 34.36484 ], [ -89.549305, 34.365811 ], [ -89.548827, 34.367185 ] ] ] } },
{ "type": "Feature", "properties": { "GEOID": "2833700", "NAME": "Horn Lake city, Mississippi", "population": 26741.0 }, "geometry": { "type": "Polygon", "coordinates": [ [ [ -90.096434, 34.947945 ], [ -90.09626, 34.933313 ], [ -90.0961, 34.933311 ], [ -90.071354, 34.933467 ], [ -90.070249, 34.933417 ], [ -90.060576, 34.933467 ], [ -90.049168, 34.93341 ], [ -90.042889, 34.933545 ], [ -90.042865, 34.919002 ], [ -90.030362, 34.918956 ], [ -90.025197, 34.918813 ], [ -90.025208, 34.918931 ], [ -90.021351, 34.918954 ], [ -90.006378, 34.918978 ], [ -90.009822, 34.924916 ], [ -90.013356, 34.933552 ], [ -90.016671, 34.941888 ], [ -90.016754, 34.944122 ], [ -90.00772, 34.944111 ], [ -90.007643, 34.948166 ], [ -90.002111, 34.948151 ], [ -89.997368, 34.948138 ], [ -89.999206, 34.959324 ], [ -89.999597, 34.960072 ], [ -90.001104, 34.962533 ], [ -90.000524, 34.966 ], [ -90.000965, 34.967452 ], [ -90.003159, 34.967418 ], [ -90.007519, 34.966263 ], [ -90.007541, 34.968197 ], [ -90.008869, 34.968295 ], [ -90.012458, 34.966863 ], [ -90.013711, 34.96478 ], [ -90.016428, 34.96492 ], [ -90.018852, 34.965641 ], [ -90.021099, 34.965369 ], [ -90.02219, 34.966618 ], [ -90.023172, 34.965572 ], [ -90.029264, 34.966329 ], [ -90.029391, 34.966887 ], [ -90.031299, 34.970953 ], [ -90.033284, 34.976342 ], [ -90.033353, 34.977279 ], [ -90.045481, 34.977264 ], [ -90.060704, 34.977195 ], [ -90.060701, 34.97733 ], [ -90.067619, 34.977274 ], [ -90.090564, 34.977079 ], [ -90.096262, 34.97718 ], [ -90.09626, 34.977005 ], [ -90.096401, 34.975541 ], [ -90.096339, 34.962478 ], [ -90.096434, 34.947945 ] ] ] } },
{ "type": "Feature", "properties": { "GEOID": "2814420", "NAME": "Clinton city, Mississippi", "population": 26640.0 }, "geometry": { "type": "Polygon", "coordinates": [ [ [ -90.399277, 32.35905 ], [ -90.398965, 32.356824 ], [ -90.398972, 32.352944 ], [ -90.399043, 32.342801 ], [ -90.399044, 32.342479 ], [ -90.395399, 32.34248 ], [ -90.394811, 32.342452 ], [ -90.383693, 32.342351 ], [ -90.383665, 32.332452 ], [ -90.383739, 32.324494 ], [ -90.382952, 32.315962 ], [ -90.383642, 32.313538 ], [ -90.383157, 32.313507 ], [ -90.383287, 32.31277 ], [ -90.383291, 32.312038 ], [ -90.383445, 32.304912 ], [ -90.382886, 32.304902 ], [ -90.372913, 32.304933 ], [ -90.372962, 32.294924 ], [ -90.36975, 32.295525 ], [ -90.369358, 32.294711 ], [ -90.365808, 32.293514 ], [ -90.360902, 32.293335 ], [ -90.353904, 32.293595 ], [ -90.347906, 32.293683 ], [ -90.330151, 32.293734 ], [ -90.328263, 32.295184 ], [ -90.325206, 32.293857 ], [ -90.321652, 32.293851 ], [ -90.321676, 32.297378 ], [ -90.321788, 32.302078 ], [ -90.321528, 32.309415 ], [ -90.316833, 32.30927 ], [ -90.316981, 32.312733 ], [ -90.309502, 32.312676 ], [ -90.305431, 32.312538 ], [ -90.305404, 32.314927 ], [ -90.305372, 32.315639 ], [ -90.305214, 32.3192 ], [ -90.305067, 32.323596 ], [ -90.300981, 32.323909 ], [ -90.299871, 32.326418 ], [ -90.298651, 32.325835 ], [ -90.294693, 32.323908 ], [ -90.295774, 32.32736 ], [ -90.295706, 32.334555 ], [ -90.295548, 32.342039 ], [ -90.281457, 32.342021 ], [ -90.281339, 32.341998 ], [ -90.279435, 32.341943 ], [ -90.279186, 32.349092 ], [ -90.274843, 32.349099 ], [ -90.27484, 32.3565 ], [ -90.281305, 32.356566 ], [ -90.280673, 32.358566 ], [ -90.280808, 32.362358 ], [ -90.279846, 32.367116 ], [ -90.279611, 32.37109 ], [ -90.27935, 32.385954 ], [ -90.278997, 32.394483 ], [ -90.278994, 32.400302 ], [ -90.278994, 32.400439 ], [ -90.312579, 32.400405 ], [ -90.335579, 32.400391 ], [ -90.3421, 32.400044 ], [ -90.399059, 32.399057 ], [ -90.397657, 32.393751 ], [ -90.397929, 32.385165 ], [ -90.398275, 32.379719 ], [ -90.399202, 32.373089 ], [ -90.399277, 32.35905 ] ] ] } },
{ "type": "Feature", "properties": { "GEOID": "2829180", "NAME": "Greenville city, Mississippi", "population": 26530.0 }, "geometry": { "type": "Polygon", "coordinates": [ [ [ -91.13112, 33.35107 ], [ -91.126368, 33.349355 ], [ -91.124851, 33.346167 ], [ -91.119901, 33.346432 ], [ -91.095286, 33.355083 ], [ -91.095142, 33.353662 ], [ -91.097298, 33.353616 ], [ -91.100864, 33.351317 ], [ -91.100473, 33.347436 ], [ -91.097612, 33.347293 ], [ -91.095397, 33.346569 ], [ -91.1, 33.340933 ], [ -91.083747, 33.341043 ], [ -91.083804, 33.338223 ], [ -91.080386, 33.339879 ], [ -91.080322, 33.341271 ], [ -91.060615, 33.34138 ], [ -91.044099, 33.34142 ], [ -91.042402, 33.341448 ], [ -91.042572, 33.339205 ], [ -91.042864, 33.335906 ], [ -91.040664, 33.33589 ], [ -91.023378, 33.336047 ], [ -91.023388, 33.341765 ], [ -91.025328, 33.35401 ], [ -91.02562, 33.35642 ], [ -91.023798, 33.370224 ], [ -91.023733, 33.371648 ], [ -91.023339, 33.385297 ], [ -91.023273, 33.38431 ], [ -91.022238, 33.384275 ], [ -91.022164, 33.385332 ], [ -91.006288, 33.385559 ], [ -91.006289, 33.385863 ], [ -91.006408, 33.392632 ], [ -91.004603, 33.392626 ], [ -90.989203, 33.392577 ], [ -90.989032, 33.393873 ], [ -90.989285, 33.400534 ], [ -91.00478, 33.400199 ], [ -91.006603, 33.400159 ], [ -91.006615, 33.402379 ], [ -91.004791, 33.402386 ], [ -90.9975, 33.402428 ], [ -90.997478, 33.406767 ], [ -91.004809, 33.406768 ], [ -91.006569, 33.406768 ], [ -91.006418, 33.414409 ], [ -91.020053, 33.414431 ], [ -91.023362, 33.4146 ], [ -91.023579, 33.414581 ], [ -91.023691, 33.420997 ], [ -91.023842, 33.429119 ], [ -91.022736, 33.429128 ], [ -91.022283, 33.429128 ], [ -91.015041, 33.429242 ], [ -91.015343, 33.441684 ], [ -91.015393, 33.443714 ], [ -91.022324, 33.443666 ], [ -91.029088, 33.443592 ], [ -91.03292, 33.443595 ], [ -91.033212, 33.451085 ], [ -91.034189, 33.450028 ], [ -91.0357, 33.4506 ], [ -91.037254, 33.449426 ], [ -91.038036, 33.450747 ], [ -91.040401, 33.450207 ], [ -91.042646, 33.449316 ], [ -91.043228, 33.450414 ], [ -91.047097, 33.449063 ], [ -91.047078, 33.446782 ], [ -91.047252, 33.445434 ], [ -91.047597, 33.443661 ], [ -91.047492, 33.443001 ], [ -91.048446, 33.438378 ], [ -91.04904, 33.430413 ], [ -91.050467, 33.425885 ], [ -91.052038, 33.426031 ], [ -91.0592237, 33.4269603 ], [ -91.064444, 33.418462 ], [ -91.0701366, 33.4121953 ], [ -91.0744, 33.407502 ], [ -91.079801, 33.402662 ], [ -91.0808478, 33.4020628 ], [ -91.0842769, 33.4001003 ], [ -91.084317, 33.384506 ], [ -91.090125, 33.377876 ], [ -91.09312, 33.374837 ], [ -91.102234, 33.367478 ], [ -91.106518, 33.365232 ], [ -91.107664, 33.363948 ], [ -91.111648, 33.362527 ], [ -91.115741, 33.360374 ], [ -91.110882, 33.358108 ], [ -91.107503, 33.357508 ], [ -91.110054, 33.354315 ], [ -91.108832, 33.351979 ], [ -91.121172, 33.34736 ], [ -91.123241, 33.350141 ], [ -91.125327, 33.349562 ], [ -91.126199, 33.351322 ], [ -91.120814, 33.354685 ], [ -91.118769, 33.357259 ], [ -91.117177, 33.359515 ], [ -91.118142, 33.359571 ], [ -91.121252, 33.358244 ], [ -91.121989, 33.358058 ], [ -91.124254, 33.358034 ], [ -91.125455, 33.357174 ], [ -91.128633, 33.355376 ], [ -91.12858, 33.353498 ], [ -91.129481, 33.353384 ], [ -91.13112, 33.35107 ] ] ] } },
{ "type": "Feature", "properties": { "GEOID": "2808300", "NAME": "Brandon city, Mississippi", "population": 26122.0 }, "geometry": { "type": "Polygon", "coordinates": [ [ [ -90.043345, 32.268917 ], [ -90.038059, 32.26899 ], [ -90.038046, 32.267001 ], [ -90.038023, 32.251688 ], [ -90.021441, 32.250794 ], [ -90.005283, 32.249927 ], [ -90.00429, 32.250027 ], [ -90.001644, 32.249896 ], [ -90.002512, 32.244113 ], [ -90.002543, 32.239731 ], [ -89.988003, 32.240019 ], [ -89.957995, 32.240471 ], [ -89.957128, 32.242733 ], [ -89.956509, 32.243357 ], [ -89.953397, 32.245425 ], [ -89.954839, 32.246494 ], [ -89.953109, 32.248624 ], [ -89.953347, 32.25019 ], [ -89.949626, 32.251489 ], [ -89.946887, 32.254724 ], [ -89.945335, 32.259396 ], [ -89.943752, 32.258864 ], [ -89.941937, 32.263479 ], [ -89.942491, 32.264692 ], [ -89.937165, 32.264699 ], [ -89.93705, 32.270915 ], [ -89.932708, 32.272632 ], [ -89.932679, 32.280304 ], [ -89.932816, 32.288459 ], [ -89.932833, 32.288965 ], [ -89.937072, 32.289377 ], [ -89.937004, 32.297633 ], [ -89.947149, 32.29773 ], [ -89.95769, 32.297816 ], [ -89.957689, 32.301096 ], [ -89.953931, 32.301096 ], [ -89.953931, 32.305688 ], [ -89.970404, 32.305569 ], [ -89.970451, 32.312778 ], [ -89.976581, 32.312801 ], [ -89.982083, 32.312822 ], [ -89.982149, 32.312351 ], [ -89.990916, 32.312429 ], [ -89.99088, 32.312911 ], [ -89.994186, 32.312945 ], [ -90.019313, 32.312913 ], [ -90.021811, 32.312929 ], [ -90.033035, 32.312849 ], [ -90.03813, 32.31284 ], [ -90.037766, 32.304074 ], [ -90.038119, 32.290746 ], [ -90.038129, 32.283786 ], [ -90.038149, 32.277579 ], [ -90.038388, 32.276366 ], [ -90.043684, 32.27513 ], [ -90.043345, 32.268917 ] ] ] } },
{ "type": "Feature", "properties": { "GEOID": "2870240", "NAME": "Starkville city, Mississippi", "population": 25754.0 }, "geometry": { "type": "Polygon", "coordinates": [ [ [ -88.875879, 33.476565 ], [ -88.862692, 33.476545 ], [ -88.862666, 33.461944 ], [ -88.862617, 33.442005 ], [ -88.862611, 33.439454 ], [ -88.866913, 33.439487 ], [ -88.867026, 33.43326 ], [ -88.864743, 33.434307 ], [ -88.864689, 33.417654 ], [ -88.854037, 33.417718 ], [ -88.845168, 33.417707 ], [ -88.845153, 33.414 ], [ -88.842158, 33.414004 ], [ -88.827766, 33.414013 ], [ -88.827846, 33.406759 ], [ -88.824871, 33.406761 ], [ -88.810415, 33.406772 ], [ -88.810375, 33.410384 ], [ -88.801647, 33.410507 ], [ -88.801736, 33.417753 ], [ -88.79823, 33.41779 ], [ -88.797571, 33.417793 ], [ -88.797501, 33.425387 ], [ -88.797489, 33.432355 ], [ -88.80363, 33.432399 ], [ -88.803543, 33.437708 ], [ -88.80226, 33.437754 ], [ -88.801539, 33.439697 ], [ -88.801441, 33.449702 ], [ -88.801612, 33.449794 ], [ -88.801608, 33.452422 ], [ -88.797315, 33.452428 ], [ -88.797306, 33.454933 ], [ -88.797304, 33.456864 ], [ -88.797296, 33.460444 ], [ -88.796115, 33.461807 ], [ -88.796319, 33.466629 ], [ -88.789284, 33.467583 ], [ -88.786493, 33.466814 ], [ -88.786488, 33.467835 ], [ -88.778166, 33.468709 ], [ -88.777568, 33.467975 ], [ -88.778472, 33.466195 ], [ -88.780456, 33.464132 ], [ -88.78059, 33.466191 ], [ -88.784675, 33.465971 ], [ -88.785344, 33.463036 ], [ -88.788721, 33.463715 ], [ -88.788702, 33.462309 ], [ -88.784864, 33.462273 ], [ -88.784711, 33.458365 ], [ -88.783666, 33.457786 ], [ -88.784106, 33.45696 ], [ -88.783132, 33.4562 ], [ -88.781828, 33.457317 ], [ -88.781733, 33.459094 ], [ -88.780494, 33.458874 ], [ -88.781882, 33.460415 ], [ -88.781464, 33.462341 ], [ -88.77646, 33.462362 ], [ -88.772262, 33.462527 ], [ -88.772679, 33.460565 ], [ -88.771006, 33.459917 ], [ -88.770391, 33.460913 ], [ -88.771286, 33.462387 ], [ -88.76776, 33.462404 ], [ -88.767756, 33.467782 ], [ -88.765343, 33.470343 ], [ -88.762201, 33.471373 ], [ -88.759753, 33.470769 ], [ -88.7562, 33.469012 ], [ -88.754249, 33.468707 ], [ -88.741461, 33.468448 ], [ -88.741465, 33.46874 ], [ -88.741616, 33.477077 ], [ -88.747153, 33.476912 ], [ -88.750321, 33.476317 ], [ -88.76551, 33.476968 ], [ -88.765508, 33.478979 ], [ -88.767798, 33.47898 ], [ -88.767833, 33.484265 ], [ -88.773831, 33.484212 ], [ -88.775316, 33.486159 ], [ -88.776534, 33.485564 ], [ -88.776623, 33.487856 ], [ -88.780671, 33.487815 ], [ -88.780678, 33.491482 ], [ -88.786764, 33.491429 ], [ -88.786762, 33.494167 ], [ -88.78676, 33.497741 ], [ -88.784682, 33.497741 ], [ -88.784677, 33.498786 ], [ -88.792783, 33.498635 ], [ -88.792787, 33.505979 ], [ -88.831846, 33.505869 ], [ -88.862658, 33.505785 ], [ -88.862759, 33.487478 ], [ -88.875816, 33.487452 ], [ -88.875879, 33.476565 ] ], [ [ -88.788787, 33.4797 ], [ -88.780662, 33.483378 ], [ -88.780658, 33.481153 ], [ -88.776662, 33.480417 ], [ -88.770676, 33.476923 ], [ -88.76833, 33.475165 ], [ -88.7683, 33.470366 ], [ -88.77653, 33.469464 ], [ -88.780032, 33.469072 ], [ -88.788779, 33.46818 ], [ -88.788811, 33.474282 ], [ -88.788787, 33.4797 ] ] ] } },
{ "type": "Feature", "properties": { "GEOID": "2862520", "NAME": "Ridgeland city, Mississippi", "population": 24750.0 }, "geometry": { "type": "Polygon", "coordinates": [ [ [ -90.243649, 32.40721 ], [ -90.243633, 32.403408 ], [ -90.243764, 32.400098 ], [ -90.239172, 32.399835 ], [ -90.235775, 32.399977 ], [ -90.23419, 32.39999 ], [ -90.233821, 32.399989 ], [ -90.218094, 32.400056 ], [ -90.176566, 32.400235 ], [ -90.174676, 32.400261 ], [ -90.170846, 32.403861 ], [ -90.160206, 32.411155 ], [ -90.157975, 32.411892 ], [ -90.157978, 32.412215 ], [ -90.155894, 32.412618 ], [ -90.148425, 32.412651 ], [ -90.148196, 32.412652 ], [ -90.146324, 32.412656 ], [ -90.145892, 32.405665 ], [ -90.146065, 32.405207 ], [ -90.148831, 32.400257 ], [ -90.147882, 32.399926 ], [ -90.145021, 32.399782 ], [ -90.140723, 32.399479 ], [ -90.134441, 32.399492 ], [ -90.132044, 32.399504 ], [ -90.123488, 32.399451 ], [ -90.118775, 32.399487 ], [ -90.115565, 32.399487 ], [ -90.114899, 32.399491 ], [ -90.108652, 32.399507 ], [ -90.105696, 32.399444 ], [ -90.102969, 32.39946 ], [ -90.089307, 32.399437 ], [ -90.089357, 32.403602 ], [ -90.094488, 32.406725 ], [ -90.093235, 32.406796 ], [ -90.079093, 32.406753 ], [ -90.066694, 32.406637 ], [ -90.06746, 32.409231 ], [ -90.070324, 32.411567 ], [ -90.071812, 32.414319 ], [ -90.075013, 32.417502 ], [ -90.075349, 32.419086 ], [ -90.074165, 32.419982 ], [ -90.070484, 32.41995 ], [ -90.070516, 32.41771 ], [ -90.069236, 32.416815 ], [ -90.06578, 32.416271 ], [ -90.063796, 32.417742 ], [ -90.0629, 32.419982 ], [ -90.065284, 32.422334 ], [ -90.066182, 32.426278 ], [ -90.07231, 32.426302 ], [ -90.07119, 32.428174 ], [ -90.075293, 32.430994 ], [ -90.081057, 32.428013 ], [ -90.085696, 32.427008 ], [ -90.085805, 32.427011 ], [ -90.087484, 32.427059 ], [ -90.093553, 32.425971 ], [ -90.097907, 32.426425 ], [ -90.097925, 32.428595 ], [ -90.103681, 32.428492 ], [ -90.106172, 32.429147 ], [ -90.106335, 32.429281 ], [ -90.106338, 32.430356 ], [ -90.10686, 32.430351 ], [ -90.107104, 32.430772 ], [ -90.107297, 32.430984 ], [ -90.109907, 32.435032 ], [ -90.109932, 32.435958 ], [ -90.112966, 32.43596 ], [ -90.112698, 32.439572 ], [ -90.122858, 32.439624 ], [ -90.121989, 32.441253 ], [ -90.124959, 32.442449 ], [ -90.123612, 32.445127 ], [ -90.123568, 32.450509 ], [ -90.140701, 32.450473 ], [ -90.144398, 32.450668 ], [ -90.144064, 32.45432 ], [ -90.153653, 32.454383 ], [ -90.154363, 32.452603 ], [ -90.1562, 32.45128 ], [ -90.161769, 32.451382 ], [ -90.163554, 32.452402 ], [ -90.163591, 32.458776 ], [ -90.166698, 32.459063 ], [ -90.168792, 32.458669 ], [ -90.170369, 32.457816 ], [ -90.172861, 32.45577 ], [ -90.173645, 32.455308 ], [ -90.17523, 32.454824 ], [ -90.190798, 32.454751 ], [ -90.191549, 32.454507 ], [ -90.192298, 32.453496 ], [ -90.192252, 32.450021 ], [ -90.192478, 32.449511 ], [ -90.194446, 32.446717 ], [ -90.194928, 32.446495 ], [ -90.199239, 32.445475 ], [ -90.20074, 32.444325 ], [ -90.201009, 32.43927 ], [ -90.199619, 32.436677 ], [ -90.202983, 32.4365 ], [ -90.213123, 32.436639 ], [ -90.215152, 32.435671 ], [ -90.219301, 32.43576 ], [ -90.223061, 32.434354 ], [ -90.227215, 32.434742 ], [ -90.228132, 32.43511 ], [ -90.229619, 32.437174 ], [ -90.235539, 32.437372 ], [ -90.237387, 32.437981 ], [ -90.240607, 32.440194 ], [ -90.243793, 32.440894 ], [ -90.243649, 32.40721 ] ] ] } },
{ "type": "Feature", "properties": { "GEOID": "2815380", "NAME": "Columbus city, Mississippi", "population": 22792.0 }, "geometry": { "type": "Polygon", "coordinates": [ [ [ -88.489254, 33.515923 ], [ -88.489825, 33.514823 ], [ -88.483425, 33.514993 ], [ -88.484033, 33.518576 ], [ -88.477465, 33.519029 ], [ -88.475712, 33.520313 ], [ -88.450919, 33.520841 ], [ -88.442292, 33.521215 ], [ -88.442365, 33.517485 ], [ -88.437785, 33.517511 ], [ -88.437533, 33.508361 ], [ -88.446014, 33.508179 ], [ -88.445865, 33.504609 ], [ -88.45535, 33.504445 ], [ -88.455084, 33.501071 ], [ -88.447395, 33.501175 ], [ -88.447245, 33.496556 ], [ -88.453424, 33.496798 ], [ -88.457995, 33.495416 ], [ -88.460064, 33.493857 ], [ -88.453099, 33.488205 ], [ -88.45127, 33.485958 ], [ -88.445504, 33.475876 ], [ -88.442941, 33.471415 ], [ -88.436808, 33.463261 ], [ -88.435794, 33.467301 ], [ -88.433764, 33.470042 ], [ -88.433486, 33.471505 ], [ -88.435747, 33.47551 ], [ -88.435593, 33.477535 ], [ -88.430066, 33.478368 ], [ -88.426842, 33.477582 ], [ -88.425488, 33.475742 ], [ -88.414639, 33.475796 ], [ -88.414649, 33.473988 ], [ -88.412119, 33.473951 ], [ -88.412259, 33.47787 ], [ -88.404478, 33.47787 ], [ -88.403857, 33.477857 ], [ -88.401372, 33.477799 ], [ -88.398501, 33.477839 ], [ -88.397342, 33.477853 ], [ -88.397018, 33.458157 ], [ -88.396988, 33.456693 ], [ -88.395897, 33.456685 ], [ -88.379442, 33.456753 ], [ -88.380044, 33.477574 ], [ -88.377539, 33.478295 ], [ -88.377775, 33.485941 ], [ -88.377758, 33.486242 ], [ -88.376032, 33.485957 ], [ -88.369563, 33.484828 ], [ -88.369574, 33.487372 ], [ -88.365962, 33.487402 ], [ -88.364974, 33.4891 ], [ -88.362978, 33.489092 ], [ -88.362944, 33.487821 ], [ -88.360892, 33.48781 ], [ -88.359947, 33.486094 ], [ -88.359848, 33.486432 ], [ -88.359851, 33.486097 ], [ -88.352001, 33.485698 ], [ -88.350282, 33.485418 ], [ -88.349633, 33.485712 ], [ -88.35002, 33.49312 ], [ -88.350278, 33.500421 ], [ -88.354619, 33.500588 ], [ -88.354514, 33.496999 ], [ -88.357629, 33.497054 ], [ -88.359022, 33.497132 ], [ -88.358145, 33.500658 ], [ -88.360299, 33.5007 ], [ -88.362461, 33.500743 ], [ -88.36332, 33.50131 ], [ -88.36334, 33.50185 ], [ -88.361808, 33.502007 ], [ -88.36163, 33.50509 ], [ -88.361726, 33.505093 ], [ -88.361717, 33.507372 ], [ -88.359772, 33.507935 ], [ -88.359792, 33.50891 ], [ -88.356662, 33.508352 ], [ -88.355001, 33.508346 ], [ -88.35369, 33.51491 ], [ -88.35381, 33.520097 ], [ -88.353939, 33.5253 ], [ -88.351362, 33.536027 ], [ -88.351463, 33.53674 ], [ -88.359725, 33.53696 ], [ -88.362301, 33.537071 ], [ -88.3626, 33.53708 ], [ -88.363321, 33.537099 ], [ -88.364289, 33.533509 ], [ -88.368623, 33.533417 ], [ -88.368388, 33.523735 ], [ -88.368159, 33.522922 ], [ -88.389869, 33.522929 ], [ -88.39009, 33.522928 ], [ -88.396006, 33.522915 ], [ -88.396663, 33.522914 ], [ -88.394337, 33.527449 ], [ -88.392609, 33.530898 ], [ -88.392078, 33.532373 ], [ -88.392299, 33.536614 ], [ -88.392095, 33.538703 ], [ -88.391531, 33.540637 ], [ -88.402441, 33.540741 ], [ -88.409378, 33.540764 ], [ -88.413149, 33.540789 ], [ -88.417577, 33.540819 ], [ -88.417431, 33.550558 ], [ -88.422811, 33.550626 ], [ -88.423893, 33.552361 ], [ -88.42437, 33.555007 ], [ -88.426157, 33.555149 ], [ -88.426048, 33.557696 ], [ -88.426114, 33.557747 ], [ -88.431976, 33.557662 ], [ -88.432789, 33.557604 ], [ -88.43286, 33.56296 ], [ -88.43464, 33.56403 ], [ -88.436156, 33.565702 ], [ -88.439022, 33.565693 ], [ -88.438914, 33.561197 ], [ -88.433081, 33.56126 ], [ -88.433157, 33.557593 ], [ -88.451894, 33.557866 ], [ -88.452099, 33.553981 ], [ -88.451825, 33.541117 ], [ -88.445945, 33.538038 ], [ -88.447107, 33.536059 ], [ -88.446895, 33.527658 ], [ -88.472972, 33.528113 ], [ -88.471886, 33.527114 ], [ -88.472714, 33.524451 ], [ -88.47369, 33.523843 ], [ -88.480299, 33.522741 ], [ -88.484864, 33.523234 ], [ -88.490207, 33.523006 ], [ -88.489254, 33.515923 ] ] ] } },
{ "type": "Feature", "properties": { "GEOID": "2855360", "NAME": "Pascagoula city, Mississippi", "population": 21409.0 }, "geometry": { "type": "MultiPolygon", "coordinates": [ [ [ [ -88.584525, 30.33562 ], [ -88.582568, 30.331342 ], [ -88.579509, 30.329866 ], [ -88.572479, 30.328987 ], [ -88.570571, 30.330697 ], [ -88.568672, 30.331128 ], [ -88.568226, 30.332199 ], [ -88.568395, 30.333478 ], [ -88.569025, 30.337012 ], [ -88.5697, 30.33907 ], [ -88.569773, 30.340557 ], [ -88.570992, 30.341033 ], [ -88.575334, 30.337761 ], [ -88.578933, 30.338534 ], [ -88.581038, 30.338371 ], [ -88.582294, 30.338683 ], [ -88.583715, 30.337989 ], [ -88.584342, 30.337209 ], [ -88.584525, 30.33562 ] ] ], [ [ [ -88.607817, 30.381042 ], [ -88.607166, 30.376964 ], [ -88.606944, 30.354917 ], [ -88.604959, 30.356934 ], [ -88.600441, 30.35768 ], [ -88.598489, 30.35979 ], [ -88.592814, 30.36124 ], [ -88.589175, 30.368025 ], [ -88.584998, 30.368681 ], [ -88.583581, 30.365796 ], [ -88.585195, 30.359039 ], [ -88.581362, 30.356492 ], [ -88.579814, 30.345846 ], [ -88.5635355, 30.3448951 ], [ -88.5507, 30.3441452 ], [ -88.5430975, 30.3437011 ], [ -88.542721, 30.3436791 ], [ -88.5363041, 30.3433043 ], [ -88.536214, 30.343299 ], [ -88.526936, 30.342434 ], [ -88.522494, 30.340092 ], [ -88.521945, 30.336896 ], [ -88.5140289, 30.3320797 ], [ -88.510213, 30.346599 ], [ -88.509013, 30.347799 ], [ -88.507613, 30.352799 ], [ -88.506713, 30.354999 ], [ -88.507313, 30.354999 ], [ -88.507013, 30.355599 ], [ -88.504413, 30.358399 ], [ -88.500947, 30.35849 ], [ -88.501045, 30.36108 ], [ -88.500945, 30.367319 ], [ -88.500632, 30.368199 ], [ -88.500513, 30.368199 ], [ -88.500507, 30.36991 ], [ -88.500738, 30.382043 ], [ -88.501283, 30.383514 ], [ -88.501422, 30.393095 ], [ -88.501201, 30.393834 ], [ -88.507168, 30.390039 ], [ -88.508888, 30.389721 ], [ -88.519228, 30.389736 ], [ -88.526212, 30.389721 ], [ -88.526215, 30.388199 ], [ -88.527914, 30.38826 ], [ -88.530706, 30.387982 ], [ -88.530697, 30.38972 ], [ -88.535398, 30.389687 ], [ -88.543357, 30.389474 ], [ -88.544301, 30.389387 ], [ -88.547178, 30.389312 ], [ -88.548515, 30.389179 ], [ -88.560892, 30.389279 ], [ -88.566113, 30.389608 ], [ -88.567285, 30.389173 ], [ -88.590783, 30.388291 ], [ -88.590794, 30.38824 ], [ -88.603005, 30.387589 ], [ -88.605955, 30.387191 ], [ -88.607504, 30.382679 ], [ -88.607817, 30.381042 ] ] ] ] } },
{ "type": "Feature", "properties": { "GEOID": "2876720", "NAME": "Vicksburg city, Mississippi", "population": 19830.0 }, "geometry": { "type": "Polygon", "coordinates": [ [ [ -90.951657, 32.235282 ], [ -90.950544, 32.234386 ], [ -90.951075, 32.232341 ], [ -90.946036, 32.232472 ], [ -90.944206, 32.231352 ], [ -90.940863, 32.230961 ], [ -90.937186, 32.228795 ], [ -90.936353, 32.228028 ], [ -90.928783, 32.225544 ], [ -90.924638, 32.226068 ], [ -90.923842, 32.227128 ], [ -90.916665, 32.224978 ], [ -90.915922, 32.223669 ], [ -90.913678, 32.223691 ], [ -90.912751, 32.224899 ], [ -90.910379, 32.226153 ], [ -90.908025, 32.226735 ], [ -90.903238, 32.231477 ], [ -90.903482, 32.23444 ], [ -90.902783, 32.236094 ], [ -90.901107, 32.236924 ], [ -90.90088, 32.238947 ], [ -90.900557, 32.251641 ], [ -90.908299, 32.251682 ], [ -90.908303, 32.259374 ], [ -90.908159, 32.273716 ], [ -90.899443, 32.283149 ], [ -90.89, 32.283405 ], [ -90.890586, 32.28614 ], [ -90.886367, 32.286492 ], [ -90.882622, 32.287638 ], [ -90.881096, 32.285885 ], [ -90.882541, 32.285782 ], [ -90.882523, 32.284265 ], [ -90.874523, 32.28394 ], [ -90.868659, 32.283293 ], [ -90.86787, 32.28432 ], [ -90.868464, 32.289373 ], [ -90.868028, 32.289088 ], [ -90.864004, 32.290794 ], [ -90.860723, 32.290449 ], [ -90.860575, 32.282426 ], [ -90.855881, 32.283245 ], [ -90.855835, 32.2897 ], [ -90.856736, 32.289549 ], [ -90.857183, 32.290527 ], [ -90.856685, 32.290313 ], [ -90.856033, 32.291964 ], [ -90.856136, 32.294149 ], [ -90.855784, 32.294634 ], [ -90.855761, 32.296095 ], [ -90.855752, 32.297291 ], [ -90.842465, 32.29742 ], [ -90.8431, 32.303481 ], [ -90.844322, 32.302161 ], [ -90.847403, 32.301908 ], [ -90.847844, 32.303859 ], [ -90.84664, 32.305448 ], [ -90.846058, 32.305151 ], [ -90.843444, 32.30729 ], [ -90.842954, 32.306499 ], [ -90.843158, 32.314552 ], [ -90.843313, 32.323922 ], [ -90.841321, 32.324696 ], [ -90.843269, 32.327377 ], [ -90.843188, 32.333753 ], [ -90.843139, 32.337635 ], [ -90.845431, 32.338839 ], [ -90.837963, 32.338721 ], [ -90.830816, 32.339016 ], [ -90.831644, 32.340794 ], [ -90.83237, 32.344256 ], [ -90.825392, 32.344607 ], [ -90.825327, 32.347259 ], [ -90.825334, 32.347759 ], [ -90.82504, 32.348774 ], [ -90.825013, 32.350862 ], [ -90.824038, 32.350863 ], [ -90.82355, 32.35144 ], [ -90.82194, 32.35345 ], [ -90.821217, 32.354833 ], [ -90.8217, 32.354812 ], [ -90.821787, 32.36065 ], [ -90.828216, 32.361511 ], [ -90.831137, 32.361898 ], [ -90.831267, 32.359761 ], [ -90.829858, 32.357886 ], [ -90.82935, 32.353737 ], [ -90.829492, 32.351001 ], [ -90.83017, 32.349776 ], [ -90.845717, 32.347074 ], [ -90.847268, 32.344461 ], [ -90.847643, 32.343931 ], [ -90.850522, 32.343114 ], [ -90.852183, 32.343289 ], [ -90.855606, 32.345666 ], [ -90.854918, 32.346303 ], [ -90.855665, 32.347979 ], [ -90.853135, 32.349196 ], [ -90.852585, 32.352316 ], [ -90.850603, 32.354547 ], [ -90.847546, 32.358837 ], [ -90.846758, 32.358208 ], [ -90.845083, 32.359326 ], [ -90.847637, 32.361158 ], [ -90.847556, 32.36181 ], [ -90.84781, 32.362224 ], [ -90.846971, 32.362766 ], [ -90.846243, 32.363618 ], [ -90.845777, 32.364761 ], [ -90.846584, 32.367832 ], [ -90.846107, 32.369163 ], [ -90.849446, 32.370027 ], [ -90.850459, 32.371296 ], [ -90.859621, 32.371848 ], [ -90.861869, 32.370482 ], [ -90.864633, 32.369697 ], [ -90.866915, 32.370542 ], [ -90.869473, 32.369362 ], [ -90.869838, 32.36847 ], [ -90.870472, 32.368115 ], [ -90.871948, 32.364189 ], [ -90.87428, 32.362407 ], [ -90.875992, 32.360057 ], [ -90.877453, 32.358883 ], [ -90.874445, 32.362651 ], [ -90.872136, 32.364338 ], [ -90.87037, 32.36857 ], [ -90.87007, 32.37034 ], [ -90.867416, 32.372853 ], [ -90.870529, 32.372246 ], [ -90.871149, 32.37233 ], [ -90.870496, 32.375144 ], [ -90.869002, 32.377349 ], [ -90.867505, 32.377781 ], [ -90.867259, 32.379824 ], [ -90.858782, 32.379868 ], [ -90.85757, 32.380471 ], [ -90.85504, 32.384121 ], [ -90.851962, 32.38455 ], [ -90.85208, 32.391109 ], [ -90.845784, 32.392016 ], [ -90.844652, 32.394643 ], [ -90.849444, 32.395135 ], [ -90.849444, 32.397297 ], [ -90.844481, 32.397452 ], [ -90.844557, 32.401266 ], [ -90.839253, 32.404638 ], [ -90.840446, 32.40523 ], [ -90.838103, 32.407437 ], [ -90.8244, 32.42147 ], [ -90.82222, 32.421354 ], [ -90.819512, 32.421199 ], [ -90.818908, 32.428051 ], [ -90.823162, 32.428054 ], [ -90.830972, 32.42806 ], [ -90.832525, 32.427028 ], [ -90.832828, 32.425479 ], [ -90.839694, 32.417997 ], [ -90.844898, 32.413212 ], [ -90.848507, 32.410328 ], [ -90.850698, 32.408026 ], [ -90.852453, 32.405584 ], [ -90.854459, 32.401307 ], [ -90.856979, 32.397369 ], [ -90.864622, 32.397478 ], [ -90.871475, 32.397314 ], [ -90.876388, 32.397341 ], [ -90.879064, 32.397254 ], [ -90.878979, 32.393581 ], [ -90.87904, 32.39156 ], [ -90.88545, 32.39483 ], [ -90.888263, 32.395042 ], [ -90.891503, 32.394868 ], [ -90.900443, 32.392127 ], [ -90.901972, 32.391288 ], [ -90.90393, 32.39116 ], [ -90.909202, 32.397051 ], [ -90.913023, 32.396879 ], [ -90.92317, 32.397654 ], [ -90.920991, 32.394224 ], [ -90.918036, 32.390792 ], [ -90.909269, 32.382884 ], [ -90.906978, 32.381175 ], [ -90.902952, 32.378828 ], [ -90.900936, 32.378071 ], [ -90.893341, 32.375811 ], [ -90.8888124, 32.3732624 ], [ -90.878289, 32.374548 ], [ -90.875631, 32.372434 ], [ -90.876521400000016, 32.3704048 ], [ -90.882161, 32.357552 ], [ -90.8825298, 32.357012 ], [ -90.886454, 32.3512665 ], [ -90.8879189, 32.3491216 ], [ -90.8963641, 32.3367567 ], [ -90.90072, 32.330379 ], [ -90.90124, 32.323386 ], [ -90.902558, 32.319587 ], [ -90.905173, 32.315497 ], [ -90.9065484, 32.314005 ], [ -90.916157, 32.303582 ], [ -90.922231, 32.298639 ], [ -90.9234497, 32.2977793 ], [ -90.933991, 32.290343 ], [ -90.9345267, 32.290077599999989 ], [ -90.935116, 32.26816 ], [ -90.937989, 32.266484 ], [ -90.941741, 32.266973 ], [ -90.943507, 32.266165 ], [ -90.942343, 32.264796 ], [ -90.943003, 32.262839 ], [ -90.944432, 32.261382 ], [ -90.946683, 32.2576 ], [ -90.945422, 32.256847 ], [ -90.945641, 32.253494 ], [ -90.947375, 32.253098 ], [ -90.947376, 32.248782 ], [ -90.948314, 32.248161 ], [ -90.947641, 32.246116 ], [ -90.949924, 32.241598 ], [ -90.949723, 32.239993 ], [ -90.950726, 32.236161 ], [ -90.951657, 32.235282 ] ] ] } },
{ "type": "Feature", "properties": { "GEOID": "2826860", "NAME": "Gautier city, Mississippi", "population": 19069.0 }, "geometry": { "type": "Polygon", "coordinates": [ [ [ -88.721748, 30.395635 ], [ -88.707509, 30.395657 ], [ -88.708344, 30.390704 ], [ -88.709488, 30.389545 ], [ -88.709536, 30.3884 ], [ -88.708367, 30.385716 ], [ -88.707077, 30.383837 ], [ -88.702843, 30.384624 ], [ -88.70218, 30.385538 ], [ -88.700908, 30.38554 ], [ -88.699918, 30.384336 ], [ -88.698185, 30.383137 ], [ -88.697978, 30.370363 ], [ -88.696313, 30.370373 ], [ -88.685849, 30.370061 ], [ -88.685694, 30.367556 ], [ -88.683593, 30.366831 ], [ -88.682824, 30.365015 ], [ -88.682565, 30.364158 ], [ -88.681174, 30.363726 ], [ -88.677258, 30.365458 ], [ -88.670708, 30.364322 ], [ -88.668466, 30.362313 ], [ -88.6646059, 30.3617803 ], [ -88.6644302, 30.3618515 ], [ -88.6643859, 30.3618695 ], [ -88.66382, 30.362099 ], [ -88.6453766, 30.3605097 ], [ -88.637697, 30.359848 ], [ -88.625503, 30.3686 ], [ -88.618205, 30.372583 ], [ -88.612263, 30.373403 ], [ -88.6114089, 30.3732046 ], [ -88.611018, 30.373511 ], [ -88.610235, 30.377559 ], [ -88.61019, 30.37808 ], [ -88.608627, 30.38294 ], [ -88.60869, 30.38469 ], [ -88.608255, 30.386013 ], [ -88.606836, 30.391912 ], [ -88.614337, 30.407819 ], [ -88.615706, 30.40862 ], [ -88.616801, 30.409096 ], [ -88.618629, 30.410043 ], [ -88.619034, 30.411529 ], [ -88.617342, 30.413045 ], [ -88.614091, 30.413318 ], [ -88.612981, 30.414374 ], [ -88.612761, 30.41591 ], [ -88.615988, 30.420337 ], [ -88.617992, 30.423813 ], [ -88.615906, 30.426396 ], [ -88.612257, 30.428374 ], [ -88.611536, 30.430309 ], [ -88.612559, 30.434817 ], [ -88.611979, 30.43796 ], [ -88.613328, 30.439913 ], [ -88.616528, 30.441794 ], [ -88.619922, 30.444708 ], [ -88.6224, 30.446301 ], [ -88.627704, 30.450915 ], [ -88.627622, 30.45199 ], [ -88.626439, 30.453586 ], [ -88.624203, 30.454826 ], [ -88.619221, 30.456118 ], [ -88.617786, 30.459461 ], [ -88.618381, 30.461047 ], [ -88.62134, 30.462982 ], [ -88.623303, 30.466339 ], [ -88.623428, 30.46796 ], [ -88.622096, 30.47034 ], [ -88.623049, 30.472041 ], [ -88.627748, 30.474429 ], [ -88.628644, 30.477644 ], [ -88.626724, 30.480139 ], [ -88.626972, 30.48221 ], [ -88.632688, 30.485936 ], [ -88.634584, 30.486248 ], [ -88.63774, 30.48509 ], [ -88.640117, 30.482933 ], [ -88.648264, 30.478896 ], [ -88.64815, 30.473795 ], [ -88.648113, 30.47194 ], [ -88.648206, 30.471091 ], [ -88.64808, 30.467601 ], [ -88.648358, 30.464961 ], [ -88.650096, 30.461199 ], [ -88.650225, 30.459487 ], [ -88.649727, 30.458855 ], [ -88.65029, 30.457422 ], [ -88.65273, 30.456057 ], [ -88.652962, 30.453899 ], [ -88.651748, 30.452756 ], [ -88.649977, 30.452635 ], [ -88.648569, 30.449011 ], [ -88.650852, 30.447019 ], [ -88.648352, 30.447043 ], [ -88.648352, 30.442087 ], [ -88.657651, 30.442087 ], [ -88.661443, 30.446028 ], [ -88.664411, 30.447229 ], [ -88.66517, 30.447391 ], [ -88.665295, 30.439204 ], [ -88.665089, 30.433744 ], [ -88.664874, 30.414089 ], [ -88.670598, 30.414131 ], [ -88.698004, 30.414321 ], [ -88.699318, 30.414315 ], [ -88.699321, 30.418168 ], [ -88.707623, 30.418176 ], [ -88.707627, 30.421402 ], [ -88.708505, 30.421705 ], [ -88.706405, 30.421707 ], [ -88.706413, 30.428007 ], [ -88.699179, 30.428014 ], [ -88.699183, 30.434684 ], [ -88.699309, 30.441199 ], [ -88.699075, 30.445808 ], [ -88.706652, 30.445774 ], [ -88.706648, 30.44385 ], [ -88.709602, 30.443851 ], [ -88.709599, 30.445507 ], [ -88.71079, 30.445507 ], [ -88.711928, 30.446804 ], [ -88.711913, 30.455083 ], [ -88.714245, 30.455084 ], [ -88.714239, 30.458306 ], [ -88.718909, 30.45835 ], [ -88.718535, 30.451705 ], [ -88.717534, 30.441749 ], [ -88.717483, 30.441284 ], [ -88.717179, 30.438787 ], [ -88.715538, 30.4352 ], [ -88.715417, 30.428503 ], [ -88.715394, 30.413056 ], [ -88.716538, 30.410625 ], [ -88.718968, 30.406586 ], [ -88.719486, 30.403739 ], [ -88.71967, 30.402534 ], [ -88.72, 30.401085 ], [ -88.720961, 30.39979 ], [ -88.721563, 30.398855 ], [ -88.721689, 30.398395 ], [ -88.721748, 30.395635 ] ], [ [ -88.64071, 30.383633 ], [ -88.624426, 30.380359 ], [ -88.624171, 30.377051 ], [ -88.628129, 30.375403 ], [ -88.638257, 30.372294 ], [ -88.639073, 30.375567 ], [ -88.639663, 30.378335 ], [ -88.64071, 30.383633 ] ], [ [ -88.632974, 30.47864 ], [ -88.63295, 30.479647 ], [ -88.630548, 30.479647 ], [ -88.630548, 30.476525 ], [ -88.633024, 30.476525 ], [ -88.632974, 30.47864 ] ] ] } },
{ "type": "Feature", "properties": { "GEOID": "2853520", "NAME": "Ocean Springs city, Mississippi", "population": 18993.0 }, "geometry": { "type": "MultiPolygon", "coordinates": [ [ [ [ -88.811688, 30.385245 ], [ -88.8109762, 30.3848914 ], [ -88.8008994, 30.3847024 ], [ -88.802035, 30.384992 ], [ -88.811242, 30.386504 ], [ -88.811688, 30.385245 ] ] ], [ [ [ -88.8550556, 30.4258505 ], [ -88.85327, 30.423014 ], [ -88.845665, 30.420555 ], [ -88.8416045, 30.4102964 ], [ -88.841328, 30.409598 ], [ -88.8279905, 30.4041263 ], [ -88.8241711, 30.4025594 ], [ -88.823724, 30.402376 ], [ -88.810227, 30.394698 ], [ -88.801694, 30.391651 ], [ -88.799908699999989, 30.3916994 ], [ -88.794088, 30.391857 ], [ -88.7939497, 30.391678 ], [ -88.78981, 30.386321 ], [ -88.7900244, 30.3856428 ], [ -88.783826, 30.383799 ], [ -88.778625, 30.381799 ], [ -88.777764, 30.382682 ], [ -88.77452, 30.386089 ], [ -88.774536, 30.38671 ], [ -88.77435, 30.391948 ], [ -88.773037, 30.392817 ], [ -88.769127, 30.39066 ], [ -88.766269, 30.395886 ], [ -88.764325, 30.396599 ], [ -88.766324, 30.399169 ], [ -88.764525, 30.399073 ], [ -88.761191, 30.39625 ], [ -88.759847, 30.395723 ], [ -88.75326, 30.395591 ], [ -88.748887, 30.395596 ], [ -88.74881, 30.404579 ], [ -88.727974, 30.401183 ], [ -88.727957, 30.398878 ], [ -88.721563, 30.398855 ], [ -88.720961, 30.39979 ], [ -88.72, 30.401085 ], [ -88.71967, 30.402534 ], [ -88.719486, 30.403739 ], [ -88.724156, 30.403764 ], [ -88.724138, 30.406482 ], [ -88.728776, 30.40645 ], [ -88.728758, 30.408128 ], [ -88.732913, 30.408158 ], [ -88.732858, 30.413513 ], [ -88.737291, 30.413545 ], [ -88.737233, 30.417506 ], [ -88.74076, 30.417841 ], [ -88.749047, 30.417804 ], [ -88.749058, 30.421048 ], [ -88.749052, 30.425766 ], [ -88.76182, 30.421104 ], [ -88.765908, 30.419604 ], [ -88.76604, 30.425755 ], [ -88.767731, 30.425053 ], [ -88.768444, 30.424895 ], [ -88.776177, 30.424895 ], [ -88.778344, 30.42659 ], [ -88.782925, 30.425354 ], [ -88.788926, 30.422698 ], [ -88.795626, 30.421698 ], [ -88.795126, 30.420098 ], [ -88.802727, 30.418598 ], [ -88.803696, 30.419284 ], [ -88.806412, 30.421691 ], [ -88.813387, 30.42485 ], [ -88.817069, 30.425962 ], [ -88.818673, 30.425701 ], [ -88.818827, 30.423198 ], [ -88.821827, 30.424098 ], [ -88.827941, 30.419175 ], [ -88.832685, 30.418672 ], [ -88.839975, 30.421259 ], [ -88.843028, 30.421898 ], [ -88.848393, 30.425399 ], [ -88.853506, 30.428014 ], [ -88.854029, 30.427398 ], [ -88.8550556, 30.4258505 ] ] ] ] } },
{ "type": "Feature", "properties": { "GEOID": "2831780", "NAME": "Hernando city, Mississippi", "population": 18824.0 }, "geometry": { "type": "Polygon", "coordinates": [ [ [ -90.060232, 34.830822 ], [ -90.042306, 34.830688 ], [ -90.040494, 34.830702 ], [ -90.04046, 34.825142 ], [ -90.042309, 34.825153 ], [ -90.04231, 34.82356 ], [ -90.033557, 34.823741 ], [ -90.033647, 34.816166 ], [ -90.033577, 34.801511 ], [ -90.015892, 34.801584 ], [ -90.015771, 34.799869 ], [ -90.012589, 34.801448 ], [ -90.015259, 34.804536 ], [ -90.014614, 34.806473 ], [ -90.013757, 34.807911 ], [ -90.009223, 34.808109 ], [ -90.009201, 34.808769 ], [ -90.00424, 34.808767 ], [ -90.004192, 34.808837 ], [ -90.001565, 34.808898 ], [ -90.002892, 34.806984 ], [ -90.000728, 34.806008 ], [ -90.000995, 34.804368 ], [ -90.002199, 34.802941 ], [ -90.006744, 34.805033 ], [ -90.007331, 34.804536 ], [ -90.007324, 34.801646 ], [ -89.99832, 34.801708 ], [ -89.99827, 34.806871 ], [ -89.993404, 34.807875 ], [ -89.990412, 34.809053 ], [ -89.990189, 34.808493 ], [ -89.989375, 34.811189 ], [ -89.980597, 34.810677 ], [ -89.980599, 34.80906 ], [ -89.970299, 34.809235 ], [ -89.963406, 34.809252 ], [ -89.963303, 34.805687 ], [ -89.954333, 34.805638 ], [ -89.954391, 34.810198 ], [ -89.949844, 34.810208 ], [ -89.949847, 34.809299 ], [ -89.936552, 34.809376 ], [ -89.936598, 34.814027 ], [ -89.940398, 34.81542 ], [ -89.941041, 34.813872 ], [ -89.943487, 34.814582 ], [ -89.943516, 34.816423 ], [ -89.944495, 34.816599 ], [ -89.954279, 34.816602 ], [ -89.963175, 34.816563 ], [ -89.963033, 34.831206 ], [ -89.954428, 34.831213 ], [ -89.954459, 34.841221 ], [ -89.956048, 34.841214 ], [ -89.956038, 34.842223 ], [ -89.963295, 34.842214 ], [ -89.963277, 34.84588 ], [ -89.964339, 34.845675 ], [ -89.965035, 34.848025 ], [ -89.96372, 34.848325 ], [ -89.96435, 34.853154 ], [ -89.95851, 34.853275 ], [ -89.958458, 34.849027 ], [ -89.954725, 34.849885 ], [ -89.954521, 34.85039 ], [ -89.95463, 34.859499 ], [ -89.95471, 34.860272 ], [ -89.95463, 34.867761 ], [ -89.941339, 34.867721 ], [ -89.941316, 34.860488 ], [ -89.936891, 34.860492 ], [ -89.936891, 34.860652 ], [ -89.931195, 34.860699 ], [ -89.931037, 34.862809 ], [ -89.930934, 34.87491 ], [ -89.930718, 34.884106 ], [ -89.935479, 34.883923 ], [ -89.936769, 34.883348 ], [ -89.962336, 34.883187 ], [ -89.964811, 34.882298 ], [ -89.972329, 34.882406 ], [ -89.972339, 34.889657 ], [ -89.99062, 34.889767 ], [ -89.990433, 34.894826 ], [ -89.990513, 34.904362 ], [ -89.991316, 34.904365 ], [ -89.997372, 34.904379 ], [ -90.015364, 34.904496 ], [ -90.009085, 34.882154 ], [ -90.007073, 34.875147 ], [ -90.051673, 34.875119 ], [ -90.051417, 34.860191 ], [ -90.042846, 34.860214 ], [ -90.042472, 34.860208 ], [ -90.041365, 34.860444 ], [ -90.03439, 34.860268 ], [ -90.033819, 34.862719 ], [ -90.033935, 34.867827 ], [ -90.025043, 34.867867 ], [ -90.025058, 34.860375 ], [ -90.016331, 34.860391 ], [ -90.016331, 34.866054 ], [ -90.00286, 34.862099 ], [ -90.002504, 34.85692 ], [ -90.003786, 34.845673 ], [ -90.007358, 34.845399 ], [ -90.007171, 34.837402 ], [ -90.009158, 34.837371 ], [ -90.010344, 34.840657 ], [ -90.014408, 34.847087 ], [ -90.014476, 34.851034 ], [ -90.015899, 34.853059 ], [ -90.029397, 34.852965 ], [ -90.029372, 34.845536 ], [ -90.042684, 34.845519 ], [ -90.042643, 34.834903 ], [ -90.041195, 34.834903 ], [ -90.04119, 34.834101 ], [ -90.031215, 34.834056 ], [ -90.031171, 34.831034 ], [ -90.042616, 34.830981 ], [ -90.060232, 34.830822 ] ], [ [ -90.028342, 34.833218 ], [ -90.024931, 34.833219 ], [ -90.024907, 34.830898 ], [ -90.026128, 34.83102 ], [ -90.028305, 34.831021 ], [ -90.028342, 34.833218 ] ], [ [ -90.025369, 34.820427 ], [ -90.022875, 34.82043 ], [ -90.022828, 34.818465 ], [ -90.021885, 34.816293 ], [ -90.024785, 34.81627 ], [ -90.025369, 34.820427 ] ], [ [ -90.02154, 34.829515 ], [ -90.017693, 34.827056 ], [ -90.017711, 34.827033 ], [ -90.01219, 34.824321 ], [ -90.009736, 34.823519 ], [ -90.007138, 34.823224 ], [ -90.007133, 34.81999 ], [ -90.012104, 34.819894 ], [ -90.012866, 34.816219 ], [ -90.018088, 34.816212 ], [ -90.018134, 34.81957 ], [ -90.020229, 34.819045 ], [ -90.020273, 34.82305 ], [ -90.024847, 34.823676 ], [ -90.02154, 34.829515 ] ], [ [ -90.007316, 34.811451 ], [ -90.00713, 34.812969 ], [ -90.001948, 34.812929 ], [ -90.002415, 34.812048 ], [ -90.002766, 34.811057 ], [ -90.003038, 34.810554 ], [ -90.004155, 34.808891 ], [ -90.00734, 34.808903 ], [ -90.007316, 34.811451 ] ], [ [ -89.95427, 34.813489 ], [ -89.951415, 34.813067 ], [ -89.948699, 34.812998 ], [ -89.945441, 34.813088 ], [ -89.945437, 34.811121 ], [ -89.954275, 34.811302 ], [ -89.95427, 34.813489 ] ] ] } },
{ "type": "Feature", "properties": { "GEOID": "2839640", "NAME": "Laurel city, Mississippi", "population": 17662.0 }, "geometry": { "type": "MultiPolygon", "coordinates": [ [ [ [ -89.080805, 31.74728 ], [ -89.080834, 31.746833 ], [ -89.080787, 31.746854 ], [ -89.077798, 31.748373 ], [ -89.069069, 31.755985 ], [ -89.073007, 31.755744 ], [ -89.076648, 31.752864 ], [ -89.081644, 31.749704 ], [ -89.080805, 31.74728 ] ] ], [ [ [ -89.134616, 31.740599 ], [ -89.13456, 31.740599 ], [ -89.134363, 31.740597 ], [ -89.134189, 31.740595 ], [ -89.13302, 31.740592 ], [ -89.133054, 31.741607 ], [ -89.13457, 31.741609 ], [ -89.13463, 31.7406 ], [ -89.134616, 31.740599 ] ] ], [ [ [ -89.193611, 31.685506 ], [ -89.190488, 31.68548 ], [ -89.189508, 31.683562 ], [ -89.189558, 31.675028 ], [ -89.188404, 31.675065 ], [ -89.187328, 31.677392 ], [ -89.185145, 31.677156 ], [ -89.185086, 31.675028 ], [ -89.180812, 31.675028 ], [ -89.180891, 31.662389 ], [ -89.182874, 31.66074 ], [ -89.185068, 31.660625 ], [ -89.185032, 31.658645 ], [ -89.183576, 31.658489 ], [ -89.183559, 31.657412 ], [ -89.18402, 31.657 ], [ -89.180841, 31.656815 ], [ -89.180299, 31.656878 ], [ -89.17958, 31.65647 ], [ -89.17917, 31.65641 ], [ -89.17668, 31.65641 ], [ -89.175331, 31.65688 ], [ -89.17229, 31.65698 ], [ -89.170011, 31.656921 ], [ -89.17105, 31.65329 ], [ -89.172405, 31.65238 ], [ -89.175046, 31.652393 ], [ -89.176296, 31.651483 ], [ -89.176232, 31.647951 ], [ -89.179115, 31.647729 ], [ -89.180871, 31.646859 ], [ -89.18094, 31.6423 ], [ -89.180939, 31.639272 ], [ -89.18094, 31.638582 ], [ -89.189883, 31.638537 ], [ -89.189599, 31.628337 ], [ -89.189591, 31.628046 ], [ -89.180869, 31.633552 ], [ -89.180877, 31.635561 ], [ -89.180164, 31.633998 ], [ -89.17875, 31.63489 ], [ -89.171887, 31.639231 ], [ -89.16827, 31.64212 ], [ -89.165204, 31.645439 ], [ -89.166342, 31.643445 ], [ -89.15938, 31.651631 ], [ -89.152759, 31.660232 ], [ -89.152226, 31.660414 ], [ -89.149635, 31.663869 ], [ -89.146588, 31.663574 ], [ -89.144466, 31.66385 ], [ -89.144237, 31.662184 ], [ -89.142264, 31.662095 ], [ -89.142249, 31.660218 ], [ -89.14172, 31.66009 ], [ -89.14128, 31.65857 ], [ -89.138877, 31.656157 ], [ -89.135282, 31.659432 ], [ -89.133173, 31.658646 ], [ -89.13065, 31.659886 ], [ -89.13034, 31.661446 ], [ -89.130806, 31.663416 ], [ -89.13172, 31.66434 ], [ -89.130746, 31.665887 ], [ -89.130889, 31.667177 ], [ -89.129452, 31.667951 ], [ -89.12768, 31.667724 ], [ -89.127175, 31.66867 ], [ -89.126044, 31.66829 ], [ -89.1257, 31.670026 ], [ -89.121357, 31.673341 ], [ -89.119139, 31.673908 ], [ -89.117825, 31.675003 ], [ -89.118666, 31.677569 ], [ -89.11751, 31.677235 ], [ -89.11587, 31.678357 ], [ -89.116279, 31.679928 ], [ -89.115643, 31.680863 ], [ -89.12075, 31.68324 ], [ -89.12174, 31.68391 ], [ -89.121977, 31.684093 ], [ -89.121971, 31.685452 ], [ -89.120272, 31.685968 ], [ -89.119909, 31.685987 ], [ -89.119959, 31.688624 ], [ -89.118733, 31.689511 ], [ -89.11699, 31.689431 ], [ -89.116998, 31.688075 ], [ -89.113124, 31.688065 ], [ -89.113142, 31.683341 ], [ -89.112751, 31.683291 ], [ -89.112141, 31.684374 ], [ -89.110261, 31.685233 ], [ -89.110744, 31.687139 ], [ -89.109234, 31.688368 ], [ -89.110532, 31.691113 ], [ -89.109215, 31.692108 ], [ -89.111633, 31.693431 ], [ -89.107803, 31.696414 ], [ -89.109381, 31.697426 ], [ -89.113455, 31.697789 ], [ -89.113234, 31.709466 ], [ -89.113208, 31.710915 ], [ -89.113764, 31.711338 ], [ -89.115783, 31.712596 ], [ -89.115632, 31.715742 ], [ -89.115302, 31.721959 ], [ -89.112824, 31.7219 ], [ -89.105565, 31.721283 ], [ -89.102332, 31.722005 ], [ -89.099924, 31.723216 ], [ -89.097255, 31.724398 ], [ -89.100106, 31.723361 ], [ -89.101789, 31.724724 ], [ -89.098339, 31.729023 ], [ -89.079345, 31.74624 ], [ -89.080834, 31.746833 ], [ -89.083606, 31.744417 ], [ -89.08817, 31.739798 ], [ -89.098113, 31.731061 ], [ -89.100737, 31.728422 ], [ -89.103538, 31.723517 ], [ -89.10584, 31.72186 ], [ -89.106532, 31.721643 ], [ -89.112581, 31.722115 ], [ -89.114359, 31.722287 ], [ -89.115297, 31.722235 ], [ -89.1153, 31.72212 ], [ -89.11929, 31.72243 ], [ -89.119465, 31.722405 ], [ -89.117756, 31.725057 ], [ -89.116672, 31.72602 ], [ -89.11749, 31.726024 ], [ -89.121811, 31.726944 ], [ -89.12279, 31.729732 ], [ -89.126239, 31.729725 ], [ -89.126112, 31.733628 ], [ -89.126734, 31.733571 ], [ -89.127432, 31.73341 ], [ -89.130524, 31.733291 ], [ -89.13055, 31.72984 ], [ -89.133955, 31.729705 ], [ -89.133923, 31.730367 ], [ -89.133981, 31.730898 ], [ -89.132611, 31.730852 ], [ -89.132569, 31.732963 ], [ -89.134025, 31.73297 ], [ -89.13463, 31.7406 ], [ -89.13882, 31.74059 ], [ -89.13873, 31.74425 ], [ -89.138697, 31.745367 ], [ -89.137721, 31.745421 ], [ -89.137729, 31.746337 ], [ -89.138686, 31.746278 ], [ -89.13867, 31.74733 ], [ -89.138691, 31.748959 ], [ -89.14222, 31.748958 ], [ -89.14223, 31.74833 ], [ -89.14225, 31.7411 ], [ -89.142132, 31.740461 ], [ -89.145703, 31.740513 ], [ -89.146723, 31.739789 ], [ -89.146804, 31.73183 ], [ -89.151089, 31.731801 ], [ -89.151096, 31.729672 ], [ -89.147285, 31.729649 ], [ -89.148187, 31.725995 ], [ -89.15198, 31.72597 ], [ -89.154807, 31.725939 ], [ -89.154838, 31.727709 ], [ -89.155582, 31.728548 ], [ -89.161268, 31.726427 ], [ -89.162327, 31.727003 ], [ -89.161287, 31.72603 ], [ -89.161349, 31.722389 ], [ -89.163991, 31.722365 ], [ -89.163972, 31.726029 ], [ -89.166289, 31.726039 ], [ -89.179723, 31.726042 ], [ -89.179784, 31.719537 ], [ -89.17793, 31.71898 ], [ -89.176155, 31.722095 ], [ -89.17559, 31.722095 ], [ -89.167277, 31.722107 ], [ -89.167566, 31.719079 ], [ -89.166228, 31.71909 ], [ -89.163749, 31.719 ], [ -89.163772, 31.717761 ], [ -89.163846, 31.717182 ], [ -89.163739, 31.715021 ], [ -89.155301, 31.715097 ], [ -89.15526, 31.71334 ], [ -89.157276, 31.714405 ], [ -89.157246, 31.713048 ], [ -89.155772, 31.711756 ], [ -89.155159, 31.711474 ], [ -89.159421, 31.711503 ], [ -89.159457, 31.707643 ], [ -89.163689, 31.707645 ], [ -89.163869, 31.706481 ], [ -89.160865, 31.706452 ], [ -89.160819, 31.705594 ], [ -89.159713, 31.698644 ], [ -89.163773, 31.69848 ], [ -89.16377, 31.69278 ], [ -89.16514, 31.69272 ], [ -89.16602, 31.69269 ], [ -89.167143, 31.692749 ], [ -89.166848, 31.694472 ], [ -89.168211, 31.694538 ], [ -89.168506, 31.692847 ], [ -89.168652, 31.692859 ], [ -89.170643, 31.69302 ], [ -89.185, 31.69421 ], [ -89.19246, 31.69481 ], [ -89.192502, 31.693214 ], [ -89.190652, 31.69319 ], [ -89.190627, 31.694424 ], [ -89.18909, 31.6943 ], [ -89.18951, 31.68932 ], [ -89.190886, 31.688992 ], [ -89.190887, 31.687476 ], [ -89.193719, 31.68757 ], [ -89.193611, 31.685506 ] ] ] ] } },
{ "type": "Feature", "properties": { "GEOID": "2841680", "NAME": "Long Beach city, Mississippi", "population": 17309.0 }, "geometry": { "type": "Polygon", "coordinates": [ [ [ -89.203877, 30.359977 ], [ -89.198312, 30.361569 ], [ -89.195715, 30.361576 ], [ -89.195722, 30.354217 ], [ -89.189414, 30.354227 ], [ -89.189357, 30.343304 ], [ -89.189337, 30.339737 ], [ -89.186851, 30.33977 ], [ -89.186848, 30.338927 ], [ -89.18684, 30.331197 ], [ -89.153881, 30.342937 ], [ -89.144848, 30.345241 ], [ -89.137511, 30.349056 ], [ -89.1243137, 30.3536581 ], [ -89.124991, 30.354701 ], [ -89.127508, 30.358574 ], [ -89.129937, 30.362597 ], [ -89.132752, 30.366252 ], [ -89.134079, 30.365613 ], [ -89.135558, 30.366717 ], [ -89.136243, 30.366395 ], [ -89.13634, 30.369205 ], [ -89.136902, 30.369204 ], [ -89.141122, 30.375924 ], [ -89.141731, 30.376588 ], [ -89.144873, 30.376757 ], [ -89.145039, 30.383784 ], [ -89.145407, 30.383781 ], [ -89.145357, 30.385655 ], [ -89.146184, 30.385661 ], [ -89.146178, 30.383781 ], [ -89.149105, 30.38378 ], [ -89.149134, 30.387416 ], [ -89.149935, 30.387407 ], [ -89.149918, 30.383776 ], [ -89.153425, 30.383764 ], [ -89.153487, 30.385607 ], [ -89.155636, 30.385601 ], [ -89.155628, 30.383719 ], [ -89.170267, 30.383702 ], [ -89.187114, 30.383655 ], [ -89.187102, 30.380873 ], [ -89.189209, 30.380848 ], [ -89.189208, 30.37994 ], [ -89.187101, 30.379934 ], [ -89.187075, 30.370284 ], [ -89.187934, 30.370786 ], [ -89.193397, 30.370775 ], [ -89.19339, 30.36842 ], [ -89.197597, 30.368409 ], [ -89.197606, 30.370768 ], [ -89.199618, 30.37077 ], [ -89.199851, 30.364791 ], [ -89.203916, 30.36481 ], [ -89.203877, 30.359977 ] ], [ [ -89.187083, 30.368836 ], [ -89.187073, 30.367222 ], [ -89.191821, 30.366884 ], [ -89.187083, 30.368836 ] ] ] } },
{ "type": "Feature", "properties": { "GEOID": "2850440", "NAME": "Natchez city, Mississippi", "population": 14880.0 }, "geometry": { "type": "Polygon", "coordinates": [ [ [ -91.429014, 31.523134 ], [ -91.427089, 31.522262 ], [ -91.425416, 31.523276 ], [ -91.423103, 31.521385 ], [ -91.417737, 31.521945 ], [ -91.417673, 31.522418 ], [ -91.417031, 31.523362 ], [ -91.407363, 31.521488 ], [ -91.40876, 31.51969 ], [ -91.409498, 31.518059 ], [ -91.408084, 31.517593 ], [ -91.407598, 31.517867 ], [ -91.407455, 31.518473 ], [ -91.407212, 31.520826 ], [ -91.406499, 31.521732 ], [ -91.399456, 31.521067 ], [ -91.399667, 31.519282 ], [ -91.399741, 31.518655 ], [ -91.397468, 31.518894 ], [ -91.396871, 31.518707 ], [ -91.393721, 31.516189 ], [ -91.392398, 31.516803 ], [ -91.389709, 31.514751 ], [ -91.389882, 31.514122 ], [ -91.395371, 31.513555 ], [ -91.39587, 31.51348 ], [ -91.402255, 31.511827 ], [ -91.404307, 31.500284 ], [ -91.393763, 31.498988 ], [ -91.394463, 31.494374 ], [ -91.381872, 31.493048 ], [ -91.375115, 31.492336 ], [ -91.368296, 31.494871 ], [ -91.366235, 31.495638 ], [ -91.366216, 31.509435 ], [ -91.368551, 31.510469 ], [ -91.370032, 31.512431 ], [ -91.368765, 31.513475 ], [ -91.36821, 31.514976 ], [ -91.368634, 31.516074 ], [ -91.369903, 31.515094 ], [ -91.369866, 31.516877 ], [ -91.373159, 31.517497 ], [ -91.372275, 31.518467 ], [ -91.374241, 31.51932 ], [ -91.375725, 31.521551 ], [ -91.375481, 31.522789 ], [ -91.3775, 31.523509 ], [ -91.377738, 31.526761 ], [ -91.37665, 31.527227 ], [ -91.371067, 31.526929 ], [ -91.370444, 31.527479 ], [ -91.37049, 31.529393 ], [ -91.374023, 31.532657 ], [ -91.373998, 31.533867 ], [ -91.37276, 31.534709 ], [ -91.371373, 31.534105 ], [ -91.369615, 31.536255 ], [ -91.367298, 31.537743 ], [ -91.364, 31.540365 ], [ -91.361924, 31.541496 ], [ -91.359001, 31.546223 ], [ -91.359753, 31.547317 ], [ -91.358167, 31.547449 ], [ -91.358207, 31.549995 ], [ -91.357546, 31.551392 ], [ -91.356525, 31.5517 ], [ -91.355036, 31.55379 ], [ -91.355904, 31.555379 ], [ -91.355308, 31.557051 ], [ -91.352438, 31.55841 ], [ -91.351038, 31.557486 ], [ -91.350094, 31.558273 ], [ -91.349311, 31.560132 ], [ -91.34987, 31.560758 ], [ -91.348323, 31.561628 ], [ -91.348927, 31.563145 ], [ -91.347075, 31.565117 ], [ -91.345005, 31.569068 ], [ -91.343926, 31.569288 ], [ -91.343908, 31.572169 ], [ -91.343075, 31.573202 ], [ -91.346668, 31.57207 ], [ -91.349549, 31.569572 ], [ -91.34965, 31.569451 ], [ -91.35032, 31.56863 ], [ -91.353355, 31.564907 ], [ -91.359587, 31.568552 ], [ -91.359834, 31.569168 ], [ -91.360791, 31.569663 ], [ -91.362827, 31.569293 ], [ -91.363303, 31.570448 ], [ -91.36646, 31.571041 ], [ -91.3655, 31.572429 ], [ -91.36688, 31.57306 ], [ -91.366903, 31.57307 ], [ -91.365355, 31.575283 ], [ -91.368456, 31.577447 ], [ -91.368451, 31.577865 ], [ -91.372829, 31.578551 ], [ -91.372017, 31.582296 ], [ -91.375055, 31.584823 ], [ -91.375764, 31.586565 ], [ -91.379739, 31.588212 ], [ -91.382489, 31.586559 ], [ -91.386025, 31.583868 ], [ -91.386806, 31.584629 ], [ -91.388927, 31.584627 ], [ -91.391297, 31.588536 ], [ -91.395957, 31.586928 ], [ -91.394639, 31.585776 ], [ -91.4043099, 31.586265 ], [ -91.405415, 31.576466 ], [ -91.406615, 31.571966 ], [ -91.4077734, 31.5696492 ], [ -91.407915, 31.569366 ], [ -91.414915, 31.562166 ], [ -91.4198546, 31.5589018 ], [ -91.419869, 31.5588923 ], [ -91.422856, 31.5569185 ], [ -91.41789, 31.556464 ], [ -91.417274, 31.555903 ], [ -91.421301, 31.55326 ], [ -91.414428, 31.548036 ], [ -91.419156, 31.543472 ], [ -91.408535, 31.536422 ], [ -91.410972, 31.533587 ], [ -91.410597, 31.532518 ], [ -91.411238, 31.526298 ], [ -91.412031, 31.525631 ], [ -91.412374, 31.522758 ], [ -91.423893, 31.52501 ], [ -91.428257, 31.526423 ], [ -91.428394, 31.5255 ], [ -91.429014, 31.523134 ] ] ] } },
{ "type": "Feature", "properties": { "GEOID": "2815700", "NAME": "Corinth city, Mississippi", "population": 14345.0 }, "geometry": { "type": "Polygon", "coordinates": [ [ [ -88.576378, 34.924374 ], [ -88.576034, 34.923763 ], [ -88.560781, 34.923528 ], [ -88.560781, 34.919967 ], [ -88.560781, 34.919919 ], [ -88.560781, 34.90584 ], [ -88.560794, 34.901765 ], [ -88.546697, 34.901758 ], [ -88.542164, 34.90175 ], [ -88.541181, 34.901748 ], [ -88.541114, 34.904359 ], [ -88.541133, 34.908875 ], [ -88.539897, 34.908857 ], [ -88.536784, 34.915541 ], [ -88.532166, 34.915468 ], [ -88.532117, 34.916355 ], [ -88.529004, 34.915748 ], [ -88.523418, 34.915743 ], [ -88.523422, 34.916365 ], [ -88.516951, 34.916119 ], [ -88.515432, 34.911265 ], [ -88.514398, 34.909901 ], [ -88.513086, 34.901564 ], [ -88.496982, 34.901684 ], [ -88.488283, 34.901664 ], [ -88.478928, 34.901671 ], [ -88.47777, 34.900996 ], [ -88.472529, 34.897907 ], [ -88.470629, 34.896549 ], [ -88.465974, 34.893183 ], [ -88.46507, 34.894193 ], [ -88.462985, 34.894151 ], [ -88.470839, 34.901294 ], [ -88.47373, 34.90392 ], [ -88.472039, 34.905546 ], [ -88.470608, 34.904879 ], [ -88.470611, 34.905186 ], [ -88.470586, 34.907111 ], [ -88.473146, 34.906395 ], [ -88.473214, 34.906429 ], [ -88.474347, 34.908621 ], [ -88.470567, 34.908621 ], [ -88.47053, 34.916063 ], [ -88.470521, 34.917458 ], [ -88.47046, 34.928697 ], [ -88.469557, 34.928691 ], [ -88.469596, 34.930671 ], [ -88.469583, 34.932141 ], [ -88.470404, 34.932146 ], [ -88.470248, 34.945147 ], [ -88.473339, 34.945179 ], [ -88.47334, 34.949569 ], [ -88.470238, 34.949547 ], [ -88.470083, 34.959673 ], [ -88.470094, 34.961007 ], [ -88.470022, 34.967043 ], [ -88.474359, 34.967028 ], [ -88.474252, 34.973905 ], [ -88.474204, 34.98157 ], [ -88.474277, 34.983436 ], [ -88.4741585, 34.9960224 ], [ -88.478834, 34.9960109 ], [ -88.5048332, 34.9959468 ], [ -88.5054085, 34.995945399999989 ], [ -88.5142131, 34.9959237 ], [ -88.5284972, 34.9958885 ], [ -88.5310461, 34.9958822 ], [ -88.5316851, 34.9958806 ], [ -88.531761, 34.989783 ], [ -88.540742, 34.989231 ], [ -88.540742, 34.985055 ], [ -88.54381, 34.98503 ], [ -88.548521, 34.984982 ], [ -88.549019, 34.984767 ], [ -88.549376, 34.984308 ], [ -88.54978, 34.972604 ], [ -88.549808, 34.967266 ], [ -88.555086, 34.967274 ], [ -88.554943, 34.963185 ], [ -88.554956, 34.96057 ], [ -88.55552, 34.960536 ], [ -88.562899, 34.960731 ], [ -88.562886, 34.945436 ], [ -88.562926, 34.94123 ], [ -88.563106, 34.932829 ], [ -88.56467, 34.932838 ], [ -88.565395, 34.932846 ], [ -88.565398, 34.931339 ], [ -88.565396, 34.930918 ], [ -88.57075, 34.930947 ], [ -88.576282, 34.930947 ], [ -88.576339, 34.927019 ], [ -88.576378, 34.924374 ] ] ] } },
{ "type": "Feature", "properties": { "GEOID": "2813820", "NAME": "Clarksdale city, Mississippi", "population": 13643.0 }, "geometry": { "type": "Polygon", "coordinates": [ [ [ -90.626938, 34.155976 ], [ -90.614713, 34.164356 ], [ -90.609062, 34.168512 ], [ -90.606828, 34.168535 ], [ -90.606818, 34.169491 ], [ -90.602883, 34.171008 ], [ -90.597594, 34.17227 ], [ -90.593147, 34.172722 ], [ -90.589232, 34.172781 ], [ -90.58941, 34.157271 ], [ -90.5801, 34.157287 ], [ -90.576215, 34.157294 ], [ -90.576189, 34.160995 ], [ -90.571832, 34.160972 ], [ -90.571797, 34.167441 ], [ -90.5681, 34.165573 ], [ -90.562445, 34.164154 ], [ -90.558626, 34.164143 ], [ -90.554317, 34.164708 ], [ -90.554265, 34.160916 ], [ -90.550498, 34.160874 ], [ -90.550496, 34.156602 ], [ -90.548749, 34.156093 ], [ -90.545719, 34.157309 ], [ -90.538126, 34.144833 ], [ -90.535629, 34.144911 ], [ -90.533793, 34.145538 ], [ -90.539979, 34.154422 ], [ -90.542683, 34.15876 ], [ -90.543271, 34.159893 ], [ -90.546538, 34.165649 ], [ -90.544753, 34.166587 ], [ -90.542067, 34.169438 ], [ -90.538192, 34.171835 ], [ -90.53318, 34.176283 ], [ -90.530973, 34.179361 ], [ -90.529268, 34.182494 ], [ -90.528156, 34.18574 ], [ -90.527798, 34.188796 ], [ -90.527949, 34.204538 ], [ -90.524743, 34.204525 ], [ -90.524663, 34.211355 ], [ -90.520821, 34.211362 ], [ -90.520743, 34.21655 ], [ -90.525396, 34.215295 ], [ -90.529302, 34.215477 ], [ -90.529354, 34.218781 ], [ -90.529222, 34.233634 ], [ -90.528486, 34.233633 ], [ -90.528573, 34.236997 ], [ -90.532968, 34.237014 ], [ -90.53417, 34.233562 ], [ -90.537935, 34.222745 ], [ -90.534063, 34.222746 ], [ -90.535687, 34.219053 ], [ -90.535014, 34.219063 ], [ -90.534952, 34.211753 ], [ -90.5364, 34.2114 ], [ -90.540133, 34.210056 ], [ -90.540473, 34.210429 ], [ -90.544221, 34.211994 ], [ -90.553901, 34.211795 ], [ -90.553836, 34.215352 ], [ -90.549867, 34.215307 ], [ -90.549853, 34.218903 ], [ -90.549778, 34.226323 ], [ -90.553496, 34.226298 ], [ -90.553675, 34.225525 ], [ -90.553708, 34.22267 ], [ -90.563584, 34.222651 ], [ -90.568561, 34.222644 ], [ -90.568409, 34.233555 ], [ -90.584498, 34.233724 ], [ -90.584514, 34.222741 ], [ -90.588585, 34.22269 ], [ -90.588572, 34.219083 ], [ -90.588688, 34.21203 ], [ -90.601889, 34.212041 ], [ -90.602464, 34.212253 ], [ -90.606562, 34.214188 ], [ -90.60654, 34.21434 ], [ -90.606513, 34.21922 ], [ -90.611163, 34.219243 ], [ -90.611168, 34.201521 ], [ -90.611062, 34.19392 ], [ -90.610909, 34.185465 ], [ -90.606567, 34.187251 ], [ -90.606619, 34.183993 ], [ -90.606817, 34.175794 ], [ -90.615506, 34.175836 ], [ -90.615519, 34.172147 ], [ -90.617936, 34.172142 ], [ -90.617162, 34.167632 ], [ -90.629839, 34.159173 ], [ -90.626938, 34.155976 ] ] ] } },
{ "type": "Feature", "properties": { "GEOID": "2819180", "NAME": "D'Iberville city, Mississippi", "population": 13557.0 }, "geometry": { "type": "Polygon", "coordinates": [ [ [ -88.934387, 30.509036 ], [ -88.933064, 30.508179 ], [ -88.930199, 30.508208 ], [ -88.930242, 30.511052 ], [ -88.927385, 30.507736 ], [ -88.925662, 30.504847 ], [ -88.923547, 30.502932 ], [ -88.919403, 30.500886 ], [ -88.916089, 30.498968 ], [ -88.913228, 30.498319 ], [ -88.913168, 30.490118 ], [ -88.905973, 30.490156 ], [ -88.904673, 30.490163 ], [ -88.904657, 30.486548 ], [ -88.900423, 30.486596 ], [ -88.900403, 30.469737 ], [ -88.901224, 30.468629 ], [ -88.900704, 30.466835 ], [ -88.899514, 30.4662 ], [ -88.897805, 30.467176 ], [ -88.897305, 30.466028 ], [ -88.898392, 30.463733 ], [ -88.900256, 30.461959 ], [ -88.899898, 30.460689 ], [ -88.900587, 30.459889 ], [ -88.903022, 30.461177 ], [ -88.904653, 30.459294 ], [ -88.906118, 30.458877 ], [ -88.908471, 30.459738 ], [ -88.911042, 30.459218 ], [ -88.912091, 30.457997 ], [ -88.915318, 30.456638 ], [ -88.915389, 30.458751 ], [ -88.917604, 30.457816 ], [ -88.918183, 30.457963 ], [ -88.918635, 30.458548 ], [ -88.918462, 30.459872 ], [ -88.918458, 30.461346 ], [ -88.922849, 30.459577 ], [ -88.924822, 30.457724 ], [ -88.925502, 30.457925 ], [ -88.925663, 30.447728 ], [ -88.92143, 30.447463 ], [ -88.917104, 30.447645 ], [ -88.917056, 30.443113 ], [ -88.917104, 30.440463 ], [ -88.917243, 30.435501 ], [ -88.917032, 30.430136 ], [ -88.917001, 30.428932 ], [ -88.909885, 30.428847 ], [ -88.907384, 30.429407 ], [ -88.905709, 30.428829 ], [ -88.904224, 30.429571 ], [ -88.903507, 30.431287 ], [ -88.903818, 30.4295 ], [ -88.901395, 30.426656 ], [ -88.898654, 30.425589 ], [ -88.89762, 30.425506 ], [ -88.895324, 30.424329 ], [ -88.894577, 30.424625 ], [ -88.891042, 30.423021 ], [ -88.890508, 30.422831 ], [ -88.889423, 30.422957 ], [ -88.886517, 30.423638 ], [ -88.88313, 30.426391 ], [ -88.88323, 30.426995 ], [ -88.883223, 30.437145 ], [ -88.883363, 30.447937 ], [ -88.883436, 30.454103 ], [ -88.88343, 30.464665 ], [ -88.883373, 30.479304 ], [ -88.883409, 30.493718 ], [ -88.883412, 30.493876 ], [ -88.888255, 30.494366 ], [ -88.888466, 30.49636 ], [ -88.886764, 30.49701 ], [ -88.888001, 30.50129 ], [ -88.887539, 30.505528 ], [ -88.889726, 30.506505 ], [ -88.888362, 30.508068 ], [ -88.889767, 30.50962 ], [ -88.889567, 30.511924 ], [ -88.888435, 30.512835 ], [ -88.887951, 30.514767 ], [ -88.886651, 30.515961 ], [ -88.919785, 30.515674 ], [ -88.934394, 30.515543 ], [ -88.934387, 30.509036 ] ] ] } },
{ "type": "Feature", "properties": { "GEOID": "2829340", "NAME": "Greenwood city, Mississippi", "population": 13429.0 }, "geometry": { "type": "Polygon", "coordinates": [ [ [ -90.251836, 33.529105 ], [ -90.247302, 33.528509 ], [ -90.247305, 33.527527 ], [ -90.243289, 33.5287 ], [ -90.243366, 33.524894 ], [ -90.240927, 33.526378 ], [ -90.23815, 33.52713 ], [ -90.234666, 33.527337 ], [ -90.232045, 33.526922 ], [ -90.2264, 33.525256 ], [ -90.222531, 33.524383 ], [ -90.214823, 33.521557 ], [ -90.21005, 33.520217 ], [ -90.21096, 33.515015 ], [ -90.206928, 33.51498 ], [ -90.206956, 33.512636 ], [ -90.206936, 33.504315 ], [ -90.206865, 33.502865 ], [ -90.210487, 33.502882 ], [ -90.235615, 33.503005 ], [ -90.235907, 33.493437 ], [ -90.230796, 33.493827 ], [ -90.227941, 33.492936 ], [ -90.226575, 33.490605 ], [ -90.229046, 33.485031 ], [ -90.228375, 33.48346 ], [ -90.226718, 33.481704 ], [ -90.225626, 33.481291 ], [ -90.220227, 33.480625 ], [ -90.219081, 33.476008 ], [ -90.219706, 33.473402 ], [ -90.219123, 33.473404 ], [ -90.209278, 33.473483 ], [ -90.206752, 33.473475 ], [ -90.206771, 33.476664 ], [ -90.197996, 33.485523 ], [ -90.197116, 33.485211 ], [ -90.190077, 33.485332 ], [ -90.190061, 33.494332 ], [ -90.185516, 33.498984 ], [ -90.183581, 33.498483 ], [ -90.17695, 33.498468 ], [ -90.173925, 33.499326 ], [ -90.173441, 33.502644 ], [ -90.171544, 33.502645 ], [ -90.162594, 33.502706 ], [ -90.163323, 33.504185 ], [ -90.163309, 33.508794 ], [ -90.160782, 33.508805 ], [ -90.160804, 33.504744 ], [ -90.158977, 33.504801 ], [ -90.159206, 33.505705 ], [ -90.159229, 33.509967 ], [ -90.150408, 33.510168 ], [ -90.150323, 33.508747 ], [ -90.144557, 33.508423 ], [ -90.145618, 33.510309 ], [ -90.145879, 33.512244 ], [ -90.145809, 33.513139 ], [ -90.150642, 33.513056 ], [ -90.150525, 33.517369 ], [ -90.149331, 33.517369 ], [ -90.149331, 33.521917 ], [ -90.149406, 33.523074 ], [ -90.15052, 33.522629 ], [ -90.151682, 33.52245 ], [ -90.153779, 33.522593 ], [ -90.157898, 33.519689 ], [ -90.160753, 33.520816 ], [ -90.162687, 33.52017 ], [ -90.164411, 33.520491 ], [ -90.165777, 33.522047 ], [ -90.168209, 33.521773 ], [ -90.17015, 33.5204 ], [ -90.171707, 33.522323 ], [ -90.17222, 33.525995 ], [ -90.174311, 33.526187 ], [ -90.173019, 33.528489 ], [ -90.173154, 33.531872 ], [ -90.178619, 33.531951 ], [ -90.179501, 33.532097 ], [ -90.180188, 33.533221 ], [ -90.180203, 33.536501 ], [ -90.177306, 33.5377 ], [ -90.177308, 33.54186 ], [ -90.180874, 33.541902 ], [ -90.180619, 33.551783 ], [ -90.183239, 33.549449 ], [ -90.188711, 33.54252 ], [ -90.191127, 33.540774 ], [ -90.192072, 33.539755 ], [ -90.193649, 33.539116 ], [ -90.196347, 33.538124 ], [ -90.196582, 33.538513 ], [ -90.200422, 33.535685 ], [ -90.203768, 33.535829 ], [ -90.207433, 33.534625 ], [ -90.209271, 33.537308 ], [ -90.213584, 33.537521 ], [ -90.215739, 33.538013 ], [ -90.221458, 33.54045 ], [ -90.224742, 33.540791 ], [ -90.226776, 33.538805 ], [ -90.227139, 33.536958 ], [ -90.225235, 33.533713 ], [ -90.225522, 33.532148 ], [ -90.228967, 33.531321 ], [ -90.2313, 33.531776 ], [ -90.236215, 33.532018 ], [ -90.238992, 33.533797 ], [ -90.24154, 33.53812 ], [ -90.243014, 33.543916 ], [ -90.243041, 33.540715 ], [ -90.245951, 33.540801 ], [ -90.251476, 33.540866 ], [ -90.251747, 33.530431 ], [ -90.251836, 33.529105 ] ], [ [ -90.208778, 33.517316 ], [ -90.208264, 33.517347 ], [ -90.206914, 33.517319 ], [ -90.206918, 33.515969 ], [ -90.208747, 33.515963 ], [ -90.208778, 33.517316 ] ] ] } },
{ "type": "Feature", "properties": { "GEOID": "2810140", "NAME": "Byram city, Mississippi", "population": 12707.0 }, "geometry": { "type": "Polygon", "coordinates": [ [ [ -90.331096, 32.232424 ], [ -90.326661, 32.232434 ], [ -90.326809, 32.21419 ], [ -90.327678, 32.214001 ], [ -90.327714, 32.210214 ], [ -90.327717, 32.20681 ], [ -90.32659, 32.206843 ], [ -90.326596, 32.202986 ], [ -90.325072, 32.203021 ], [ -90.325142, 32.206866 ], [ -90.318224, 32.206943 ], [ -90.318224, 32.201058 ], [ -90.313526, 32.201043 ], [ -90.313536, 32.19569 ], [ -90.313773, 32.180846 ], [ -90.313968, 32.169865 ], [ -90.314037, 32.165949 ], [ -90.313783, 32.151849 ], [ -90.301965, 32.151662 ], [ -90.300222, 32.148986 ], [ -90.300063, 32.146786 ], [ -90.300361, 32.144073 ], [ -90.300603, 32.141703 ], [ -90.300044, 32.141203 ], [ -90.293873, 32.138148 ], [ -90.290136, 32.13685 ], [ -90.288345, 32.134942 ], [ -90.28759, 32.133545 ], [ -90.286813, 32.13262 ], [ -90.281349, 32.143343 ], [ -90.272823, 32.160341 ], [ -90.270332, 32.164098 ], [ -90.269205, 32.165805 ], [ -90.262283, 32.176206 ], [ -90.262325, 32.169866 ], [ -90.258041, 32.169825 ], [ -90.258027, 32.173393 ], [ -90.249712, 32.173344 ], [ -90.247827, 32.175736 ], [ -90.230172, 32.195502 ], [ -90.252018, 32.195549 ], [ -90.252716, 32.195643 ], [ -90.253031, 32.196861 ], [ -90.254695, 32.198849 ], [ -90.256006, 32.202669 ], [ -90.260857, 32.207513 ], [ -90.265363, 32.208938 ], [ -90.270827, 32.21227 ], [ -90.270823, 32.212622 ], [ -90.276074, 32.216742 ], [ -90.279278, 32.221707 ], [ -90.279162, 32.232869 ], [ -90.284766, 32.231991 ], [ -90.295484, 32.23201 ], [ -90.295656, 32.239604 ], [ -90.296982, 32.239628 ], [ -90.300849, 32.239663 ], [ -90.312255, 32.239742 ], [ -90.317969, 32.23962 ], [ -90.330866, 32.239745 ], [ -90.331096, 32.232424 ] ] ] } },
{ "type": "Feature", "properties": { "GEOID": "2829460", "NAME": "Grenada city, Mississippi", "population": 12088.0 }, "geometry": { "type": "Polygon", "coordinates": [ [ [ -89.875592, 33.779411 ], [ -89.859197, 33.779483 ], [ -89.841078, 33.779392 ], [ -89.841599, 33.77488 ], [ -89.844347, 33.766496 ], [ -89.844486, 33.762669 ], [ -89.84247, 33.756403 ], [ -89.83985, 33.750111 ], [ -89.834795, 33.736082 ], [ -89.832815, 33.730055 ], [ -89.829557, 33.719384 ], [ -89.824504, 33.719407 ], [ -89.796613, 33.720917 ], [ -89.791193, 33.721044 ], [ -89.787929, 33.721109 ], [ -89.78112, 33.721155 ], [ -89.78092, 33.721182 ], [ -89.792161, 33.730342 ], [ -89.789974, 33.731123 ], [ -89.787913, 33.730943 ], [ -89.78619, 33.732729 ], [ -89.784641, 33.732211 ], [ -89.781058, 33.734645 ], [ -89.779653, 33.734288 ], [ -89.778158, 33.736032 ], [ -89.773701, 33.736015 ], [ -89.773699, 33.737469 ], [ -89.774601, 33.739319 ], [ -89.775136, 33.742196 ], [ -89.777021, 33.742954 ], [ -89.778998, 33.742465 ], [ -89.77972, 33.742943 ], [ -89.778707, 33.746677 ], [ -89.780266, 33.748286 ], [ -89.781657, 33.748912 ], [ -89.784305, 33.749045 ], [ -89.785397, 33.752815 ], [ -89.787041, 33.754067 ], [ -89.786912, 33.756285 ], [ -89.785351, 33.75722 ], [ -89.781791, 33.757686 ], [ -89.783487, 33.759581 ], [ -89.785164, 33.763036 ], [ -89.782484, 33.766629 ], [ -89.781226, 33.771524 ], [ -89.781603, 33.771895 ], [ -89.776679, 33.771908 ], [ -89.773929, 33.774679 ], [ -89.77391, 33.779225 ], [ -89.760821, 33.779127 ], [ -89.760834, 33.780408 ], [ -89.760763, 33.781617 ], [ -89.760729, 33.78682 ], [ -89.769031, 33.786905 ], [ -89.769902, 33.786924 ], [ -89.76971, 33.797821 ], [ -89.782866, 33.798008 ], [ -89.782757, 33.801223 ], [ -89.785205, 33.801258 ], [ -89.787389, 33.801262 ], [ -89.786963, 33.826903 ], [ -89.787083, 33.828969 ], [ -89.788415, 33.834375 ], [ -89.791792, 33.834663 ], [ -89.792603, 33.840784 ], [ -89.798154, 33.841127 ], [ -89.798026, 33.845748 ], [ -89.822693, 33.845668 ], [ -89.822468, 33.838522 ], [ -89.838873, 33.838713 ], [ -89.839735, 33.814317 ], [ -89.84044, 33.81051 ], [ -89.840851, 33.801271 ], [ -89.84069, 33.79918 ], [ -89.840686, 33.793453 ], [ -89.847421, 33.793696 ], [ -89.875474, 33.793915 ], [ -89.875598, 33.785142 ], [ -89.875592, 33.779411 ] ] ] } },
{ "type": "Feature", "properties": { "GEOID": "2857160", "NAME": "Picayune city, Mississippi", "population": 12019.0 }, "geometry": { "type": "Polygon", "coordinates": [ [ [ -89.71469, 30.503594 ], [ -89.711999, 30.505431 ], [ -89.711973, 30.50697 ], [ -89.710484, 30.507008 ], [ -89.710142, 30.506689 ], [ -89.701588, 30.512433 ], [ -89.701595, 30.510485 ], [ -89.701851, 30.503214 ], [ -89.700544, 30.502176 ], [ -89.696472, 30.502199 ], [ -89.696467, 30.501515 ], [ -89.695899, 30.501513 ], [ -89.688112, 30.501481 ], [ -89.686029, 30.502857 ], [ -89.686829, 30.499776 ], [ -89.685022, 30.49975 ], [ -89.68506, 30.497944 ], [ -89.684184, 30.497123 ], [ -89.680849, 30.497123 ], [ -89.680803, 30.48851 ], [ -89.677934, 30.490861 ], [ -89.672523, 30.492109 ], [ -89.675316, 30.484375 ], [ -89.676835, 30.481771 ], [ -89.679312, 30.478884 ], [ -89.681997, 30.476777 ], [ -89.684292, 30.473817 ], [ -89.687897, 30.471034 ], [ -89.687892, 30.472347 ], [ -89.690287, 30.472361 ], [ -89.690312, 30.471151 ], [ -89.689164, 30.471153 ], [ -89.689295, 30.468975 ], [ -89.6953417, 30.4629416 ], [ -89.6945615, 30.4624525 ], [ -89.688131, 30.468473 ], [ -89.685328, 30.467879 ], [ -89.686718, 30.469006 ], [ -89.685712, 30.4713 ], [ -89.683704, 30.473215 ], [ -89.680829, 30.47574 ], [ -89.680019, 30.475173 ], [ -89.678925, 30.476328 ], [ -89.679695, 30.476885 ], [ -89.675564, 30.482038 ], [ -89.67371, 30.485564 ], [ -89.671359, 30.492598 ], [ -89.666029, 30.495281 ], [ -89.665312, 30.496635 ], [ -89.660982, 30.497342 ], [ -89.658745, 30.497222 ], [ -89.658711, 30.493766 ], [ -89.652785, 30.493746 ], [ -89.652619, 30.47719 ], [ -89.649478, 30.477221 ], [ -89.649547, 30.487936 ], [ -89.647126, 30.487928 ], [ -89.647072, 30.502738 ], [ -89.647259, 30.519874 ], [ -89.647149, 30.520219 ], [ -89.646963, 30.522391 ], [ -89.647429, 30.527385 ], [ -89.647197, 30.527385 ], [ -89.647081, 30.542926 ], [ -89.645281, 30.542854 ], [ -89.645383, 30.544032 ], [ -89.647129, 30.544327 ], [ -89.647177, 30.546508 ], [ -89.646576, 30.547938 ], [ -89.640004, 30.560142 ], [ -89.638757, 30.561542 ], [ -89.636705, 30.563901 ], [ -89.636209, 30.567001 ], [ -89.631467, 30.575737 ], [ -89.616015, 30.575628 ], [ -89.616054, 30.58297 ], [ -89.613982, 30.582995 ], [ -89.613962, 30.586622 ], [ -89.611865, 30.586622 ], [ -89.611885, 30.590302 ], [ -89.62348, 30.590278 ], [ -89.619716, 30.597222 ], [ -89.616657, 30.597232 ], [ -89.616656, 30.598527 ], [ -89.616028, 30.600348 ], [ -89.61509, 30.604567 ], [ -89.616179, 30.604854 ], [ -89.620825, 30.60445 ], [ -89.621832, 30.602593 ], [ -89.624503, 30.604335 ], [ -89.625715, 30.604888 ], [ -89.628578, 30.604891 ], [ -89.628658, 30.590301 ], [ -89.628696, 30.58268 ], [ -89.64048, 30.561093 ], [ -89.644955, 30.561232 ], [ -89.646857, 30.561194 ], [ -89.64684, 30.56137 ], [ -89.647739, 30.561334 ], [ -89.649078, 30.561593 ], [ -89.650531, 30.561567 ], [ -89.651876, 30.561617 ], [ -89.651817, 30.56146 ], [ -89.652322, 30.561625 ], [ -89.657343, 30.561509 ], [ -89.660981, 30.561442 ], [ -89.659939, 30.564314 ], [ -89.662792, 30.56463 ], [ -89.664574, 30.561591 ], [ -89.66464, 30.561306 ], [ -89.66494, 30.56074 ], [ -89.665182, 30.55916 ], [ -89.665517, 30.557452 ], [ -89.668078, 30.557443 ], [ -89.672422, 30.557404 ], [ -89.67483, 30.548049 ], [ -89.676627, 30.548889 ], [ -89.678977, 30.549748 ], [ -89.679605, 30.549598 ], [ -89.68073, 30.550192 ], [ -89.680695, 30.553132 ], [ -89.681474, 30.553716 ], [ -89.682961, 30.552488 ], [ -89.684276, 30.552346 ], [ -89.692899, 30.556497 ], [ -89.696857, 30.557552 ], [ -89.697362, 30.557774 ], [ -89.696436, 30.557852 ], [ -89.696286, 30.558415 ], [ -89.696, 30.558415 ], [ -89.696021, 30.558872 ], [ -89.697943, 30.558854 ], [ -89.701013, 30.561118 ], [ -89.703021, 30.560188 ], [ -89.706433, 30.561404 ], [ -89.710781, 30.56143 ], [ -89.709979, 30.559748 ], [ -89.710229, 30.557693 ], [ -89.708403, 30.556978 ], [ -89.710478, 30.55586 ], [ -89.711292, 30.554149 ], [ -89.714495, 30.554156 ], [ -89.714405, 30.54786 ], [ -89.714381, 30.546762 ], [ -89.711621, 30.546786 ], [ -89.701999, 30.546866 ], [ -89.704796, 30.545988 ], [ -89.707223, 30.546516 ], [ -89.709546, 30.545548 ], [ -89.710926, 30.546487 ], [ -89.711076, 30.531652 ], [ -89.711128, 30.519702 ], [ -89.711174, 30.515982 ], [ -89.714639, 30.515952 ], [ -89.714675, 30.5069 ], [ -89.713467, 30.506931 ], [ -89.713491, 30.505999 ], [ -89.714683, 30.505977 ], [ -89.71469, 30.503594 ] ] ] } },
{ "type": "Feature", "properties": { "GEOID": "2849240", "NAME": "Moss Point city, Mississippi", "population": 11743.0 }, "geometry": { "type": "Polygon", "coordinates": [ [ [ -88.603005, 30.387589 ], [ -88.590794, 30.38824 ], [ -88.590783, 30.388291 ], [ -88.567285, 30.389173 ], [ -88.566113, 30.389608 ], [ -88.560892, 30.389279 ], [ -88.548515, 30.389179 ], [ -88.547178, 30.389312 ], [ -88.544301, 30.389387 ], [ -88.543357, 30.389474 ], [ -88.535398, 30.389687 ], [ -88.530697, 30.38972 ], [ -88.530706, 30.387982 ], [ -88.527914, 30.38826 ], [ -88.526215, 30.388199 ], [ -88.526212, 30.389721 ], [ -88.519228, 30.389736 ], [ -88.508888, 30.389721 ], [ -88.507168, 30.390039 ], [ -88.507496, 30.390496 ], [ -88.496619, 30.397396 ], [ -88.494462, 30.398764 ], [ -88.488854, 30.402319 ], [ -88.479495, 30.408255 ], [ -88.479707, 30.409866 ], [ -88.479754, 30.413568 ], [ -88.479716, 30.420881 ], [ -88.479076, 30.428427 ], [ -88.47896, 30.440635 ], [ -88.480623, 30.445518 ], [ -88.480028, 30.447582 ], [ -88.476076, 30.451004 ], [ -88.474474, 30.456968 ], [ -88.485, 30.457484 ], [ -88.515262, 30.457973 ], [ -88.514999, 30.458392 ], [ -88.514824, 30.472741 ], [ -88.519051, 30.472706 ], [ -88.535546, 30.47276 ], [ -88.533037, 30.45832 ], [ -88.544481, 30.458298 ], [ -88.545714, 30.458347 ], [ -88.546274, 30.458442 ], [ -88.560614, 30.458666 ], [ -88.559274, 30.455808 ], [ -88.559452, 30.453036 ], [ -88.560526, 30.451605 ], [ -88.563476, 30.449516 ], [ -88.566961, 30.447696 ], [ -88.567989, 30.4456 ], [ -88.566446, 30.444126 ], [ -88.561318, 30.444105 ], [ -88.55862, 30.442867 ], [ -88.558004, 30.442015 ], [ -88.557212, 30.438393 ], [ -88.559343, 30.431378 ], [ -88.559165, 30.428397 ], [ -88.56004, 30.428446 ], [ -88.564617, 30.428067 ], [ -88.56456, 30.420121 ], [ -88.564571, 30.419224 ], [ -88.566413, 30.419417 ], [ -88.568221, 30.419378 ], [ -88.569547, 30.419224 ], [ -88.571673, 30.418492 ], [ -88.573171, 30.41781 ], [ -88.574089, 30.41764 ], [ -88.578253, 30.41644 ], [ -88.580709, 30.414999 ], [ -88.582161, 30.413178 ], [ -88.582973, 30.410027 ], [ -88.582471, 30.406221 ], [ -88.581245, 30.402234 ], [ -88.578631, 30.400651 ], [ -88.5836, 30.400454 ], [ -88.585965, 30.398576 ], [ -88.588477, 30.398598 ], [ -88.591421, 30.400291 ], [ -88.595006, 30.40134 ], [ -88.596789, 30.400438 ], [ -88.598501, 30.398073 ], [ -88.599521, 30.393728 ], [ -88.601263, 30.388711 ], [ -88.603005, 30.387589 ] ] ] } },
{ "type": "Feature", "properties": { "GEOID": "2843280", "NAME": "McComb city, Mississippi", "population": 11697.0 }, "geometry": { "type": "Polygon", "coordinates": [ [ [ -90.510277, 31.236436 ], [ -90.49304, 31.23665 ], [ -90.48378, 31.23653 ], [ -90.483949, 31.236435 ], [ -90.484584, 31.225595 ], [ -90.487031, 31.225647 ], [ -90.487093, 31.217796 ], [ -90.483452, 31.217778 ], [ -90.477022, 31.2181 ], [ -90.467788, 31.217726 ], [ -90.467936, 31.203872 ], [ -90.47313, 31.20449 ], [ -90.47888, 31.20379 ], [ -90.4836, 31.204825 ], [ -90.483639, 31.20361 ], [ -90.483879, 31.196697 ], [ -90.483942, 31.192309 ], [ -90.481682, 31.192299 ], [ -90.481375, 31.190809 ], [ -90.48148, 31.195004 ], [ -90.480437, 31.196404 ], [ -90.479814, 31.197635 ], [ -90.479836, 31.203682 ], [ -90.472509, 31.2043 ], [ -90.468268, 31.203703 ], [ -90.46764, 31.20387 ], [ -90.46755, 31.21826 ], [ -90.4578, 31.21811 ], [ -90.457657, 31.217668 ], [ -90.44828, 31.21744 ], [ -90.448387, 31.218592 ], [ -90.449035, 31.2258 ], [ -90.446415, 31.225814 ], [ -90.44588, 31.229441 ], [ -90.438531, 31.229478 ], [ -90.438533, 31.232021 ], [ -90.438461, 31.242551 ], [ -90.435588, 31.242537 ], [ -90.435615, 31.244279 ], [ -90.438515, 31.24429 ], [ -90.438502, 31.245894 ], [ -90.438211, 31.254951 ], [ -90.43834, 31.25885 ], [ -90.44021, 31.25884 ], [ -90.442434, 31.258918 ], [ -90.442285, 31.262516 ], [ -90.45462, 31.26252 ], [ -90.455223, 31.262648 ], [ -90.455035, 31.269407 ], [ -90.46329, 31.269416 ], [ -90.464189, 31.269408 ], [ -90.464873, 31.269449 ], [ -90.471217, 31.269206 ], [ -90.47186, 31.269151 ], [ -90.478952, 31.269202 ], [ -90.47921, 31.269164 ], [ -90.47931, 31.269167 ], [ -90.485832, 31.269366 ], [ -90.49066, 31.26804 ], [ -90.49393, 31.26533 ], [ -90.49858, 31.26262 ], [ -90.501436, 31.262294 ], [ -90.501514, 31.265495 ], [ -90.502562, 31.265515 ], [ -90.50223, 31.26437 ], [ -90.50316, 31.262815 ], [ -90.502303, 31.261884 ], [ -90.502888, 31.260578 ], [ -90.50739, 31.25833 ], [ -90.510233, 31.256428 ], [ -90.510277, 31.236436 ] ] ] } },
{ "type": "Feature", "properties": { "GEOID": "2856800", "NAME": "Petal city, Mississippi", "population": 11694.0 }, "geometry": { "type": "Polygon", "coordinates": [ [ [ -89.283891, 31.361875 ], [ -89.284092, 31.360177 ], [ -89.283119, 31.35427 ], [ -89.28341, 31.352604 ], [ -89.280822, 31.35021 ], [ -89.281618, 31.348381 ], [ -89.279865, 31.345451 ], [ -89.279773, 31.344791 ], [ -89.280171, 31.343626 ], [ -89.280112, 31.343255 ], [ -89.279861, 31.339374 ], [ -89.279061, 31.336874 ], [ -89.277568, 31.335286 ], [ -89.26857, 31.328538 ], [ -89.26723, 31.326563 ], [ -89.262591, 31.321313 ], [ -89.258746, 31.320344 ], [ -89.25542, 31.320784 ], [ -89.253878, 31.320448 ], [ -89.252475, 31.319186 ], [ -89.252468, 31.317626 ], [ -89.246218, 31.317636 ], [ -89.246251, 31.310185 ], [ -89.237177, 31.310198 ], [ -89.234929, 31.310132 ], [ -89.229787, 31.310203 ], [ -89.229774, 31.310847 ], [ -89.229553, 31.312207 ], [ -89.229658, 31.314875 ], [ -89.229643, 31.322709 ], [ -89.229878, 31.326321 ], [ -89.233148, 31.326271 ], [ -89.237552, 31.326272 ], [ -89.236968, 31.332086 ], [ -89.234841, 31.33212 ], [ -89.229735, 31.332056 ], [ -89.229847, 31.343411 ], [ -89.224799, 31.343452 ], [ -89.224781, 31.342495 ], [ -89.223306, 31.342478 ], [ -89.221849, 31.343508 ], [ -89.22191, 31.338697 ], [ -89.217223, 31.338393 ], [ -89.217532, 31.33595 ], [ -89.21917, 31.333187 ], [ -89.221951, 31.332055 ], [ -89.179594, 31.33205 ], [ -89.179586, 31.331999 ], [ -89.178295, 31.33364 ], [ -89.178526, 31.335801 ], [ -89.17527, 31.335767 ], [ -89.175272, 31.339454 ], [ -89.176449, 31.339469 ], [ -89.176463, 31.342263 ], [ -89.178503, 31.342312 ], [ -89.17856, 31.346792 ], [ -89.179033, 31.346763 ], [ -89.177437, 31.349031 ], [ -89.173861, 31.352147 ], [ -89.179915, 31.351455 ], [ -89.179491, 31.361599 ], [ -89.205047, 31.361369 ], [ -89.222294, 31.361186 ], [ -89.22196, 31.373974 ], [ -89.221809, 31.375479 ], [ -89.234266, 31.375598 ], [ -89.246251, 31.375527 ], [ -89.263491, 31.375406 ], [ -89.263702, 31.371781 ], [ -89.268176, 31.372045 ], [ -89.280636, 31.372185 ], [ -89.280248, 31.370374 ], [ -89.277034, 31.370134 ], [ -89.276987, 31.368978 ], [ -89.279345, 31.368055 ], [ -89.27977, 31.366482 ], [ -89.2776, 31.365423 ], [ -89.277752, 31.364093 ], [ -89.282098, 31.363357 ], [ -89.283703, 31.364589 ], [ -89.284708, 31.363901 ], [ -89.283891, 31.361875 ] ] ] } },
{ "type": "Feature", "properties": { "GEOID": "2808820", "NAME": "Brookhaven city, Mississippi", "population": 11646.0 }, "geometry": { "type": "Polygon", "coordinates": [ [ [ -90.482064, 31.540794 ], [ -90.480199, 31.538469 ], [ -90.462473, 31.538852 ], [ -90.45678, 31.539195 ], [ -90.44694, 31.53937 ], [ -90.438444, 31.539285 ], [ -90.430375, 31.53961 ], [ -90.41423, 31.53999 ], [ -90.414224, 31.54748 ], [ -90.414216, 31.554392 ], [ -90.414422, 31.567315 ], [ -90.414232, 31.568876 ], [ -90.4116, 31.570285 ], [ -90.411607, 31.571214 ], [ -90.411666, 31.572682 ], [ -90.410299, 31.59185 ], [ -90.410259, 31.595722 ], [ -90.41024, 31.5977 ], [ -90.403719, 31.597998 ], [ -90.403777, 31.608301 ], [ -90.399224, 31.608368 ], [ -90.399257, 31.61073 ], [ -90.400157, 31.610201 ], [ -90.40012, 31.611915 ], [ -90.39931, 31.61202 ], [ -90.400864, 31.612223 ], [ -90.411416, 31.611973 ], [ -90.414004, 31.612028 ], [ -90.413901, 31.617845 ], [ -90.420964, 31.617984 ], [ -90.421033, 31.617018 ], [ -90.423242, 31.612763 ], [ -90.42859, 31.616352 ], [ -90.424654, 31.627284 ], [ -90.43533, 31.627772 ], [ -90.436722, 31.628903 ], [ -90.437256, 31.627862 ], [ -90.447509, 31.627844 ], [ -90.447572, 31.627767 ], [ -90.460434, 31.627954 ], [ -90.463597, 31.617694 ], [ -90.464806, 31.612013 ], [ -90.466063, 31.607215 ], [ -90.467708, 31.607198 ], [ -90.466676, 31.602817 ], [ -90.469138, 31.595639 ], [ -90.471788, 31.585863 ], [ -90.473219, 31.582859 ], [ -90.480256, 31.583026 ], [ -90.48039, 31.5757 ], [ -90.47724, 31.575884 ], [ -90.479462, 31.570033 ], [ -90.48, 31.564132 ], [ -90.480259, 31.545059 ], [ -90.481459, 31.5427 ], [ -90.481357, 31.541602 ], [ -90.482064, 31.540794 ] ] ] } },
{ "type": "Feature", "properties": { "GEOID": "2825100", "NAME": "Flowood city, Mississippi", "population": 11003.0 }, "geometry": { "type": "Polygon", "coordinates": [ [ [ -90.178402, 32.283161 ], [ -90.178878, 32.281634 ], [ -90.171801, 32.280381 ], [ -90.167234, 32.279568 ], [ -90.167107, 32.279547 ], [ -90.159156, 32.278253 ], [ -90.157618, 32.279001 ], [ -90.155885, 32.27803 ], [ -90.153495, 32.277958 ], [ -90.146704, 32.278321 ], [ -90.138166, 32.279597 ], [ -90.137062, 32.280465 ], [ -90.137584, 32.287946 ], [ -90.134079, 32.288103 ], [ -90.133886, 32.297438 ], [ -90.133886, 32.298546 ], [ -90.129986, 32.298646 ], [ -90.129786, 32.301546 ], [ -90.126167, 32.301613 ], [ -90.091615, 32.301552 ], [ -90.080956, 32.290685 ], [ -90.076937, 32.29068 ], [ -90.072155, 32.290651 ], [ -90.07317, 32.292168 ], [ -90.085657, 32.312376 ], [ -90.089183, 32.319743 ], [ -90.090479, 32.31975 ], [ -90.090304, 32.322274 ], [ -90.090586, 32.329246 ], [ -90.089819, 32.328924 ], [ -90.083885, 32.331105 ], [ -90.084757, 32.332368 ], [ -90.08207, 32.336237 ], [ -90.080827, 32.337592 ], [ -90.077877, 32.335235 ], [ -90.072793, 32.334826 ], [ -90.070673, 32.333016 ], [ -90.067774, 32.332038 ], [ -90.06765, 32.332405 ], [ -90.06501, 32.332944 ], [ -90.064722, 32.332928 ], [ -90.064173, 32.332151 ], [ -90.064231, 32.327341 ], [ -90.064115, 32.324373 ], [ -90.055993, 32.324331 ], [ -90.055919, 32.323281 ], [ -90.053253, 32.323251 ], [ -90.052472, 32.323705 ], [ -90.051361, 32.323849 ], [ -90.0465, 32.323548 ], [ -90.046503, 32.322063 ], [ -90.043226, 32.320687 ], [ -90.042929, 32.325906 ], [ -90.04293, 32.327092 ], [ -90.038278, 32.327007 ], [ -90.038275, 32.325825 ], [ -90.037983, 32.320301 ], [ -90.037869, 32.320183 ], [ -90.033592, 32.320187 ], [ -90.022588, 32.320193 ], [ -90.023073, 32.321301 ], [ -90.02458, 32.323509 ], [ -90.026732, 32.326869 ], [ -90.027866, 32.330466 ], [ -90.030458, 32.33348 ], [ -90.032039, 32.3362 ], [ -90.02139, 32.336268 ], [ -90.021346, 32.342251 ], [ -90.01449, 32.342024 ], [ -90.014212, 32.342055 ], [ -90.007922, 32.342095 ], [ -90.008062, 32.346128 ], [ -90.012284, 32.346311 ], [ -90.012274, 32.347468 ], [ -90.016191, 32.347449 ], [ -90.01643, 32.348551 ], [ -90.0152, 32.349741 ], [ -90.012417, 32.349737 ], [ -90.01227, 32.355833 ], [ -90.010864, 32.356685 ], [ -90.008047, 32.3566 ], [ -90.006615, 32.356613 ], [ -90.004639, 32.354037 ], [ -89.995139, 32.353829 ], [ -89.995102, 32.35669 ], [ -89.972191, 32.356622 ], [ -89.971944, 32.359678 ], [ -89.970621, 32.362698 ], [ -89.966117, 32.369418 ], [ -89.965118, 32.371204 ], [ -89.964232, 32.375419 ], [ -89.964751, 32.377238 ], [ -89.965808, 32.378752 ], [ -89.974116, 32.378505 ], [ -89.977145, 32.377794 ], [ -89.981507, 32.378364 ], [ -89.985545, 32.378411 ], [ -89.985489, 32.374569 ], [ -89.999444, 32.374761 ], [ -90.003575, 32.374261 ], [ -90.003577, 32.36005 ], [ -90.007773, 32.35892 ], [ -90.01187, 32.357991 ], [ -90.011832, 32.358201 ], [ -90.015776, 32.36226 ], [ -90.016402, 32.364027 ], [ -90.026874, 32.361802 ], [ -90.029334, 32.360227 ], [ -90.029999, 32.359332 ], [ -90.032198, 32.360904 ], [ -90.033199, 32.364872 ], [ -90.034032, 32.364803 ], [ -90.038056, 32.365844 ], [ -90.038055, 32.360228 ], [ -90.057756, 32.36013 ], [ -90.057933, 32.359868 ], [ -90.058222, 32.359485 ], [ -90.061118, 32.356373 ], [ -90.064648, 32.348869 ], [ -90.064591, 32.353801 ], [ -90.066902, 32.353946 ], [ -90.065402, 32.356427 ], [ -90.07032, 32.357219 ], [ -90.070396, 32.356347 ], [ -90.073797, 32.356392 ], [ -90.073899, 32.36896 ], [ -90.07383, 32.37845 ], [ -90.073921, 32.388652 ], [ -90.077881, 32.387655 ], [ -90.080284, 32.390041 ], [ -90.080383, 32.391743 ], [ -90.080887, 32.391045 ], [ -90.083984, 32.390442 ], [ -90.083885, 32.387943 ], [ -90.085655, 32.385784 ], [ -90.087379, 32.38472 ], [ -90.088983, 32.384843 ], [ -90.090683, 32.387943 ], [ -90.093681, 32.390244 ], [ -90.095184, 32.389145 ], [ -90.094887, 32.385445 ], [ -90.095688, 32.381744 ], [ -90.100685, 32.382339 ], [ -90.099487, 32.378445 ], [ -90.096985, 32.375942 ], [ -90.097282, 32.374146 ], [ -90.098923, 32.373055 ], [ -90.100388, 32.373604 ], [ -90.101799, 32.375675 ], [ -90.101585, 32.372744 ], [ -90.103253, 32.371289 ], [ -90.102684, 32.369346 ], [ -90.099819, 32.366767 ], [ -90.101552, 32.365337 ], [ -90.104584, 32.366442 ], [ -90.102885, 32.362944 ], [ -90.104526, 32.360568 ], [ -90.105812, 32.359636 ], [ -90.106185, 32.355544 ], [ -90.10828, 32.353413 ], [ -90.109473, 32.354823 ], [ -90.108542, 32.3566 ], [ -90.111661, 32.356683 ], [ -90.113088, 32.354527 ], [ -90.111591, 32.35282 ], [ -90.109685, 32.34865 ], [ -90.110081, 32.344443 ], [ -90.112803, 32.343225 ], [ -90.116031, 32.346104 ], [ -90.117078, 32.342256 ], [ -90.118352, 32.340011 ], [ -90.126839, 32.333918 ], [ -90.129056, 32.331677 ], [ -90.129143, 32.331459 ], [ -90.130287, 32.329747 ], [ -90.138084, 32.326147 ], [ -90.138882, 32.323242 ], [ -90.139696, 32.32212 ], [ -90.142265, 32.321135 ], [ -90.144518, 32.323189 ], [ -90.145829, 32.325401 ], [ -90.147957, 32.325114 ], [ -90.152187, 32.323743 ], [ -90.152957, 32.320775 ], [ -90.154384, 32.316348 ], [ -90.154182, 32.31404 ], [ -90.150529, 32.31319 ], [ -90.150586, 32.311734 ], [ -90.152485, 32.310546 ], [ -90.156291, 32.310543 ], [ -90.160981, 32.308156 ], [ -90.162677, 32.30624 ], [ -90.161638, 32.303507 ], [ -90.158225, 32.300662 ], [ -90.156497, 32.301657 ], [ -90.156187, 32.297346 ], [ -90.153773, 32.296425 ], [ -90.153587, 32.295146 ], [ -90.151187, 32.291746 ], [ -90.151387, 32.291046 ], [ -90.152506, 32.290051 ], [ -90.155086, 32.292845 ], [ -90.157088, 32.293845 ], [ -90.15963, 32.29255 ], [ -90.159755, 32.290261 ], [ -90.156736, 32.289164 ], [ -90.156881, 32.287947 ], [ -90.160787, 32.285843 ], [ -90.163623, 32.286083 ], [ -90.165643, 32.283924 ], [ -90.167387, 32.284943 ], [ -90.166687, 32.286941 ], [ -90.167893, 32.287385 ], [ -90.170788, 32.287458 ], [ -90.170504, 32.284762 ], [ -90.171593, 32.283904 ], [ -90.173704, 32.285677 ], [ -90.174031, 32.286883 ], [ -90.171487, 32.289146 ], [ -90.173551, 32.290484 ], [ -90.175258, 32.289323 ], [ -90.177072, 32.28921 ], [ -90.177724, 32.290313 ], [ -90.179425, 32.287055 ], [ -90.178402, 32.283161 ] ] ] } },
{ "type": "Feature", "properties": { "GEOID": "2811100", "NAME": "Canton city, Mississippi", "population": 10873.0 }, "geometry": { "type": "Polygon", "coordinates": [ [ [ -90.106232, 32.542452 ], [ -90.103791, 32.541664 ], [ -90.103863, 32.538751 ], [ -90.102299, 32.538177 ], [ -90.100434, 32.534613 ], [ -90.101579, 32.533835 ], [ -90.101876, 32.53153 ], [ -90.095285, 32.531535 ], [ -90.095121, 32.536046 ], [ -90.093797, 32.539295 ], [ -90.090094, 32.538814 ], [ -90.088179, 32.536918 ], [ -90.085469, 32.536927 ], [ -90.085437, 32.535281 ], [ -90.083683, 32.535286 ], [ -90.083663, 32.542519 ], [ -90.089276, 32.542518 ], [ -90.090209, 32.539723 ], [ -90.09346, 32.540877 ], [ -90.093291, 32.543127 ], [ -90.09148, 32.545989 ], [ -90.091378, 32.54613 ], [ -90.09095, 32.546723 ], [ -90.088983, 32.549532 ], [ -90.085315, 32.55448 ], [ -90.081255, 32.560703 ], [ -90.076384, 32.567652 ], [ -90.074791, 32.570425 ], [ -90.073851, 32.573091 ], [ -90.071174, 32.576014 ], [ -90.071996, 32.577879 ], [ -90.070849, 32.581963 ], [ -90.066929, 32.585503 ], [ -90.056748, 32.583426 ], [ -90.054131, 32.582549 ], [ -90.065391, 32.560594 ], [ -90.069135, 32.553459 ], [ -90.063838, 32.553434 ], [ -90.05485, 32.553384 ], [ -90.054844, 32.552224 ], [ -90.050499, 32.552214 ], [ -90.050511, 32.55337 ], [ -90.046276, 32.55338 ], [ -90.046385, 32.560845 ], [ -90.046432, 32.567096 ], [ -90.045842, 32.567577 ], [ -90.046102, 32.568049 ], [ -90.046557, 32.575028 ], [ -90.026918, 32.57493 ], [ -90.024738, 32.574942 ], [ -89.994925, 32.574894 ], [ -89.994914, 32.575019 ], [ -89.994909, 32.589349 ], [ -89.982033, 32.589345 ], [ -89.982064, 32.593017 ], [ -89.973419, 32.592989 ], [ -89.973365, 32.617443 ], [ -89.986545, 32.618774 ], [ -89.986291, 32.62886 ], [ -89.986182, 32.633115 ], [ -90.0034, 32.633212 ], [ -90.00336, 32.625921 ], [ -90.007543, 32.625653 ], [ -90.007593, 32.622276 ], [ -90.009507, 32.622299 ], [ -90.009551, 32.618915 ], [ -90.016223, 32.618859 ], [ -90.016215, 32.620684 ], [ -90.02065, 32.62085 ], [ -90.020603, 32.625699 ], [ -90.02488, 32.625706 ], [ -90.024811, 32.632562 ], [ -90.019992, 32.633159 ], [ -90.018531, 32.633163 ], [ -90.018544, 32.634716 ], [ -90.020145, 32.634348 ], [ -90.020571, 32.640445 ], [ -90.017621, 32.640432 ], [ -90.017614, 32.647671 ], [ -90.018954, 32.64769 ], [ -90.019752, 32.648905 ], [ -90.017268, 32.652437 ], [ -90.024075, 32.647998 ], [ -90.025041, 32.647792 ], [ -90.032999, 32.647764 ], [ -90.034747, 32.640354 ], [ -90.029097, 32.640365 ], [ -90.029104, 32.63682 ], [ -90.030658, 32.636824 ], [ -90.030651, 32.630517 ], [ -90.03675, 32.630504 ], [ -90.036997, 32.630505 ], [ -90.038024, 32.62563 ], [ -90.04202, 32.625642 ], [ -90.042094, 32.62405 ], [ -90.048183, 32.623677 ], [ -90.050584, 32.623211 ], [ -90.050587, 32.622726 ], [ -90.050806, 32.618496 ], [ -90.050716, 32.618496 ], [ -90.048834, 32.617928 ], [ -90.048271, 32.615418 ], [ -90.054869, 32.614825 ], [ -90.054866, 32.615223 ], [ -90.054832, 32.618474 ], [ -90.060456, 32.618537 ], [ -90.066472, 32.618554 ], [ -90.068415, 32.614559 ], [ -90.06918, 32.61152 ], [ -90.072033, 32.611526 ], [ -90.076366, 32.610484 ], [ -90.076392, 32.604101 ], [ -90.080732, 32.604099 ], [ -90.080712, 32.601783 ], [ -90.082614, 32.600855 ], [ -90.089063, 32.594475 ], [ -90.09332, 32.589016 ], [ -90.089198, 32.585254 ], [ -90.089119, 32.579547 ], [ -90.073051, 32.579543 ], [ -90.073691, 32.576715 ], [ -90.075501, 32.5709 ], [ -90.077062, 32.567946 ], [ -90.089215, 32.550173 ], [ -90.089401, 32.550688 ], [ -90.089084, 32.5534 ], [ -90.093136, 32.553403 ], [ -90.09337, 32.546701 ], [ -90.093372, 32.546126 ], [ -90.106224, 32.546086 ], [ -90.106232, 32.542452 ] ], [ [ -90.067934, 32.58955 ], [ -90.059395, 32.589583 ], [ -90.05735, 32.589592 ], [ -90.05797, 32.588374 ], [ -90.052139, 32.586263 ], [ -90.053784, 32.583226 ], [ -90.065391, 32.586275 ], [ -90.067934, 32.58955 ] ], [ [ -90.062421, 32.601795 ], [ -90.060132, 32.602627 ], [ -90.06039, 32.604078 ], [ -90.054916, 32.604067 ], [ -90.054893, 32.60805 ], [ -90.053252, 32.608046 ], [ -90.05388, 32.610172 ], [ -90.04902, 32.611062 ], [ -90.049001, 32.607767 ], [ -90.050303, 32.60777 ], [ -90.050334, 32.604043 ], [ -90.048558, 32.604028 ], [ -90.048563, 32.602238 ], [ -90.044049, 32.602231 ], [ -90.048649, 32.593236 ], [ -90.04878, 32.593022 ], [ -90.048876, 32.593146 ], [ -90.054774, 32.59316 ], [ -90.054833, 32.597618 ], [ -90.055851, 32.597616 ], [ -90.056268, 32.599663 ], [ -90.058078, 32.598459 ], [ -90.05934, 32.599078 ], [ -90.060596, 32.601988 ], [ -90.062421, 32.601795 ] ] ] } },
{ "type": "Feature", "properties": { "GEOID": "2803980", "NAME": "Bay St. Louis city, Mississippi", "population": 10634.0 }, "geometry": { "type": "Polygon", "coordinates": [ [ [ -89.434424, 30.354716 ], [ -89.434246, 30.349523 ], [ -89.425264, 30.3496 ], [ -89.427555, 30.344772 ], [ -89.431085, 30.344666 ], [ -89.431046, 30.337959 ], [ -89.430025, 30.335347 ], [ -89.427733, 30.330568 ], [ -89.427399, 30.330264 ], [ -89.426325, 30.329244 ], [ -89.427069, 30.328769 ], [ -89.425079, 30.325998 ], [ -89.424896, 30.32403 ], [ -89.423217, 30.322238 ], [ -89.419116, 30.322001 ], [ -89.41662, 30.320484 ], [ -89.416981, 30.31923 ], [ -89.414567, 30.319873 ], [ -89.413368, 30.319398 ], [ -89.413368, 30.317767 ], [ -89.409691, 30.317444 ], [ -89.408076, 30.316432 ], [ -89.407245, 30.316133 ], [ -89.40675, 30.316729 ], [ -89.40309, 30.314725 ], [ -89.397125, 30.31366 ], [ -89.393569, 30.313168 ], [ -89.388287, 30.312421 ], [ -89.385746, 30.311684 ], [ -89.384508, 30.311078 ], [ -89.383628, 30.311676 ], [ -89.382993, 30.310693 ], [ -89.37929, 30.310496 ], [ -89.379422, 30.308828 ], [ -89.37229, 30.308228 ], [ -89.367436, 30.309876 ], [ -89.367733, 30.307097 ], [ -89.367745, 30.306196 ], [ -89.36815, 30.302243 ], [ -89.368346, 30.301003 ], [ -89.359792, 30.298776 ], [ -89.359945, 30.297198 ], [ -89.357247, 30.297096 ], [ -89.353244, 30.296895 ], [ -89.34513, 30.2939637 ], [ -89.344093, 30.294318 ], [ -89.343578, 30.294494 ], [ -89.329946, 30.302896 ], [ -89.3296883, 30.3033139 ], [ -89.3260036, 30.3092882 ], [ -89.3258752, 30.3094964 ], [ -89.322545, 30.314896 ], [ -89.322345, 30.319296 ], [ -89.3224397, 30.3194372 ], [ -89.326275, 30.325155 ], [ -89.329616, 30.326363 ], [ -89.330832, 30.33322 ], [ -89.332546, 30.337895 ], [ -89.338847, 30.342995 ], [ -89.345934, 30.343573 ], [ -89.360383, 30.336769 ], [ -89.360572, 30.33668 ], [ -89.366361, 30.336708 ], [ -89.372354, 30.333398 ], [ -89.375341, 30.3356797 ], [ -89.378038, 30.335303 ], [ -89.381323, 30.335912 ], [ -89.385642, 30.335887 ], [ -89.3889, 30.335883 ], [ -89.392799, 30.336194 ], [ -89.395622, 30.337593 ], [ -89.396719, 30.33835 ], [ -89.401497, 30.343377 ], [ -89.402553, 30.345058 ], [ -89.403592, 30.348051 ], [ -89.403249, 30.352877 ], [ -89.401876, 30.356437 ], [ -89.399709, 30.359937 ], [ -89.397974, 30.361132 ], [ -89.397936, 30.362761 ], [ -89.401642, 30.364912 ], [ -89.401943, 30.365004 ], [ -89.416487, 30.360624 ], [ -89.416547, 30.363126 ], [ -89.418208, 30.363059 ], [ -89.418274, 30.366148 ], [ -89.426124, 30.366216 ], [ -89.426088, 30.365615 ], [ -89.425982, 30.36309 ], [ -89.434554, 30.362938 ], [ -89.434424, 30.354716 ] ] ] } },
{ "type": "Feature", "properties": { "GEOID": "2814260", "NAME": "Cleveland city, Mississippi", "population": 10138.0 }, "geometry": { "type": "Polygon", "coordinates": [ [ [ -90.763018, 33.736937 ], [ -90.749585, 33.737107 ], [ -90.749636, 33.732984 ], [ -90.745058, 33.732969 ], [ -90.74595, 33.718497 ], [ -90.741284, 33.718485 ], [ -90.740878, 33.725517 ], [ -90.727302, 33.725794 ], [ -90.727294, 33.729782 ], [ -90.726147, 33.729781 ], [ -90.724687, 33.729789 ], [ -90.726793, 33.718505 ], [ -90.726479, 33.718504 ], [ -90.717962, 33.718455 ], [ -90.710711, 33.718336 ], [ -90.710075, 33.732972 ], [ -90.705796, 33.73301 ], [ -90.706002, 33.740223 ], [ -90.697705, 33.740105 ], [ -90.697787, 33.742385 ], [ -90.697769, 33.747433 ], [ -90.70721, 33.747488 ], [ -90.707112, 33.752681 ], [ -90.709742, 33.752664 ], [ -90.710814, 33.752752 ], [ -90.710555, 33.762162 ], [ -90.710175, 33.762159 ], [ -90.710284, 33.771226 ], [ -90.715666, 33.771264 ], [ -90.715904, 33.773224 ], [ -90.719011, 33.773167 ], [ -90.718921, 33.767444 ], [ -90.715862, 33.767432 ], [ -90.71588, 33.762178 ], [ -90.722315, 33.76211 ], [ -90.72247, 33.764511 ], [ -90.729697, 33.764745 ], [ -90.73337, 33.766161 ], [ -90.733667, 33.765751 ], [ -90.73634, 33.764812 ], [ -90.74526, 33.764149 ], [ -90.745238, 33.762192 ], [ -90.74795, 33.762186 ], [ -90.747963, 33.75649 ], [ -90.756789, 33.756273 ], [ -90.756819, 33.769508 ], [ -90.758597, 33.769469 ], [ -90.758728, 33.766545 ], [ -90.75833, 33.753347 ], [ -90.757148, 33.753009 ], [ -90.757133, 33.75486 ], [ -90.748124, 33.754723 ], [ -90.748016, 33.747613 ], [ -90.755045, 33.747665 ], [ -90.754781, 33.740806 ], [ -90.763019, 33.740764 ], [ -90.763018, 33.736937 ] ] ] } },
{ "type": "Feature", "properties": { "GEOID": "2881520", "NAME": "Yazoo City city, Mississippi", "population": 9867.0 }, "geometry": { "type": "Polygon", "coordinates": [ [ [ -90.443812, 32.853205 ], [ -90.443406, 32.842719 ], [ -90.442633, 32.8327 ], [ -90.441547, 32.833424 ], [ -90.4393, 32.834494 ], [ -90.436273, 32.835712 ], [ -90.434527, 32.836499 ], [ -90.433521, 32.836387 ], [ -90.423273, 32.836529 ], [ -90.41925, 32.83661 ], [ -90.410619, 32.836741 ], [ -90.410608, 32.840559 ], [ -90.407839, 32.840529 ], [ -90.407836, 32.84141 ], [ -90.406183, 32.841468 ], [ -90.401364, 32.840749 ], [ -90.400536, 32.839693 ], [ -90.398237, 32.839424 ], [ -90.398245, 32.839348 ], [ -90.393755, 32.839384 ], [ -90.389073, 32.838491 ], [ -90.389574, 32.836734 ], [ -90.387773, 32.83699 ], [ -90.386889, 32.83858 ], [ -90.385995, 32.836715 ], [ -90.382521, 32.836693 ], [ -90.382381, 32.837296 ], [ -90.382452, 32.838556 ], [ -90.384334, 32.840291 ], [ -90.38222, 32.84077 ], [ -90.37802, 32.840275 ], [ -90.377357, 32.844004 ], [ -90.376972, 32.851272 ], [ -90.383906, 32.851291 ], [ -90.386151, 32.854294 ], [ -90.38821, 32.855755 ], [ -90.38834, 32.860253 ], [ -90.388854, 32.86311 ], [ -90.388188, 32.86357 ], [ -90.38812, 32.86476 ], [ -90.38676, 32.86529 ], [ -90.385354, 32.867011 ], [ -90.38535, 32.873938 ], [ -90.38532, 32.881893 ], [ -90.38015, 32.882674 ], [ -90.380057, 32.894835 ], [ -90.38521, 32.89481 ], [ -90.415497, 32.894843 ], [ -90.415484, 32.893898 ], [ -90.415422, 32.881398 ], [ -90.415338, 32.880677 ], [ -90.424674, 32.865714 ], [ -90.429073, 32.865627 ], [ -90.433771, 32.858387 ], [ -90.434592, 32.85673 ], [ -90.436364, 32.857664 ], [ -90.437844, 32.856482 ], [ -90.443478, 32.85408 ], [ -90.443812, 32.853205 ] ], [ [ -90.418155, 32.873125 ], [ -90.415384, 32.873152 ], [ -90.415441, 32.869625 ], [ -90.41129, 32.86946 ], [ -90.411273, 32.865827 ], [ -90.41125, 32.863442 ], [ -90.41125, 32.86181 ], [ -90.41474, 32.8618 ], [ -90.415434, 32.86177 ], [ -90.415504, 32.866089 ], [ -90.418271, 32.866054 ], [ -90.418155, 32.873125 ] ] ] } },
{ "type": "Feature", "properties": { "GEOID": "2879120", "NAME": "West Point city, Mississippi", "population": 9743.0 }, "geometry": { "type": "Polygon", "coordinates": [ [ [ -88.707193, 33.607444 ], [ -88.706596, 33.592724 ], [ -88.69226, 33.592459 ], [ -88.68532, 33.59258 ], [ -88.685374, 33.588424 ], [ -88.68558, 33.578336 ], [ -88.674716, 33.577981 ], [ -88.669186, 33.578117 ], [ -88.650406, 33.577714 ], [ -88.641958, 33.577806 ], [ -88.642046, 33.570579 ], [ -88.634325, 33.570562 ], [ -88.616042, 33.570856 ], [ -88.61582, 33.56361 ], [ -88.607241, 33.563704 ], [ -88.607101, 33.568517 ], [ -88.607207, 33.578148 ], [ -88.616064, 33.578102 ], [ -88.615901, 33.591394 ], [ -88.616044, 33.592696 ], [ -88.615887, 33.607197 ], [ -88.615927, 33.607237 ], [ -88.615886, 33.607238 ], [ -88.615757, 33.626167 ], [ -88.616428, 33.636287 ], [ -88.650224, 33.636169 ], [ -88.698117, 33.636485 ], [ -88.707373, 33.636554 ], [ -88.707193, 33.607444 ] ] ] } },
{ "type": "Feature", "properties": { "GEOID": "2819100", "NAME": "Diamondhead city, Mississippi", "population": 9441.0 }, "geometry": { "type": "Polygon", "coordinates": [ [ [ -89.405726, 30.36889 ], [ -89.404682, 30.366878 ], [ -89.401943, 30.365004 ], [ -89.401642, 30.364912 ], [ -89.397936, 30.362761 ], [ -89.397974, 30.361132 ], [ -89.396522, 30.358959 ], [ -89.39278, 30.356545 ], [ -89.390489, 30.356385 ], [ -89.388495, 30.35423 ], [ -89.388742, 30.351784 ], [ -89.386062, 30.35176 ], [ -89.384117, 30.351081 ], [ -89.382689, 30.348922 ], [ -89.379689, 30.35018 ], [ -89.378166, 30.35011 ], [ -89.376102, 30.349114300000011 ], [ -89.375984, 30.349431 ], [ -89.373265, 30.349656 ], [ -89.371439, 30.352291 ], [ -89.365487, 30.353918 ], [ -89.3645636, 30.3569387 ], [ -89.3644052, 30.3574569 ], [ -89.364226, 30.358043 ], [ -89.3578197, 30.3643175 ], [ -89.353248, 30.368795 ], [ -89.349447, 30.370995 ], [ -89.3488612, 30.371126 ], [ -89.340947, 30.3728964 ], [ -89.340948, 30.383903 ], [ -89.34124, 30.406622 ], [ -89.346585, 30.406588 ], [ -89.35229, 30.406795 ], [ -89.362573, 30.406811 ], [ -89.366438, 30.405387 ], [ -89.366465, 30.407503 ], [ -89.371009, 30.40751 ], [ -89.371049, 30.410529 ], [ -89.374245, 30.410505 ], [ -89.374685, 30.408895 ], [ -89.373981, 30.406538 ], [ -89.376525, 30.40567 ], [ -89.380688, 30.401683 ], [ -89.381121, 30.400413 ], [ -89.381626, 30.399462 ], [ -89.383709, 30.399328 ], [ -89.384975, 30.398335 ], [ -89.387391, 30.398577 ], [ -89.389295, 30.397544 ], [ -89.390403, 30.39493 ], [ -89.391221, 30.38998 ], [ -89.392118, 30.388578 ], [ -89.392171, 30.386798 ], [ -89.393193, 30.387009 ], [ -89.394919, 30.387529 ], [ -89.396132, 30.386599 ], [ -89.397012, 30.383682 ], [ -89.396518, 30.382056 ], [ -89.394938, 30.382848 ], [ -89.393496, 30.382832 ], [ -89.392376, 30.381601 ], [ -89.3933, 30.379847 ], [ -89.395538, 30.37856 ], [ -89.397868, 30.378766 ], [ -89.399869, 30.380673 ], [ -89.401307, 30.380554 ], [ -89.403173, 30.378274 ], [ -89.404297, 30.378154 ], [ -89.405476, 30.377207 ], [ -89.406157, 30.374826 ], [ -89.405726, 30.36889 ] ] ] } },
{ "type": "Feature", "properties": { "GEOID": "2807780", "NAME": "Booneville city, Mississippi", "population": 9257.0 }, "geometry": { "type": "Polygon", "coordinates": [ [ [ -88.62279, 34.680489 ], [ -88.613805, 34.680065 ], [ -88.614038, 34.676802 ], [ -88.609896, 34.676817 ], [ -88.605056, 34.675527 ], [ -88.604732, 34.659935 ], [ -88.604796, 34.641286 ], [ -88.604828, 34.639908 ], [ -88.60491, 34.615293 ], [ -88.595009, 34.615583 ], [ -88.594942, 34.618157 ], [ -88.594844, 34.618525 ], [ -88.591058, 34.618485 ], [ -88.590959, 34.622109 ], [ -88.551003, 34.621909 ], [ -88.550926, 34.632766 ], [ -88.533084, 34.632934 ], [ -88.530991, 34.633008 ], [ -88.525556, 34.632968 ], [ -88.525371, 34.632969 ], [ -88.525506, 34.642981 ], [ -88.516111, 34.642895 ], [ -88.516132, 34.654293 ], [ -88.51604, 34.657875 ], [ -88.529254, 34.658369 ], [ -88.52983, 34.658874 ], [ -88.529992, 34.675234 ], [ -88.52585, 34.675741 ], [ -88.526671, 34.678957 ], [ -88.526785, 34.681514 ], [ -88.527706, 34.682676 ], [ -88.528815, 34.681978 ], [ -88.530052, 34.681594 ], [ -88.530139, 34.690803 ], [ -88.522997, 34.690921 ], [ -88.523007, 34.701851 ], [ -88.551856, 34.701557 ], [ -88.551607, 34.705376 ], [ -88.55416, 34.705588 ], [ -88.554862, 34.70153 ], [ -88.560624, 34.701493 ], [ -88.560601, 34.705678 ], [ -88.586897, 34.705745 ], [ -88.600071, 34.705808 ], [ -88.599836, 34.692489 ], [ -88.613552, 34.692763 ], [ -88.613626, 34.694643 ], [ -88.61916, 34.69484 ], [ -88.622694, 34.694976 ], [ -88.62279, 34.680489 ] ] ] } },
{ "type": "Feature", "properties": { "GEOID": "2834740", "NAME": "Indianola city, Mississippi", "population": 8637.0 }, "geometry": { "type": "Polygon", "coordinates": [ [ [ -90.672989, 33.451041 ], [ -90.672878, 33.445804 ], [ -90.672901, 33.441882 ], [ -90.665061, 33.4418 ], [ -90.662548, 33.440058 ], [ -90.663041, 33.437997 ], [ -90.661786, 33.43557 ], [ -90.664053, 33.433028 ], [ -90.664163, 33.431838 ], [ -90.661132, 33.430486 ], [ -90.66288, 33.429685 ], [ -90.663959, 33.428113 ], [ -90.662983, 33.428581 ], [ -90.660064, 33.429656 ], [ -90.66011, 33.424053 ], [ -90.649376, 33.424031 ], [ -90.649497, 33.418574 ], [ -90.647045, 33.420568 ], [ -90.644424, 33.421185 ], [ -90.642803, 33.42073 ], [ -90.64277, 33.424847 ], [ -90.633644, 33.424867 ], [ -90.633331, 33.431522 ], [ -90.617323, 33.431537 ], [ -90.617183, 33.441311 ], [ -90.621401, 33.442486 ], [ -90.624929, 33.443441 ], [ -90.625024, 33.446028 ], [ -90.625156, 33.446551 ], [ -90.629577, 33.44679 ], [ -90.62949, 33.448226 ], [ -90.628128, 33.448224 ], [ -90.628056, 33.450349 ], [ -90.625127, 33.450361 ], [ -90.617851, 33.450394 ], [ -90.61793, 33.471134 ], [ -90.62785, 33.471241 ], [ -90.647402, 33.471147 ], [ -90.650528, 33.471151 ], [ -90.655875, 33.471196 ], [ -90.65589, 33.470334 ], [ -90.655949, 33.467309 ], [ -90.65983, 33.467348 ], [ -90.672908, 33.467467 ], [ -90.672935, 33.464047 ], [ -90.672992, 33.455422 ], [ -90.672989, 33.451041 ] ] ] } },
{ "type": "Feature", "properties": { "GEOID": "2866440", "NAME": "Senatobia city, Mississippi", "population": 8473.0 }, "geometry": { "type": "Polygon", "coordinates": [ [ [ -90.021434, 34.610206 ], [ -90.017404, 34.610893 ], [ -90.012796, 34.610281 ], [ -90.01262, 34.602992 ], [ -90.012712, 34.596366 ], [ -90.004113, 34.593151 ], [ -90.003344, 34.593998 ], [ -89.978645, 34.585008 ], [ -89.979069, 34.582994 ], [ -89.977399, 34.583026 ], [ -89.977526, 34.577733 ], [ -89.977996, 34.576118 ], [ -89.974297, 34.573523 ], [ -89.96741, 34.573212 ], [ -89.967389, 34.572421 ], [ -89.962, 34.572473 ], [ -89.96199, 34.575004 ], [ -89.954576, 34.574994 ], [ -89.953286, 34.568155 ], [ -89.943586, 34.56855 ], [ -89.946399, 34.576924 ], [ -89.946815, 34.583061 ], [ -89.94686, 34.585132 ], [ -89.942126, 34.585144 ], [ -89.942174, 34.586247 ], [ -89.938751, 34.585251 ], [ -89.934095, 34.586251 ], [ -89.936757, 34.588242 ], [ -89.934297, 34.589733 ], [ -89.927962, 34.590205 ], [ -89.934204, 34.602816 ], [ -89.936024, 34.606103 ], [ -89.94236, 34.605746 ], [ -89.942486, 34.607856 ], [ -89.947484, 34.60768 ], [ -89.949706, 34.616442 ], [ -89.949701, 34.619385 ], [ -89.951577, 34.622486 ], [ -89.953606, 34.630616 ], [ -89.954155, 34.630579 ], [ -89.959462, 34.630616 ], [ -89.959611, 34.634262 ], [ -89.967679, 34.634063 ], [ -89.968886, 34.638557 ], [ -89.969616, 34.641311 ], [ -89.970607, 34.64164 ], [ -89.970528, 34.641312 ], [ -89.974505, 34.641109 ], [ -89.978429, 34.641021 ], [ -89.9876, 34.640794 ], [ -90.004162, 34.640896 ], [ -90.012756, 34.641004 ], [ -90.012693, 34.630931 ], [ -90.012618, 34.619091 ], [ -90.021582, 34.619132 ], [ -90.021434, 34.610206 ] ] ] } },
{ "type": "Feature", "properties": { "GEOID": "2851000", "NAME": "New Albany city, Mississippi", "population": 7756.0 }, "geometry": { "type": "Polygon", "coordinates": [ [ [ -89.061264, 34.481333 ], [ -89.061177, 34.480393 ], [ -89.060811, 34.471686 ], [ -89.06119, 34.470099 ], [ -89.060952, 34.467265 ], [ -89.046084, 34.467307 ], [ -89.034211, 34.467331 ], [ -89.03421, 34.465878 ], [ -89.036851, 34.462295 ], [ -89.034176, 34.460742 ], [ -89.034559, 34.456241 ], [ -89.02537, 34.456248 ], [ -89.013392, 34.456349 ], [ -89.007486, 34.456369 ], [ -89.00753, 34.460053 ], [ -88.998939, 34.459969 ], [ -88.998829, 34.4657 ], [ -88.998844, 34.467147 ], [ -88.991534, 34.467116 ], [ -88.985111, 34.467057 ], [ -88.981719, 34.467068 ], [ -88.981652, 34.46983 ], [ -88.972314, 34.469797 ], [ -88.972317, 34.470946 ], [ -88.972252, 34.474418 ], [ -88.972165, 34.481632 ], [ -88.972004, 34.490314 ], [ -88.972034, 34.496445 ], [ -88.982205, 34.496524 ], [ -88.985604, 34.496726 ], [ -88.985548, 34.497809 ], [ -88.985823, 34.49992 ], [ -88.985867, 34.500528 ], [ -88.987001, 34.500557 ], [ -88.993705, 34.500588 ], [ -88.999046, 34.50062 ], [ -88.999048, 34.50474 ], [ -88.999046, 34.524926 ], [ -89.012223, 34.525908 ], [ -89.012245, 34.529532 ], [ -89.019219, 34.529593 ], [ -89.021069, 34.529559 ], [ -89.032407, 34.529636 ], [ -89.033804, 34.529641 ], [ -89.034361, 34.530251 ], [ -89.034406, 34.529637 ], [ -89.039085, 34.529685 ], [ -89.039045, 34.518456 ], [ -89.039327, 34.515061 ], [ -89.043759, 34.514905 ], [ -89.047955, 34.516959 ], [ -89.04805, 34.514909 ], [ -89.052544, 34.514799 ], [ -89.052591, 34.511118 ], [ -89.056255, 34.511123 ], [ -89.057383, 34.511118 ], [ -89.060961, 34.511124 ], [ -89.0609, 34.496642 ], [ -89.060908, 34.491857 ], [ -89.061147, 34.489807 ], [ -89.061207, 34.483995 ], [ -89.06137, 34.48375 ], [ -89.061264, 34.481333 ] ] ] } },
{ "type": "Feature", "properties": { "GEOID": "2862400", "NAME": "Richland city, Mississippi", "population": 7630.0 }, "geometry": { "type": "Polygon", "coordinates": [ [ [ -90.1875, 32.26635 ], [ -90.183609, 32.265514 ], [ -90.184258, 32.261864 ], [ -90.184683, 32.254178 ], [ -90.178259, 32.254078 ], [ -90.176407, 32.248403 ], [ -90.176298, 32.239474 ], [ -90.176445, 32.22348 ], [ -90.176045, 32.221476 ], [ -90.176169, 32.21574 ], [ -90.174721, 32.184726 ], [ -90.172025, 32.18468 ], [ -90.163991, 32.184736 ], [ -90.163864, 32.187702 ], [ -90.16141, 32.187771 ], [ -90.161291, 32.190964 ], [ -90.159865, 32.190973 ], [ -90.159554, 32.200339 ], [ -90.15599, 32.200361 ], [ -90.155573, 32.201687 ], [ -90.153215, 32.202882 ], [ -90.150379, 32.203107 ], [ -90.149922, 32.201701 ], [ -90.149238, 32.194519 ], [ -90.145515, 32.195492 ], [ -90.14451, 32.194146 ], [ -90.143157, 32.19418 ], [ -90.141542, 32.189267 ], [ -90.141493, 32.189111 ], [ -90.138452, 32.187983 ], [ -90.137709, 32.18813 ], [ -90.137735, 32.188298 ], [ -90.137663, 32.188311 ], [ -90.137997, 32.19106 ], [ -90.136879, 32.191737 ], [ -90.13692, 32.210281 ], [ -90.13692, 32.2104 ], [ -90.132996, 32.2104 ], [ -90.133, 32.221242 ], [ -90.13338, 32.224828 ], [ -90.134408, 32.224596 ], [ -90.13426, 32.238974 ], [ -90.131004, 32.238979 ], [ -90.132287, 32.243585 ], [ -90.132415, 32.243789 ], [ -90.133415, 32.244781 ], [ -90.134024, 32.244123 ], [ -90.134804, 32.244426 ], [ -90.138199, 32.244159 ], [ -90.138764, 32.243735 ], [ -90.138214, 32.248102 ], [ -90.142862, 32.248601 ], [ -90.142972, 32.253927 ], [ -90.147366, 32.25692 ], [ -90.160912, 32.264133 ], [ -90.162712, 32.265625 ], [ -90.163479, 32.26698 ], [ -90.165408, 32.274073 ], [ -90.166603, 32.278493 ], [ -90.167107, 32.279547 ], [ -90.167234, 32.279568 ], [ -90.171801, 32.280381 ], [ -90.175633, 32.275525 ], [ -90.17641, 32.275577 ], [ -90.179701, 32.276162 ], [ -90.186485, 32.27351 ], [ -90.186774, 32.27263 ], [ -90.1875, 32.26635 ] ] ] } },
{ "type": "Feature", "properties": { "GEOID": "2803620", "NAME": "Batesville city, Mississippi", "population": 7325.0 }, "geometry": { "type": "Polygon", "coordinates": [ [ [ -89.986739, 34.299818 ], [ -89.970014, 34.304213 ], [ -89.970026, 34.295519 ], [ -89.963117, 34.295502 ], [ -89.963205, 34.29133 ], [ -89.963947, 34.28663 ], [ -89.963003, 34.280347 ], [ -89.949149, 34.280206 ], [ -89.949219, 34.28817 ], [ -89.929951, 34.288263 ], [ -89.928108, 34.287486 ], [ -89.925893, 34.281823 ], [ -89.924843, 34.280689 ], [ -89.926583, 34.280513 ], [ -89.926319, 34.277933 ], [ -89.923759, 34.277902 ], [ -89.922335, 34.277998 ], [ -89.922266, 34.279148 ], [ -89.922021, 34.2807 ], [ -89.912416, 34.280666 ], [ -89.90426, 34.280861 ], [ -89.904623, 34.285878 ], [ -89.895335, 34.285908 ], [ -89.88857, 34.285857 ], [ -89.888385, 34.297384 ], [ -89.888755, 34.306392 ], [ -89.882153, 34.30641 ], [ -89.882148, 34.310123 ], [ -89.882147, 34.310476 ], [ -89.882153, 34.313598 ], [ -89.885626, 34.31363 ], [ -89.885742, 34.324369 ], [ -89.885615, 34.325017 ], [ -89.881524, 34.325006 ], [ -89.881236, 34.331755 ], [ -89.881985, 34.339396 ], [ -89.886002, 34.339297 ], [ -89.886169, 34.341319 ], [ -89.886518, 34.345541 ], [ -89.887578, 34.345524 ], [ -89.888734, 34.345388 ], [ -89.890043, 34.350804 ], [ -89.904792, 34.350886 ], [ -89.908593, 34.358195 ], [ -89.913107, 34.358119 ], [ -89.919764, 34.35783 ], [ -89.919377, 34.356203 ], [ -89.919539, 34.353276 ], [ -89.920473, 34.351367 ], [ -89.925311, 34.351421 ], [ -89.925313, 34.348152 ], [ -89.933638, 34.339876 ], [ -89.93837, 34.339887 ], [ -89.940228, 34.33216 ], [ -89.94724, 34.332128 ], [ -89.947259, 34.330356 ], [ -89.947841, 34.32885 ], [ -89.949757, 34.328839 ], [ -89.95785, 34.328924 ], [ -89.957935, 34.332075 ], [ -89.964849, 34.330284 ], [ -89.965175, 34.32906 ], [ -89.967245, 34.32904 ], [ -89.967334, 34.324854 ], [ -89.970069, 34.324772 ], [ -89.970258, 34.312382 ], [ -89.977472, 34.312469 ], [ -89.982956, 34.312301 ], [ -89.982958, 34.305762 ], [ -89.986619, 34.305932 ], [ -89.986659, 34.302205 ], [ -89.986739, 34.299818 ] ] ] } },
{ "type": "Feature", "properties": { "GEOID": "2878200", "NAME": "Waveland city, Mississippi", "population": 7042.0 }, "geometry": { "type": "Polygon", "coordinates": [ [ [ -89.434552, 30.32155 ], [ -89.425519, 30.321558 ], [ -89.425521, 30.311824 ], [ -89.417581, 30.311777 ], [ -89.408945, 30.311871 ], [ -89.409587, 30.304776 ], [ -89.409995, 30.298887 ], [ -89.410042, 30.298431 ], [ -89.410291, 30.288903 ], [ -89.401272, 30.288815 ], [ -89.400687, 30.286977 ], [ -89.398648, 30.275096 ], [ -89.411048, 30.268496 ], [ -89.4115471, 30.2586845 ], [ -89.400076, 30.262611 ], [ -89.394546, 30.263576 ], [ -89.387024, 30.266718 ], [ -89.3798716, 30.2712249 ], [ -89.377091, 30.272977 ], [ -89.3756268, 30.2746618 ], [ -89.3722678, 30.2785269 ], [ -89.367693, 30.283791 ], [ -89.3676584, 30.2838126 ], [ -89.3654205, 30.2852065 ], [ -89.3621054, 30.2872715 ], [ -89.3589474, 30.2892387 ], [ -89.358934, 30.289247 ], [ -89.34513, 30.2939637 ], [ -89.353244, 30.296895 ], [ -89.357247, 30.297096 ], [ -89.359945, 30.297198 ], [ -89.359792, 30.298776 ], [ -89.368346, 30.301003 ], [ -89.36815, 30.302243 ], [ -89.367745, 30.306196 ], [ -89.367733, 30.307097 ], [ -89.367436, 30.309876 ], [ -89.37229, 30.308228 ], [ -89.379422, 30.308828 ], [ -89.37929, 30.310496 ], [ -89.382993, 30.310693 ], [ -89.383628, 30.311676 ], [ -89.384508, 30.311078 ], [ -89.385746, 30.311684 ], [ -89.388287, 30.312421 ], [ -89.393569, 30.313168 ], [ -89.397125, 30.31366 ], [ -89.40309, 30.314725 ], [ -89.40675, 30.316729 ], [ -89.407245, 30.316133 ], [ -89.408076, 30.316432 ], [ -89.409691, 30.317444 ], [ -89.413368, 30.317767 ], [ -89.413368, 30.319398 ], [ -89.414567, 30.319873 ], [ -89.416981, 30.31923 ], [ -89.41662, 30.320484 ], [ -89.419116, 30.322001 ], [ -89.423217, 30.322238 ], [ -89.424896, 30.32403 ], [ -89.425079, 30.325998 ], [ -89.427069, 30.328769 ], [ -89.426325, 30.329244 ], [ -89.427399, 30.330264 ], [ -89.429776, 30.328749 ], [ -89.434613, 30.326359 ], [ -89.434552, 30.32155 ] ] ] } },
{ "type": "Feature", "properties": { "GEOID": "2856960", "NAME": "Philadelphia city, Mississippi", "population": 6858.0 }, "geometry": { "type": "Polygon", "coordinates": [ [ [ -89.189339, 32.768828 ], [ -89.189084, 32.761695 ], [ -89.180856, 32.761814 ], [ -89.180718, 32.76173 ], [ -89.163498, 32.76178 ], [ -89.163544, 32.758152 ], [ -89.162712, 32.75789 ], [ -89.160625, 32.755778 ], [ -89.158941, 32.755023 ], [ -89.15824, 32.754894 ], [ -89.154836, 32.755353 ], [ -89.152981, 32.75519 ], [ -89.152538, 32.750315 ], [ -89.149143, 32.750293 ], [ -89.147678, 32.750347 ], [ -89.147254, 32.750344 ], [ -89.14106, 32.750773 ], [ -89.14121, 32.754626 ], [ -89.135005, 32.754528 ], [ -89.131493, 32.754429 ], [ -89.125202, 32.754143 ], [ -89.117821, 32.754187 ], [ -89.111566, 32.755125 ], [ -89.111566, 32.756116 ], [ -89.107054, 32.75606 ], [ -89.107007, 32.754534 ], [ -89.104037, 32.752734 ], [ -89.102271, 32.748592 ], [ -89.097369, 32.748923 ], [ -89.093344, 32.748906 ], [ -89.086883, 32.758269 ], [ -89.093731, 32.761042 ], [ -89.091369, 32.765399 ], [ -89.089862, 32.76646 ], [ -89.086883, 32.764292 ], [ -89.084074, 32.761777 ], [ -89.076998, 32.759513 ], [ -89.077112, 32.77036 ], [ -89.077163, 32.770667 ], [ -89.077264, 32.773427 ], [ -89.079635, 32.77343 ], [ -89.085204, 32.773407 ], [ -89.093342, 32.773382 ], [ -89.092978, 32.777676 ], [ -89.093024, 32.779804 ], [ -89.093106, 32.784067 ], [ -89.098672, 32.784049 ], [ -89.101046, 32.784032 ], [ -89.102874, 32.784064 ], [ -89.102915, 32.787679 ], [ -89.102924, 32.791235 ], [ -89.104488, 32.791255 ], [ -89.104562, 32.798254 ], [ -89.107352, 32.798394 ], [ -89.106865, 32.800247 ], [ -89.103216, 32.807744 ], [ -89.103129, 32.81249 ], [ -89.105405, 32.812438 ], [ -89.11445, 32.812468 ], [ -89.117605, 32.812502 ], [ -89.130078, 32.812613 ], [ -89.131415, 32.812834 ], [ -89.131602, 32.807195 ], [ -89.141004, 32.8073 ], [ -89.141004, 32.805196 ], [ -89.139562, 32.805161 ], [ -89.139605, 32.803735 ], [ -89.13647, 32.803668 ], [ -89.136763, 32.794929 ], [ -89.139584, 32.77332 ], [ -89.139646, 32.772857 ], [ -89.139631, 32.766724 ], [ -89.141199, 32.766741 ], [ -89.150849, 32.7669 ], [ -89.157485, 32.770322 ], [ -89.159088, 32.771832 ], [ -89.159094, 32.767047 ], [ -89.166776, 32.76711 ], [ -89.177008, 32.766888 ], [ -89.185799, 32.769098 ], [ -89.18932, 32.770001 ], [ -89.189339, 32.768828 ] ] ] } },
{ "type": "Feature", "properties": { "GEOID": "2838320", "NAME": "Kosciusko city, Mississippi", "population": 6722.0 }, "geometry": { "type": "Polygon", "coordinates": [ [ [ -89.617297, 33.049298 ], [ -89.617253, 33.046765 ], [ -89.615849, 33.046824 ], [ -89.61317, 33.046804 ], [ -89.613191, 33.046692 ], [ -89.613241, 33.045028 ], [ -89.610511, 33.044986 ], [ -89.61048, 33.037497 ], [ -89.604738, 33.037472 ], [ -89.597226, 33.037554 ], [ -89.594515, 33.037351 ], [ -89.589588, 33.037515 ], [ -89.584609, 33.037608 ], [ -89.584538, 33.034533 ], [ -89.582537, 33.03452 ], [ -89.579562, 33.039356 ], [ -89.577888, 33.038367 ], [ -89.568982, 33.048989 ], [ -89.562701, 33.056701 ], [ -89.558544, 33.060921 ], [ -89.558699, 33.069529 ], [ -89.558758, 33.073387 ], [ -89.565363, 33.073306 ], [ -89.575809, 33.073188 ], [ -89.580091, 33.073161 ], [ -89.580083, 33.074862 ], [ -89.577863, 33.07493 ], [ -89.57783, 33.078609 ], [ -89.579332, 33.078588 ], [ -89.580719, 33.078559 ], [ -89.58988, 33.078465 ], [ -89.589997, 33.078453 ], [ -89.590061, 33.081886 ], [ -89.593344, 33.082046 ], [ -89.594446, 33.080504 ], [ -89.593949, 33.079028 ], [ -89.593577, 33.078411 ], [ -89.59587, 33.078444 ], [ -89.595648, 33.075038 ], [ -89.597744, 33.074982 ], [ -89.600047, 33.07501 ], [ -89.600047, 33.079617 ], [ -89.607247, 33.079705 ], [ -89.606654, 33.08158 ], [ -89.609319, 33.081753 ], [ -89.609697, 33.078381 ], [ -89.610553, 33.077317 ], [ -89.610952, 33.075082 ], [ -89.610941, 33.068176 ], [ -89.60716, 33.068176 ], [ -89.605677, 33.067315 ], [ -89.60564, 33.064546 ], [ -89.610675, 33.064473 ], [ -89.610619, 33.063576 ], [ -89.614947, 33.063373 ], [ -89.614913, 33.059388 ], [ -89.614927, 33.0553 ], [ -89.617248, 33.055264 ], [ -89.61726, 33.052743 ], [ -89.617297, 33.049298 ] ] ] } },
{ "type": "Feature", "properties": { "GEOID": "2815340", "NAME": "Columbia city, Mississippi", "population": 6525.0 }, "geometry": { "type": "Polygon", "coordinates": [ [ [ -89.860799, 31.272378 ], [ -89.861102, 31.27361 ], [ -89.859413, 31.273604 ], [ -89.857269, 31.273045 ], [ -89.857267, 31.267146 ], [ -89.856022, 31.266184 ], [ -89.853159, 31.266282 ], [ -89.853179, 31.265056 ], [ -89.846128, 31.265002 ], [ -89.845975, 31.257655 ], [ -89.843888, 31.258368 ], [ -89.841943, 31.258621 ], [ -89.841166, 31.258506 ], [ -89.840141, 31.257459 ], [ -89.840948, 31.251943 ], [ -89.841282, 31.251161 ], [ -89.842665, 31.250001 ], [ -89.845538, 31.250019 ], [ -89.846258, 31.248515 ], [ -89.844702, 31.246998 ], [ -89.843216, 31.246271 ], [ -89.839671, 31.246259 ], [ -89.837716, 31.247545 ], [ -89.834437, 31.246424 ], [ -89.83477, 31.243322 ], [ -89.838459, 31.24203 ], [ -89.841093, 31.243201 ], [ -89.844289, 31.241754 ], [ -89.846772, 31.237733 ], [ -89.849041, 31.235076 ], [ -89.846743, 31.233675 ], [ -89.835832, 31.233504 ], [ -89.835206, 31.232239 ], [ -89.83287, 31.232171 ], [ -89.832228, 31.234197 ], [ -89.83024, 31.233704 ], [ -89.825271, 31.235196 ], [ -89.824936, 31.233859 ], [ -89.824085, 31.230338 ], [ -89.82376, 31.229516 ], [ -89.816595, 31.229525 ], [ -89.815985, 31.229523 ], [ -89.810327, 31.229526 ], [ -89.809526, 31.229525 ], [ -89.809552, 31.233415 ], [ -89.809567, 31.236905 ], [ -89.806428, 31.236925 ], [ -89.806414, 31.239894 ], [ -89.805418, 31.240855 ], [ -89.805338, 31.237834 ], [ -89.80006, 31.237838 ], [ -89.800038, 31.241903 ], [ -89.79786, 31.241868 ], [ -89.798397, 31.243085 ], [ -89.796848, 31.244192 ], [ -89.789447, 31.244287 ], [ -89.787186, 31.24794 ], [ -89.785182, 31.24794 ], [ -89.785068, 31.251601 ], [ -89.780925, 31.251614 ], [ -89.780924, 31.249428 ], [ -89.780036, 31.24805 ], [ -89.775588, 31.250479 ], [ -89.77138, 31.254133 ], [ -89.767931, 31.254234 ], [ -89.767929, 31.25346 ], [ -89.76609, 31.25346 ], [ -89.766639, 31.257383 ], [ -89.76815, 31.260753 ], [ -89.772429, 31.2608 ], [ -89.772489, 31.262529 ], [ -89.783309, 31.262711 ], [ -89.783343, 31.262598 ], [ -89.789373, 31.262845 ], [ -89.789426, 31.27072 ], [ -89.789321, 31.271663 ], [ -89.789418, 31.272896 ], [ -89.78969, 31.273573 ], [ -89.790508, 31.273601 ], [ -89.791269, 31.273577 ], [ -89.79989, 31.273575 ], [ -89.806382, 31.273581 ], [ -89.807151, 31.277207 ], [ -89.809016, 31.277198 ], [ -89.809367, 31.276408 ], [ -89.810947, 31.275299 ], [ -89.811923, 31.27356 ], [ -89.819732, 31.273528 ], [ -89.831168, 31.273556 ], [ -89.83117, 31.274038 ], [ -89.831196, 31.277018 ], [ -89.830444, 31.277693 ], [ -89.831853, 31.278115 ], [ -89.831857, 31.280834 ], [ -89.836072, 31.28085 ], [ -89.836077, 31.28452 ], [ -89.837651, 31.284804 ], [ -89.840314, 31.286276 ], [ -89.84031, 31.289561 ], [ -89.843443, 31.289097 ], [ -89.844537, 31.290534 ], [ -89.844786, 31.288437 ], [ -89.848408, 31.287841 ], [ -89.848841, 31.288106 ], [ -89.849049, 31.288196 ], [ -89.849182, 31.288236 ], [ -89.849478, 31.28829 ], [ -89.851322, 31.289529 ], [ -89.85283, 31.289228 ], [ -89.852252, 31.288114 ], [ -89.852171, 31.285733 ], [ -89.854062, 31.281885 ], [ -89.857327, 31.279286 ], [ -89.860513, 31.276808 ], [ -89.86352, 31.272345 ], [ -89.860799, 31.272378 ] ] ] } },
{ "type": "Feature", "properties": { "GEOID": "2855400", "NAME": "Pass Christian city, Mississippi", "population": 6459.0 }, "geometry": { "type": "Polygon", "coordinates": [ [ [ -89.286859, 30.331489 ], [ -89.286593, 30.328576 ], [ -89.284169, 30.325501 ], [ -89.282674, 30.323225 ], [ -89.27906, 30.31974 ], [ -89.279581, 30.317867 ], [ -89.278519, 30.31657 ], [ -89.28215, 30.316014 ], [ -89.280025, 30.309213 ], [ -89.279416, 30.305968 ], [ -89.2792914, 30.3042074 ], [ -89.271833, 30.305491 ], [ -89.25201, 30.311755 ], [ -89.249832, 30.310667 ], [ -89.245314, 30.310957 ], [ -89.245075, 30.312797 ], [ -89.24, 30.316025 ], [ -89.220442, 30.322497 ], [ -89.1965531, 30.3286821 ], [ -89.18684, 30.331197 ], [ -89.186848, 30.338927 ], [ -89.186851, 30.33977 ], [ -89.189337, 30.339737 ], [ -89.197075, 30.339713 ], [ -89.203878, 30.339694 ], [ -89.203816, 30.343342 ], [ -89.216096, 30.343123 ], [ -89.217989, 30.338878 ], [ -89.218073, 30.337527 ], [ -89.22138, 30.337576 ], [ -89.222322, 30.338044 ], [ -89.226336, 30.337196 ], [ -89.228689, 30.336339 ], [ -89.231249, 30.336898 ], [ -89.23227, 30.33775 ], [ -89.236564, 30.337323 ], [ -89.237408, 30.335958 ], [ -89.237767, 30.338191 ], [ -89.238458, 30.336207 ], [ -89.23902, 30.338012 ], [ -89.239788, 30.337295 ], [ -89.240343, 30.336425 ], [ -89.24155, 30.33905 ], [ -89.242806, 30.33944 ], [ -89.243445, 30.341212 ], [ -89.244985, 30.340601 ], [ -89.247616, 30.340885 ], [ -89.248825, 30.339543 ], [ -89.250543, 30.341151 ], [ -89.253018, 30.341665 ], [ -89.254406, 30.340836 ], [ -89.257725, 30.340383 ], [ -89.260196, 30.341007 ], [ -89.26213, 30.339983 ], [ -89.263695, 30.340101 ], [ -89.264442, 30.341845 ], [ -89.267402, 30.340051 ], [ -89.269065200000014, 30.3409554 ], [ -89.268734, 30.340588 ], [ -89.272775, 30.334024 ], [ -89.281564, 30.33198 ], [ -89.2823273, 30.3321278 ], [ -89.2850604, 30.332657 ], [ -89.287773, 30.3331822 ], [ -89.286859, 30.331489 ] ] ] } },
{ "type": "Feature", "properties": { "GEOID": "2833100", "NAME": "Holly Springs city, Mississippi", "population": 6402.0 }, "geometry": { "type": "Polygon", "coordinates": [ [ [ -89.495152, 34.79186 ], [ -89.492634, 34.791785 ], [ -89.488135, 34.791807 ], [ -89.473674, 34.777313 ], [ -89.47206, 34.775573 ], [ -89.470308, 34.772879 ], [ -89.468638, 34.767754 ], [ -89.465726, 34.75668 ], [ -89.465122, 34.755614 ], [ -89.463931, 34.754211 ], [ -89.462205, 34.752614 ], [ -89.462124, 34.743025 ], [ -89.458947, 34.74298 ], [ -89.456813, 34.742962 ], [ -89.45608, 34.743619 ], [ -89.447262, 34.742939 ], [ -89.441932, 34.739341 ], [ -89.441102, 34.741032 ], [ -89.439964, 34.742909 ], [ -89.440908, 34.748991 ], [ -89.440722, 34.750108 ], [ -89.435117, 34.75029 ], [ -89.422251, 34.750546 ], [ -89.422332, 34.751959 ], [ -89.422337, 34.757538 ], [ -89.413716, 34.757656 ], [ -89.413469, 34.771853 ], [ -89.413272, 34.783075 ], [ -89.413157, 34.78923 ], [ -89.411846, 34.791364 ], [ -89.412586, 34.791363 ], [ -89.412371, 34.798162 ], [ -89.420815, 34.798163 ], [ -89.42082, 34.800898 ], [ -89.420812, 34.801151 ], [ -89.440241, 34.801108 ], [ -89.444983, 34.801021 ], [ -89.47579, 34.80075 ], [ -89.489825, 34.800775 ], [ -89.491163, 34.800743 ], [ -89.493306, 34.800401 ], [ -89.493225, 34.79685 ], [ -89.495216, 34.796625 ], [ -89.495152, 34.79186 ] ] ] } },
{ "type": "Feature", "properties": { "GEOID": "2801260", "NAME": "Amory city, Mississippi", "population": 6386.0 }, "geometry": { "type": "Polygon", "coordinates": [ [ [ -88.520291, 33.981194 ], [ -88.51307, 33.98009 ], [ -88.513357, 33.967889 ], [ -88.513575, 33.958281 ], [ -88.513242, 33.948905 ], [ -88.493631, 33.949288 ], [ -88.479402, 33.949963 ], [ -88.478697, 33.957574 ], [ -88.478015, 33.967128 ], [ -88.477527, 33.970091 ], [ -88.476529, 33.970686 ], [ -88.467495, 33.971142 ], [ -88.467235, 33.966582 ], [ -88.464838, 33.966152 ], [ -88.466378, 33.96393 ], [ -88.464228, 33.964008 ], [ -88.454737, 33.964408 ], [ -88.453125, 33.965302 ], [ -88.451133, 33.964309 ], [ -88.442565, 33.964343 ], [ -88.442542, 33.964829 ], [ -88.442506, 33.974361 ], [ -88.442583, 33.978005 ], [ -88.44236, 33.978399 ], [ -88.44257, 33.978548 ], [ -88.442674, 33.98534 ], [ -88.442706, 33.986881 ], [ -88.442806, 33.990566 ], [ -88.442823, 33.992581 ], [ -88.452163, 33.992375 ], [ -88.455841, 33.992286 ], [ -88.456121, 33.994033 ], [ -88.456084, 33.997368 ], [ -88.460185, 33.99731 ], [ -88.460253, 34.000701 ], [ -88.463065, 34.000559 ], [ -88.465346, 34.000466 ], [ -88.464585, 34.015113 ], [ -88.464203, 34.015547 ], [ -88.466394, 34.016432 ], [ -88.467095, 34.018282 ], [ -88.468718, 34.016817 ], [ -88.472304, 34.015876 ], [ -88.477388, 34.015625 ], [ -88.479929, 34.015551 ], [ -88.482919, 34.015466 ], [ -88.488438, 34.011587 ], [ -88.490234, 34.01012 ], [ -88.490847, 34.011223 ], [ -88.497452, 34.006341 ], [ -88.501682, 34.00109 ], [ -88.50605, 33.997448 ], [ -88.515076, 33.989692 ], [ -88.516789, 33.987837 ], [ -88.519039, 33.984663 ], [ -88.51964, 33.98366 ], [ -88.520511, 33.981224 ], [ -88.520291, 33.981194 ] ] ] } },
{ "type": "Feature", "properties": { "GEOID": "2859160", "NAME": "Pontotoc city, Mississippi", "population": 6156.0 }, "geometry": { "type": "Polygon", "coordinates": [ [ [ -89.036974, 34.249124 ], [ -89.036914, 34.237337 ], [ -89.036892, 34.235002 ], [ -89.036856, 34.227709 ], [ -89.035523, 34.227698 ], [ -89.03109, 34.227683 ], [ -89.023226, 34.225758 ], [ -89.018086, 34.225716 ], [ -89.018056, 34.228211 ], [ -89.011672, 34.227934 ], [ -89.009746, 34.229511 ], [ -89.008809, 34.230275 ], [ -89.008079, 34.229663 ], [ -88.998947, 34.221992 ], [ -88.993731, 34.222 ], [ -88.988075, 34.221996 ], [ -88.988049, 34.222371 ], [ -88.987876, 34.224805 ], [ -88.988321, 34.241525 ], [ -88.974169, 34.241276 ], [ -88.974205, 34.245227 ], [ -88.969088, 34.245264 ], [ -88.969084, 34.248547 ], [ -88.969062, 34.249285 ], [ -88.969053, 34.252242 ], [ -88.969161, 34.260588 ], [ -88.969409, 34.260588 ], [ -88.982811, 34.260653 ], [ -88.982823, 34.263476 ], [ -88.982852, 34.267504 ], [ -88.985244, 34.267349 ], [ -88.987153, 34.267322 ], [ -88.988405, 34.268003 ], [ -88.989296, 34.267284 ], [ -88.998457, 34.267273 ], [ -88.998527, 34.270817 ], [ -89.009253, 34.270815 ], [ -89.018112, 34.27089 ], [ -89.018918, 34.270921 ], [ -89.019073, 34.273142 ], [ -89.01739, 34.275058 ], [ -89.012921, 34.281508 ], [ -89.0087, 34.285451 ], [ -89.008016, 34.287624 ], [ -89.008645, 34.287684 ], [ -89.009591, 34.287731 ], [ -89.011679, 34.287767 ], [ -89.012631, 34.290765 ], [ -89.018117, 34.290758 ], [ -89.023207, 34.290938 ], [ -89.026898, 34.29023 ], [ -89.026882, 34.290134 ], [ -89.032174, 34.290034 ], [ -89.032189, 34.292376 ], [ -89.036637, 34.292375 ], [ -89.036441, 34.285563 ], [ -89.036502, 34.278755 ], [ -89.036521, 34.276319 ], [ -89.032443, 34.274358 ], [ -89.033567, 34.272914 ], [ -89.032626, 34.272085 ], [ -89.029587, 34.272085 ], [ -89.028945, 34.27097 ], [ -89.0289, 34.263204 ], [ -89.036962, 34.25355 ], [ -89.036974, 34.249124 ] ] ] } },
{ "type": "Feature", "properties": { "GEOID": "2842280", "NAME": "Louisville city, Mississippi", "population": 5921.0 }, "geometry": { "type": "Polygon", "coordinates": [ [ [ -89.087963, 33.093414 ], [ -89.073914, 33.09295 ], [ -89.066003, 33.092919 ], [ -89.066068, 33.091168 ], [ -89.061698, 33.091124 ], [ -89.058179, 33.091083 ], [ -89.058211, 33.093181 ], [ -89.054293, 33.093262 ], [ -89.053876, 33.093267 ], [ -89.050718, 33.093285 ], [ -89.040316, 33.093305 ], [ -89.02991, 33.093657 ], [ -89.022762, 33.093536 ], [ -89.021636, 33.100254 ], [ -89.021692, 33.102359 ], [ -89.022624, 33.102347 ], [ -89.022611, 33.113163 ], [ -89.022822, 33.12457 ], [ -89.022931, 33.125052 ], [ -89.022662, 33.130458 ], [ -89.022817, 33.139186 ], [ -89.022804, 33.139913 ], [ -89.023017, 33.148127 ], [ -89.023029, 33.148344 ], [ -89.023142, 33.151668 ], [ -89.02837, 33.151683 ], [ -89.032052, 33.15156 ], [ -89.033506, 33.151518 ], [ -89.040185, 33.151586 ], [ -89.053969, 33.151691 ], [ -89.075353, 33.15153 ], [ -89.075305, 33.153383 ], [ -89.08337, 33.153368 ], [ -89.083325, 33.151226 ], [ -89.086114, 33.15125 ], [ -89.087771, 33.151403 ], [ -89.087875, 33.150992 ], [ -89.087789, 33.145998 ], [ -89.087827, 33.12443 ], [ -89.087549, 33.112839 ], [ -89.087963, 33.093414 ] ] ] } },
{ "type": "Feature", "properties": { "GEOID": "2825340", "NAME": "Forest city, Mississippi", "population": 5433.0 }, "geometry": { "type": "Polygon", "coordinates": [ [ [ -89.521595, 32.365895 ], [ -89.521578, 32.359268 ], [ -89.516517, 32.361826 ], [ -89.515194, 32.362086 ], [ -89.508389, 32.362018 ], [ -89.498817, 32.361903 ], [ -89.498909, 32.3586 ], [ -89.498936, 32.332727 ], [ -89.490869, 32.332684 ], [ -89.490879, 32.323421 ], [ -89.491718, 32.321597 ], [ -89.494772, 32.319149 ], [ -89.498413, 32.319343 ], [ -89.498711, 32.316813 ], [ -89.494195, 32.315537 ], [ -89.494295, 32.313786 ], [ -89.487538, 32.313354 ], [ -89.485756, 32.325235 ], [ -89.483083, 32.325274 ], [ -89.479849, 32.326093 ], [ -89.471295, 32.325668 ], [ -89.467866, 32.325762 ], [ -89.467615, 32.331283 ], [ -89.465905, 32.330664 ], [ -89.45972, 32.329222 ], [ -89.460204, 32.331485 ], [ -89.464914, 32.336317 ], [ -89.466318, 32.338703 ], [ -89.46701, 32.33949 ], [ -89.469418, 32.341743 ], [ -89.472513, 32.34457 ], [ -89.473393, 32.347173 ], [ -89.452295, 32.347109 ], [ -89.444074, 32.347079 ], [ -89.44422, 32.353102 ], [ -89.443938, 32.354366 ], [ -89.443943, 32.358225 ], [ -89.435306, 32.35734 ], [ -89.435238, 32.36098 ], [ -89.435142, 32.370182 ], [ -89.437142, 32.36932 ], [ -89.443856, 32.369194 ], [ -89.443972, 32.36973 ], [ -89.44396, 32.37141 ], [ -89.443961, 32.374097 ], [ -89.443747, 32.376074 ], [ -89.439459, 32.376129 ], [ -89.439484, 32.382693 ], [ -89.439537, 32.388489 ], [ -89.440337, 32.388125 ], [ -89.446768, 32.388785 ], [ -89.4495, 32.387885 ], [ -89.449973, 32.38756 ], [ -89.451807, 32.38608 ], [ -89.452085, 32.385886 ], [ -89.452222, 32.382957 ], [ -89.456436, 32.382981 ], [ -89.473412, 32.383111 ], [ -89.473365, 32.383732 ], [ -89.473875, 32.385742 ], [ -89.479767, 32.385602 ], [ -89.479944, 32.382406 ], [ -89.508899, 32.382835 ], [ -89.514201, 32.382796 ], [ -89.514226, 32.365817 ], [ -89.521582, 32.366512 ], [ -89.521595, 32.365895 ] ] ] } },
{ "type": "Feature", "properties": { "GEOID": "2862600", "NAME": "Ripley city, Mississippi", "population": 5377.0 }, "geometry": { "type": "Polygon", "coordinates": [ [ [ -88.99384, 34.728727 ], [ -88.99359, 34.721511 ], [ -88.990771, 34.721518 ], [ -88.991194, 34.718481 ], [ -88.973915, 34.71755 ], [ -88.965635, 34.717408 ], [ -88.965549, 34.717692 ], [ -88.965775, 34.720237 ], [ -88.965264, 34.720229 ], [ -88.963093, 34.719376 ], [ -88.956713, 34.71931 ], [ -88.956842, 34.717982 ], [ -88.957024, 34.713988 ], [ -88.953061, 34.714098 ], [ -88.953037, 34.710617 ], [ -88.962147, 34.710538 ], [ -88.962144, 34.707272 ], [ -88.947965, 34.706623 ], [ -88.943822, 34.706853 ], [ -88.943841, 34.713426 ], [ -88.916079, 34.713705 ], [ -88.912335, 34.713089 ], [ -88.912495, 34.7115 ], [ -88.903445, 34.711501 ], [ -88.903532, 34.713384 ], [ -88.903273, 34.722243 ], [ -88.907416, 34.72231 ], [ -88.907861, 34.72772 ], [ -88.907857, 34.734985 ], [ -88.907875, 34.742628 ], [ -88.915378, 34.742653 ], [ -88.915432, 34.749746 ], [ -88.930903, 34.750019 ], [ -88.931061, 34.758124 ], [ -88.930903, 34.76028 ], [ -88.938851, 34.760404 ], [ -88.947953, 34.760426 ], [ -88.947982, 34.757092 ], [ -88.957456, 34.757127 ], [ -88.957125, 34.749967 ], [ -88.970586, 34.750293 ], [ -88.971454, 34.745429 ], [ -88.97151, 34.743317 ], [ -88.971513, 34.742637 ], [ -88.971241, 34.74069 ], [ -88.971513, 34.735914 ], [ -88.982033, 34.736314 ], [ -88.98195, 34.731528 ], [ -88.983244, 34.731518 ], [ -88.99384, 34.731419 ], [ -88.99384, 34.728727 ] ] ] } },
{ "type": "Feature", "properties": { "GEOID": "2864840", "NAME": "Saltillo city, Mississippi", "population": 5060.0 }, "geometry": { "type": "Polygon", "coordinates": [ [ [ -88.737478, 34.376735 ], [ -88.737997, 34.372625 ], [ -88.736763, 34.370757 ], [ -88.73281, 34.36711 ], [ -88.728906, 34.364559 ], [ -88.726381, 34.364661 ], [ -88.726292, 34.364689 ], [ -88.72631, 34.371874 ], [ -88.718644, 34.371738 ], [ -88.718652, 34.371519 ], [ -88.718599, 34.369983 ], [ -88.719941, 34.368219 ], [ -88.72136, 34.367015 ], [ -88.722547, 34.366113 ], [ -88.721217, 34.364283 ], [ -88.719301, 34.363427 ], [ -88.715263, 34.359372 ], [ -88.713114, 34.355455 ], [ -88.710628, 34.355439 ], [ -88.710682, 34.350054 ], [ -88.710409, 34.348898 ], [ -88.70562, 34.349197 ], [ -88.705842, 34.346797 ], [ -88.706117, 34.341257 ], [ -88.705197, 34.340767 ], [ -88.705378, 34.33739 ], [ -88.701653, 34.337484 ], [ -88.700996, 34.337501 ], [ -88.694352, 34.337591 ], [ -88.693408, 34.337568 ], [ -88.690857, 34.337589 ], [ -88.689806, 34.337545 ], [ -88.683699, 34.337362 ], [ -88.683866, 34.346554 ], [ -88.684021, 34.350006 ], [ -88.68898, 34.350101 ], [ -88.691458, 34.350407 ], [ -88.691517, 34.349816 ], [ -88.695599, 34.346628 ], [ -88.696688, 34.345857 ], [ -88.697137, 34.345416 ], [ -88.697365, 34.344945 ], [ -88.698035, 34.344943 ], [ -88.697959, 34.346666 ], [ -88.69808, 34.350305 ], [ -88.701255, 34.35033 ], [ -88.704617, 34.350373 ], [ -88.704511, 34.352263 ], [ -88.701319, 34.352308 ], [ -88.697105, 34.352353 ], [ -88.697276, 34.352934 ], [ -88.700935, 34.357039 ], [ -88.699892, 34.357362 ], [ -88.700302, 34.360307 ], [ -88.701336, 34.360349 ], [ -88.701936, 34.360376 ], [ -88.701934, 34.360943 ], [ -88.703185, 34.360965 ], [ -88.703185, 34.361314 ], [ -88.702743, 34.361205 ], [ -88.702627, 34.362393 ], [ -88.701357, 34.361967 ], [ -88.701376, 34.36336 ], [ -88.700483, 34.363366 ], [ -88.700537, 34.366655 ], [ -88.699694, 34.369283 ], [ -88.69824, 34.371682 ], [ -88.696512, 34.371774 ], [ -88.695121, 34.367972 ], [ -88.693905, 34.363032 ], [ -88.693719, 34.352368 ], [ -88.687344, 34.352573 ], [ -88.68656, 34.353521 ], [ -88.68539, 34.357678 ], [ -88.684415, 34.35775 ], [ -88.683748, 34.357745 ], [ -88.683697, 34.360891 ], [ -88.683649, 34.361777 ], [ -88.683554, 34.364035 ], [ -88.678781, 34.362012 ], [ -88.677683, 34.363807 ], [ -88.677225, 34.364988 ], [ -88.675928, 34.364974 ], [ -88.675045, 34.366296 ], [ -88.6762, 34.367781 ], [ -88.674572, 34.367718 ], [ -88.675954, 34.36916 ], [ -88.676222, 34.370708 ], [ -88.675155, 34.374998 ], [ -88.666978, 34.374724 ], [ -88.666071, 34.376073 ], [ -88.666171, 34.381713 ], [ -88.664021, 34.381776 ], [ -88.663633, 34.383286 ], [ -88.663633, 34.385378 ], [ -88.664831, 34.385731 ], [ -88.666244, 34.385683 ], [ -88.667362, 34.383644 ], [ -88.672633, 34.381922 ], [ -88.674022, 34.380837 ], [ -88.674479, 34.378961 ], [ -88.678775, 34.378967 ], [ -88.676777, 34.385509 ], [ -88.676591, 34.386899 ], [ -88.677122, 34.38667 ], [ -88.681479, 34.386996 ], [ -88.683173, 34.388414 ], [ -88.682432, 34.392032 ], [ -88.683616, 34.393624 ], [ -88.675631, 34.393637 ], [ -88.6769, 34.387424 ], [ -88.676329, 34.387261 ], [ -88.674881, 34.388401 ], [ -88.674845, 34.393639 ], [ -88.674872, 34.394285 ], [ -88.674784, 34.411783 ], [ -88.679486, 34.411839 ], [ -88.682028, 34.411769 ], [ -88.683631, 34.411724 ], [ -88.683633, 34.412787 ], [ -88.688661, 34.412605 ], [ -88.687923, 34.410183 ], [ -88.688267, 34.404538 ], [ -88.695624, 34.404288 ], [ -88.691302, 34.415674 ], [ -88.690313, 34.416943 ], [ -88.689589, 34.418229 ], [ -88.691705, 34.419145 ], [ -88.691347, 34.421808 ], [ -88.698749, 34.421669 ], [ -88.698511, 34.420232 ], [ -88.701384, 34.420199 ], [ -88.701265, 34.402608 ], [ -88.703614, 34.402581 ], [ -88.705501, 34.406522 ], [ -88.709944, 34.406535 ], [ -88.709908, 34.404509 ], [ -88.718172, 34.404711 ], [ -88.718841, 34.405168 ], [ -88.718788, 34.393512 ], [ -88.715915, 34.393509 ], [ -88.714953, 34.392204 ], [ -88.709067, 34.392308 ], [ -88.710619, 34.395605 ], [ -88.712212, 34.400895 ], [ -88.709845, 34.40092 ], [ -88.709845, 34.400597 ], [ -88.705147, 34.400643 ], [ -88.705142, 34.398127 ], [ -88.701465, 34.39814 ], [ -88.70141, 34.397032 ], [ -88.702981, 34.39538 ], [ -88.703567, 34.392689 ], [ -88.703171, 34.391357 ], [ -88.703465, 34.387895 ], [ -88.702756, 34.38358 ], [ -88.70315, 34.381721 ], [ -88.701156, 34.379639 ], [ -88.709754, 34.375732 ], [ -88.712039, 34.378492 ], [ -88.712247, 34.381222 ], [ -88.713285, 34.381133 ], [ -88.714057, 34.380243 ], [ -88.714099, 34.375742 ], [ -88.710364, 34.373448 ], [ -88.710126, 34.372021 ], [ -88.716856, 34.371934 ], [ -88.718251, 34.373901 ], [ -88.722947, 34.37394 ], [ -88.722947, 34.375092 ], [ -88.720437, 34.375031 ], [ -88.720553, 34.379143 ], [ -88.733033, 34.379014 ], [ -88.73308, 34.381716 ], [ -88.74009, 34.381788 ], [ -88.737478, 34.376735 ] ] ] } },
{ "type": "Feature", "properties": { "GEOID": "2811780", "NAME": "Carthage city, Mississippi", "population": 4864.0 }, "geometry": { "type": "Polygon", "coordinates": [ [ [ -89.558169, 32.716596 ], [ -89.53451, 32.716783 ], [ -89.530483, 32.716804 ], [ -89.515746, 32.716756 ], [ -89.51574, 32.731174 ], [ -89.506962, 32.731174 ], [ -89.506975, 32.738426 ], [ -89.506992, 32.741714 ], [ -89.506972, 32.748531 ], [ -89.506957, 32.753791 ], [ -89.513353, 32.753857 ], [ -89.515467, 32.753895 ], [ -89.515527, 32.760108 ], [ -89.515618, 32.760868 ], [ -89.519887, 32.760941 ], [ -89.519858, 32.766964 ], [ -89.519785, 32.768227 ], [ -89.519766, 32.768879 ], [ -89.519656, 32.769505 ], [ -89.519079, 32.771608 ], [ -89.52152, 32.773219 ], [ -89.523401, 32.776112 ], [ -89.525121, 32.774961 ], [ -89.536058, 32.774901 ], [ -89.541093, 32.774854 ], [ -89.554729, 32.774825 ], [ -89.556905, 32.773747 ], [ -89.557751, 32.77457 ], [ -89.557725, 32.771562 ], [ -89.555622, 32.77176 ], [ -89.555597, 32.768053 ], [ -89.549216, 32.768087 ], [ -89.543322, 32.768104 ], [ -89.542762, 32.768089 ], [ -89.540962, 32.76809 ], [ -89.540396, 32.768093 ], [ -89.536466, 32.768108 ], [ -89.536375, 32.766852 ], [ -89.536416, 32.765848 ], [ -89.536283, 32.763472 ], [ -89.536435, 32.760821 ], [ -89.539639, 32.760811 ], [ -89.54189, 32.760804 ], [ -89.543638, 32.760799 ], [ -89.54357, 32.757697 ], [ -89.544948, 32.757664 ], [ -89.545013, 32.753505 ], [ -89.546389, 32.753508 ], [ -89.548644, 32.753501 ], [ -89.549287, 32.753501 ], [ -89.555949, 32.753499 ], [ -89.55804, 32.753485 ], [ -89.557954, 32.742414 ], [ -89.557909, 32.73877 ], [ -89.5577, 32.724402 ], [ -89.558169, 32.716596 ] ] ] } },
{ "type": "Feature", "properties": { "GEOID": "2824980", "NAME": "Florence city, Mississippi", "population": 4816.0 }, "geometry": { "type": "Polygon", "coordinates": [ [ [ -90.164349, 32.175644 ], [ -90.164305, 32.173749 ], [ -90.157268, 32.173747 ], [ -90.15721, 32.169538 ], [ -90.158298, 32.169525 ], [ -90.158313, 32.166741 ], [ -90.158303, 32.161986 ], [ -90.151613, 32.161986 ], [ -90.151219, 32.161482 ], [ -90.150137, 32.160807 ], [ -90.145197, 32.158901 ], [ -90.139945, 32.156532 ], [ -90.140324, 32.151852 ], [ -90.141309, 32.151774 ], [ -90.141439, 32.14801 ], [ -90.145361, 32.148011 ], [ -90.145364, 32.144304 ], [ -90.144052, 32.142659 ], [ -90.140604, 32.144515 ], [ -90.140893, 32.137353 ], [ -90.129853, 32.136975 ], [ -90.127959, 32.137125 ], [ -90.121132, 32.130939 ], [ -90.115403, 32.131006 ], [ -90.115614, 32.136309 ], [ -90.111073, 32.136364 ], [ -90.111246, 32.139264 ], [ -90.107398, 32.139261 ], [ -90.107298, 32.136338 ], [ -90.092794, 32.136297 ], [ -90.087491, 32.132229 ], [ -90.086599, 32.132265 ], [ -90.081026, 32.132269 ], [ -90.080148, 32.14019 ], [ -90.087707, 32.140191 ], [ -90.089182, 32.141472 ], [ -90.091917, 32.141477 ], [ -90.093231, 32.142871 ], [ -90.096294, 32.142933 ], [ -90.096331, 32.142965 ], [ -90.09629, 32.143109 ], [ -90.096289, 32.143253 ], [ -90.096377, 32.143316 ], [ -90.096483, 32.143303 ], [ -90.096645, 32.143207 ], [ -90.096783, 32.143076 ], [ -90.096851, 32.142799 ], [ -90.097855, 32.143698 ], [ -90.098535, 32.143624 ], [ -90.098729, 32.147883 ], [ -90.099446, 32.147883 ], [ -90.099438, 32.151245 ], [ -90.098626, 32.151002 ], [ -90.09862, 32.151178 ], [ -90.09856, 32.155452 ], [ -90.094177, 32.155459 ], [ -90.094271, 32.159002 ], [ -90.096358, 32.159017 ], [ -90.096367, 32.166252 ], [ -90.102008, 32.166266 ], [ -90.099869, 32.16785 ], [ -90.098221, 32.16945 ], [ -90.097056, 32.169898 ], [ -90.089464, 32.169957 ], [ -90.08874, 32.17015 ], [ -90.087785, 32.170989 ], [ -90.087783, 32.171122 ], [ -90.087462, 32.17368 ], [ -90.087333, 32.17368 ], [ -90.087347, 32.175049 ], [ -90.090167, 32.180159 ], [ -90.089431, 32.181714 ], [ -90.084911, 32.183927 ], [ -90.081002, 32.184916 ], [ -90.081009, 32.185012 ], [ -90.081257, 32.185011 ], [ -90.084993, 32.184121 ], [ -90.087885, 32.183052 ], [ -90.091756, 32.181061 ], [ -90.092822, 32.180879 ], [ -90.095934, 32.178795 ], [ -90.098624, 32.177865 ], [ -90.100284, 32.176482 ], [ -90.100702, 32.175252 ], [ -90.10263, 32.173513 ], [ -90.10799, 32.17114 ], [ -90.109957, 32.169377 ], [ -90.112652, 32.166134 ], [ -90.117373, 32.166045 ], [ -90.119285, 32.166076 ], [ -90.119182, 32.170671 ], [ -90.122366, 32.170631 ], [ -90.122359, 32.173588 ], [ -90.129173, 32.173603 ], [ -90.129027, 32.177403 ], [ -90.132921, 32.177404 ], [ -90.133014, 32.179742 ], [ -90.134001, 32.179768 ], [ -90.133764, 32.181117 ], [ -90.13427, 32.182743 ], [ -90.130675, 32.182833 ], [ -90.130392, 32.188225 ], [ -90.137709, 32.18813 ], [ -90.138452, 32.187983 ], [ -90.141493, 32.189111 ], [ -90.13883, 32.181036 ], [ -90.141129, 32.180177 ], [ -90.136971, 32.166043 ], [ -90.140678, 32.166131 ], [ -90.14081, 32.168945 ], [ -90.147246, 32.169172 ], [ -90.147326, 32.173609 ], [ -90.154657, 32.173781 ], [ -90.154721, 32.175168 ], [ -90.157268, 32.175248 ], [ -90.15728, 32.178167 ], [ -90.164316, 32.178207 ], [ -90.164349, 32.175644 ] ], [ [ -90.107987, 32.170872 ], [ -90.102211, 32.173467 ], [ -90.098318, 32.177853 ], [ -90.09554, 32.178807 ], [ -90.092662, 32.180725 ], [ -90.091744, 32.180772 ], [ -90.089837, 32.181496 ], [ -90.09042, 32.180161 ], [ -90.090108, 32.179116 ], [ -90.087498, 32.174548 ], [ -90.088248, 32.170747 ], [ -90.089464, 32.170163 ], [ -90.097126, 32.170092 ], [ -90.098333, 32.169633 ], [ -90.099249, 32.168758 ], [ -90.102985, 32.165897 ], [ -90.102645, 32.169685 ], [ -90.109213, 32.169878 ], [ -90.107987, 32.170872 ] ] ] } },
{ "type": "Feature", "properties": { "GEOID": "2800180", "NAME": "Aberdeen city, Mississippi", "population": 4799.0 }, "geometry": { "type": "Polygon", "coordinates": [ [ [ -88.600169, 33.854416 ], [ -88.595686, 33.854537 ], [ -88.595435, 33.848551 ], [ -88.595816, 33.84305 ], [ -88.59784, 33.843062 ], [ -88.597533, 33.840957 ], [ -88.594265, 33.840952 ], [ -88.594268, 33.840125 ], [ -88.594262, 33.837223 ], [ -88.594831, 33.837225 ], [ -88.594886, 33.833507 ], [ -88.594146, 33.833107 ], [ -88.594446, 33.825614 ], [ -88.589328, 33.825559 ], [ -88.587834, 33.825542 ], [ -88.58788, 33.822665 ], [ -88.584308, 33.817309 ], [ -88.582234, 33.815669 ], [ -88.579552, 33.815124 ], [ -88.575193, 33.813289 ], [ -88.574149, 33.813255 ], [ -88.574162, 33.811997 ], [ -88.567776, 33.811944 ], [ -88.564537, 33.811948 ], [ -88.561726, 33.811954 ], [ -88.561577, 33.808994 ], [ -88.561079, 33.808213 ], [ -88.557029, 33.808208 ], [ -88.557052, 33.804708 ], [ -88.556549, 33.804328 ], [ -88.552709, 33.804152 ], [ -88.552759, 33.802143 ], [ -88.552865, 33.801786 ], [ -88.552834, 33.799106 ], [ -88.552881, 33.796962 ], [ -88.550433, 33.796971 ], [ -88.549846, 33.797 ], [ -88.54263, 33.803494 ], [ -88.538111, 33.807895 ], [ -88.537425, 33.810414 ], [ -88.537552, 33.811469 ], [ -88.522606, 33.811478 ], [ -88.522723, 33.805325 ], [ -88.518623, 33.804087 ], [ -88.512316, 33.800069 ], [ -88.509753, 33.799726 ], [ -88.506481, 33.800263 ], [ -88.511213, 33.806235 ], [ -88.511554, 33.806883 ], [ -88.513066, 33.810356 ], [ -88.513277, 33.81151 ], [ -88.51429, 33.814097 ], [ -88.515659, 33.816738 ], [ -88.509252, 33.818016 ], [ -88.505556, 33.81788 ], [ -88.496899, 33.815567 ], [ -88.494482, 33.815446 ], [ -88.494431, 33.816883 ], [ -88.497601, 33.818192 ], [ -88.510136, 33.820369 ], [ -88.511924, 33.819232 ], [ -88.516326, 33.818782 ], [ -88.516643, 33.820829 ], [ -88.516803, 33.821413 ], [ -88.515051, 33.821622 ], [ -88.516655, 33.823169 ], [ -88.516676, 33.824632 ], [ -88.515209, 33.827344 ], [ -88.513633, 33.828692 ], [ -88.509661, 33.830637 ], [ -88.508671, 33.832479 ], [ -88.508315, 33.837378 ], [ -88.507823, 33.839282 ], [ -88.506966, 33.840234 ], [ -88.508044, 33.843281 ], [ -88.509219, 33.841758 ], [ -88.508542, 33.841202 ], [ -88.52225, 33.841485 ], [ -88.522438, 33.839578 ], [ -88.525821, 33.841466 ], [ -88.525729, 33.842392 ], [ -88.543082, 33.842667 ], [ -88.541112, 33.839385 ], [ -88.542739, 33.838777 ], [ -88.543539, 33.836849 ], [ -88.544396, 33.837125 ], [ -88.545246, 33.834565 ], [ -88.547162, 33.834244 ], [ -88.548512, 33.834928 ], [ -88.549303, 33.837531 ], [ -88.551717, 33.838453 ], [ -88.551919, 33.840709 ], [ -88.551168, 33.842386 ], [ -88.552725, 33.843823 ], [ -88.555518, 33.842718 ], [ -88.556243, 33.843157 ], [ -88.556073, 33.845996 ], [ -88.558032, 33.848332 ], [ -88.559669, 33.847754 ], [ -88.560377, 33.845701 ], [ -88.562092, 33.845926 ], [ -88.564, 33.848813 ], [ -88.563838, 33.850173 ], [ -88.565036, 33.851957 ], [ -88.569298, 33.850376 ], [ -88.571669, 33.850844 ], [ -88.570906, 33.852282 ], [ -88.568781, 33.853777 ], [ -88.56892, 33.854634 ], [ -88.570915, 33.853935 ], [ -88.571584, 33.854525 ], [ -88.578694, 33.854529 ], [ -88.586855, 33.854589 ], [ -88.586947, 33.857 ], [ -88.586972, 33.859933 ], [ -88.59547, 33.859929 ], [ -88.595615, 33.859929 ], [ -88.59611, 33.858773 ], [ -88.597558, 33.859077 ], [ -88.598902, 33.860005 ], [ -88.600185, 33.859928 ], [ -88.600169, 33.854416 ] ], [ [ -88.569155, 33.814546 ], [ -88.565741, 33.814574 ], [ -88.565776, 33.81375 ], [ -88.565805, 33.812836 ], [ -88.566335, 33.813227 ], [ -88.566779, 33.813506 ], [ -88.569157, 33.81372 ], [ -88.569155, 33.814546 ] ] ] } },
{ "type": "Feature", "properties": { "GEOID": "2826300", "NAME": "Fulton city, Mississippi", "population": 4640.0 }, "geometry": { "type": "Polygon", "coordinates": [ [ [ -88.424737, 34.255868 ], [ -88.423453, 34.255659 ], [ -88.422355, 34.250613 ], [ -88.420864, 34.247083 ], [ -88.418417, 34.243345 ], [ -88.414966, 34.240864 ], [ -88.412274, 34.242677 ], [ -88.411648, 34.241954 ], [ -88.414709, 34.239904 ], [ -88.412652, 34.23752 ], [ -88.404387, 34.229405 ], [ -88.399881, 34.229214 ], [ -88.386185, 34.22908 ], [ -88.385743, 34.235988 ], [ -88.385569, 34.249627 ], [ -88.38383, 34.249624 ], [ -88.383688, 34.253419 ], [ -88.379603, 34.253484 ], [ -88.379546, 34.254817 ], [ -88.379256, 34.261662 ], [ -88.379402, 34.275107 ], [ -88.373393, 34.276748 ], [ -88.372179, 34.276954 ], [ -88.372205, 34.278669 ], [ -88.371112, 34.278641 ], [ -88.36928, 34.27838 ], [ -88.368433, 34.279905 ], [ -88.369532, 34.281478 ], [ -88.37126, 34.281487 ], [ -88.371452, 34.285628 ], [ -88.372654, 34.286432 ], [ -88.37336, 34.281477 ], [ -88.374298, 34.281643 ], [ -88.374191, 34.280689 ], [ -88.374194, 34.279737 ], [ -88.390475, 34.274283 ], [ -88.39032, 34.288957 ], [ -88.390501, 34.288907 ], [ -88.39347, 34.288413 ], [ -88.400059, 34.286846 ], [ -88.400383, 34.286764 ], [ -88.404396, 34.285135 ], [ -88.40553, 34.284484 ], [ -88.407159, 34.283347 ], [ -88.408943, 34.286833 ], [ -88.414102, 34.286742 ], [ -88.412771, 34.288836 ], [ -88.412974, 34.291009 ], [ -88.413979, 34.291914 ], [ -88.412436, 34.29219 ], [ -88.41223, 34.294785 ], [ -88.413268, 34.295372 ], [ -88.413995, 34.297843 ], [ -88.415159, 34.298353 ], [ -88.418928, 34.297929 ], [ -88.419105, 34.296321 ], [ -88.42133, 34.296166 ], [ -88.421526, 34.279063 ], [ -88.421541, 34.277585 ], [ -88.423907, 34.276161 ], [ -88.425433, 34.273506 ], [ -88.425192, 34.270313 ], [ -88.42279, 34.258835 ], [ -88.425498, 34.257709 ], [ -88.424737, 34.255868 ] ] ] } },
{ "type": "Feature", "properties": { "GEOID": "2817060", "NAME": "Crystal Springs city, Mississippi", "population": 4629.0 }, "geometry": { "type": "Polygon", "coordinates": [ [ [ -90.37322, 31.987518 ], [ -90.367626, 31.987542 ], [ -90.367346, 31.973392 ], [ -90.366047, 31.973381 ], [ -90.36101, 31.97327 ], [ -90.36157, 31.97179 ], [ -90.36246, 31.97029 ], [ -90.36305, 31.96973 ], [ -90.36309, 31.96928 ], [ -90.36589, 31.96525 ], [ -90.365953, 31.962179 ], [ -90.34804, 31.962102 ], [ -90.34791, 31.96361 ], [ -90.34819, 31.97305 ], [ -90.348045, 31.976735 ], [ -90.346231, 31.975939 ], [ -90.341685, 31.975993 ], [ -90.341487, 31.976661 ], [ -90.339271, 31.976681 ], [ -90.339353, 31.980403 ], [ -90.337761, 31.98031 ], [ -90.33725, 31.987771 ], [ -90.336976, 31.990881 ], [ -90.337812, 31.99806 ], [ -90.337989, 32.00262 ], [ -90.337994, 32.00342 ], [ -90.338022, 32.007856 ], [ -90.34534, 32.00775 ], [ -90.34564, 32.00707 ], [ -90.347213, 32.007796 ], [ -90.343962, 32.013903 ], [ -90.353108, 32.014014 ], [ -90.350585, 32.018787 ], [ -90.359501, 32.018728 ], [ -90.36019, 32.01762 ], [ -90.36046, 32.01456 ], [ -90.36059, 32.01411 ], [ -90.36333, 32.01188 ], [ -90.36601, 32.005806 ], [ -90.37066, 31.99387 ], [ -90.37322, 31.987518 ] ] ] } },
{ "type": "Feature", "properties": { "GEOID": "2878360", "NAME": "Waynesboro city, Mississippi", "population": 4495.0 }, "geometry": { "type": "Polygon", "coordinates": [ [ [ -88.663506, 31.674436 ], [ -88.663782, 31.65988 ], [ -88.661394, 31.659915 ], [ -88.655276, 31.659999 ], [ -88.655279, 31.652963 ], [ -88.646942, 31.65284 ], [ -88.646926, 31.645767 ], [ -88.646906, 31.644033 ], [ -88.638545, 31.643949 ], [ -88.638628, 31.637289 ], [ -88.627832, 31.637245 ], [ -88.627463, 31.637291 ], [ -88.626286, 31.637783 ], [ -88.624711, 31.637197 ], [ -88.619042, 31.637141 ], [ -88.618867, 31.652679 ], [ -88.616524, 31.652717 ], [ -88.616418, 31.664473 ], [ -88.611201, 31.664453 ], [ -88.611204, 31.672152 ], [ -88.605364, 31.672208 ], [ -88.605308, 31.681837 ], [ -88.605349, 31.686459 ], [ -88.617495, 31.686855 ], [ -88.619497, 31.686888 ], [ -88.618913, 31.697885 ], [ -88.618764, 31.70499 ], [ -88.613148, 31.704952 ], [ -88.612943, 31.712903 ], [ -88.612709, 31.714877 ], [ -88.637095, 31.715014 ], [ -88.637095, 31.70951 ], [ -88.644451, 31.709567 ], [ -88.655245, 31.709826 ], [ -88.655293, 31.695823 ], [ -88.655216, 31.691243 ], [ -88.655865, 31.689248 ], [ -88.659643, 31.689222 ], [ -88.660686, 31.689218 ], [ -88.663817, 31.689199 ], [ -88.663506, 31.674436 ] ] ] } },
{ "type": "Feature", "properties": { "GEOID": "2822020", "NAME": "Ellisville city, Mississippi", "population": 4473.0 }, "geometry": { "type": "Polygon", "coordinates": [ [ [ -89.247424, 31.564877 ], [ -89.240375, 31.565068 ], [ -89.234907, 31.564879 ], [ -89.236597, 31.562628 ], [ -89.240371, 31.555334 ], [ -89.240465, 31.553715 ], [ -89.231096, 31.553798 ], [ -89.231055, 31.558027 ], [ -89.223095, 31.557986 ], [ -89.223095, 31.561302 ], [ -89.218819, 31.56119 ], [ -89.21878, 31.564826 ], [ -89.223264, 31.5648 ], [ -89.223074, 31.572549 ], [ -89.214577, 31.572212 ], [ -89.214522, 31.579513 ], [ -89.20608, 31.579443 ], [ -89.206087, 31.58286 ], [ -89.202059, 31.582555 ], [ -89.198635, 31.582611 ], [ -89.197652, 31.583434 ], [ -89.197681, 31.586768 ], [ -89.193387, 31.586746 ], [ -89.193354, 31.590272 ], [ -89.191327, 31.590291 ], [ -89.191314, 31.59395 ], [ -89.18281, 31.59396 ], [ -89.183193, 31.593164 ], [ -89.183333, 31.592162 ], [ -89.18071, 31.592162 ], [ -89.180718, 31.593991 ], [ -89.180799, 31.607322 ], [ -89.183184, 31.607305 ], [ -89.182812, 31.60958 ], [ -89.181465, 31.609494 ], [ -89.180889, 31.611909 ], [ -89.179347, 31.614492 ], [ -89.177361, 31.614609 ], [ -89.177387, 31.616009 ], [ -89.174523, 31.61723 ], [ -89.174526, 31.619518 ], [ -89.175457, 31.62042 ], [ -89.173905, 31.621503 ], [ -89.174162, 31.623856 ], [ -89.172256, 31.625185 ], [ -89.172439, 31.627948 ], [ -89.170281, 31.628043 ], [ -89.170393, 31.629088 ], [ -89.169192, 31.629604 ], [ -89.169337, 31.630449 ], [ -89.166614, 31.631268 ], [ -89.166076, 31.632585 ], [ -89.16623, 31.634723 ], [ -89.17101, 31.634784 ], [ -89.172982, 31.634782 ], [ -89.17366, 31.634801 ], [ -89.17875, 31.63489 ], [ -89.180164, 31.633998 ], [ -89.180877, 31.635561 ], [ -89.180869, 31.633552 ], [ -89.189591, 31.628046 ], [ -89.190994, 31.627177 ], [ -89.196137, 31.623995 ], [ -89.19993, 31.62388 ], [ -89.214654, 31.623599 ], [ -89.214748, 31.616564 ], [ -89.22329, 31.6164 ], [ -89.223233, 31.610844 ], [ -89.222965, 31.601586 ], [ -89.222893, 31.599074 ], [ -89.218958, 31.602179 ], [ -89.218187, 31.601933 ], [ -89.220821, 31.599695 ], [ -89.231573, 31.592305 ], [ -89.234998, 31.589595 ], [ -89.23727, 31.58648 ], [ -89.238254, 31.586586 ], [ -89.240761, 31.586865 ], [ -89.241554, 31.584241 ], [ -89.240515, 31.585269 ], [ -89.239883, 31.585591 ], [ -89.238749, 31.585904 ], [ -89.239626, 31.583722 ], [ -89.24768, 31.572563 ], [ -89.247424, 31.564877 ] ] ] } },
{ "type": "Feature", "properties": { "GEOID": "2880160", "NAME": "Wiggins city, Mississippi", "population": 4316.0 }, "geometry": { "type": "Polygon", "coordinates": [ [ [ -89.16542, 30.86742 ], [ -89.163931, 30.863724 ], [ -89.164185, 30.85899 ], [ -89.164211, 30.853128 ], [ -89.164234, 30.85179 ], [ -89.164235, 30.844277 ], [ -89.155068, 30.844156 ], [ -89.155102, 30.838049 ], [ -89.151187, 30.838039 ], [ -89.151223, 30.835226 ], [ -89.150546, 30.822665 ], [ -89.150589, 30.819661 ], [ -89.13659, 30.819285 ], [ -89.131889, 30.819273 ], [ -89.131895, 30.819417 ], [ -89.129944, 30.826001 ], [ -89.127111, 30.826171 ], [ -89.120988, 30.82622 ], [ -89.12101, 30.83742 ], [ -89.1211, 30.841421 ], [ -89.109124, 30.841431 ], [ -89.109024, 30.844395 ], [ -89.11033, 30.84447 ], [ -89.112791, 30.845 ], [ -89.112895, 30.848924 ], [ -89.11312, 30.85907 ], [ -89.113182, 30.861878 ], [ -89.1107, 30.861858 ], [ -89.110551, 30.865726 ], [ -89.112627, 30.865719 ], [ -89.112623, 30.878211 ], [ -89.11493, 30.87842 ], [ -89.11715, 30.8777 ], [ -89.11692, 30.879317 ], [ -89.119074, 30.879409 ], [ -89.119074, 30.881709 ], [ -89.139152, 30.881849 ], [ -89.13931, 30.882017 ], [ -89.139269, 30.883585 ], [ -89.139104, 30.88514 ], [ -89.142266, 30.885181 ], [ -89.143109, 30.885133 ], [ -89.149168, 30.885132 ], [ -89.154744, 30.885301 ], [ -89.162563, 30.885093 ], [ -89.164568, 30.885062 ], [ -89.16442, 30.88307 ], [ -89.16412, 30.879 ], [ -89.16555, 30.86951 ], [ -89.16542, 30.86742 ] ] ] } },
{ "type": "Feature", "properties": { "GEOID": "2844600", "NAME": "Magee city, Mississippi", "population": 3904.0 }, "geometry": { "type": "Polygon", "coordinates": [ [ [ -89.79382, 31.9113 ], [ -89.791262, 31.909965 ], [ -89.768066, 31.89633 ], [ -89.765263, 31.894441 ], [ -89.764837, 31.889868 ], [ -89.763278, 31.889202 ], [ -89.764015, 31.884086 ], [ -89.766472, 31.884379 ], [ -89.764058, 31.883343 ], [ -89.764228, 31.881388 ], [ -89.764148, 31.880611 ], [ -89.763699, 31.879329 ], [ -89.763314, 31.878501 ], [ -89.762578, 31.877352 ], [ -89.761905, 31.876634 ], [ -89.76314, 31.87629 ], [ -89.76945, 31.87666 ], [ -89.769399, 31.873774 ], [ -89.767716, 31.874322 ], [ -89.762593, 31.874555 ], [ -89.760229, 31.87203 ], [ -89.762244, 31.872982 ], [ -89.761757, 31.870664 ], [ -89.759648, 31.871763 ], [ -89.752747, 31.86935 ], [ -89.750469, 31.869421 ], [ -89.747301, 31.865622 ], [ -89.74461, 31.864377 ], [ -89.741936, 31.864657 ], [ -89.74139, 31.85647 ], [ -89.737619, 31.856473 ], [ -89.738216, 31.864602 ], [ -89.736884, 31.86283 ], [ -89.735867, 31.862347 ], [ -89.733845, 31.861384 ], [ -89.732225, 31.860593 ], [ -89.727068, 31.858627 ], [ -89.726394, 31.85837 ], [ -89.726408, 31.858284 ], [ -89.726715, 31.856469 ], [ -89.727337, 31.85498 ], [ -89.727341, 31.853389 ], [ -89.722947, 31.852447 ], [ -89.723065, 31.849667 ], [ -89.719191, 31.849794 ], [ -89.718038, 31.846801 ], [ -89.714576, 31.842062 ], [ -89.7129, 31.842195 ], [ -89.712531, 31.844256 ], [ -89.712664, 31.847499 ], [ -89.712467, 31.858675 ], [ -89.714946, 31.85866 ], [ -89.714277, 31.85998 ], [ -89.714923, 31.862796 ], [ -89.717251, 31.864618 ], [ -89.716882, 31.873582 ], [ -89.716121, 31.873573 ], [ -89.714986, 31.876851 ], [ -89.713547, 31.876846 ], [ -89.713487, 31.88054 ], [ -89.71306, 31.88054 ], [ -89.713798, 31.889183 ], [ -89.716302, 31.889363 ], [ -89.719558, 31.888687 ], [ -89.71966, 31.88796 ], [ -89.726653, 31.887921 ], [ -89.726804, 31.891199 ], [ -89.731213, 31.89125 ], [ -89.731159, 31.893156 ], [ -89.732824, 31.893144 ], [ -89.734702, 31.893142 ], [ -89.73468, 31.891363 ], [ -89.73491, 31.8901 ], [ -89.73471, 31.88953 ], [ -89.734761, 31.887909 ], [ -89.743815, 31.887923 ], [ -89.74384, 31.88323 ], [ -89.748147, 31.883191 ], [ -89.748206, 31.879524 ], [ -89.748234, 31.877989 ], [ -89.763752, 31.883421 ], [ -89.762825, 31.888934 ], [ -89.762439, 31.889282 ], [ -89.761551, 31.89137 ], [ -89.762343, 31.894888 ], [ -89.764249, 31.894801 ], [ -89.764713, 31.898588 ], [ -89.76543, 31.8988 ], [ -89.766744, 31.898899 ], [ -89.767822, 31.896817 ], [ -89.79092, 31.91044 ], [ -89.79374, 31.9114 ], [ -89.79382, 31.9113 ] ] ] } },
{ "type": "Feature", "properties": { "GEOID": "2880760", "NAME": "Winona city, Mississippi", "population": 3795.0 }, "geometry": { "type": "Polygon", "coordinates": [ [ [ -89.772384, 33.481575 ], [ -89.760312, 33.481465 ], [ -89.760957, 33.477709 ], [ -89.755181, 33.477709 ], [ -89.75561, 33.481365 ], [ -89.752535, 33.481312 ], [ -89.7505, 33.48127 ], [ -89.743471, 33.481262 ], [ -89.743482, 33.481146 ], [ -89.743511, 33.473745 ], [ -89.74218, 33.473807 ], [ -89.742165, 33.47014 ], [ -89.742187, 33.461727 ], [ -89.735999, 33.461974 ], [ -89.734643, 33.462024 ], [ -89.734042, 33.471241 ], [ -89.733308, 33.471266 ], [ -89.733235, 33.472602 ], [ -89.730148, 33.472359 ], [ -89.728545, 33.472022 ], [ -89.724909, 33.471761 ], [ -89.724969, 33.459176 ], [ -89.731051, 33.459235 ], [ -89.733832, 33.45928 ], [ -89.733368, 33.44555 ], [ -89.729116, 33.445613 ], [ -89.715732, 33.445755 ], [ -89.715681, 33.44111 ], [ -89.715672, 33.440204 ], [ -89.698297, 33.440775 ], [ -89.698212, 33.452501 ], [ -89.698183, 33.459453 ], [ -89.703537, 33.463759 ], [ -89.716316, 33.473974 ], [ -89.717527, 33.473901 ], [ -89.719489, 33.47393 ], [ -89.719652, 33.480952 ], [ -89.716505, 33.481073 ], [ -89.716525, 33.488556 ], [ -89.71402, 33.488564 ], [ -89.710381, 33.488505 ], [ -89.706859, 33.488266 ], [ -89.706859, 33.488151 ], [ -89.706755, 33.481325 ], [ -89.697798, 33.481252 ], [ -89.69787, 33.477501 ], [ -89.697891, 33.474045 ], [ -89.68406, 33.473943 ], [ -89.680578, 33.47395 ], [ -89.680578, 33.475292 ], [ -89.680589, 33.47641 ], [ -89.680621, 33.479485 ], [ -89.680638, 33.481149 ], [ -89.684986, 33.481206 ], [ -89.688877, 33.483672 ], [ -89.689183, 33.488788 ], [ -89.7002, 33.488973 ], [ -89.703174, 33.490358 ], [ -89.703052, 33.496039 ], [ -89.698108, 33.496152 ], [ -89.697898, 33.503074 ], [ -89.705919, 33.503093 ], [ -89.710083, 33.50314 ], [ -89.709945, 33.504822 ], [ -89.716371, 33.505024 ], [ -89.716533, 33.503216 ], [ -89.722621, 33.503297 ], [ -89.725886, 33.503366 ], [ -89.726333, 33.498222 ], [ -89.731847, 33.498651 ], [ -89.731854, 33.500562 ], [ -89.733933, 33.500563 ], [ -89.733979, 33.506811 ], [ -89.734295, 33.526552 ], [ -89.732095, 33.532121 ], [ -89.732864, 33.532111 ], [ -89.734434, 33.532096 ], [ -89.734158, 33.54015 ], [ -89.733573, 33.553395 ], [ -89.736847, 33.553504 ], [ -89.747466, 33.553514 ], [ -89.751085, 33.553369 ], [ -89.750921, 33.532182 ], [ -89.750746, 33.528784 ], [ -89.754992, 33.52871 ], [ -89.755088, 33.521441 ], [ -89.750495, 33.521625 ], [ -89.750479, 33.503271 ], [ -89.747466, 33.503234 ], [ -89.744386, 33.502271 ], [ -89.742014, 33.501478 ], [ -89.738762, 33.498339 ], [ -89.740584, 33.498894 ], [ -89.75062, 33.499122 ], [ -89.750986, 33.492925 ], [ -89.754792, 33.492923 ], [ -89.755306, 33.490801 ], [ -89.764334, 33.490581 ], [ -89.764221, 33.488373 ], [ -89.77231, 33.488173 ], [ -89.772337, 33.486483 ], [ -89.772384, 33.481575 ] ] ] } },
{ "type": "Feature", "properties": { "GEOID": "2839840", "NAME": "Leakesville town, Mississippi", "population": 3732.0 }, "geometry": { "type": "Polygon", "coordinates": [ [ [ -88.612372, 31.142674 ], [ -88.603914, 31.142627 ], [ -88.60396, 31.13554 ], [ -88.588345, 31.13551 ], [ -88.587147, 31.136093 ], [ -88.587178, 31.142626 ], [ -88.583113, 31.142622 ], [ -88.583053, 31.14449 ], [ -88.578647, 31.144471 ], [ -88.578625, 31.148385 ], [ -88.576948, 31.149002 ], [ -88.573086, 31.148881 ], [ -88.573083, 31.149618 ], [ -88.573083, 31.149873 ], [ -88.570053, 31.149896 ], [ -88.570055, 31.148207 ], [ -88.566031, 31.147473 ], [ -88.562503, 31.147881 ], [ -88.560795, 31.146708 ], [ -88.559187, 31.1461 ], [ -88.557813, 31.146673 ], [ -88.553601, 31.142634 ], [ -88.547204, 31.142436 ], [ -88.54882, 31.143586 ], [ -88.54923, 31.145734 ], [ -88.548463, 31.148668 ], [ -88.536413, 31.144942 ], [ -88.534773, 31.144421 ], [ -88.534899, 31.132556 ], [ -88.52638, 31.132491 ], [ -88.526339, 31.128817 ], [ -88.521287, 31.128826 ], [ -88.517964, 31.128831 ], [ -88.517988, 31.122008 ], [ -88.509446, 31.122021 ], [ -88.509346, 31.125689 ], [ -88.507836, 31.126362 ], [ -88.501174, 31.123745 ], [ -88.500889, 31.132786 ], [ -88.505252, 31.132708 ], [ -88.50524, 31.136401 ], [ -88.517833, 31.136031 ], [ -88.522101, 31.136084 ], [ -88.522028, 31.158298 ], [ -88.522585, 31.158296 ], [ -88.524474, 31.158289 ], [ -88.535004, 31.15826 ], [ -88.534879, 31.1508 ], [ -88.536829, 31.149662 ], [ -88.538722, 31.146947 ], [ -88.54766, 31.150281 ], [ -88.547843, 31.150342 ], [ -88.54671, 31.152371 ], [ -88.54608, 31.153276 ], [ -88.545338, 31.154113 ], [ -88.545112, 31.154653 ], [ -88.545041, 31.156348 ], [ -88.545711, 31.158113 ], [ -88.549027, 31.162356 ], [ -88.551444, 31.162468 ], [ -88.551886, 31.163373 ], [ -88.553208, 31.163301 ], [ -88.553339, 31.164468 ], [ -88.561725, 31.164665 ], [ -88.561703, 31.171874 ], [ -88.56988, 31.171842 ], [ -88.569947, 31.165887 ], [ -88.569963, 31.163822 ], [ -88.573011, 31.165001 ], [ -88.580386, 31.169719 ], [ -88.581887, 31.170435 ], [ -88.58368, 31.170812 ], [ -88.593361, 31.171096 ], [ -88.596387, 31.172283 ], [ -88.597553, 31.17412 ], [ -88.599124, 31.179094 ], [ -88.591098, 31.179092 ], [ -88.591172, 31.180894 ], [ -88.58897, 31.180944 ], [ -88.588968, 31.181736 ], [ -88.591206, 31.181725 ], [ -88.591245, 31.182673 ], [ -88.612175, 31.1828 ], [ -88.612252, 31.171901 ], [ -88.604107, 31.171756 ], [ -88.602165, 31.172527 ], [ -88.602366, 31.172645 ], [ -88.602437, 31.17462 ], [ -88.598441, 31.175806 ], [ -88.598251, 31.1754 ], [ -88.599283, 31.17468 ], [ -88.598979, 31.174217 ], [ -88.598047, 31.174528 ], [ -88.59739, 31.173116 ], [ -88.596681, 31.172193 ], [ -88.59622, 31.17184 ], [ -88.595589, 31.171484 ], [ -88.594099, 31.171049 ], [ -88.593381, 31.170958 ], [ -88.584209, 31.170688 ], [ -88.580981, 31.169869 ], [ -88.573042, 31.164773 ], [ -88.569996, 31.163581 ], [ -88.570059, 31.154845 ], [ -88.576221, 31.151927 ], [ -88.580364, 31.149978 ], [ -88.587089, 31.149951 ], [ -88.587134, 31.146235 ], [ -88.602771, 31.145063 ], [ -88.607386, 31.143465 ], [ -88.608368, 31.146246 ], [ -88.608516, 31.149129 ], [ -88.612341, 31.147389 ], [ -88.612372, 31.142674 ] ] ] } },
{ "type": "Feature", "properties": { "GEOID": "2849080", "NAME": "Morton city, Mississippi", "population": 3694.0 }, "geometry": { "type": "Polygon", "coordinates": [ [ [ -89.729974, 32.296011 ], [ -89.713645, 32.302218 ], [ -89.711238, 32.302799 ], [ -89.699453, 32.303676 ], [ -89.695078, 32.304669 ], [ -89.687678, 32.307434 ], [ -89.684779, 32.308195 ], [ -89.67516, 32.309429 ], [ -89.673493, 32.30921 ], [ -89.673502, 32.306745 ], [ -89.664128, 32.306738 ], [ -89.664122, 32.310146 ], [ -89.661901, 32.31087 ], [ -89.653284, 32.311414 ], [ -89.644442, 32.312525 ], [ -89.63996, 32.312839 ], [ -89.636123, 32.312718 ], [ -89.626107, 32.312833 ], [ -89.619921, 32.314343 ], [ -89.619636, 32.310164 ], [ -89.610276, 32.311792 ], [ -89.610827, 32.317408 ], [ -89.612961, 32.322655 ], [ -89.614625, 32.321707 ], [ -89.615591, 32.323685 ], [ -89.627321, 32.33257 ], [ -89.627484, 32.333533 ], [ -89.630736, 32.335119 ], [ -89.644442, 32.343218 ], [ -89.644483, 32.34456 ], [ -89.644611, 32.348925 ], [ -89.627715, 32.348786 ], [ -89.62217, 32.348838 ], [ -89.622113, 32.352208 ], [ -89.607325, 32.352637 ], [ -89.607281, 32.363302 ], [ -89.614044, 32.362648 ], [ -89.617277, 32.362659 ], [ -89.617263, 32.363306 ], [ -89.624805, 32.363314 ], [ -89.624863, 32.364618 ], [ -89.630444, 32.36244 ], [ -89.630439, 32.360373 ], [ -89.62755, 32.360338 ], [ -89.627529, 32.355952 ], [ -89.633617, 32.356002 ], [ -89.6402, 32.356018 ], [ -89.640242, 32.35676 ], [ -89.640473, 32.363576 ], [ -89.640894, 32.372365 ], [ -89.64093, 32.373079 ], [ -89.655324, 32.373121 ], [ -89.655491, 32.38991 ], [ -89.657512, 32.385423 ], [ -89.666437, 32.366442 ], [ -89.668458, 32.360691 ], [ -89.669599, 32.355882 ], [ -89.670464, 32.355875 ], [ -89.670531, 32.352772 ], [ -89.672016, 32.352748 ], [ -89.675441, 32.352038 ], [ -89.676825, 32.351968 ], [ -89.676821, 32.350054 ], [ -89.678993, 32.349934 ], [ -89.67899, 32.347812 ], [ -89.69107, 32.343443 ], [ -89.729864, 32.32956 ], [ -89.72988, 32.325137 ], [ -89.724433, 32.326939 ], [ -89.720402, 32.326972 ], [ -89.720351, 32.328032 ], [ -89.715232, 32.32811 ], [ -89.715129, 32.329118 ], [ -89.70771, 32.331703 ], [ -89.695899, 32.336975 ], [ -89.693945, 32.333718 ], [ -89.691198, 32.333717 ], [ -89.690311, 32.338107 ], [ -89.683782, 32.3377 ], [ -89.683782, 32.341466 ], [ -89.67479, 32.341258 ], [ -89.674869, 32.337808 ], [ -89.674783, 32.330338 ], [ -89.675502, 32.329847 ], [ -89.674883, 32.329781 ], [ -89.674828, 32.326822 ], [ -89.666333, 32.326873 ], [ -89.666354, 32.322251 ], [ -89.666769, 32.32035 ], [ -89.668148, 32.319592 ], [ -89.670581, 32.319518 ], [ -89.670429, 32.312387 ], [ -89.675165, 32.312271 ], [ -89.675156, 32.30993 ], [ -89.686013, 32.308651 ], [ -89.689127, 32.3079 ], [ -89.695632, 32.305408 ], [ -89.698102, 32.304705 ], [ -89.702493, 32.304128 ], [ -89.709592, 32.303712 ], [ -89.713499, 32.30296 ], [ -89.729972, 32.296681 ], [ -89.729973, 32.296122 ], [ -89.729974, 32.296011 ] ], [ [ -89.667508, 32.339531 ], [ -89.660763, 32.3395 ], [ -89.657607, 32.339501 ], [ -89.657629, 32.341411 ], [ -89.654719, 32.341373 ], [ -89.65332, 32.341355 ], [ -89.653265, 32.343269 ], [ -89.649975, 32.34325 ], [ -89.648683, 32.34151 ], [ -89.646297, 32.339661 ], [ -89.640829, 32.336181 ], [ -89.636754, 32.334829 ], [ -89.634107, 32.333994 ], [ -89.631698, 32.332677 ], [ -89.631483, 32.33098 ], [ -89.629777, 32.330317 ], [ -89.628388, 32.330728 ], [ -89.618383, 32.323103 ], [ -89.617381, 32.321725 ], [ -89.616987, 32.318968 ], [ -89.619439, 32.318575 ], [ -89.619932, 32.314834 ], [ -89.626465, 32.313512 ], [ -89.636105, 32.313326 ], [ -89.64599, 32.313652 ], [ -89.652776, 32.3129 ], [ -89.661941, 32.311579 ], [ -89.663568, 32.327195 ], [ -89.665541, 32.330944 ], [ -89.66743, 32.334382 ], [ -89.667508, 32.339531 ] ] ] } },
{ "type": "Feature", "properties": { "GEOID": "2833900", "NAME": "Houston city, Mississippi", "population": 3670.0 }, "geometry": { "type": "Polygon", "coordinates": [ [ [ -89.043097, 33.892209 ], [ -89.034352, 33.892179 ], [ -89.02554, 33.892178 ], [ -89.025517, 33.880242 ], [ -89.025553, 33.877845 ], [ -88.993737, 33.877871 ], [ -88.986216, 33.877953 ], [ -88.972349, 33.877683 ], [ -88.972253, 33.882403 ], [ -88.972165, 33.883988 ], [ -88.972673, 33.892742 ], [ -88.972755, 33.899759 ], [ -88.98166, 33.899763 ], [ -88.986744, 33.902819 ], [ -88.994807, 33.90777 ], [ -88.994453, 33.921978 ], [ -89.007691, 33.921873 ], [ -89.007724, 33.926 ], [ -89.00692, 33.929472 ], [ -89.013462, 33.92941 ], [ -89.012952, 33.921787 ], [ -89.016999, 33.921736 ], [ -89.016935, 33.916023 ], [ -89.017193, 33.914671 ], [ -89.016658, 33.908029 ], [ -89.016652, 33.903707 ], [ -89.016788, 33.90224 ], [ -89.016775, 33.898038 ], [ -89.029561, 33.898072 ], [ -89.029609, 33.904622 ], [ -89.035667, 33.904697 ], [ -89.034585, 33.900837 ], [ -89.034392, 33.898095 ], [ -89.035174, 33.897803 ], [ -89.043096, 33.897804 ], [ -89.043097, 33.892209 ] ] ] } },
{ "type": "Feature", "properties": { "GEOID": "2840280", "NAME": "Leland city, Mississippi", "population": 3555.0 }, "geometry": { "type": "Polygon", "coordinates": [ [ [ -90.920629, 33.40126 ], [ -90.919706, 33.40124 ], [ -90.911731, 33.400391 ], [ -90.912212, 33.399749 ], [ -90.908688, 33.397848 ], [ -90.908876, 33.397044 ], [ -90.908549, 33.395574 ], [ -90.907217, 33.390951 ], [ -90.907451, 33.389195 ], [ -90.904569, 33.389142 ], [ -90.904415, 33.390783 ], [ -90.90071, 33.390749 ], [ -90.900917, 33.393814 ], [ -90.898817, 33.394468 ], [ -90.898096, 33.396935 ], [ -90.893788, 33.397903 ], [ -90.889042, 33.399417 ], [ -90.886763, 33.397396 ], [ -90.886102, 33.395055 ], [ -90.881482, 33.394488 ], [ -90.878407, 33.393631 ], [ -90.8783, 33.400078 ], [ -90.872696, 33.400125 ], [ -90.868651, 33.400159 ], [ -90.868628, 33.401653 ], [ -90.858986, 33.401681 ], [ -90.858517, 33.403197 ], [ -90.858858, 33.405383 ], [ -90.863847, 33.405336 ], [ -90.86405, 33.409198 ], [ -90.868664, 33.409237 ], [ -90.868711, 33.416147 ], [ -90.879872, 33.416171 ], [ -90.88628, 33.416363 ], [ -90.886171, 33.414852 ], [ -90.88927, 33.41387 ], [ -90.891418, 33.414066 ], [ -90.891838, 33.414688 ], [ -90.893445, 33.414199 ], [ -90.903589, 33.414183 ], [ -90.903574, 33.411292 ], [ -90.905188, 33.410879 ], [ -90.91021, 33.412072 ], [ -90.911281, 33.411039 ], [ -90.912939, 33.41071 ], [ -90.91171, 33.409284 ], [ -90.920646, 33.408925 ], [ -90.920629, 33.40126 ] ] ] } },
{ "type": "Feature", "properties": { "GEOID": "2827900", "NAME": "Gluckstadt city, Mississippi", "population": 3500.0 }, "geometry": { "type": "Polygon", "coordinates": [ [ [ -90.140435, 32.516886 ], [ -90.140457, 32.511328 ], [ -90.136104, 32.511317 ], [ -90.136046, 32.510112 ], [ -90.132588, 32.513917 ], [ -90.132055, 32.515119 ], [ -90.131991, 32.516801 ], [ -90.127582, 32.516879 ], [ -90.127594, 32.502353 ], [ -90.118493, 32.502334 ], [ -90.094796, 32.502279 ], [ -90.095477, 32.500855 ], [ -90.091779, 32.499533 ], [ -90.087031, 32.508708 ], [ -90.085412, 32.508219 ], [ -90.084509, 32.509776 ], [ -90.071794, 32.509781 ], [ -90.071798, 32.517091 ], [ -90.064397, 32.517082 ], [ -90.064403, 32.522984 ], [ -90.071862, 32.523028 ], [ -90.076191, 32.522508 ], [ -90.076202, 32.524846 ], [ -90.078335, 32.525467 ], [ -90.069486, 32.542561 ], [ -90.078221, 32.54244 ], [ -90.077815, 32.543718 ], [ -90.077391, 32.546186 ], [ -90.083638, 32.54616 ], [ -90.083663, 32.542519 ], [ -90.083683, 32.535286 ], [ -90.085437, 32.535281 ], [ -90.085469, 32.536927 ], [ -90.088179, 32.536918 ], [ -90.090094, 32.538814 ], [ -90.093797, 32.539295 ], [ -90.095121, 32.536046 ], [ -90.095285, 32.531535 ], [ -90.101876, 32.53153 ], [ -90.101579, 32.533835 ], [ -90.100434, 32.534613 ], [ -90.102299, 32.538177 ], [ -90.103863, 32.538751 ], [ -90.103791, 32.541664 ], [ -90.106232, 32.542452 ], [ -90.106224, 32.546086 ], [ -90.093372, 32.546126 ], [ -90.09337, 32.546701 ], [ -90.093136, 32.553403 ], [ -90.093153, 32.557012 ], [ -90.107997, 32.556754 ], [ -90.110126, 32.553958 ], [ -90.111147, 32.553313 ], [ -90.122864, 32.5533 ], [ -90.122967, 32.546585 ], [ -90.118925, 32.546594 ], [ -90.118931, 32.545983 ], [ -90.119014, 32.539147 ], [ -90.120407, 32.536178 ], [ -90.116858, 32.534852 ], [ -90.116898, 32.531385 ], [ -90.114731, 32.531417 ], [ -90.114767, 32.524282 ], [ -90.123342, 32.524255 ], [ -90.123375, 32.519434 ], [ -90.127419, 32.519404 ], [ -90.127412, 32.522411 ], [ -90.129342, 32.522966 ], [ -90.131986, 32.522986 ], [ -90.14047, 32.522974 ], [ -90.140435, 32.516886 ] ] ] } },
{ "type": "Feature", "properties": { "GEOID": "2831220", "NAME": "Hazlehurst city, Mississippi", "population": 3435.0 }, "geometry": { "type": "Polygon", "coordinates": [ [ [ -90.41551, 31.86751 ], [ -90.413841, 31.86751 ], [ -90.414013, 31.873059 ], [ -90.41138, 31.87343 ], [ -90.41003, 31.87361 ], [ -90.41098, 31.871433 ], [ -90.411748, 31.863749 ], [ -90.412635, 31.855393 ], [ -90.413202, 31.852426 ], [ -90.413163, 31.850087 ], [ -90.397515, 31.849829 ], [ -90.398098, 31.84635 ], [ -90.396717, 31.84635 ], [ -90.395991, 31.846362 ], [ -90.39083, 31.846384 ], [ -90.39071, 31.84846 ], [ -90.390676, 31.84982 ], [ -90.388468, 31.849792 ], [ -90.38825, 31.84953 ], [ -90.387703, 31.848489 ], [ -90.385948, 31.846187 ], [ -90.38505, 31.84638 ], [ -90.38395, 31.846024 ], [ -90.38016, 31.846034 ], [ -90.380443, 31.856975 ], [ -90.380685, 31.86636 ], [ -90.378842, 31.866384 ], [ -90.366703, 31.866359 ], [ -90.366696, 31.867595 ], [ -90.366663, 31.872371 ], [ -90.366649, 31.8744 ], [ -90.36663, 31.875656 ], [ -90.373896, 31.875673 ], [ -90.379782, 31.875518 ], [ -90.383107, 31.87551 ], [ -90.383088, 31.882234 ], [ -90.394605, 31.882156 ], [ -90.39528, 31.882271 ], [ -90.400902, 31.882285 ], [ -90.399501, 31.875747 ], [ -90.411248, 31.87437 ], [ -90.415359, 31.873664 ], [ -90.41551, 31.86751 ] ] ] } },
{ "type": "Feature", "properties": { "GEOID": "2878000", "NAME": "Water Valley city, Mississippi", "population": 3414.0 }, "geometry": { "type": "Polygon", "coordinates": [ [ [ -89.650236, 34.158529 ], [ -89.650115, 34.152381 ], [ -89.64971, 34.145556 ], [ -89.641608, 34.145523 ], [ -89.641313, 34.143283 ], [ -89.643869, 34.141908 ], [ -89.643893, 34.137374 ], [ -89.64689, 34.137356 ], [ -89.646956, 34.134086 ], [ -89.648013, 34.134084 ], [ -89.649958, 34.133749 ], [ -89.649991, 34.132466 ], [ -89.647021, 34.132484 ], [ -89.644386, 34.128346 ], [ -89.641003, 34.124438 ], [ -89.638311, 34.121985 ], [ -89.63787, 34.124517 ], [ -89.640837, 34.125288 ], [ -89.640838, 34.126416 ], [ -89.637572, 34.126356 ], [ -89.636677, 34.130795 ], [ -89.634047, 34.144436 ], [ -89.624951, 34.144529 ], [ -89.623646, 34.144126 ], [ -89.607775, 34.144156 ], [ -89.606221, 34.144158 ], [ -89.606796, 34.16043 ], [ -89.606879, 34.162537 ], [ -89.615174, 34.162639 ], [ -89.615533, 34.179895 ], [ -89.615823, 34.191274 ], [ -89.621001, 34.191324 ], [ -89.636687, 34.191646 ], [ -89.641336, 34.191722 ], [ -89.641455, 34.176936 ], [ -89.645884, 34.177135 ], [ -89.645781, 34.173534 ], [ -89.645896, 34.162681 ], [ -89.650211, 34.162666 ], [ -89.650139, 34.160113 ], [ -89.65229, 34.15862 ], [ -89.650236, 34.158529 ] ] ] } },
{ "type": "Feature", "properties": { "GEOID": "2842440", "NAME": "Lucedale city, Mississippi", "population": 3232.0 }, "geometry": { "type": "Polygon", "coordinates": [ [ [ -88.615307, 30.928421 ], [ -88.613037, 30.928421 ], [ -88.606359, 30.928376 ], [ -88.606422, 30.924902 ], [ -88.606261, 30.900237 ], [ -88.60627, 30.899346 ], [ -88.597849, 30.899317 ], [ -88.597849, 30.899713 ], [ -88.593681, 30.899614 ], [ -88.593344, 30.905474 ], [ -88.587938, 30.90556 ], [ -88.585242, 30.906572 ], [ -88.585294, 30.910295 ], [ -88.580653, 30.910315 ], [ -88.580671, 30.924624 ], [ -88.580667, 30.924924 ], [ -88.58064, 30.929439 ], [ -88.580687, 30.957643 ], [ -88.601052, 30.957746 ], [ -88.60217, 30.957644 ], [ -88.602153, 30.952886 ], [ -88.609314, 30.954085 ], [ -88.610219, 30.953952 ], [ -88.610466, 30.952982 ], [ -88.610646, 30.945941 ], [ -88.615217, 30.946098 ], [ -88.615152, 30.941425 ], [ -88.615121, 30.939149 ], [ -88.615307, 30.928421 ] ] ] } },
{ "type": "Feature", "properties": { "GEOID": "2835300", "NAME": "Iuka city, Mississippi", "population": 3105.0 }, "geometry": { "type": "Polygon", "coordinates": [ [ [ -88.237694, 34.800916 ], [ -88.22966, 34.800813 ], [ -88.229665, 34.797152 ], [ -88.225423, 34.797084 ], [ -88.225256, 34.793508 ], [ -88.216359, 34.793345 ], [ -88.217077, 34.786305 ], [ -88.21677, 34.7826 ], [ -88.213826, 34.782345 ], [ -88.207619, 34.782658 ], [ -88.201959, 34.782455 ], [ -88.190923, 34.78231 ], [ -88.190827, 34.780826 ], [ -88.181189, 34.780524 ], [ -88.181331, 34.778065 ], [ -88.172284, 34.778083 ], [ -88.171914, 34.781178 ], [ -88.172554, 34.788959 ], [ -88.17218, 34.795042 ], [ -88.172177, 34.811813 ], [ -88.172146, 34.813862 ], [ -88.172089, 34.817446 ], [ -88.180821, 34.819808 ], [ -88.180365, 34.826665 ], [ -88.184884, 34.826588 ], [ -88.184577, 34.825506 ], [ -88.186028, 34.821521 ], [ -88.186646, 34.821267 ], [ -88.189643, 34.821951 ], [ -88.189437, 34.841137 ], [ -88.196802, 34.84116 ], [ -88.207468, 34.841554 ], [ -88.21697, 34.841283 ], [ -88.216348, 34.832776 ], [ -88.216629, 34.825168 ], [ -88.21627, 34.821176 ], [ -88.216066, 34.808011 ], [ -88.217745, 34.807785 ], [ -88.219841, 34.805289 ], [ -88.222539, 34.804149 ], [ -88.228157, 34.803616 ], [ -88.230472, 34.803112 ], [ -88.23559, 34.804095 ], [ -88.237621, 34.803935 ], [ -88.237694, 34.800916 ] ] ] } },
{ "type": "Feature", "properties": { "GEOID": "2802700", "NAME": "Baldwyn city, Mississippi", "population": 3104.0 }, "geometry": { "type": "Polygon", "coordinates": [ [ [ -88.666343, 34.535805 ], [ -88.66604, 34.53562 ], [ -88.665528, 34.529568 ], [ -88.665595, 34.523467 ], [ -88.665805, 34.516173 ], [ -88.666332, 34.509342 ], [ -88.665719, 34.509145 ], [ -88.66604, 34.509136 ], [ -88.666128, 34.492225 ], [ -88.662134, 34.491739 ], [ -88.663211, 34.469726 ], [ -88.658562, 34.469858 ], [ -88.654155, 34.470543 ], [ -88.653512, 34.471033 ], [ -88.65162, 34.474887 ], [ -88.648315, 34.475496 ], [ -88.648389, 34.478307 ], [ -88.635036, 34.478304 ], [ -88.634401, 34.47827 ], [ -88.62192, 34.47834 ], [ -88.617154, 34.478329 ], [ -88.616959, 34.480066 ], [ -88.617276, 34.506993 ], [ -88.608735, 34.507066 ], [ -88.608599, 34.509437 ], [ -88.608207, 34.509445 ], [ -88.608051, 34.513012 ], [ -88.60855, 34.513014 ], [ -88.617676, 34.513007 ], [ -88.617598, 34.518997 ], [ -88.621723, 34.519033 ], [ -88.621988, 34.528092 ], [ -88.621799, 34.529892 ], [ -88.617476, 34.529898 ], [ -88.617253, 34.537826 ], [ -88.647545, 34.538011 ], [ -88.652069, 34.538071 ], [ -88.654805, 34.538006 ], [ -88.666072, 34.538204 ], [ -88.666044, 34.536306 ], [ -88.666343, 34.535805 ] ] ] } },
{ "type": "Feature", "properties": { "GEOID": "2851720", "NAME": "Newton city, Mississippi", "population": 3040.0 }, "geometry": { "type": "Polygon", "coordinates": [ [ [ -89.181644, 32.328791 ], [ -89.181565, 32.325375 ], [ -89.181512, 32.322009 ], [ -89.181466, 32.313222 ], [ -89.18152, 32.309493 ], [ -89.181452, 32.307204 ], [ -89.175047, 32.307244 ], [ -89.168662, 32.307339 ], [ -89.168679, 32.303782 ], [ -89.160356, 32.303601 ], [ -89.154645, 32.300538 ], [ -89.153389, 32.300136 ], [ -89.151859, 32.299826 ], [ -89.149011, 32.299705 ], [ -89.148825, 32.305003 ], [ -89.146605, 32.304848 ], [ -89.146585, 32.306185 ], [ -89.142525, 32.307008 ], [ -89.142802, 32.316079 ], [ -89.142604, 32.318998 ], [ -89.14264, 32.327625 ], [ -89.14074, 32.327651 ], [ -89.140713, 32.328869 ], [ -89.138391, 32.329747 ], [ -89.138328, 32.331288 ], [ -89.134406, 32.331227 ], [ -89.133824, 32.331194 ], [ -89.133729, 32.339531 ], [ -89.133742, 32.339814 ], [ -89.133892, 32.343652 ], [ -89.120601, 32.368874 ], [ -89.120267, 32.369316 ], [ -89.137273, 32.369479 ], [ -89.137203, 32.367706 ], [ -89.138664, 32.361755 ], [ -89.141257, 32.355102 ], [ -89.141231, 32.354616 ], [ -89.140704, 32.352945 ], [ -89.144086, 32.34924 ], [ -89.147011, 32.346382 ], [ -89.148798, 32.344821 ], [ -89.151445, 32.33964 ], [ -89.160291, 32.338126 ], [ -89.165129, 32.337954 ], [ -89.169172, 32.338006 ], [ -89.169158, 32.336825 ], [ -89.169172, 32.332545 ], [ -89.171716, 32.332529 ], [ -89.181602, 32.332487 ], [ -89.181644, 32.328791 ] ] ] } },
{ "type": "Feature", "properties": { "GEOID": "2859480", "NAME": "Poplarville city, Mississippi", "population": 2918.0 }, "geometry": { "type": "Polygon", "coordinates": [ [ [ -89.560812, 30.83344 ], [ -89.560805, 30.833097 ], [ -89.555028, 30.832709 ], [ -89.554245, 30.832368 ], [ -89.548832, 30.832284 ], [ -89.548833, 30.826072 ], [ -89.536069, 30.826258 ], [ -89.531259, 30.826339 ], [ -89.526651, 30.826422 ], [ -89.526525, 30.818938 ], [ -89.518603, 30.818934 ], [ -89.518697, 30.808049 ], [ -89.516059, 30.80807 ], [ -89.511329, 30.808109 ], [ -89.505743, 30.808367 ], [ -89.505874, 30.811812 ], [ -89.510042, 30.811681 ], [ -89.51007, 30.81475 ], [ -89.516965, 30.817715 ], [ -89.517294, 30.819319 ], [ -89.518393, 30.819865 ], [ -89.518561, 30.833727 ], [ -89.521517, 30.833694 ], [ -89.521514, 30.836142 ], [ -89.522446, 30.837057 ], [ -89.517241, 30.837154 ], [ -89.51583, 30.839747 ], [ -89.516716, 30.840797 ], [ -89.496086, 30.841142 ], [ -89.495451, 30.84398 ], [ -89.493155, 30.843973 ], [ -89.493218, 30.847914 ], [ -89.493208, 30.852698 ], [ -89.496034, 30.852758 ], [ -89.5029, 30.852906 ], [ -89.502963, 30.847995 ], [ -89.50501, 30.847942 ], [ -89.505017, 30.847606 ], [ -89.507527, 30.847131 ], [ -89.507527, 30.846622 ], [ -89.510084, 30.846572 ], [ -89.512162, 30.846782 ], [ -89.514117, 30.847246 ], [ -89.514267, 30.847549 ], [ -89.51479, 30.847438 ], [ -89.514862, 30.843373 ], [ -89.519456, 30.841322 ], [ -89.522525, 30.840698 ], [ -89.522547, 30.841707 ], [ -89.523375, 30.841761 ], [ -89.523468, 30.84647 ], [ -89.52389, 30.849592 ], [ -89.523724, 30.852283 ], [ -89.531745, 30.852178 ], [ -89.531675, 30.852782 ], [ -89.53157, 30.854343 ], [ -89.532621, 30.858399 ], [ -89.532486, 30.859843 ], [ -89.535667, 30.859789 ], [ -89.548948, 30.859611 ], [ -89.548802, 30.851551 ], [ -89.55078, 30.851534 ], [ -89.556578, 30.851486 ], [ -89.556658, 30.843944 ], [ -89.552425, 30.843944 ], [ -89.551774, 30.841189 ], [ -89.55071, 30.841397 ], [ -89.550651, 30.837042 ], [ -89.560893, 30.836943 ], [ -89.560812, 30.83344 ] ] ] } },
{ "type": "Feature", "properties": { "GEOID": "2876560", "NAME": "Verona city, Mississippi", "population": 2713.0 }, "geometry": { "type": "Polygon", "coordinates": [ [ [ -88.737459, 34.199666 ], [ -88.737178, 34.191858 ], [ -88.737071, 34.184595 ], [ -88.729771, 34.184456 ], [ -88.729658, 34.179217 ], [ -88.729914, 34.173205 ], [ -88.736298, 34.173144 ], [ -88.733122, 34.168834 ], [ -88.719536, 34.168761 ], [ -88.719401, 34.170492 ], [ -88.71496, 34.17058 ], [ -88.715861, 34.178566 ], [ -88.715981, 34.184649 ], [ -88.707571, 34.184686 ], [ -88.706805, 34.184509 ], [ -88.706379, 34.184615 ], [ -88.706678, 34.189277 ], [ -88.706431, 34.192159 ], [ -88.70358, 34.191852 ], [ -88.70207, 34.191821 ], [ -88.702993, 34.20863 ], [ -88.70301, 34.209238 ], [ -88.707967, 34.209191 ], [ -88.715689, 34.2094 ], [ -88.716801, 34.209548 ], [ -88.71715, 34.208546 ], [ -88.718532, 34.202757 ], [ -88.720061, 34.202751 ], [ -88.721637, 34.202818 ], [ -88.737303, 34.202794 ], [ -88.737459, 34.199666 ] ] ] } },
{ "type": "Feature", "properties": { "GEOID": "2829940", "NAME": "Guntown town, Mississippi", "population": 2616.0 }, "geometry": { "type": "Polygon", "coordinates": [ [ [ -88.701369, 34.428976 ], [ -88.68816, 34.428963 ], [ -88.688221, 34.422867 ], [ -88.686718, 34.422868 ], [ -88.683668, 34.422871 ], [ -88.677073, 34.422882 ], [ -88.678725, 34.41921 ], [ -88.680365, 34.415546 ], [ -88.677474, 34.41555 ], [ -88.675016, 34.415553 ], [ -88.672626, 34.417543 ], [ -88.670333, 34.41816 ], [ -88.666131, 34.42094 ], [ -88.66397, 34.422819 ], [ -88.657548, 34.423108 ], [ -88.65681, 34.423514 ], [ -88.656792, 34.427541 ], [ -88.657854, 34.427516 ], [ -88.65759, 34.428933 ], [ -88.653952, 34.428921 ], [ -88.653956, 34.433793 ], [ -88.648398, 34.433766 ], [ -88.648426, 34.436063 ], [ -88.644853, 34.436066 ], [ -88.64485, 34.437786 ], [ -88.64346, 34.438329 ], [ -88.643827, 34.439368 ], [ -88.642712, 34.438804 ], [ -88.64517, 34.440233 ], [ -88.644506, 34.443658 ], [ -88.646164, 34.44282 ], [ -88.646462, 34.443829 ], [ -88.648517, 34.443885 ], [ -88.648534, 34.45073 ], [ -88.648297, 34.455086 ], [ -88.640394, 34.465463 ], [ -88.641248, 34.465163 ], [ -88.643263, 34.463049 ], [ -88.648403, 34.460852 ], [ -88.648803, 34.458698 ], [ -88.655012, 34.458738 ], [ -88.655007, 34.467908 ], [ -88.653896, 34.469172 ], [ -88.653512, 34.471033 ], [ -88.654155, 34.470543 ], [ -88.658562, 34.469858 ], [ -88.663211, 34.469726 ], [ -88.664612, 34.469718 ], [ -88.666222, 34.469939 ], [ -88.666254, 34.467651 ], [ -88.666245, 34.465288 ], [ -88.687105, 34.465293 ], [ -88.685972, 34.463345 ], [ -88.683728, 34.460927 ], [ -88.68375, 34.450819 ], [ -88.683661, 34.42923 ], [ -88.684204, 34.429013 ], [ -88.696922, 34.42904 ], [ -88.696895, 34.436252 ], [ -88.701393, 34.436242 ], [ -88.701369, 34.428976 ] ] ] } },
{ "type": "Feature", "properties": { "GEOID": "2844240", "NAME": "Macon city, Mississippi", "population": 2432.0 }, "geometry": { "type": "Polygon", "coordinates": [ [ [ -88.572806, 33.117639 ], [ -88.572756, 33.11147 ], [ -88.572765, 33.107545 ], [ -88.572723, 33.10618 ], [ -88.5711, 33.106198 ], [ -88.564375, 33.106235 ], [ -88.564489, 33.103679 ], [ -88.564175, 33.103327 ], [ -88.563734, 33.098759 ], [ -88.561677, 33.101893 ], [ -88.561574, 33.102695 ], [ -88.560444, 33.102586 ], [ -88.559827, 33.102497 ], [ -88.55862, 33.102366 ], [ -88.55856, 33.102687 ], [ -88.552228, 33.102675 ], [ -88.552299, 33.099281 ], [ -88.551516, 33.093906 ], [ -88.549709, 33.091445 ], [ -88.550014, 33.090648 ], [ -88.548226, 33.09063 ], [ -88.546161, 33.095522 ], [ -88.545391, 33.100048 ], [ -88.545271, 33.102936 ], [ -88.545204, 33.105625 ], [ -88.54518, 33.114616 ], [ -88.545255, 33.115029 ], [ -88.545644, 33.117581 ], [ -88.54643, 33.121503 ], [ -88.546711, 33.122869 ], [ -88.546885, 33.124623 ], [ -88.547331, 33.128378 ], [ -88.548479, 33.134467 ], [ -88.549035, 33.13896 ], [ -88.548935, 33.142884 ], [ -88.549269, 33.145192 ], [ -88.55045, 33.147504 ], [ -88.552295, 33.149921 ], [ -88.552485, 33.152134 ], [ -88.562995, 33.151923 ], [ -88.563989, 33.151876 ], [ -88.56395, 33.151117 ], [ -88.562446, 33.139106 ], [ -88.56099, 33.12473 ], [ -88.564529, 33.124767 ], [ -88.564592, 33.119304 ], [ -88.568134, 33.119226 ], [ -88.572798, 33.11917 ], [ -88.572806, 33.117639 ] ] ] } },
{ "type": "Feature", "properties": { "GEOID": "2853680", "NAME": "Okolona city, Mississippi", "population": 2394.0 }, "geometry": { "type": "Polygon", "coordinates": [ [ [ -88.772917, 33.996438 ], [ -88.772251, 33.989459 ], [ -88.772329, 33.986484 ], [ -88.761067, 33.986641 ], [ -88.744788, 33.986603 ], [ -88.726654, 33.986538 ], [ -88.72684, 33.999502 ], [ -88.719857, 33.999287 ], [ -88.719878, 34.001223 ], [ -88.720003, 34.012538 ], [ -88.719995, 34.015453 ], [ -88.719991, 34.017557 ], [ -88.726399, 34.017606 ], [ -88.72639, 34.02333 ], [ -88.753249, 34.023526 ], [ -88.75984, 34.023497 ], [ -88.763474, 34.023585 ], [ -88.772535, 34.023505 ], [ -88.772616, 34.017978 ], [ -88.772917, 33.996438 ] ] ] } },
{ "type": "Feature", "properties": { "GEOID": "2871560", "NAME": "Sumrall town, Mississippi", "population": 2299.0 }, "geometry": { "type": "Polygon", "coordinates": [ [ [ -89.567172, 31.408542 ], [ -89.565838, 31.408175 ], [ -89.557815, 31.408238 ], [ -89.5528, 31.408294 ], [ -89.552657, 31.404738 ], [ -89.545114, 31.403822 ], [ -89.543883, 31.402987 ], [ -89.543682, 31.390036 ], [ -89.536503, 31.389939 ], [ -89.53484, 31.389954 ], [ -89.535132, 31.395815 ], [ -89.530988, 31.395713 ], [ -89.531118, 31.39807 ], [ -89.535754, 31.398174 ], [ -89.535884, 31.400609 ], [ -89.537814, 31.400599 ], [ -89.539018, 31.400583 ], [ -89.539266, 31.412013 ], [ -89.537648, 31.412015 ], [ -89.537689, 31.417538 ], [ -89.535894, 31.417755 ], [ -89.535864, 31.41928 ], [ -89.531669, 31.419309 ], [ -89.531682, 31.422989 ], [ -89.527464, 31.423002 ], [ -89.527381, 31.419329 ], [ -89.51441, 31.419333 ], [ -89.514616, 31.423664 ], [ -89.516895, 31.423742 ], [ -89.516888, 31.428863 ], [ -89.526035, 31.42893 ], [ -89.525285, 31.428452 ], [ -89.527015, 31.427227 ], [ -89.529055, 31.428325 ], [ -89.531688, 31.427649 ], [ -89.531709, 31.433893 ], [ -89.539888, 31.433883 ], [ -89.553788, 31.433948 ], [ -89.553867, 31.42526 ], [ -89.554853, 31.425237 ], [ -89.558253, 31.425158 ], [ -89.558335, 31.414166 ], [ -89.560319, 31.414218 ], [ -89.560393, 31.412965 ], [ -89.567172, 31.413041 ], [ -89.567172, 31.408542 ] ] ] } },
{ "type": "Feature", "properties": { "GEOID": "2864200", "NAME": "Ruleville city, Mississippi", "population": 2278.0 }, "geometry": { "type": "Polygon", "coordinates": [ [ [ -90.561638, 33.723903 ], [ -90.560495, 33.72085 ], [ -90.560311, 33.718685 ], [ -90.560006, 33.709564 ], [ -90.555471, 33.709532 ], [ -90.54426, 33.709625 ], [ -90.539301, 33.709295 ], [ -90.539204, 33.722045 ], [ -90.539216, 33.724324 ], [ -90.539467, 33.731528 ], [ -90.539502, 33.739229 ], [ -90.54361, 33.739286 ], [ -90.546465, 33.73931 ], [ -90.560994, 33.73931 ], [ -90.560911, 33.731064 ], [ -90.560647, 33.724695 ], [ -90.561638, 33.723903 ] ] ] } },
{ "type": "Feature", "properties": { "GEOID": "2815140", "NAME": "Collins city, Mississippi", "population": 2232.0 }, "geometry": { "type": "Polygon", "coordinates": [ [ [ -89.618347, 31.677571 ], [ -89.612973, 31.677571 ], [ -89.612973, 31.670272 ], [ -89.61441, 31.670261 ], [ -89.614415, 31.667964 ], [ -89.605325, 31.667927 ], [ -89.605325, 31.663963 ], [ -89.598689, 31.663963 ], [ -89.598672, 31.670061 ], [ -89.594813, 31.670034 ], [ -89.594865, 31.671617 ], [ -89.598738, 31.671615 ], [ -89.598727, 31.672827 ], [ -89.595062, 31.674961 ], [ -89.595072, 31.67877 ], [ -89.584608, 31.667479 ], [ -89.586816, 31.667456 ], [ -89.58676, 31.656676 ], [ -89.580316, 31.656813 ], [ -89.580272, 31.653853 ], [ -89.580259, 31.652973 ], [ -89.578249, 31.652949 ], [ -89.578265, 31.634095 ], [ -89.578269, 31.631966 ], [ -89.580126, 31.631109 ], [ -89.583103, 31.631115 ], [ -89.583105, 31.62845 ], [ -89.575703, 31.62836 ], [ -89.575689, 31.630218 ], [ -89.577124, 31.63102 ], [ -89.561335, 31.631208 ], [ -89.561254, 31.623733 ], [ -89.548054, 31.623732 ], [ -89.544909, 31.620437 ], [ -89.54197, 31.614967 ], [ -89.540698, 31.611362 ], [ -89.540548, 31.609335 ], [ -89.535196, 31.609485 ], [ -89.535116, 31.609296 ], [ -89.534637, 31.608216 ], [ -89.534282, 31.609296 ], [ -89.525561, 31.609297 ], [ -89.526044, 31.610472 ], [ -89.524706, 31.612853 ], [ -89.525401, 31.614365 ], [ -89.526444, 31.614961 ], [ -89.527326, 31.619747 ], [ -89.529145, 31.621397 ], [ -89.528942, 31.623553 ], [ -89.529119, 31.625065 ], [ -89.528656, 31.627607 ], [ -89.530716, 31.628593 ], [ -89.531572, 31.631158 ], [ -89.534383, 31.632441 ], [ -89.534356, 31.633494 ], [ -89.537085, 31.63519 ], [ -89.537058, 31.637045 ], [ -89.538557, 31.636908 ], [ -89.539279, 31.639289 ], [ -89.54126, 31.640091 ], [ -89.541126, 31.64119 ], [ -89.542571, 31.64174 ], [ -89.543856, 31.641168 ], [ -89.546559, 31.641672 ], [ -89.548727, 31.643001 ], [ -89.548861, 31.646092 ], [ -89.549931, 31.647329 ], [ -89.551843, 31.648098 ], [ -89.552504, 31.648547 ], [ -89.552668, 31.649405 ], [ -89.556034, 31.65081 ], [ -89.5593, 31.653397 ], [ -89.56104, 31.653672 ], [ -89.563236, 31.656832 ], [ -89.562675, 31.657496 ], [ -89.564723, 31.661093 ], [ -89.568056, 31.662351 ], [ -89.569703, 31.665969 ], [ -89.569701, 31.667446 ], [ -89.573396, 31.667411 ], [ -89.574322, 31.668076 ], [ -89.576625, 31.671808 ], [ -89.577937, 31.672152 ], [ -89.578446, 31.673365 ], [ -89.579839, 31.673296 ], [ -89.580803, 31.674693 ], [ -89.580644, 31.676568 ], [ -89.58271, 31.676089 ], [ -89.582701, 31.681835 ], [ -89.597464, 31.681746 ], [ -89.599639, 31.683741 ], [ -89.601793, 31.683019 ], [ -89.60352, 31.685693 ], [ -89.60352, 31.682058 ], [ -89.618347, 31.682063 ], [ -89.618347, 31.677571 ] ] ] } },
{ "type": "Feature", "properties": { "GEOID": "2823420", "NAME": "Eupora city, Mississippi", "population": 2116.0 }, "geometry": { "type": "Polygon", "coordinates": [ [ [ -89.301707, 33.525258 ], [ -89.300296, 33.52563 ], [ -89.291225, 33.525595 ], [ -89.29004, 33.525651 ], [ -89.287833, 33.525691 ], [ -89.289895, 33.524076 ], [ -89.290643, 33.523503 ], [ -89.290818, 33.523369 ], [ -89.288934, 33.522132 ], [ -89.288819, 33.522103 ], [ -89.288723, 33.522225 ], [ -89.288134, 33.522971 ], [ -89.28673, 33.52475 ], [ -89.27957, 33.524776 ], [ -89.277946, 33.528114 ], [ -89.277237, 33.527895 ], [ -89.277567, 33.528867 ], [ -89.275331, 33.532886 ], [ -89.274724, 33.532891 ], [ -89.270949, 33.532914 ], [ -89.270921, 33.527279 ], [ -89.26778, 33.527291 ], [ -89.267765, 33.524219 ], [ -89.262106, 33.524239 ], [ -89.260277, 33.524847 ], [ -89.259571, 33.523849 ], [ -89.258227, 33.524274 ], [ -89.257145, 33.524967 ], [ -89.257283, 33.525189 ], [ -89.261736, 33.53203 ], [ -89.260086, 33.53287 ], [ -89.260081, 33.535764 ], [ -89.25882, 33.535769 ], [ -89.258839, 33.539736 ], [ -89.257184, 33.539713 ], [ -89.258149, 33.540557 ], [ -89.251432, 33.540387 ], [ -89.25134, 33.541505 ], [ -89.259423, 33.541478 ], [ -89.260294, 33.542038 ], [ -89.260321, 33.547313 ], [ -89.262479, 33.547265 ], [ -89.262513, 33.549144 ], [ -89.265345, 33.549135 ], [ -89.26617, 33.553172 ], [ -89.270287, 33.553128 ], [ -89.271328, 33.554485 ], [ -89.271335, 33.555779 ], [ -89.272093, 33.557118 ], [ -89.272931, 33.557105 ], [ -89.272565, 33.558263 ], [ -89.273914, 33.560863 ], [ -89.275535, 33.560034 ], [ -89.277703, 33.56204 ], [ -89.278915, 33.559482 ], [ -89.280099, 33.559942 ], [ -89.280088, 33.569175 ], [ -89.288898, 33.569143 ], [ -89.288917, 33.572831 ], [ -89.293279, 33.572814 ], [ -89.29326, 33.569127 ], [ -89.294464, 33.569123 ], [ -89.293541, 33.567832 ], [ -89.291251, 33.565587 ], [ -89.293261, 33.565579 ], [ -89.293166, 33.558349 ], [ -89.292789, 33.557679 ], [ -89.288838, 33.557694 ], [ -89.288821, 33.554533 ], [ -89.28005, 33.554565 ], [ -89.280007, 33.549917 ], [ -89.275413, 33.549934 ], [ -89.275582, 33.547274 ], [ -89.278047, 33.547267 ], [ -89.282075, 33.550054 ], [ -89.284287, 33.548952 ], [ -89.286223, 33.550631 ], [ -89.286547, 33.547196 ], [ -89.288623, 33.547227 ], [ -89.288583, 33.5397 ], [ -89.292396, 33.537735 ], [ -89.290957, 33.536416 ], [ -89.293949, 33.53409 ], [ -89.293352, 33.532895 ], [ -89.295449, 33.532908 ], [ -89.297887, 33.531062 ], [ -89.297869, 33.527509 ], [ -89.299251, 33.527504 ], [ -89.299259, 33.528999 ], [ -89.300634, 33.528993 ], [ -89.301724, 33.528164 ], [ -89.301707, 33.525258 ] ] ] } },
{ "type": "Feature", "properties": { "GEOID": "2846600", "NAME": "Mendenhall city, Mississippi", "population": 2115.0 }, "geometry": { "type": "Polygon", "coordinates": [ [ [ -89.894444, 31.969263 ], [ -89.890321, 31.967172 ], [ -89.889891, 31.960297 ], [ -89.891672, 31.960275 ], [ -89.891683, 31.958026 ], [ -89.892017, 31.953615 ], [ -89.891982, 31.94987 ], [ -89.887214, 31.949943 ], [ -89.887176, 31.946461 ], [ -89.88271, 31.946348 ], [ -89.880692, 31.943014 ], [ -89.876914, 31.941182 ], [ -89.87605, 31.9427 ], [ -89.868369, 31.941911 ], [ -89.868331, 31.949867 ], [ -89.859687, 31.950099 ], [ -89.859867, 31.956419 ], [ -89.859738, 31.9569 ], [ -89.859478, 31.956343 ], [ -89.858488, 31.9568 ], [ -89.858606, 31.955884 ], [ -89.857494, 31.955992 ], [ -89.857611, 31.954657 ], [ -89.856971, 31.95369 ], [ -89.85501, 31.953448 ], [ -89.85503, 31.951976 ], [ -89.851161, 31.951825 ], [ -89.836514, 31.941417 ], [ -89.833238, 31.937728 ], [ -89.831572, 31.935792 ], [ -89.830524, 31.936288 ], [ -89.827091, 31.937955 ], [ -89.8379, 31.94718 ], [ -89.838763, 31.946779 ], [ -89.842592, 31.951793 ], [ -89.842586, 31.95724 ], [ -89.846865, 31.957284 ], [ -89.846838, 31.958985 ], [ -89.846829, 31.960915 ], [ -89.85011, 31.960936 ], [ -89.859512, 31.973609 ], [ -89.864851, 31.978027 ], [ -89.862286, 31.979067 ], [ -89.861442, 31.981873 ], [ -89.862366, 31.984719 ], [ -89.868386, 31.984864 ], [ -89.8724, 31.98112 ], [ -89.875767, 31.981182 ], [ -89.875619, 31.97862 ], [ -89.880119, 31.978539 ], [ -89.882738, 31.976479 ], [ -89.88651, 31.97443 ], [ -89.888933, 31.971842 ], [ -89.892535, 31.971863 ], [ -89.894391, 31.971874 ], [ -89.894444, 31.969263 ] ] ] } },
{ "type": "Feature", "properties": { "GEOID": "2832900", "NAME": "Hollandale city, Mississippi", "population": 2090.0 }, "geometry": { "type": "Polygon", "coordinates": [ [ [ -90.870325, 33.177666 ], [ -90.867972, 33.177708 ], [ -90.867919, 33.174591 ], [ -90.860533, 33.174448 ], [ -90.858289, 33.168084 ], [ -90.860881, 33.168189 ], [ -90.860288, 33.165156 ], [ -90.85825, 33.165664 ], [ -90.858355, 33.1676 ], [ -90.855763, 33.162768 ], [ -90.854354, 33.163209 ], [ -90.85478, 33.164521 ], [ -90.852565, 33.164917 ], [ -90.84915, 33.157302 ], [ -90.845744, 33.162688 ], [ -90.843335, 33.167425 ], [ -90.84225, 33.168564 ], [ -90.837286, 33.177532 ], [ -90.83706, 33.179349 ], [ -90.838918, 33.183538 ], [ -90.839791, 33.183532 ], [ -90.849636, 33.183524 ], [ -90.850313, 33.18454 ], [ -90.855612, 33.189439 ], [ -90.856626, 33.190584 ], [ -90.857628, 33.190911 ], [ -90.862089, 33.190631 ], [ -90.860312, 33.185673 ], [ -90.861442, 33.185218 ], [ -90.861106, 33.184103 ], [ -90.870343, 33.18406 ], [ -90.870325, 33.177666 ] ] ] } },
{ "type": "Feature", "properties": { "GEOID": "2824420", "NAME": "Farmington town, Mississippi", "population": 2039.0 }, "geometry": { "type": "Polygon", "coordinates": [ [ [ -88.47373, 34.90392 ], [ -88.470839, 34.901294 ], [ -88.462797, 34.901307 ], [ -88.454401, 34.901545 ], [ -88.442086, 34.901252 ], [ -88.436087, 34.9013 ], [ -88.436478, 34.907598 ], [ -88.417459, 34.907615 ], [ -88.417529, 34.912122 ], [ -88.417426, 34.915983 ], [ -88.417513, 34.917474 ], [ -88.417362, 34.929163 ], [ -88.417369, 34.930297 ], [ -88.422006, 34.930537 ], [ -88.426567, 34.930433 ], [ -88.426518, 34.938003 ], [ -88.433645, 34.938067 ], [ -88.433638, 34.939498 ], [ -88.43714, 34.941264 ], [ -88.438236, 34.943787 ], [ -88.440072, 34.943312 ], [ -88.439967, 34.94488 ], [ -88.45728, 34.945051 ], [ -88.455977, 34.940679 ], [ -88.467965, 34.939118 ], [ -88.467775, 34.938195 ], [ -88.466312, 34.934517 ], [ -88.465693, 34.930715 ], [ -88.461574, 34.930559 ], [ -88.461519, 34.929401 ], [ -88.458295, 34.928953 ], [ -88.458246, 34.927148 ], [ -88.461637, 34.927109 ], [ -88.467023, 34.925906 ], [ -88.46684, 34.923503 ], [ -88.461633, 34.925511 ], [ -88.458646, 34.92501 ], [ -88.458577, 34.923282 ], [ -88.463357, 34.923248 ], [ -88.463763, 34.92105 ], [ -88.466787, 34.920963 ], [ -88.466666, 34.917738 ], [ -88.470521, 34.917458 ], [ -88.47053, 34.916063 ], [ -88.466334, 34.915949 ], [ -88.453457, 34.916012 ], [ -88.45266, 34.915895 ], [ -88.452697, 34.907298 ], [ -88.460472, 34.906977 ], [ -88.463576, 34.906344 ], [ -88.467254, 34.906421 ], [ -88.470611, 34.905186 ], [ -88.470608, 34.904879 ], [ -88.472039, 34.905546 ], [ -88.47373, 34.90392 ] ] ] } },
{ "type": "Feature", "properties": { "GEOID": "2875360", "NAME": "Union town, Mississippi", "population": 2007.0 }, "geometry": { "type": "Polygon", "coordinates": [ [ [ -89.13486, 32.572139 ], [ -89.13183, 32.572213 ], [ -89.13062, 32.572218 ], [ -89.130601, 32.566443 ], [ -89.127101, 32.566443 ], [ -89.127117, 32.564503 ], [ -89.127198, 32.559629 ], [ -89.122503, 32.559552 ], [ -89.114592, 32.559659 ], [ -89.114539, 32.556181 ], [ -89.112532, 32.556032 ], [ -89.112116, 32.556006 ], [ -89.110024, 32.555816 ], [ -89.110072, 32.55067 ], [ -89.105524, 32.550764 ], [ -89.105523, 32.552643 ], [ -89.101064, 32.552647 ], [ -89.101133, 32.559845 ], [ -89.101371, 32.572153 ], [ -89.09878, 32.572141 ], [ -89.094361, 32.572906 ], [ -89.094363, 32.574203 ], [ -89.089994, 32.574255 ], [ -89.089979, 32.576873 ], [ -89.090764, 32.576873 ], [ -89.100227, 32.576907 ], [ -89.102982, 32.576757 ], [ -89.102933, 32.58126 ], [ -89.110801, 32.581317 ], [ -89.119435, 32.581429 ], [ -89.119114, 32.590532 ], [ -89.119324, 32.592938 ], [ -89.124085, 32.592973 ], [ -89.124145, 32.587568 ], [ -89.127349, 32.587595 ], [ -89.128332, 32.587603 ], [ -89.128401, 32.582432 ], [ -89.132685, 32.582306 ], [ -89.132612, 32.576973 ], [ -89.134967, 32.576971 ], [ -89.13486, 32.572139 ] ] ] } },
{ "type": "Feature", "properties": { "GEOID": "2860480", "NAME": "Purvis city, Mississippi", "population": 1969.0 }, "geometry": { "type": "Polygon", "coordinates": [ [ [ -89.427103, 31.162446 ], [ -89.424942, 31.163225 ], [ -89.422072, 31.162289 ], [ -89.421148, 31.160981 ], [ -89.421314, 31.162802 ], [ -89.42122, 31.163805 ], [ -89.406473, 31.163743 ], [ -89.406636, 31.162611 ], [ -89.407583, 31.158894 ], [ -89.407626, 31.158285 ], [ -89.40689, 31.15263 ], [ -89.407292, 31.150175 ], [ -89.408873, 31.151798 ], [ -89.411673, 31.153056 ], [ -89.410966, 31.154717 ], [ -89.411233, 31.15633 ], [ -89.416879, 31.156363 ], [ -89.416861, 31.147027 ], [ -89.421408, 31.147013 ], [ -89.421425, 31.148875 ], [ -89.42559, 31.148843 ], [ -89.425736, 31.147083 ], [ -89.425805, 31.136714 ], [ -89.422933, 31.13795 ], [ -89.422276, 31.13794 ], [ -89.421329, 31.137478 ], [ -89.421707, 31.136586 ], [ -89.421961, 31.134708 ], [ -89.421843, 31.134303 ], [ -89.418062, 31.134372 ], [ -89.416953, 31.133332 ], [ -89.416934, 31.130157 ], [ -89.416065, 31.130132 ], [ -89.41595, 31.127038 ], [ -89.416231, 31.12472 ], [ -89.416717, 31.123497 ], [ -89.408095, 31.123239 ], [ -89.407589, 31.125291 ], [ -89.407202, 31.127093 ], [ -89.404021, 31.127071 ], [ -89.40401, 31.128685 ], [ -89.399876, 31.128655 ], [ -89.399861, 31.131391 ], [ -89.397572, 31.131394 ], [ -89.397572, 31.134259 ], [ -89.39992, 31.134249 ], [ -89.399855, 31.137922 ], [ -89.397736, 31.137943 ], [ -89.397769, 31.140906 ], [ -89.389213, 31.138912 ], [ -89.384964, 31.137856 ], [ -89.382695, 31.135993 ], [ -89.381409, 31.133562 ], [ -89.376862, 31.129046 ], [ -89.375409, 31.126951 ], [ -89.37395, 31.126093 ], [ -89.372226, 31.133075 ], [ -89.370935, 31.136408 ], [ -89.368894, 31.140004 ], [ -89.367506, 31.142435 ], [ -89.368081, 31.141762 ], [ -89.369076, 31.14105 ], [ -89.370506, 31.140417 ], [ -89.372328, 31.140531 ], [ -89.37718, 31.139655 ], [ -89.385419, 31.141467 ], [ -89.38662, 31.142011 ], [ -89.391479, 31.145264 ], [ -89.391796, 31.145435 ], [ -89.391794, 31.148894 ], [ -89.399742, 31.148924 ], [ -89.399805, 31.156092 ], [ -89.403289, 31.15617 ], [ -89.406682, 31.156161 ], [ -89.40693, 31.158065 ], [ -89.406847, 31.159999 ], [ -89.405952, 31.162695 ], [ -89.405473, 31.171188 ], [ -89.406306, 31.171298 ], [ -89.406298, 31.174839 ], [ -89.409661, 31.174852 ], [ -89.413038, 31.17492 ], [ -89.417238, 31.174803 ], [ -89.417012, 31.173619 ], [ -89.419062, 31.16767 ], [ -89.426605, 31.167458 ], [ -89.427103, 31.162446 ] ] ] } },
{ "type": "Feature", "properties": { "GEOID": "2820500", "NAME": "Durant city, Mississippi", "population": 1958.0 }, "geometry": { "type": "Polygon", "coordinates": [ [ [ -89.871184, 33.070378 ], [ -89.864636, 33.067512 ], [ -89.861845, 33.066292 ], [ -89.855874, 33.0637 ], [ -89.853443, 33.065253 ], [ -89.848987, 33.072415 ], [ -89.846214, 33.076657 ], [ -89.840686, 33.077443 ], [ -89.840789, 33.078374 ], [ -89.838402, 33.078525 ], [ -89.838376, 33.078983 ], [ -89.838312, 33.080135 ], [ -89.842278, 33.08021 ], [ -89.842247, 33.081609 ], [ -89.845224, 33.081562 ], [ -89.846196, 33.084208 ], [ -89.846852, 33.084202 ], [ -89.842643, 33.091127 ], [ -89.844899, 33.091858 ], [ -89.847758, 33.094495 ], [ -89.848857, 33.095814 ], [ -89.850415, 33.093934 ], [ -89.85074, 33.088893 ], [ -89.8594, 33.088841 ], [ -89.859417, 33.094706 ], [ -89.867508, 33.094615 ], [ -89.867595, 33.090028 ], [ -89.867547, 33.083752 ], [ -89.863737, 33.082643 ], [ -89.867256, 33.076849 ], [ -89.868056, 33.076683 ], [ -89.869039, 33.076408 ], [ -89.868494, 33.074836 ], [ -89.871184, 33.070378 ] ] ] } },
{ "type": "Feature", "properties": { "GEOID": "2850880", "NAME": "Nettleton city, Mississippi", "population": 1934.0 }, "geometry": { "type": "Polygon", "coordinates": [ [ [ -88.648728, 34.097026 ], [ -88.644265, 34.095439 ], [ -88.642143, 34.093077 ], [ -88.639861, 34.089256 ], [ -88.639325, 34.088069 ], [ -88.636828, 34.078238 ], [ -88.638386, 34.078228 ], [ -88.638073, 34.066877 ], [ -88.632989, 34.066832 ], [ -88.633086, 34.064638 ], [ -88.62644, 34.064715 ], [ -88.626118, 34.064719 ], [ -88.617991, 34.064574 ], [ -88.617885, 34.068723 ], [ -88.613298, 34.068703 ], [ -88.613018, 34.074345 ], [ -88.613034, 34.08777 ], [ -88.610791, 34.087748 ], [ -88.610759, 34.084843 ], [ -88.608229, 34.084832 ], [ -88.604689, 34.085848 ], [ -88.604656, 34.088945 ], [ -88.610315, 34.089398 ], [ -88.610193, 34.107061 ], [ -88.613921, 34.107029 ], [ -88.614854, 34.10787 ], [ -88.61497, 34.103674 ], [ -88.622465, 34.103843 ], [ -88.631077, 34.103262 ], [ -88.630874, 34.093022 ], [ -88.648552, 34.10072 ], [ -88.649125, 34.100579 ], [ -88.648728, 34.097026 ] ] ] } },
{ "type": "Feature", "properties": { "GEOID": "2860720", "NAME": "Quitman city, Mississippi", "population": 1925.0 }, "geometry": { "type": "Polygon", "coordinates": [ [ [ -88.742249, 32.040085 ], [ -88.737837, 32.040006 ], [ -88.73786, 32.025714 ], [ -88.728006, 32.025613 ], [ -88.72459, 32.025644 ], [ -88.724534, 32.022063 ], [ -88.698163, 32.022252 ], [ -88.698262, 32.033066 ], [ -88.69402, 32.033058 ], [ -88.694118, 32.036849 ], [ -88.69405, 32.03809 ], [ -88.694131, 32.044267 ], [ -88.698533, 32.044337 ], [ -88.698542, 32.047901 ], [ -88.707001, 32.047928 ], [ -88.707035, 32.051622 ], [ -88.711336, 32.051593 ], [ -88.716114, 32.051508 ], [ -88.716114, 32.053088 ], [ -88.72012, 32.053095 ], [ -88.720408, 32.051525 ], [ -88.720147, 32.065854 ], [ -88.723246, 32.065804 ], [ -88.724525, 32.065783 ], [ -88.741893, 32.065555 ], [ -88.742097, 32.054877 ], [ -88.73742, 32.05248 ], [ -88.739188, 32.04589 ], [ -88.742171, 32.043483 ], [ -88.742203, 32.042648 ], [ -88.742249, 32.040085 ] ] ] } },
{ "type": "Feature", "properties": { "GEOID": "2818180", "NAME": "Decatur town, Mississippi", "population": 1878.0 }, "geometry": { "type": "Polygon", "coordinates": [ [ [ -89.126363, 32.423938 ], [ -89.126146, 32.415396 ], [ -89.113336, 32.415419 ], [ -89.099764, 32.415442 ], [ -89.099793, 32.41645 ], [ -89.090626, 32.417473 ], [ -89.088043, 32.41549 ], [ -89.086307, 32.415539 ], [ -89.077251, 32.417511 ], [ -89.078444, 32.419165 ], [ -89.08762, 32.425607 ], [ -89.092321, 32.433544 ], [ -89.09846, 32.444009 ], [ -89.105929, 32.456221 ], [ -89.106845, 32.457873 ], [ -89.113602, 32.45767 ], [ -89.122926, 32.457279 ], [ -89.127204, 32.457339 ], [ -89.126363, 32.423938 ] ] ] } },
{ "type": "Feature", "properties": { "GEOID": "2805100", "NAME": "Belmont town, Mississippi", "population": 1820.0 }, "geometry": { "type": "Polygon", "coordinates": [ [ [ -88.229525, 34.505189 ], [ -88.225596, 34.505084 ], [ -88.225461, 34.501427 ], [ -88.220582, 34.501353 ], [ -88.220375, 34.503649 ], [ -88.214021, 34.503691 ], [ -88.214131, 34.501329 ], [ -88.214066, 34.499952 ], [ -88.208499, 34.499884 ], [ -88.209367, 34.498299 ], [ -88.208681, 34.49233 ], [ -88.213957, 34.492237 ], [ -88.214052, 34.478783 ], [ -88.210088, 34.478121 ], [ -88.204762, 34.477939 ], [ -88.204202, 34.477124 ], [ -88.201535, 34.477116 ], [ -88.196033, 34.477913 ], [ -88.196001, 34.485203 ], [ -88.197945, 34.48522 ], [ -88.198058, 34.486024 ], [ -88.196132, 34.486039 ], [ -88.195846, 34.49223 ], [ -88.19608, 34.496095 ], [ -88.193978, 34.496139 ], [ -88.187126, 34.496184 ], [ -88.187188, 34.499758 ], [ -88.191731, 34.499724 ], [ -88.192196, 34.503431 ], [ -88.187181, 34.503428 ], [ -88.18729, 34.510928 ], [ -88.192415, 34.510937 ], [ -88.19252, 34.513664 ], [ -88.189548, 34.513715 ], [ -88.188443, 34.514513 ], [ -88.18488, 34.516635 ], [ -88.190241, 34.521558 ], [ -88.191138, 34.521328 ], [ -88.191798, 34.520887 ], [ -88.192215, 34.515546 ], [ -88.196619, 34.514811 ], [ -88.205313, 34.514677 ], [ -88.205398, 34.521626 ], [ -88.210384, 34.521681 ], [ -88.212544, 34.525467 ], [ -88.213712, 34.525533 ], [ -88.216218, 34.525552 ], [ -88.21908, 34.531987 ], [ -88.221032, 34.53377 ], [ -88.218871, 34.528953 ], [ -88.223783, 34.528942 ], [ -88.224354, 34.521759 ], [ -88.229337, 34.521852 ], [ -88.229525, 34.505189 ] ] ] } },
{ "type": "Feature", "properties": { "GEOID": "2844680", "NAME": "Magnolia city, Mississippi", "population": 1804.0 }, "geometry": { "type": "Polygon", "coordinates": [ [ [ -90.489057, 31.189264 ], [ -90.48752, 31.18932 ], [ -90.485597, 31.189898 ], [ -90.484604, 31.187814 ], [ -90.480347, 31.164824 ], [ -90.479049, 31.155376 ], [ -90.47976, 31.1495 ], [ -90.48163, 31.14796 ], [ -90.482732, 31.150155 ], [ -90.482497, 31.146561 ], [ -90.482883, 31.145837 ], [ -90.479957, 31.14577 ], [ -90.47777, 31.1458 ], [ -90.4745, 31.142413 ], [ -90.474527, 31.140832 ], [ -90.477067, 31.140913 ], [ -90.477088, 31.138486 ], [ -90.481123, 31.138498 ], [ -90.48198, 31.13311 ], [ -90.48168, 31.13321 ], [ -90.48024, 31.13369 ], [ -90.478187, 31.134574 ], [ -90.476474, 31.134398 ], [ -90.466543, 31.134541 ], [ -90.468353, 31.130964 ], [ -90.462155, 31.130764 ], [ -90.461699, 31.134697 ], [ -90.46028, 31.135187 ], [ -90.461159, 31.136256 ], [ -90.458908, 31.137437 ], [ -90.459251, 31.138445 ], [ -90.456068, 31.139995 ], [ -90.456365, 31.14263 ], [ -90.4552, 31.14213 ], [ -90.454471, 31.143292 ], [ -90.455553, 31.143714 ], [ -90.454912, 31.145413 ], [ -90.453384, 31.146053 ], [ -90.451445, 31.149131 ], [ -90.452865, 31.150909 ], [ -90.45194, 31.152739 ], [ -90.450473, 31.152883 ], [ -90.449772, 31.154441 ], [ -90.450067, 31.156174 ], [ -90.44857, 31.156046 ], [ -90.447804, 31.157192 ], [ -90.446982, 31.156461 ], [ -90.446277, 31.157551 ], [ -90.444629, 31.157431 ], [ -90.445123, 31.159383 ], [ -90.444377, 31.160855 ], [ -90.442489, 31.161637 ], [ -90.443042, 31.164108 ], [ -90.448094, 31.164204 ], [ -90.446578, 31.167603 ], [ -90.445363, 31.172758 ], [ -90.445154, 31.174545 ], [ -90.452022, 31.174705 ], [ -90.452027, 31.174057 ], [ -90.456515, 31.174695 ], [ -90.463109, 31.174717 ], [ -90.463183, 31.184108 ], [ -90.467448, 31.184152 ], [ -90.467884, 31.185489 ], [ -90.467512, 31.18942 ], [ -90.47868, 31.18936 ], [ -90.47955, 31.18952 ], [ -90.48161, 31.19002 ], [ -90.48339, 31.18999 ], [ -90.483957, 31.191282 ], [ -90.483942, 31.192309 ], [ -90.483879, 31.196697 ], [ -90.484347, 31.196745 ], [ -90.484348, 31.196679 ], [ -90.48908, 31.196656 ], [ -90.489057, 31.189264 ] ] ] } },
{ "type": "Feature", "properties": { "GEOID": "2867040", "NAME": "Shelby city, Mississippi", "population": 1788.0 }, "geometry": { "type": "Polygon", "coordinates": [ [ [ -90.777228, 33.931679 ], [ -90.765936, 33.93193 ], [ -90.765983, 33.938097 ], [ -90.761335, 33.938089 ], [ -90.761325, 33.941326 ], [ -90.753278, 33.941352 ], [ -90.753243, 33.944602 ], [ -90.753338, 33.967854 ], [ -90.771184, 33.967972 ], [ -90.77116, 33.957673 ], [ -90.776985, 33.957715 ], [ -90.776947, 33.952441 ], [ -90.777228, 33.931679 ] ] ] } },
{ "type": "Feature", "properties": { "GEOID": "2878640", "NAME": "Wesson town, Mississippi", "population": 1769.0 }, "geometry": { "type": "Polygon", "coordinates": [ [ [ -90.417419, 31.704766 ], [ -90.414239, 31.704006 ], [ -90.414198, 31.700456 ], [ -90.40554, 31.700437 ], [ -90.406094, 31.698608 ], [ -90.41412, 31.69835 ], [ -90.41364, 31.68528 ], [ -90.408746, 31.685307 ], [ -90.411336, 31.682243 ], [ -90.415786, 31.673313 ], [ -90.417059, 31.670636 ], [ -90.416666, 31.670574 ], [ -90.415579, 31.672999 ], [ -90.411197, 31.682062 ], [ -90.408574, 31.685306 ], [ -90.403469, 31.685265 ], [ -90.402497, 31.685257 ], [ -90.40303, 31.6834 ], [ -90.397363, 31.683309 ], [ -90.397376, 31.685223 ], [ -90.379409, 31.685194 ], [ -90.374957, 31.685196 ], [ -90.375233, 31.70027 ], [ -90.3793, 31.70025 ], [ -90.378504, 31.701873 ], [ -90.379834, 31.701863 ], [ -90.380053, 31.709774 ], [ -90.38465, 31.71114 ], [ -90.387049, 31.711067 ], [ -90.386793, 31.711547 ], [ -90.385877, 31.714848 ], [ -90.390877, 31.714831 ], [ -90.392997, 31.714732 ], [ -90.393035, 31.719142 ], [ -90.399398, 31.719059 ], [ -90.409935, 31.718988 ], [ -90.409781, 31.716693 ], [ -90.405539, 31.713492 ], [ -90.405544, 31.712234 ], [ -90.414336, 31.712215 ], [ -90.414293, 31.708563 ], [ -90.414286, 31.708019 ], [ -90.417057, 31.706747 ], [ -90.417419, 31.704766 ] ] ] } },
{ "type": "Feature", "properties": { "GEOID": "2848760", "NAME": "Moorhead city, Mississippi", "population": 1754.0 }, "geometry": { "type": "Polygon", "coordinates": [ [ [ -90.522547, 33.448248 ], [ -90.513908, 33.448058 ], [ -90.513912, 33.440997 ], [ -90.505535, 33.440894 ], [ -90.496379, 33.440804 ], [ -90.496402, 33.44362 ], [ -90.496451, 33.449556 ], [ -90.496454, 33.449741 ], [ -90.496456, 33.449889 ], [ -90.496522, 33.458021 ], [ -90.505203, 33.457897 ], [ -90.506736, 33.457943 ], [ -90.511919, 33.457541 ], [ -90.513706, 33.458381 ], [ -90.513811, 33.451456 ], [ -90.522534, 33.451414 ], [ -90.522547, 33.448248 ] ] ] } },
{ "type": "Feature", "properties": { "GEOID": "2845160", "NAME": "Marion town, Mississippi", "population": 1721.0 }, "geometry": { "type": "Polygon", "coordinates": [ [ [ -88.667045, 32.439716 ], [ -88.662125, 32.439778 ], [ -88.662171, 32.435833 ], [ -88.662257, 32.428445 ], [ -88.658074, 32.428473 ], [ -88.658049, 32.417728 ], [ -88.662419, 32.417778 ], [ -88.662328, 32.415626 ], [ -88.662352, 32.41264 ], [ -88.658266, 32.412587 ], [ -88.658223, 32.410922 ], [ -88.662836, 32.404944 ], [ -88.660327, 32.406283 ], [ -88.649823, 32.406271 ], [ -88.649361, 32.408758 ], [ -88.646385, 32.411351 ], [ -88.645201, 32.413828 ], [ -88.643434, 32.414936 ], [ -88.643282, 32.418027 ], [ -88.644066, 32.419508 ], [ -88.640197, 32.424207 ], [ -88.639186, 32.426882 ], [ -88.636751, 32.426836 ], [ -88.636857, 32.430913 ], [ -88.634881, 32.431987 ], [ -88.633853, 32.435712 ], [ -88.633137, 32.437521 ], [ -88.609392, 32.440468 ], [ -88.605004, 32.442651 ], [ -88.623982, 32.442832 ], [ -88.624073, 32.453338 ], [ -88.621418, 32.457403 ], [ -88.622541, 32.4574 ], [ -88.627747, 32.450598 ], [ -88.628336, 32.450797 ], [ -88.629309, 32.450225 ], [ -88.628021, 32.450242 ], [ -88.633635, 32.44293 ], [ -88.635928, 32.442991 ], [ -88.641249, 32.442877 ], [ -88.645497, 32.442939 ], [ -88.667092, 32.442891 ], [ -88.667045, 32.439716 ] ], [ [ -88.632736, 32.443745 ], [ -88.630444, 32.446668 ], [ -88.627497, 32.446603 ], [ -88.628337, 32.445222 ], [ -88.628346, 32.439403 ], [ -88.632682, 32.43943 ], [ -88.632736, 32.443745 ] ] ] } },
{ "type": "Feature", "properties": { "GEOID": "2805140", "NAME": "Belzoni city, Mississippi", "population": 1719.0 }, "geometry": { "type": "Polygon", "coordinates": [ [ [ -90.49706, 33.182436 ], [ -90.493907, 33.183442 ], [ -90.492886, 33.180211 ], [ -90.492794, 33.179389 ], [ -90.49688, 33.179369 ], [ -90.497071, 33.176887 ], [ -90.492503, 33.176793 ], [ -90.493879, 33.172279 ], [ -90.497208, 33.169626 ], [ -90.494656, 33.168314 ], [ -90.492989, 33.168351 ], [ -90.49132, 33.170405 ], [ -90.488472, 33.173825 ], [ -90.487411, 33.174604 ], [ -90.485778, 33.175314 ], [ -90.48262, 33.175865 ], [ -90.479898, 33.175705 ], [ -90.477204, 33.1742 ], [ -90.477322, 33.181944 ], [ -90.470708, 33.181983 ], [ -90.470878, 33.184265 ], [ -90.475737, 33.184365 ], [ -90.475754, 33.185626 ], [ -90.478561, 33.185561 ], [ -90.478524, 33.183826 ], [ -90.479943, 33.183824 ], [ -90.480576, 33.18383 ], [ -90.480775, 33.188364 ], [ -90.485328, 33.188314 ], [ -90.487196, 33.188294 ], [ -90.48729, 33.189622 ], [ -90.485489, 33.189669 ], [ -90.485513, 33.190907 ], [ -90.488159, 33.19088 ], [ -90.488326, 33.187537 ], [ -90.489604, 33.187534 ], [ -90.490822, 33.187533 ], [ -90.490629, 33.183691 ], [ -90.491844, 33.183698 ], [ -90.493201, 33.185536 ], [ -90.49369, 33.186238 ], [ -90.496634, 33.186312 ], [ -90.496799, 33.185038 ], [ -90.498487, 33.183774 ], [ -90.49706, 33.182436 ] ] ] } },
{ "type": "Feature", "properties": { "GEOID": "2812900", "NAME": "Charleston city, Mississippi", "population": 1688.0 }, "geometry": { "type": "Polygon", "coordinates": [ [ [ -90.069328, 34.001693 ], [ -90.069299, 34.001663 ], [ -90.064172, 34.001637 ], [ -90.060682, 34.002452 ], [ -90.060676, 34.000629 ], [ -90.06004, 33.999641 ], [ -90.057669, 33.999658 ], [ -90.052204, 33.999798 ], [ -90.048913, 33.999714 ], [ -90.04889, 34.004035 ], [ -90.04136, 34.00401 ], [ -90.040268, 34.004007 ], [ -90.040244, 34.00677 ], [ -90.04024, 34.006977 ], [ -90.040206, 34.010537 ], [ -90.042279, 34.010557 ], [ -90.043062, 34.010562 ], [ -90.043061, 34.011385 ], [ -90.042972, 34.014257 ], [ -90.045929, 34.014353 ], [ -90.049191, 34.014329 ], [ -90.049969, 34.014254 ], [ -90.051516, 34.014336 ], [ -90.051893, 34.014426 ], [ -90.053881, 34.014338 ], [ -90.061044, 34.014206 ], [ -90.066524, 34.014204 ], [ -90.066541, 34.010846 ], [ -90.066559, 34.008479 ], [ -90.06864, 34.008502 ], [ -90.0696, 34.008499 ], [ -90.069328, 34.001693 ] ] ] } },
{ "type": "Feature", "properties": { "GEOID": "2824940", "NAME": "Flora town, Mississippi", "population": 1677.0 }, "geometry": { "type": "Polygon", "coordinates": [ [ [ -90.332711, 32.540826 ], [ -90.332904, 32.539904 ], [ -90.328419, 32.541993 ], [ -90.328424, 32.538812 ], [ -90.325627, 32.538755 ], [ -90.325631, 32.535952 ], [ -90.321213, 32.536032 ], [ -90.321311, 32.527837 ], [ -90.312659, 32.527833 ], [ -90.312615, 32.516504 ], [ -90.305712, 32.516541 ], [ -90.304273, 32.516538 ], [ -90.307791, 32.527011 ], [ -90.307907, 32.530171 ], [ -90.308021, 32.536091 ], [ -90.299893, 32.536131 ], [ -90.299892, 32.544008 ], [ -90.291649, 32.54395 ], [ -90.291672, 32.545816 ], [ -90.291662, 32.547825 ], [ -90.299961, 32.547856 ], [ -90.300041, 32.551313 ], [ -90.308499, 32.551344 ], [ -90.308512, 32.556909 ], [ -90.313396, 32.556779 ], [ -90.313684, 32.55678 ], [ -90.316522, 32.564814 ], [ -90.319096, 32.569736 ], [ -90.323509, 32.565524 ], [ -90.322572, 32.564653 ], [ -90.324629, 32.563693 ], [ -90.323041, 32.561235 ], [ -90.32202, 32.558637 ], [ -90.323574, 32.558638 ], [ -90.323559, 32.556825 ], [ -90.325695, 32.55682 ], [ -90.325612, 32.546003 ], [ -90.334114, 32.546038 ], [ -90.332711, 32.540826 ] ] ] } },
{ "type": "Feature", "properties": { "GEOID": "2865560", "NAME": "Sardis town, Mississippi", "population": 1670.0 }, "geometry": { "type": "Polygon", "coordinates": [ [ [ -89.92747, 34.437024 ], [ -89.927369, 34.428547 ], [ -89.915465, 34.428862 ], [ -89.913494, 34.425742 ], [ -89.907414, 34.423508 ], [ -89.906313, 34.42309 ], [ -89.905105, 34.423059 ], [ -89.905236, 34.426442 ], [ -89.905964, 34.428169 ], [ -89.903692, 34.430034 ], [ -89.901508, 34.430284 ], [ -89.898727, 34.431431 ], [ -89.898723, 34.433331 ], [ -89.889904, 34.433354 ], [ -89.889761, 34.437225 ], [ -89.889965, 34.440529 ], [ -89.907094, 34.440283 ], [ -89.90721, 34.444216 ], [ -89.920437, 34.44422 ], [ -89.920558, 34.444214 ], [ -89.926638, 34.444266 ], [ -89.927679, 34.444171 ], [ -89.92747, 34.437024 ] ] ] } },
{ "type": "Feature", "properties": { "GEOID": "2872440", "NAME": "Tchula town, Mississippi", "population": 1659.0 }, "geometry": { "type": "Polygon", "coordinates": [ [ [ -90.233036, 33.168279 ], [ -90.21781, 33.168428 ], [ -90.217972, 33.176151 ], [ -90.217708, 33.177488 ], [ -90.208964, 33.174621 ], [ -90.209122, 33.17853 ], [ -90.217844, 33.181373 ], [ -90.217774, 33.1901 ], [ -90.217768, 33.190802 ], [ -90.221924, 33.190965 ], [ -90.222072, 33.201864 ], [ -90.230291, 33.201552 ], [ -90.229575, 33.199001 ], [ -90.228771, 33.194004 ], [ -90.227863, 33.191498 ], [ -90.229843, 33.190993 ], [ -90.230731, 33.185428 ], [ -90.230691, 33.182615 ], [ -90.224764, 33.183021 ], [ -90.224527, 33.180559 ], [ -90.225636, 33.178066 ], [ -90.227836, 33.1766 ], [ -90.227738, 33.173742 ], [ -90.233128, 33.169983 ], [ -90.233036, 33.168279 ] ] ] } },
{ "type": "Feature", "properties": { "GEOID": "2820020", "NAME": "Drew city, Mississippi", "population": 1658.0 }, "geometry": { "type": "Polygon", "coordinates": [ [ [ -90.54327, 33.8036 ], [ -90.538639, 33.803501 ], [ -90.538673, 33.802321 ], [ -90.537032, 33.802307 ], [ -90.536806, 33.803331 ], [ -90.530428, 33.803257 ], [ -90.531254, 33.798112 ], [ -90.529987, 33.79805 ], [ -90.528681, 33.800147 ], [ -90.525736, 33.800065 ], [ -90.525588, 33.802237 ], [ -90.526785, 33.802267 ], [ -90.524102, 33.805322 ], [ -90.521196, 33.805371 ], [ -90.521171, 33.807179 ], [ -90.523392, 33.807134 ], [ -90.521821, 33.815113 ], [ -90.521013, 33.821374 ], [ -90.52529, 33.821571 ], [ -90.526699, 33.819511 ], [ -90.529477, 33.819524 ], [ -90.529583, 33.817333 ], [ -90.530489, 33.816472 ], [ -90.531136, 33.816407 ], [ -90.537578, 33.816495 ], [ -90.537634, 33.814434 ], [ -90.538351, 33.812232 ], [ -90.540378, 33.807658 ], [ -90.543313, 33.805369 ], [ -90.54327, 33.8036 ] ] ] } },
{ "type": "Feature", "properties": { "GEOID": "2842640", "NAME": "Lumberton city, Mississippi", "population": 1656.0 }, "geometry": { "type": "Polygon", "coordinates": [ [ [ -89.501432, 31.010309 ], [ -89.497035, 31.010284 ], [ -89.496906, 31.005201 ], [ -89.495302, 31.004206 ], [ -89.49255, 31.003808 ], [ -89.491121, 31.00396 ], [ -89.491859, 31.001525 ], [ -89.47594, 31.001363 ], [ -89.475911, 30.997377 ], [ -89.458976, 30.997464 ], [ -89.45897, 30.993793 ], [ -89.473856, 30.993598 ], [ -89.475943, 30.992267 ], [ -89.476022, 30.982901 ], [ -89.471345, 30.982901 ], [ -89.46706, 30.9829 ], [ -89.466442, 30.984448 ], [ -89.463737, 30.985846 ], [ -89.459069, 30.989201 ], [ -89.45617, 30.986739 ], [ -89.450639, 30.986522 ], [ -89.450595, 30.990105 ], [ -89.445092, 30.990125 ], [ -89.442916, 30.996941 ], [ -89.442751, 30.998037 ], [ -89.442126, 30.997385 ], [ -89.424981, 30.997452 ], [ -89.42078, 30.997424 ], [ -89.420253, 31.000494 ], [ -89.418228, 31.000203 ], [ -89.416722, 31.005367 ], [ -89.424876, 31.005355 ], [ -89.433545, 31.005533 ], [ -89.433518, 31.009998 ], [ -89.43363, 31.021069 ], [ -89.443394, 31.021143 ], [ -89.444203, 31.02221 ], [ -89.445683, 31.028464 ], [ -89.443436, 31.032151 ], [ -89.446545, 31.032187 ], [ -89.446221, 31.035654 ], [ -89.443953, 31.039494 ], [ -89.450499, 31.039499 ], [ -89.450377, 31.0322 ], [ -89.447302, 31.032186 ], [ -89.446704, 31.029559 ], [ -89.450567, 31.029511 ], [ -89.450432, 31.019189 ], [ -89.450448, 31.016259 ], [ -89.467142, 31.016265 ], [ -89.467045, 31.017611 ], [ -89.478081, 31.017587 ], [ -89.478128, 31.021274 ], [ -89.480199, 31.021286 ], [ -89.480314, 31.022451 ], [ -89.482737, 31.022474 ], [ -89.484055, 31.019708 ], [ -89.486245, 31.021419 ], [ -89.488752, 31.021809 ], [ -89.488707, 31.017614 ], [ -89.492919, 31.017608 ], [ -89.492867, 31.013393 ], [ -89.497938, 31.013574 ], [ -89.497833, 31.011485 ], [ -89.501436, 31.0111 ], [ -89.501432, 31.010309 ] ] ] } },
{ "type": "Feature", "properties": { "GEOID": "2875040", "NAME": "Tutwiler town, Mississippi", "population": 1649.0 }, "geometry": { "type": "Polygon", "coordinates": [ [ [ -90.450953, 34.014972 ], [ -90.442188, 34.014972 ], [ -90.442246, 34.013684 ], [ -90.442094, 34.012358 ], [ -90.442145, 34.009838 ], [ -90.440637, 34.009745 ], [ -90.433436, 34.009409 ], [ -90.432951, 34.009437 ], [ -90.432998, 34.00519 ], [ -90.432956, 34.003666 ], [ -90.432531, 34.001367 ], [ -90.417545, 34.00105 ], [ -90.417564, 34.017425 ], [ -90.417569, 34.022513 ], [ -90.417572, 34.024757 ], [ -90.429316, 34.024024 ], [ -90.432452, 34.023733 ], [ -90.432752, 34.029272 ], [ -90.434351, 34.029319 ], [ -90.441948, 34.029467 ], [ -90.442003, 34.03343 ], [ -90.450948, 34.033157 ], [ -90.450953, 34.014972 ] ] ] } },
{ "type": "Feature", "properties": { "GEOID": "2809180", "NAME": "Bruce town, Mississippi", "population": 1608.0 }, "geometry": { "type": "Polygon", "coordinates": [ [ [ -89.359659, 33.986655 ], [ -89.354509, 33.98674 ], [ -89.354485, 33.98566 ], [ -89.356719, 33.984836 ], [ -89.356735, 33.983559 ], [ -89.357737, 33.979486 ], [ -89.349454, 33.979591 ], [ -89.348183, 33.974821 ], [ -89.346016, 33.975226 ], [ -89.344043, 33.978082 ], [ -89.34403, 33.979275 ], [ -89.343332, 33.979289 ], [ -89.341305, 33.982134 ], [ -89.338979, 33.982152 ], [ -89.338877, 33.977779 ], [ -89.337196, 33.978859 ], [ -89.331145, 33.981131 ], [ -89.331004, 33.986449 ], [ -89.333425, 33.987479 ], [ -89.330294, 33.987758 ], [ -89.331246, 33.991487 ], [ -89.333485, 33.992766 ], [ -89.333837, 33.999222 ], [ -89.337139, 33.999288 ], [ -89.337245, 34.001608 ], [ -89.337306, 34.005242 ], [ -89.340368, 34.004196 ], [ -89.345734, 34.003865 ], [ -89.349792, 34.00408 ], [ -89.356535, 34.00381 ], [ -89.356586, 33.997724 ], [ -89.358745, 33.997684 ], [ -89.358645, 33.994751 ], [ -89.358737, 33.990404 ], [ -89.359659, 33.986655 ] ] ] } },
{ "type": "Feature", "properties": { "GEOID": "2872680", "NAME": "Terry town, Mississippi", "population": 1557.0 }, "geometry": { "type": "Polygon", "coordinates": [ [ [ -90.313884, 32.093427 ], [ -90.31385, 32.079596 ], [ -90.313836, 32.073386 ], [ -90.297337, 32.091379 ], [ -90.291261, 32.0922 ], [ -90.289265, 32.09224 ], [ -90.289228, 32.095289 ], [ -90.289184, 32.098861 ], [ -90.280507, 32.108202 ], [ -90.282245, 32.108724 ], [ -90.280667, 32.111088 ], [ -90.280805, 32.113442 ], [ -90.280099, 32.118163 ], [ -90.285909, 32.118135 ], [ -90.286163, 32.128077 ], [ -90.283988, 32.128099 ], [ -90.286813, 32.13262 ], [ -90.28759, 32.133545 ], [ -90.288345, 32.134942 ], [ -90.289448, 32.134555 ], [ -90.289482, 32.131831 ], [ -90.29683, 32.131785 ], [ -90.296819, 32.11552 ], [ -90.301138, 32.115485 ], [ -90.300974, 32.108023 ], [ -90.313928, 32.108085 ], [ -90.313884, 32.093427 ] ] ] } },
{ "type": "Feature", "properties": { "GEOID": "2800300", "NAME": "Ackerman town, Mississippi", "population": 1536.0 }, "geometry": { "type": "Polygon", "coordinates": [ [ [ -89.183911, 33.317435 ], [ -89.183902, 33.312898 ], [ -89.183874, 33.310344 ], [ -89.183813, 33.305609 ], [ -89.183656, 33.303565 ], [ -89.183877, 33.303061 ], [ -89.183772, 33.300314 ], [ -89.175098, 33.300244 ], [ -89.170232, 33.300265 ], [ -89.157774, 33.300363 ], [ -89.157839, 33.309365 ], [ -89.157913, 33.322088 ], [ -89.166579, 33.32205 ], [ -89.166675, 33.325567 ], [ -89.166079, 33.326658 ], [ -89.168424, 33.324843 ], [ -89.17087, 33.323493 ], [ -89.170872, 33.322077 ], [ -89.174175, 33.322075 ], [ -89.174287, 33.322075 ], [ -89.177493, 33.322014 ], [ -89.183908, 33.322048 ], [ -89.183911, 33.317435 ] ] ] } },
{ "type": "Feature", "properties": { "GEOID": "2866720", "NAME": "Shannon town, Mississippi", "population": 1496.0 }, "geometry": { "type": "Polygon", "coordinates": [ [ [ -88.72361, 34.131332 ], [ -88.723681, 34.126097 ], [ -88.724371, 34.122916 ], [ -88.724784, 34.118605 ], [ -88.722045, 34.118585 ], [ -88.72207, 34.115027 ], [ -88.720815, 34.11508 ], [ -88.719158, 34.115227 ], [ -88.71915, 34.111869 ], [ -88.70034, 34.111714 ], [ -88.700239, 34.108545 ], [ -88.692755, 34.108543 ], [ -88.692697, 34.104004 ], [ -88.684247, 34.104031 ], [ -88.68426, 34.09669 ], [ -88.683828, 34.096744 ], [ -88.675001, 34.096864 ], [ -88.674841, 34.09503 ], [ -88.671678, 34.094992 ], [ -88.671656, 34.10219 ], [ -88.66624, 34.102196 ], [ -88.666238, 34.103851 ], [ -88.666283, 34.111258 ], [ -88.664188, 34.11132 ], [ -88.664049, 34.118588 ], [ -88.679293, 34.11868 ], [ -88.679371, 34.120417 ], [ -88.683668, 34.120459 ], [ -88.68394, 34.122024 ], [ -88.700643, 34.122101 ], [ -88.700766, 34.125645 ], [ -88.709827, 34.125815 ], [ -88.709048, 34.127631 ], [ -88.715565, 34.127618 ], [ -88.716392, 34.129208 ], [ -88.71642, 34.132486 ], [ -88.719283, 34.132501 ], [ -88.719294, 34.133258 ], [ -88.720428, 34.133261 ], [ -88.720547, 34.131963 ], [ -88.725168, 34.131965 ], [ -88.72361, 34.131332 ] ] ] } },
{ "type": "Feature", "properties": { "GEOID": "2875160", "NAME": "Tylertown town, Mississippi", "population": 1486.0 }, "geometry": { "type": "Polygon", "coordinates": [ [ [ -90.164892, 31.11393 ], [ -90.164352, 31.113109 ], [ -90.164336, 31.110231 ], [ -90.163346, 31.108538 ], [ -90.163229, 31.10662 ], [ -90.155069, 31.106693 ], [ -90.154035, 31.106697 ], [ -90.154583, 31.10411 ], [ -90.154621, 31.102943 ], [ -90.150956, 31.103116 ], [ -90.14635, 31.10576 ], [ -90.146244, 31.105838 ], [ -90.144931, 31.10551 ], [ -90.143827, 31.106106 ], [ -90.140529, 31.106132 ], [ -90.1396, 31.106968 ], [ -90.133732, 31.106982 ], [ -90.133703, 31.104661 ], [ -90.133095, 31.104644 ], [ -90.13297, 31.103834 ], [ -90.131496, 31.103255 ], [ -90.129733, 31.103516 ], [ -90.130147, 31.106045 ], [ -90.129234, 31.108356 ], [ -90.126161, 31.109075 ], [ -90.123276, 31.111594 ], [ -90.123669, 31.113989 ], [ -90.120807, 31.114974 ], [ -90.12102, 31.115937 ], [ -90.11833, 31.1165 ], [ -90.1163, 31.11728 ], [ -90.128913, 31.117262 ], [ -90.128899, 31.116387 ], [ -90.130794, 31.115579 ], [ -90.13117, 31.116076 ], [ -90.130551, 31.117736 ], [ -90.133519, 31.117727 ], [ -90.133008, 31.125317 ], [ -90.133163, 31.130351 ], [ -90.133207, 31.131834 ], [ -90.136009, 31.131672 ], [ -90.137865, 31.13175 ], [ -90.147258, 31.132049 ], [ -90.155077, 31.131929 ], [ -90.155104, 31.129559 ], [ -90.158883, 31.128615 ], [ -90.158598, 31.119875 ], [ -90.158486, 31.114186 ], [ -90.16489, 31.114189 ], [ -90.164892, 31.11393 ] ] ] } },
{ "type": "Feature", "properties": { "GEOID": "2835260", "NAME": "Itta Bena city, Mississippi", "population": 1482.0 }, "geometry": { "type": "Polygon", "coordinates": [ [ [ -90.339706, 33.506878 ], [ -90.327142, 33.500099 ], [ -90.331426, 33.500118 ], [ -90.331415, 33.498472 ], [ -90.331455, 33.496926 ], [ -90.334293, 33.497076 ], [ -90.332981, 33.492413 ], [ -90.328658, 33.49326 ], [ -90.328682, 33.489649 ], [ -90.328718, 33.48854 ], [ -90.315527, 33.488145 ], [ -90.314914, 33.488128 ], [ -90.316156, 33.495435 ], [ -90.31665, 33.501247 ], [ -90.317334, 33.501097 ], [ -90.318603, 33.500987 ], [ -90.318391, 33.507492 ], [ -90.320926, 33.507638 ], [ -90.320282, 33.511387 ], [ -90.335358, 33.511482 ], [ -90.339706, 33.506878 ] ] ] } },
{ "type": "Feature", "properties": { "GEOID": "2804060", "NAME": "Bay Springs city, Mississippi", "population": 1472.0 }, "geometry": { "type": "Polygon", "coordinates": [ [ [ -89.321953, 31.97578 ], [ -89.321917, 31.972336 ], [ -89.316326, 31.972491 ], [ -89.31484, 31.97243 ], [ -89.304504, 31.972406 ], [ -89.304368, 31.96516 ], [ -89.30494, 31.96169 ], [ -89.308309, 31.961798 ], [ -89.308418, 31.947384 ], [ -89.26214, 31.947601 ], [ -89.261897, 31.961732 ], [ -89.25342, 31.961697 ], [ -89.252953, 31.961642 ], [ -89.25296, 31.958469 ], [ -89.240401, 31.958545 ], [ -89.240401, 31.952162 ], [ -89.237305, 31.952157 ], [ -89.237305, 31.947723 ], [ -89.229876, 31.947723 ], [ -89.230128, 31.961854 ], [ -89.230135, 31.962077 ], [ -89.236599, 31.962151 ], [ -89.237031, 31.97763 ], [ -89.253503, 31.977406 ], [ -89.253537, 31.979399 ], [ -89.257569, 31.979463 ], [ -89.257499, 31.987445 ], [ -89.253137, 31.987485 ], [ -89.253354, 32.000935 ], [ -89.27072, 32.00099 ], [ -89.270881, 32.006086 ], [ -89.2793, 32.006166 ], [ -89.279537, 32.019974 ], [ -89.28788, 32.01992 ], [ -89.287903, 32.015318 ], [ -89.288528, 32.015299 ], [ -89.288575, 32.012596 ], [ -89.288639, 32.009446 ], [ -89.300994, 32.009428 ], [ -89.301207, 32.007254 ], [ -89.309203, 32.007321 ], [ -89.309075, 31.982608 ], [ -89.322007, 31.98262 ], [ -89.321953, 31.97578 ] ] ] } },
{ "type": "Feature", "properties": { "GEOID": "2810580", "NAME": "Calhoun City town, Mississippi", "population": 1459.0 }, "geometry": { "type": "Polygon", "coordinates": [ [ [ -89.328656, 33.85383 ], [ -89.328646, 33.851851 ], [ -89.324297, 33.851864 ], [ -89.324311, 33.849342 ], [ -89.320006, 33.849355 ], [ -89.319929, 33.845578 ], [ -89.315719, 33.845642 ], [ -89.315617, 33.842024 ], [ -89.313197, 33.842098 ], [ -89.311424, 33.842144 ], [ -89.3114, 33.842418 ], [ -89.311409, 33.846941 ], [ -89.308791, 33.847001 ], [ -89.30702, 33.847059 ], [ -89.307048, 33.848975 ], [ -89.305955, 33.849025 ], [ -89.306087, 33.850967 ], [ -89.305928, 33.851743 ], [ -89.3054, 33.852956 ], [ -89.299192, 33.853045 ], [ -89.299029, 33.853635 ], [ -89.298879, 33.855287 ], [ -89.296016, 33.855286 ], [ -89.296031, 33.856821 ], [ -89.298984, 33.856883 ], [ -89.298977, 33.860328 ], [ -89.299727, 33.860255 ], [ -89.300773, 33.862688 ], [ -89.301165, 33.863194 ], [ -89.30678, 33.866898 ], [ -89.306822, 33.871132 ], [ -89.309078, 33.871158 ], [ -89.309136, 33.87314 ], [ -89.311269, 33.873162 ], [ -89.311242, 33.871197 ], [ -89.315506, 33.871153 ], [ -89.319195, 33.871314 ], [ -89.319746, 33.87339 ], [ -89.321139, 33.874624 ], [ -89.320223, 33.871319 ], [ -89.326455, 33.871272 ], [ -89.326444, 33.859414 ], [ -89.328702, 33.859402 ], [ -89.328656, 33.85383 ] ] ] } },
{ "type": "Feature", "properties": { "GEOID": "2863720", "NAME": "Rosedale city, Mississippi", "population": 1423.0 }, "geometry": { "type": "Polygon", "coordinates": [ [ [ -91.057001, 33.857489 ], [ -91.05596, 33.856641 ], [ -91.05451, 33.850432 ], [ -91.054886, 33.846636 ], [ -91.051176, 33.839501 ], [ -91.047275, 33.834694 ], [ -91.022207, 33.834306 ], [ -91.0199, 33.833523 ], [ -91.022006, 33.837787 ], [ -91.022771, 33.841953 ], [ -91.019524, 33.841895 ], [ -91.019156, 33.843931 ], [ -91.015784, 33.843285 ], [ -91.006655, 33.841513 ], [ -91.006687, 33.856165 ], [ -91.014793, 33.856173 ], [ -91.02118, 33.860185 ], [ -91.017519, 33.863818 ], [ -91.01619, 33.863885 ], [ -91.01619, 33.869173 ], [ -91.029806, 33.869158 ], [ -91.056554, 33.869173 ], [ -91.056645, 33.864471 ], [ -91.057058, 33.861345 ], [ -91.057001, 33.857489 ] ] ] } },
{ "type": "Feature", "properties": { "GEOID": "2877400", "NAME": "Walls town, Mississippi", "population": 1420.0 }, "geometry": { "type": "Polygon", "coordinates": [ [ [ -90.202137, 34.904455 ], [ -90.195009, 34.904422 ], [ -90.197455, 34.901776 ], [ -90.197477, 34.900764 ], [ -90.191461, 34.900734 ], [ -90.191445, 34.904316 ], [ -90.131288, 34.904196 ], [ -90.131428, 34.908717 ], [ -90.119375, 34.908857 ], [ -90.11928, 34.918134 ], [ -90.119986, 34.918829 ], [ -90.121379, 34.918825 ], [ -90.12252, 34.919959 ], [ -90.122659, 34.926065 ], [ -90.126973, 34.926072 ], [ -90.125266, 34.928922 ], [ -90.127141, 34.931079 ], [ -90.127118, 34.933355 ], [ -90.138075, 34.933285 ], [ -90.138077, 34.947866 ], [ -90.144125, 34.947799 ], [ -90.148082, 34.947764 ], [ -90.146575, 34.949051 ], [ -90.144048, 34.952162 ], [ -90.142263, 34.956599 ], [ -90.14228, 34.959733 ], [ -90.14398, 34.962357 ], [ -90.157925, 34.962338 ], [ -90.157925, 34.947826 ], [ -90.184465, 34.94804 ], [ -90.184337, 34.933477 ], [ -90.193163, 34.933294 ], [ -90.193159, 34.925354 ], [ -90.192951, 34.925465 ], [ -90.193157, 34.918967 ], [ -90.200695, 34.919009 ], [ -90.202109, 34.917568 ], [ -90.202137, 34.904455 ] ] ] } },
{ "type": "Feature", "properties": { "GEOID": "2871480", "NAME": "Summit town, Mississippi", "population": 1417.0 }, "geometry": { "type": "Polygon", "coordinates": [ [ [ -90.47954, 31.27361 ], [ -90.479293, 31.271373 ], [ -90.47931, 31.269167 ], [ -90.47921, 31.269164 ], [ -90.478952, 31.269202 ], [ -90.47186, 31.269151 ], [ -90.471217, 31.269206 ], [ -90.464873, 31.269449 ], [ -90.464189, 31.269408 ], [ -90.46329, 31.269416 ], [ -90.455035, 31.269407 ], [ -90.454955, 31.270639 ], [ -90.454925, 31.271142 ], [ -90.454702, 31.274746 ], [ -90.454957, 31.27552 ], [ -90.454422, 31.283534 ], [ -90.454542, 31.287838 ], [ -90.454704, 31.288268 ], [ -90.454354, 31.291555 ], [ -90.464273, 31.291769 ], [ -90.463138, 31.294181 ], [ -90.46783, 31.294638 ], [ -90.467857, 31.292005 ], [ -90.47864, 31.292053 ], [ -90.478913, 31.288851 ], [ -90.479308, 31.28044 ], [ -90.47954, 31.27361 ] ] ] } },
{ "type": "Feature", "properties": { "GEOID": "2820260", "NAME": "Duck Hill town, Mississippi", "population": 1414.0 }, "geometry": { "type": "Polygon", "coordinates": [ [ [ -89.724538, 33.634547 ], [ -89.7245, 33.624188 ], [ -89.721972, 33.624279 ], [ -89.716625, 33.624255 ], [ -89.712363, 33.624334 ], [ -89.712587, 33.625905 ], [ -89.706183, 33.6258 ], [ -89.703526, 33.627333 ], [ -89.705029, 33.628594 ], [ -89.706048, 33.62917 ], [ -89.705673, 33.629303 ], [ -89.704816, 33.629349 ], [ -89.704745, 33.62932 ], [ -89.704575, 33.629253 ], [ -89.70457, 33.629296 ], [ -89.704563, 33.629372 ], [ -89.70661, 33.633571 ], [ -89.706202, 33.636901 ], [ -89.708031, 33.6369 ], [ -89.708189, 33.637151 ], [ -89.708641, 33.637157 ], [ -89.70858, 33.63858 ], [ -89.710028, 33.639073 ], [ -89.712296, 33.638289 ], [ -89.713884, 33.639462 ], [ -89.717026, 33.639331 ], [ -89.717434, 33.6396 ], [ -89.718861, 33.639589 ], [ -89.720618, 33.638776 ], [ -89.722408, 33.638063 ], [ -89.724531, 33.637492 ], [ -89.724538, 33.634547 ] ] ] } },
{ "type": "Feature", "properties": { "GEOID": "2810060", "NAME": "Byhalia town, Mississippi", "population": 1412.0 }, "geometry": { "type": "Polygon", "coordinates": [ [ [ -89.723857, 34.878846 ], [ -89.715118, 34.8786 ], [ -89.706359, 34.876264 ], [ -89.706384, 34.870667 ], [ -89.708975, 34.870727 ], [ -89.709135, 34.868238 ], [ -89.706323, 34.86811 ], [ -89.706376, 34.864738 ], [ -89.706003, 34.860074 ], [ -89.705641, 34.845669 ], [ -89.687783, 34.845474 ], [ -89.671107, 34.845586 ], [ -89.671135, 34.852625 ], [ -89.668527, 34.85213 ], [ -89.667302, 34.853372 ], [ -89.666142, 34.857228 ], [ -89.664829, 34.858941 ], [ -89.664815, 34.86026 ], [ -89.664201, 34.863803 ], [ -89.663255, 34.865326 ], [ -89.658173, 34.862464 ], [ -89.653114, 34.860153 ], [ -89.646529, 34.860819 ], [ -89.6491, 34.862462 ], [ -89.65386, 34.864894 ], [ -89.658274, 34.8662 ], [ -89.668979, 34.868829 ], [ -89.669263, 34.875315 ], [ -89.671261, 34.87532 ], [ -89.67145, 34.885921 ], [ -89.677782, 34.885917 ], [ -89.688704, 34.885941 ], [ -89.697545, 34.885946 ], [ -89.697562, 34.904205 ], [ -89.704619, 34.904324 ], [ -89.706093, 34.90408 ], [ -89.706506, 34.893028 ], [ -89.706325, 34.891838 ], [ -89.706347, 34.880556 ], [ -89.706638, 34.879081 ], [ -89.723902, 34.886202 ], [ -89.723857, 34.878846 ] ] ] } },
{ "type": "Feature", "properties": { "GEOID": "2840600", "NAME": "Lexington city, Mississippi", "population": 1395.0 }, "geometry": { "type": "Polygon", "coordinates": [ [ [ -90.069977, 33.113867 ], [ -90.06978, 33.110848 ], [ -90.069703, 33.10794 ], [ -90.068324, 33.108739 ], [ -90.066703, 33.105838 ], [ -90.065629, 33.105274 ], [ -90.063729, 33.106303 ], [ -90.064881, 33.107856 ], [ -90.063307, 33.108899 ], [ -90.058573, 33.107329 ], [ -90.057805, 33.106479 ], [ -90.053424, 33.105422 ], [ -90.052631, 33.105225 ], [ -90.051538, 33.105487 ], [ -90.049292, 33.107548 ], [ -90.048015, 33.109642 ], [ -90.043068, 33.110054 ], [ -90.040746, 33.108205 ], [ -90.03799, 33.108289 ], [ -90.036567, 33.107042 ], [ -90.036006, 33.104727 ], [ -90.033786, 33.105863 ], [ -90.033838, 33.109854 ], [ -90.033581, 33.114879 ], [ -90.033642, 33.119493 ], [ -90.033907, 33.121452 ], [ -90.033719, 33.123685 ], [ -90.034071, 33.12505 ], [ -90.034, 33.127284 ], [ -90.048787, 33.127277 ], [ -90.053718, 33.127007 ], [ -90.055672, 33.124563 ], [ -90.057495, 33.124563 ], [ -90.059882, 33.122985 ], [ -90.059404, 33.121518 ], [ -90.062472, 33.120002 ], [ -90.062921, 33.117941 ], [ -90.06546, 33.118066 ], [ -90.070103, 33.115414 ], [ -90.069977, 33.113867 ] ] ] } },
{ "type": "Feature", "properties": { "GEOID": "2863560", "NAME": "Rolling Fork city, Mississippi", "population": 1387.0 }, "geometry": { "type": "Polygon", "coordinates": [ [ [ -90.889303, 32.896275 ], [ -90.880994, 32.896122 ], [ -90.880977, 32.897416 ], [ -90.876401, 32.89744 ], [ -90.87527, 32.898608 ], [ -90.872359, 32.898583 ], [ -90.870039, 32.903675 ], [ -90.868197, 32.907102 ], [ -90.866433, 32.91072 ], [ -90.863466, 32.918138 ], [ -90.87869, 32.917997 ], [ -90.878194, 32.915591 ], [ -90.878169, 32.914817 ], [ -90.878067, 32.913699 ], [ -90.884427, 32.913662 ], [ -90.884587, 32.907496 ], [ -90.887201, 32.907559 ], [ -90.88729, 32.900616 ], [ -90.889351, 32.900613 ], [ -90.889303, 32.896275 ] ] ] } },
{ "type": "Feature", "properties": { "GEOID": "2861160", "NAME": "Raymond city, Mississippi", "population": 1384.0 }, "geometry": { "type": "Polygon", "coordinates": [ [ [ -90.431679, 32.253044 ], [ -90.413297, 32.253239 ], [ -90.41317, 32.250116 ], [ -90.404095, 32.252752 ], [ -90.396189, 32.254079 ], [ -90.386516, 32.25426 ], [ -90.38655, 32.26908 ], [ -90.40784, 32.269314 ], [ -90.410268, 32.269741 ], [ -90.414858, 32.270724 ], [ -90.417048, 32.267714 ], [ -90.431732, 32.267729 ], [ -90.431679, 32.253044 ] ] ] } },
{ "type": "Feature", "properties": { "GEOID": "2849320", "NAME": "Mound Bayou city, Mississippi", "population": 1381.0 }, "geometry": { "type": "Polygon", "coordinates": [ [ [ -90.7385, 33.879579 ], [ -90.736282, 33.879588 ], [ -90.736239, 33.875968 ], [ -90.732333, 33.875964 ], [ -90.732284, 33.874069 ], [ -90.733686, 33.874072 ], [ -90.733558, 33.872404 ], [ -90.732078, 33.872434 ], [ -90.732172, 33.869584 ], [ -90.729742, 33.86958 ], [ -90.7298, 33.87106 ], [ -90.726543, 33.872383 ], [ -90.725617, 33.875664 ], [ -90.723614, 33.87784 ], [ -90.716242, 33.877983 ], [ -90.716265, 33.879632 ], [ -90.718975, 33.879611 ], [ -90.718981, 33.881361 ], [ -90.71924, 33.884871 ], [ -90.719272, 33.886254 ], [ -90.719356, 33.886794 ], [ -90.720049, 33.886771 ], [ -90.72045, 33.886803 ], [ -90.7277, 33.886764 ], [ -90.727754, 33.890512 ], [ -90.734929, 33.890532 ], [ -90.731737, 33.886799 ], [ -90.732341, 33.886771 ], [ -90.732258, 33.883819 ], [ -90.732275, 33.883194 ], [ -90.733094, 33.880691 ], [ -90.736492, 33.880724 ], [ -90.736503, 33.883203 ], [ -90.738576, 33.883161 ], [ -90.7385, 33.879579 ] ] ] } },
{ "type": "Feature", "properties": { "GEOID": "2848560", "NAME": "Monticello town, Mississippi", "population": 1378.0 }, "geometry": { "type": "MultiPolygon", "coordinates": [ [ [ [ -90.088114, 31.553453 ], [ -90.08738, 31.5479 ], [ -90.086095, 31.547966 ], [ -90.081843, 31.548187 ], [ -90.082589, 31.554427 ], [ -90.083494, 31.554108 ], [ -90.087511, 31.553512 ], [ -90.088114, 31.553453 ] ] ], [ [ [ -90.134207, 31.572002 ], [ -90.133851, 31.569163 ], [ -90.129812, 31.569246 ], [ -90.129705, 31.56748 ], [ -90.129513, 31.559513 ], [ -90.12949, 31.544024 ], [ -90.126067, 31.544011 ], [ -90.126056, 31.542669 ], [ -90.124065, 31.541699 ], [ -90.125918, 31.540508 ], [ -90.126027, 31.535409 ], [ -90.122839, 31.534167 ], [ -90.119045, 31.536619 ], [ -90.116559, 31.536597 ], [ -90.115194, 31.534972 ], [ -90.115835, 31.533186 ], [ -90.114391, 31.531652 ], [ -90.112735, 31.533805 ], [ -90.109491, 31.533452 ], [ -90.108266, 31.530748 ], [ -90.104793, 31.531564 ], [ -90.104714, 31.532846 ], [ -90.101714, 31.533635 ], [ -90.101787, 31.54069 ], [ -90.101109, 31.540732 ], [ -90.097744, 31.540835 ], [ -90.09769, 31.553302 ], [ -90.092403, 31.55309 ], [ -90.088114, 31.553453 ], [ -90.089465, 31.555176 ], [ -90.09236, 31.556247 ], [ -90.104734, 31.555365 ], [ -90.108069, 31.556361 ], [ -90.108547, 31.55684 ], [ -90.108462, 31.567433 ], [ -90.10846, 31.567691 ], [ -90.108453, 31.568801 ], [ -90.111907, 31.568726 ], [ -90.112382, 31.571288 ], [ -90.117057, 31.570826 ], [ -90.119277, 31.571238 ], [ -90.122888, 31.571145 ], [ -90.12385, 31.569518 ], [ -90.126947, 31.570083 ], [ -90.127321, 31.570911 ], [ -90.12753, 31.577394 ], [ -90.129991, 31.577432 ], [ -90.130197, 31.579576 ], [ -90.131769, 31.579501 ], [ -90.132199, 31.577469 ], [ -90.134263, 31.577419 ], [ -90.134207, 31.572002 ] ] ] ] } },
{ "type": "Feature", "properties": { "GEOID": "2867000", "NAME": "Shaw city, Mississippi", "population": 1337.0 }, "geometry": { "type": "Polygon", "coordinates": [ [ [ -90.781192, 33.593768 ], [ -90.773388, 33.593729 ], [ -90.772144, 33.592767 ], [ -90.772143, 33.593661 ], [ -90.763381, 33.593721 ], [ -90.763404, 33.599827 ], [ -90.760817, 33.599805 ], [ -90.760821, 33.601012 ], [ -90.763444, 33.601088 ], [ -90.763286, 33.605239 ], [ -90.763473, 33.609068 ], [ -90.765565, 33.60908 ], [ -90.765552, 33.610797 ], [ -90.76843, 33.610816 ], [ -90.769719, 33.609019 ], [ -90.780833, 33.609011 ], [ -90.780942, 33.606016 ], [ -90.780917, 33.601587 ], [ -90.781315, 33.5966 ], [ -90.781192, 33.593768 ] ] ] } },
{ "type": "Feature", "properties": { "GEOID": "2814900", "NAME": "Coldwater town, Mississippi", "population": 1326.0 }, "geometry": { "type": "Polygon", "coordinates": [ [ [ -89.987528, 34.676347 ], [ -89.987494, 34.670694 ], [ -89.976992, 34.670657 ], [ -89.977371, 34.673101 ], [ -89.977217, 34.676262 ], [ -89.975775, 34.682672 ], [ -89.969411, 34.682672 ], [ -89.969302, 34.684956 ], [ -89.966858, 34.684978 ], [ -89.966006, 34.696504 ], [ -89.965293, 34.696829 ], [ -89.957988, 34.697026 ], [ -89.955524, 34.697767 ], [ -89.955524, 34.699552 ], [ -89.95177, 34.699534 ], [ -89.948022, 34.699511 ], [ -89.942279, 34.699886 ], [ -89.942264, 34.700848 ], [ -89.960377, 34.700908 ], [ -89.960244, 34.70433 ], [ -89.964866, 34.704329 ], [ -89.97051, 34.704327 ], [ -89.971532, 34.699898 ], [ -89.979075, 34.699847 ], [ -89.979074, 34.702619 ], [ -89.981975, 34.702558 ], [ -89.983825, 34.702499 ], [ -89.987345, 34.702531 ], [ -89.987508, 34.689425 ], [ -89.987506, 34.684627 ], [ -89.987528, 34.676347 ] ] ] } },
{ "type": "Feature", "properties": { "GEOID": "2856200", "NAME": "Pelahatchie town, Mississippi", "population": 1324.0 }, "geometry": { "type": "Polygon", "coordinates": [ [ [ -89.883476, 32.279701 ], [ -89.880711, 32.279397 ], [ -89.878699, 32.27949 ], [ -89.863819, 32.28272 ], [ -89.849031, 32.28595 ], [ -89.842762, 32.287779 ], [ -89.833619, 32.290713 ], [ -89.830047, 32.291941 ], [ -89.825966, 32.293474 ], [ -89.82373, 32.294406 ], [ -89.817984, 32.296745 ], [ -89.814366, 32.297542 ], [ -89.813193, 32.297489 ], [ -89.813065, 32.295277 ], [ -89.807251, 32.295324 ], [ -89.807214, 32.294495 ], [ -89.804966, 32.294601 ], [ -89.802758, 32.293318 ], [ -89.80231, 32.295542 ], [ -89.799485, 32.296272 ], [ -89.796194, 32.295836 ], [ -89.759819, 32.289634 ], [ -89.757242, 32.289733 ], [ -89.747034, 32.291997 ], [ -89.732875, 32.295063 ], [ -89.730199, 32.295886 ], [ -89.729974, 32.296011 ], [ -89.729973, 32.296122 ], [ -89.729972, 32.296681 ], [ -89.735536, 32.294926 ], [ -89.755571, 32.290541 ], [ -89.758266, 32.290103 ], [ -89.760417, 32.29023 ], [ -89.790961, 32.295426 ], [ -89.79089, 32.296953 ], [ -89.790509, 32.306385 ], [ -89.790544, 32.309202 ], [ -89.781803, 32.309406 ], [ -89.781702, 32.31523 ], [ -89.775273, 32.316345 ], [ -89.775393, 32.317213 ], [ -89.781992, 32.316788 ], [ -89.78184, 32.326995 ], [ -89.7862, 32.327066 ], [ -89.78636, 32.328884 ], [ -89.786027, 32.337842 ], [ -89.79201, 32.337845 ], [ -89.792041, 32.330847 ], [ -89.786408, 32.330691 ], [ -89.786347, 32.327707 ], [ -89.786311, 32.327065 ], [ -89.794795, 32.32706 ], [ -89.79484, 32.331047 ], [ -89.799148, 32.331226 ], [ -89.799191, 32.336528 ], [ -89.807458, 32.336523 ], [ -89.808861, 32.33003 ], [ -89.810737, 32.330821 ], [ -89.81033, 32.334256 ], [ -89.808292, 32.334356 ], [ -89.808272, 32.336493 ], [ -89.81009, 32.336833 ], [ -89.81005, 32.338011 ], [ -89.808203, 32.338058 ], [ -89.8084, 32.346298 ], [ -89.812487, 32.346314 ], [ -89.816926, 32.343264 ], [ -89.816851, 32.342389 ], [ -89.811472, 32.342149 ], [ -89.812477, 32.339467 ], [ -89.813957, 32.339845 ], [ -89.814648, 32.33859 ], [ -89.813437, 32.337142 ], [ -89.815423, 32.335724 ], [ -89.818658, 32.336061 ], [ -89.816057, 32.334113 ], [ -89.817346, 32.333085 ], [ -89.816855, 32.331634 ], [ -89.816551, 32.331429 ], [ -89.811367, 32.331524 ], [ -89.811439, 32.331015 ], [ -89.810802, 32.32944 ], [ -89.809242, 32.328333 ], [ -89.811105, 32.319846 ], [ -89.808698, 32.312526 ], [ -89.816392, 32.3097 ], [ -89.82266, 32.308687 ], [ -89.822624, 32.313061 ], [ -89.829204, 32.313231 ], [ -89.829164, 32.319636 ], [ -89.833404, 32.319754 ], [ -89.833562, 32.323915 ], [ -89.850719, 32.323955 ], [ -89.850719, 32.317417 ], [ -89.842121, 32.317456 ], [ -89.842202, 32.308727 ], [ -89.833396, 32.308072 ], [ -89.833376, 32.306407 ], [ -89.828286, 32.307298 ], [ -89.82696, 32.307248 ], [ -89.820375, 32.308299 ], [ -89.82049, 32.302194 ], [ -89.816512, 32.302034 ], [ -89.816449, 32.297781 ], [ -89.819305, 32.296754 ], [ -89.830373, 32.292264 ], [ -89.847438, 32.286851 ], [ -89.85221, 32.286138 ], [ -89.879728, 32.280192 ], [ -89.885634, 32.280282 ], [ -89.883476, 32.279701 ] ] ] } },
{ "type": "Feature", "properties": { "GEOID": "2824500", "NAME": "Fayette city, Mississippi", "population": 1315.0 }, "geometry": { "type": "Polygon", "coordinates": [ [ [ -91.077984, 31.701851 ], [ -91.076438, 31.702467 ], [ -91.076579, 31.701388 ], [ -91.066392, 31.705306 ], [ -91.060984, 31.7028 ], [ -91.054842, 31.706063 ], [ -91.052366, 31.707372 ], [ -91.053793, 31.708442 ], [ -91.055994, 31.709985 ], [ -91.055977, 31.711073 ], [ -91.056034, 31.712523 ], [ -91.051068, 31.713149 ], [ -91.051016, 31.71391 ], [ -91.051264, 31.716463 ], [ -91.053569, 31.720752 ], [ -91.05781, 31.720731 ], [ -91.057746, 31.727148 ], [ -91.05631, 31.728473 ], [ -91.058685, 31.72856 ], [ -91.05869, 31.724588 ], [ -91.062075, 31.723607 ], [ -91.062102, 31.720366 ], [ -91.061187, 31.717455 ], [ -91.068558, 31.717361 ], [ -91.06967, 31.7152 ], [ -91.070483, 31.715316 ], [ -91.070812, 31.711016 ], [ -91.071366, 31.705924 ], [ -91.076915, 31.703722 ], [ -91.077953, 31.703211 ], [ -91.077984, 31.701851 ] ] ] } },
{ "type": "Feature", "properties": { "GEOID": "2828220", "NAME": "Goodman town, Mississippi", "population": 1219.0 }, "geometry": { "type": "Polygon", "coordinates": [ [ [ -89.920367, 32.959675 ], [ -89.917882, 32.959632 ], [ -89.911208, 32.959612 ], [ -89.902836, 32.97065 ], [ -89.902861, 32.974134 ], [ -89.911385, 32.974214 ], [ -89.920298, 32.974206 ], [ -89.920049, 32.964879 ], [ -89.920317, 32.96213 ], [ -89.920367, 32.959675 ] ] ] } },
{ "type": "Feature", "properties": { "GEOID": "2845240", "NAME": "Marks city, Mississippi", "population": 1198.0 }, "geometry": { "type": "Polygon", "coordinates": [ [ [ -90.285246, 34.25158 ], [ -90.277292, 34.251332 ], [ -90.277371, 34.245928 ], [ -90.27813, 34.244965 ], [ -90.276455, 34.244979 ], [ -90.276143, 34.240268 ], [ -90.272242, 34.24033 ], [ -90.272125, 34.247198 ], [ -90.26896, 34.247676 ], [ -90.25574, 34.247539 ], [ -90.254694, 34.251173 ], [ -90.258579, 34.248963 ], [ -90.260493, 34.249051 ], [ -90.262301, 34.250111 ], [ -90.263089, 34.251042 ], [ -90.265289, 34.254924 ], [ -90.254448, 34.255556 ], [ -90.254441, 34.256245 ], [ -90.259029, 34.25628 ], [ -90.259002, 34.258043 ], [ -90.266113, 34.257965 ], [ -90.266806, 34.259902 ], [ -90.266842, 34.260971 ], [ -90.266525, 34.261955 ], [ -90.273284, 34.26192 ], [ -90.273333, 34.261611 ], [ -90.2771, 34.261995 ], [ -90.27697, 34.263074 ], [ -90.278362, 34.263151 ], [ -90.278526, 34.262344 ], [ -90.279814, 34.262425 ], [ -90.280947, 34.262858 ], [ -90.281039, 34.262366 ], [ -90.281709, 34.257746 ], [ -90.285362, 34.258455 ], [ -90.285246, 34.25158 ] ] ] } },
{ "type": "Feature", "properties": { "GEOID": "2859560", "NAME": "Port Gibson city, Mississippi", "population": 1155.0 }, "geometry": { "type": "Polygon", "coordinates": [ [ [ -90.996394, 31.973078 ], [ -90.993297, 31.968783 ], [ -90.99162, 31.966396 ], [ -90.99035, 31.9627 ], [ -90.99077, 31.96216 ], [ -90.991723, 31.958797 ], [ -90.991222, 31.95797 ], [ -90.990737, 31.957191 ], [ -90.993224, 31.955163 ], [ -90.99318, 31.952716 ], [ -90.991818, 31.949449 ], [ -90.992589, 31.947276 ], [ -90.98828, 31.945422 ], [ -90.985588, 31.942554 ], [ -90.984306, 31.943186 ], [ -90.980328, 31.942713 ], [ -90.979513, 31.94435 ], [ -90.976306, 31.942602 ], [ -90.974001, 31.946993 ], [ -90.97119, 31.95236 ], [ -90.970073, 31.954494 ], [ -90.972027, 31.955366 ], [ -90.973306, 31.955941 ], [ -90.972953, 31.959308 ], [ -90.978294, 31.964142 ], [ -90.980212, 31.965095 ], [ -90.984295, 31.966695 ], [ -90.989154, 31.965875 ], [ -90.98971, 31.968013 ], [ -90.988053, 31.971151 ], [ -90.989351, 31.972785 ], [ -90.994267, 31.974633 ], [ -90.995151, 31.97396 ], [ -90.996394, 31.973078 ] ] ] } },
{ "type": "Feature", "properties": { "GEOID": "2844920", "NAME": "Mantachie town, Mississippi", "population": 1143.0 }, "geometry": { "type": "Polygon", "coordinates": [ [ [ -88.520982, 34.3087 ], [ -88.520865, 34.307105 ], [ -88.520138, 34.305253 ], [ -88.519893, 34.301208 ], [ -88.518277, 34.298684 ], [ -88.518122, 34.294137 ], [ -88.518673, 34.292589 ], [ -88.518352, 34.291114 ], [ -88.518338, 34.2845 ], [ -88.518283, 34.27967 ], [ -88.526842, 34.279697 ], [ -88.526831, 34.276125 ], [ -88.519876, 34.274978 ], [ -88.514474, 34.272711 ], [ -88.513339, 34.271023 ], [ -88.513699, 34.269227 ], [ -88.515909, 34.267289 ], [ -88.513794, 34.268256 ], [ -88.512979, 34.270574 ], [ -88.511648, 34.269178 ], [ -88.511627, 34.272285 ], [ -88.509347, 34.272571 ], [ -88.509388, 34.27348 ], [ -88.512451, 34.274148 ], [ -88.513842, 34.274947 ], [ -88.513848, 34.279593 ], [ -88.518002, 34.279676 ], [ -88.518112, 34.291229 ], [ -88.517849, 34.294258 ], [ -88.518074, 34.299062 ], [ -88.519706, 34.301448 ], [ -88.519847, 34.305205 ], [ -88.520716, 34.308701 ], [ -88.514925, 34.308701 ], [ -88.51022, 34.309429 ], [ -88.509509, 34.308795 ], [ -88.500717, 34.30882 ], [ -88.500663, 34.303 ], [ -88.48818, 34.303086 ], [ -88.487898, 34.308977 ], [ -88.48338, 34.308895 ], [ -88.483061, 34.332465 ], [ -88.480976, 34.332472 ], [ -88.48105, 34.335789 ], [ -88.480685, 34.336209 ], [ -88.478719, 34.336221 ], [ -88.478682, 34.339051 ], [ -88.478762, 34.341747 ], [ -88.482758, 34.341683 ], [ -88.500999, 34.341721 ], [ -88.500995, 34.343594 ], [ -88.502148, 34.344733 ], [ -88.503438, 34.344773 ], [ -88.507203, 34.35296 ], [ -88.508377, 34.356667 ], [ -88.508301, 34.360853 ], [ -88.508779, 34.364481 ], [ -88.511121, 34.364983 ], [ -88.509693, 34.362744 ], [ -88.509382, 34.354902 ], [ -88.508289, 34.351833 ], [ -88.504508, 34.344736 ], [ -88.504522, 34.341103 ], [ -88.502022, 34.340966 ], [ -88.502021, 34.338168 ], [ -88.514136, 34.338589 ], [ -88.514123, 34.336863 ], [ -88.514024, 34.336124 ], [ -88.509791, 34.336147 ], [ -88.509577, 34.326324 ], [ -88.509705, 34.323114 ], [ -88.509484, 34.310134 ], [ -88.510415, 34.309891 ], [ -88.51387, 34.309135 ], [ -88.516768, 34.308931 ], [ -88.527021, 34.308934 ], [ -88.520982, 34.3087 ] ] ] } },
{ "type": "Feature", "properties": { "GEOID": "2810460", "NAME": "Caledonia town, Mississippi", "population": 1117.0 }, "geometry": { "type": "Polygon", "coordinates": [ [ [ -88.34428, 33.69702 ], [ -88.340627, 33.694145 ], [ -88.340636, 33.692316 ], [ -88.339695, 33.69232 ], [ -88.339608, 33.688915 ], [ -88.336806, 33.688889 ], [ -88.33684, 33.685462 ], [ -88.341178, 33.685396 ], [ -88.34093, 33.67491 ], [ -88.34045, 33.67496 ], [ -88.33236, 33.674692 ], [ -88.332327, 33.66805 ], [ -88.31897, 33.66697 ], [ -88.318936, 33.672994 ], [ -88.314647, 33.673021 ], [ -88.314674, 33.675157 ], [ -88.314741, 33.681445 ], [ -88.314912, 33.686798 ], [ -88.310602, 33.686616 ], [ -88.310563, 33.685305 ], [ -88.306274, 33.685135 ], [ -88.306126, 33.688487 ], [ -88.305195, 33.688468 ], [ -88.305236, 33.690207 ], [ -88.305697, 33.690211 ], [ -88.305688, 33.690591 ], [ -88.305805, 33.691703 ], [ -88.311194, 33.691775 ], [ -88.315214, 33.692332 ], [ -88.315141, 33.695928 ], [ -88.342426, 33.696846 ], [ -88.34428, 33.69702 ] ] ] } },
{ "type": "Feature", "properties": { "GEOID": "2821340", "NAME": "Ecru town, Mississippi", "population": 1113.0 }, "geometry": { "type": "Polygon", "coordinates": [ [ [ -89.051946, 34.336487 ], [ -89.046203, 34.336495 ], [ -89.046203, 34.33468 ], [ -89.044364, 34.33468 ], [ -89.044624, 34.317537 ], [ -89.038638, 34.31753 ], [ -89.037918, 34.31304 ], [ -89.034564, 34.307352 ], [ -89.033453, 34.307363 ], [ -89.032539, 34.309207 ], [ -89.032456, 34.311339 ], [ -89.035627, 34.311397 ], [ -89.035957, 34.314701 ], [ -89.020646, 34.314919 ], [ -89.021881, 34.320983 ], [ -89.025505, 34.325584 ], [ -89.026752, 34.334786 ], [ -89.028667, 34.338265 ], [ -89.028673, 34.339621 ], [ -89.028904, 34.343461 ], [ -89.007316, 34.343135 ], [ -89.007344, 34.35038 ], [ -89.004792, 34.349671 ], [ -89.00139, 34.34286 ], [ -88.998621, 34.342886 ], [ -88.995599, 34.346602 ], [ -88.992757, 34.344444 ], [ -88.991237, 34.343852 ], [ -88.987863, 34.343619 ], [ -88.985547, 34.345347 ], [ -88.987377, 34.349959 ], [ -88.989009, 34.350771 ], [ -88.993418, 34.350664 ], [ -88.993503, 34.352274 ], [ -89.004241, 34.351944 ], [ -89.004196, 34.355348 ], [ -89.007326, 34.355365 ], [ -89.007306, 34.365149 ], [ -89.016158, 34.365238 ], [ -89.016178, 34.371036 ], [ -89.015706, 34.375182 ], [ -89.015719, 34.379935 ], [ -89.022821, 34.379957 ], [ -89.025042, 34.380071 ], [ -89.033772, 34.379968 ], [ -89.033695, 34.361451 ], [ -89.03628, 34.361799 ], [ -89.036218, 34.356965 ], [ -89.038036, 34.357028 ], [ -89.038183, 34.348897 ], [ -89.041527, 34.348939 ], [ -89.041443, 34.344555 ], [ -89.051896, 34.344546 ], [ -89.051895, 34.343569 ], [ -89.051946, 34.336487 ] ] ] } },
{ "type": "Feature", "properties": { "GEOID": "2872400", "NAME": "Taylorsville town, Mississippi", "population": 1103.0 }, "geometry": { "type": "Polygon", "coordinates": [ [ [ -89.46101, 31.8402 ], [ -89.45637, 31.83922 ], [ -89.453364, 31.839001 ], [ -89.452198, 31.838364 ], [ -89.452165, 31.82091 ], [ -89.440583, 31.821084 ], [ -89.440555, 31.818204 ], [ -89.421732, 31.818361 ], [ -89.415413, 31.818472 ], [ -89.415388, 31.824469 ], [ -89.415509, 31.827967 ], [ -89.415059, 31.836328 ], [ -89.415067, 31.839261 ], [ -89.41844, 31.839247 ], [ -89.418536, 31.849532 ], [ -89.427234, 31.849434 ], [ -89.427159, 31.842328 ], [ -89.429723, 31.842315 ], [ -89.436969, 31.842169 ], [ -89.452081, 31.842089 ], [ -89.452235, 31.842088 ], [ -89.45544, 31.842043 ], [ -89.455511, 31.84537 ], [ -89.457892, 31.84537 ], [ -89.457962, 31.847072 ], [ -89.461147, 31.84712 ], [ -89.46101, 31.8402 ] ] ] } },
{ "type": "Feature", "properties": { "GEOID": "2839080", "NAME": "Lambert town, Mississippi", "population": 1095.0 }, "geometry": { "type": "Polygon", "coordinates": [ [ [ -90.294302, 34.199474 ], [ -90.290983, 34.199476 ], [ -90.290983, 34.196486 ], [ -90.288956, 34.1965 ], [ -90.288926, 34.194968 ], [ -90.286836, 34.194976 ], [ -90.28559, 34.196883 ], [ -90.285225, 34.196484 ], [ -90.286686, 34.192339 ], [ -90.28521, 34.192195 ], [ -90.286659, 34.189926 ], [ -90.282052, 34.189911 ], [ -90.282552, 34.191563 ], [ -90.28022, 34.191563 ], [ -90.280241, 34.196637 ], [ -90.276749, 34.196656 ], [ -90.276759, 34.198376 ], [ -90.274776, 34.198375 ], [ -90.274758, 34.200341 ], [ -90.276732, 34.200387 ], [ -90.276595, 34.204064 ], [ -90.277941, 34.203918 ], [ -90.277947, 34.206846 ], [ -90.280718, 34.206917 ], [ -90.280995, 34.207737 ], [ -90.281581, 34.207722 ], [ -90.284498, 34.207977 ], [ -90.285035, 34.208547 ], [ -90.285026, 34.210043 ], [ -90.28935, 34.20883 ], [ -90.289352, 34.205152 ], [ -90.290675, 34.204533 ], [ -90.294205, 34.204522 ], [ -90.294302, 34.199474 ] ] ] } },
{ "type": "Feature", "properties": { "GEOID": "2812740", "NAME": "Centreville town, Mississippi", "population": 1091.0 }, "geometry": { "type": "Polygon", "coordinates": [ [ [ -91.074544, 31.080084 ], [ -91.075528, 31.078781 ], [ -91.073317, 31.077447 ], [ -91.072633, 31.076877 ], [ -91.071907, 31.076539 ], [ -91.065186, 31.072294 ], [ -91.06298, 31.071004 ], [ -91.061443, 31.07275 ], [ -91.059015, 31.075589 ], [ -91.056512, 31.078517 ], [ -91.055131, 31.081966 ], [ -91.053792, 31.081409 ], [ -91.052156, 31.085164 ], [ -91.049017, 31.092492 ], [ -91.058923, 31.096006 ], [ -91.06779, 31.10312 ], [ -91.082476, 31.086087 ], [ -91.074544, 31.080084 ] ] ] } },
{ "type": "Feature", "properties": { "GEOID": "2860840", "NAME": "Raleigh town, Mississippi", "population": 1066.0 }, "geometry": { "type": "Polygon", "coordinates": [ [ [ -89.553224, 32.044212 ], [ -89.551064, 32.044193 ], [ -89.55102, 32.040517 ], [ -89.546822, 32.040573 ], [ -89.547141, 32.027866 ], [ -89.53817, 32.02889 ], [ -89.53766, 32.026 ], [ -89.53442, 32.026168 ], [ -89.534377, 32.021374 ], [ -89.534356, 32.019008 ], [ -89.521876, 32.019021 ], [ -89.52192, 32.014339 ], [ -89.52146, 32.01081 ], [ -89.521853, 32.008215 ], [ -89.52395, 32.008298 ], [ -89.523995, 32.000199 ], [ -89.524007, 31.998045 ], [ -89.517819, 31.997957 ], [ -89.517792, 32.000824 ], [ -89.517722, 32.008156 ], [ -89.513155, 32.008083 ], [ -89.513301, 32.029167 ], [ -89.50935, 32.02891 ], [ -89.495552, 32.029629 ], [ -89.49561, 32.033673 ], [ -89.495661, 32.037089 ], [ -89.499219, 32.037041 ], [ -89.50488, 32.036972 ], [ -89.505119, 32.040798 ], [ -89.509192, 32.040685 ], [ -89.509217, 32.04403 ], [ -89.513525, 32.044504 ], [ -89.513561, 32.047512 ], [ -89.521999, 32.047652 ], [ -89.52196, 32.054969 ], [ -89.525408, 32.054966 ], [ -89.526179, 32.054962 ], [ -89.526109, 32.047786 ], [ -89.528831, 32.047572 ], [ -89.531537, 32.047641 ], [ -89.553086, 32.047846 ], [ -89.553185, 32.044997 ], [ -89.553224, 32.044212 ] ] ] } },
{ "type": "Feature", "properties": { "GEOID": "2815500", "NAME": "Como town, Mississippi", "population": 1064.0 }, "geometry": { "type": "Polygon", "coordinates": [ [ [ -89.951082, 34.506539 ], [ -89.948305, 34.50662 ], [ -89.943349, 34.506622 ], [ -89.94194, 34.500683 ], [ -89.92986, 34.500555 ], [ -89.929874, 34.508313 ], [ -89.921928, 34.50853 ], [ -89.923238, 34.510321 ], [ -89.923251, 34.511996 ], [ -89.929898, 34.512096 ], [ -89.929984, 34.524686 ], [ -89.950882, 34.524671 ], [ -89.951048, 34.513942 ], [ -89.951082, 34.506539 ] ] ] } },
{ "type": "Feature", "properties": { "GEOID": "2876320", "NAME": "Vardaman town, Mississippi", "population": 1060.0 }, "geometry": { "type": "Polygon", "coordinates": [ [ [ -89.188036, 33.881421 ], [ -89.18682, 33.881368 ], [ -89.186648, 33.872877 ], [ -89.168231, 33.872981 ], [ -89.168536, 33.875107 ], [ -89.168417, 33.882508 ], [ -89.168644, 33.888517 ], [ -89.168615, 33.891385 ], [ -89.171528, 33.891433 ], [ -89.183441, 33.89142 ], [ -89.187003, 33.891424 ], [ -89.186894, 33.884236 ], [ -89.188094, 33.884201 ], [ -89.188036, 33.881421 ] ] ] } },
{ "type": "Feature", "properties": { "GEOID": "2862480", "NAME": "Richton town, Mississippi", "population": 946.0 }, "geometry": { "type": "Polygon", "coordinates": [ [ [ -88.955028, 31.339151 ], [ -88.94731, 31.339323 ], [ -88.94731, 31.34438 ], [ -88.945145, 31.345742 ], [ -88.942937, 31.345389 ], [ -88.942951, 31.340008 ], [ -88.94539, 31.340012 ], [ -88.945391, 31.339108 ], [ -88.943329, 31.339107 ], [ -88.942924, 31.335448 ], [ -88.940934, 31.335448 ], [ -88.940905, 31.340336 ], [ -88.939323, 31.340558 ], [ -88.93932, 31.341404 ], [ -88.938589, 31.341413 ], [ -88.938486, 31.341819 ], [ -88.937181, 31.341818 ], [ -88.937181, 31.340876 ], [ -88.934413, 31.332095 ], [ -88.930484, 31.332082 ], [ -88.930555, 31.340152 ], [ -88.93051, 31.350232 ], [ -88.926334, 31.350248 ], [ -88.92634, 31.356974 ], [ -88.926361, 31.360508 ], [ -88.932997, 31.360575 ], [ -88.951534, 31.360541 ], [ -88.951587, 31.356897 ], [ -88.954868, 31.356893 ], [ -88.954889, 31.354438 ], [ -88.955028, 31.339151 ] ] ] } },
{ "type": "Feature", "properties": { "GEOID": "2821580", "NAME": "Edwards town, Mississippi", "population": 926.0 }, "geometry": { "type": "Polygon", "coordinates": [ [ [ -90.618651, 32.324579 ], [ -90.610559, 32.324527 ], [ -90.606421, 32.324714 ], [ -90.601715, 32.324337 ], [ -90.597306, 32.324305 ], [ -90.593236, 32.324273 ], [ -90.592997, 32.336677 ], [ -90.592612, 32.340324 ], [ -90.592584, 32.341022 ], [ -90.59607, 32.340108 ], [ -90.596354, 32.339449 ], [ -90.598078, 32.340324 ], [ -90.604911, 32.341843 ], [ -90.610269, 32.344545 ], [ -90.610266, 32.338633 ], [ -90.618617, 32.338682 ], [ -90.618651, 32.324579 ] ] ] } },
{ "type": "Feature", "properties": { "GEOID": "2818940", "NAME": "Derma town, Mississippi", "population": 914.0 }, "geometry": { "type": "Polygon", "coordinates": [ [ [ -89.299192, 33.853045 ], [ -89.295225, 33.853049 ], [ -89.295253, 33.848197 ], [ -89.289066, 33.847937 ], [ -89.289035, 33.846614 ], [ -89.286765, 33.846604 ], [ -89.286759, 33.847925 ], [ -89.278223, 33.848017 ], [ -89.277649, 33.848003 ], [ -89.277718, 33.852361 ], [ -89.277691, 33.855385 ], [ -89.269612, 33.856891 ], [ -89.269167, 33.859552 ], [ -89.277808, 33.859311 ], [ -89.279104, 33.862549 ], [ -89.282984, 33.862826 ], [ -89.283315, 33.870853 ], [ -89.285831, 33.870763 ], [ -89.298999, 33.870775 ], [ -89.298977, 33.860328 ], [ -89.298984, 33.856883 ], [ -89.296031, 33.856821 ], [ -89.296016, 33.855286 ], [ -89.298879, 33.855287 ], [ -89.299029, 33.853635 ], [ -89.299192, 33.853045 ] ] ] } },
{ "type": "Feature", "properties": { "GEOID": "2836800", "NAME": "Jonestown town, Mississippi", "population": 899.0 }, "geometry": { "type": "Polygon", "coordinates": [ [ [ -90.461217, 34.319483 ], [ -90.457131, 34.31861 ], [ -90.456537, 34.315775 ], [ -90.456173, 34.316489 ], [ -90.454792, 34.316244 ], [ -90.454415, 34.318288 ], [ -90.449784, 34.317652 ], [ -90.449559, 34.319892 ], [ -90.450373, 34.319667 ], [ -90.449295, 34.320384 ], [ -90.448081, 34.322651 ], [ -90.44696, 34.325918 ], [ -90.4504, 34.325975 ], [ -90.450441, 34.32741 ], [ -90.452128, 34.3274 ], [ -90.454732, 34.327406 ], [ -90.454708, 34.324257 ], [ -90.458636, 34.324167 ], [ -90.458458, 34.325186 ], [ -90.458274, 34.326365 ], [ -90.460521, 34.326128 ], [ -90.460307, 34.324296 ], [ -90.461217, 34.319483 ] ] ] } },
{ "type": "Feature", "properties": { "GEOID": "2807060", "NAME": "Blue Mountain town, Mississippi", "population": 897.0 }, "geometry": { "type": "Polygon", "coordinates": [ [ [ -89.037736, 34.66365 ], [ -89.035422, 34.663702 ], [ -89.03042, 34.6637 ], [ -89.030482, 34.660211 ], [ -89.029113, 34.660228 ], [ -89.029082, 34.663723 ], [ -89.026129, 34.663756 ], [ -89.017792, 34.663596 ], [ -89.017873, 34.678235 ], [ -89.012124, 34.678234 ], [ -89.012095, 34.684267 ], [ -89.012619, 34.684266 ], [ -89.03311, 34.684242 ], [ -89.033103, 34.678218 ], [ -89.037472, 34.678238 ], [ -89.037752, 34.668912 ], [ -89.037736, 34.66365 ] ] ] } },
{ "type": "Feature", "properties": { "GEOID": "2859920", "NAME": "Prentiss town, Mississippi", "population": 896.0 }, "geometry": { "type": "Polygon", "coordinates": [ [ [ -89.912344, 31.598088 ], [ -89.899803, 31.59111 ], [ -89.898932, 31.59051 ], [ -89.898978, 31.588706 ], [ -89.899976, 31.588303 ], [ -89.898974, 31.587384 ], [ -89.892343, 31.587324 ], [ -89.89433, 31.589158 ], [ -89.894493, 31.590632 ], [ -89.89115, 31.593477 ], [ -89.888054, 31.597527 ], [ -89.885517, 31.601692 ], [ -89.884201, 31.601753 ], [ -89.884206, 31.600585 ], [ -89.882146, 31.600579 ], [ -89.88211, 31.597064 ], [ -89.880327, 31.597058 ], [ -89.879897, 31.59507 ], [ -89.886671, 31.595033 ], [ -89.886639, 31.58727 ], [ -89.880455, 31.586232 ], [ -89.8841, 31.582934 ], [ -89.882975, 31.582165 ], [ -89.881887, 31.581422 ], [ -89.875703, 31.58708 ], [ -89.871714, 31.587673 ], [ -89.863074, 31.58766 ], [ -89.863053, 31.591435 ], [ -89.861915, 31.594013 ], [ -89.861792, 31.594305 ], [ -89.856499, 31.606766 ], [ -89.856495, 31.608592 ], [ -89.858123, 31.608576 ], [ -89.858727, 31.608677 ], [ -89.858217, 31.609206 ], [ -89.858365, 31.610374 ], [ -89.856752, 31.610348 ], [ -89.856737, 31.616716 ], [ -89.858346, 31.618244 ], [ -89.858935, 31.616317 ], [ -89.862247, 31.614801 ], [ -89.862887, 31.615208 ], [ -89.870786, 31.614057 ], [ -89.874541, 31.616262 ], [ -89.876026, 31.617511 ], [ -89.876696, 31.616988 ], [ -89.87443, 31.615317 ], [ -89.873901, 31.613926 ], [ -89.875952, 31.613935 ], [ -89.875959, 31.612496 ], [ -89.87364, 31.612512 ], [ -89.873642, 31.610326 ], [ -89.869042, 31.611205 ], [ -89.869055, 31.608608 ], [ -89.873661, 31.608277 ], [ -89.873661, 31.606681 ], [ -89.877075, 31.60659 ], [ -89.882192, 31.608931 ], [ -89.883928, 31.606722 ], [ -89.890638, 31.606747 ], [ -89.890537, 31.603249 ], [ -89.889618, 31.602608 ], [ -89.886552, 31.602621 ], [ -89.88823, 31.599141 ], [ -89.891414, 31.595099 ], [ -89.896924, 31.594917 ], [ -89.897658, 31.591971 ], [ -89.898907, 31.592215 ], [ -89.904587, 31.595398 ], [ -89.904006, 31.596178 ], [ -89.906995, 31.597701 ], [ -89.907459, 31.597073 ], [ -89.911429, 31.599258 ], [ -89.912344, 31.598088 ] ] ] } },
{ "type": "Feature", "properties": { "GEOID": "2845720", "NAME": "Mathiston town, Mississippi", "population": 886.0 }, "geometry": { "type": "Polygon", "coordinates": [ [ [ -89.141711, 33.532884 ], [ -89.13801, 33.532944 ], [ -89.13801, 33.525528 ], [ -89.118784, 33.525838 ], [ -89.118859, 33.532867 ], [ -89.115132, 33.532919 ], [ -89.113898, 33.533011 ], [ -89.114083, 33.539306 ], [ -89.114196, 33.541491 ], [ -89.110829, 33.540461 ], [ -89.110818, 33.544635 ], [ -89.114307, 33.544058 ], [ -89.114431, 33.551403 ], [ -89.138081, 33.550686 ], [ -89.141205, 33.545985 ], [ -89.141482, 33.540254 ], [ -89.141711, 33.532884 ] ] ] } },
{ "type": "Feature", "properties": { "GEOID": "2849520", "NAME": "Mount Olive town, Mississippi", "population": 883.0 }, "geometry": { "type": "Polygon", "coordinates": [ [ [ -89.683241, 31.779194 ], [ -89.676582, 31.762988 ], [ -89.659891, 31.750124 ], [ -89.660403, 31.748464 ], [ -89.65752, 31.747828 ], [ -89.657815, 31.74046 ], [ -89.651127, 31.740418 ], [ -89.649586, 31.741134 ], [ -89.646782, 31.741114 ], [ -89.645521, 31.740329 ], [ -89.642023, 31.740329 ], [ -89.634394, 31.725043 ], [ -89.632695, 31.722311 ], [ -89.625265, 31.722279 ], [ -89.62767, 31.726195 ], [ -89.63056, 31.7309 ], [ -89.633708, 31.736531 ], [ -89.637825, 31.736482 ], [ -89.639211, 31.73692 ], [ -89.640969, 31.740356 ], [ -89.637445, 31.74027 ], [ -89.637394, 31.741393 ], [ -89.644888, 31.751227 ], [ -89.64489, 31.761572 ], [ -89.645005, 31.761696 ], [ -89.6529, 31.761707 ], [ -89.652889, 31.765484 ], [ -89.665918, 31.765514 ], [ -89.665916, 31.769501 ], [ -89.668001, 31.769506 ], [ -89.668005, 31.771338 ], [ -89.670212, 31.771347 ], [ -89.670444, 31.775741 ], [ -89.674962, 31.775907 ], [ -89.67716, 31.777069 ], [ -89.679138, 31.779368 ], [ -89.680523, 31.779309 ], [ -89.680828, 31.779298 ], [ -89.683241, 31.779194 ] ] ] } },
{ "type": "Feature", "properties": { "GEOID": "2871600", "NAME": "Sunflower town, Mississippi", "population": 874.0 }, "geometry": { "type": "Polygon", "coordinates": [ [ [ -90.542767, 33.543078 ], [ -90.539794, 33.543381 ], [ -90.538494, 33.542161 ], [ -90.539726, 33.540489 ], [ -90.539704, 33.533898 ], [ -90.534275, 33.536139 ], [ -90.532789, 33.537496 ], [ -90.532117, 33.54231 ], [ -90.531205, 33.548222 ], [ -90.532725, 33.549615 ], [ -90.535712, 33.54967 ], [ -90.535705, 33.552639 ], [ -90.542347, 33.552715 ], [ -90.542464, 33.550359 ], [ -90.544135, 33.543971 ], [ -90.542767, 33.543078 ] ] ] } },
{ "type": "Feature", "properties": { "GEOID": "2875880", "NAME": "Vaiden town, Mississippi", "population": 872.0 }, "geometry": { "type": "Polygon", "coordinates": [ [ [ -89.786302, 33.341744 ], [ -89.783179, 33.338085 ], [ -89.781105, 33.336987 ], [ -89.778331, 33.336524 ], [ -89.77829, 33.33332 ], [ -89.775635, 33.333232 ], [ -89.775819, 33.332054 ], [ -89.773309, 33.332749 ], [ -89.77333, 33.333506 ], [ -89.768233, 33.333619 ], [ -89.762635, 33.330633 ], [ -89.76235, 33.331953 ], [ -89.757437, 33.329059 ], [ -89.760155, 33.328946 ], [ -89.75757, 33.327427 ], [ -89.754058, 33.326232 ], [ -89.749995, 33.326372 ], [ -89.749939, 33.325492 ], [ -89.74962, 33.326333 ], [ -89.746659, 33.325432 ], [ -89.740514, 33.325295 ], [ -89.73971, 33.323493 ], [ -89.736368, 33.315792 ], [ -89.735092, 33.316208 ], [ -89.730152, 33.317427 ], [ -89.732627, 33.321595 ], [ -89.735954, 33.323885 ], [ -89.734292, 33.324799 ], [ -89.733329, 33.339574 ], [ -89.737825, 33.33961 ], [ -89.738032, 33.341361 ], [ -89.741795, 33.340682 ], [ -89.744025, 33.341655 ], [ -89.74424, 33.341654 ], [ -89.745021, 33.341648 ], [ -89.744209, 33.339888 ], [ -89.750753, 33.340033 ], [ -89.750391, 33.332755 ], [ -89.753289, 33.333372 ], [ -89.754853, 33.333005 ], [ -89.75918, 33.334298 ], [ -89.763871, 33.334706 ], [ -89.768252, 33.337071 ], [ -89.76823, 33.343689 ], [ -89.778532, 33.343587 ], [ -89.786377, 33.343485 ], [ -89.786302, 33.341744 ] ] ] } },
{ "type": "Feature", "properties": { "GEOID": "2827820", "NAME": "Gloster town, Mississippi", "population": 859.0 }, "geometry": { "type": "Polygon", "coordinates": [ [ [ -91.040347, 31.180481 ], [ -91.02558, 31.180607 ], [ -91.025615, 31.184755 ], [ -91.021451, 31.184735 ], [ -91.021494, 31.188826 ], [ -91.014606, 31.188784 ], [ -91.014558, 31.194598 ], [ -91.012894, 31.196056 ], [ -91.000096, 31.196114 ], [ -91.000092, 31.194046 ], [ -90.996278, 31.19398 ], [ -90.996141, 31.197919 ], [ -90.996592, 31.198921 ], [ -90.996515, 31.202601 ], [ -91.000109, 31.202576 ], [ -91.000111, 31.203632 ], [ -91.00173, 31.20302 ], [ -91.008745, 31.203006 ], [ -91.00881, 31.20638 ], [ -91.016245, 31.206366 ], [ -91.016253, 31.204908 ], [ -91.018766, 31.204898 ], [ -91.019237, 31.203019 ], [ -91.02769, 31.20307 ], [ -91.027809, 31.195896 ], [ -91.028761, 31.194051 ], [ -91.028137, 31.19405 ], [ -91.027816, 31.194045 ], [ -91.027861, 31.190058 ], [ -91.030903, 31.187714 ], [ -91.040347, 31.180481 ] ] ] } },
{ "type": "Feature", "properties": { "GEOID": "2808980", "NAME": "Brooksville town, Mississippi", "population": 858.0 }, "geometry": { "type": "Polygon", "coordinates": [ [ [ -88.589049, 33.227092 ], [ -88.582169, 33.227171 ], [ -88.582131, 33.223668 ], [ -88.579545, 33.22554 ], [ -88.57167, 33.225494 ], [ -88.569574, 33.225546 ], [ -88.569588, 33.234576 ], [ -88.569727, 33.245661 ], [ -88.569746, 33.247484 ], [ -88.56982, 33.249581 ], [ -88.582654, 33.24963 ], [ -88.582679, 33.246077 ], [ -88.582699, 33.241847 ], [ -88.58582, 33.241729 ], [ -88.586551, 33.24188 ], [ -88.586894, 33.241331 ], [ -88.586893, 33.240763 ], [ -88.585283, 33.238008 ], [ -88.588926, 33.238 ], [ -88.588938, 33.233248 ], [ -88.589049, 33.227092 ] ] ] } },
{ "type": "Feature", "properties": { "GEOID": "2809820", "NAME": "Burnsville town, Mississippi", "population": 857.0 }, "geometry": { "type": "Polygon", "coordinates": [ [ [ -88.334545, 34.845804 ], [ -88.334098, 34.827991 ], [ -88.321779, 34.827698 ], [ -88.322066, 34.813147 ], [ -88.33056, 34.813266 ], [ -88.330665, 34.79837 ], [ -88.31853, 34.798398 ], [ -88.317238, 34.821111 ], [ -88.314456, 34.821418 ], [ -88.312344, 34.823899 ], [ -88.30625, 34.827456 ], [ -88.305139, 34.828436 ], [ -88.304859, 34.828668 ], [ -88.297925, 34.834597 ], [ -88.297686, 34.835241 ], [ -88.302859, 34.851053 ], [ -88.302659, 34.855064 ], [ -88.302635, 34.8556 ], [ -88.302348, 34.85669 ], [ -88.302131, 34.858896 ], [ -88.311665, 34.858979 ], [ -88.31819, 34.858672 ], [ -88.322546, 34.858866 ], [ -88.322629, 34.850472 ], [ -88.334062, 34.850372 ], [ -88.334243, 34.847218 ], [ -88.334545, 34.845804 ] ] ] } },
{ "type": "Feature", "properties": { "GEOID": "2858440", "NAME": "Plantersville town, Mississippi", "population": 856.0 }, "geometry": { "type": "Polygon", "coordinates": [ [ [ -88.683254, 34.208666 ], [ -88.673962, 34.20878 ], [ -88.672814, 34.206182 ], [ -88.68098, 34.199777 ], [ -88.680589, 34.199452 ], [ -88.678709, 34.1977 ], [ -88.676894, 34.198823 ], [ -88.678357, 34.200278 ], [ -88.672355, 34.205114 ], [ -88.669512, 34.198281 ], [ -88.669319, 34.198279 ], [ -88.658527, 34.198175 ], [ -88.658446, 34.203943 ], [ -88.649788, 34.203954 ], [ -88.649752, 34.205182 ], [ -88.641508, 34.205328 ], [ -88.641412, 34.208096 ], [ -88.649889, 34.208059 ], [ -88.649871, 34.21197 ], [ -88.658331, 34.211895 ], [ -88.658598, 34.213583 ], [ -88.658243, 34.220649 ], [ -88.658249, 34.22276 ], [ -88.662667, 34.22272 ], [ -88.662715, 34.226333 ], [ -88.66493, 34.226362 ], [ -88.664703, 34.222769 ], [ -88.667163, 34.222729 ], [ -88.66716, 34.22069 ], [ -88.667168, 34.219083 ], [ -88.676064, 34.219045 ], [ -88.676101, 34.217268 ], [ -88.679131, 34.217239 ], [ -88.681411, 34.220692 ], [ -88.681701, 34.220612 ], [ -88.679387, 34.217237 ], [ -88.683209, 34.217167 ], [ -88.683254, 34.208666 ] ] ] } },
{ "type": "Feature", "properties": { "GEOID": "2818340", "NAME": "De Kalb town, Mississippi", "population": 834.0 }, "geometry": { "type": "Polygon", "coordinates": [ [ [ -88.683228, 32.776396 ], [ -88.683212, 32.774481 ], [ -88.683058, 32.769035 ], [ -88.665465, 32.768908 ], [ -88.665448, 32.765473 ], [ -88.657025, 32.765494 ], [ -88.656805, 32.753884 ], [ -88.656797, 32.751476 ], [ -88.656055, 32.751462 ], [ -88.648178, 32.75136 ], [ -88.648161, 32.754 ], [ -88.648143, 32.758432 ], [ -88.639598, 32.75851 ], [ -88.639615, 32.772756 ], [ -88.631973, 32.77292 ], [ -88.6311, 32.773342 ], [ -88.631126, 32.77391 ], [ -88.631476, 32.780187 ], [ -88.63841, 32.780234 ], [ -88.660186, 32.780155 ], [ -88.661533, 32.781343 ], [ -88.664, 32.780506 ], [ -88.682504, 32.780627 ], [ -88.682481, 32.779709 ], [ -88.683227, 32.776591 ], [ -88.683228, 32.776396 ] ] ] } },
{ "type": "Feature", "properties": { "GEOID": "2870760", "NAME": "Stonewall town, Mississippi", "population": 833.0 }, "geometry": { "type": "Polygon", "coordinates": [ [ [ -88.812202, 32.126485 ], [ -88.810729, 32.126449 ], [ -88.800132, 32.126401 ], [ -88.788475, 32.126761 ], [ -88.785419, 32.127043 ], [ -88.78074, 32.12711 ], [ -88.776498, 32.127102 ], [ -88.776881, 32.13103 ], [ -88.774491, 32.130999 ], [ -88.774415, 32.13807 ], [ -88.775131, 32.138349 ], [ -88.776616, 32.138356 ], [ -88.776578, 32.141728 ], [ -88.792848, 32.141822 ], [ -88.798155, 32.141421 ], [ -88.7982, 32.148774 ], [ -88.802645, 32.148742 ], [ -88.802628, 32.152555 ], [ -88.809982, 32.152538 ], [ -88.809684, 32.151277 ], [ -88.81002, 32.149546 ], [ -88.810552, 32.147827 ], [ -88.810865, 32.145796 ], [ -88.811103, 32.144247 ], [ -88.810993, 32.142427 ], [ -88.811922, 32.138972 ], [ -88.811422, 32.133241 ], [ -88.812202, 32.126485 ] ] ] } },
{ "type": "Feature", "properties": { "GEOID": "2826060", "NAME": "Friars Point town, Mississippi", "population": 830.0 }, "geometry": { "type": "Polygon", "coordinates": [ [ [ -90.649892, 34.361956 ], [ -90.64029, 34.36238 ], [ -90.640311, 34.359116 ], [ -90.631407, 34.359199 ], [ -90.631497, 34.361039 ], [ -90.631428, 34.364747 ], [ -90.627968, 34.364725 ], [ -90.628058, 34.371872 ], [ -90.627573, 34.376174 ], [ -90.629525, 34.375528 ], [ -90.637972, 34.37714 ], [ -90.641739, 34.374722 ], [ -90.647427, 34.369878 ], [ -90.649555, 34.368615 ], [ -90.649892, 34.361956 ] ] ] } },
{ "type": "Feature", "properties": { "GEOID": "2874760", "NAME": "Tunica town, Mississippi", "population": 819.0 }, "geometry": { "type": "Polygon", "coordinates": [ [ [ -90.388061, 34.68859 ], [ -90.388015, 34.686177 ], [ -90.385045, 34.686255 ], [ -90.385062, 34.68493 ], [ -90.385594, 34.678799 ], [ -90.379062, 34.678866 ], [ -90.37873, 34.684153 ], [ -90.375979, 34.684085 ], [ -90.375752, 34.684075 ], [ -90.375747, 34.684706 ], [ -90.374523, 34.684695 ], [ -90.374496, 34.692571 ], [ -90.375675, 34.692556 ], [ -90.375619, 34.696151 ], [ -90.379546, 34.696297 ], [ -90.381605, 34.696171 ], [ -90.38395, 34.695681 ], [ -90.383618, 34.693772 ], [ -90.384966, 34.693819 ], [ -90.384991, 34.691498 ], [ -90.388119, 34.691517 ], [ -90.388061, 34.68859 ] ] ] } },
{ "type": "Feature", "properties": { "GEOID": "2857200", "NAME": "Pickens town, Mississippi", "population": 810.0 }, "geometry": { "type": "Polygon", "coordinates": [ [ [ -89.981215, 32.884944 ], [ -89.965882, 32.879573 ], [ -89.965575, 32.881418 ], [ -89.962903, 32.882144 ], [ -89.959777, 32.886569 ], [ -89.961267, 32.888562 ], [ -89.959119, 32.889045 ], [ -89.958138, 32.890487 ], [ -89.966759, 32.890542 ], [ -89.958411, 32.901549 ], [ -89.960367, 32.902119 ], [ -89.962139, 32.901569 ], [ -89.976547, 32.901534 ], [ -89.97653, 32.894315 ], [ -89.978787, 32.894281 ], [ -89.97868, 32.888171 ], [ -89.981215, 32.884944 ] ] ] } },
{ "type": "Feature", "properties": { "GEOID": "2881120", "NAME": "Woodville town, Mississippi", "population": 807.0 }, "geometry": { "type": "Polygon", "coordinates": [ [ [ -91.307803, 31.095453 ], [ -91.302961, 31.095449 ], [ -91.297699, 31.095434 ], [ -91.292964, 31.095437 ], [ -91.290817, 31.095386 ], [ -91.290776, 31.102494 ], [ -91.290623, 31.110476 ], [ -91.293253, 31.110484 ], [ -91.302183, 31.110135 ], [ -91.307757, 31.110167 ], [ -91.307799, 31.103881 ], [ -91.307803, 31.095453 ] ] ] } },
{ "type": "Feature", "properties": { "GEOID": "2835020", "NAME": "Inverness town, Mississippi", "population": 805.0 }, "geometry": { "type": "Polygon", "coordinates": [ [ [ -90.605966, 33.349127 ], [ -90.598622, 33.349097 ], [ -90.598601, 33.346227 ], [ -90.594876, 33.345269 ], [ -90.596226, 33.343412 ], [ -90.589556, 33.343449 ], [ -90.588503, 33.342095 ], [ -90.586421, 33.345664 ], [ -90.580886, 33.352272 ], [ -90.580025, 33.356448 ], [ -90.580506, 33.358701 ], [ -90.582208, 33.361514 ], [ -90.585808, 33.365391 ], [ -90.587972, 33.369652 ], [ -90.590147, 33.369633 ], [ -90.590094, 33.362257 ], [ -90.594655, 33.361808 ], [ -90.594674, 33.358187 ], [ -90.602912, 33.358216 ], [ -90.602899, 33.352185 ], [ -90.605952, 33.35229 ], [ -90.605966, 33.349127 ] ] ] } },
{ "type": "Feature", "properties": { "GEOID": "2814740", "NAME": "Coffeeville town, Mississippi", "population": 778.0 }, "geometry": { "type": "Polygon", "coordinates": [ [ [ -89.697483, 33.967893 ], [ -89.696392, 33.964272 ], [ -89.693946, 33.959891 ], [ -89.690217, 33.964291 ], [ -89.690437, 33.963721 ], [ -89.688534, 33.963562 ], [ -89.688225, 33.963012 ], [ -89.681203, 33.967932 ], [ -89.677534, 33.969273 ], [ -89.67027, 33.974116 ], [ -89.669939, 33.975321 ], [ -89.669475, 33.977265 ], [ -89.668892, 33.979743 ], [ -89.668727, 33.980506 ], [ -89.668807, 33.982301 ], [ -89.66974, 33.984075 ], [ -89.673601, 33.986572 ], [ -89.675198, 33.988185 ], [ -89.687418, 33.986864 ], [ -89.687548, 33.989647 ], [ -89.690461, 33.989777 ], [ -89.691445, 33.986562 ], [ -89.693503, 33.984862 ], [ -89.694207, 33.983373 ], [ -89.695968, 33.980689 ], [ -89.697265, 33.973613 ], [ -89.697483, 33.967893 ] ] ] } },
{ "type": "Feature", "properties": { "GEOID": "2842980", "NAME": "Maben town, Mississippi", "population": 773.0 }, "geometry": { "type": "Polygon", "coordinates": [ [ [ -89.094559, 33.545471 ], [ -89.088504, 33.545527 ], [ -89.069296, 33.545624 ], [ -89.066618, 33.545726 ], [ -89.066907, 33.562191 ], [ -89.066814, 33.562191 ], [ -89.066879, 33.563628 ], [ -89.088307, 33.563506 ], [ -89.090364, 33.562053 ], [ -89.094666, 33.561684 ], [ -89.094559, 33.545471 ] ] ] } },
{ "type": "Feature", "properties": { "GEOID": "2809460", "NAME": "Bude town, Mississippi", "population": 771.0 }, "geometry": { "type": "Polygon", "coordinates": [ [ [ -90.87009, 31.464552 ], [ -90.867329, 31.46234 ], [ -90.866805, 31.458774 ], [ -90.862183, 31.459004 ], [ -90.861013, 31.455301 ], [ -90.859093, 31.456391 ], [ -90.854103, 31.457046 ], [ -90.854142, 31.458124 ], [ -90.85053, 31.45933 ], [ -90.848331, 31.459405 ], [ -90.84775, 31.457423 ], [ -90.846249, 31.456498 ], [ -90.846119, 31.455383 ], [ -90.842468, 31.455134 ], [ -90.837797, 31.455269 ], [ -90.837831, 31.462501 ], [ -90.834912, 31.463348 ], [ -90.832236, 31.464891 ], [ -90.83782, 31.46488 ], [ -90.837647, 31.468383 ], [ -90.83885, 31.46939 ], [ -90.838098, 31.470633 ], [ -90.838101, 31.472602 ], [ -90.842553, 31.472648 ], [ -90.842537, 31.468658 ], [ -90.855867, 31.468414 ], [ -90.855731, 31.465149 ], [ -90.860602, 31.466524 ], [ -90.864796, 31.469179 ], [ -90.865611, 31.466447 ], [ -90.867116, 31.467041 ], [ -90.870355, 31.466436 ], [ -90.87009, 31.464552 ] ] ] } },
{ "type": "Feature", "properties": { "GEOID": "2846880", "NAME": "Metcalfe town, Mississippi", "population": 735.0 }, "geometry": { "type": "Polygon", "coordinates": [ [ [ -91.01124, 33.443623 ], [ -91.006258, 33.443281 ], [ -90.99935, 33.443711 ], [ -90.994037, 33.443717 ], [ -90.99216, 33.454151 ], [ -90.992435, 33.459719 ], [ -90.996204, 33.457222 ], [ -91.001939, 33.457081 ], [ -91.005194, 33.458292 ], [ -91.007756, 33.458275 ], [ -91.00985, 33.455069 ], [ -91.009178, 33.4546 ], [ -91.011421, 33.452077 ], [ -91.01124, 33.443623 ] ] ] } },
{ "type": "Feature", "properties": { "GEOID": "2866160", "NAME": "Scooba town, Mississippi", "population": 734.0 }, "geometry": { "type": "Polygon", "coordinates": [ [ [ -88.493113, 32.819899 ], [ -88.467321, 32.819841 ], [ -88.467519, 32.826554 ], [ -88.46174, 32.827861 ], [ -88.450415, 32.827916 ], [ -88.450397, 32.833886 ], [ -88.455209, 32.834304 ], [ -88.472339, 32.834549 ], [ -88.474259, 32.837036 ], [ -88.474253, 32.84148 ], [ -88.492857, 32.841562 ], [ -88.492924, 32.833842 ], [ -88.493113, 32.819899 ] ] ] } },
{ "type": "Feature", "properties": { "GEOID": "2800820", "NAME": "Algoma town, Mississippi", "population": 723.0 }, "geometry": { "type": "Polygon", "coordinates": [ [ [ -89.062797, 34.155323 ], [ -89.05194, 34.155275 ], [ -89.052354, 34.158998 ], [ -89.052075, 34.161399 ], [ -89.01791, 34.161711 ], [ -89.014093, 34.161863 ], [ -89.009899, 34.161812 ], [ -89.007989, 34.161714 ], [ -89.008723, 34.190864 ], [ -89.011957, 34.190821 ], [ -89.026666, 34.190833 ], [ -89.026738, 34.202188 ], [ -89.053038, 34.201885 ], [ -89.05226, 34.176249 ], [ -89.052634, 34.175509 ], [ -89.052406, 34.165449 ], [ -89.061128, 34.165354 ], [ -89.061413, 34.158237 ], [ -89.062797, 34.155323 ] ] ] } },
{ "type": "Feature", "properties": { "GEOID": "2872760", "NAME": "Thaxton town, Mississippi", "population": 692.0 }, "geometry": { "type": "Polygon", "coordinates": [ [ [ -89.205134, 34.315938 ], [ -89.204781, 34.292687 ], [ -89.204932, 34.28549 ], [ -89.160716, 34.285352 ], [ -89.154603, 34.285299 ], [ -89.143818, 34.28532 ], [ -89.144077, 34.310416 ], [ -89.144154, 34.320722 ], [ -89.144393, 34.328952 ], [ -89.14635, 34.328928 ], [ -89.205103, 34.3289 ], [ -89.205084, 34.32763 ], [ -89.205134, 34.315938 ] ] ] } },
{ "type": "Feature", "properties": { "GEOID": "2804500", "NAME": "Beaumont town, Mississippi", "population": 680.0 }, "geometry": { "type": "Polygon", "coordinates": [ [ [ -88.942691, 31.172065 ], [ -88.93427, 31.172062 ], [ -88.934234, 31.165626 ], [ -88.934182, 31.155085 ], [ -88.934154, 31.150003 ], [ -88.92586, 31.150074 ], [ -88.925791, 31.157191 ], [ -88.909355, 31.157262 ], [ -88.909427, 31.163515 ], [ -88.908957, 31.180764 ], [ -88.913115, 31.180603 ], [ -88.914992, 31.18086 ], [ -88.918701, 31.182154 ], [ -88.922858, 31.184308 ], [ -88.923697, 31.18517 ], [ -88.923445, 31.186531 ], [ -88.933786, 31.186505 ], [ -88.942633, 31.186511 ], [ -88.942594, 31.182988 ], [ -88.942691, 31.172065 ] ] ] } },
{ "type": "Feature", "properties": { "GEOID": "2867200", "NAME": "Sherman town, Mississippi", "population": 680.0 }, "geometry": { "type": "MultiPolygon", "coordinates": [ [ [ [ -88.824966, 34.364759 ], [ -88.824639, 34.36472 ], [ -88.8246, 34.366512 ], [ -88.820478, 34.366626 ], [ -88.820409, 34.368268 ], [ -88.824864, 34.368294 ], [ -88.824966, 34.364759 ] ] ], [ [ [ -88.854198, 34.365061 ], [ -88.851551, 34.365039 ], [ -88.851966, 34.362845 ], [ -88.849555, 34.361083 ], [ -88.849628, 34.35486 ], [ -88.845506, 34.354724 ], [ -88.839422, 34.350756 ], [ -88.833277, 34.351089 ], [ -88.824915, 34.351132 ], [ -88.824807, 34.350836 ], [ -88.82483, 34.353084 ], [ -88.823201, 34.351587 ], [ -88.824719, 34.350218 ], [ -88.822362, 34.351085 ], [ -88.824726, 34.353172 ], [ -88.824827, 34.353315 ], [ -88.824966, 34.364759 ], [ -88.832165, 34.364818 ], [ -88.832146, 34.368194 ], [ -88.84077, 34.368178 ], [ -88.840628, 34.369619 ], [ -88.84159, 34.370391 ], [ -88.839604, 34.370461 ], [ -88.839649, 34.373353 ], [ -88.849161, 34.37346 ], [ -88.849181, 34.372492 ], [ -88.843948, 34.37254 ], [ -88.841141, 34.369693 ], [ -88.841291, 34.36819 ], [ -88.854348, 34.368269 ], [ -88.854198, 34.365061 ] ] ], [ [ [ -88.8598, 34.370342 ], [ -88.857378, 34.369717 ], [ -88.85697, 34.372109 ], [ -88.855566, 34.373358 ], [ -88.855636, 34.376943 ], [ -88.856481, 34.377907 ], [ -88.856939, 34.37833 ], [ -88.859234, 34.373129 ], [ -88.8598, 34.370342 ] ] ] ] } },
{ "type": "Feature", "properties": { "GEOID": "2877480", "NAME": "Walnut town, Mississippi", "population": 680.0 }, "geometry": { "type": "Polygon", "coordinates": [ [ [ -88.955932, 34.939623 ], [ -88.919423, 34.938841 ], [ -88.914068, 34.938545 ], [ -88.901416, 34.938546 ], [ -88.900902, 34.938548 ], [ -88.889232, 34.938517 ], [ -88.888513, 34.940545 ], [ -88.889993, 34.94156 ], [ -88.88965, 34.942381 ], [ -88.891324, 34.943589 ], [ -88.891648, 34.949685 ], [ -88.893745, 34.949757 ], [ -88.893824, 34.960861 ], [ -88.922147, 34.960807 ], [ -88.955466, 34.96085 ], [ -88.955932, 34.939623 ] ] ] } },
{ "type": "Feature", "properties": { "GEOID": "2861890", "NAME": "Renova town, Mississippi", "population": 679.0 }, "geometry": { "type": "Polygon", "coordinates": [ [ [ -90.731042, 33.776543 ], [ -90.731199, 33.773002 ], [ -90.719011, 33.773167 ], [ -90.715904, 33.773224 ], [ -90.715905, 33.776524 ], [ -90.716339, 33.783528 ], [ -90.71774, 33.792046 ], [ -90.719141, 33.792042 ], [ -90.719083, 33.788089 ], [ -90.7278, 33.788071 ], [ -90.72783, 33.784315 ], [ -90.731261, 33.784289 ], [ -90.731042, 33.776543 ] ] ] } },
{ "type": "Feature", "properties": { "GEOID": "2851420", "NAME": "New Houlka town, Mississippi", "population": 677.0 }, "geometry": { "type": "Polygon", "coordinates": [ [ [ -89.034741, 34.039896 ], [ -89.034495, 34.030794 ], [ -89.023047, 34.030944 ], [ -89.023021, 34.028585 ], [ -89.01761, 34.028373 ], [ -89.017178, 34.031027 ], [ -89.008715, 34.031016 ], [ -89.008792, 34.038176 ], [ -89.005886, 34.038222 ], [ -89.00586, 34.041908 ], [ -89.017274, 34.041772 ], [ -89.017376, 34.043102 ], [ -89.021516, 34.042701 ], [ -89.021437, 34.041688 ], [ -89.0323, 34.041725 ], [ -89.034765, 34.041717 ], [ -89.034741, 34.039896 ] ] ] } },
{ "type": "Feature", "properties": { "GEOID": "2864920", "NAME": "Sandersville town, Mississippi", "population": 622.0 }, "geometry": { "type": "Polygon", "coordinates": [ [ [ -89.053678, 31.774169 ], [ -89.053453, 31.769886 ], [ -89.04122, 31.769866 ], [ -89.040996, 31.768029 ], [ -89.03635, 31.76809 ], [ -89.036329, 31.769884 ], [ -89.028805, 31.770105 ], [ -89.024842, 31.769841 ], [ -89.019031, 31.769802 ], [ -89.019141, 31.777109 ], [ -89.019162, 31.779443 ], [ -89.01927, 31.806112 ], [ -89.053159, 31.806101 ], [ -89.053487, 31.803233 ], [ -89.053652, 31.785874 ], [ -89.048199, 31.788227 ], [ -89.045062, 31.788464 ], [ -89.045115, 31.784621 ], [ -89.047425, 31.784659 ], [ -89.053828, 31.784645 ], [ -89.053678, 31.774169 ] ] ] } },
{ "type": "Feature", "properties": { "GEOID": "2816460", "NAME": "Crenshaw town, Mississippi", "population": 610.0 }, "geometry": { "type": "Polygon", "coordinates": [ [ [ -90.200747, 34.500073 ], [ -90.198355, 34.50003 ], [ -90.198326, 34.499052 ], [ -90.1955, 34.499644 ], [ -90.195632, 34.500842 ], [ -90.188615, 34.500907 ], [ -90.187866, 34.502037 ], [ -90.187031, 34.507437 ], [ -90.19524, 34.50739 ], [ -90.195238, 34.512019 ], [ -90.198544, 34.512095 ], [ -90.198536, 34.511088 ], [ -90.198486, 34.506046 ], [ -90.200847, 34.505991 ], [ -90.200747, 34.500073 ] ] ] } },
{ "type": "Feature", "properties": { "GEOID": "2831420", "NAME": "Heidelberg town, Mississippi", "population": 607.0 }, "geometry": { "type": "Polygon", "coordinates": [ [ [ -89.018295, 31.90207 ], [ -89.013682, 31.901376 ], [ -89.010816, 31.901336 ], [ -89.00949, 31.901316 ], [ -89.009398, 31.897696 ], [ -89.005075, 31.897709 ], [ -89.005078, 31.894209 ], [ -89.00096, 31.894086 ], [ -89.000569, 31.882065 ], [ -89.000624, 31.878508 ], [ -89.000617, 31.875775 ], [ -88.999868, 31.875818 ], [ -88.998844, 31.875831 ], [ -88.998989, 31.873204 ], [ -88.998973, 31.870925 ], [ -88.98776, 31.870977 ], [ -88.983217, 31.87101 ], [ -88.964977, 31.871148 ], [ -88.965201, 31.875825 ], [ -88.966578, 31.875823 ], [ -88.966587, 31.879523 ], [ -88.966628, 31.888321 ], [ -88.966688, 31.901555 ], [ -88.980982, 31.901443 ], [ -89.000053, 31.901407 ], [ -89.000824, 31.901318 ], [ -89.000914, 31.909823 ], [ -89.000907, 31.916003 ], [ -89.006032, 31.915907 ], [ -89.007124, 31.912498 ], [ -89.010173, 31.90911 ], [ -89.013742, 31.909076 ], [ -89.013741, 31.910512 ], [ -89.017496, 31.910507 ], [ -89.018347, 31.910507 ], [ -89.018295, 31.90207 ] ] ] } },
{ "type": "Feature", "properties": { "GEOID": "2875760", "NAME": "Utica town, Mississippi", "population": 602.0 }, "geometry": { "type": "Polygon", "coordinates": [ [ [ -90.638698, 32.094143 ], [ -90.63242, 32.094022 ], [ -90.626663, 32.094138 ], [ -90.604808, 32.09452 ], [ -90.604665, 32.10915 ], [ -90.60931, 32.10912 ], [ -90.613076, 32.109135 ], [ -90.61294, 32.121248 ], [ -90.621656, 32.121181 ], [ -90.62509, 32.12177 ], [ -90.632253, 32.121935 ], [ -90.632303, 32.108997 ], [ -90.638688, 32.108965 ], [ -90.638698, 32.094143 ] ] ] } },
{ "type": "Feature", "properties": { "GEOID": "2858960", "NAME": "Polkville town, Mississippi", "population": 590.0 }, "geometry": { "type": "Polygon", "coordinates": [ [ [ -89.731225, 32.164879 ], [ -89.713092, 32.16507 ], [ -89.712997, 32.157369 ], [ -89.68699, 32.15757 ], [ -89.687802, 32.158985 ], [ -89.674588, 32.158897 ], [ -89.674682, 32.166116 ], [ -89.65985, 32.166401 ], [ -89.66023, 32.17743 ], [ -89.65367, 32.17743 ], [ -89.653955, 32.191311 ], [ -89.659144, 32.191349 ], [ -89.663775, 32.193196 ], [ -89.663791, 32.194108 ], [ -89.67037, 32.19425 ], [ -89.670505, 32.200439 ], [ -89.661789, 32.200469 ], [ -89.658373, 32.200704 ], [ -89.65849, 32.205563 ], [ -89.653425, 32.205534 ], [ -89.653572, 32.20895 ], [ -89.661376, 32.209009 ], [ -89.661465, 32.212425 ], [ -89.662407, 32.211689 ], [ -89.664439, 32.211689 ], [ -89.66438, 32.215193 ], [ -89.665381, 32.215193 ], [ -89.665322, 32.211865 ], [ -89.671721, 32.211886 ], [ -89.671713, 32.215429 ], [ -89.674902, 32.215379 ], [ -89.674569, 32.22374 ], [ -89.701621, 32.223757 ], [ -89.701269, 32.22198 ], [ -89.724838, 32.221798 ], [ -89.730424, 32.222039 ], [ -89.731059, 32.221946 ], [ -89.731225, 32.164879 ] ] ] } },
{ "type": "Feature", "properties": { "GEOID": "2835220", "NAME": "Isola town, Mississippi", "population": 573.0 }, "geometry": { "type": "Polygon", "coordinates": [ [ [ -90.598801, 33.256279 ], [ -90.592937, 33.256149 ], [ -90.585886, 33.256275 ], [ -90.585871, 33.270274 ], [ -90.588194, 33.270628 ], [ -90.588872, 33.270622 ], [ -90.59875, 33.270662 ], [ -90.598801, 33.256279 ] ] ] } },
{ "type": "Feature", "properties": { "GEOID": "2851040", "NAME": "New Augusta town, Mississippi", "population": 557.0 }, "geometry": { "type": "Polygon", "coordinates": [ [ [ -89.058799, 31.206762 ], [ -89.058906, 31.204769 ], [ -89.058845, 31.203807 ], [ -89.057844, 31.20286 ], [ -89.057842, 31.19959 ], [ -89.057787, 31.196182 ], [ -89.053384, 31.196229 ], [ -89.053417, 31.192737 ], [ -89.040432, 31.192796 ], [ -89.040271, 31.183378 ], [ -89.031545, 31.183419 ], [ -89.031741, 31.193478 ], [ -89.005181, 31.193885 ], [ -89.002088, 31.196396 ], [ -89.001447, 31.197844 ], [ -89.000051, 31.197991 ], [ -88.997548, 31.201029 ], [ -88.996678, 31.203083 ], [ -88.997336, 31.205703 ], [ -88.994771, 31.209173 ], [ -88.992833, 31.209126 ], [ -88.993405, 31.209868 ], [ -88.990155, 31.209828 ], [ -88.988698, 31.210974 ], [ -88.986389, 31.210544 ], [ -88.983934, 31.211596 ], [ -88.982603, 31.213993 ], [ -88.98337, 31.215454 ], [ -88.986494, 31.217055 ], [ -88.988374, 31.218979 ], [ -88.999127, 31.21909 ], [ -88.999302, 31.207998 ], [ -89.000089, 31.209983 ], [ -89.015737, 31.209903 ], [ -89.016287, 31.209881 ], [ -89.041245, 31.209547 ], [ -89.041285, 31.215217 ], [ -89.047691, 31.21518 ], [ -89.047753, 31.218686 ], [ -89.047796, 31.223951 ], [ -89.049987, 31.224055 ], [ -89.053273, 31.221644 ], [ -89.058264, 31.217784 ], [ -89.058902, 31.216708 ], [ -89.058336, 31.215402 ], [ -89.056951, 31.215147 ], [ -89.053607, 31.215685 ], [ -89.051742, 31.215332 ], [ -89.051723, 31.213665 ], [ -89.053022, 31.211353 ], [ -89.053913, 31.210492 ], [ -89.057089, 31.209973 ], [ -89.059389, 31.209171 ], [ -89.058799, 31.206762 ] ] ] } },
{ "type": "Feature", "properties": { "GEOID": "2837560", "NAME": "Kilmichael town, Mississippi", "population": 549.0 }, "geometry": { "type": "Polygon", "coordinates": [ [ [ -89.581529, 33.430645 ], [ -89.575645, 33.430694 ], [ -89.575655, 33.429627 ], [ -89.575608, 33.42711 ], [ -89.560482, 33.427081 ], [ -89.553521, 33.427067 ], [ -89.553733, 33.43277 ], [ -89.550493, 33.435417 ], [ -89.548091, 33.435376 ], [ -89.548111, 33.438051 ], [ -89.550861, 33.438049 ], [ -89.550892, 33.439006 ], [ -89.551782, 33.441727 ], [ -89.551801, 33.445303 ], [ -89.553829, 33.445286 ], [ -89.553881, 33.453142 ], [ -89.566381, 33.452978 ], [ -89.567751, 33.452965 ], [ -89.581594, 33.452833 ], [ -89.581529, 33.430645 ] ] ] } },
{ "type": "Feature", "properties": { "GEOID": "2840640", "NAME": "Liberty town, Mississippi", "population": 532.0 }, "geometry": { "type": "Polygon", "coordinates": [ [ [ -90.82016, 31.154529 ], [ -90.816636, 31.156468 ], [ -90.816409, 31.155691 ], [ -90.813834, 31.151958 ], [ -90.807599, 31.149146 ], [ -90.806336, 31.14892 ], [ -90.804515, 31.1489 ], [ -90.803959, 31.148698 ], [ -90.803992, 31.1528 ], [ -90.80219, 31.152795 ], [ -90.79954, 31.15278 ], [ -90.79913, 31.152759 ], [ -90.793876, 31.152617 ], [ -90.79386, 31.156149 ], [ -90.786016, 31.156165 ], [ -90.786002, 31.15992 ], [ -90.786005, 31.160743 ], [ -90.786013, 31.162254 ], [ -90.78596, 31.169158 ], [ -90.786591, 31.175094 ], [ -90.788416, 31.175104 ], [ -90.79535, 31.17024 ], [ -90.796705, 31.168672 ], [ -90.802638, 31.168415 ], [ -90.80613, 31.16752 ], [ -90.810243, 31.169537 ], [ -90.810455, 31.169053 ], [ -90.812479, 31.165184 ], [ -90.814964, 31.164434 ], [ -90.813505, 31.162688 ], [ -90.814082, 31.160105 ], [ -90.815797, 31.158089 ], [ -90.81638, 31.15807 ], [ -90.818398, 31.158141 ], [ -90.82028, 31.158344 ], [ -90.82016, 31.154529 ] ] ] } },
{ "type": "Feature", "properties": { "GEOID": "2802140", "NAME": "Ashland town, Mississippi", "population": 527.0 }, "geometry": { "type": "Polygon", "coordinates": [ [ [ -89.191491, 34.825678 ], [ -89.185994, 34.825623 ], [ -89.186046, 34.824458 ], [ -89.175674, 34.824414 ], [ -89.165116, 34.824421 ], [ -89.16556, 34.841401 ], [ -89.174382, 34.841577 ], [ -89.174391, 34.844615 ], [ -89.174416, 34.8459 ], [ -89.184513, 34.845885 ], [ -89.186491, 34.845886 ], [ -89.186842, 34.844573 ], [ -89.191133, 34.827119 ], [ -89.191491, 34.825678 ] ] ] } },
{ "type": "Feature", "properties": { "GEOID": "2816940", "NAME": "Crowder town, Mississippi", "population": 522.0 }, "geometry": { "type": "Polygon", "coordinates": [ [ [ -90.144603, 34.175172 ], [ -90.144736, 34.169676 ], [ -90.136877, 34.169567 ], [ -90.13685, 34.167388 ], [ -90.135928, 34.167386 ], [ -90.135358, 34.169548 ], [ -90.133153, 34.169523 ], [ -90.133101, 34.167348 ], [ -90.129914, 34.167389 ], [ -90.129713, 34.174667 ], [ -90.132641, 34.174772 ], [ -90.135155, 34.175932 ], [ -90.135264, 34.175037 ], [ -90.137391, 34.175942 ], [ -90.13772, 34.178208 ], [ -90.13849, 34.178712 ], [ -90.140378, 34.178882 ], [ -90.141772, 34.177065 ], [ -90.147459, 34.177265 ], [ -90.144603, 34.175172 ] ] ] } },
{ "type": "Feature", "properties": { "GEOID": "2877520", "NAME": "Walnut Grove town, Mississippi", "population": 511.0 }, "geometry": { "type": "Polygon", "coordinates": [ [ [ -89.467782, 32.587848 ], [ -89.464924, 32.587782 ], [ -89.464844, 32.588081 ], [ -89.449551, 32.576368 ], [ -89.444214, 32.576358 ], [ -89.444343, 32.584116 ], [ -89.446394, 32.584435 ], [ -89.448589, 32.586384 ], [ -89.450303, 32.587025 ], [ -89.454527, 32.587763 ], [ -89.454793, 32.594993 ], [ -89.453319, 32.594923 ], [ -89.453531, 32.602302 ], [ -89.45485, 32.602266 ], [ -89.454904, 32.60993 ], [ -89.457478, 32.609541 ], [ -89.463249, 32.609251 ], [ -89.463348, 32.607583 ], [ -89.465497, 32.607653 ], [ -89.465463, 32.606347 ], [ -89.466661, 32.606164 ], [ -89.467113, 32.599045 ], [ -89.467803, 32.593778 ], [ -89.467782, 32.587848 ] ] ] } },
{ "type": "Feature", "properties": { "GEOID": "2868720", "NAME": "Smithville town, Mississippi", "population": 502.0 }, "geometry": { "type": "Polygon", "coordinates": [ [ [ -88.411059, 34.071496 ], [ -88.410644, 34.058569 ], [ -88.4032, 34.058712 ], [ -88.393657, 34.058618 ], [ -88.393711, 34.0635 ], [ -88.384915, 34.063525 ], [ -88.385167, 34.07315 ], [ -88.384209, 34.076798 ], [ -88.403039, 34.076719 ], [ -88.403078, 34.073695 ], [ -88.408297, 34.073833 ], [ -88.411177, 34.073915 ], [ -88.411059, 34.071496 ] ] ] } },
{ "type": "Feature", "properties": { "GEOID": "2832020", "NAME": "Hickory Flat town, Mississippi", "population": 489.0 }, "geometry": { "type": "Polygon", "coordinates": [ [ [ -89.212145, 34.61652 ], [ -89.197172, 34.613248 ], [ -89.197144, 34.611112 ], [ -89.179816, 34.6109 ], [ -89.179812, 34.613434 ], [ -89.174385, 34.613897 ], [ -89.174385, 34.615295 ], [ -89.17436, 34.6171 ], [ -89.176634, 34.61712 ], [ -89.1762, 34.618576 ], [ -89.179778, 34.619692 ], [ -89.202261, 34.620393 ], [ -89.202301, 34.618501 ], [ -89.212113, 34.618925 ], [ -89.212145, 34.61652 ] ] ] } },
{ "type": "Feature", "properties": { "GEOID": "2808180", "NAME": "Boyle town, Mississippi", "population": 488.0 }, "geometry": { "type": "Polygon", "coordinates": [ [ [ -90.735661, 33.696879 ], [ -90.728315, 33.696843 ], [ -90.728332, 33.695653 ], [ -90.725529, 33.695646 ], [ -90.725094, 33.696806 ], [ -90.718054, 33.696908 ], [ -90.71809, 33.700509 ], [ -90.715312, 33.700495 ], [ -90.715171, 33.704105 ], [ -90.71388, 33.704118 ], [ -90.715219, 33.704758 ], [ -90.715087, 33.716321 ], [ -90.718218, 33.716279 ], [ -90.717962, 33.718455 ], [ -90.726479, 33.718504 ], [ -90.726793, 33.718505 ], [ -90.727379, 33.714223 ], [ -90.727314, 33.711387 ], [ -90.73572, 33.711441 ], [ -90.735661, 33.696879 ] ] ] } },
{ "type": "Feature", "properties": { "GEOID": "2850280", "NAME": "Myrtle town, Mississippi", "population": 487.0 }, "geometry": { "type": "Polygon", "coordinates": [ [ [ -89.132537, 34.552067 ], [ -89.126346, 34.548506 ], [ -89.120961, 34.548145 ], [ -89.110258, 34.547975 ], [ -89.110201, 34.549547 ], [ -89.11011, 34.55463 ], [ -89.104793, 34.554651 ], [ -89.104828, 34.569609 ], [ -89.110087, 34.569627 ], [ -89.114169, 34.5718 ], [ -89.118372, 34.571701 ], [ -89.118405, 34.572743 ], [ -89.123619, 34.57274 ], [ -89.123633, 34.573791 ], [ -89.127915, 34.57374 ], [ -89.12842, 34.5727 ], [ -89.129772, 34.569261 ], [ -89.127279, 34.561301 ], [ -89.128365, 34.55362 ], [ -89.132479, 34.5537 ], [ -89.132537, 34.552067 ] ] ] } },
{ "type": "Feature", "properties": { "GEOID": "2815980", "NAME": "Courtland town, Mississippi", "population": 483.0 }, "geometry": { "type": "Polygon", "coordinates": [ [ [ -89.952399, 34.233428 ], [ -89.943496, 34.23345 ], [ -89.933911, 34.233483 ], [ -89.934233, 34.248724 ], [ -89.952408, 34.248888 ], [ -89.952399, 34.233428 ] ] ] } },
{ "type": "Feature", "properties": { "GEOID": "2830980", "NAME": "Hatley town, Mississippi", "population": 483.0 }, "geometry": { "type": "Polygon", "coordinates": [ [ [ -88.440419, 33.978223 ], [ -88.440399, 33.977162 ], [ -88.440341, 33.974803 ], [ -88.440315, 33.972288 ], [ -88.43377, 33.972462 ], [ -88.420571, 33.973446 ], [ -88.418558, 33.973149 ], [ -88.412973, 33.973226 ], [ -88.412956, 33.968974 ], [ -88.407517, 33.969121 ], [ -88.407552, 33.973609 ], [ -88.403215, 33.973823 ], [ -88.403306, 33.981074 ], [ -88.399034, 33.981355 ], [ -88.398926, 33.984804 ], [ -88.398186, 33.986373 ], [ -88.398893, 33.986877 ], [ -88.403471, 33.986668 ], [ -88.40337, 33.984847 ], [ -88.410024, 33.984551 ], [ -88.409845, 33.980815 ], [ -88.440466, 33.979634 ], [ -88.440419, 33.978223 ] ] ] } },
{ "type": "Feature", "properties": { "GEOID": "2822580", "NAME": "Enterprise town, Mississippi", "population": 475.0 }, "geometry": { "type": "Polygon", "coordinates": [ [ [ -88.84095, 32.17008 ], [ -88.83719, 32.170355 ], [ -88.837094, 32.166883 ], [ -88.83365, 32.166898 ], [ -88.834273, 32.165797 ], [ -88.837083, 32.160843 ], [ -88.837113, 32.159525 ], [ -88.832376, 32.159521 ], [ -88.829907, 32.160782 ], [ -88.829848, 32.16568 ], [ -88.830278, 32.166711 ], [ -88.829461, 32.166908 ], [ -88.818639, 32.166962 ], [ -88.815635, 32.166924 ], [ -88.795523, 32.166767 ], [ -88.795553, 32.176676 ], [ -88.795812, 32.181483 ], [ -88.806806, 32.18151 ], [ -88.809928, 32.181814 ], [ -88.813775, 32.18143 ], [ -88.819577, 32.181406 ], [ -88.82859, 32.18104 ], [ -88.83146, 32.181103 ], [ -88.831564, 32.174469 ], [ -88.837305, 32.174376 ], [ -88.837239, 32.172067 ], [ -88.84095, 32.17008 ] ] ] } },
{ "type": "Feature", "properties": { "GEOID": "2874400", "NAME": "Tremont town, Mississippi", "population": 473.0 }, "geometry": { "type": "Polygon", "coordinates": [ [ [ -88.271643, 34.234708 ], [ -88.267185, 34.234613 ], [ -88.26691, 34.220316 ], [ -88.265264, 34.220328 ], [ -88.262213, 34.220287 ], [ -88.262197, 34.21287 ], [ -88.250046, 34.213096 ], [ -88.244447, 34.212481 ], [ -88.244656, 34.220553 ], [ -88.234223, 34.220421 ], [ -88.229418, 34.219962 ], [ -88.223091, 34.219888 ], [ -88.222658, 34.234382 ], [ -88.244452, 34.234762 ], [ -88.245299, 34.250078 ], [ -88.245184, 34.254352 ], [ -88.250522, 34.254517 ], [ -88.262845, 34.254338 ], [ -88.262696, 34.249665 ], [ -88.271527, 34.249653 ], [ -88.271808, 34.247536 ], [ -88.271643, 34.234708 ] ] ] } },
{ "type": "Feature", "properties": { "GEOID": "2838600", "NAME": "Lake town, Mississippi", "population": 470.0 }, "geometry": { "type": "Polygon", "coordinates": [ [ [ -89.346414, 32.316472 ], [ -89.344306, 32.317596 ], [ -89.343809, 32.318851 ], [ -89.335483, 32.323211 ], [ -89.329317, 32.322758 ], [ -89.322612, 32.323586 ], [ -89.315017, 32.324454 ], [ -89.303534, 32.324626 ], [ -89.301954, 32.3249 ], [ -89.300347, 32.32556 ], [ -89.297332, 32.327508 ], [ -89.292259, 32.332477 ], [ -89.288235, 32.332494 ], [ -89.279892, 32.332514 ], [ -89.27986, 32.341544 ], [ -89.279853, 32.342231 ], [ -89.284049, 32.340979 ], [ -89.288188, 32.342022 ], [ -89.319399, 32.350293 ], [ -89.32259, 32.350716 ], [ -89.330963, 32.35057 ], [ -89.335624, 32.350475 ], [ -89.337444, 32.351385 ], [ -89.33795, 32.330742 ], [ -89.342207, 32.330769 ], [ -89.342242, 32.324839 ], [ -89.344562, 32.324113 ], [ -89.346518, 32.324105 ], [ -89.346414, 32.316472 ] ] ] } },
{ "type": "Feature", "properties": { "GEOID": "2870320", "NAME": "State Line town, Mississippi", "population": 469.0 }, "geometry": { "type": "Polygon", "coordinates": [ [ [ -88.491673, 31.445168 ], [ -88.49186, 31.43588 ], [ -88.491878, 31.421313 ], [ -88.466444, 31.421277 ], [ -88.465095, 31.42143 ], [ -88.455809, 31.421371 ], [ -88.455832, 31.435867 ], [ -88.455805, 31.450603 ], [ -88.491939, 31.450754 ], [ -88.491673, 31.445168 ] ] ] } },
{ "type": "Feature", "properties": { "GEOID": "2864080", "NAME": "Roxie town, Mississippi", "population": 462.0 }, "geometry": { "type": "Polygon", "coordinates": [ [ [ -91.083697, 31.508068 ], [ -91.083215, 31.508047 ], [ -91.080684, 31.507181 ], [ -91.079505, 31.504461 ], [ -91.078716, 31.504881 ], [ -91.07778, 31.502765 ], [ -91.076648, 31.502868 ], [ -91.07672, 31.501466 ], [ -91.07497, 31.49901 ], [ -91.073918, 31.49987 ], [ -91.070165, 31.493326 ], [ -91.064919, 31.493436 ], [ -91.063565, 31.496657 ], [ -91.061993, 31.497653 ], [ -91.062947, 31.50017 ], [ -91.062032, 31.502194 ], [ -91.06083, 31.50213 ], [ -91.05506, 31.50305 ], [ -91.05503, 31.50465 ], [ -91.05497, 31.50501 ], [ -91.054795, 31.508127 ], [ -91.058476, 31.507601 ], [ -91.061529, 31.50879 ], [ -91.06664, 31.514841 ], [ -91.067655, 31.514085 ], [ -91.07046, 31.517477 ], [ -91.073454, 31.520428 ], [ -91.077182, 31.521123 ], [ -91.082534, 31.519745 ], [ -91.08278, 31.51513 ], [ -91.083792, 31.514214 ], [ -91.083697, 31.508068 ] ] ] } },
{ "type": "Feature", "properties": { "GEOID": "2853200", "NAME": "Oakland town, Mississippi", "population": 458.0 }, "geometry": { "type": "Polygon", "coordinates": [ [ [ -89.926266, 34.055415 ], [ -89.926183, 34.047636 ], [ -89.904623, 34.047496 ], [ -89.904588, 34.063465 ], [ -89.908463, 34.063865 ], [ -89.908031, 34.06534 ], [ -89.903464, 34.06663 ], [ -89.902198, 34.067781 ], [ -89.898996, 34.072574 ], [ -89.892104, 34.072699 ], [ -89.890698, 34.072724 ], [ -89.890921, 34.079415 ], [ -89.893314, 34.077616 ], [ -89.894119, 34.079162 ], [ -89.897453, 34.077285 ], [ -89.895771, 34.07578 ], [ -89.899219, 34.072582 ], [ -89.903162, 34.067047 ], [ -89.904108, 34.066515 ], [ -89.910731, 34.064737 ], [ -89.914055, 34.063365 ], [ -89.926196, 34.06337 ], [ -89.926266, 34.055415 ] ] ] } },
{ "type": "Feature", "properties": { "GEOID": "2820340", "NAME": "Dumas town, Mississippi", "population": 453.0 }, "geometry": { "type": "Polygon", "coordinates": [ [ [ -88.859639, 34.667019 ], [ -88.859245, 34.654972 ], [ -88.849831, 34.647908 ], [ -88.849888, 34.644407 ], [ -88.858903, 34.64453 ], [ -88.859055, 34.637562 ], [ -88.851981, 34.637857 ], [ -88.84998, 34.638262 ], [ -88.849746, 34.626016 ], [ -88.840777, 34.625957 ], [ -88.840975, 34.611495 ], [ -88.850239, 34.611452 ], [ -88.850255, 34.607809 ], [ -88.84103, 34.60765 ], [ -88.841104, 34.605062 ], [ -88.83582, 34.605146 ], [ -88.835852, 34.611432 ], [ -88.832353, 34.611493 ], [ -88.832346, 34.622371 ], [ -88.819349, 34.622384 ], [ -88.819647, 34.625744 ], [ -88.823498, 34.625818 ], [ -88.823464, 34.629386 ], [ -88.832697, 34.629492 ], [ -88.833105, 34.651337 ], [ -88.841656, 34.65117 ], [ -88.841576, 34.654811 ], [ -88.84564, 34.6549 ], [ -88.845577, 34.661811 ], [ -88.850435, 34.661786 ], [ -88.850375, 34.666729 ], [ -88.850323, 34.669806 ], [ -88.85964, 34.669849 ], [ -88.859639, 34.667019 ] ] ] } },
{ "type": "Feature", "properties": { "GEOID": "2846000", "NAME": "Mayersville town, Mississippi", "population": 453.0 }, "geometry": { "type": "Polygon", "coordinates": [ [ [ -91.054819, 32.90345 ], [ -91.054436, 32.900824 ], [ -91.05449, 32.900057 ], [ -91.052752, 32.898707 ], [ -91.052614, 32.89659 ], [ -91.053266, 32.892014 ], [ -91.052504, 32.891962 ], [ -91.053266, 32.886826 ], [ -91.050977, 32.886795 ], [ -91.050116, 32.886789 ], [ -91.040268, 32.884141 ], [ -91.040099, 32.905344 ], [ -91.040082, 32.906557 ], [ -91.044086, 32.906521 ], [ -91.050815, 32.906453 ], [ -91.054017, 32.90645 ], [ -91.054726, 32.903886 ], [ -91.054819, 32.90345 ] ] ] } },
{ "type": "Feature", "properties": { "GEOID": "2801500", "NAME": "Anguilla town, Mississippi", "population": 451.0 }, "geometry": { "type": "Polygon", "coordinates": [ [ [ -90.839897, 32.972524 ], [ -90.839659, 32.965128 ], [ -90.836384, 32.965183 ], [ -90.825691, 32.965409 ], [ -90.818952, 32.965452 ], [ -90.818854, 32.979837 ], [ -90.825685, 32.979608 ], [ -90.827517, 32.979422 ], [ -90.834992, 32.979506 ], [ -90.836634, 32.979453 ], [ -90.832621, 32.977718 ], [ -90.831996, 32.976412 ], [ -90.833408, 32.974694 ], [ -90.839773, 32.973117 ], [ -90.839897, 32.972524 ] ] ] } },
{ "type": "Feature", "properties": { "GEOID": "2846200", "NAME": "Meadville town, Mississippi", "population": 448.0 }, "geometry": { "type": "Polygon", "coordinates": [ [ [ -90.905943, 31.465747 ], [ -90.904624, 31.468213 ], [ -90.900506, 31.469916 ], [ -90.900548, 31.464961 ], [ -90.897371, 31.465662 ], [ -90.895127, 31.464489 ], [ -90.882455, 31.46437 ], [ -90.88368, 31.46521 ], [ -90.883073, 31.466619 ], [ -90.883082, 31.478939 ], [ -90.886268, 31.478635 ], [ -90.904455, 31.478674 ], [ -90.904372, 31.476594 ], [ -90.906336, 31.475071 ], [ -90.900749, 31.47011 ], [ -90.904323, 31.46889 ], [ -90.907486, 31.466062 ], [ -90.905943, 31.465747 ] ] ] } },
{ "type": "Feature", "properties": { "GEOID": "2807100", "NAME": "Blue Springs village, Mississippi", "population": 446.0 }, "geometry": { "type": "Polygon", "coordinates": [ [ [ -88.906869, 34.396742 ], [ -88.906568, 34.393967 ], [ -88.905272, 34.396032 ], [ -88.904025, 34.395461 ], [ -88.898783, 34.391527 ], [ -88.897027, 34.389691 ], [ -88.895231, 34.386366 ], [ -88.890865, 34.383126 ], [ -88.885154, 34.381344 ], [ -88.876386, 34.374972 ], [ -88.876291, 34.375868 ], [ -88.87379, 34.374552 ], [ -88.86518, 34.371065 ], [ -88.864979, 34.372216 ], [ -88.86357, 34.372018 ], [ -88.860975, 34.376463 ], [ -88.859219, 34.375624 ], [ -88.860048, 34.408372 ], [ -88.868015, 34.408603 ], [ -88.874912, 34.408655 ], [ -88.880996, 34.408902 ], [ -88.880805, 34.402457 ], [ -88.902268, 34.402616 ], [ -88.906362, 34.404613 ], [ -88.908515, 34.402022 ], [ -88.906869, 34.396742 ] ] ] } },
{ "type": "Feature", "properties": { "GEOID": "2824220", "NAME": "Falkner town, Mississippi", "population": 441.0 }, "geometry": { "type": "Polygon", "coordinates": [ [ [ -88.964918, 34.829525 ], [ -88.960681, 34.829416 ], [ -88.947748, 34.829156 ], [ -88.948044, 34.815263 ], [ -88.934643, 34.815066 ], [ -88.934742, 34.809843 ], [ -88.932968, 34.809893 ], [ -88.933044, 34.807645 ], [ -88.93113, 34.807797 ], [ -88.929542, 34.806936 ], [ -88.929648, 34.813958 ], [ -88.928538, 34.814924 ], [ -88.928537, 34.822717 ], [ -88.929226, 34.839591 ], [ -88.927922, 34.839779 ], [ -88.92734, 34.83979 ], [ -88.927064, 34.839813 ], [ -88.927179, 34.843112 ], [ -88.927416, 34.854275 ], [ -88.922654, 34.854288 ], [ -88.919335, 34.858474 ], [ -88.919183, 34.861632 ], [ -88.92475, 34.861735 ], [ -88.929014, 34.859445 ], [ -88.929541, 34.858181 ], [ -88.94659, 34.858309 ], [ -88.947423, 34.85101 ], [ -88.959181, 34.851106 ], [ -88.964763, 34.850521 ], [ -88.964845, 34.841099 ], [ -88.964918, 34.829525 ] ] ] } },
{ "type": "Feature", "properties": { "GEOID": "2837040", "NAME": "Jumpertown town, Mississippi", "population": 436.0 }, "geometry": { "type": "Polygon", "coordinates": [ [ [ -88.6832, 34.702735 ], [ -88.679206, 34.702693 ], [ -88.679208, 34.698791 ], [ -88.670466, 34.698736 ], [ -88.670316, 34.705748 ], [ -88.653881, 34.705642 ], [ -88.653901, 34.702887 ], [ -88.645544, 34.70278 ], [ -88.645566, 34.701998 ], [ -88.641583, 34.701985 ], [ -88.641843, 34.6985 ], [ -88.633423, 34.69844 ], [ -88.633136, 34.702109 ], [ -88.637285, 34.702137 ], [ -88.637188, 34.705678 ], [ -88.645383, 34.705744 ], [ -88.645389, 34.709305 ], [ -88.653836, 34.70947 ], [ -88.653782, 34.711385 ], [ -88.657938, 34.711525 ], [ -88.657914, 34.713017 ], [ -88.653763, 34.71292 ], [ -88.653704, 34.716684 ], [ -88.657995, 34.71667 ], [ -88.657904, 34.720093 ], [ -88.661291, 34.720136 ], [ -88.664266, 34.720182 ], [ -88.664369, 34.714721 ], [ -88.670714, 34.714816 ], [ -88.670696, 34.716429 ], [ -88.674986, 34.716451 ], [ -88.675028, 34.713967 ], [ -88.675006, 34.709583 ], [ -88.683044, 34.709628 ], [ -88.6832, 34.702735 ] ] ] } },
{ "type": "Feature", "properties": { "GEOID": "2878520", "NAME": "Weir town, Mississippi", "population": 433.0 }, "geometry": { "type": "Polygon", "coordinates": [ [ [ -89.299365, 33.255789 ], [ -89.290487, 33.255758 ], [ -89.282139, 33.255688 ], [ -89.281876, 33.260019 ], [ -89.282245, 33.271696 ], [ -89.285529, 33.271762 ], [ -89.287696, 33.271604 ], [ -89.287155, 33.274836 ], [ -89.285581, 33.277142 ], [ -89.285591, 33.278937 ], [ -89.287394, 33.278335 ], [ -89.28739, 33.27744 ], [ -89.287384, 33.275108 ], [ -89.288061, 33.271569 ], [ -89.297783, 33.27056 ], [ -89.299216, 33.270407 ], [ -89.299291, 33.269509 ], [ -89.299361, 33.264964 ], [ -89.299365, 33.255789 ] ] ] } },
{ "type": "Feature", "properties": { "GEOID": "2807540", "NAME": "Bolton town, Mississippi", "population": 424.0 }, "geometry": { "type": "Polygon", "coordinates": [ [ [ -90.467878, 32.36267 ], [ -90.467795, 32.360907 ], [ -90.467592, 32.347851 ], [ -90.465385, 32.346398 ], [ -90.463679, 32.345613 ], [ -90.460348, 32.34348 ], [ -90.458964, 32.34343 ], [ -90.457034, 32.342969 ], [ -90.457623, 32.342194 ], [ -90.451955, 32.34207 ], [ -90.450079, 32.342113 ], [ -90.450136, 32.359436 ], [ -90.450109, 32.364864 ], [ -90.46296, 32.365661 ], [ -90.464229, 32.36565 ], [ -90.466866, 32.365858 ], [ -90.467963, 32.365985 ], [ -90.467878, 32.36267 ] ] ] } },
{ "type": "Feature", "properties": { "GEOID": "2869160", "NAME": "Soso town, Mississippi", "population": 416.0 }, "geometry": { "type": "Polygon", "coordinates": [ [ [ -89.290912, 31.762231 ], [ -89.282895, 31.762139 ], [ -89.282771, 31.759219 ], [ -89.285955, 31.759213 ], [ -89.286105, 31.754735 ], [ -89.290827, 31.754831 ], [ -89.290873, 31.747797 ], [ -89.277928, 31.74792 ], [ -89.27797, 31.744215 ], [ -89.278631, 31.741891 ], [ -89.279501, 31.74155 ], [ -89.279521, 31.739202 ], [ -89.280484, 31.737892 ], [ -89.277883, 31.737895 ], [ -89.277983, 31.741533 ], [ -89.276794, 31.743675 ], [ -89.269522, 31.743828 ], [ -89.269465, 31.740562 ], [ -89.260999, 31.740486 ], [ -89.261039, 31.739344 ], [ -89.259182, 31.739402 ], [ -89.262228, 31.743982 ], [ -89.260938, 31.743989 ], [ -89.260871, 31.751171 ], [ -89.265368, 31.751229 ], [ -89.265442, 31.758638 ], [ -89.271779, 31.758555 ], [ -89.271743, 31.762192 ], [ -89.269669, 31.762188 ], [ -89.26964, 31.764261 ], [ -89.265406, 31.764221 ], [ -89.265411, 31.769363 ], [ -89.26541, 31.769751 ], [ -89.26569, 31.76975 ], [ -89.270529, 31.76547 ], [ -89.27368, 31.762218 ], [ -89.279829, 31.76232 ], [ -89.28366, 31.76524 ], [ -89.286754, 31.766318 ], [ -89.286905, 31.769714 ], [ -89.288914, 31.769705 ], [ -89.288956, 31.767008 ], [ -89.2947, 31.76962 ], [ -89.290912, 31.762231 ] ] ] } },
{ "type": "Feature", "properties": { "GEOID": "2816420", "NAME": "Crawford town, Mississippi", "population": 415.0 }, "geometry": { "type": "Polygon", "coordinates": [ [ [ -88.636215, 33.294232 ], [ -88.613982, 33.294129 ], [ -88.614415, 33.308723 ], [ -88.621767, 33.308629 ], [ -88.622846, 33.309601 ], [ -88.62303, 33.316013 ], [ -88.625618, 33.315965 ], [ -88.625655, 33.31405 ], [ -88.627451, 33.314063 ], [ -88.627375, 33.308711 ], [ -88.636577, 33.308813 ], [ -88.636215, 33.294232 ] ] ] } },
{ "type": "Feature", "properties": { "GEOID": "2872360", "NAME": "Taylor village, Mississippi", "population": 409.0 }, "geometry": { "type": "Polygon", "coordinates": [ [ [ -89.601578, 34.277756 ], [ -89.601288, 34.257956 ], [ -89.60127, 34.256441 ], [ -89.59715, 34.256425 ], [ -89.597177, 34.259585 ], [ -89.59616, 34.260225 ], [ -89.593917, 34.260313 ], [ -89.567488, 34.260096 ], [ -89.556983, 34.260154 ], [ -89.557199, 34.271207 ], [ -89.57956, 34.271122 ], [ -89.579639, 34.274918 ], [ -89.579791, 34.282096 ], [ -89.587201, 34.282175 ], [ -89.600699, 34.282369 ], [ -89.601531, 34.282382 ], [ -89.601578, 34.277756 ] ] ] } },
{ "type": "Feature", "properties": { "GEOID": "2811580", "NAME": "Carrollton town, Mississippi", "population": 406.0 }, "geometry": { "type": "Polygon", "coordinates": [ [ [ -89.930542, 33.513475 ], [ -89.926767, 33.512745 ], [ -89.926573, 33.511218 ], [ -89.926395, 33.510841 ], [ -89.925611, 33.509589 ], [ -89.925368, 33.508458 ], [ -89.925692, 33.508049 ], [ -89.925389, 33.50737 ], [ -89.924746, 33.507197 ], [ -89.925271, 33.504983 ], [ -89.926055, 33.503832 ], [ -89.926013, 33.502051 ], [ -89.925769, 33.500755 ], [ -89.926586, 33.500548 ], [ -89.926259, 33.499228 ], [ -89.926257, 33.496128 ], [ -89.923318, 33.495956 ], [ -89.922558, 33.491761 ], [ -89.921587, 33.494944 ], [ -89.919558, 33.494966 ], [ -89.919539, 33.495736 ], [ -89.917187, 33.495604 ], [ -89.917011, 33.497483 ], [ -89.917316, 33.500074 ], [ -89.915968, 33.502101 ], [ -89.916963, 33.502953 ], [ -89.916372, 33.50441 ], [ -89.913998, 33.506206 ], [ -89.915421, 33.507401 ], [ -89.916549, 33.512322 ], [ -89.916283, 33.512715 ], [ -89.920522, 33.513542 ], [ -89.923936, 33.51629 ], [ -89.924742, 33.516415 ], [ -89.926814, 33.516425 ], [ -89.929927, 33.515632 ], [ -89.932251, 33.514339 ], [ -89.930542, 33.513475 ] ] ] } },
{ "type": "Feature", "properties": { "GEOID": "2831980", "NAME": "Hickory town, Mississippi", "population": 406.0 }, "geometry": { "type": "Polygon", "coordinates": [ [ [ -89.032009, 32.311028 ], [ -89.01172, 32.31111 ], [ -89.01152, 32.315234 ], [ -89.011166, 32.322276 ], [ -89.031961, 32.322395 ], [ -89.032009, 32.311028 ] ] ] } },
{ "type": "Feature", "properties": { "GEOID": "2867520", "NAME": "Shubuta town, Mississippi", "population": 395.0 }, "geometry": { "type": "Polygon", "coordinates": [ [ [ -88.714874, 31.869866 ], [ -88.714822, 31.867954 ], [ -88.71477, 31.85747 ], [ -88.714788, 31.854566 ], [ -88.714743, 31.850131 ], [ -88.689282, 31.850485 ], [ -88.689274, 31.862394 ], [ -88.689273, 31.863665 ], [ -88.689169, 31.864399 ], [ -88.689042, 31.865304 ], [ -88.689067, 31.870006 ], [ -88.688954, 31.870214 ], [ -88.689046, 31.873432 ], [ -88.689316, 31.873433 ], [ -88.708449, 31.873741 ], [ -88.714599, 31.873879 ], [ -88.714902, 31.872453 ], [ -88.714874, 31.869866 ] ] ] } },
{ "type": "Feature", "properties": { "GEOID": "2859720", "NAME": "Potts Camp town, Mississippi", "population": 393.0 }, "geometry": { "type": "Polygon", "coordinates": [ [ [ -89.316173, 34.648638 ], [ -89.314677, 34.646642 ], [ -89.309696, 34.641886 ], [ -89.307867, 34.640832 ], [ -89.29825, 34.640872 ], [ -89.298355, 34.645403 ], [ -89.298451, 34.656963 ], [ -89.300413, 34.656346 ], [ -89.305052, 34.656057 ], [ -89.305583, 34.65668 ], [ -89.311937, 34.656956 ], [ -89.311361, 34.655697 ], [ -89.316053, 34.65568 ], [ -89.316173, 34.648638 ] ] ] } },
{ "type": "Feature", "properties": { "GEOID": "2852880", "NAME": "Noxapater town, Mississippi", "population": 383.0 }, "geometry": { "type": "Polygon", "coordinates": [ [ [ -89.072028, 32.992656 ], [ -89.072103, 32.986168 ], [ -89.064512, 32.986267 ], [ -89.055009, 32.986215 ], [ -89.055012, 33.000938 ], [ -89.072159, 33.000864 ], [ -89.072028, 32.992656 ] ] ] } },
{ "type": "Feature", "properties": { "GEOID": "2800100", "NAME": "Abbeville town, Mississippi", "population": 382.0 }, "geometry": { "type": "Polygon", "coordinates": [ [ [ -89.518972, 34.496637 ], [ -89.518549, 34.488636 ], [ -89.511233, 34.488842 ], [ -89.487564, 34.489233 ], [ -89.486697, 34.517786 ], [ -89.504173, 34.517801 ], [ -89.517959, 34.517793 ], [ -89.517823, 34.504683 ], [ -89.516872, 34.50469 ], [ -89.514934, 34.504941 ], [ -89.515464, 34.502807 ], [ -89.51433, 34.502956 ], [ -89.514614, 34.500015 ], [ -89.514766, 34.499617 ], [ -89.518405, 34.499694 ], [ -89.518081, 34.500105 ], [ -89.518945, 34.500105 ], [ -89.518972, 34.496637 ] ] ] } },
{ "type": "Feature", "properties": { "GEOID": "2867640", "NAME": "Shuqualak town, Mississippi", "population": 377.0 }, "geometry": { "type": "Polygon", "coordinates": [ [ [ -88.579378, 32.971965 ], [ -88.568222, 32.971991 ], [ -88.559717, 32.972057 ], [ -88.560018, 32.987071 ], [ -88.577997, 32.986776 ], [ -88.577872, 32.98055 ], [ -88.579453, 32.98055 ], [ -88.579378, 32.971965 ] ] ] } },
{ "type": "Feature", "properties": { "GEOID": "2878480", "NAME": "Webb town, Mississippi", "population": 375.0 }, "geometry": { "type": "Polygon", "coordinates": [ [ [ -90.353716, 33.946012 ], [ -90.351238, 33.943696 ], [ -90.351903, 33.942569 ], [ -90.347896, 33.943759 ], [ -90.345516, 33.941751 ], [ -90.343246, 33.942413 ], [ -90.337816, 33.948507 ], [ -90.340668, 33.949496 ], [ -90.341383, 33.949615 ], [ -90.345261, 33.95194 ], [ -90.347441, 33.955525 ], [ -90.349547, 33.954226 ], [ -90.350484, 33.953657 ], [ -90.350127, 33.951623 ], [ -90.349899, 33.950349 ], [ -90.351626, 33.946889 ], [ -90.353708, 33.947241 ], [ -90.353716, 33.946012 ] ] ] } },
{ "type": "Feature", "properties": { "GEOID": "2827540", "NAME": "Glen town, Mississippi", "population": 373.0 }, "geometry": { "type": "Polygon", "coordinates": [ [ [ -88.438141, 34.873232 ], [ -88.438083, 34.842674 ], [ -88.415441, 34.842654 ], [ -88.40039, 34.842731 ], [ -88.40015, 34.859567 ], [ -88.400084, 34.871671 ], [ -88.419576, 34.871591 ], [ -88.419662, 34.876351 ], [ -88.436184, 34.87684 ], [ -88.438152, 34.876704 ], [ -88.438141, 34.873232 ] ] ] } },
{ "type": "Feature", "properties": { "GEOID": "2851360", "NAME": "New Hebron town, Mississippi", "population": 371.0 }, "geometry": { "type": "Polygon", "coordinates": [ [ [ -89.992146, 31.730074 ], [ -89.987345, 31.730066 ], [ -89.987354, 31.728038 ], [ -89.985076, 31.728034 ], [ -89.985043, 31.727098 ], [ -89.982201, 31.727106 ], [ -89.982225, 31.728039 ], [ -89.974939, 31.728051 ], [ -89.974969, 31.730463 ], [ -89.974806, 31.734444 ], [ -89.976007, 31.734445 ], [ -89.975314, 31.738182 ], [ -89.978805, 31.738102 ], [ -89.992111, 31.738303 ], [ -89.992146, 31.730074 ] ] ] } },
{ "type": "Feature", "properties": { "GEOID": "2852400", "NAME": "North Carrollton town, Mississippi", "population": 366.0 }, "geometry": { "type": "Polygon", "coordinates": [ [ [ -89.926814, 33.516425 ], [ -89.924742, 33.516415 ], [ -89.923936, 33.51629 ], [ -89.923909, 33.516357 ], [ -89.920364, 33.513568 ], [ -89.918133, 33.513214 ], [ -89.918311, 33.515172 ], [ -89.917386, 33.516838 ], [ -89.914978, 33.516805 ], [ -89.914195, 33.518019 ], [ -89.912514, 33.518327 ], [ -89.911496, 33.519975 ], [ -89.911779, 33.522189 ], [ -89.912775, 33.521816 ], [ -89.915205, 33.523332 ], [ -89.917463, 33.522248 ], [ -89.917365, 33.520751 ], [ -89.925165, 33.521 ], [ -89.926638, 33.521015 ], [ -89.926784, 33.518314 ], [ -89.926814, 33.516425 ] ] ] } },
{ "type": "Feature", "properties": { "GEOID": "2819340", "NAME": "D'Lo town, Mississippi", "population": 365.0 }, "geometry": { "type": "Polygon", "coordinates": [ [ [ -89.906933, 31.97959 ], [ -89.896215, 31.979594 ], [ -89.894699, 31.979572 ], [ -89.894502, 31.989737 ], [ -89.898579, 31.989767 ], [ -89.898681, 31.994692 ], [ -89.898639, 31.995392 ], [ -89.899711, 31.995426 ], [ -89.90104, 31.996394 ], [ -89.900984, 31.996767 ], [ -89.904553, 31.999046 ], [ -89.90435, 31.997781 ], [ -89.903551, 31.996966 ], [ -89.903209, 31.99639 ], [ -89.903464, 31.995442 ], [ -89.903301, 31.994342 ], [ -89.9046, 31.99437 ], [ -89.905899, 31.994368 ], [ -89.905861, 31.989933 ], [ -89.90695, 31.989913 ], [ -89.906933, 31.97959 ] ] ] } },
{ "type": "Feature", "properties": { "GEOID": "2873720", "NAME": "Tishomingo town, Mississippi", "population": 365.0 }, "geometry": { "type": "Polygon", "coordinates": [ [ [ -88.234982, 34.628415 ], [ -88.233324, 34.62843 ], [ -88.231189, 34.628432 ], [ -88.229907, 34.625607 ], [ -88.226976, 34.621264 ], [ -88.226555, 34.621823 ], [ -88.227544, 34.62555 ], [ -88.229455, 34.62845 ], [ -88.223564, 34.628433 ], [ -88.223664, 34.630665 ], [ -88.217308, 34.630652 ], [ -88.21752, 34.633177 ], [ -88.224458, 34.633219 ], [ -88.224527, 34.640195 ], [ -88.224952, 34.642735 ], [ -88.22766, 34.642747 ], [ -88.231716, 34.642222 ], [ -88.23012, 34.648427 ], [ -88.229428, 34.652289 ], [ -88.227803, 34.658922 ], [ -88.229998, 34.658946 ], [ -88.230551, 34.659661 ], [ -88.232247, 34.659655 ], [ -88.234192, 34.658957 ], [ -88.233672, 34.652338 ], [ -88.229759, 34.652433 ], [ -88.232288, 34.641554 ], [ -88.233338, 34.641507 ], [ -88.233362, 34.640124 ], [ -88.234876, 34.640126 ], [ -88.235088, 34.63937 ], [ -88.234982, 34.628415 ] ] ] } },
{ "type": "Feature", "properties": { "GEOID": "2854640", "NAME": "Osyka town, Mississippi", "population": 355.0 }, "geometry": { "type": "Polygon", "coordinates": [ [ [ -90.4811282, 30.9997273 ], [ -90.477284, 30.999717 ], [ -90.475928, 30.99974 ], [ -90.474094, 30.999798 ], [ -90.4633242, 30.9997721 ], [ -90.463075, 31.014587 ], [ -90.463201, 31.014842 ], [ -90.479882, 31.014827 ], [ -90.4811282, 30.9997273 ] ] ] } },
{ "type": "Feature", "properties": { "GEOID": "2846720", "NAME": "Merigold town, Mississippi", "population": 350.0 }, "geometry": { "type": "Polygon", "coordinates": [ [ [ -90.734908, 33.836198 ], [ -90.734885, 33.832034 ], [ -90.717805, 33.832004 ], [ -90.717801, 33.833602 ], [ -90.71785, 33.846315 ], [ -90.734969, 33.846305 ], [ -90.734908, 33.836198 ] ] ] } },
{ "type": "Feature", "properties": { "GEOID": "2860360", "NAME": "Puckett village, Mississippi", "population": 350.0 }, "geometry": { "type": "Polygon", "coordinates": [ [ [ -89.799082, 32.087214 ], [ -89.785618, 32.087092 ], [ -89.785577, 32.064985 ], [ -89.781094, 32.064997 ], [ -89.781219, 32.072582 ], [ -89.7642, 32.072643 ], [ -89.763863, 32.089684 ], [ -89.780919, 32.089461 ], [ -89.779703, 32.094104 ], [ -89.779594, 32.099017 ], [ -89.781015, 32.099012 ], [ -89.781031, 32.105042 ], [ -89.79001, 32.104457 ], [ -89.799101, 32.104453 ], [ -89.799082, 32.087214 ] ] ] } },
{ "type": "Feature", "properties": { "GEOID": "2805220", "NAME": "Benoit town, Mississippi", "population": 342.0 }, "geometry": { "type": "Polygon", "coordinates": [ [ [ -91.017353, 33.644541 ], [ -91.000129, 33.644449 ], [ -91.000106, 33.658917 ], [ -91.017347, 33.658911 ], [ -91.017302, 33.652938 ], [ -91.017353, 33.644541 ] ] ] } },
{ "type": "Feature", "properties": { "GEOID": "2823220", "NAME": "Ethel town, Mississippi", "population": 324.0 }, "geometry": { "type": "Polygon", "coordinates": [ [ [ -89.474408, 33.117073 ], [ -89.472567, 33.11555 ], [ -89.470648, 33.114934 ], [ -89.469868, 33.115551 ], [ -89.465525, 33.1155 ], [ -89.465444, 33.117199 ], [ -89.462078, 33.117254 ], [ -89.461692, 33.120827 ], [ -89.457018, 33.120711 ], [ -89.456816, 33.126279 ], [ -89.459164, 33.12631 ], [ -89.459224, 33.129916 ], [ -89.461405, 33.129882 ], [ -89.461413, 33.128153 ], [ -89.465899, 33.128096 ], [ -89.467687, 33.128048 ], [ -89.46771, 33.126919 ], [ -89.467755, 33.124422 ], [ -89.470131, 33.124446 ], [ -89.470131, 33.12238 ], [ -89.472051, 33.122373 ], [ -89.471986, 33.118739 ], [ -89.474255, 33.118705 ], [ -89.474408, 33.117073 ] ] ] } },
{ "type": "Feature", "properties": { "GEOID": "2802100", "NAME": "Artesia town, Mississippi", "population": 323.0 }, "geometry": { "type": "Polygon", "coordinates": [ [ [ -88.649427, 33.418487 ], [ -88.649222, 33.411302 ], [ -88.644596, 33.411289 ], [ -88.644608, 33.405836 ], [ -88.641932, 33.405831 ], [ -88.642061, 33.406933 ], [ -88.640578, 33.406932 ], [ -88.640581, 33.4056 ], [ -88.637645, 33.405596 ], [ -88.637648, 33.403973 ], [ -88.636288, 33.403979 ], [ -88.636285, 33.426063 ], [ -88.649413, 33.425796 ], [ -88.649427, 33.418487 ] ] ] } },
{ "type": "Feature", "properties": { "GEOID": "2868400", "NAME": "Sledge town, Mississippi", "population": 323.0 }, "geometry": { "type": "Polygon", "coordinates": [ [ [ -90.227201, 34.42782 ], [ -90.222457, 34.42487 ], [ -90.218153, 34.429839 ], [ -90.216992, 34.429117 ], [ -90.215261, 34.43117 ], [ -90.216447, 34.43187 ], [ -90.211008, 34.438339 ], [ -90.223645, 34.438227 ], [ -90.223658, 34.436612 ], [ -90.230626, 34.430022 ], [ -90.227201, 34.42782 ] ] ] } },
{ "type": "Feature", "properties": { "GEOID": "2843840", "NAME": "McLain town, Mississippi", "population": 315.0 }, "geometry": { "type": "Polygon", "coordinates": [ [ [ -88.840971, 31.095694 ], [ -88.840989, 31.095067 ], [ -88.808395, 31.087884 ], [ -88.806859, 31.087609 ], [ -88.806872, 31.100139 ], [ -88.806849, 31.103405 ], [ -88.806585, 31.107285 ], [ -88.806843, 31.107563 ], [ -88.806852, 31.112307 ], [ -88.806841, 31.113561 ], [ -88.823823, 31.113809 ], [ -88.823939, 31.118459 ], [ -88.841045, 31.118418 ], [ -88.840971, 31.095694 ] ] ] } },
{ "type": "Feature", "properties": { "GEOID": "2848240", "NAME": "Mize town, Mississippi", "population": 310.0 }, "geometry": { "type": "Polygon", "coordinates": [ [ [ -89.566944, 31.865758 ], [ -89.566787, 31.856849 ], [ -89.557411, 31.856772 ], [ -89.5574, 31.85248 ], [ -89.558454, 31.852029 ], [ -89.558434, 31.850601 ], [ -89.557192, 31.848052 ], [ -89.55321, 31.84809 ], [ -89.553146, 31.848048 ], [ -89.552016, 31.848086 ], [ -89.552016, 31.856859 ], [ -89.541357, 31.856866 ], [ -89.541305, 31.864393 ], [ -89.541134, 31.878427 ], [ -89.554693, 31.878371 ], [ -89.566969, 31.878415 ], [ -89.566944, 31.865758 ] ] ] } },
{ "type": "Feature", "properties": { "GEOID": "2805380", "NAME": "Bentonia town, Mississippi", "population": 296.0 }, "geometry": { "type": "Polygon", "coordinates": [ [ [ -90.376772, 32.643852 ], [ -90.37493, 32.640082 ], [ -90.373079, 32.635706 ], [ -90.370973, 32.629699 ], [ -90.369851, 32.625401 ], [ -90.36883, 32.625423 ], [ -90.360676, 32.636005 ], [ -90.357712, 32.639924 ], [ -90.360507, 32.645068 ], [ -90.36403, 32.644244 ], [ -90.365744, 32.647432 ], [ -90.369301, 32.657972 ], [ -90.371844, 32.657934 ], [ -90.372464, 32.665303 ], [ -90.373609, 32.665257 ], [ -90.374915, 32.665133 ], [ -90.375091, 32.657652 ], [ -90.376733, 32.657688 ], [ -90.37511, 32.655201 ], [ -90.375917, 32.655168 ], [ -90.376965, 32.650264 ], [ -90.376772, 32.643852 ] ] ] } },
{ "type": "Feature", "properties": { "GEOID": "2866400", "NAME": "Seminary town, Mississippi", "population": 295.0 }, "geometry": { "type": "Polygon", "coordinates": [ [ [ -89.511202, 31.561635 ], [ -89.511195, 31.560879 ], [ -89.51144, 31.550793 ], [ -89.504993, 31.550757 ], [ -89.485929, 31.550729 ], [ -89.486231, 31.565439 ], [ -89.513775, 31.565828 ], [ -89.511202, 31.561635 ] ] ] } },
{ "type": "Feature", "properties": { "GEOID": "2868960", "NAME": "Snow Lake Shores town, Mississippi", "population": 293.0 }, "geometry": { "type": "Polygon", "coordinates": [ [ [ -89.246473, 34.821128 ], [ -89.246165, 34.81826 ], [ -89.245556, 34.81736 ], [ -89.245246, 34.815391 ], [ -89.240588, 34.81495 ], [ -89.237476, 34.815147 ], [ -89.234392, 34.815796 ], [ -89.234807, 34.820945 ], [ -89.235807, 34.822194 ], [ -89.234597, 34.823566 ], [ -89.227273, 34.823654 ], [ -89.227451, 34.830345 ], [ -89.239144, 34.830644 ], [ -89.24658, 34.830939 ], [ -89.246473, 34.821128 ] ] ] } },
{ "type": "Feature", "properties": { "GEOID": "2873760", "NAME": "Toccopola town, Mississippi", "population": 289.0 }, "geometry": { "type": "Polygon", "coordinates": [ [ [ -89.246009, 34.263048 ], [ -89.246053, 34.255762 ], [ -89.245976, 34.248649 ], [ -89.24593, 34.234127 ], [ -89.19592, 34.234191 ], [ -89.196107, 34.263098 ], [ -89.196114, 34.277925 ], [ -89.229979, 34.278037 ], [ -89.24616, 34.27837 ], [ -89.246009, 34.263048 ] ] ] } },
{ "type": "Feature", "properties": { "GEOID": "2829900", "NAME": "Gunnison town, Mississippi", "population": 286.0 }, "geometry": { "type": "Polygon", "coordinates": [ [ [ -90.955518, 33.936498 ], [ -90.94853, 33.936425 ], [ -90.938078, 33.936417 ], [ -90.938043, 33.942141 ], [ -90.937993, 33.950826 ], [ -90.955433, 33.950963 ], [ -90.955518, 33.936498 ] ] ] } },
{ "type": "Feature", "properties": { "GEOID": "2867840", "NAME": "Sidon town, Mississippi", "population": 285.0 }, "geometry": { "type": "Polygon", "coordinates": [ [ [ -90.212244, 33.406216 ], [ -90.208791, 33.405755 ], [ -90.204397, 33.406058 ], [ -90.204412, 33.410213 ], [ -90.207699, 33.409867 ], [ -90.211616, 33.409827 ], [ -90.212244, 33.406216 ] ] ] } },
{ "type": "Feature", "properties": { "GEOID": "2804540", "NAME": "Beauregard village, Mississippi", "population": 280.0 }, "geometry": { "type": "Polygon", "coordinates": [ [ [ -90.393373, 31.726524 ], [ -90.393035, 31.719142 ], [ -90.392997, 31.714732 ], [ -90.390877, 31.714831 ], [ -90.385877, 31.714848 ], [ -90.386793, 31.711547 ], [ -90.387049, 31.711067 ], [ -90.38465, 31.71114 ], [ -90.380053, 31.709774 ], [ -90.37967, 31.709682 ], [ -90.379516, 31.72956 ], [ -90.391361, 31.729518 ], [ -90.393248, 31.729521 ], [ -90.393373, 31.726524 ] ] ] } },
{ "type": "Feature", "properties": { "GEOID": "2862560", "NAME": "Rienzi town, Mississippi", "population": 278.0 }, "geometry": { "type": "Polygon", "coordinates": [ [ [ -88.542754, 34.756083 ], [ -88.526353, 34.755904 ], [ -88.526078, 34.755867 ], [ -88.525522, 34.755903 ], [ -88.525587, 34.761294 ], [ -88.524982, 34.770576 ], [ -88.542443, 34.770631 ], [ -88.542601, 34.768117 ], [ -88.542754, 34.756083 ] ] ] } },
{ "type": "Feature", "properties": { "GEOID": "2801820", "NAME": "Arcola town, Mississippi", "population": 276.0 }, "geometry": { "type": "Polygon", "coordinates": [ [ [ -90.885029, 33.269844 ], [ -90.883519, 33.269895 ], [ -90.882358, 33.266167 ], [ -90.877004, 33.266748 ], [ -90.87591, 33.272086 ], [ -90.875884, 33.274779 ], [ -90.879413, 33.274749 ], [ -90.879178, 33.273108 ], [ -90.885095, 33.273024 ], [ -90.885029, 33.269844 ] ] ] } },
{ "type": "Feature", "properties": { "GEOID": "2820380", "NAME": "Duncan town, Mississippi", "population": 271.0 }, "geometry": { "type": "Polygon", "coordinates": [ [ [ -90.756127, 34.031815 ], [ -90.74564, 34.031731 ], [ -90.743335, 34.036579 ], [ -90.738482, 34.036557 ], [ -90.738532, 34.048549 ], [ -90.743297, 34.048634 ], [ -90.7406, 34.05415 ], [ -90.747175, 34.054177 ], [ -90.747201, 34.049265 ], [ -90.750643, 34.049139 ], [ -90.750785, 34.038433 ], [ -90.753028, 34.036164 ], [ -90.756075, 34.034808 ], [ -90.756127, 34.031815 ] ] ] } },
{ "type": "Feature", "properties": { "GEOID": "2813580", "NAME": "Chunky town, Mississippi", "population": 268.0 }, "geometry": { "type": "Polygon", "coordinates": [ [ [ -88.939718, 32.326656 ], [ -88.935014, 32.326659 ], [ -88.935001, 32.320028 ], [ -88.922472, 32.320072 ], [ -88.922545, 32.32521 ], [ -88.92254, 32.333841 ], [ -88.939774, 32.333839 ], [ -88.939718, 32.326656 ] ] ] } },
{ "type": "Feature", "properties": { "GEOID": "2842960", "NAME": "Lyon town, Mississippi", "population": 267.0 }, "geometry": { "type": "Polygon", "coordinates": [ [ [ -90.553901, 34.211795 ], [ -90.544221, 34.211994 ], [ -90.545357, 34.212513 ], [ -90.544245, 34.214368 ], [ -90.54375, 34.216229 ], [ -90.541851, 34.215109 ], [ -90.538582, 34.214391 ], [ -90.53715, 34.214227 ], [ -90.535697, 34.217534 ], [ -90.535759, 34.212019 ], [ -90.539939, 34.210611 ], [ -90.540473, 34.210429 ], [ -90.540133, 34.210056 ], [ -90.5364, 34.2114 ], [ -90.534952, 34.211753 ], [ -90.535014, 34.219063 ], [ -90.535687, 34.219053 ], [ -90.534063, 34.222746 ], [ -90.537935, 34.222745 ], [ -90.541751, 34.222771 ], [ -90.542792, 34.22278 ], [ -90.542733, 34.219737 ], [ -90.544402, 34.218942 ], [ -90.549853, 34.218903 ], [ -90.549867, 34.215307 ], [ -90.553836, 34.215352 ], [ -90.553901, 34.211795 ] ] ] } },
{ "type": "Feature", "properties": { "GEOID": "2842200", "NAME": "Louin town, Mississippi", "population": 264.0 }, "geometry": { "type": "Polygon", "coordinates": [ [ [ -89.288195, 32.049181 ], [ -89.270835, 32.049044 ], [ -89.271065, 32.056229 ], [ -89.258098, 32.05617 ], [ -89.258193, 32.063563 ], [ -89.253974, 32.06356 ], [ -89.254027, 32.067107 ], [ -89.245393, 32.067124 ], [ -89.24543, 32.063652 ], [ -89.236773, 32.063614 ], [ -89.236891, 32.092882 ], [ -89.243991, 32.092884 ], [ -89.266844, 32.092893 ], [ -89.266752, 32.0816 ], [ -89.266614, 32.078146 ], [ -89.288431, 32.078137 ], [ -89.288195, 32.049181 ] ] ] } },
{ "type": "Feature", "properties": { "GEOID": "2859240", "NAME": "Pope village, Mississippi", "population": 261.0 }, "geometry": { "type": "Polygon", "coordinates": [ [ [ -89.956872, 34.20699 ], [ -89.954214, 34.207014 ], [ -89.943455, 34.207431 ], [ -89.940961, 34.203692 ], [ -89.93888, 34.20269 ], [ -89.93723, 34.206133 ], [ -89.936594, 34.223465 ], [ -89.926534, 34.223564 ], [ -89.926651, 34.226894 ], [ -89.941195, 34.226906 ], [ -89.941284, 34.221988 ], [ -89.950687, 34.221867 ], [ -89.956978, 34.222236 ], [ -89.956872, 34.20699 ] ] ] } },
{ "type": "Feature", "properties": { "GEOID": "2866280", "NAME": "Sebastopol town, Mississippi", "population": 260.0 }, "geometry": { "type": "Polygon", "coordinates": [ [ [ -89.345872, 32.559339 ], [ -89.322599, 32.559566 ], [ -89.322598, 32.576433 ], [ -89.333187, 32.576453 ], [ -89.334748, 32.576377 ], [ -89.335342, 32.577757 ], [ -89.336696, 32.579089 ], [ -89.337851, 32.578252 ], [ -89.338113, 32.577155 ], [ -89.33811, 32.576317 ], [ -89.343415, 32.576312 ], [ -89.345936, 32.567308 ], [ -89.345872, 32.559339 ] ] ] } },
{ "type": "Feature", "properties": { "GEOID": "2826020", "NAME": "French Camp town, Mississippi", "population": 256.0 }, "geometry": { "type": "Polygon", "coordinates": [ [ [ -89.407795, 33.285895 ], [ -89.390568, 33.285868 ], [ -89.390829, 33.300233 ], [ -89.405584, 33.300387 ], [ -89.407999, 33.30022 ], [ -89.407795, 33.285895 ] ] ] } },
{ "type": "Feature", "properties": { "GEOID": "2844960", "NAME": "Mantee village, Mississippi", "population": 249.0 }, "geometry": { "type": "Polygon", "coordinates": [ [ [ -89.085975, 33.723068 ], [ -89.061287, 33.723155 ], [ -89.061331, 33.69677 ], [ -89.043722, 33.69661 ], [ -89.043353, 33.739329 ], [ -89.086025, 33.739134 ], [ -89.085975, 33.723068 ] ] ] } },
{ "type": "Feature", "properties": { "GEOID": "2871520", "NAME": "Sumner town, Mississippi", "population": 247.0 }, "geometry": { "type": "Polygon", "coordinates": [ [ [ -90.378547, 33.968968 ], [ -90.373091, 33.964148 ], [ -90.37307, 33.963294 ], [ -90.373061, 33.962778 ], [ -90.368999, 33.962803 ], [ -90.368298, 33.962107 ], [ -90.36426, 33.95999 ], [ -90.363795, 33.959893 ], [ -90.363532, 33.960887 ], [ -90.366808, 33.963148 ], [ -90.365725, 33.966095 ], [ -90.364384, 33.966583 ], [ -90.363806, 33.970007 ], [ -90.362761, 33.976089 ], [ -90.366491, 33.975968 ], [ -90.371633, 33.97578 ], [ -90.373072, 33.975729 ], [ -90.373754, 33.970698 ], [ -90.373694, 33.970084 ], [ -90.378547, 33.968968 ] ] ] } },
{ "type": "Feature", "properties": { "GEOID": "2826980", "NAME": "Georgetown town, Mississippi", "population": 245.0 }, "geometry": { "type": "Polygon", "coordinates": [ [ [ -90.173105, 31.864242 ], [ -90.165277, 31.864261 ], [ -90.160216, 31.864233 ], [ -90.160304, 31.867773 ], [ -90.155024, 31.867752 ], [ -90.155129, 31.874165 ], [ -90.15514, 31.874629 ], [ -90.173085, 31.874736 ], [ -90.17306, 31.874422 ], [ -90.173105, 31.864242 ] ] ] } },
{ "type": "Feature", "properties": { "GEOID": "2816980", "NAME": "Cruger town, Mississippi", "population": 244.0 }, "geometry": { "type": "Polygon", "coordinates": [ [ [ -90.243872, 33.316059 ], [ -90.241027, 33.31588 ], [ -90.226975, 33.315837 ], [ -90.227161, 33.33018 ], [ -90.232751, 33.330157 ], [ -90.244093, 33.330117 ], [ -90.243872, 33.316059 ] ] ] } },
{ "type": "Feature", "properties": { "GEOID": "2805820", "NAME": "Beulah town, Mississippi", "population": 238.0 }, "geometry": { "type": "Polygon", "coordinates": [ [ [ -90.98496, 33.790688 ], [ -90.984297, 33.787008 ], [ -90.984594, 33.783501 ], [ -90.981135, 33.783526 ], [ -90.976049, 33.783558 ], [ -90.976119, 33.798237 ], [ -90.980807, 33.79825 ], [ -90.985667, 33.792026 ], [ -90.98496, 33.790688 ] ] ] } },
{ "type": "Feature", "properties": { "GEOID": "2811820", "NAME": "Cary town, Mississippi", "population": 220.0 }, "geometry": { "type": "Polygon", "coordinates": [ [ [ -90.933803, 32.805141 ], [ -90.93001, 32.800576 ], [ -90.929035, 32.797958 ], [ -90.926997, 32.797955 ], [ -90.920854, 32.797947 ], [ -90.917571, 32.808011 ], [ -90.918485, 32.813774 ], [ -90.925625, 32.813732 ], [ -90.929628, 32.807175 ], [ -90.936095, 32.805239 ], [ -90.933803, 32.805141 ] ] ] } },
{ "type": "Feature", "properties": { "GEOID": "2866080", "NAME": "Schlater town, Mississippi", "population": 217.0 }, "geometry": { "type": "Polygon", "coordinates": [ [ [ -90.366, 33.635255 ], [ -90.333145, 33.635118 ], [ -90.333155, 33.64476 ], [ -90.33971, 33.644666 ], [ -90.339824, 33.642374 ], [ -90.34381, 33.642488 ], [ -90.34408, 33.644766 ], [ -90.351331, 33.644796 ], [ -90.357136, 33.644232 ], [ -90.357399, 33.642316 ], [ -90.365762, 33.644924 ], [ -90.366, 33.635255 ] ] ] } },
{ "type": "Feature", "properties": { "GEOID": "2816620", "NAME": "Crosby town, Mississippi", "population": 216.0 }, "geometry": { "type": "Polygon", "coordinates": [ [ [ -91.074651, 31.287604 ], [ -91.07458, 31.26756 ], [ -91.059475, 31.267543 ], [ -91.055146, 31.267519 ], [ -91.055009, 31.271225 ], [ -91.050762, 31.27139 ], [ -91.050631, 31.289879 ], [ -91.074792, 31.29022 ], [ -91.074651, 31.287604 ] ] ] } },
{ "type": "Feature", "properties": { "GEOID": "2814580", "NAME": "Coahoma town, Mississippi", "population": 213.0 }, "geometry": { "type": "Polygon", "coordinates": [ [ [ -90.524246, 34.363671 ], [ -90.517156, 34.363997 ], [ -90.51718, 34.368155 ], [ -90.519936, 34.368787 ], [ -90.520884, 34.369636 ], [ -90.523917, 34.369946 ], [ -90.527959, 34.363842 ], [ -90.524246, 34.363671 ] ] ] } },
{ "type": "Feature", "properties": { "GEOID": "2871320", "NAME": "Sturgis town, Mississippi", "population": 205.0 }, "geometry": { "type": "Polygon", "coordinates": [ [ [ -89.056052, 33.340514 ], [ -89.053863, 33.340548 ], [ -89.053744, 33.336703 ], [ -89.047952, 33.336862 ], [ -89.036424, 33.337053 ], [ -89.036426, 33.340809 ], [ -89.034175, 33.340789 ], [ -89.034268, 33.347985 ], [ -89.036509, 33.347908 ], [ -89.036484, 33.351636 ], [ -89.045308, 33.351374 ], [ -89.045336, 33.355105 ], [ -89.053745, 33.354943 ], [ -89.053644, 33.351442 ], [ -89.056135, 33.351395 ], [ -89.056052, 33.340514 ] ] ] } },
{ "type": "Feature", "properties": { "GEOID": "2845120", "NAME": "Marietta town, Mississippi", "population": 197.0 }, "geometry": { "type": "Polygon", "coordinates": [ [ [ -88.484658, 34.48355 ], [ -88.471531, 34.483628 ], [ -88.471637, 34.494324 ], [ -88.462972, 34.494281 ], [ -88.462871, 34.499032 ], [ -88.459435, 34.499019 ], [ -88.46048, 34.503465 ], [ -88.462654, 34.504051 ], [ -88.462507, 34.512796 ], [ -88.48082, 34.512911 ], [ -88.480218, 34.500197 ], [ -88.480193, 34.487141 ], [ -88.484749, 34.487075 ], [ -88.484658, 34.48355 ] ] ] } },
{ "type": "Feature", "properties": { "GEOID": "2854960", "NAME": "Pachuta town, Mississippi", "population": 195.0 }, "geometry": { "type": "Polygon", "coordinates": [ [ [ -88.905639, 32.058542 ], [ -88.89613, 32.048813 ], [ -88.895676, 32.032195 ], [ -88.87015, 32.032363 ], [ -88.870238, 32.049635 ], [ -88.870278, 32.053933 ], [ -88.87447, 32.053956 ], [ -88.895489, 32.053956 ], [ -88.902809, 32.061089 ], [ -88.905639, 32.058542 ] ] ] } },
{ "type": "Feature", "properties": { "GEOID": "2842600", "NAME": "Lula town, Mississippi", "population": 189.0 }, "geometry": { "type": "Polygon", "coordinates": [ [ [ -90.483849, 34.449395 ], [ -90.475321, 34.447489 ], [ -90.474289, 34.451739 ], [ -90.471723, 34.453643 ], [ -90.473919, 34.453648 ], [ -90.47319, 34.460425 ], [ -90.474807, 34.460844 ], [ -90.479612, 34.462076 ], [ -90.483849, 34.449395 ] ] ] } },
{ "type": "Feature", "properties": { "GEOID": "2848800", "NAME": "Morgan City town, Mississippi", "population": 187.0 }, "geometry": { "type": "Polygon", "coordinates": [ [ [ -90.357409, 33.381165 ], [ -90.354276, 33.381175 ], [ -90.354097, 33.374257 ], [ -90.337714, 33.374223 ], [ -90.337857, 33.384078 ], [ -90.348687, 33.381473 ], [ -90.348654, 33.383118 ], [ -90.352933, 33.383195 ], [ -90.352919, 33.381753 ], [ -90.357294, 33.382991 ], [ -90.357409, 33.381165 ] ] ] } },
{ "type": "Feature", "properties": { "GEOID": "2827940", "NAME": "Golden town, Mississippi", "population": 185.0 }, "geometry": { "type": "Polygon", "coordinates": [ [ [ -88.19608, 34.496095 ], [ -88.192462, 34.491638 ], [ -88.193008, 34.491048 ], [ -88.191696, 34.489649 ], [ -88.192526, 34.48892 ], [ -88.191582, 34.487976 ], [ -88.191607, 34.477881 ], [ -88.190668, 34.478809 ], [ -88.185452, 34.48041 ], [ -88.185527, 34.482131 ], [ -88.180374, 34.482331 ], [ -88.180668, 34.483613 ], [ -88.179768, 34.484851 ], [ -88.176939, 34.48531 ], [ -88.173607, 34.482087 ], [ -88.173125, 34.482296 ], [ -88.177704, 34.48765 ], [ -88.182039, 34.490368 ], [ -88.180977, 34.49176 ], [ -88.183346, 34.490517 ], [ -88.184082, 34.491134 ], [ -88.187121, 34.489874 ], [ -88.187146, 34.492512 ], [ -88.190432, 34.492509 ], [ -88.193978, 34.496139 ], [ -88.19608, 34.496095 ] ] ] } },
{ "type": "Feature", "properties": { "GEOID": "2808460", "NAME": "Braxton village, Mississippi", "population": 181.0 }, "geometry": { "type": "Polygon", "coordinates": [ [ [ -89.976266, 32.028528 ], [ -89.978158, 32.025139 ], [ -89.977809, 32.022063 ], [ -89.975311, 32.021456 ], [ -89.974637, 32.019803 ], [ -89.968528, 32.019885 ], [ -89.966464, 32.021854 ], [ -89.964558, 32.025149 ], [ -89.964212, 32.028313 ], [ -89.964753, 32.029844 ], [ -89.968033, 32.032198 ], [ -89.979927, 32.032074 ], [ -89.976266, 32.028528 ] ] ] } },
{ "type": "Feature", "properties": { "GEOID": "2803580", "NAME": "Bassfield town, Mississippi", "population": 180.0 }, "geometry": { "type": "Polygon", "coordinates": [ [ [ -89.761887, 31.477626 ], [ -89.758914, 31.47768 ], [ -89.756087, 31.477707 ], [ -89.756072, 31.481367 ], [ -89.757666, 31.481374 ], [ -89.755433, 31.489791 ], [ -89.75233, 31.491925 ], [ -89.748149, 31.49316 ], [ -89.748153, 31.492309 ], [ -89.739547, 31.492046 ], [ -89.730837, 31.492043 ], [ -89.730881, 31.498033 ], [ -89.730919, 31.499696 ], [ -89.739157, 31.499709 ], [ -89.739163, 31.503214 ], [ -89.751297, 31.503271 ], [ -89.751031, 31.506899 ], [ -89.751657, 31.50691 ], [ -89.752299, 31.504467 ], [ -89.756034, 31.504484 ], [ -89.756036, 31.499679 ], [ -89.752981, 31.499651 ], [ -89.751611, 31.499641 ], [ -89.751635, 31.495968 ], [ -89.748131, 31.495951 ], [ -89.748144, 31.493479 ], [ -89.751851, 31.492212 ], [ -89.755, 31.492172 ], [ -89.756994, 31.491 ], [ -89.757005, 31.489174 ], [ -89.755885, 31.489849 ], [ -89.758166, 31.481375 ], [ -89.761858, 31.481372 ], [ -89.761887, 31.477626 ] ] ] } },
{ "type": "Feature", "properties": { "GEOID": "2867960", "NAME": "Silver Creek town, Mississippi", "population": 174.0 }, "geometry": { "type": "Polygon", "coordinates": [ [ [ -90.01389, 31.595429 ], [ -89.993513, 31.595455 ], [ -89.994084, 31.599413 ], [ -89.993267, 31.600136 ], [ -89.994539, 31.603882 ], [ -89.993671, 31.604872 ], [ -89.992875, 31.605708 ], [ -89.993371, 31.607097 ], [ -89.991911, 31.60792 ], [ -89.991944, 31.609558 ], [ -89.990688, 31.611825 ], [ -89.99144, 31.61606 ], [ -89.99417, 31.617318 ], [ -89.995765, 31.616428 ], [ -90.000896, 31.614958 ], [ -90.001711, 31.614692 ], [ -90.001717, 31.610694 ], [ -90.013461, 31.610637 ], [ -90.01389, 31.595429 ] ] ] } },
{ "type": "Feature", "properties": { "GEOID": "2854920", "NAME": "Pace town, Mississippi", "population": 169.0 }, "geometry": { "type": "Polygon", "coordinates": [ [ [ -90.867714, 33.793618 ], [ -90.86446, 33.79346 ], [ -90.860788, 33.792027 ], [ -90.858834, 33.789618 ], [ -90.853478, 33.788032 ], [ -90.852502, 33.792256 ], [ -90.856579, 33.792098 ], [ -90.866466, 33.795626 ], [ -90.867714, 33.793618 ] ] ] } },
{ "type": "Feature", "properties": { "GEOID": "2842240", "NAME": "Louise town, Mississippi", "population": 166.0 }, "geometry": { "type": "Polygon", "coordinates": [ [ [ -90.594154, 32.978001 ], [ -90.592892, 32.979677 ], [ -90.591621, 32.977167 ], [ -90.588344, 32.978056 ], [ -90.587083, 32.979126 ], [ -90.587515, 32.984416 ], [ -90.591555, 32.985362 ], [ -90.594013, 32.983289 ], [ -90.593209, 32.979987 ], [ -90.594578, 32.979886 ], [ -90.594154, 32.978001 ] ] ] } },
{ "type": "Feature", "properties": { "GEOID": "2867920", "NAME": "Silver City town, Mississippi", "population": 165.0 }, "geometry": { "type": "Polygon", "coordinates": [ [ [ -90.508102, 33.086173 ], [ -90.504435, 33.087773 ], [ -90.50009, 33.090421 ], [ -90.493828, 33.092214 ], [ -90.492387, 33.089194 ], [ -90.489912, 33.090052 ], [ -90.491931, 33.092906 ], [ -90.487652, 33.094409 ], [ -90.487828, 33.096639 ], [ -90.489398, 33.097352 ], [ -90.490573, 33.101439 ], [ -90.493128, 33.104652 ], [ -90.499478, 33.099727 ], [ -90.500087, 33.099046 ], [ -90.501141, 33.098148 ], [ -90.500738, 33.09707 ], [ -90.501873, 33.096035 ], [ -90.500822, 33.095092 ], [ -90.502167, 33.093653 ], [ -90.50493, 33.090846 ], [ -90.505517, 33.091411 ], [ -90.509195, 33.088588 ], [ -90.508102, 33.086173 ] ] ] } },
{ "type": "Feature", "properties": { "GEOID": "2838360", "NAME": "Kossuth village, Mississippi", "population": 162.0 }, "geometry": { "type": "Polygon", "coordinates": [ [ [ -88.651729, 34.875284 ], [ -88.651357, 34.865519 ], [ -88.634156, 34.865451 ], [ -88.634101, 34.872649 ], [ -88.633849, 34.879569 ], [ -88.634902, 34.879726 ], [ -88.648655, 34.879517 ], [ -88.651727, 34.879568 ], [ -88.651729, 34.875284 ] ] ] } },
{ "type": "Feature", "properties": { "GEOID": "2840360", "NAME": "Lena town, Mississippi", "population": 158.0 }, "geometry": { "type": "Polygon", "coordinates": [ [ [ -89.605784, 32.584426 ], [ -89.597264, 32.584519 ], [ -89.594506, 32.584345 ], [ -89.58429, 32.58406 ], [ -89.583888, 32.602661 ], [ -89.605264, 32.603726 ], [ -89.605784, 32.584426 ] ] ] } },
{ "type": "Feature", "properties": { "GEOID": "2858360", "NAME": "Pittsboro village, Mississippi", "population": 155.0 }, "geometry": { "type": "Polygon", "coordinates": [ [ [ -89.345899, 33.93294 ], [ -89.333348, 33.932909 ], [ -89.328432, 33.932922 ], [ -89.328643, 33.947078 ], [ -89.333661, 33.947031 ], [ -89.345465, 33.94731 ], [ -89.345778, 33.947301 ], [ -89.346076, 33.940108 ], [ -89.345899, 33.93294 ] ] ] } },
{ "type": "Feature", "properties": { "GEOID": "2880800", "NAME": "Winstonville town, Mississippi", "population": 139.0 }, "geometry": { "type": "Polygon", "coordinates": [ [ [ -90.762691, 33.908775 ], [ -90.750091, 33.90872 ], [ -90.750104, 33.908497 ], [ -90.749638, 33.912494 ], [ -90.745474, 33.912479 ], [ -90.745418, 33.916119 ], [ -90.754171, 33.916268 ], [ -90.754468, 33.916284 ], [ -90.756354, 33.916294 ], [ -90.75619, 33.916061 ], [ -90.753191, 33.912408 ], [ -90.758378, 33.912364 ], [ -90.758335, 33.910459 ], [ -90.762711, 33.91042 ], [ -90.762691, 33.908775 ] ] ] } },
{ "type": "Feature", "properties": { "GEOID": "2827660", "NAME": "Glendora village, Mississippi", "population": 135.0 }, "geometry": { "type": "Polygon", "coordinates": [ [ [ -90.298585, 33.832096 ], [ -90.296722, 33.830885 ], [ -90.296713, 33.829456 ], [ -90.294733, 33.828782 ], [ -90.294601, 33.826014 ], [ -90.293858, 33.823873 ], [ -90.28827, 33.824234 ], [ -90.288042, 33.826271 ], [ -90.290398, 33.827377 ], [ -90.290175, 33.828919 ], [ -90.293253, 33.829461 ], [ -90.291982, 33.831662 ], [ -90.293893, 33.830651 ], [ -90.297178, 33.832535 ], [ -90.298585, 33.832096 ] ] ] } },
{ "type": "Feature", "properties": { "GEOID": "2821420", "NAME": "Eden village, Mississippi", "population": 134.0 }, "geometry": { "type": "Polygon", "coordinates": [ [ [ -90.329322, 32.977964 ], [ -90.325031, 32.9779 ], [ -90.319759, 32.978136 ], [ -90.319783, 32.98141 ], [ -90.318087, 32.981401 ], [ -90.318146, 32.98912 ], [ -90.3252, 32.98894 ], [ -90.329326, 32.9892 ], [ -90.329322, 32.977964 ] ] ] } },
{ "type": "Feature", "properties": { "GEOID": "2878680", "NAME": "West town, Mississippi", "population": 132.0 }, "geometry": { "type": "Polygon", "coordinates": [ [ [ -89.791056, 33.195725 ], [ -89.780417, 33.191252 ], [ -89.779273, 33.190828 ], [ -89.778144, 33.192772 ], [ -89.775486, 33.19513 ], [ -89.772915, 33.199455 ], [ -89.785381, 33.204836 ], [ -89.791056, 33.195725 ] ] ] } },
{ "type": "Feature", "properties": { "GEOID": "2864800", "NAME": "Sallis town, Mississippi", "population": 131.0 }, "geometry": { "type": "Polygon", "coordinates": [ [ [ -89.770494, 33.016956 ], [ -89.765149, 33.016822 ], [ -89.761618, 33.017052 ], [ -89.758873, 33.017647 ], [ -89.758977, 33.026089 ], [ -89.770389, 33.025962 ], [ -89.770442, 33.019308 ], [ -89.770494, 33.016956 ] ] ] } },
{ "type": "Feature", "properties": { "GEOID": "2806060", "NAME": "Big Creek village, Mississippi", "population": 124.0 }, "geometry": { "type": "Polygon", "coordinates": [ [ [ -89.424589, 33.850896 ], [ -89.424477, 33.836971 ], [ -89.420753, 33.838295 ], [ -89.407126, 33.838293 ], [ -89.407143, 33.843177 ], [ -89.407147, 33.85462 ], [ -89.411395, 33.85471 ], [ -89.424527, 33.854503 ], [ -89.424589, 33.850896 ] ] ] } },
{ "type": "Feature", "properties": { "GEOID": "2877640", "NAME": "Walthall village, Mississippi", "population": 117.0 }, "geometry": { "type": "Polygon", "coordinates": [ [ [ -89.287328, 33.599843 ], [ -89.283211, 33.599785 ], [ -89.269715, 33.600184 ], [ -89.269902, 33.605249 ], [ -89.270236, 33.614024 ], [ -89.287295, 33.613994 ], [ -89.287497, 33.609794 ], [ -89.287328, 33.599843 ] ] ] } },
{ "type": "Feature", "properties": { "GEOID": "2881000", "NAME": "Woodland village, Mississippi", "population": 117.0 }, "geometry": { "type": "Polygon", "coordinates": [ [ [ -89.057474, 33.777333 ], [ -89.056269, 33.775747 ], [ -89.053297, 33.773953 ], [ -89.049624, 33.773581 ], [ -89.04691, 33.774206 ], [ -89.044641, 33.776031 ], [ -89.043232, 33.779431 ], [ -89.044098, 33.782371 ], [ -89.045565, 33.78415 ], [ -89.048092, 33.785341 ], [ -89.053742, 33.785358 ], [ -89.057226, 33.782781 ], [ -89.058153, 33.779654 ], [ -89.057474, 33.777333 ] ] ] } },
{ "type": "Feature", "properties": { "GEOID": "2824180", "NAME": "Falcon town, Mississippi", "population": 114.0 }, "geometry": { "type": "Polygon", "coordinates": [ [ [ -90.26354, 34.387585 ], [ -90.259639, 34.390482 ], [ -90.258037, 34.391556 ], [ -90.256845, 34.391177 ], [ -90.257155, 34.388764 ], [ -90.255556, 34.386635 ], [ -90.255473, 34.385596 ], [ -90.249557, 34.385592 ], [ -90.249656, 34.394718 ], [ -90.250093, 34.394973 ], [ -90.263577, 34.394758 ], [ -90.26354, 34.387585 ] ] ] } },
{ "type": "Feature", "properties": { "GEOID": "2800940", "NAME": "Alligator town, Mississippi", "population": 105.0 }, "geometry": { "type": "Polygon", "coordinates": [ [ [ -90.729668, 34.082994 ], [ -90.71651, 34.082713 ], [ -90.716531, 34.079939 ], [ -90.714561, 34.079945 ], [ -90.713752, 34.081135 ], [ -90.715634, 34.082854 ], [ -90.7119, 34.08275 ], [ -90.711708, 34.097278 ], [ -90.729365, 34.097547 ], [ -90.729628, 34.0856 ], [ -90.729668, 34.082994 ] ] ] } },
{ "type": "Feature", "properties": { "GEOID": "2855000", "NAME": "Paden village, Mississippi", "population": 104.0 }, "geometry": { "type": "Polygon", "coordinates": [ [ [ -88.274095, 34.665743 ], [ -88.269834, 34.664604 ], [ -88.268446, 34.661352 ], [ -88.268248, 34.657524 ], [ -88.267379, 34.655523 ], [ -88.262831, 34.655409 ], [ -88.261029, 34.652978 ], [ -88.264708, 34.652761 ], [ -88.26133, 34.64867 ], [ -88.262011, 34.652877 ], [ -88.248957, 34.653675 ], [ -88.251093, 34.656898 ], [ -88.250711, 34.659405 ], [ -88.253771, 34.65981 ], [ -88.25425, 34.661197 ], [ -88.252468, 34.667058 ], [ -88.273942, 34.667101 ], [ -88.274095, 34.665743 ] ] ] } },
{ "type": "Feature", "properties": { "GEOID": "2848640", "NAME": "Montrose town, Mississippi", "population": 101.0 }, "geometry": { "type": "Polygon", "coordinates": [ [ [ -89.25374, 32.116323 ], [ -89.252302, 32.116219 ], [ -89.252379, 32.113028 ], [ -89.250061, 32.113041 ], [ -89.249493, 32.114737 ], [ -89.245616, 32.114731 ], [ -89.24562, 32.112922 ], [ -89.241544, 32.112884 ], [ -89.241394, 32.111131 ], [ -89.237151, 32.111172 ], [ -89.236959, 32.119039 ], [ -89.231235, 32.119001 ], [ -89.219797, 32.118758 ], [ -89.219823, 32.120523 ], [ -89.215533, 32.120614 ], [ -89.215536, 32.136254 ], [ -89.221067, 32.136249 ], [ -89.221341, 32.136242 ], [ -89.245526, 32.135935 ], [ -89.245471, 32.13262 ], [ -89.249484, 32.132681 ], [ -89.24928, 32.12913 ], [ -89.249688, 32.1252 ], [ -89.249473, 32.122482 ], [ -89.253615, 32.122447 ], [ -89.25374, 32.116323 ] ] ] } },
{ "type": "Feature", "properties": { "GEOID": "2843400", "NAME": "McCool town, Mississippi", "population": 100.0 }, "geometry": { "type": "Polygon", "coordinates": [ [ [ -89.350224, 33.198464 ], [ -89.34999, 33.191932 ], [ -89.334273, 33.192018 ], [ -89.334391, 33.207297 ], [ -89.334396, 33.208609 ], [ -89.338513, 33.208623 ], [ -89.346443, 33.20511 ], [ -89.350114, 33.20497 ], [ -89.350136, 33.202736 ], [ -89.350224, 33.198464 ] ] ] } },
{ "type": "Feature", "properties": { "GEOID": "2868320", "NAME": "Slate Springs village, Mississippi", "population": 99.0 }, "geometry": { "type": "Polygon", "coordinates": [ [ [ -89.384997, 33.741863 ], [ -89.385053, 33.732782 ], [ -89.375057, 33.732772 ], [ -89.365305, 33.73247 ], [ -89.365312, 33.750723 ], [ -89.368803, 33.750748 ], [ -89.38538, 33.750579 ], [ -89.384997, 33.741863 ] ] ] } },
{ "type": "Feature", "properties": { "GEOID": "2819420", "NAME": "Doddsville town, Mississippi", "population": 85.0 }, "geometry": { "type": "Polygon", "coordinates": [ [ [ -90.530301, 33.654365 ], [ -90.522902, 33.654312 ], [ -90.512831, 33.654414 ], [ -90.512511, 33.665389 ], [ -90.530169, 33.665252 ], [ -90.530301, 33.654365 ] ] ] } },
{ "type": "Feature", "properties": { "GEOID": "2826780", "NAME": "Gattman village, Mississippi", "population": 85.0 }, "geometry": { "type": "Polygon", "coordinates": [ [ [ -88.245215, 33.879703 ], [ -88.230987, 33.8795028 ], [ -88.2294614, 33.8904409 ], [ -88.240787, 33.890586 ], [ -88.245215, 33.879703 ] ] ] } },
{ "type": "Feature", "properties": { "GEOID": "2872040", "NAME": "Sylvarena village, Mississippi", "population": 85.0 }, "geometry": { "type": "Polygon", "coordinates": [ [ [ -89.397713, 32.012541 ], [ -89.397708, 32.00533 ], [ -89.391584, 32.005053 ], [ -89.389367, 32.005189 ], [ -89.38898, 32.000154 ], [ -89.372197, 32.000154 ], [ -89.3722, 32.007765 ], [ -89.372038, 32.019756 ], [ -89.36327, 32.019669 ], [ -89.363074, 32.023217 ], [ -89.363048, 32.026695 ], [ -89.369981, 32.02729 ], [ -89.375064, 32.026964 ], [ -89.38939, 32.02692 ], [ -89.389196, 32.019774 ], [ -89.395795, 32.019699 ], [ -89.397719, 32.019719 ], [ -89.397713, 32.012541 ] ] ] } },
{ "type": "Feature", "properties": { "GEOID": "2839880", "NAME": "Learned town, Mississippi", "population": 54.0 }, "geometry": { "type": "Polygon", "coordinates": [ [ [ -90.549578, 32.192998 ], [ -90.547888, 32.191327 ], [ -90.541287, 32.197308 ], [ -90.549013, 32.202698 ], [ -90.555957, 32.197398 ], [ -90.549578, 32.192998 ] ] ] } },
{ "type": "Feature", "properties": { "GEOID": "2865680", "NAME": "Satartia village, Mississippi", "population": 38.0 }, "geometry": { "type": "Polygon", "coordinates": [ [ [ -90.544767, 32.668276 ], [ -90.543346, 32.669101 ], [ -90.54061, 32.671907 ], [ -90.540947, 32.673029 ], [ -90.544062, 32.675881 ], [ -90.549245, 32.671614 ], [ -90.544767, 32.668276 ] ] ] } }
]
}
