{
"type": "FeatureCollection",
"name": "places-AZ",
"crs": { "type": "name", "properties": { "name": "urn:ogc:def:crs:OGC:1.3:CRS84" } },
"features": [
{ "type": "Feature", "properties": { "GEOID": "0455000", "NAME": "Phoenix city, Arizona", "population": 1665481.0 }, "geometry": { "type": "MultiPolygon", "coordinates": [ [ [ [ -112.324041, 33.507304 ], [ -112.323988, 33.503925 ], [ -112.323786, 33.496772 ], [ -112.31961, 33.496687 ], [ -112.319586, 33.493198 ], [ -112.312825, 33.493133 ], [ -112.312737, 33.493343 ], [ -112.310827, 33.493328 ], [ -112.31082, 33.493116 ], [ -112.308924, 33.493055 ], [ -112.307561, 33.493094 ], [ -112.298518, 33.493355 ], [ -112.298518, 33.493448 ], [ -112.290218, 33.493747 ], [ -112.281046, 33.493818 ], [ -112.272445, 33.493895 ], [ -112.272444, 33.493799 ], [ -112.272473, 33.47932 ], [ -112.272422, 33.464734 ], [ -112.268531, 33.464806 ], [ -112.255243, 33.465049 ], [ -112.255242, 33.46514 ], [ -112.246569, 33.465283 ], [ -112.238186, 33.46533 ], [ -112.238323, 33.462947 ], [ -112.238296, 33.462106 ], [ -112.238365, 33.451799 ], [ -112.238326, 33.451749 ], [ -112.221268, 33.451693 ], [ -112.221282, 33.446717 ], [ -112.221277, 33.445753 ], [ -112.221265, 33.444394 ], [ -112.22097, 33.437146 ], [ -112.222927, 33.437118 ], [ -112.222928, 33.437024 ], [ -112.229641, 33.436973 ], [ -112.238234, 33.437054 ], [ -112.246818, 33.436372 ], [ -112.255144, 33.435688 ], [ -112.272355, 33.435591 ], [ -112.281135, 33.435484 ], [ -112.289596, 33.435352 ], [ -112.289543, 33.428168 ], [ -112.289462, 33.420987 ], [ -112.28945, 33.41358 ], [ -112.28931, 33.406374 ], [ -112.289196, 33.406373 ], [ -112.288868, 33.392015 ], [ -112.288575, 33.381051 ], [ -112.284581, 33.381077 ], [ -112.284558, 33.384829 ], [ -112.272493, 33.384795 ], [ -112.271671, 33.383169 ], [ -112.268847, 33.384082 ], [ -112.262554, 33.383391 ], [ -112.261273, 33.383517 ], [ -112.258164, 33.383751 ], [ -112.25482, 33.383774 ], [ -112.254295, 33.383756 ], [ -112.249633, 33.382617 ], [ -112.241909, 33.383954 ], [ -112.240601, 33.38441 ], [ -112.237116, 33.387665 ], [ -112.237122, 33.388404 ], [ -112.236903, 33.391898 ], [ -112.23699, 33.399084 ], [ -112.239325, 33.399078 ], [ -112.239322, 33.402698 ], [ -112.245511, 33.402731 ], [ -112.245635, 33.398995 ], [ -112.253946, 33.399 ], [ -112.253956, 33.402951 ], [ -112.254746, 33.40667 ], [ -112.253013, 33.40684 ], [ -112.253089, 33.410456 ], [ -112.242333, 33.411642 ], [ -112.242184, 33.40807 ], [ -112.237904, 33.408506 ], [ -112.221391, 33.408541 ], [ -112.221393, 33.408443 ], [ -112.221288, 33.405095 ], [ -112.219674, 33.404995 ], [ -112.2172, 33.403794 ], [ -112.217024, 33.408456 ], [ -112.21474, 33.408552 ], [ -112.212733, 33.408574 ], [ -112.212733, 33.408479 ], [ -112.208909, 33.408464 ], [ -112.20848, 33.403774 ], [ -112.206979, 33.404093 ], [ -112.204102, 33.404232 ], [ -112.204084, 33.40102 ], [ -112.203973, 33.401016 ], [ -112.203357, 33.396544 ], [ -112.192296, 33.39618 ], [ -112.185921, 33.395972 ], [ -112.185463, 33.398371 ], [ -112.185955, 33.399968 ], [ -112.186007, 33.400136 ], [ -112.186256, 33.400942 ], [ -112.18663, 33.408028 ], [ -112.186506, 33.408025 ], [ -112.18159, 33.407952 ], [ -112.178535, 33.4079 ], [ -112.177911, 33.40787 ], [ -112.177915, 33.409293 ], [ -112.175568, 33.410596 ], [ -112.175568, 33.411462 ], [ -112.174027, 33.41144 ], [ -112.17403, 33.411142 ], [ -112.173241, 33.408739 ], [ -112.16964, 33.409681 ], [ -112.169522, 33.407753 ], [ -112.168564, 33.399275 ], [ -112.170175, 33.399593 ], [ -112.177354, 33.399636 ], [ -112.17709, 33.395812 ], [ -112.185593, 33.395957 ], [ -112.185332, 33.391947 ], [ -112.192141, 33.391941 ], [ -112.19213, 33.391828 ], [ -112.194129, 33.391827 ], [ -112.19397, 33.384085 ], [ -112.191161, 33.38472 ], [ -112.190299, 33.381016 ], [ -112.189689, 33.380993 ], [ -112.189614, 33.37742 ], [ -112.18985, 33.377418 ], [ -112.20246, 33.377361 ], [ -112.211094, 33.377364 ], [ -112.21113, 33.380155 ], [ -112.204075, 33.380159 ], [ -112.204024, 33.377453 ], [ -112.202561, 33.37746 ], [ -112.202705, 33.384604 ], [ -112.202849, 33.39183 ], [ -112.207471, 33.391815 ], [ -112.207437, 33.389258 ], [ -112.210559, 33.389251 ], [ -112.210616, 33.391899 ], [ -112.215287, 33.39188 ], [ -112.215313, 33.38924 ], [ -112.219852, 33.386414 ], [ -112.224145, 33.386396 ], [ -112.224124, 33.384581 ], [ -112.22842, 33.384566 ], [ -112.228228, 33.38252 ], [ -112.222898, 33.37733 ], [ -112.220201, 33.374592 ], [ -112.220099, 33.374406 ], [ -112.219871, 33.370051 ], [ -112.215316, 33.370029 ], [ -112.203202, 33.358286 ], [ -112.200541, 33.3557 ], [ -112.189801, 33.345354 ], [ -112.187968, 33.345346 ], [ -112.186276, 33.345339 ], [ -112.186294, 33.343214 ], [ -112.186354, 33.341717 ], [ -112.169195, 33.32505 ], [ -112.169153, 33.333911 ], [ -112.169014, 33.333917 ], [ -112.168988, 33.325273 ], [ -112.166382, 33.322966 ], [ -112.164794, 33.3222 ], [ -112.160493, 33.319509 ], [ -112.158228, 33.319399 ], [ -112.151709, 33.319495 ], [ -112.151753, 33.308152 ], [ -112.147914, 33.304647 ], [ -112.143127, 33.30068 ], [ -112.133789, 33.29026 ], [ -112.129597, 33.290446 ], [ -112.116218, 33.290475 ], [ -112.100403, 33.290513 ], [ -112.097845, 33.290515 ], [ -112.085138, 33.290544 ], [ -112.083535, 33.290546 ], [ -112.063418, 33.290594 ], [ -112.048125, 33.290632 ], [ -112.031949, 33.290663 ], [ -112.014482, 33.290692 ], [ -111.997127, 33.290701 ], [ -111.995381, 33.290706 ], [ -111.981192, 33.290742 ], [ -111.98042, 33.290681 ], [ -111.97978, 33.290732 ], [ -111.972209, 33.290756 ], [ -111.972677, 33.295467 ], [ -111.972694, 33.302894 ], [ -111.973322, 33.305263 ], [ -111.972693, 33.307839 ], [ -111.97276, 33.319913 ], [ -111.972735, 33.327084 ], [ -111.972734, 33.32736 ], [ -111.972694, 33.334365 ], [ -111.972621, 33.346225 ], [ -111.973155, 33.34906 ], [ -111.973155, 33.349363 ], [ -111.971879, 33.352453 ], [ -111.971141, 33.355931 ], [ -111.970114, 33.359844 ], [ -111.970066, 33.360009 ], [ -111.969294, 33.363645 ], [ -111.969259, 33.3639 ], [ -111.968568, 33.369964 ], [ -111.968509, 33.374621 ], [ -111.968775, 33.377211 ], [ -111.96878, 33.377282 ], [ -111.97044, 33.377491 ], [ -111.978144, 33.376768 ], [ -111.97818, 33.378186 ], [ -111.978246, 33.386425 ], [ -111.978245, 33.386445 ], [ -111.978238, 33.387408 ], [ -111.978197, 33.392664 ], [ -111.978426, 33.39278 ], [ -111.978413, 33.400048 ], [ -111.978388, 33.407328 ], [ -111.978259, 33.408234 ], [ -111.978312, 33.410762 ], [ -111.97831, 33.411025 ], [ -111.978369, 33.421899 ], [ -111.97848, 33.434583 ], [ -111.978498, 33.436525 ], [ -111.969753, 33.4365 ], [ -111.961345, 33.436175 ], [ -111.961327, 33.43689 ], [ -111.961308, 33.437756 ], [ -111.961305, 33.43797 ], [ -111.961012, 33.448897 ], [ -111.956224, 33.448768 ], [ -111.954665, 33.448106 ], [ -111.954636, 33.444526 ], [ -111.952079, 33.448487 ], [ -111.950934, 33.447332 ], [ -111.941466, 33.447356 ], [ -111.940095, 33.449867 ], [ -111.940654, 33.451002 ], [ -111.942057, 33.452335 ], [ -111.94325, 33.454949 ], [ -111.942052, 33.456838 ], [ -111.941638, 33.461463 ], [ -111.939339, 33.464602 ], [ -111.939109, 33.465278 ], [ -111.943586, 33.465555 ], [ -111.943442, 33.467241 ], [ -111.943544, 33.472923 ], [ -111.952226, 33.472831 ], [ -111.96097, 33.472747 ], [ -111.960961, 33.478209 ], [ -111.960935, 33.480021 ], [ -111.957217, 33.480061 ], [ -111.953379, 33.481986 ], [ -111.951949, 33.481499 ], [ -111.949022, 33.482611 ], [ -111.949855, 33.487436 ], [ -111.952006, 33.487521 ], [ -111.951968, 33.490532 ], [ -111.951967, 33.490718 ], [ -111.948514, 33.49024 ], [ -111.943292, 33.490748 ], [ -111.943298, 33.502034 ], [ -111.94328, 33.505352 ], [ -111.942291, 33.505351 ], [ -111.942284, 33.502785 ], [ -111.940028, 33.502817 ], [ -111.940606, 33.507895 ], [ -111.941228, 33.509255 ], [ -111.943286, 33.509216 ], [ -111.943233, 33.516568 ], [ -111.945212, 33.516525 ], [ -111.947525, 33.516375 ], [ -111.960345, 33.515765 ], [ -111.969387, 33.516083 ], [ -111.969419, 33.522022 ], [ -111.973709, 33.522084 ], [ -111.973724, 33.523688 ], [ -111.974803, 33.523707 ], [ -111.975603, 33.523705 ], [ -111.986278, 33.523795 ], [ -111.987711, 33.524595 ], [ -111.992747, 33.524679 ], [ -111.995013, 33.523809 ], [ -111.995132, 33.517259 ], [ -111.995276, 33.513555 ], [ -111.999699, 33.51347 ], [ -112.001645, 33.51453 ], [ -112.004534, 33.515235 ], [ -112.012892, 33.51853 ], [ -112.012944, 33.531865 ], [ -112.012943, 33.531963 ], [ -112.012439, 33.532002 ], [ -111.995179, 33.531838 ], [ -111.995322, 33.541691 ], [ -111.995326, 33.542544 ], [ -111.995416, 33.549231 ], [ -111.995338, 33.553715 ], [ -111.986417, 33.553537 ], [ -111.986446, 33.560948 ], [ -111.977877, 33.560997 ], [ -111.977586, 33.562205 ], [ -111.977609, 33.568251 ], [ -111.977779, 33.582617 ], [ -111.969235, 33.582574 ], [ -111.969194, 33.57542 ], [ -111.960521, 33.57538 ], [ -111.943522, 33.574824 ], [ -111.943539, 33.582087 ], [ -111.943425, 33.589386 ], [ -111.952106, 33.589604 ], [ -111.952094, 33.596975 ], [ -111.94331, 33.596784 ], [ -111.938966, 33.596766 ], [ -111.938967, 33.600406 ], [ -111.934585, 33.600383 ], [ -111.934644, 33.59684 ], [ -111.926048, 33.596793 ], [ -111.925933, 33.61125 ], [ -111.925816, 33.622759 ], [ -111.925545, 33.638175 ], [ -111.925562, 33.658113 ], [ -111.925563, 33.658371 ], [ -111.925572, 33.66983 ], [ -111.925583, 33.684215 ], [ -111.925581, 33.698714 ], [ -111.925582, 33.713178 ], [ -111.925607, 33.725755 ], [ -111.925806, 33.726526 ], [ -111.951679, 33.726461 ], [ -111.955415, 33.726616 ], [ -111.960695, 33.726418 ], [ -111.960735, 33.741115 ], [ -111.967274, 33.741119 ], [ -111.967262, 33.743837 ], [ -111.969432, 33.743831 ], [ -111.969402, 33.755587 ], [ -111.965088, 33.75564 ], [ -111.965082, 33.752004 ], [ -111.960684, 33.751995 ], [ -111.96068, 33.755645 ], [ -111.96065, 33.770167 ], [ -111.951995, 33.770187 ], [ -111.943313, 33.770203 ], [ -111.943224, 33.770626 ], [ -111.943372, 33.784723 ], [ -111.947624, 33.784763 ], [ -111.951992, 33.784743 ], [ -111.955696, 33.783563 ], [ -111.960705, 33.784681 ], [ -111.960663, 33.785344 ], [ -111.960723, 33.791903 ], [ -111.960719, 33.79197 ], [ -111.966167, 33.791987 ], [ -111.966194, 33.791039 ], [ -111.963016, 33.790871 ], [ -111.963013, 33.788317 ], [ -111.968394, 33.78832 ], [ -111.96872, 33.79104 ], [ -111.96947, 33.791967 ], [ -111.969465, 33.790149 ], [ -111.970584, 33.788246 ], [ -111.978186, 33.788271 ], [ -111.978348, 33.788638 ], [ -111.978437, 33.791799 ], [ -111.978094, 33.791955 ], [ -111.978057, 33.795122 ], [ -111.975045, 33.795409 ], [ -111.974347, 33.795522 ], [ -111.971729, 33.795702 ], [ -111.971615, 33.799053 ], [ -111.991348, 33.798993 ], [ -111.991325, 33.795501 ], [ -111.995584, 33.795481 ], [ -111.995585, 33.798835 ], [ -111.995713, 33.798858 ], [ -111.995696, 33.798995 ], [ -112.019032, 33.799033 ], [ -112.048316, 33.798944 ], [ -112.048311, 33.791918 ], [ -112.04803, 33.786907 ], [ -112.048151, 33.784819 ], [ -112.052476, 33.784637 ], [ -112.062342, 33.784634 ], [ -112.067427, 33.784513 ], [ -112.067415, 33.788125 ], [ -112.074084, 33.788072 ], [ -112.07404, 33.789955 ], [ -112.078169, 33.790731 ], [ -112.078187, 33.791758 ], [ -112.082699, 33.791733 ], [ -112.082721, 33.799018 ], [ -112.082749, 33.806282 ], [ -112.100171, 33.805401 ], [ -112.100154, 33.82768 ], [ -112.117501, 33.827681 ], [ -112.117483, 33.825706 ], [ -112.117511, 33.820449 ], [ -112.117532, 33.815342 ], [ -112.117525, 33.812964 ], [ -112.120233, 33.812929 ], [ -112.12112, 33.812917 ], [ -112.134562, 33.812838 ], [ -112.138712, 33.812746 ], [ -112.142366, 33.819843 ], [ -112.144607, 33.827536 ], [ -112.146134, 33.82766 ], [ -112.1456, 33.82072 ], [ -112.146656, 33.820494 ], [ -112.150819, 33.822616 ], [ -112.152276, 33.822339 ], [ -112.152257, 33.842651 ], [ -112.152428, 33.843856 ], [ -112.152241, 33.856657 ], [ -112.152222, 33.863909 ], [ -112.147127, 33.863918 ], [ -112.145575, 33.863921 ], [ -112.146712, 33.869533 ], [ -112.147603, 33.870874 ], [ -112.146962, 33.87435 ], [ -112.147395, 33.878113 ], [ -112.152007, 33.878123 ], [ -112.152012, 33.881181 ], [ -112.147164, 33.8812 ], [ -112.146847, 33.878384 ], [ -112.144364, 33.878424 ], [ -112.143462, 33.878411 ], [ -112.143525, 33.881687 ], [ -112.143091, 33.883851 ], [ -112.145273, 33.883924 ], [ -112.145274, 33.885631 ], [ -112.143585, 33.885637 ], [ -112.143528, 33.889069 ], [ -112.147067, 33.889086 ], [ -112.143526, 33.889723 ], [ -112.143543, 33.89859 ], [ -112.14586, 33.898552 ], [ -112.147078, 33.892891 ], [ -112.154407, 33.89293 ], [ -112.160924, 33.892958 ], [ -112.160876, 33.900231 ], [ -112.152296, 33.900453 ], [ -112.152268, 33.907547 ], [ -112.148118, 33.907512 ], [ -112.147929, 33.911084 ], [ -112.145717, 33.911081 ], [ -112.145717, 33.91356 ], [ -112.145716, 33.914705 ], [ -112.152149, 33.914677 ], [ -112.1523, 33.918391 ], [ -112.203537, 33.918346 ], [ -112.203617, 33.913766 ], [ -112.220692, 33.913711 ], [ -112.221088, 33.899252 ], [ -112.220984, 33.874339 ], [ -112.210291, 33.874231 ], [ -112.220988, 33.873984 ], [ -112.220941, 33.840083 ], [ -112.228365, 33.843016 ], [ -112.230774, 33.842971 ], [ -112.23214, 33.841472 ], [ -112.23547, 33.828021 ], [ -112.216512, 33.827636 ], [ -112.214811, 33.82712 ], [ -112.214814, 33.823158 ], [ -112.207959, 33.82316 ], [ -112.207964, 33.819549 ], [ -112.216672, 33.819594 ], [ -112.216661, 33.826856 ], [ -112.217268, 33.827313 ], [ -112.235572, 33.827617 ], [ -112.235775, 33.826815 ], [ -112.252688, 33.826884 ], [ -112.239597, 33.812385 ], [ -112.239216, 33.812378 ], [ -112.238428, 33.812383 ], [ -112.23823, 33.808824 ], [ -112.233885, 33.808815 ], [ -112.233824, 33.805258 ], [ -112.222008, 33.804978 ], [ -112.217716, 33.804751 ], [ -112.219601, 33.800517 ], [ -112.219243, 33.797668 ], [ -112.219116, 33.793387 ], [ -112.220219, 33.791906 ], [ -112.220096, 33.788674 ], [ -112.221666, 33.783712 ], [ -112.224449, 33.778906 ], [ -112.225083, 33.777916 ], [ -112.225252, 33.775041 ], [ -112.226544, 33.773554 ], [ -112.220994, 33.771205 ], [ -112.217305, 33.764501 ], [ -112.214306, 33.761348 ], [ -112.203565, 33.761303 ], [ -112.20354, 33.7519 ], [ -112.203547, 33.751338 ], [ -112.203569, 33.749354 ], [ -112.203406, 33.748551 ], [ -112.203535, 33.739498 ], [ -112.203437, 33.725037 ], [ -112.20334, 33.718071 ], [ -112.20332, 33.712293 ], [ -112.202922, 33.712041 ], [ -112.202879, 33.697724 ], [ -112.178879, 33.697696 ], [ -112.169686, 33.697769 ], [ -112.169238, 33.67026 ], [ -112.169418, 33.668515 ], [ -112.169279, 33.664355 ], [ -112.169194, 33.661856 ], [ -112.169133, 33.659943 ], [ -112.168955, 33.654507 ], [ -112.169087, 33.647238 ], [ -112.169266, 33.63903 ], [ -112.16843, 33.63236 ], [ -112.168492, 33.625159 ], [ -112.168538, 33.617945 ], [ -112.168559, 33.61543 ], [ -112.16858, 33.610732 ], [ -112.168658, 33.603547 ], [ -112.168758, 33.596355 ], [ -112.168659, 33.595264 ], [ -112.166771, 33.594709 ], [ -112.166232, 33.593014 ], [ -112.163513, 33.589861 ], [ -112.159805, 33.588081 ], [ -112.156928, 33.584366 ], [ -112.151743, 33.581922 ], [ -112.151655, 33.581922 ], [ -112.151705, 33.574723 ], [ -112.151752, 33.567521 ], [ -112.151712, 33.56035 ], [ -112.151674, 33.553117 ], [ -112.151572, 33.546635 ], [ -112.151552, 33.545707 ], [ -112.151573, 33.538452 ], [ -112.151591, 33.531181 ], [ -112.151606, 33.528276 ], [ -112.15163, 33.523918 ], [ -112.151645, 33.520303 ], [ -112.151662, 33.516692 ], [ -112.15165, 33.51283 ], [ -112.151692, 33.510122 ], [ -112.152223, 33.509451 ], [ -112.155485, 33.509328 ], [ -112.168757, 33.509366 ], [ -112.173164, 33.5094 ], [ -112.186359, 33.509466 ], [ -112.195036, 33.509358 ], [ -112.203164, 33.509257 ], [ -112.203221, 33.509244 ], [ -112.211329, 33.509084 ], [ -112.220104, 33.508897 ], [ -112.220463, 33.508893 ], [ -112.228655, 33.508789 ], [ -112.2377, 33.508688 ], [ -112.246369, 33.508682 ], [ -112.255007, 33.508679 ], [ -112.269095, 33.508302 ], [ -112.272481, 33.508207 ], [ -112.272481, 33.508321 ], [ -112.27248, 33.508511 ], [ -112.272476, 33.522768 ], [ -112.282659, 33.522371 ], [ -112.289788, 33.522395 ], [ -112.294379, 33.522128 ], [ -112.294374, 33.518933 ], [ -112.298673, 33.518753 ], [ -112.298661, 33.515132 ], [ -112.306464, 33.514807 ], [ -112.306752, 33.514794 ], [ -112.306926, 33.5216 ], [ -112.323775, 33.521524 ], [ -112.323945, 33.514694 ], [ -112.324056, 33.507509 ], [ -112.324041, 33.507304 ] ], [ [ -112.323908, 33.51455 ], [ -112.323615, 33.521386 ], [ -112.306925, 33.521466 ], [ -112.306833, 33.514722 ], [ -112.306764, 33.507535 ], [ -112.306577, 33.507539 ], [ -112.306409, 33.507542 ], [ -112.302872, 33.507644 ], [ -112.302829, 33.494666 ], [ -112.308821, 33.494528 ], [ -112.308815, 33.493442 ], [ -112.310829, 33.493456 ], [ -112.31268, 33.493474 ], [ -112.319472, 33.49355 ], [ -112.319513, 33.496739 ], [ -112.323446, 33.496772 ], [ -112.323535, 33.504066 ], [ -112.323922, 33.507506 ], [ -112.323908, 33.51455 ] ], [ [ -112.288837, 33.395533 ], [ -112.279493, 33.395677 ], [ -112.277397, 33.39549 ], [ -112.272148, 33.39578 ], [ -112.272155, 33.399244 ], [ -112.280689, 33.399168 ], [ -112.272297, 33.399596 ], [ -112.272168, 33.40289 ], [ -112.263589, 33.402899 ], [ -112.263701, 33.406396 ], [ -112.255078, 33.406437 ], [ -112.254301, 33.402728 ], [ -112.254312, 33.399194 ], [ -112.267802, 33.399195 ], [ -112.26772, 33.395738 ], [ -112.271955, 33.395781 ], [ -112.271927, 33.392316 ], [ -112.267723, 33.392259 ], [ -112.267742, 33.389322 ], [ -112.272011, 33.389121 ], [ -112.272208, 33.390447 ], [ -112.276965, 33.390398 ], [ -112.277014, 33.392121 ], [ -112.280562, 33.389656 ], [ -112.280623, 33.392172 ], [ -112.281025, 33.392162 ], [ -112.280998, 33.391153 ], [ -112.284732, 33.39108 ], [ -112.284753, 33.392084 ], [ -112.288757, 33.392017 ], [ -112.288837, 33.395533 ] ], [ [ -112.212692, 33.415543 ], [ -112.20401, 33.415478 ], [ -112.204082, 33.411859 ], [ -112.20245, 33.411853 ], [ -112.20244, 33.413058 ], [ -112.195412, 33.412953 ], [ -112.195434, 33.408285 ], [ -112.202847, 33.408295 ], [ -112.202844, 33.408389 ], [ -112.204108, 33.408426 ], [ -112.204216, 33.408431 ], [ -112.204183, 33.412495 ], [ -112.207707, 33.412021 ], [ -112.212743, 33.412061 ], [ -112.212692, 33.415543 ] ], [ [ -112.212446, 33.422924 ], [ -112.206143, 33.422932 ], [ -112.204081, 33.422836 ], [ -112.204124, 33.419642 ], [ -112.208249, 33.419641 ], [ -112.208256, 33.419217 ], [ -112.21254, 33.419295 ], [ -112.212446, 33.422924 ] ], [ [ -112.210527, 33.873897 ], [ -112.207922, 33.87417 ], [ -112.20793, 33.877488 ], [ -112.203721, 33.877525 ], [ -112.203621, 33.873849 ], [ -112.208538, 33.873885 ], [ -112.210527, 33.873897 ] ], [ [ -112.186662, 33.436756 ], [ -112.186554, 33.436924 ], [ -112.17789, 33.436794 ], [ -112.177868, 33.429827 ], [ -112.169655, 33.429509 ], [ -112.186502, 33.429792 ], [ -112.186637, 33.429797 ], [ -112.186662, 33.436756 ] ], [ [ -112.180458, 33.377379 ], [ -112.177605, 33.377401 ], [ -112.177706, 33.370289 ], [ -112.177953, 33.370258 ], [ -112.180267, 33.370253 ], [ -112.180568, 33.370232 ], [ -112.180458, 33.377379 ] ], [ [ -112.177719, 33.363012 ], [ -112.171094, 33.363059 ], [ -112.169431, 33.362654 ], [ -112.169085, 33.36024 ], [ -112.169072, 33.362934 ], [ -112.166936, 33.362938 ], [ -112.163152, 33.363172 ], [ -112.162643, 33.366498 ], [ -112.156222, 33.366574 ], [ -112.15623, 33.370273 ], [ -112.151949, 33.370364 ], [ -112.151818, 33.362958 ], [ -112.151934, 33.362957 ], [ -112.160548, 33.362941 ], [ -112.160512, 33.355734 ], [ -112.160533, 33.352046 ], [ -112.1649, 33.352039 ], [ -112.168982, 33.35217 ], [ -112.168944, 33.355666 ], [ -112.169113, 33.355666 ], [ -112.17765, 33.355722 ], [ -112.177719, 33.363012 ] ], [ [ -112.173441, 33.370235 ], [ -112.169178, 33.3702 ], [ -112.169168, 33.366616 ], [ -112.173409, 33.36659 ], [ -112.173441, 33.370235 ] ], [ [ -112.168937, 33.364111 ], [ -112.166952, 33.364092 ], [ -112.166938, 33.363116 ], [ -112.168892, 33.36311 ], [ -112.168937, 33.364111 ] ], [ [ -112.168413, 33.407714 ], [ -112.150919, 33.406627 ], [ -112.143571, 33.406652 ], [ -112.143358, 33.406631 ], [ -112.149932, 33.403984 ], [ -112.150992, 33.403695 ], [ -112.152412, 33.403493 ], [ -112.168178, 33.403635 ], [ -112.167449, 33.403733 ], [ -112.168413, 33.407714 ] ], [ [ -112.168286, 33.381688 ], [ -112.168269, 33.382031 ], [ -112.166714, 33.382042 ], [ -112.16671, 33.381156 ], [ -112.168269, 33.381156 ], [ -112.168286, 33.381688 ] ], [ [ -112.167483, 33.401938 ], [ -112.16651, 33.402672 ], [ -112.163929, 33.403117 ], [ -112.153757, 33.403101 ], [ -112.150884, 33.402844 ], [ -112.150665, 33.403397 ], [ -112.142413, 33.406316 ], [ -112.142347, 33.39935 ], [ -112.142376, 33.392091 ], [ -112.14239, 33.391103 ], [ -112.143388, 33.391081 ], [ -112.144385, 33.390934 ], [ -112.146509, 33.390929 ], [ -112.146508, 33.392075 ], [ -112.15087, 33.3921 ], [ -112.15089, 33.394017 ], [ -112.15113, 33.392195 ], [ -112.15307, 33.3926 ], [ -112.153072, 33.395672 ], [ -112.154129, 33.395669 ], [ -112.15414, 33.39205 ], [ -112.154138, 33.39195 ], [ -112.157335, 33.391939 ], [ -112.15733, 33.392041 ], [ -112.157354, 33.395643 ], [ -112.158459, 33.395656 ], [ -112.158452, 33.392036 ], [ -112.159522, 33.392032 ], [ -112.159487, 33.390245 ], [ -112.160617, 33.391929 ], [ -112.16462, 33.392016 ], [ -112.16602, 33.392205 ], [ -112.165975, 33.396039 ], [ -112.168061, 33.395702 ], [ -112.167483, 33.401938 ] ], [ [ -112.164844, 33.34839 ], [ -112.163817, 33.348391 ], [ -112.159883, 33.348328 ], [ -112.159837, 33.34453 ], [ -112.163758, 33.34451 ], [ -112.163761, 33.347985 ], [ -112.164843, 33.347098 ], [ -112.164844, 33.34839 ] ], [ [ -112.155314, 33.379036 ], [ -112.154578, 33.37904 ], [ -112.154589, 33.377678 ], [ -112.155323, 33.377677 ], [ -112.155314, 33.379036 ] ], [ [ -112.150608, 33.884707 ], [ -112.148094, 33.884701 ], [ -112.148127, 33.885715 ], [ -112.147425, 33.885615 ], [ -112.147114, 33.885614 ], [ -112.146985, 33.882829 ], [ -112.147301, 33.882793 ], [ -112.150127, 33.882778 ], [ -112.150128, 33.883802 ], [ -112.150608, 33.884707 ] ], [ [ -112.142208, 33.389252 ], [ -112.142192, 33.390262 ], [ -112.140099, 33.390298 ], [ -112.140109, 33.388468 ], [ -112.142202, 33.388469 ], [ -112.142208, 33.389252 ] ], [ [ -112.140452, 33.362999 ], [ -112.136928, 33.363008 ], [ -112.13692, 33.358957 ], [ -112.1348, 33.360398 ], [ -112.134674, 33.359441 ], [ -112.130469, 33.359481 ], [ -112.130496, 33.372166 ], [ -112.126217, 33.372142 ], [ -112.126221, 33.373947 ], [ -112.130459, 33.373937 ], [ -112.130452, 33.376134 ], [ -112.131529, 33.376132 ], [ -112.131515, 33.377587 ], [ -112.118883, 33.37761 ], [ -112.117623, 33.376809 ], [ -112.117391, 33.374882 ], [ -112.117523, 33.356267 ], [ -112.117529, 33.355874 ], [ -112.117694, 33.344979 ], [ -112.117839, 33.341367 ], [ -112.119988, 33.341336 ], [ -112.121071, 33.341321 ], [ -112.122133, 33.341307 ], [ -112.122136, 33.344991 ], [ -112.124307, 33.344973 ], [ -112.125558, 33.348574 ], [ -112.134898, 33.348554 ], [ -112.134799, 33.355795 ], [ -112.13265, 33.355809 ], [ -112.132641, 33.35671 ], [ -112.134798, 33.356694 ], [ -112.134906, 33.358716 ], [ -112.13872, 33.358747 ], [ -112.140418, 33.359392 ], [ -112.140452, 33.362999 ] ], [ [ -112.138084, 33.383967 ], [ -112.133805, 33.383976 ], [ -112.133776, 33.386237 ], [ -112.137993, 33.386212 ], [ -112.137979, 33.387116 ], [ -112.133763, 33.387138 ], [ -112.133638, 33.388382 ], [ -112.133523, 33.388384 ], [ -112.133742, 33.379356 ], [ -112.138078, 33.37936 ], [ -112.138084, 33.383967 ] ], [ [ -112.1335, 33.406462 ], [ -112.129389, 33.406483 ], [ -112.12937, 33.403776 ], [ -112.126929, 33.404906 ], [ -112.122373, 33.405752 ], [ -112.119594, 33.404868 ], [ -112.119593, 33.4066 ], [ -112.116615, 33.406631 ], [ -112.116457, 33.4065 ], [ -112.11646, 33.399429 ], [ -112.125056, 33.399439 ], [ -112.130797, 33.399402 ], [ -112.130848, 33.403125 ], [ -112.133545, 33.402442 ], [ -112.1335, 33.406462 ] ], [ [ -112.12155, 33.392362 ], [ -112.121535, 33.39286 ], [ -112.120668, 33.392871 ], [ -112.120683, 33.39228 ], [ -112.12155, 33.392268 ], [ -112.12155, 33.392362 ] ], [ [ -112.120721, 33.385887 ], [ -112.116529, 33.385918 ], [ -112.1165, 33.38857 ], [ -112.120711, 33.388558 ], [ -112.120675, 33.392017 ], [ -112.116365, 33.391877 ], [ -112.116252, 33.391879 ], [ -112.116462, 33.379082 ], [ -112.116633, 33.380784 ], [ -112.118039, 33.380803 ], [ -112.11847, 33.382233 ], [ -112.116552, 33.382226 ], [ -112.116524, 33.384956 ], [ -112.120735, 33.384964 ], [ -112.120721, 33.385887 ] ], [ [ -112.119328, 33.378585 ], [ -112.116641, 33.378611 ], [ -112.116641, 33.378028 ], [ -112.116821, 33.377811 ], [ -112.119308, 33.377805 ], [ -112.119328, 33.378585 ] ], [ [ -112.099664, 33.725576 ], [ -112.089975, 33.725669 ], [ -112.089575, 33.725051 ], [ -112.087443, 33.725693 ], [ -112.085239, 33.725715 ], [ -112.085239, 33.725649 ], [ -112.083091, 33.725363 ], [ -112.083098, 33.725788 ], [ -112.065886, 33.725866 ], [ -112.065783, 33.720084 ], [ -112.082904, 33.72031 ], [ -112.082545, 33.713101 ], [ -112.089111, 33.71305 ], [ -112.089253, 33.716579 ], [ -112.08708, 33.7166 ], [ -112.087105, 33.7175 ], [ -112.090869, 33.717357 ], [ -112.091489, 33.718384 ], [ -112.091292, 33.713041 ], [ -112.095828, 33.712987 ], [ -112.095899, 33.716511 ], [ -112.097096, 33.716498 ], [ -112.097118, 33.718338 ], [ -112.099799, 33.718315 ], [ -112.099664, 33.725576 ] ], [ [ -112.099781, 33.705567 ], [ -112.098195, 33.709848 ], [ -112.089219, 33.709948 ], [ -112.090261, 33.712844 ], [ -112.082664, 33.712914 ], [ -112.082593, 33.711881 ], [ -112.082938, 33.707505 ], [ -112.084776, 33.708708 ], [ -112.084841, 33.705779 ], [ -112.088142, 33.705761 ], [ -112.088165, 33.70751 ], [ -112.093686, 33.708362 ], [ -112.093747, 33.705643 ], [ -112.098205, 33.706492 ], [ -112.099781, 33.705567 ] ], [ [ -112.082407, 33.709396 ], [ -112.080494, 33.709374 ], [ -112.080497, 33.707563 ], [ -112.082403, 33.707586 ], [ -112.082403, 33.70832 ], [ -112.082407, 33.709396 ] ], [ [ -112.076635, 33.7007 ], [ -112.076617, 33.70201 ], [ -112.07431, 33.701997 ], [ -112.074335, 33.700155 ], [ -112.076637, 33.700157 ], [ -112.076635, 33.7007 ] ], [ [ -112.063314, 33.487237 ], [ -112.056347, 33.48724 ], [ -112.056363, 33.481665 ], [ -112.063546, 33.481792 ], [ -112.063314, 33.487237 ] ], [ [ -112.057278, 33.712616 ], [ -112.04864, 33.712629 ], [ -112.048592, 33.704265 ], [ -112.048557, 33.698732 ], [ -112.050956, 33.698667 ], [ -112.057117, 33.698486 ], [ -112.057278, 33.712616 ] ], [ [ -112.033482, 33.700567 ], [ -112.033493, 33.701866 ], [ -112.031326, 33.701845 ], [ -112.031319, 33.700436 ], [ -112.031585, 33.700459 ], [ -112.033495, 33.700468 ], [ -112.033482, 33.700567 ] ], [ [ -111.995517, 33.741046 ], [ -111.995531, 33.74465 ], [ -111.993381, 33.745012 ], [ -111.993381, 33.746533 ], [ -111.990055, 33.746456 ], [ -111.990532, 33.748222 ], [ -111.987049, 33.748216 ], [ -111.987104, 33.745589 ], [ -111.989038, 33.74559 ], [ -111.989071, 33.74332 ], [ -111.99114, 33.744207 ], [ -111.991156, 33.741048 ], [ -111.978132, 33.741139 ], [ -111.978032, 33.741138 ], [ -111.978032, 33.741243 ], [ -111.96949, 33.741261 ], [ -111.969491, 33.741128 ], [ -111.97773, 33.741136 ], [ -111.978128, 33.740794 ], [ -111.978129, 33.741045 ], [ -111.984669, 33.740957 ], [ -111.984679, 33.73744 ], [ -111.98245, 33.73715 ], [ -111.982489, 33.732592 ], [ -111.982438, 33.72839 ], [ -111.986519, 33.72835 ], [ -111.986821, 33.729938 ], [ -111.995541, 33.730222 ], [ -111.995517, 33.741046 ] ], [ [ -111.995539, 33.779931 ], [ -111.995498, 33.780661 ], [ -111.995461, 33.780865 ], [ -111.995372, 33.780966 ], [ -111.993405, 33.780973 ], [ -111.993404, 33.779158 ], [ -111.995532, 33.779182 ], [ -111.995539, 33.779931 ] ], [ [ -111.995523, 33.778245 ], [ -111.995384, 33.778243 ], [ -111.993405, 33.778251 ], [ -111.993405, 33.777427 ], [ -111.991219, 33.777436 ], [ -111.991229, 33.779219 ], [ -111.989082, 33.779249 ], [ -111.989101, 33.781051 ], [ -111.986869, 33.781034 ], [ -111.986915, 33.777452 ], [ -111.984192, 33.777303 ], [ -111.984191, 33.776032 ], [ -111.982531, 33.775588 ], [ -111.982532, 33.777474 ], [ -111.978184, 33.777497 ], [ -111.980308, 33.777393 ], [ -111.980353, 33.775642 ], [ -111.979267, 33.774465 ], [ -111.980854, 33.771898 ], [ -111.983075, 33.771895 ], [ -111.984178, 33.770111 ], [ -111.986989, 33.770066 ], [ -111.986925, 33.773659 ], [ -111.985794, 33.773665 ], [ -111.985792, 33.77643 ], [ -111.986982, 33.77643 ], [ -111.986982, 33.773659 ], [ -111.995509, 33.773627 ], [ -111.995514, 33.777351 ], [ -111.995523, 33.778245 ] ], [ [ -111.982533, 33.784652 ], [ -111.978217, 33.784667 ], [ -111.978228, 33.782859 ], [ -111.977125, 33.781013 ], [ -111.982509, 33.781044 ], [ -111.982502, 33.78174 ], [ -111.982498, 33.78283 ], [ -111.984472, 33.783373 ], [ -111.982533, 33.784652 ] ], [ [ -111.978445, 33.348806 ], [ -111.976099, 33.348997 ], [ -111.974823, 33.349198 ], [ -111.973237, 33.349057 ], [ -111.973243, 33.348528 ], [ -111.972765, 33.346475 ], [ -111.975389, 33.347452 ], [ -111.975921, 33.348757 ], [ -111.975982, 33.348463 ], [ -111.975593, 33.347418 ], [ -111.978435, 33.347802 ], [ -111.978445, 33.348806 ] ], [ [ -111.978181, 33.775513 ], [ -111.977031, 33.777423 ], [ -111.969594, 33.777394 ], [ -111.969449, 33.771973 ], [ -111.97492, 33.771962 ], [ -111.974924, 33.770153 ], [ -111.967388, 33.770164 ], [ -111.965076, 33.770168 ], [ -111.965079, 33.764708 ], [ -111.967257, 33.764705 ], [ -111.967256, 33.766526 ], [ -111.969437, 33.766525 ], [ -111.969458, 33.762911 ], [ -111.978166, 33.762879 ], [ -111.978131, 33.770152 ], [ -111.975992, 33.770152 ], [ -111.975992, 33.771964 ], [ -111.978176, 33.771962 ], [ -111.978181, 33.775513 ] ], [ [ -111.928217, 33.653326 ], [ -111.925642, 33.653313 ], [ -111.925645, 33.652741 ], [ -111.926498, 33.652712 ], [ -111.927595, 33.652837 ], [ -111.927687, 33.651662 ], [ -111.928217, 33.653326 ] ], [ [ -112.169031, 33.341069 ], [ -112.1558, 33.341153 ], [ -112.155792, 33.348539 ], [ -112.154893, 33.35167 ], [ -112.156027, 33.351904 ], [ -112.15324, 33.352565 ], [ -112.151919, 33.352893 ], [ -112.151911, 33.355825 ], [ -112.143383, 33.355753 ], [ -112.143378, 33.354516 ], [ -112.14475, 33.354525 ], [ -112.144755, 33.353319 ], [ -112.143372, 33.353378 ], [ -112.143359, 33.348509 ], [ -112.148055, 33.34848 ], [ -112.148041, 33.344845 ], [ -112.139885, 33.344835 ], [ -112.137846, 33.34675 ], [ -112.135078, 33.348554 ], [ -112.134993, 33.348554 ], [ -112.134966, 33.342977 ], [ -112.129139, 33.34304 ], [ -112.129067, 33.342059 ], [ -112.129554, 33.341202 ], [ -112.134923, 33.341126 ], [ -112.13495, 33.341125 ], [ -112.139386, 33.341161 ], [ -112.139374, 33.337593 ], [ -112.143694, 33.337606 ], [ -112.143687, 33.335601 ], [ -112.143685, 33.335146 ], [ -112.147982, 33.334047 ], [ -112.151831, 33.333917 ], [ -112.169014, 33.333917 ], [ -112.169031, 33.341069 ] ] ], [ [ [ -112.126214, 33.359177 ], [ -112.121286, 33.359448 ], [ -112.117635, 33.361204 ], [ -112.117628, 33.363084 ], [ -112.12553, 33.363049 ], [ -112.126263, 33.36182 ], [ -112.126214, 33.359177 ] ] ] ] } },
{ "type": "Feature", "properties": { "GEOID": "0477000", "NAME": "Tucson city, Arizona", "population": 548371.0 }, "geometry": { "type": "Polygon", "coordinates": [ [ [ -111.058797, 32.203103 ], [ -111.05448, 32.203098 ], [ -111.054495, 32.199509 ], [ -111.046018, 32.199519 ], [ -111.045951, 32.184894 ], [ -111.015971, 32.185107 ], [ -111.015911, 32.177856 ], [ -111.01188, 32.178203 ], [ -111.011878, 32.177903 ], [ -111.011648, 32.174169 ], [ -111.002781, 32.174174 ], [ -111.003255, 32.172304 ], [ -111.004909, 32.169687 ], [ -111.004971, 32.169625 ], [ -111.00523, 32.170514 ], [ -111.011667, 32.170452 ], [ -111.011686, 32.166849 ], [ -111.007424, 32.166782 ], [ -111.006192, 32.166404 ], [ -111.006564, 32.163138 ], [ -111.007403, 32.16313 ], [ -111.007923, 32.159356 ], [ -111.0095, 32.159334 ], [ -111.009473, 32.158472 ], [ -111.007322, 32.158465 ], [ -111.008759, 32.15321 ], [ -111.012106, 32.150465 ], [ -111.013054, 32.148409 ], [ -111.011594, 32.14841 ], [ -111.011677, 32.140337 ], [ -111.011777, 32.127807 ], [ -111.011335, 32.127807 ], [ -111.007609, 32.127791 ], [ -111.007556, 32.131802 ], [ -111.005367, 32.131781 ], [ -111.003157, 32.131176 ], [ -111.003504, 32.128 ], [ -111.00311, 32.123061 ], [ -111.007055, 32.123082 ], [ -111.006934, 32.121547 ], [ -111.005243, 32.121455 ], [ -111.005068, 32.119616 ], [ -111.003194, 32.119571 ], [ -110.991985, 32.119329 ], [ -110.988868, 32.11935 ], [ -110.977574, 32.119442 ], [ -110.967814, 32.119516 ], [ -110.960758, 32.119539 ], [ -110.9603, 32.119542 ], [ -110.940042, 32.119554 ], [ -110.92613, 32.108737 ], [ -110.909374, 32.108581 ], [ -110.909338, 32.118075 ], [ -110.907275, 32.118039 ], [ -110.902514, 32.113906 ], [ -110.900663, 32.11388 ], [ -110.900679, 32.119553 ], [ -110.893066, 32.11942 ], [ -110.892889, 32.13438 ], [ -110.896378, 32.134347 ], [ -110.896265, 32.134691 ], [ -110.901124, 32.137695 ], [ -110.901139, 32.140492 ], [ -110.90577, 32.140463 ], [ -110.905756, 32.142798 ], [ -110.903386, 32.142908 ], [ -110.907926, 32.146015 ], [ -110.909, 32.147493 ], [ -110.909085, 32.1543 ], [ -110.909282, 32.154322 ], [ -110.912695, 32.15609 ], [ -110.916054, 32.156104 ], [ -110.916145, 32.154982 ], [ -110.917398, 32.15194 ], [ -110.9095, 32.147009 ], [ -110.909496, 32.145657 ], [ -110.912568, 32.14524 ], [ -110.912547, 32.141557 ], [ -110.91773, 32.141519 ], [ -110.917733, 32.141545 ], [ -110.926193, 32.141427 ], [ -110.926272, 32.146961 ], [ -110.926286, 32.148793 ], [ -110.926293, 32.150613 ], [ -110.926304, 32.157538 ], [ -110.92628, 32.16319 ], [ -110.92632, 32.167236 ], [ -110.921957, 32.164787 ], [ -110.921771, 32.166998 ], [ -110.917635, 32.166989 ], [ -110.917651, 32.168737 ], [ -110.920814, 32.168711 ], [ -110.921313, 32.170645 ], [ -110.926333, 32.170646 ], [ -110.926357, 32.177992 ], [ -110.926415, 32.183583 ], [ -110.922223, 32.184188 ], [ -110.917893, 32.188103 ], [ -110.917951, 32.190961 ], [ -110.92092, 32.192539 ], [ -110.918626, 32.192532 ], [ -110.913548, 32.192614 ], [ -110.912358, 32.193118 ], [ -110.910007, 32.194664 ], [ -110.909304, 32.196204 ], [ -110.909282, 32.195151 ], [ -110.909193, 32.189427 ], [ -110.908533, 32.1852 ], [ -110.908286, 32.177979 ], [ -110.907146, 32.177946 ], [ -110.90714, 32.177103 ], [ -110.908404, 32.177111 ], [ -110.90838, 32.176178 ], [ -110.90502, 32.176139 ], [ -110.904987, 32.174277 ], [ -110.902856, 32.174227 ], [ -110.902843, 32.172401 ], [ -110.900711, 32.172384 ], [ -110.900694, 32.170526 ], [ -110.898827, 32.170513 ], [ -110.896388, 32.167574 ], [ -110.896452, 32.163057 ], [ -110.900121, 32.163075 ], [ -110.900116, 32.164644 ], [ -110.900868, 32.165345 ], [ -110.902992, 32.165564 ], [ -110.902981, 32.164649 ], [ -110.905015, 32.164935 ], [ -110.906525, 32.164647 ], [ -110.906548, 32.165488 ], [ -110.90804, 32.166129 ], [ -110.907977, 32.163133 ], [ -110.907717, 32.159169 ], [ -110.905872, 32.156938 ], [ -110.89602, 32.151254 ], [ -110.89219, 32.149205 ], [ -110.892387, 32.15325 ], [ -110.892103, 32.154608 ], [ -110.892289, 32.163018 ], [ -110.892286, 32.163251 ], [ -110.892047, 32.163249 ], [ -110.892044, 32.163044 ], [ -110.890981, 32.163044 ], [ -110.89098, 32.16298 ], [ -110.890943, 32.161274 ], [ -110.888866, 32.161269 ], [ -110.888885, 32.159501 ], [ -110.886751, 32.159449 ], [ -110.886767, 32.157705 ], [ -110.884633, 32.15769 ], [ -110.883483, 32.155978 ], [ -110.8835, 32.154101 ], [ -110.881459, 32.15408 ], [ -110.881467, 32.152242 ], [ -110.879422, 32.152197 ], [ -110.879399, 32.150473 ], [ -110.87723, 32.150439 ], [ -110.877208, 32.15042 ], [ -110.877217, 32.148722 ], [ -110.875116, 32.148684 ], [ -110.875016, 32.14157 ], [ -110.874961, 32.138827 ], [ -110.878048, 32.140595 ], [ -110.878499, 32.140859 ], [ -110.879833, 32.139309 ], [ -110.880339, 32.137894 ], [ -110.882941, 32.138712 ], [ -110.886152, 32.140754 ], [ -110.887833, 32.142678 ], [ -110.890043, 32.14643 ], [ -110.893123, 32.149014 ], [ -110.895441, 32.148429 ], [ -110.892114, 32.14267 ], [ -110.891994, 32.135634 ], [ -110.891719, 32.134386 ], [ -110.89197, 32.134389 ], [ -110.891943, 32.121744 ], [ -110.892197, 32.119406 ], [ -110.89223, 32.097557 ], [ -110.875056, 32.097572 ], [ -110.875053, 32.104889 ], [ -110.857967, 32.105244 ], [ -110.844689, 32.104784 ], [ -110.84211, 32.104723 ], [ -110.838905, 32.104685 ], [ -110.837235, 32.102274 ], [ -110.834638, 32.10005 ], [ -110.823784, 32.093204 ], [ -110.823741, 32.106619 ], [ -110.839473, 32.115413 ], [ -110.839473, 32.118841 ], [ -110.841033, 32.120377 ], [ -110.83249, 32.115729 ], [ -110.832487, 32.128834 ], [ -110.832014, 32.130088 ], [ -110.830919, 32.132772 ], [ -110.823843, 32.132715 ], [ -110.823917, 32.125629 ], [ -110.823992, 32.12567 ], [ -110.824119, 32.111157 ], [ -110.812895, 32.104689 ], [ -110.814006, 32.104691 ], [ -110.80997, 32.102317 ], [ -110.81004, 32.09634 ], [ -110.809508, 32.095561 ], [ -110.805132, 32.0957 ], [ -110.804195, 32.095296 ], [ -110.804247, 32.08445 ], [ -110.804411, 32.083743 ], [ -110.807574, 32.08396 ], [ -110.809261, 32.084375 ], [ -110.818847, 32.090101 ], [ -110.827176, 32.090105 ], [ -110.841024, 32.090135 ], [ -110.854721, 32.090314 ], [ -110.854687, 32.092865 ], [ -110.857963, 32.092914 ], [ -110.857966, 32.090354 ], [ -110.875007, 32.090261 ], [ -110.874908, 32.07573 ], [ -110.875741, 32.075727 ], [ -110.875962, 32.059561 ], [ -110.858697, 32.05934 ], [ -110.858626, 32.048764 ], [ -110.842108, 32.048677 ], [ -110.842106, 32.04508 ], [ -110.846321, 32.045082 ], [ -110.846305, 32.041437 ], [ -110.854969, 32.041451 ], [ -110.854944, 32.044931 ], [ -110.858829, 32.044931 ], [ -110.858964, 32.030392 ], [ -110.910501, 32.030715 ], [ -110.910424, 32.045116 ], [ -110.910294, 32.046227 ], [ -110.910279, 32.061468 ], [ -110.893092, 32.06141 ], [ -110.893098, 32.059547 ], [ -110.876662, 32.059562 ], [ -110.876541, 32.067411 ], [ -110.880164, 32.067441 ], [ -110.880036, 32.075724 ], [ -110.892443, 32.075725 ], [ -110.89248, 32.073797 ], [ -110.893081, 32.070761 ], [ -110.893078, 32.075725 ], [ -110.900667, 32.075718 ], [ -110.900648, 32.083083 ], [ -110.896444, 32.083057 ], [ -110.896373, 32.090387 ], [ -110.909067, 32.090565 ], [ -110.909091, 32.093372 ], [ -110.909192, 32.10489 ], [ -110.921255, 32.104939 ], [ -110.915259, 32.099733 ], [ -110.91995, 32.095897 ], [ -110.931145, 32.105358 ], [ -110.936863, 32.105341 ], [ -110.937736, 32.106086 ], [ -110.936659, 32.106999 ], [ -110.938615, 32.108673 ], [ -110.941061, 32.110831 ], [ -110.959866, 32.110948 ], [ -110.959859, 32.110805 ], [ -110.959645, 32.106447 ], [ -110.956193, 32.106431 ], [ -110.956158, 32.10512 ], [ -110.95937, 32.105164 ], [ -110.958625, 32.092346 ], [ -110.958332, 32.090228 ], [ -110.956329, 32.09024 ], [ -110.956515, 32.080231 ], [ -110.95805, 32.080193 ], [ -110.957862, 32.077224 ], [ -110.956175, 32.07722 ], [ -110.956104, 32.075737 ], [ -110.92748, 32.075776 ], [ -110.927504, 32.066966 ], [ -110.927504, 32.059515 ], [ -110.953289, 32.059657 ], [ -110.953227, 32.055406 ], [ -110.950985, 32.04883 ], [ -110.948957, 32.048836 ], [ -110.948908, 32.045246 ], [ -110.944684, 32.045273 ], [ -110.944631, 32.03039 ], [ -110.944627, 32.029467 ], [ -110.944649, 32.023377 ], [ -110.940234, 32.023353 ], [ -110.940124, 32.016079 ], [ -110.927465, 32.016067 ], [ -110.927561, 32.001506 ], [ -110.858824, 32.001244 ], [ -110.858993, 31.990586 ], [ -110.858172, 31.990588 ], [ -110.772415, 31.990519 ], [ -110.773847, 31.994499 ], [ -110.773986, 31.996477 ], [ -110.773858, 32.023105 ], [ -110.778329, 32.023159 ], [ -110.778357, 32.019661 ], [ -110.791072, 32.01986 ], [ -110.808146, 32.019608 ], [ -110.808026, 32.048602 ], [ -110.799554, 32.04864 ], [ -110.799522, 32.05584 ], [ -110.775863, 32.055734 ], [ -110.773892, 32.051935 ], [ -110.773795, 32.051124 ], [ -110.77382, 32.034135 ], [ -110.756993, 32.034066 ], [ -110.730824, 32.033827 ], [ -110.718827, 32.03388 ], [ -110.718761, 32.034109 ], [ -110.706259, 32.034089 ], [ -110.706208, 32.040109 ], [ -110.707405, 32.041074 ], [ -110.716217, 32.041089 ], [ -110.723219, 32.041152 ], [ -110.723179, 32.051787 ], [ -110.727413, 32.05182 ], [ -110.727401, 32.055426 ], [ -110.735917, 32.055497 ], [ -110.735905, 32.059071 ], [ -110.739866, 32.059037 ], [ -110.73985, 32.062511 ], [ -110.742079, 32.062762 ], [ -110.748713, 32.062749 ], [ -110.748679, 32.066461 ], [ -110.752993, 32.066514 ], [ -110.752954, 32.070119 ], [ -110.75677, 32.070159 ], [ -110.756778, 32.066407 ], [ -110.765312, 32.066505 ], [ -110.765346, 32.073793 ], [ -110.772673, 32.073871 ], [ -110.772688, 32.082703 ], [ -110.768475, 32.082705 ], [ -110.768478, 32.079467 ], [ -110.764196, 32.077054 ], [ -110.764213, 32.075664 ], [ -110.759489, 32.075453 ], [ -110.748579, 32.075433 ], [ -110.7486, 32.073589 ], [ -110.74436, 32.073546 ], [ -110.744349, 32.075409 ], [ -110.740029, 32.075376 ], [ -110.740055, 32.069936 ], [ -110.735827, 32.069906 ], [ -110.735838, 32.066353 ], [ -110.731646, 32.066345 ], [ -110.731591, 32.063053 ], [ -110.723133, 32.062733 ], [ -110.72016, 32.062906 ], [ -110.715555, 32.062494 ], [ -110.718883, 32.07036 ], [ -110.718904, 32.075312 ], [ -110.721539, 32.075332 ], [ -110.721507, 32.082041 ], [ -110.721504, 32.082695 ], [ -110.721468, 32.089765 ], [ -110.721441, 32.097046 ], [ -110.725374, 32.097087 ], [ -110.730036, 32.097134 ], [ -110.730015, 32.099496 ], [ -110.730003, 32.100232 ], [ -110.729957, 32.107936 ], [ -110.733375, 32.107954 ], [ -110.734202, 32.107957 ], [ -110.734196, 32.108352 ], [ -110.734083, 32.11898 ], [ -110.737947, 32.119095 ], [ -110.738663, 32.119096 ], [ -110.738647, 32.121642 ], [ -110.738619, 32.12621 ], [ -110.742839, 32.12688 ], [ -110.743538, 32.126586 ], [ -110.745337, 32.125822 ], [ -110.745421, 32.125688 ], [ -110.746853, 32.124723 ], [ -110.750476, 32.119551 ], [ -110.749644, 32.119071 ], [ -110.772681, 32.118787 ], [ -110.77268, 32.118936 ], [ -110.772684, 32.119204 ], [ -110.753377, 32.119304 ], [ -110.751765, 32.119706 ], [ -110.749719, 32.12146 ], [ -110.746518, 32.125845 ], [ -110.743624, 32.126983 ], [ -110.74283, 32.127337 ], [ -110.742785, 32.129802 ], [ -110.744233, 32.129808 ], [ -110.746869, 32.12982 ], [ -110.746849, 32.137384 ], [ -110.746899, 32.144538 ], [ -110.743429, 32.144534 ], [ -110.742638, 32.144855 ], [ -110.742625, 32.146347 ], [ -110.744717, 32.148222 ], [ -110.747876, 32.14822 ], [ -110.747845, 32.150949 ], [ -110.738276, 32.151881 ], [ -110.734022, 32.151511 ], [ -110.734369, 32.152463 ], [ -110.738245, 32.152489 ], [ -110.738059, 32.155538 ], [ -110.750931, 32.155466 ], [ -110.750913, 32.156855 ], [ -110.755028, 32.156863 ], [ -110.755025, 32.162756 ], [ -110.746511, 32.162666 ], [ -110.74653, 32.167158 ], [ -110.750854, 32.168066 ], [ -110.750832, 32.169977 ], [ -110.755709, 32.169925 ], [ -110.755654, 32.17713 ], [ -110.772696, 32.177133 ], [ -110.772696, 32.177215 ], [ -110.772694, 32.188178 ], [ -110.769466, 32.188146 ], [ -110.769442, 32.191814 ], [ -110.76208, 32.191319 ], [ -110.758247, 32.192158 ], [ -110.755668, 32.193765 ], [ -110.755664, 32.206313 ], [ -110.755972, 32.220849 ], [ -110.7558, 32.22086 ], [ -110.755797, 32.228169 ], [ -110.753259, 32.228174 ], [ -110.753172, 32.235462 ], [ -110.75568, 32.235462 ], [ -110.772674, 32.235445 ], [ -110.772652, 32.23821 ], [ -110.772644, 32.23912 ], [ -110.766125, 32.239076 ], [ -110.764229, 32.239783 ], [ -110.764194, 32.242734 ], [ -110.767233, 32.242711 ], [ -110.767067, 32.244448 ], [ -110.769008, 32.244454 ], [ -110.768846, 32.246456 ], [ -110.768083, 32.246449 ], [ -110.76804, 32.250388 ], [ -110.767133, 32.250937 ], [ -110.759345, 32.250963 ], [ -110.759388, 32.254623 ], [ -110.754946, 32.255629 ], [ -110.754973, 32.258396 ], [ -110.760256, 32.258239 ], [ -110.76388, 32.258239 ], [ -110.763677, 32.254606 ], [ -110.765615, 32.254602 ], [ -110.765606, 32.252041 ], [ -110.767964, 32.252134 ], [ -110.767969, 32.254594 ], [ -110.76905, 32.252387 ], [ -110.772065, 32.252404 ], [ -110.772218, 32.255228 ], [ -110.775153, 32.25522 ], [ -110.776421, 32.253781 ], [ -110.776386, 32.250948 ], [ -110.781257, 32.250919 ], [ -110.784146, 32.251396 ], [ -110.793716, 32.255957 ], [ -110.79369, 32.261695 ], [ -110.797254, 32.261715 ], [ -110.795721, 32.26283 ], [ -110.798962, 32.26485 ], [ -110.799245, 32.263651 ], [ -110.798004, 32.262747 ], [ -110.800553, 32.26299 ], [ -110.800618, 32.261719 ], [ -110.802149, 32.261731 ], [ -110.801998, 32.265369 ], [ -110.797947, 32.265318 ], [ -110.797911, 32.268998 ], [ -110.802503, 32.269026 ], [ -110.802476, 32.267515 ], [ -110.804882, 32.267525 ], [ -110.80485, 32.266318 ], [ -110.806539, 32.266327 ], [ -110.806527, 32.263609 ], [ -110.810824, 32.263588 ], [ -110.810942, 32.261448 ], [ -110.813583, 32.262145 ], [ -110.815135, 32.261113 ], [ -110.819094, 32.260201 ], [ -110.819443, 32.259975 ], [ -110.824739, 32.259998 ], [ -110.828126, 32.261683 ], [ -110.832427, 32.261676 ], [ -110.832433, 32.262727 ], [ -110.834753, 32.263599 ], [ -110.841081, 32.264299 ], [ -110.841121, 32.261434 ], [ -110.841128, 32.25806 ], [ -110.840882, 32.252694 ], [ -110.843583, 32.252623 ], [ -110.843441, 32.250758 ], [ -110.845198, 32.250652 ], [ -110.850978, 32.250701 ], [ -110.854033, 32.250629 ], [ -110.857938, 32.250648 ], [ -110.857952, 32.252282 ], [ -110.859009, 32.253149 ], [ -110.859867, 32.253622 ], [ -110.860324, 32.253188 ], [ -110.860918, 32.253644 ], [ -110.862871, 32.253969 ], [ -110.865423, 32.256073 ], [ -110.865534, 32.256595 ], [ -110.865873, 32.256056 ], [ -110.866514, 32.257933 ], [ -110.866607, 32.259658 ], [ -110.868545, 32.263464 ], [ -110.872047, 32.267638 ], [ -110.872058, 32.270057 ], [ -110.871687, 32.270037 ], [ -110.870928, 32.269953 ], [ -110.868698, 32.268846 ], [ -110.866593, 32.267887 ], [ -110.866609, 32.268351 ], [ -110.866626, 32.268846 ], [ -110.868334, 32.270467 ], [ -110.869664, 32.273779 ], [ -110.873484, 32.273388 ], [ -110.875099, 32.273477 ], [ -110.875051, 32.269576 ], [ -110.875056, 32.268905 ], [ -110.875304, 32.268909 ], [ -110.881455, 32.267921 ], [ -110.882251, 32.267948 ], [ -110.892491, 32.270907 ], [ -110.892754, 32.271737 ], [ -110.897705, 32.274883 ], [ -110.899022, 32.276862 ], [ -110.901162, 32.277702 ], [ -110.905936, 32.277484 ], [ -110.909612, 32.275848 ], [ -110.91416, 32.275851 ], [ -110.914279, 32.271215 ], [ -110.914336, 32.268737 ], [ -110.909821, 32.268745 ], [ -110.909852, 32.265225 ], [ -110.915798, 32.265232 ], [ -110.915814, 32.268735 ], [ -110.920306, 32.268687 ], [ -110.920349, 32.270985 ], [ -110.920358, 32.271612 ], [ -110.924266, 32.273101 ], [ -110.924671, 32.275536 ], [ -110.924683, 32.279519 ], [ -110.925555, 32.27952 ], [ -110.925784, 32.279519 ], [ -110.925779, 32.279795 ], [ -110.926876, 32.281585 ], [ -110.926879, 32.283384 ], [ -110.927749, 32.283968 ], [ -110.932686, 32.285449 ], [ -110.932922, 32.285274 ], [ -110.93516, 32.285965 ], [ -110.93642, 32.286506 ], [ -110.938935, 32.28255 ], [ -110.938782, 32.282208 ], [ -110.939574, 32.282206 ], [ -110.939549, 32.285728 ], [ -110.939578, 32.286865 ], [ -110.941502, 32.286976 ], [ -110.941578, 32.285719 ], [ -110.941564, 32.283647 ], [ -110.943809, 32.284849 ], [ -110.943828, 32.285697 ], [ -110.943858, 32.28716 ], [ -110.94386, 32.287917 ], [ -110.944508, 32.287917 ], [ -110.947089, 32.289184 ], [ -110.948712, 32.29088 ], [ -110.950055, 32.291485 ], [ -110.952276, 32.292025 ], [ -110.95351, 32.29258 ], [ -110.95402, 32.292671 ], [ -110.954587, 32.292711 ], [ -110.955918, 32.292657 ], [ -110.955917, 32.292998 ], [ -110.95416, 32.296552 ], [ -110.954922, 32.298591 ], [ -110.953718, 32.2996 ], [ -110.953534, 32.301799 ], [ -110.95534, 32.301713 ], [ -110.95671, 32.300848 ], [ -110.956686, 32.297512 ], [ -110.959962, 32.297498 ], [ -110.959466, 32.299429 ], [ -110.960867, 32.298979 ], [ -110.960751, 32.297506 ], [ -110.960962, 32.297486 ], [ -110.961304, 32.29844 ], [ -110.96261, 32.298442 ], [ -110.964236, 32.299384 ], [ -110.9639, 32.295905 ], [ -110.961991, 32.295619 ], [ -110.961175, 32.295383 ], [ -110.961188, 32.291177 ], [ -110.966724, 32.29235 ], [ -110.969718, 32.291827 ], [ -110.969712, 32.295647 ], [ -110.968074, 32.296231 ], [ -110.967527, 32.296268 ], [ -110.968016, 32.298031 ], [ -110.969405, 32.297729 ], [ -110.969679, 32.301102 ], [ -110.973977, 32.300568 ], [ -110.97398, 32.29698 ], [ -110.972929, 32.295583 ], [ -110.972439, 32.291599 ], [ -110.975255, 32.293666 ], [ -110.978004, 32.294686 ], [ -110.97805, 32.297307 ], [ -110.976245, 32.298591 ], [ -110.976246, 32.301164 ], [ -110.978327, 32.30102 ], [ -110.978543, 32.301022 ], [ -110.979986, 32.301117 ], [ -110.981064, 32.29741 ], [ -110.983063, 32.295317 ], [ -110.986208, 32.295495 ], [ -110.986705, 32.293714 ], [ -110.986796, 32.287483 ], [ -110.989994, 32.286722 ], [ -110.989499, 32.285116 ], [ -110.986692, 32.285086 ], [ -110.986649, 32.27926 ], [ -110.992922, 32.279358 ], [ -110.993109, 32.27936 ], [ -110.994963, 32.279394 ], [ -110.995216, 32.2794 ], [ -110.995229, 32.280943 ], [ -110.997369, 32.280991 ], [ -110.997333, 32.282977 ], [ -110.999242, 32.283115 ], [ -110.999093, 32.279468 ], [ -110.999209, 32.27947 ], [ -111.003352, 32.279589 ], [ -111.003367, 32.281439 ], [ -111.011813, 32.281701 ], [ -111.014954, 32.281705 ], [ -111.01761, 32.281634 ], [ -111.016181, 32.279801 ], [ -111.017142, 32.279797 ], [ -111.018018, 32.279892 ], [ -111.019788, 32.281879 ], [ -111.02579, 32.28926 ], [ -111.033775, 32.297626 ], [ -111.039977, 32.305247 ], [ -111.039346, 32.305597 ], [ -111.038067, 32.306334 ], [ -111.041031, 32.309925 ], [ -111.036026, 32.309841 ], [ -111.034443, 32.308747 ], [ -111.02922, 32.307226 ], [ -111.028873, 32.307848 ], [ -111.028925, 32.309481 ], [ -111.028922, 32.30995 ], [ -111.028916, 32.310758 ], [ -111.028774, 32.312388 ], [ -111.037426, 32.312362 ], [ -111.037417, 32.315987 ], [ -111.037887, 32.317697 ], [ -111.039709, 32.31771 ], [ -111.039778, 32.319632 ], [ -111.042473, 32.319636 ], [ -111.042603, 32.320903 ], [ -111.044061, 32.320911 ], [ -111.045941, 32.319666 ], [ -111.044894, 32.318183 ], [ -111.044357, 32.316531 ], [ -111.044675, 32.316457 ], [ -111.044431, 32.315776 ], [ -111.043198, 32.312351 ], [ -111.04375, 32.312067 ], [ -111.042743, 32.308882 ], [ -111.046042, 32.3087 ], [ -111.046089, 32.305065 ], [ -111.050363, 32.305058 ], [ -111.05038, 32.303904 ], [ -111.050475, 32.297819 ], [ -111.046428, 32.297844 ], [ -111.046241, 32.294229 ], [ -111.043676, 32.294251 ], [ -111.033942, 32.279737 ], [ -111.03315, 32.278728 ], [ -111.03323, 32.276101 ], [ -111.037448, 32.276092 ], [ -111.037297, 32.265413 ], [ -111.035243, 32.26473 ], [ -111.033299, 32.26199 ], [ -111.03101, 32.26063 ], [ -111.028929, 32.260639 ], [ -111.028949, 32.258356 ], [ -111.028943, 32.256647 ], [ -111.028923, 32.256482 ], [ -111.029066, 32.250695 ], [ -111.029073, 32.250607 ], [ -111.033566, 32.250625 ], [ -111.036022, 32.249984 ], [ -111.036106, 32.249376 ], [ -111.037713, 32.245571 ], [ -111.037469, 32.243638 ], [ -111.037548, 32.241521 ], [ -111.037466, 32.236372 ], [ -111.037376, 32.236337 ], [ -111.037449, 32.225179 ], [ -111.037436, 32.222716 ], [ -111.040316, 32.222713 ], [ -111.040337, 32.225086 ], [ -111.03959, 32.225087 ], [ -111.039605, 32.227809 ], [ -111.040438, 32.228561 ], [ -111.041723, 32.228627 ], [ -111.041705, 32.225084 ], [ -111.043818, 32.225082 ], [ -111.043814, 32.223252 ], [ -111.041694, 32.223255 ], [ -111.041684, 32.221417 ], [ -111.045947, 32.221437 ], [ -111.045947, 32.219401 ], [ -111.044868, 32.219508 ], [ -111.044922, 32.216007 ], [ -111.049999, 32.218103 ], [ -111.053296, 32.216307 ], [ -111.05246, 32.21574 ], [ -111.052723, 32.214109 ], [ -111.054465, 32.214105 ], [ -111.054465, 32.210966 ], [ -111.054464, 32.2068 ], [ -111.058731, 32.206795 ], [ -111.058797, 32.203103 ] ], [ [ -110.977608, 32.203157 ], [ -110.973069, 32.20318 ], [ -110.968457, 32.203203 ], [ -110.965389, 32.203219 ], [ -110.960891, 32.203207 ], [ -110.960918, 32.199594 ], [ -110.960933, 32.19715 ], [ -110.961157, 32.195554 ], [ -110.961628, 32.19234 ], [ -110.961598, 32.186058 ], [ -110.972491, 32.188802 ], [ -110.974719, 32.188525 ], [ -110.977543, 32.188511 ], [ -110.977595, 32.199501 ], [ -110.977608, 32.203157 ] ], [ [ -110.85793, 32.149926 ], [ -110.855803, 32.150063 ], [ -110.853491, 32.150018 ], [ -110.851908, 32.14985 ], [ -110.851934, 32.148491 ], [ -110.847712, 32.148441 ], [ -110.841015, 32.144328 ], [ -110.841022, 32.140939 ], [ -110.843146, 32.141005 ], [ -110.843166, 32.139437 ], [ -110.845195, 32.139479 ], [ -110.845204, 32.137446 ], [ -110.841126, 32.137345 ], [ -110.840449, 32.133648 ], [ -110.849578, 32.133966 ], [ -110.849562, 32.137535 ], [ -110.853823, 32.137625 ], [ -110.853824, 32.141454 ], [ -110.857954, 32.141551 ], [ -110.85793, 32.149926 ] ] ] } },
{ "type": "Feature", "properties": { "GEOID": "0446000", "NAME": "Mesa city, Arizona", "population": 513656.0 }, "geometry": { "type": "MultiPolygon", "coordinates": [ [ [ [ -111.597986, 33.422319 ], [ -111.59365, 33.422316 ], [ -111.593642, 33.425972 ], [ -111.589309, 33.42598 ], [ -111.58932, 33.422314 ], [ -111.580661, 33.422331 ], [ -111.580683, 33.42596 ], [ -111.580672, 33.436818 ], [ -111.581751, 33.436826 ], [ -111.581747, 33.435012 ], [ -111.580785, 33.429539 ], [ -111.581737, 33.43139 ], [ -111.587148, 33.431391 ], [ -111.587159, 33.433214 ], [ -111.584985, 33.433204 ], [ -111.584985, 33.435018 ], [ -111.583903, 33.435017 ], [ -111.583903, 33.436826 ], [ -111.588235, 33.436827 ], [ -111.58823, 33.431392 ], [ -111.58929, 33.43139 ], [ -111.589302, 33.429547 ], [ -111.597969, 33.429412 ], [ -111.59767, 33.427419 ], [ -111.597885, 33.425972 ], [ -111.597986, 33.422319 ] ] ], [ [ [ -111.59799, 33.419609 ], [ -111.595272, 33.419602 ], [ -111.595275, 33.420555 ], [ -111.597988, 33.420547 ], [ -111.59799, 33.419609 ] ] ], [ [ [ -111.602286, 33.429614 ], [ -111.597967, 33.429622 ], [ -111.59797, 33.431407 ], [ -111.597971, 33.43321 ], [ -111.602326, 33.433207 ], [ -111.602286, 33.429614 ] ] ], [ [ [ -111.612591, 33.436833 ], [ -111.610364, 33.436832 ], [ -111.610314, 33.440586 ], [ -111.612605, 33.440586 ], [ -111.612591, 33.436833 ] ] ], [ [ [ -111.615314, 33.429561 ], [ -111.611021, 33.429564 ], [ -111.61101, 33.433222 ], [ -111.615306, 33.433196 ], [ -111.615314, 33.429561 ] ] ], [ [ [ -111.615322, 33.422207 ], [ -111.610981, 33.421426 ], [ -111.611731, 33.418753 ], [ -111.608829, 33.418707 ], [ -111.607855, 33.419607 ], [ -111.607854, 33.415097 ], [ -111.607739, 33.415097 ], [ -111.607729, 33.42231 ], [ -111.615322, 33.422347 ], [ -111.615322, 33.422207 ] ] ], [ [ [ -111.618274, 33.426449 ], [ -111.615446, 33.42598 ], [ -111.615445, 33.422348 ], [ -111.615322, 33.422347 ], [ -111.615314, 33.429561 ], [ -111.616883, 33.42955 ], [ -111.618274, 33.426449 ] ] ], [ [ [ -111.618605, 33.415374 ], [ -111.617495, 33.415464 ], [ -111.617484, 33.416759 ], [ -111.616215, 33.416969 ], [ -111.617488, 33.417475 ], [ -111.618577, 33.417941 ], [ -111.618605, 33.415374 ] ] ], [ [ [ -111.621855, 33.41327 ], [ -111.620783, 33.413269 ], [ -111.620764, 33.415104 ], [ -111.621848, 33.415107 ], [ -111.621855, 33.41327 ] ] ], [ [ [ -111.639035, 33.471562 ], [ -111.636924, 33.471577 ], [ -111.636892, 33.472861 ], [ -111.635817, 33.473355 ], [ -111.639056, 33.473364 ], [ -111.639035, 33.471562 ] ] ], [ [ [ -111.659053, 33.413055 ], [ -111.658755, 33.413055 ], [ -111.658753, 33.413369 ], [ -111.658853, 33.413528 ], [ -111.659051, 33.413528 ], [ -111.659053, 33.413055 ] ] ], [ [ [ -111.894544, 33.356735 ], [ -111.893898, 33.356751 ], [ -111.886829, 33.356797 ], [ -111.87653, 33.356864 ], [ -111.859099, 33.35705 ], [ -111.851527, 33.356972 ], [ -111.841809, 33.357016 ], [ -111.841829, 33.361313 ], [ -111.841831, 33.361497 ], [ -111.84185, 33.364213 ], [ -111.842028, 33.368654 ], [ -111.842307, 33.376184 ], [ -111.842261, 33.376548 ], [ -111.841741, 33.377814 ], [ -111.84107, 33.378791 ], [ -111.831648, 33.378808 ], [ -111.824848, 33.378853 ], [ -111.807262, 33.378929 ], [ -111.807233, 33.378929 ], [ -111.788354, 33.379012 ], [ -111.782575, 33.379035 ], [ -111.771241, 33.379064 ], [ -111.767005, 33.379125 ], [ -111.758222, 33.379123 ], [ -111.753956, 33.379159 ], [ -111.73967, 33.379216 ], [ -111.7365, 33.37922 ], [ -111.72726, 33.379241 ], [ -111.727897, 33.382754 ], [ -111.728013, 33.385802 ], [ -111.721205, 33.385831 ], [ -111.719404, 33.385758 ], [ -111.718103, 33.385804 ], [ -111.718169, 33.379289 ], [ -111.705115, 33.37932 ], [ -111.697195, 33.379351 ], [ -111.687922, 33.379385 ], [ -111.68771, 33.368358 ], [ -111.687671, 33.365018 ], [ -111.687428, 33.350569 ], [ -111.68727, 33.341906 ], [ -111.687162, 33.336084 ], [ -111.687042, 33.328436 ], [ -111.686925, 33.321674 ], [ -111.686804, 33.31443 ], [ -111.686779, 33.312258 ], [ -111.68679, 33.311935 ], [ -111.686869, 33.311476 ], [ -111.68868, 33.30715 ], [ -111.689111, 33.30545 ], [ -111.688876, 33.304312 ], [ -111.686908, 33.301704 ], [ -111.68669, 33.300282 ], [ -111.686425, 33.289029 ], [ -111.686392, 33.288682 ], [ -111.66941, 33.278109 ], [ -111.668069, 33.278045 ], [ -111.583195, 33.277383 ], [ -111.58326, 33.292568 ], [ -111.583288, 33.297873 ], [ -111.583392, 33.306297 ], [ -111.594861, 33.306379 ], [ -111.594923, 33.312077 ], [ -111.592043, 33.312043 ], [ -111.592112, 33.319032 ], [ -111.591062, 33.320884 ], [ -111.590307, 33.320906 ], [ -111.583616, 33.320871 ], [ -111.583737, 33.335322 ], [ -111.58374, 33.336626 ], [ -111.583799, 33.342629 ], [ -111.58385, 33.349764 ], [ -111.583918, 33.361793 ], [ -111.583953, 33.365423 ], [ -111.584011, 33.371548 ], [ -111.58402, 33.372552 ], [ -111.58408, 33.378796 ], [ -111.58523, 33.378819 ], [ -111.5982, 33.378905 ], [ -111.598223, 33.383809 ], [ -111.598078, 33.384338 ], [ -111.598036, 33.386699 ], [ -111.598037, 33.393307 ], [ -111.586973, 33.3933 ], [ -111.581071, 33.393316 ], [ -111.58065, 33.393343 ], [ -111.580647, 33.396932 ], [ -111.584989, 33.396929 ], [ -111.584992, 33.400562 ], [ -111.5893, 33.400537 ], [ -111.5893, 33.404183 ], [ -111.593672, 33.404192 ], [ -111.593658, 33.407834 ], [ -111.598046, 33.407832 ], [ -111.598013, 33.411458 ], [ -111.590418, 33.411448 ], [ -111.59041, 33.415095 ], [ -111.598023, 33.415098 ], [ -111.606611, 33.415097 ], [ -111.606729, 33.40908 ], [ -111.606715, 33.407823 ], [ -111.606858, 33.407823 ], [ -111.612684, 33.407828 ], [ -111.612897, 33.40845 ], [ -111.615373, 33.408462 ], [ -111.615372, 33.407829 ], [ -111.61536, 33.404198 ], [ -111.619718, 33.404203 ], [ -111.619725, 33.400585 ], [ -111.624062, 33.400582 ], [ -111.624066, 33.399137 ], [ -111.619009, 33.399153 ], [ -111.619029, 33.393348 ], [ -111.619587, 33.393344 ], [ -111.624083, 33.393351 ], [ -111.624076, 33.396952 ], [ -111.63276, 33.396957 ], [ -111.632765, 33.396074 ], [ -111.633963, 33.396074 ], [ -111.63395, 33.394262 ], [ -111.632774, 33.394275 ], [ -111.63278, 33.393352 ], [ -111.640645, 33.393333 ], [ -111.641501, 33.393357 ], [ -111.641502, 33.396085 ], [ -111.638697, 33.396076 ], [ -111.638687, 33.396977 ], [ -111.636101, 33.396974 ], [ -111.63566, 33.39848 ], [ -111.637097, 33.400593 ], [ -111.639695, 33.400592 ], [ -111.641321, 33.396983 ], [ -111.641676, 33.398802 ], [ -111.647922, 33.398804 ], [ -111.647922, 33.400627 ], [ -111.650067, 33.400616 ], [ -111.650116, 33.404246 ], [ -111.64025, 33.404319 ], [ -111.637051, 33.40423 ], [ -111.63707, 33.40786 ], [ -111.637027, 33.415131 ], [ -111.637046, 33.415131 ], [ -111.640827, 33.415138 ], [ -111.641388, 33.413306 ], [ -111.641707, 33.407795 ], [ -111.648832, 33.407822 ], [ -111.648829, 33.410997 ], [ -111.650111, 33.411007 ], [ -111.650136, 33.407854 ], [ -111.651136, 33.407884 ], [ -111.652858, 33.407883 ], [ -111.652856, 33.408432 ], [ -111.653557, 33.407883 ], [ -111.654436, 33.407885 ], [ -111.656596, 33.407888 ], [ -111.658765, 33.407893 ], [ -111.660401, 33.407899 ], [ -111.660395, 33.40899 ], [ -111.660379, 33.414439 ], [ -111.660349, 33.415177 ], [ -111.667434, 33.415185 ], [ -111.667416, 33.418676 ], [ -111.663075, 33.417831 ], [ -111.663086, 33.41545 ], [ -111.658726, 33.415443 ], [ -111.658708, 33.422418 ], [ -111.650014, 33.4224 ], [ -111.641346, 33.422385 ], [ -111.637, 33.422381 ], [ -111.636923, 33.417306 ], [ -111.636317, 33.417005 ], [ -111.632697, 33.416995 ], [ -111.632699, 33.415394 ], [ -111.628332, 33.415387 ], [ -111.628332, 33.418756 ], [ -111.632656, 33.418737 ], [ -111.632663, 33.421228 ], [ -111.630984, 33.421078 ], [ -111.630978, 33.42237 ], [ -111.631497, 33.42237 ], [ -111.631494, 33.424173 ], [ -111.632657, 33.42417 ], [ -111.632647, 33.425316 ], [ -111.635509, 33.425936 ], [ -111.636089, 33.424196 ], [ -111.636996, 33.424194 ], [ -111.636982, 33.428979 ], [ -111.635893, 33.431285 ], [ -111.636976, 33.432378 ], [ -111.632644, 33.43237 ], [ -111.632651, 33.429571 ], [ -111.623963, 33.429598 ], [ -111.623953, 33.436836 ], [ -111.617472, 33.436842 ], [ -111.617469, 33.434993 ], [ -111.615312, 33.434996 ], [ -111.615307, 33.43683 ], [ -111.613136, 33.436833 ], [ -111.61312, 33.440586 ], [ -111.614977, 33.440582 ], [ -111.615866, 33.4405 ], [ -111.615282, 33.446177 ], [ -111.615375, 33.451273 ], [ -111.619644, 33.451348 ], [ -111.619607, 33.447722 ], [ -111.623944, 33.447729 ], [ -111.623943, 33.449539 ], [ -111.626104, 33.449545 ], [ -111.626115, 33.451369 ], [ -111.622849, 33.450413 ], [ -111.623944, 33.451357 ], [ -111.623901, 33.465941 ], [ -111.630399, 33.466064 ], [ -111.632403, 33.466081 ], [ -111.632766, 33.462182 ], [ -111.631686, 33.461981 ], [ -111.632241, 33.460191 ], [ -111.632354, 33.45865 ], [ -111.637983, 33.45863 ], [ -111.638002, 33.462239 ], [ -111.636864, 33.462246 ], [ -111.636851, 33.463557 ], [ -111.638806, 33.465331 ], [ -111.640461, 33.466015 ], [ -111.645534, 33.46615 ], [ -111.644471, 33.462232 ], [ -111.643403, 33.458642 ], [ -111.648818, 33.458616 ], [ -111.6499, 33.459567 ], [ -111.649928, 33.458623 ], [ -111.662884, 33.458667 ], [ -111.662898, 33.451438 ], [ -111.665071, 33.451442 ], [ -111.665063, 33.453247 ], [ -111.667246, 33.453253 ], [ -111.667238, 33.455074 ], [ -111.665054, 33.45506 ], [ -111.665049, 33.455968 ], [ -111.667235, 33.455966 ], [ -111.667212, 33.458665 ], [ -111.671531, 33.458666 ], [ -111.671516, 33.462255 ], [ -111.669354, 33.462283 ], [ -111.669315, 33.464298 ], [ -111.666542, 33.465093 ], [ -111.667179, 33.466239 ], [ -111.667146, 33.473499 ], [ -111.658557, 33.47347 ], [ -111.658521, 33.477043 ], [ -111.657448, 33.477045 ], [ -111.65745, 33.478888 ], [ -111.656368, 33.478882 ], [ -111.656365, 33.477041 ], [ -111.654212, 33.477063 ], [ -111.654204, 33.478897 ], [ -111.649878, 33.47882 ], [ -111.649853, 33.477077 ], [ -111.636897, 33.476985 ], [ -111.636898, 33.478818 ], [ -111.64231, 33.478836 ], [ -111.642311, 33.480596 ], [ -111.632623, 33.480567 ], [ -111.632581, 33.494993 ], [ -111.640411, 33.495268 ], [ -111.649926, 33.495157 ], [ -111.683907, 33.495348 ], [ -111.684037, 33.499889 ], [ -111.684108, 33.503816 ], [ -111.68413, 33.504773 ], [ -111.685898, 33.506068 ], [ -111.686389, 33.509092 ], [ -111.688177, 33.509859 ], [ -111.69047, 33.50953 ], [ -111.692079, 33.510123 ], [ -111.693877, 33.513186 ], [ -111.696944, 33.51176 ], [ -111.700518, 33.508829 ], [ -111.702127, 33.507942 ], [ -111.709599, 33.505614 ], [ -111.710778, 33.504907 ], [ -111.715049, 33.501317 ], [ -111.717854, 33.497757 ], [ -111.719829, 33.496423 ], [ -111.720064, 33.494225 ], [ -111.723152, 33.493451 ], [ -111.724202, 33.491598 ], [ -111.724045, 33.490377 ], [ -111.725898, 33.489185 ], [ -111.72759, 33.486387 ], [ -111.728672, 33.486258 ], [ -111.73154, 33.48816 ], [ -111.735213, 33.485341 ], [ -111.737533, 33.484991 ], [ -111.738045, 33.484671 ], [ -111.738835, 33.484686 ], [ -111.744342, 33.484675 ], [ -111.760354, 33.484532 ], [ -111.760382, 33.482763 ], [ -111.76039, 33.482214 ], [ -111.761847, 33.482084 ], [ -111.761959, 33.480935 ], [ -111.764319, 33.480927 ], [ -111.765314, 33.480841 ], [ -111.765936, 33.481045 ], [ -111.765936, 33.481843 ], [ -111.765269, 33.483308 ], [ -111.765927, 33.48369 ], [ -111.771075, 33.48204 ], [ -111.775719, 33.482036 ], [ -111.776918, 33.481042 ], [ -111.771867, 33.480662 ], [ -111.771166, 33.479875 ], [ -111.770331, 33.478774 ], [ -111.770345, 33.476755 ], [ -111.770389, 33.474692 ], [ -111.772827, 33.47475 ], [ -111.771906, 33.475887 ], [ -111.771243, 33.476418 ], [ -111.776217, 33.476564 ], [ -111.779051, 33.473701 ], [ -111.778869, 33.480923 ], [ -111.787299, 33.480908 ], [ -111.787284, 33.466403 ], [ -111.822096, 33.466602 ], [ -111.822249, 33.466574 ], [ -111.826428, 33.466531 ], [ -111.826781, 33.466527 ], [ -111.826779, 33.466195 ], [ -111.826763, 33.462586 ], [ -111.828742, 33.462609 ], [ -111.831044, 33.462567 ], [ -111.835507, 33.462485 ], [ -111.835459, 33.458773 ], [ -111.833748, 33.458802 ], [ -111.834644, 33.45802 ], [ -111.836259, 33.455081 ], [ -111.839655, 33.455084 ], [ -111.846044, 33.455017 ], [ -111.845953, 33.4551 ], [ -111.848139, 33.455083 ], [ -111.84823, 33.452312 ], [ -111.848026, 33.452438 ], [ -111.848013, 33.45207 ], [ -111.847988, 33.45124 ], [ -111.852188, 33.451229 ], [ -111.852164, 33.447536 ], [ -111.854529, 33.445561 ], [ -111.854523, 33.444002 ], [ -111.856333, 33.44398 ], [ -111.858729, 33.444023 ], [ -111.860972, 33.443999 ], [ -111.860931, 33.442911 ], [ -111.856315, 33.442892 ], [ -111.856187, 33.436715 ], [ -111.865173, 33.436773 ], [ -111.865512, 33.440365 ], [ -111.869352, 33.436726 ], [ -111.874151, 33.437061 ], [ -111.874595, 33.440412 ], [ -111.891071, 33.440454 ], [ -111.892045, 33.440425 ], [ -111.892043, 33.436763 ], [ -111.891886, 33.433037 ], [ -111.891811, 33.42935 ], [ -111.891181, 33.429358 ], [ -111.882803, 33.429353 ], [ -111.882864, 33.426302 ], [ -111.882926, 33.425714 ], [ -111.882999, 33.422111 ], [ -111.877226, 33.422134 ], [ -111.878568, 33.420048 ], [ -111.882078, 33.417394 ], [ -111.884668, 33.414811 ], [ -111.887542, 33.412056 ], [ -111.888255, 33.411138 ], [ -111.888933, 33.409709 ], [ -111.88836, 33.407522 ], [ -111.88621, 33.402265 ], [ -111.884981, 33.399974 ], [ -111.88458, 33.399245 ], [ -111.88012, 33.39305 ], [ -111.879796, 33.387599 ], [ -111.881025, 33.386019 ], [ -111.881945, 33.385686 ], [ -111.88684, 33.384625 ], [ -111.891998, 33.381673 ], [ -111.8923, 33.381365 ], [ -111.892795, 33.38015 ], [ -111.893247, 33.378466 ], [ -111.893716, 33.371688 ], [ -111.893698, 33.371178 ], [ -111.89407, 33.363844 ], [ -111.894544, 33.356735 ] ], [ [ -111.853165, 33.444703 ], [ -111.852501, 33.4447 ], [ -111.852512, 33.444026 ], [ -111.85317, 33.444018 ], [ -111.853165, 33.444703 ] ], [ [ -111.84009, 33.385354 ], [ -111.838003, 33.385449 ], [ -111.835246, 33.385451 ], [ -111.835229, 33.384261 ], [ -111.835774, 33.384405 ], [ -111.838269, 33.384408 ], [ -111.84006, 33.384245 ], [ -111.84005, 33.384684 ], [ -111.84009, 33.385354 ] ], [ [ -111.77907, 33.472801 ], [ -111.774575, 33.472745 ], [ -111.775214, 33.471973 ], [ -111.779089, 33.471982 ], [ -111.77907, 33.472801 ] ], [ [ -111.7617, 33.477207 ], [ -111.753595, 33.477169 ], [ -111.753454, 33.475541 ], [ -111.759963, 33.472875 ], [ -111.761792, 33.472295 ], [ -111.7617, 33.477207 ] ], [ [ -111.719082, 33.422796 ], [ -111.719047, 33.4301 ], [ -111.71042, 33.430116 ], [ -111.701753, 33.430127 ], [ -111.701586, 33.432516 ], [ -111.693066, 33.432524 ], [ -111.693071, 33.43186 ], [ -111.684374, 33.431825 ], [ -111.684395, 33.430152 ], [ -111.685591, 33.430167 ], [ -111.685598, 33.428708 ], [ -111.684407, 33.428713 ], [ -111.68441, 33.428337 ], [ -111.685273, 33.426539 ], [ -111.687172, 33.426534 ], [ -111.687251, 33.422935 ], [ -111.688819, 33.422928 ], [ -111.688855, 33.418463 ], [ -111.689854, 33.417001 ], [ -111.693198, 33.416447 ], [ -111.69536, 33.416435 ], [ -111.695348, 33.417939 ], [ -111.701807, 33.41749 ], [ -111.701846, 33.418307 ], [ -111.70619, 33.416344 ], [ -111.707015, 33.418152 ], [ -111.707067, 33.422334 ], [ -111.710476, 33.422334 ], [ -111.710478, 33.421948 ], [ -111.709834, 33.421934 ], [ -111.709864, 33.418541 ], [ -111.710492, 33.418458 ], [ -111.710496, 33.41731 ], [ -111.710643, 33.417901 ], [ -111.715233, 33.417465 ], [ -111.716038, 33.419215 ], [ -111.719103, 33.419264 ], [ -111.719082, 33.422796 ] ], [ [ -111.710763, 33.408366 ], [ -111.706392, 33.408378 ], [ -111.695021, 33.408524 ], [ -111.687679, 33.408569 ], [ -111.685609, 33.403677 ], [ -111.684633, 33.403674 ], [ -111.684732, 33.39398 ], [ -111.702011, 33.393884 ], [ -111.706395, 33.393886 ], [ -111.709327, 33.398485 ], [ -111.709817, 33.399769 ], [ -111.710773, 33.403663 ], [ -111.710763, 33.408366 ] ], [ [ -111.670448, 33.345058 ], [ -111.666074, 33.344986 ], [ -111.666033, 33.343173 ], [ -111.661749, 33.343142 ], [ -111.66152, 33.335887 ], [ -111.670022, 33.335957 ], [ -111.670292, 33.336194 ], [ -111.670448, 33.345058 ] ], [ [ -111.652874, 33.343255 ], [ -111.647588, 33.343022 ], [ -111.644355, 33.342997 ], [ -111.645006, 33.339399 ], [ -111.652767, 33.339398 ], [ -111.652874, 33.343255 ] ], [ [ -111.645106, 33.336237 ], [ -111.644765, 33.336867 ], [ -111.644244, 33.336862 ], [ -111.644226, 33.335744 ], [ -111.645432, 33.335754 ], [ -111.645106, 33.336237 ] ], [ [ -111.639126, 33.440494 ], [ -111.632624, 33.440486 ], [ -111.632626, 33.438235 ], [ -111.636976, 33.438244 ], [ -111.639136, 33.438691 ], [ -111.639126, 33.440494 ] ], [ [ -111.635484, 33.318295 ], [ -111.633262, 33.318311 ], [ -111.627701, 33.311897 ], [ -111.6207, 33.305312 ], [ -111.615184, 33.301855 ], [ -111.610604, 33.300437 ], [ -111.607108, 33.299915 ], [ -111.604871, 33.299995 ], [ -111.604896, 33.304672 ], [ -111.602768, 33.304672 ], [ -111.602745, 33.302861 ], [ -111.600512, 33.302828 ], [ -111.600709, 33.295575 ], [ -111.604851, 33.295624 ], [ -111.604862, 33.298513 ], [ -111.609228, 33.298978 ], [ -111.609259, 33.295825 ], [ -111.61324, 33.295868 ], [ -111.613214, 33.292053 ], [ -111.622104, 33.292137 ], [ -111.622063, 33.296225 ], [ -111.617916, 33.296188 ], [ -111.617963, 33.301583 ], [ -111.619675, 33.30196 ], [ -111.623644, 33.304707 ], [ -111.626735, 33.30341 ], [ -111.629063, 33.303524 ], [ -111.633604, 33.305203 ], [ -111.635186, 33.304817 ], [ -111.635484, 33.318295 ] ], [ [ -111.635085, 33.298827 ], [ -111.631658, 33.296312 ], [ -111.630921, 33.295478 ], [ -111.63086, 33.292212 ], [ -111.63493, 33.292248 ], [ -111.635085, 33.298827 ] ], [ [ -111.6326, 33.449553 ], [ -111.629964, 33.449546 ], [ -111.630494, 33.447734 ], [ -111.627176, 33.447735 ], [ -111.627178, 33.444083 ], [ -111.630451, 33.444114 ], [ -111.630455, 33.44503 ], [ -111.632605, 33.444108 ], [ -111.6326, 33.449553 ] ], [ [ -111.598022, 33.404113 ], [ -111.600764, 33.403888 ], [ -111.600468, 33.406036 ], [ -111.60233, 33.405209 ], [ -111.602353, 33.407822 ], [ -111.598046, 33.407832 ], [ -111.598022, 33.404113 ] ], [ [ -111.68447, 33.422933 ], [ -111.684491, 33.420692 ], [ -111.685006, 33.420693 ], [ -111.685016, 33.420165 ], [ -111.684661, 33.420167 ], [ -111.684663, 33.419393 ], [ -111.685009, 33.419393 ], [ -111.685448, 33.418869 ], [ -111.685454, 33.41788 ], [ -111.684505, 33.417887 ], [ -111.684505, 33.416888 ], [ -111.687311, 33.416884 ], [ -111.687251, 33.422935 ], [ -111.68447, 33.422933 ] ] ] ] } },
{ "type": "Feature", "properties": { "GEOID": "0427400", "NAME": "Gilbert town, Arizona", "population": 287285.0 }, "geometry": { "type": "Polygon", "coordinates": [ [ [ -111.842194, 33.376185 ], [ -111.841736, 33.364212 ], [ -111.841831, 33.361497 ], [ -111.841829, 33.361313 ], [ -111.83304, 33.361329 ], [ -111.833071, 33.357072 ], [ -111.832854, 33.349753 ], [ -111.832926, 33.338819 ], [ -111.824292, 33.338858 ], [ -111.824131, 33.335229 ], [ -111.824105, 33.331583 ], [ -111.824108, 33.327959 ], [ -111.806926, 33.32812 ], [ -111.806817, 33.328117 ], [ -111.806805, 33.320902 ], [ -111.806825, 33.31373 ], [ -111.804012, 33.313738 ], [ -111.803842, 33.315085 ], [ -111.802445, 33.314723 ], [ -111.801372, 33.316768 ], [ -111.798353, 33.316768 ], [ -111.798352, 33.315758 ], [ -111.80031, 33.315718 ], [ -111.800302, 33.314731 ], [ -111.79835, 33.314231 ], [ -111.789984, 33.314254 ], [ -111.789984, 33.313699 ], [ -111.790066, 33.306416 ], [ -111.790066, 33.306271 ], [ -111.789815, 33.299164 ], [ -111.789939, 33.299163 ], [ -111.789644, 33.292178 ], [ -111.789456, 33.283059 ], [ -111.789341, 33.277368 ], [ -111.789674, 33.277363 ], [ -111.789625, 33.273755 ], [ -111.774923, 33.27395 ], [ -111.779211, 33.27028 ], [ -111.78014, 33.266439 ], [ -111.781365, 33.263152 ], [ -111.772979, 33.263277 ], [ -111.772802, 33.26306 ], [ -111.772804, 33.255874 ], [ -111.772647, 33.255876 ], [ -111.772651, 33.255798 ], [ -111.764007, 33.255764 ], [ -111.764038, 33.255539 ], [ -111.764068, 33.252137 ], [ -111.772643, 33.252226 ], [ -111.772636, 33.248815 ], [ -111.764077, 33.248683 ], [ -111.764081, 33.248472 ], [ -111.764023, 33.241064 ], [ -111.764091, 33.241063 ], [ -111.76416, 33.233884 ], [ -111.764163, 33.233781 ], [ -111.75744, 33.233807 ], [ -111.755731, 33.233661 ], [ -111.755614, 33.226549 ], [ -111.755629, 33.219244 ], [ -111.755417, 33.219251 ], [ -111.755418, 33.219086 ], [ -111.746886, 33.219117 ], [ -111.746849, 33.215639 ], [ -111.748889, 33.215635 ], [ -111.748859, 33.211967 ], [ -111.755426, 33.211965 ], [ -111.755454, 33.209653 ], [ -111.748662, 33.20966 ], [ -111.747, 33.209658 ], [ -111.750797, 33.204755 ], [ -111.730734, 33.204678 ], [ -111.729427, 33.204721 ], [ -111.729128, 33.208306 ], [ -111.720452, 33.208291 ], [ -111.720453, 33.207394 ], [ -111.719319, 33.206531 ], [ -111.716135, 33.206535 ], [ -111.715061, 33.208297 ], [ -111.713985, 33.206878 ], [ -111.713989, 33.208297 ], [ -111.711831, 33.208306 ], [ -111.711818, 33.206555 ], [ -111.716119, 33.20648 ], [ -111.716111, 33.204638 ], [ -111.710711, 33.204638 ], [ -111.710161, 33.206472 ], [ -111.703215, 33.206513 ], [ -111.703206, 33.210126 ], [ -111.711831, 33.210129 ], [ -111.711835, 33.211866 ], [ -111.716147, 33.211857 ], [ -111.716157, 33.215591 ], [ -111.714009, 33.215602 ], [ -111.714004, 33.217412 ], [ -111.712924, 33.217433 ], [ -111.712926, 33.215536 ], [ -111.714008, 33.215535 ], [ -111.714005, 33.21378 ], [ -111.711803, 33.213781 ], [ -111.711793, 33.212076 ], [ -111.707516, 33.212074 ], [ -111.70752, 33.213793 ], [ -111.703212, 33.213831 ], [ -111.703227, 33.219349 ], [ -111.694539, 33.219462 ], [ -111.695523, 33.221608 ], [ -111.694545, 33.223108 ], [ -111.692303, 33.22314 ], [ -111.692332, 33.226927 ], [ -111.688064, 33.226953 ], [ -111.688072, 33.23087 ], [ -111.688077, 33.234432 ], [ -111.689453, 33.234309 ], [ -111.703247, 33.233824 ], [ -111.703328, 33.234914 ], [ -111.703213, 33.24114 ], [ -111.711869, 33.241146 ], [ -111.711875, 33.244844 ], [ -111.70756, 33.244853 ], [ -111.70754, 33.248049 ], [ -111.705377, 33.248085 ], [ -111.705365, 33.244852 ], [ -111.703164, 33.244853 ], [ -111.703161, 33.24823 ], [ -111.703158, 33.248533 ], [ -111.685781, 33.249378 ], [ -111.685633, 33.249372 ], [ -111.685663, 33.252803 ], [ -111.685796, 33.266463 ], [ -111.685932, 33.271053 ], [ -111.686111, 33.278238 ], [ -111.686246, 33.288326 ], [ -111.686385, 33.28847 ], [ -111.686482, 33.288671 ], [ -111.686425, 33.289029 ], [ -111.68669, 33.300282 ], [ -111.686908, 33.301704 ], [ -111.688876, 33.304312 ], [ -111.689111, 33.30545 ], [ -111.68868, 33.30715 ], [ -111.686869, 33.311476 ], [ -111.686983, 33.311475 ], [ -111.686907, 33.311976 ], [ -111.686804, 33.31443 ], [ -111.686925, 33.321674 ], [ -111.687042, 33.328436 ], [ -111.687162, 33.336084 ], [ -111.687273, 33.336084 ], [ -111.68727, 33.341906 ], [ -111.687428, 33.350569 ], [ -111.687671, 33.365018 ], [ -111.68771, 33.368358 ], [ -111.687922, 33.379385 ], [ -111.697195, 33.379351 ], [ -111.705115, 33.37932 ], [ -111.718169, 33.379289 ], [ -111.718103, 33.385804 ], [ -111.719404, 33.385758 ], [ -111.721205, 33.385831 ], [ -111.728013, 33.385802 ], [ -111.727897, 33.382754 ], [ -111.72726, 33.379241 ], [ -111.7365, 33.37922 ], [ -111.73967, 33.379216 ], [ -111.753956, 33.379159 ], [ -111.758222, 33.379123 ], [ -111.767005, 33.379125 ], [ -111.771241, 33.379064 ], [ -111.782575, 33.379035 ], [ -111.788354, 33.379012 ], [ -111.807233, 33.378929 ], [ -111.807262, 33.378929 ], [ -111.824848, 33.378853 ], [ -111.831648, 33.378808 ], [ -111.84107, 33.378791 ], [ -111.841763, 33.377601 ], [ -111.842194, 33.376185 ] ], [ [ -111.801711, 33.318982 ], [ -111.800479, 33.320773 ], [ -111.79835, 33.318574 ], [ -111.800465, 33.31945 ], [ -111.8005, 33.317662 ], [ -111.802735, 33.316763 ], [ -111.801711, 33.318982 ] ], [ [ -111.789711, 33.337251 ], [ -111.787556, 33.337262 ], [ -111.788615, 33.336227 ], [ -111.789516, 33.336249 ], [ -111.789729, 33.336253 ], [ -111.789711, 33.337251 ] ], [ [ -111.78963, 33.310133 ], [ -111.788539, 33.310147 ], [ -111.788169, 33.30838 ], [ -111.787056, 33.310163 ], [ -111.781547, 33.310191 ], [ -111.782612, 33.309687 ], [ -111.781498, 33.308401 ], [ -111.781455, 33.306733 ], [ -111.788649, 33.306615 ], [ -111.789606, 33.308303 ], [ -111.78963, 33.310133 ] ], [ [ -111.786593, 33.320803 ], [ -111.785877, 33.320806 ], [ -111.785866, 33.319982 ], [ -111.781757, 33.320822 ], [ -111.781761, 33.320023 ], [ -111.783833, 33.319999 ], [ -111.783809, 33.318263 ], [ -111.787048, 33.318232 ], [ -111.786593, 33.320803 ] ], [ [ -111.78066, 33.305173 ], [ -111.781166, 33.306453 ], [ -111.779971, 33.305759 ], [ -111.779281, 33.305766 ], [ -111.779286, 33.305121 ], [ -111.778575, 33.304485 ], [ -111.781436, 33.304447 ], [ -111.78066, 33.305173 ] ], [ [ -111.779237, 33.285652 ], [ -111.777092, 33.285669 ], [ -111.777091, 33.284779 ], [ -111.779252, 33.284756 ], [ -111.779237, 33.285652 ] ], [ [ -111.779249, 33.288342 ], [ -111.777094, 33.288365 ], [ -111.777079, 33.287508 ], [ -111.779234, 33.287449 ], [ -111.779249, 33.288342 ] ], [ [ -111.776404, 33.277415 ], [ -111.77473, 33.277438 ], [ -111.774073, 33.276532 ], [ -111.77636, 33.276495 ], [ -111.776404, 33.277415 ] ], [ [ -111.775905, 33.278758 ], [ -111.774217, 33.282443 ], [ -111.773189, 33.282436 ], [ -111.772839, 33.279789 ], [ -111.772841, 33.277655 ], [ -111.774726, 33.277635 ], [ -111.775882, 33.277649 ], [ -111.775905, 33.278758 ] ], [ [ -111.774215, 33.28751 ], [ -111.772701, 33.288299 ], [ -111.772715, 33.291143 ], [ -111.772147, 33.291894 ], [ -111.768452, 33.291927 ], [ -111.768397, 33.284886 ], [ -111.772733, 33.284934 ], [ -111.774215, 33.28751 ] ], [ [ -111.772785, 33.297573 ], [ -111.769616, 33.297611 ], [ -111.772318, 33.296307 ], [ -111.772765, 33.295866 ], [ -111.772795, 33.29706 ], [ -111.772785, 33.297573 ] ], [ [ -111.7703, 33.341916 ], [ -111.768533, 33.341549 ], [ -111.768522, 33.34216 ], [ -111.769872, 33.342712 ], [ -111.765796, 33.342768 ], [ -111.767337, 33.340747 ], [ -111.768888, 33.341032 ], [ -111.765736, 33.339076 ], [ -111.765017, 33.340896 ], [ -111.763391, 33.341554 ], [ -111.76418, 33.340255 ], [ -111.762733, 33.339537 ], [ -111.764286, 33.33898 ], [ -111.764285, 33.337164 ], [ -111.765204, 33.338533 ], [ -111.767249, 33.33899 ], [ -111.76784, 33.340168 ], [ -111.771633, 33.341713 ], [ -111.7703, 33.341916 ] ], [ [ -111.767335, 33.288486 ], [ -111.764117, 33.288504 ], [ -111.764051, 33.284917 ], [ -111.767321, 33.284896 ], [ -111.767335, 33.288486 ] ], [ [ -111.760783, 33.338875 ], [ -111.759983, 33.33969 ], [ -111.760724, 33.337417 ], [ -111.759958, 33.336405 ], [ -111.762414, 33.336811 ], [ -111.760783, 33.338875 ] ], [ [ -111.762023, 33.342161 ], [ -111.759981, 33.342178 ], [ -111.759974, 33.340293 ], [ -111.760616, 33.341661 ], [ -111.761445, 33.341614 ], [ -111.762023, 33.342161 ] ], [ [ -111.755535, 33.331532 ], [ -111.752152, 33.329433 ], [ -111.755525, 33.329432 ], [ -111.755535, 33.331532 ] ], [ [ -111.755528, 33.327098 ], [ -111.752389, 33.327568 ], [ -111.753466, 33.328027 ], [ -111.751008, 33.328439 ], [ -111.748347, 33.326774 ], [ -111.75085, 33.32409 ], [ -111.755409, 33.324081 ], [ -111.755528, 33.327098 ] ], [ [ -111.755225, 33.248114 ], [ -111.753818, 33.248371 ], [ -111.753794, 33.248371 ], [ -111.753803, 33.249278 ], [ -111.755238, 33.24927 ], [ -111.755233, 33.250181 ], [ -111.751079, 33.250237 ], [ -111.75109, 33.248415 ], [ -111.750985, 33.248417 ], [ -111.75097, 33.2504 ], [ -111.748879, 33.250415 ], [ -111.748857, 33.252118 ], [ -111.750961, 33.252093 ], [ -111.750945, 33.255782 ], [ -111.74669, 33.255819 ], [ -111.745792, 33.25669 ], [ -111.745592, 33.254917 ], [ -111.743269, 33.255821 ], [ -111.74237, 33.254941 ], [ -111.740196, 33.254956 ], [ -111.739669, 33.25678 ], [ -111.740154, 33.25861 ], [ -111.737986, 33.258618 ], [ -111.733629, 33.258623 ], [ -111.729316, 33.259523 ], [ -111.729302, 33.261055 ], [ -111.730211, 33.261055 ], [ -111.730207, 33.263156 ], [ -111.726612, 33.263154 ], [ -111.723165, 33.26807 ], [ -111.720572, 33.27041 ], [ -111.724389, 33.270413 ], [ -111.72439, 33.273836 ], [ -111.720529, 33.273962 ], [ -111.720564, 33.271761 ], [ -111.718183, 33.271771 ], [ -111.720573, 33.269948 ], [ -111.722292, 33.268614 ], [ -111.726308, 33.263154 ], [ -111.726505, 33.263154 ], [ -111.728793, 33.259756 ], [ -111.729446, 33.258072 ], [ -111.733633, 33.257953 ], [ -111.733638, 33.257157 ], [ -111.729402, 33.257156 ], [ -111.729399, 33.255865 ], [ -111.734737, 33.255932 ], [ -111.735814, 33.257705 ], [ -111.737997, 33.257714 ], [ -111.738222, 33.249523 ], [ -111.739189, 33.24861 ], [ -111.746745, 33.248489 ], [ -111.746715, 33.237716 ], [ -111.743521, 33.237468 ], [ -111.743484, 33.23567 ], [ -111.74242, 33.235902 ], [ -111.742431, 33.237478 ], [ -111.738279, 33.237484 ], [ -111.738293, 33.235659 ], [ -111.73918, 33.235659 ], [ -111.73917, 33.233967 ], [ -111.750563, 33.233924 ], [ -111.750524, 33.237479 ], [ -111.755263, 33.237662 ], [ -111.755225, 33.248114 ] ], [ [ -111.752835, 33.321447 ], [ -111.748061, 33.326605 ], [ -111.745083, 33.324803 ], [ -111.745997, 33.322017 ], [ -111.75002, 33.321767 ], [ -111.752835, 33.321447 ] ], [ [ -111.747535, 33.364586 ], [ -111.746332, 33.363973 ], [ -111.743149, 33.3646 ], [ -111.743027, 33.360466 ], [ -111.745182, 33.360391 ], [ -111.74646, 33.36084 ], [ -111.745249, 33.362719 ], [ -111.747423, 33.361758 ], [ -111.747535, 33.364586 ] ], [ [ -111.74276, 33.351579 ], [ -111.739911, 33.351383 ], [ -111.740648, 33.352998 ], [ -111.738597, 33.352751 ], [ -111.739262, 33.350391 ], [ -111.742757, 33.350384 ], [ -111.74276, 33.351579 ] ], [ [ -111.738315, 33.299559 ], [ -111.738184, 33.299598 ], [ -111.738186, 33.300534 ], [ -111.736926, 33.300543 ], [ -111.736926, 33.299611 ], [ -111.729692, 33.299649 ], [ -111.729614, 33.298802 ], [ -111.728594, 33.299643 ], [ -111.721216, 33.299639 ], [ -111.721127, 33.295155 ], [ -111.722079, 33.294302 ], [ -111.725373, 33.294275 ], [ -111.725367, 33.292416 ], [ -111.729612, 33.292384 ], [ -111.729617, 33.294244 ], [ -111.733984, 33.294224 ], [ -111.734671, 33.292461 ], [ -111.734678, 33.294169 ], [ -111.738294, 33.294166 ], [ -111.738315, 33.299559 ] ], [ [ -111.738309, 33.353148 ], [ -111.737321, 33.353156 ], [ -111.737295, 33.352249 ], [ -111.737367, 33.35224 ], [ -111.738283, 33.352244 ], [ -111.738309, 33.353148 ] ], [ [ -111.713603, 33.375656 ], [ -111.7115, 33.37709 ], [ -111.711562, 33.37905 ], [ -111.708896, 33.379058 ], [ -111.707871, 33.377093 ], [ -111.707659, 33.373912 ], [ -111.713564, 33.373887 ], [ -111.713603, 33.375656 ] ], [ [ -111.712369, 33.29615 ], [ -111.70806, 33.296187 ], [ -111.708037, 33.293801 ], [ -111.709401, 33.293795 ], [ -111.709412, 33.292733 ], [ -111.71178, 33.29307 ], [ -111.712334, 33.292707 ], [ -111.712369, 33.29615 ] ], [ [ -111.708446, 33.328519 ], [ -111.704161, 33.328736 ], [ -111.70415, 33.328542 ], [ -111.704115, 33.32755 ], [ -111.708438, 33.327629 ], [ -111.708446, 33.328519 ] ], [ [ -111.708388, 33.325114 ], [ -111.704074, 33.325145 ], [ -111.70406, 33.32418 ], [ -111.704437, 33.324223 ], [ -111.708379, 33.324207 ], [ -111.708388, 33.325114 ] ], [ [ -111.703595, 33.290387 ], [ -111.701633, 33.290395 ], [ -111.703552, 33.288609 ], [ -111.703595, 33.290387 ] ], [ [ -111.699989, 33.335113 ], [ -111.69783, 33.335123 ], [ -111.697817, 33.334178 ], [ -111.699995, 33.334168 ], [ -111.699989, 33.335113 ] ], [ [ -111.691403, 33.334266 ], [ -111.689276, 33.334278 ], [ -111.689265, 33.333369 ], [ -111.68806, 33.333375 ], [ -111.688047, 33.332482 ], [ -111.690269, 33.332451 ], [ -111.690342, 33.333545 ], [ -111.691403, 33.334266 ] ], [ [ -111.779281, 33.306378 ], [ -111.77299, 33.306507 ], [ -111.773723, 33.305194 ], [ -111.777187, 33.304502 ], [ -111.777197, 33.30579 ], [ -111.778629, 33.305777 ], [ -111.779281, 33.305766 ], [ -111.779281, 33.306378 ] ], [ [ -111.740782, 33.357498 ], [ -111.738731, 33.357504 ], [ -111.738682, 33.355988 ], [ -111.742429, 33.356309 ], [ -111.742394, 33.355131 ], [ -111.74063, 33.355136 ], [ -111.740652, 33.353149 ], [ -111.742802, 33.353204 ], [ -111.742814, 33.353622 ], [ -111.74292, 33.357492 ], [ -111.740782, 33.357498 ] ], [ [ -111.745143, 33.358995 ], [ -111.74292, 33.357492 ], [ -111.747321, 33.357473 ], [ -111.747371, 33.359889 ], [ -111.746637, 33.360373 ], [ -111.745182, 33.360391 ], [ -111.745143, 33.358995 ] ] ] } },
{ "type": "Feature", "properties": { "GEOID": "0412000", "NAME": "Chandler city, Arizona", "population": 278748.0 }, "geometry": { "type": "Polygon", "coordinates": [ [ [ -111.972258, 33.319918 ], [ -111.972199, 33.306396 ], [ -111.971335, 33.306376 ], [ -111.971081, 33.305269 ], [ -111.971698, 33.302796 ], [ -111.971577, 33.294367 ], [ -111.967681, 33.294396 ], [ -111.967722, 33.290804 ], [ -111.945665, 33.290871 ], [ -111.928173, 33.290921 ], [ -111.911112, 33.291038 ], [ -111.893596, 33.291148 ], [ -111.893455, 33.27592 ], [ -111.893276, 33.261387 ], [ -111.893137, 33.232382 ], [ -111.892885, 33.232386 ], [ -111.877088, 33.232675 ], [ -111.8764, 33.232669 ], [ -111.8764, 33.23259 ], [ -111.858397, 33.23281 ], [ -111.858499, 33.21833 ], [ -111.858393, 33.218332 ], [ -111.858264, 33.229176 ], [ -111.849782, 33.229303 ], [ -111.849846, 33.218465 ], [ -111.845924, 33.218508 ], [ -111.845881, 33.225693 ], [ -111.8413, 33.225771 ], [ -111.84126, 33.218555 ], [ -111.841132, 33.203996 ], [ -111.841119, 33.203996 ], [ -111.84117, 33.214898 ], [ -111.836756, 33.215319 ], [ -111.83678, 33.218428 ], [ -111.836445, 33.217475 ], [ -111.836345, 33.211937 ], [ -111.835544, 33.212403 ], [ -111.834216, 33.215463 ], [ -111.83287, 33.217026 ], [ -111.832874, 33.21849 ], [ -111.831548, 33.218508 ], [ -111.832543, 33.217175 ], [ -111.832479, 33.207774 ], [ -111.828167, 33.20784 ], [ -111.828164, 33.20689 ], [ -111.823729, 33.206981 ], [ -111.823691, 33.204239 ], [ -111.811199, 33.204534 ], [ -111.806371, 33.204686 ], [ -111.802153, 33.204711 ], [ -111.789206, 33.204729 ], [ -111.783347, 33.20469 ], [ -111.772587, 33.204684 ], [ -111.772399, 33.20472 ], [ -111.755426, 33.204782 ], [ -111.75539, 33.208533 ], [ -111.755454, 33.209653 ], [ -111.755426, 33.211965 ], [ -111.755418, 33.219086 ], [ -111.755417, 33.219251 ], [ -111.755629, 33.219244 ], [ -111.755614, 33.226549 ], [ -111.768346, 33.226502 ], [ -111.768344, 33.222786 ], [ -111.772602, 33.222866 ], [ -111.772595, 33.221038 ], [ -111.772698, 33.221038 ], [ -111.772732, 33.230077 ], [ -111.765151, 33.230128 ], [ -111.765151, 33.233776 ], [ -111.764163, 33.233781 ], [ -111.76416, 33.233884 ], [ -111.764091, 33.241063 ], [ -111.764023, 33.241064 ], [ -111.764081, 33.248472 ], [ -111.764077, 33.248683 ], [ -111.772636, 33.248815 ], [ -111.772643, 33.252226 ], [ -111.774821, 33.252237 ], [ -111.774819, 33.252638 ], [ -111.776928, 33.252603 ], [ -111.776953, 33.248544 ], [ -111.781346, 33.248468 ], [ -111.781419, 33.250262 ], [ -111.785639, 33.25019 ], [ -111.785661, 33.255612 ], [ -111.772804, 33.255874 ], [ -111.772802, 33.26306 ], [ -111.772979, 33.263277 ], [ -111.781365, 33.263152 ], [ -111.781497, 33.263144 ], [ -111.780296, 33.266376 ], [ -111.780007, 33.268956 ], [ -111.779354, 33.270297 ], [ -111.774923, 33.27395 ], [ -111.789625, 33.273755 ], [ -111.789674, 33.277363 ], [ -111.789341, 33.277368 ], [ -111.789456, 33.283059 ], [ -111.789644, 33.292178 ], [ -111.789939, 33.299163 ], [ -111.793834, 33.299158 ], [ -111.796713, 33.299139 ], [ -111.796731, 33.302771 ], [ -111.796004, 33.302772 ], [ -111.794032, 33.302783 ], [ -111.794038, 33.305923 ], [ -111.790066, 33.306271 ], [ -111.790066, 33.306416 ], [ -111.789984, 33.313699 ], [ -111.789984, 33.314254 ], [ -111.79835, 33.314231 ], [ -111.79835, 33.313751 ], [ -111.804012, 33.313738 ], [ -111.806825, 33.31373 ], [ -111.806805, 33.320902 ], [ -111.806817, 33.328117 ], [ -111.806926, 33.32812 ], [ -111.824108, 33.327959 ], [ -111.824105, 33.331583 ], [ -111.824131, 33.335229 ], [ -111.824292, 33.338858 ], [ -111.832926, 33.338819 ], [ -111.833098, 33.338818 ], [ -111.833102, 33.349753 ], [ -111.833071, 33.357072 ], [ -111.83304, 33.361329 ], [ -111.841829, 33.361313 ], [ -111.841809, 33.357016 ], [ -111.851527, 33.356972 ], [ -111.859099, 33.35705 ], [ -111.87653, 33.356864 ], [ -111.886829, 33.356797 ], [ -111.893898, 33.356751 ], [ -111.893806, 33.349357 ], [ -111.893709, 33.345735 ], [ -111.893453, 33.334907 ], [ -111.893664, 33.327573 ], [ -111.911148, 33.327355 ], [ -111.919713, 33.327351 ], [ -111.919682, 33.323677 ], [ -111.928026, 33.323674 ], [ -111.928011, 33.322473 ], [ -111.928158, 33.320128 ], [ -111.934258, 33.320119 ], [ -111.936964, 33.320117 ], [ -111.936995, 33.323288 ], [ -111.941023, 33.323633 ], [ -111.945571, 33.323568 ], [ -111.94579, 33.327195 ], [ -111.950491, 33.327176 ], [ -111.952646, 33.327264 ], [ -111.952975, 33.327265 ], [ -111.955768, 33.320083 ], [ -111.963081, 33.32004 ], [ -111.96328, 33.327124 ], [ -111.972233, 33.327066 ], [ -111.972258, 33.319918 ] ], [ [ -111.967567, 33.298123 ], [ -111.964957, 33.29813 ], [ -111.96496, 33.296226 ], [ -111.966148, 33.296221 ], [ -111.966143, 33.297146 ], [ -111.96757, 33.297144 ], [ -111.967567, 33.298123 ] ], [ [ -111.892348, 33.342099 ], [ -111.889645, 33.342128 ], [ -111.889664, 33.343062 ], [ -111.889673, 33.349236 ], [ -111.885348, 33.349284 ], [ -111.88524, 33.342161 ], [ -111.885143, 33.335129 ], [ -111.8921, 33.335032 ], [ -111.892348, 33.342099 ] ], [ [ -111.880904, 33.349332 ], [ -111.8777, 33.349366 ], [ -111.876737, 33.348596 ], [ -111.876627, 33.343103 ], [ -111.880848, 33.342392 ], [ -111.880904, 33.349332 ] ], [ [ -111.861, 33.243682 ], [ -111.859951, 33.243681 ], [ -111.859954, 33.244893 ], [ -111.858581, 33.244907 ], [ -111.858588, 33.242417 ], [ -111.858588, 33.241885 ], [ -111.860998, 33.241866 ], [ -111.861, 33.243682 ] ], [ [ -111.850267, 33.298833 ], [ -111.850188, 33.298834 ], [ -111.849975, 33.298836 ], [ -111.849978, 33.297034 ], [ -111.850266, 33.297033 ], [ -111.850267, 33.298833 ] ], [ [ -111.849678, 33.234955 ], [ -111.845518, 33.235018 ], [ -111.845533, 33.233114 ], [ -111.849522, 33.233078 ], [ -111.849666, 33.233075 ], [ -111.849678, 33.234955 ] ], [ [ -111.845727, 33.272577 ], [ -111.845734, 33.2735 ], [ -111.841641, 33.273557 ], [ -111.841291, 33.273869 ], [ -111.84136, 33.275775 ], [ -111.839345, 33.276557 ], [ -111.834288, 33.276629 ], [ -111.835003, 33.274972 ], [ -111.836739, 33.274938 ], [ -111.83673, 33.27312 ], [ -111.841581, 33.272551 ], [ -111.842078, 33.272091 ], [ -111.846454, 33.272023 ], [ -111.845727, 33.272577 ] ], [ [ -111.841124, 33.217448 ], [ -111.840314, 33.217454 ], [ -111.840322, 33.218398 ], [ -111.839045, 33.218412 ], [ -111.839035, 33.216757 ], [ -111.841111, 33.216725 ], [ -111.841124, 33.217448 ] ], [ [ -111.841008, 33.283862 ], [ -111.839379, 33.282175 ], [ -111.836988, 33.28221 ], [ -111.837006, 33.284134 ], [ -111.836776, 33.280395 ], [ -111.835329, 33.280417 ], [ -111.832875, 33.280455 ], [ -111.832865, 33.278898 ], [ -111.833137, 33.276975 ], [ -111.84007, 33.27687 ], [ -111.840078, 33.278069 ], [ -111.837183, 33.278114 ], [ -111.836977, 33.280984 ], [ -111.839369, 33.280948 ], [ -111.840986, 33.282098 ], [ -111.841008, 33.283862 ] ], [ [ -111.837768, 33.231103 ], [ -111.836847, 33.233112 ], [ -111.836735, 33.233113 ], [ -111.835867, 33.233127 ], [ -111.835865, 33.22479 ], [ -111.836576, 33.218787 ], [ -111.836857, 33.224989 ], [ -111.839446, 33.229473 ], [ -111.837768, 33.231103 ] ], [ [ -111.837076, 33.265841 ], [ -111.832757, 33.265906 ], [ -111.832729, 33.262489 ], [ -111.835055, 33.262451 ], [ -111.835062, 33.264844 ], [ -111.836697, 33.264821 ], [ -111.83669, 33.262195 ], [ -111.836713, 33.262195 ], [ -111.836681, 33.258571 ], [ -111.832705, 33.258625 ], [ -111.832669, 33.255069 ], [ -111.8302, 33.255004 ], [ -111.832663, 33.254434 ], [ -111.832632, 33.251348 ], [ -111.833958, 33.251335 ], [ -111.83393, 33.247719 ], [ -111.836969, 33.247679 ], [ -111.837044, 33.262192 ], [ -111.837076, 33.265841 ] ], [ [ -111.8326, 33.245975 ], [ -111.831403, 33.245978 ], [ -111.83158, 33.245665 ], [ -111.831833, 33.244614 ], [ -111.832607, 33.244614 ], [ -111.8326, 33.245975 ] ], [ [ -111.829814, 33.23322 ], [ -111.828297, 33.233199 ], [ -111.828181, 33.225948 ], [ -111.828952, 33.228693 ], [ -111.828588, 33.231397 ], [ -111.830015, 33.233213 ], [ -111.829814, 33.23322 ] ], [ [ -111.829548, 33.247843 ], [ -111.828454, 33.250002 ], [ -111.827495, 33.252662 ], [ -111.825351, 33.255099 ], [ -111.825038, 33.255151 ], [ -111.827282, 33.25257 ], [ -111.828375, 33.249653 ], [ -111.829352, 33.247845 ], [ -111.829548, 33.247843 ] ], [ [ -111.828537, 33.269692 ], [ -111.824432, 33.269742 ], [ -111.824317, 33.266028 ], [ -111.828464, 33.265969 ], [ -111.828537, 33.269692 ] ], [ [ -111.82851, 33.246924 ], [ -111.825178, 33.246842 ], [ -111.825175, 33.246197 ], [ -111.824034, 33.246206 ], [ -111.824031, 33.245947 ], [ -111.825173, 33.245944 ], [ -111.825164, 33.244176 ], [ -111.828287, 33.244132 ], [ -111.82851, 33.246924 ] ], [ [ -111.824235, 33.284118 ], [ -111.824235, 33.284137 ], [ -111.822865, 33.284148 ], [ -111.822065, 33.282672 ], [ -111.824227, 33.282642 ], [ -111.824358, 33.282642 ], [ -111.824235, 33.284118 ] ], [ [ -111.82404, 33.286029 ], [ -111.819962, 33.286072 ], [ -111.819958, 33.28517 ], [ -111.819094, 33.284368 ], [ -111.824025, 33.284325 ], [ -111.82404, 33.286029 ] ], [ [ -111.823955, 33.270803 ], [ -111.823434, 33.271975 ], [ -111.817677, 33.272025 ], [ -111.817059, 33.273391 ], [ -111.817854, 33.270666 ], [ -111.818207, 33.270069 ], [ -111.818633, 33.269616 ], [ -111.821243, 33.268123 ], [ -111.82159, 33.267617 ], [ -111.823937, 33.268025 ], [ -111.823955, 33.270803 ] ], [ [ -111.823826, 33.225975 ], [ -111.819612, 33.226058 ], [ -111.819594, 33.228821 ], [ -111.823765, 33.228749 ], [ -111.822867, 33.229675 ], [ -111.822875, 33.231492 ], [ -111.819586, 33.231547 ], [ -111.819587, 33.230642 ], [ -111.815244, 33.230711 ], [ -111.81526, 33.231618 ], [ -111.813105, 33.231655 ], [ -111.813111, 33.233493 ], [ -111.806576, 33.233615 ], [ -111.806576, 33.23089 ], [ -111.804441, 33.23107 ], [ -111.804443, 33.231783 ], [ -111.802293, 33.231804 ], [ -111.802302, 33.229903 ], [ -111.806575, 33.229868 ], [ -111.806556, 33.222662 ], [ -111.812579, 33.222569 ], [ -111.812572, 33.219118 ], [ -111.813602, 33.2191 ], [ -111.813618, 33.22257 ], [ -111.815187, 33.222552 ], [ -111.81516, 33.219103 ], [ -111.81631, 33.219055 ], [ -111.816323, 33.22252 ], [ -111.818488, 33.222474 ], [ -111.818479, 33.219034 ], [ -111.823763, 33.218959 ], [ -111.823826, 33.225975 ] ], [ [ -111.823759, 33.22784 ], [ -111.821772, 33.227875 ], [ -111.821759, 33.226967 ], [ -111.823754, 33.226933 ], [ -111.823759, 33.22784 ] ], [ [ -111.81645, 33.282759 ], [ -111.815589, 33.282767 ], [ -111.816155, 33.28199 ], [ -111.81645, 33.282759 ] ], [ [ -111.815351, 33.25704 ], [ -111.813755, 33.257074 ], [ -111.813725, 33.255246 ], [ -111.814376, 33.25524 ], [ -111.815339, 33.255226 ], [ -111.815351, 33.25704 ] ], [ [ -111.811095, 33.257105 ], [ -111.806873, 33.257127 ], [ -111.806857, 33.255356 ], [ -111.811085, 33.255268 ], [ -111.811095, 33.257105 ] ], [ [ -111.81102, 33.237819 ], [ -111.806624, 33.237887 ], [ -111.806634, 33.237186 ], [ -111.811015, 33.237137 ], [ -111.81102, 33.237819 ] ], [ [ -111.806736, 33.287954 ], [ -111.806273, 33.287951 ], [ -111.806176, 33.287954 ], [ -111.806173, 33.287463 ], [ -111.80673, 33.287456 ], [ -111.806736, 33.287954 ] ], [ [ -111.806657, 33.241825 ], [ -111.804766, 33.241845 ], [ -111.80476, 33.240856 ], [ -111.806648, 33.240836 ], [ -111.806657, 33.241825 ] ], [ [ -111.802377, 33.240937 ], [ -111.795905, 33.241009 ], [ -111.795858, 33.234285 ], [ -111.796025, 33.233659 ], [ -111.802273, 33.233641 ], [ -111.802377, 33.240937 ] ], [ [ -111.799196, 33.248194 ], [ -111.798172, 33.248209 ], [ -111.798143, 33.244568 ], [ -111.799166, 33.244554 ], [ -111.799196, 33.248194 ] ], [ [ -111.796016, 33.22059 ], [ -111.792126, 33.220629 ], [ -111.792397, 33.224376 ], [ -111.794227, 33.226439 ], [ -111.789391, 33.226487 ], [ -111.78939, 33.222117 ], [ -111.791998, 33.222089 ], [ -111.792116, 33.219387 ], [ -111.795995, 33.219352 ], [ -111.796016, 33.22059 ] ], [ [ -111.791675, 33.255531 ], [ -111.789719, 33.255556 ], [ -111.789715, 33.254668 ], [ -111.791671, 33.254649 ], [ -111.791675, 33.255531 ] ], [ [ -111.788163, 33.264692 ], [ -111.785966, 33.264719 ], [ -111.785945, 33.263091 ], [ -111.788152, 33.263063 ], [ -111.788162, 33.264508 ], [ -111.788163, 33.264692 ] ], [ [ -111.785679, 33.226547 ], [ -111.777018, 33.226506 ], [ -111.77706, 33.222738 ], [ -111.777093, 33.22294 ], [ -111.784602, 33.222861 ], [ -111.784659, 33.219407 ], [ -111.785679, 33.226547 ] ], [ [ -111.77265, 33.241022 ], [ -111.768355, 33.241038 ], [ -111.768359, 33.240468 ], [ -111.772654, 33.240454 ], [ -111.77265, 33.241022 ] ], [ [ -111.770115, 33.221039 ], [ -111.770109, 33.219407 ], [ -111.772516, 33.219485 ], [ -111.772589, 33.21984 ], [ -111.772595, 33.221038 ], [ -111.770115, 33.221039 ] ], [ [ -111.832902, 33.284179 ], [ -111.830908, 33.284203 ], [ -111.828822, 33.284237 ], [ -111.828966, 33.283939 ], [ -111.827686, 33.283615 ], [ -111.826398, 33.283454 ], [ -111.826395, 33.282843 ], [ -111.826381, 33.280554 ], [ -111.832875, 33.280455 ], [ -111.832902, 33.284179 ] ], [ [ -111.805515, 33.231772 ], [ -111.80552, 33.233612 ], [ -111.804446, 33.233619 ], [ -111.804443, 33.231783 ], [ -111.805515, 33.231772 ] ] ] } },
{ "type": "Feature", "properties": { "GEOID": "0427820", "NAME": "Glendale city, Arizona", "population": 260572.0 }, "geometry": { "type": "MultiPolygon", "coordinates": [ [ [ [ -112.431275, 33.566225 ], [ -112.427643, 33.56624 ], [ -112.427653, 33.571723 ], [ -112.427226, 33.573397 ], [ -112.431249, 33.573462 ], [ -112.431275, 33.566225 ] ] ], [ [ [ -112.444036, 33.566414 ], [ -112.43995, 33.566373 ], [ -112.439988, 33.5698 ], [ -112.435735, 33.569819 ], [ -112.435713, 33.576185 ], [ -112.442549, 33.57615 ], [ -112.444047, 33.576129 ], [ -112.444036, 33.566414 ] ] ], [ [ [ -112.461533, 33.566153 ], [ -112.461501, 33.566153 ], [ -112.461487, 33.580549 ], [ -112.451928, 33.580555 ], [ -112.448562, 33.580556 ], [ -112.444247, 33.580559 ], [ -112.426677, 33.580629 ], [ -112.426552, 33.567152 ], [ -112.425376, 33.5666 ], [ -112.419575, 33.566595 ], [ -112.419211, 33.569368 ], [ -112.419147, 33.577134 ], [ -112.419436, 33.580629 ], [ -112.418339, 33.580639 ], [ -112.417302, 33.580595 ], [ -112.417758, 33.575923 ], [ -112.417412, 33.573479 ], [ -112.417073, 33.566445 ], [ -112.402389, 33.56639 ], [ -112.402303, 33.573402 ], [ -112.409396, 33.573474 ], [ -112.409396, 33.580619 ], [ -112.393894, 33.580444 ], [ -112.393817, 33.566222 ], [ -112.380921, 33.56607 ], [ -112.376226, 33.566726 ], [ -112.37621, 33.573081 ], [ -112.380676, 33.573145 ], [ -112.380641, 33.580275 ], [ -112.350442, 33.580065 ], [ -112.350386, 33.565565 ], [ -112.341876, 33.5655 ], [ -112.341846, 33.558419 ], [ -112.350358, 33.558482 ], [ -112.350337, 33.55291 ], [ -112.353188, 33.55585 ], [ -112.355981, 33.557822 ], [ -112.358494, 33.558937 ], [ -112.359754, 33.558616 ], [ -112.367486, 33.558383 ], [ -112.367501, 33.565708 ], [ -112.387528, 33.565902 ], [ -112.394467, 33.565554 ], [ -112.417232, 33.565731 ], [ -112.417723, 33.558861 ], [ -112.41013, 33.558872 ], [ -112.409716, 33.557114 ], [ -112.409714, 33.551706 ], [ -112.409706, 33.544473 ], [ -112.417624, 33.544469 ], [ -112.41716, 33.537095 ], [ -112.417845, 33.526566 ], [ -112.417634, 33.52266 ], [ -112.413882, 33.522592 ], [ -112.413877, 33.519047 ], [ -112.417864, 33.519052 ], [ -112.418038, 33.515408 ], [ -112.409537, 33.515401 ], [ -112.409552, 33.522577 ], [ -112.409356, 33.526338 ], [ -112.401119, 33.52634 ], [ -112.401108, 33.524213 ], [ -112.402773, 33.522689 ], [ -112.403755, 33.519053 ], [ -112.392526, 33.519084 ], [ -112.392416, 33.51994 ], [ -112.389319, 33.522661 ], [ -112.375372, 33.522677 ], [ -112.371875, 33.522633 ], [ -112.366657, 33.522553 ], [ -112.365083, 33.522532 ], [ -112.365048, 33.519089 ], [ -112.371035, 33.519108 ], [ -112.370956, 33.515481 ], [ -112.371006, 33.515482 ], [ -112.371265, 33.515482 ], [ -112.374629, 33.515498 ], [ -112.375235, 33.515498 ], [ -112.378909, 33.515498 ], [ -112.379966, 33.515498 ], [ -112.383826, 33.515493 ], [ -112.385122, 33.515481 ], [ -112.388067, 33.515455 ], [ -112.387966, 33.50829 ], [ -112.392618, 33.50829 ], [ -112.392635, 33.511827 ], [ -112.401033, 33.511799 ], [ -112.401005, 33.508264 ], [ -112.418428, 33.508246 ], [ -112.418839, 33.508246 ], [ -112.422544, 33.508249 ], [ -112.422555, 33.513568 ], [ -112.419491, 33.513997 ], [ -112.419879, 33.520971 ], [ -112.419845, 33.524382 ], [ -112.419067, 33.530952 ], [ -112.419571, 33.537131 ], [ -112.419078, 33.542789 ], [ -112.419125, 33.547808 ], [ -112.422697, 33.547809 ], [ -112.422696, 33.549459 ], [ -112.419304, 33.549463 ], [ -112.419594, 33.551676 ], [ -112.423604, 33.551668 ], [ -112.424794, 33.549017 ], [ -112.426879, 33.549009 ], [ -112.426861, 33.544313 ], [ -112.422885, 33.544507 ], [ -112.422869, 33.540674 ], [ -112.426843, 33.540663 ], [ -112.426827, 33.537284 ], [ -112.426836, 33.523039 ], [ -112.426947, 33.522725 ], [ -112.444155, 33.52272 ], [ -112.444156, 33.50829 ], [ -112.461317, 33.508258 ], [ -112.461297, 33.517608 ], [ -112.46133, 33.517608 ], [ -112.46135, 33.508231 ], [ -112.444156, 33.508264 ], [ -112.41884, 33.508216 ], [ -112.418428, 33.508214 ], [ -112.383671, 33.50826 ], [ -112.383793, 33.515466 ], [ -112.370923, 33.515454 ], [ -112.371, 33.519055 ], [ -112.358315, 33.518963 ], [ -112.358088, 33.515372 ], [ -112.353868, 33.515317 ], [ -112.353848, 33.508376 ], [ -112.349528, 33.508162 ], [ -112.340884, 33.507931 ], [ -112.332442, 33.50778 ], [ -112.332441, 33.514976 ], [ -112.329813, 33.514913 ], [ -112.32399, 33.514773 ], [ -112.323987, 33.517401 ], [ -112.323903, 33.517417 ], [ -112.323898, 33.522041 ], [ -112.306931, 33.521958 ], [ -112.306926, 33.5216 ], [ -112.306752, 33.514794 ], [ -112.306464, 33.514807 ], [ -112.298661, 33.515132 ], [ -112.298673, 33.518753 ], [ -112.294374, 33.518933 ], [ -112.294379, 33.522128 ], [ -112.289788, 33.522395 ], [ -112.282659, 33.522371 ], [ -112.272476, 33.522768 ], [ -112.27248, 33.508511 ], [ -112.272481, 33.508321 ], [ -112.272481, 33.508207 ], [ -112.269095, 33.508302 ], [ -112.255007, 33.508679 ], [ -112.246369, 33.508682 ], [ -112.2377, 33.508688 ], [ -112.228655, 33.508789 ], [ -112.220463, 33.508893 ], [ -112.220104, 33.508897 ], [ -112.211329, 33.509084 ], [ -112.203221, 33.509244 ], [ -112.203164, 33.509257 ], [ -112.195036, 33.509358 ], [ -112.186359, 33.509466 ], [ -112.173164, 33.5094 ], [ -112.168757, 33.509366 ], [ -112.155485, 33.509328 ], [ -112.152223, 33.509451 ], [ -112.151692, 33.510122 ], [ -112.15165, 33.51283 ], [ -112.151662, 33.516692 ], [ -112.151645, 33.520303 ], [ -112.15163, 33.523918 ], [ -112.151606, 33.528276 ], [ -112.151591, 33.531181 ], [ -112.151573, 33.538452 ], [ -112.151552, 33.545707 ], [ -112.151572, 33.546635 ], [ -112.151674, 33.553117 ], [ -112.151712, 33.56035 ], [ -112.151752, 33.567521 ], [ -112.151705, 33.574723 ], [ -112.151655, 33.581922 ], [ -112.151743, 33.581922 ], [ -112.156928, 33.584366 ], [ -112.159805, 33.588081 ], [ -112.163513, 33.589861 ], [ -112.166232, 33.593014 ], [ -112.166771, 33.594709 ], [ -112.168659, 33.595264 ], [ -112.168758, 33.596355 ], [ -112.168658, 33.603547 ], [ -112.16858, 33.610732 ], [ -112.168559, 33.61543 ], [ -112.168538, 33.617945 ], [ -112.168492, 33.625159 ], [ -112.16843, 33.63236 ], [ -112.169266, 33.63903 ], [ -112.169087, 33.647238 ], [ -112.168955, 33.654507 ], [ -112.169133, 33.659943 ], [ -112.169194, 33.661856 ], [ -112.169279, 33.664355 ], [ -112.169418, 33.668515 ], [ -112.169238, 33.67026 ], [ -112.169686, 33.697769 ], [ -112.178879, 33.697696 ], [ -112.202879, 33.697724 ], [ -112.203065, 33.696276 ], [ -112.218864, 33.696272 ], [ -112.220276, 33.696294 ], [ -112.220275, 33.696256 ], [ -112.220535, 33.696194 ], [ -112.220475, 33.688086 ], [ -112.220481, 33.687923 ], [ -112.220441, 33.681707 ], [ -112.222442, 33.681582 ], [ -112.223601, 33.67805 ], [ -112.224713, 33.677178 ], [ -112.230851, 33.666393 ], [ -112.232806, 33.66327 ], [ -112.235557, 33.65993 ], [ -112.236271, 33.656326 ], [ -112.236586, 33.65272 ], [ -112.237667, 33.652534 ], [ -112.237795, 33.652535 ], [ -112.23783, 33.641902 ], [ -112.240059, 33.638521 ], [ -112.237834, 33.639672 ], [ -112.237825, 33.638157 ], [ -112.237827, 33.638081 ], [ -112.23343, 33.637948 ], [ -112.228961, 33.637945 ], [ -112.220252, 33.638014 ], [ -112.215937, 33.638048 ], [ -112.21578, 33.63568 ], [ -112.217797, 33.634675 ], [ -112.218049, 33.632686 ], [ -112.215556, 33.630522 ], [ -112.215549, 33.62841 ], [ -112.210253, 33.623804 ], [ -112.204494, 33.621917 ], [ -112.202635, 33.618359 ], [ -112.202675, 33.614183 ], [ -112.202562, 33.614183 ], [ -112.202622, 33.610607 ], [ -112.202645, 33.606302 ], [ -112.20285, 33.596213 ], [ -112.20288, 33.588974 ], [ -112.20289, 33.587493 ], [ -112.202942, 33.581695 ], [ -112.203013, 33.574461 ], [ -112.203016, 33.57118 ], [ -112.203165, 33.567154 ], [ -112.203164, 33.566985 ], [ -112.211602, 33.566855 ], [ -112.211674, 33.560185 ], [ -112.211425, 33.559972 ], [ -112.211639, 33.559696 ], [ -112.211657, 33.554071 ], [ -112.211431, 33.552588 ], [ -112.220299, 33.552332 ], [ -112.23779, 33.551917 ], [ -112.255003, 33.551637 ], [ -112.255003, 33.551747 ], [ -112.266432, 33.551494 ], [ -112.266536, 33.551397 ], [ -112.266901, 33.551389 ], [ -112.289717, 33.550947 ], [ -112.306762, 33.550728 ], [ -112.30959, 33.550785 ], [ -112.309628, 33.550852 ], [ -112.315667, 33.550929 ], [ -112.34599, 33.55112 ], [ -112.34599, 33.551204 ], [ -112.345992, 33.551546 ], [ -112.346506, 33.551589 ], [ -112.347925, 33.551865 ], [ -112.349282, 33.552362 ], [ -112.349771, 33.552603 ], [ -112.350303, 33.552607 ], [ -112.350326, 33.558454 ], [ -112.341813, 33.5584 ], [ -112.341843, 33.565527 ], [ -112.350354, 33.565591 ], [ -112.350408, 33.580091 ], [ -112.350513, 33.580093 ], [ -112.393676, 33.580469 ], [ -112.409617, 33.58065 ], [ -112.409617, 33.580732 ], [ -112.418337, 33.580734 ], [ -112.418337, 33.580667 ], [ -112.444247, 33.580586 ], [ -112.451929, 33.580583 ], [ -112.461519, 33.580576 ], [ -112.461533, 33.566153 ] ], [ [ -112.413931, 33.577142 ], [ -112.412669, 33.57714 ], [ -112.409717, 33.576972 ], [ -112.409716, 33.573477 ], [ -112.41393, 33.57348 ], [ -112.413931, 33.577142 ] ], [ [ -112.412113, 33.535373 ], [ -112.409578, 33.535376 ], [ -112.409498, 33.551706 ], [ -112.399205, 33.551645 ], [ -112.399142, 33.550826 ], [ -112.402125, 33.550814 ], [ -112.401927, 33.548053 ], [ -112.397621, 33.548041 ], [ -112.397371, 33.544446 ], [ -112.39315, 33.544451 ], [ -112.393054, 33.540841 ], [ -112.401422, 33.540819 ], [ -112.401145, 33.533611 ], [ -112.412108, 33.533586 ], [ -112.412113, 33.535373 ] ], [ [ -112.375393, 33.526355 ], [ -112.375373, 33.529907 ], [ -112.359354, 33.529716 ], [ -112.358355, 33.529094 ], [ -112.365602, 33.529224 ], [ -112.365084, 33.522713 ], [ -112.366661, 33.522734 ], [ -112.375374, 33.522859 ], [ -112.375393, 33.526355 ] ], [ [ -112.367484, 33.557381 ], [ -112.361042, 33.557336 ], [ -112.3594, 33.556643 ], [ -112.356716, 33.556619 ], [ -112.354475, 33.555355 ], [ -112.350296, 33.551235 ], [ -112.349946, 33.544035 ], [ -112.35462, 33.544086 ], [ -112.354671, 33.545112 ], [ -112.358399, 33.545151 ], [ -112.358621, 33.551304 ], [ -112.367586, 33.551472 ], [ -112.367484, 33.557381 ] ], [ [ -112.360263, 33.520398 ], [ -112.358353, 33.520427 ], [ -112.358351, 33.519878 ], [ -112.358349, 33.519017 ], [ -112.361, 33.519531 ], [ -112.360263, 33.520398 ] ], [ [ -112.358073, 33.537919 ], [ -112.357086, 33.537908 ], [ -112.35552, 33.537493 ], [ -112.357371, 33.537032 ], [ -112.357395, 33.537548 ], [ -112.358068, 33.537555 ], [ -112.358073, 33.537919 ] ], [ [ -112.358035, 33.528909 ], [ -112.357992, 33.529705 ], [ -112.358024, 33.536797 ], [ -112.349615, 33.536712 ], [ -112.349634, 33.533633 ], [ -112.344865, 33.533591 ], [ -112.344877, 33.536755 ], [ -112.342529, 33.536729 ], [ -112.341008, 33.536713 ], [ -112.341007, 33.536561 ], [ -112.318494, 33.536238 ], [ -112.316498, 33.533319 ], [ -112.315419, 33.532877 ], [ -112.315418, 33.529252 ], [ -112.313298, 33.529243 ], [ -112.313295, 33.522015 ], [ -112.324012, 33.522042 ], [ -112.324019, 33.517403 ], [ -112.324023, 33.514801 ], [ -112.329801, 33.514939 ], [ -112.332469, 33.515002 ], [ -112.332474, 33.507808 ], [ -112.340884, 33.507958 ], [ -112.349492, 33.50819 ], [ -112.353814, 33.508402 ], [ -112.353841, 33.515352 ], [ -112.357946, 33.515404 ], [ -112.358013, 33.522512 ], [ -112.358035, 33.528909 ] ], [ [ -112.345983, 33.551095 ], [ -112.343981, 33.551079 ], [ -112.341788, 33.551063 ], [ -112.341754, 33.550316 ], [ -112.345947, 33.550345 ], [ -112.345983, 33.551095 ] ], [ [ -112.342728, 33.54252 ], [ -112.341468, 33.543615 ], [ -112.341141, 33.536822 ], [ -112.342462, 33.536836 ], [ -112.342542, 33.538504 ], [ -112.342627, 33.540248 ], [ -112.342728, 33.54252 ] ], [ [ -112.34155, 33.551065 ], [ -112.311311, 33.550775 ], [ -112.31125, 33.54371 ], [ -112.315544, 33.543717 ], [ -112.315482, 33.540111 ], [ -112.319749, 33.540131 ], [ -112.318543, 33.536719 ], [ -112.340885, 33.53697 ], [ -112.341198, 33.543585 ], [ -112.341216, 33.543956 ], [ -112.341528, 33.550613 ], [ -112.34155, 33.551065 ] ], [ [ -112.311183, 33.536464 ], [ -112.307081, 33.536454 ], [ -112.30681, 33.536204 ], [ -112.306931, 33.521985 ], [ -112.311174, 33.522005 ], [ -112.311183, 33.536464 ] ], [ [ -112.298432, 33.550769 ], [ -112.292022, 33.550884 ], [ -112.292039, 33.548989 ], [ -112.289751, 33.549017 ], [ -112.289833, 33.543753 ], [ -112.298448, 33.54369 ], [ -112.298432, 33.550769 ] ], [ [ -112.27229, 33.512031 ], [ -112.27185, 33.512041 ], [ -112.271532, 33.512044 ], [ -112.271539, 33.51148 ], [ -112.2723, 33.511469 ], [ -112.27229, 33.512031 ] ], [ [ -112.271539, 33.547457 ], [ -112.271162, 33.547877 ], [ -112.268268, 33.551315 ], [ -112.266566, 33.551369 ], [ -112.25846, 33.551533 ], [ -112.258477, 33.547991 ], [ -112.257209, 33.547973 ], [ -112.257191, 33.55156 ], [ -112.255003, 33.551612 ], [ -112.250682, 33.551702 ], [ -112.250694, 33.548986 ], [ -112.255002, 33.548878 ], [ -112.255027, 33.544735 ], [ -112.263674, 33.544486 ], [ -112.264044, 33.537493 ], [ -112.269606, 33.537357 ], [ -112.271899, 33.543036 ], [ -112.271539, 33.547457 ] ], [ [ -112.263689, 33.51961 ], [ -112.254997, 33.519692 ], [ -112.255024, 33.516123 ], [ -112.263709, 33.51587 ], [ -112.263689, 33.51961 ] ], [ [ -112.245065, 33.548433 ], [ -112.24506, 33.551671 ], [ -112.239032, 33.551855 ], [ -112.239017, 33.550695 ], [ -112.242096, 33.550278 ], [ -112.242089, 33.548918 ], [ -112.237913, 33.548454 ], [ -112.246365, 33.548371 ], [ -112.245065, 33.548433 ] ], [ [ -112.237522, 33.550263 ], [ -112.234534, 33.550323 ], [ -112.234569, 33.551957 ], [ -112.23184, 33.552022 ], [ -112.23182, 33.548605 ], [ -112.23346, 33.549541 ], [ -112.237684, 33.549069 ], [ -112.237522, 33.550263 ] ], [ [ -112.237229, 33.547573 ], [ -112.237217, 33.546925 ], [ -112.23344, 33.546979 ], [ -112.233425, 33.545024 ], [ -112.231256, 33.545054 ], [ -112.231313, 33.548603 ], [ -112.220631, 33.548775 ], [ -112.220764, 33.545152 ], [ -112.229019, 33.545032 ], [ -112.237635, 33.544886 ], [ -112.237229, 33.547573 ] ], [ [ -112.237589, 33.541312 ], [ -112.231286, 33.541413 ], [ -112.231219, 33.537948 ], [ -112.233354, 33.53792 ], [ -112.233355, 33.540301 ], [ -112.237578, 33.540249 ], [ -112.237589, 33.541312 ] ], [ [ -112.192777, 33.545695 ], [ -112.192768, 33.544174 ], [ -112.194523, 33.545691 ], [ -112.192777, 33.545695 ] ], [ [ -112.190147, 33.531291 ], [ -112.189462, 33.531303 ], [ -112.189464, 33.530737 ], [ -112.190148, 33.53072 ], [ -112.190147, 33.531291 ] ], [ [ -112.400865, 33.533603 ], [ -112.396841, 33.533592 ], [ -112.396801, 33.52992 ], [ -112.401128, 33.529961 ], [ -112.401136, 33.531366 ], [ -112.401145, 33.533611 ], [ -112.400865, 33.533603 ] ] ] ] } },
{ "type": "Feature", "properties": { "GEOID": "0465000", "NAME": "Scottsdale city, Arizona", "population": 243006.0 }, "geometry": { "type": "Polygon", "coordinates": [ [ [ -111.96097, 33.472747 ], [ -111.952226, 33.472831 ], [ -111.943544, 33.472923 ], [ -111.943442, 33.467241 ], [ -111.943586, 33.465555 ], [ -111.939109, 33.465278 ], [ -111.939339, 33.464602 ], [ -111.939338, 33.461918 ], [ -111.939407, 33.458306 ], [ -111.935007, 33.458371 ], [ -111.926344, 33.458502 ], [ -111.926427, 33.453425 ], [ -111.926461, 33.451245 ], [ -111.917909, 33.451259 ], [ -111.917923, 33.447629 ], [ -111.915769, 33.447632 ], [ -111.915753, 33.451265 ], [ -111.909279, 33.451281 ], [ -111.900627, 33.451321 ], [ -111.900531, 33.454929 ], [ -111.892006, 33.454952 ], [ -111.891828, 33.465842 ], [ -111.891836, 33.47312 ], [ -111.891804, 33.480389 ], [ -111.891692, 33.494875 ], [ -111.891654, 33.502105 ], [ -111.891599, 33.509366 ], [ -111.891523, 33.523851 ], [ -111.891514, 33.531692 ], [ -111.891447, 33.538407 ], [ -111.891433, 33.552953 ], [ -111.891341, 33.563619 ], [ -111.891098, 33.567975 ], [ -111.874224, 33.567982 ], [ -111.856578, 33.567971 ], [ -111.839641, 33.567923 ], [ -111.821685, 33.56789 ], [ -111.801939, 33.567886 ], [ -111.798941, 33.567904 ], [ -111.800366, 33.568634 ], [ -111.80037, 33.571528 ], [ -111.79822, 33.572434 ], [ -111.796036, 33.571528 ], [ -111.787199, 33.571586 ], [ -111.787052, 33.578459 ], [ -111.784733, 33.581567 ], [ -111.78157, 33.580759 ], [ -111.777451, 33.578387 ], [ -111.774418, 33.575144 ], [ -111.770105, 33.57515 ], [ -111.770078, 33.579103 ], [ -111.770078, 33.589673 ], [ -111.761196, 33.589885 ], [ -111.757976, 33.592105 ], [ -111.755905, 33.591752 ], [ -111.757025, 33.595885 ], [ -111.756366, 33.597401 ], [ -111.757392, 33.599694 ], [ -111.757348, 33.600349 ], [ -111.762626, 33.603233 ], [ -111.763992, 33.60517 ], [ -111.76717, 33.605591 ], [ -111.769203, 33.606798 ], [ -111.770116, 33.605629 ], [ -111.770158, 33.611425 ], [ -111.78731, 33.611369 ], [ -111.787379, 33.612754 ], [ -111.787364, 33.64014 ], [ -111.787377, 33.653417 ], [ -111.787444, 33.683583 ], [ -111.787204, 33.69817 ], [ -111.786782, 33.726874 ], [ -111.786794, 33.733557 ], [ -111.786791, 33.737765 ], [ -111.783716, 33.737768 ], [ -111.7837, 33.734139 ], [ -111.782585, 33.734141 ], [ -111.782552, 33.732301 ], [ -111.772834, 33.732291 ], [ -111.772865, 33.741684 ], [ -111.786802, 33.741673 ], [ -111.786894, 33.742345 ], [ -111.786882, 33.787178 ], [ -111.786629, 33.788085 ], [ -111.786892, 33.788607 ], [ -111.786792, 33.791519 ], [ -111.786868, 33.813891 ], [ -111.786847, 33.813966 ], [ -111.83258, 33.813877 ], [ -111.838774, 33.813804 ], [ -111.839079, 33.81389 ], [ -111.839089, 33.826801 ], [ -111.834739, 33.826818 ], [ -111.834745, 33.833845 ], [ -111.830391, 33.833853 ], [ -111.830398, 33.841104 ], [ -111.828222, 33.841665 ], [ -111.828224, 33.844734 ], [ -111.826047, 33.844737 ], [ -111.826117, 33.848594 ], [ -111.82936, 33.848645 ], [ -111.832831, 33.849266 ], [ -111.834032, 33.850082 ], [ -111.832607, 33.853579 ], [ -111.831399, 33.854612 ], [ -111.831085, 33.855616 ], [ -111.828929, 33.855047 ], [ -111.819394, 33.869772 ], [ -111.822926, 33.871092 ], [ -111.82494, 33.867333 ], [ -111.828074, 33.866036 ], [ -111.828836, 33.864684 ], [ -111.829475, 33.864684 ], [ -111.831236, 33.859846 ], [ -111.833683, 33.859578 ], [ -111.834748, 33.868165 ], [ -111.83913, 33.875776 ], [ -111.839084, 33.90052 ], [ -111.891165, 33.900495 ], [ -111.891238, 33.857285 ], [ -111.891227, 33.852995 ], [ -111.891245, 33.820989 ], [ -111.884273, 33.821027 ], [ -111.882572, 33.822609 ], [ -111.876549, 33.824924 ], [ -111.873875, 33.824991 ], [ -111.873844, 33.813865 ], [ -111.891177, 33.813834 ], [ -111.90876, 33.81335 ], [ -111.908734, 33.807244 ], [ -111.91066, 33.806677 ], [ -111.910393, 33.803393 ], [ -111.913369, 33.801529 ], [ -111.913583, 33.802147 ], [ -111.91116, 33.80394 ], [ -111.914623, 33.804787 ], [ -111.915809, 33.805626 ], [ -111.912411, 33.805715 ], [ -111.91084, 33.806553 ], [ -111.91604, 33.806556 ], [ -111.918748, 33.807043 ], [ -111.920869, 33.806558 ], [ -111.92713, 33.806553 ], [ -111.927988, 33.80223 ], [ -111.92809, 33.799288 ], [ -111.933556, 33.800117 ], [ -111.937741, 33.799225 ], [ -111.948447, 33.799178 ], [ -111.960816, 33.799176 ], [ -111.960731, 33.795599 ], [ -111.958572, 33.795585 ], [ -111.95859, 33.791906 ], [ -111.960723, 33.791903 ], [ -111.960663, 33.785344 ], [ -111.960705, 33.784681 ], [ -111.955696, 33.783563 ], [ -111.951992, 33.784743 ], [ -111.947624, 33.784763 ], [ -111.947653, 33.791987 ], [ -111.94547, 33.791991 ], [ -111.945469, 33.788389 ], [ -111.934668, 33.788376 ], [ -111.934609, 33.770237 ], [ -111.934613, 33.757127 ], [ -111.934605, 33.757098 ], [ -111.934584, 33.755686 ], [ -111.93895, 33.755707 ], [ -111.938968, 33.748442 ], [ -111.934616, 33.748441 ], [ -111.934683, 33.741201 ], [ -111.960704, 33.741115 ], [ -111.960735, 33.741115 ], [ -111.960695, 33.726418 ], [ -111.955415, 33.726616 ], [ -111.951679, 33.726461 ], [ -111.925806, 33.726526 ], [ -111.925607, 33.725755 ], [ -111.925582, 33.713178 ], [ -111.925581, 33.698714 ], [ -111.925583, 33.684215 ], [ -111.925572, 33.66983 ], [ -111.925563, 33.658371 ], [ -111.925562, 33.658113 ], [ -111.925545, 33.638175 ], [ -111.925816, 33.622759 ], [ -111.925933, 33.61125 ], [ -111.926048, 33.596793 ], [ -111.934644, 33.59684 ], [ -111.934585, 33.600383 ], [ -111.938967, 33.600406 ], [ -111.938966, 33.596766 ], [ -111.94331, 33.596784 ], [ -111.952094, 33.596975 ], [ -111.952106, 33.589604 ], [ -111.943425, 33.589386 ], [ -111.943539, 33.582087 ], [ -111.943522, 33.574824 ], [ -111.926204, 33.574868 ], [ -111.926127, 33.567472 ], [ -111.926091, 33.551658 ], [ -111.925919, 33.54598 ], [ -111.925865, 33.5387 ], [ -111.927928, 33.538664 ], [ -111.927887, 33.531404 ], [ -111.928074, 33.5241 ], [ -111.928214, 33.516816 ], [ -111.926001, 33.516855 ], [ -111.91702, 33.516766 ], [ -111.917141, 33.516177 ], [ -111.91957, 33.515833 ], [ -111.919592, 33.5131 ], [ -111.92604, 33.513163 ], [ -111.926044, 33.511797 ], [ -111.930368, 33.511721 ], [ -111.930394, 33.50948 ], [ -111.932542, 33.509443 ], [ -111.932512, 33.512554 ], [ -111.934643, 33.512496 ], [ -111.93468, 33.509484 ], [ -111.936843, 33.509455 ], [ -111.93681, 33.512971 ], [ -111.938915, 33.512936 ], [ -111.938964, 33.509306 ], [ -111.938962, 33.508858 ], [ -111.940606, 33.507895 ], [ -111.940028, 33.502817 ], [ -111.942284, 33.502785 ], [ -111.942291, 33.505351 ], [ -111.94328, 33.505352 ], [ -111.943298, 33.502034 ], [ -111.943292, 33.490748 ], [ -111.948514, 33.49024 ], [ -111.951967, 33.490718 ], [ -111.951968, 33.490532 ], [ -111.952006, 33.487521 ], [ -111.949855, 33.487436 ], [ -111.949022, 33.482611 ], [ -111.951949, 33.481499 ], [ -111.953379, 33.481986 ], [ -111.957217, 33.480061 ], [ -111.960935, 33.480021 ], [ -111.960961, 33.478209 ], [ -111.96097, 33.472747 ] ], [ [ -111.939013, 33.499333 ], [ -111.936811, 33.499349 ], [ -111.93682, 33.498458 ], [ -111.934702, 33.498482 ], [ -111.9347, 33.498015 ], [ -111.935354, 33.498013 ], [ -111.935355, 33.496608 ], [ -111.937416, 33.496587 ], [ -111.937414, 33.49845 ], [ -111.939004, 33.498427 ], [ -111.939013, 33.499333 ] ], [ [ -111.921354, 33.531384 ], [ -111.920452, 33.530439 ], [ -111.920504, 33.527685 ], [ -111.917534, 33.527649 ], [ -111.92157, 33.526828 ], [ -111.921354, 33.531384 ] ], [ [ -111.918163, 33.511498 ], [ -111.917536, 33.512847 ], [ -111.917545, 33.511494 ], [ -111.918163, 33.511498 ] ] ] } },
{ "type": "Feature", "properties": { "GEOID": "0454050", "NAME": "Peoria city, Arizona", "population": 200881.0 }, "geometry": { "type": "Polygon", "coordinates": [ [ [ -112.447088, 33.807344 ], [ -112.447027, 33.794604 ], [ -112.447045, 33.785472 ], [ -112.447048, 33.782202 ], [ -112.439181, 33.782212 ], [ -112.424943, 33.782181 ], [ -112.423561, 33.782122 ], [ -112.421088, 33.782117 ], [ -112.412475, 33.782112 ], [ -112.412279, 33.78211 ], [ -112.394843, 33.782119 ], [ -112.394802, 33.780015 ], [ -112.394755, 33.769177 ], [ -112.394754, 33.767544 ], [ -112.39475, 33.763672 ], [ -112.394746, 33.760323 ], [ -112.394744, 33.757241 ], [ -112.39474, 33.753049 ], [ -112.394633, 33.753049 ], [ -112.386996, 33.75313 ], [ -112.385463, 33.753065 ], [ -112.366128, 33.753041 ], [ -112.360188, 33.753034 ], [ -112.360015, 33.753034 ], [ -112.360027, 33.738525 ], [ -112.351327, 33.73851 ], [ -112.351328, 33.731273 ], [ -112.342659, 33.731281 ], [ -112.342683, 33.724868 ], [ -112.342641, 33.720902 ], [ -112.335938, 33.723712 ], [ -112.333545, 33.72386 ], [ -112.330116, 33.723445 ], [ -112.329555, 33.723612 ], [ -112.328458, 33.724915 ], [ -112.328312, 33.724921 ], [ -112.322092, 33.724927 ], [ -112.321076, 33.724929 ], [ -112.312943, 33.72494 ], [ -112.31105, 33.724946 ], [ -112.309392, 33.724941 ], [ -112.308781, 33.72494 ], [ -112.30577, 33.724944 ], [ -112.297988, 33.724942 ], [ -112.295198, 33.72977 ], [ -112.295185, 33.739646 ], [ -112.294881, 33.747011 ], [ -112.290533, 33.747071 ], [ -112.290511, 33.750698 ], [ -112.286217, 33.750658 ], [ -112.286121, 33.754357 ], [ -112.287113, 33.755182 ], [ -112.284223, 33.759142 ], [ -112.286123, 33.761612 ], [ -112.286132, 33.765392 ], [ -112.286124, 33.768914 ], [ -112.28178, 33.768845 ], [ -112.281835, 33.772329 ], [ -112.286278, 33.772396 ], [ -112.286249, 33.779576 ], [ -112.277158, 33.779519 ], [ -112.274797, 33.77956 ], [ -112.274742, 33.768462 ], [ -112.274751, 33.760975 ], [ -112.274855, 33.747817 ], [ -112.275273, 33.739601 ], [ -112.28184, 33.739656 ], [ -112.286501, 33.739684 ], [ -112.286515, 33.729888 ], [ -112.287341, 33.728679 ], [ -112.290831, 33.72865 ], [ -112.290756, 33.724939 ], [ -112.29473, 33.724941 ], [ -112.294593, 33.720566 ], [ -112.2944, 33.714314 ], [ -112.29971, 33.714249 ], [ -112.308048, 33.714114 ], [ -112.308048, 33.714252 ], [ -112.308971, 33.714064 ], [ -112.30954, 33.71406 ], [ -112.309535, 33.713255 ], [ -112.300049, 33.713232 ], [ -112.294367, 33.713255 ], [ -112.29429, 33.710816 ], [ -112.289828, 33.710422 ], [ -112.289743, 33.707212 ], [ -112.285486, 33.707177 ], [ -112.285562, 33.710756 ], [ -112.281124, 33.710653 ], [ -112.281285, 33.713009 ], [ -112.278308, 33.711955 ], [ -112.278254, 33.710639 ], [ -112.276867, 33.710636 ], [ -112.276772, 33.70352 ], [ -112.274643, 33.703502 ], [ -112.274156, 33.700741 ], [ -112.274591, 33.698067 ], [ -112.276703, 33.698084 ], [ -112.276714, 33.696689 ], [ -112.280955, 33.696273 ], [ -112.285326, 33.696394 ], [ -112.285356, 33.698634 ], [ -112.28716, 33.698164 ], [ -112.287167, 33.699154 ], [ -112.288052, 33.699164 ], [ -112.28866, 33.698162 ], [ -112.289606, 33.698169 ], [ -112.28962, 33.699659 ], [ -112.289671, 33.696203 ], [ -112.289684, 33.695606 ], [ -112.289665, 33.694532 ], [ -112.28967, 33.69271 ], [ -112.294155, 33.692667 ], [ -112.294403, 33.691876 ], [ -112.295493, 33.689629 ], [ -112.296552, 33.687213 ], [ -112.296694, 33.686853 ], [ -112.298094, 33.681492 ], [ -112.298517, 33.680419 ], [ -112.299022, 33.680676 ], [ -112.300823, 33.681596 ], [ -112.30162, 33.681584 ], [ -112.303074, 33.68015 ], [ -112.303052, 33.677927 ], [ -112.301476, 33.677949 ], [ -112.29987, 33.677971 ], [ -112.299551, 33.676385 ], [ -112.298616, 33.677028 ], [ -112.299346, 33.67432 ], [ -112.299759, 33.667125 ], [ -112.302936, 33.667022 ], [ -112.302841, 33.652448 ], [ -112.298537, 33.6525 ], [ -112.289898, 33.652593 ], [ -112.289784, 33.652597 ], [ -112.289884, 33.667239 ], [ -112.279986, 33.667228 ], [ -112.272543, 33.667143 ], [ -112.272384, 33.652629 ], [ -112.268118, 33.652618 ], [ -112.259308, 33.652623 ], [ -112.259365, 33.638037 ], [ -112.255005, 33.637956 ], [ -112.254846, 33.624254 ], [ -112.25702, 33.62409 ], [ -112.257084, 33.609679 ], [ -112.263759, 33.609486 ], [ -112.263878, 33.594991 ], [ -112.263853, 33.587728 ], [ -112.27248, 33.587342 ], [ -112.272481, 33.580328 ], [ -112.27248, 33.573497 ], [ -112.272492, 33.566968 ], [ -112.272492, 33.566919 ], [ -112.272459, 33.56578 ], [ -112.272481, 33.565619 ], [ -112.274262, 33.56568 ], [ -112.276136, 33.565649 ], [ -112.281143, 33.565613 ], [ -112.284101, 33.565582 ], [ -112.289795, 33.565629 ], [ -112.298505, 33.565541 ], [ -112.300217, 33.565504 ], [ -112.30692, 33.565377 ], [ -112.306795, 33.552751 ], [ -112.306758, 33.550823 ], [ -112.306762, 33.550728 ], [ -112.289717, 33.550947 ], [ -112.266901, 33.551389 ], [ -112.266536, 33.551397 ], [ -112.266432, 33.551494 ], [ -112.255003, 33.551747 ], [ -112.246409, 33.551935 ], [ -112.23779, 33.551969 ], [ -112.23779, 33.551917 ], [ -112.220299, 33.552332 ], [ -112.211747, 33.552581 ], [ -112.211431, 33.552588 ], [ -112.211657, 33.554071 ], [ -112.211717, 33.555625 ], [ -112.211674, 33.560185 ], [ -112.211602, 33.566855 ], [ -112.211603, 33.567096 ], [ -112.207272, 33.567102 ], [ -112.203165, 33.567154 ], [ -112.203016, 33.57118 ], [ -112.203013, 33.574461 ], [ -112.202942, 33.581695 ], [ -112.20289, 33.587493 ], [ -112.20288, 33.588974 ], [ -112.20285, 33.596213 ], [ -112.202645, 33.606302 ], [ -112.202622, 33.610607 ], [ -112.202562, 33.614183 ], [ -112.202675, 33.614183 ], [ -112.206902, 33.614134 ], [ -112.206915, 33.617869 ], [ -112.207984, 33.61782 ], [ -112.207995, 33.619533 ], [ -112.211145, 33.619523 ], [ -112.211234, 33.61409 ], [ -112.215553, 33.614608 ], [ -112.215636, 33.615832 ], [ -112.217836, 33.615804 ], [ -112.217134, 33.613152 ], [ -112.219932, 33.61398 ], [ -112.219907, 33.617629 ], [ -112.219906, 33.619399 ], [ -112.218896, 33.619411 ], [ -112.218903, 33.617646 ], [ -112.215627, 33.617693 ], [ -112.215624, 33.624851 ], [ -112.214747, 33.624811 ], [ -112.213789, 33.624816 ], [ -112.213787, 33.626368 ], [ -112.215624, 33.628222 ], [ -112.215549, 33.62841 ], [ -112.215556, 33.630522 ], [ -112.218049, 33.632686 ], [ -112.217797, 33.634675 ], [ -112.21578, 33.63568 ], [ -112.215937, 33.638048 ], [ -112.220252, 33.638014 ], [ -112.228961, 33.637945 ], [ -112.23343, 33.637948 ], [ -112.237827, 33.638081 ], [ -112.237825, 33.638157 ], [ -112.237834, 33.639672 ], [ -112.240059, 33.638521 ], [ -112.23783, 33.641902 ], [ -112.237795, 33.652535 ], [ -112.237667, 33.652534 ], [ -112.236586, 33.65272 ], [ -112.236271, 33.656326 ], [ -112.235557, 33.65993 ], [ -112.232806, 33.66327 ], [ -112.230851, 33.666393 ], [ -112.224713, 33.677178 ], [ -112.223601, 33.67805 ], [ -112.222442, 33.681582 ], [ -112.220441, 33.681707 ], [ -112.220481, 33.687923 ], [ -112.220475, 33.688086 ], [ -112.220535, 33.696194 ], [ -112.220275, 33.696256 ], [ -112.220276, 33.696294 ], [ -112.218864, 33.696272 ], [ -112.203065, 33.696276 ], [ -112.202879, 33.697724 ], [ -112.202922, 33.712041 ], [ -112.20332, 33.712293 ], [ -112.20334, 33.718071 ], [ -112.203437, 33.725037 ], [ -112.203535, 33.739498 ], [ -112.203406, 33.748551 ], [ -112.203569, 33.749354 ], [ -112.203547, 33.751338 ], [ -112.20354, 33.7519 ], [ -112.203565, 33.761303 ], [ -112.214306, 33.761348 ], [ -112.217305, 33.764501 ], [ -112.220994, 33.771205 ], [ -112.226544, 33.773554 ], [ -112.225252, 33.775041 ], [ -112.225083, 33.777916 ], [ -112.224449, 33.778906 ], [ -112.221666, 33.783712 ], [ -112.220096, 33.788674 ], [ -112.220219, 33.791906 ], [ -112.219116, 33.793387 ], [ -112.219243, 33.797668 ], [ -112.219601, 33.800517 ], [ -112.217716, 33.804751 ], [ -112.222008, 33.804978 ], [ -112.233824, 33.805258 ], [ -112.233885, 33.808815 ], [ -112.23823, 33.808824 ], [ -112.238428, 33.812383 ], [ -112.239216, 33.812378 ], [ -112.239597, 33.812385 ], [ -112.252688, 33.826884 ], [ -112.235775, 33.826815 ], [ -112.235572, 33.827617 ], [ -112.23555, 33.827705 ], [ -112.23547, 33.828021 ], [ -112.23214, 33.841472 ], [ -112.230774, 33.842971 ], [ -112.228365, 33.843016 ], [ -112.220941, 33.840083 ], [ -112.220988, 33.873984 ], [ -112.220984, 33.874339 ], [ -112.221088, 33.899252 ], [ -112.264364, 33.899204 ], [ -112.261625, 33.902329 ], [ -112.260666, 33.903977 ], [ -112.258899, 33.905043 ], [ -112.255636, 33.905427 ], [ -112.2553, 33.957137 ], [ -112.289244, 33.95673 ], [ -112.307579, 33.957075 ], [ -112.307597, 33.955298 ], [ -112.325075, 33.955089 ], [ -112.324781, 33.940645 ], [ -112.343054, 33.940963 ], [ -112.342971, 33.911932 ], [ -112.341876, 33.898958 ], [ -112.341741, 33.897349 ], [ -112.34267, 33.897334 ], [ -112.342593, 33.83589 ], [ -112.347511, 33.835721 ], [ -112.354737, 33.834458 ], [ -112.359634, 33.832855 ], [ -112.363926, 33.83086 ], [ -112.370292, 33.827292 ], [ -112.373017, 33.826081 ], [ -112.377471, 33.824999 ], [ -112.377389, 33.883574 ], [ -112.429568, 33.883663 ], [ -112.42971, 33.869554 ], [ -112.429642, 33.854536 ], [ -112.429747, 33.829038 ], [ -112.44706, 33.83217 ], [ -112.447081, 33.828358 ], [ -112.447075, 33.810984 ], [ -112.447088, 33.807344 ] ], [ [ -112.281688, 33.724603 ], [ -112.281586, 33.724639 ], [ -112.281483, 33.724673 ], [ -112.281378, 33.724703 ], [ -112.281366, 33.724706 ], [ -112.281342, 33.724713 ], [ -112.281294, 33.724725 ], [ -112.281282, 33.724728 ], [ -112.281173, 33.724752 ], [ -112.281063, 33.724773 ], [ -112.281038, 33.724777 ], [ -112.281026, 33.724779 ], [ -112.281007, 33.724782 ], [ -112.280995, 33.724784 ], [ -112.280905, 33.724797 ], [ -112.280815, 33.724807 ], [ -112.280803, 33.724809 ], [ -112.280678, 33.724819 ], [ -112.280536, 33.72483 ], [ -112.279518, 33.724824 ], [ -112.279514, 33.724681 ], [ -112.279472, 33.723187 ], [ -112.279467, 33.723017 ], [ -112.277831, 33.723014 ], [ -112.277889, 33.724823 ], [ -112.277362, 33.724822 ], [ -112.27673, 33.724828 ], [ -112.276194, 33.724834 ], [ -112.275205, 33.724845 ], [ -112.275169, 33.724845 ], [ -112.275043, 33.724844 ], [ -112.274679, 33.724842 ], [ -112.274596, 33.721423 ], [ -112.275035, 33.721417 ], [ -112.275008, 33.718497 ], [ -112.275005, 33.717856 ], [ -112.277054, 33.717858 ], [ -112.279308, 33.717884 ], [ -112.279686, 33.717866 ], [ -112.280497, 33.717869 ], [ -112.281457, 33.717869 ], [ -112.28145, 33.717782 ], [ -112.28133, 33.714272 ], [ -112.281329, 33.714259 ], [ -112.281394, 33.714258 ], [ -112.281492, 33.717535 ], [ -112.281502, 33.71749 ], [ -112.281517, 33.717929 ], [ -112.28146, 33.71793 ], [ -112.281598, 33.721598 ], [ -112.281604, 33.721771 ], [ -112.281646, 33.72297 ], [ -112.281651, 33.723166 ], [ -112.281686, 33.724482 ], [ -112.281688, 33.724603 ] ], [ [ -112.272481, 33.565592 ], [ -112.268142, 33.565734 ], [ -112.268123, 33.558749 ], [ -112.272532, 33.558562 ], [ -112.272481, 33.565592 ] ], [ [ -112.271839, 33.698908 ], [ -112.270863, 33.699884 ], [ -112.272203, 33.700556 ], [ -112.272213, 33.70348 ], [ -112.259376, 33.703566 ], [ -112.259331, 33.705456 ], [ -112.254965, 33.70549 ], [ -112.250737, 33.705463 ], [ -112.250656, 33.703471 ], [ -112.244146, 33.703467 ], [ -112.244136, 33.704962 ], [ -112.241964, 33.705319 ], [ -112.242, 33.703562 ], [ -112.237766, 33.70354 ], [ -112.237816, 33.698041 ], [ -112.238816, 33.697141 ], [ -112.240379, 33.697151 ], [ -112.240388, 33.696232 ], [ -112.237917, 33.696241 ], [ -112.239872, 33.696076 ], [ -112.239868, 33.694414 ], [ -112.237855, 33.694392 ], [ -112.23783, 33.688872 ], [ -112.246553, 33.689004 ], [ -112.246558, 33.685335 ], [ -112.242185, 33.685277 ], [ -112.242144, 33.682537 ], [ -112.243181, 33.681779 ], [ -112.254715, 33.681923 ], [ -112.25484, 33.689018 ], [ -112.250745, 33.688994 ], [ -112.250684, 33.692595 ], [ -112.246386, 33.692572 ], [ -112.246426, 33.696094 ], [ -112.250732, 33.696105 ], [ -112.254045, 33.696117 ], [ -112.254855, 33.69625 ], [ -112.253451, 33.696419 ], [ -112.255089, 33.697485 ], [ -112.25506, 33.696244 ], [ -112.263774, 33.696234 ], [ -112.272241, 33.696199 ], [ -112.271839, 33.698908 ] ], [ [ -112.242084, 33.556481 ], [ -112.237829, 33.557012 ], [ -112.237792, 33.552175 ], [ -112.237981, 33.55421 ], [ -112.239755, 33.554494 ], [ -112.242161, 33.552616 ], [ -112.242084, 33.556481 ] ], [ [ -112.237818, 33.558337 ], [ -112.236154, 33.558377 ], [ -112.236158, 33.557923 ], [ -112.235625, 33.557935 ], [ -112.235628, 33.557486 ], [ -112.237825, 33.557433 ], [ -112.237818, 33.558337 ] ], [ [ -112.237538, 33.692569 ], [ -112.229057, 33.69261 ], [ -112.229065, 33.689001 ], [ -112.23591, 33.688964 ], [ -112.237508, 33.689826 ], [ -112.237538, 33.692569 ] ], [ [ -112.237297, 33.620772 ], [ -112.233104, 33.620872 ], [ -112.228677, 33.62095 ], [ -112.228737, 33.619882 ], [ -112.220008, 33.620083 ], [ -112.220018, 33.617628 ], [ -112.220132, 33.617627 ], [ -112.228758, 33.617339 ], [ -112.228757, 33.617399 ], [ -112.233132, 33.617308 ], [ -112.233138, 33.616267 ], [ -112.237404, 33.616173 ], [ -112.237297, 33.620772 ] ], [ [ -112.222556, 33.554171 ], [ -112.220497, 33.554223 ], [ -112.220447, 33.552589 ], [ -112.221378, 33.55257 ], [ -112.222555, 33.552557 ], [ -112.222556, 33.554171 ] ], [ [ -112.215668, 33.612981 ], [ -112.214559, 33.612859 ], [ -112.214554, 33.613406 ], [ -112.213536, 33.613428 ], [ -112.21352, 33.610449 ], [ -112.215691, 33.610416 ], [ -112.215668, 33.612981 ] ] ] } },
{ "type": "Feature", "properties": { "GEOID": "0473000", "NAME": "Tempe city, Arizona", "population": 190571.0 }, "geometry": { "type": "Polygon", "coordinates": [ [ [ -111.97848, 33.434583 ], [ -111.978369, 33.421899 ], [ -111.97831, 33.411025 ], [ -111.978312, 33.410762 ], [ -111.978259, 33.408234 ], [ -111.978388, 33.407328 ], [ -111.978413, 33.400048 ], [ -111.978426, 33.39278 ], [ -111.978197, 33.392664 ], [ -111.978238, 33.387408 ], [ -111.978245, 33.386445 ], [ -111.978246, 33.386425 ], [ -111.97818, 33.378186 ], [ -111.978144, 33.376768 ], [ -111.97044, 33.377491 ], [ -111.96878, 33.377282 ], [ -111.968124, 33.377163 ], [ -111.967377, 33.377031 ], [ -111.967377, 33.377017 ], [ -111.967149, 33.376975 ], [ -111.967145, 33.37701 ], [ -111.967142, 33.378077 ], [ -111.963403, 33.378093 ], [ -111.963166, 33.37543 ], [ -111.960609, 33.37301 ], [ -111.957393, 33.367831 ], [ -111.956707, 33.363683 ], [ -111.9565, 33.35797 ], [ -111.957004, 33.356457 ], [ -111.962974, 33.35643 ], [ -111.962973, 33.357015 ], [ -111.963152, 33.35995 ], [ -111.963149, 33.360048 ], [ -111.970066, 33.360009 ], [ -111.970114, 33.359844 ], [ -111.971141, 33.355931 ], [ -111.971879, 33.352453 ], [ -111.973155, 33.349363 ], [ -111.973155, 33.34906 ], [ -111.972621, 33.346225 ], [ -111.972694, 33.334365 ], [ -111.972734, 33.32736 ], [ -111.972735, 33.327084 ], [ -111.972233, 33.327066 ], [ -111.96328, 33.327124 ], [ -111.963081, 33.32004 ], [ -111.955768, 33.320083 ], [ -111.952975, 33.327265 ], [ -111.950594, 33.334436 ], [ -111.952646, 33.327264 ], [ -111.950491, 33.327176 ], [ -111.94579, 33.327195 ], [ -111.945571, 33.323568 ], [ -111.941023, 33.323633 ], [ -111.936995, 33.323288 ], [ -111.936964, 33.320117 ], [ -111.934258, 33.320119 ], [ -111.928158, 33.320128 ], [ -111.928011, 33.322473 ], [ -111.928026, 33.323674 ], [ -111.919682, 33.323677 ], [ -111.919713, 33.327351 ], [ -111.911148, 33.327355 ], [ -111.893664, 33.327573 ], [ -111.893453, 33.334907 ], [ -111.893709, 33.345735 ], [ -111.893806, 33.349357 ], [ -111.893898, 33.356751 ], [ -111.894544, 33.356735 ], [ -111.89407, 33.363844 ], [ -111.893698, 33.371178 ], [ -111.893716, 33.371688 ], [ -111.893247, 33.378466 ], [ -111.892795, 33.38015 ], [ -111.8923, 33.381365 ], [ -111.891998, 33.381673 ], [ -111.88684, 33.384625 ], [ -111.881945, 33.385686 ], [ -111.881025, 33.386019 ], [ -111.879796, 33.387599 ], [ -111.88012, 33.39305 ], [ -111.88458, 33.399245 ], [ -111.884981, 33.399974 ], [ -111.88621, 33.402265 ], [ -111.88836, 33.407522 ], [ -111.888933, 33.409709 ], [ -111.888255, 33.411138 ], [ -111.887542, 33.412056 ], [ -111.884668, 33.414811 ], [ -111.882078, 33.417394 ], [ -111.878568, 33.420048 ], [ -111.877226, 33.422134 ], [ -111.882999, 33.422111 ], [ -111.882926, 33.425714 ], [ -111.882864, 33.426302 ], [ -111.882803, 33.429353 ], [ -111.891181, 33.429358 ], [ -111.891811, 33.42935 ], [ -111.891886, 33.433037 ], [ -111.89411, 33.433031 ], [ -111.897891, 33.435114 ], [ -111.905093, 33.434517 ], [ -111.90524, 33.436762 ], [ -111.909647, 33.436755 ], [ -111.909279, 33.451281 ], [ -111.915753, 33.451265 ], [ -111.915769, 33.447632 ], [ -111.917923, 33.447629 ], [ -111.917909, 33.451259 ], [ -111.926461, 33.451245 ], [ -111.926427, 33.453425 ], [ -111.926344, 33.458502 ], [ -111.935007, 33.458371 ], [ -111.939407, 33.458306 ], [ -111.939338, 33.461918 ], [ -111.939339, 33.464602 ], [ -111.941638, 33.461463 ], [ -111.942052, 33.456838 ], [ -111.94325, 33.454949 ], [ -111.942057, 33.452335 ], [ -111.940654, 33.451002 ], [ -111.940095, 33.449867 ], [ -111.941466, 33.447356 ], [ -111.950934, 33.447332 ], [ -111.952079, 33.448487 ], [ -111.954636, 33.444526 ], [ -111.954665, 33.448106 ], [ -111.956224, 33.448768 ], [ -111.961012, 33.448897 ], [ -111.961305, 33.43797 ], [ -111.961308, 33.437756 ], [ -111.961327, 33.43689 ], [ -111.961345, 33.436175 ], [ -111.969753, 33.4365 ], [ -111.978498, 33.436525 ], [ -111.97848, 33.434583 ] ], [ [ -111.971736, 33.343314 ], [ -111.968491, 33.343341 ], [ -111.968475, 33.341767 ], [ -111.969545, 33.341765 ], [ -111.971699, 33.341761 ], [ -111.971736, 33.343314 ] ], [ [ -111.963099, 33.330336 ], [ -111.959594, 33.330347 ], [ -111.959594, 33.329813 ], [ -111.958742, 33.32878 ], [ -111.963102, 33.328768 ], [ -111.963099, 33.330336 ] ], [ [ -111.943118, 33.375878 ], [ -111.941486, 33.373624 ], [ -111.939556, 33.369844 ], [ -111.943112, 33.369842 ], [ -111.943118, 33.375878 ] ], [ [ -111.925805, 33.4403 ], [ -111.919208, 33.440412 ], [ -111.920537, 33.438774 ], [ -111.920536, 33.436759 ], [ -111.922201, 33.436195 ], [ -111.922195, 33.435616 ], [ -111.922944, 33.435614 ], [ -111.922943, 33.436199 ], [ -111.926049, 33.436206 ], [ -111.925805, 33.4403 ] ] ] } },
{ "type": "Feature", "properties": { "GEOID": "0471510", "NAME": "Surprise city, Arizona", "population": 175304.0 }, "geometry": { "type": "Polygon", "coordinates": [ [ [ -112.608509, 33.660775 ], [ -112.608508, 33.660628 ], [ -112.529049, 33.660738 ], [ -112.525331, 33.660455 ], [ -112.520375, 33.659649 ], [ -112.513184, 33.657495 ], [ -112.505811, 33.653844 ], [ -112.498306, 33.648279 ], [ -112.489472, 33.641443 ], [ -112.486444, 33.639897 ], [ -112.482796, 33.638825 ], [ -112.478714, 33.638449 ], [ -112.46033, 33.638445 ], [ -112.460388, 33.638294 ], [ -112.463097, 33.631282 ], [ -112.462973, 33.617052 ], [ -112.464269, 33.609607 ], [ -112.461655, 33.609605 ], [ -112.461623, 33.604995 ], [ -112.461586, 33.595132 ], [ -112.46778, 33.595169 ], [ -112.470073, 33.590158 ], [ -112.470092, 33.580664 ], [ -112.451929, 33.580583 ], [ -112.444247, 33.580586 ], [ -112.426897, 33.580733 ], [ -112.418337, 33.580734 ], [ -112.409617, 33.580732 ], [ -112.409617, 33.58065 ], [ -112.393676, 33.580469 ], [ -112.393677, 33.580564 ], [ -112.376364, 33.580339 ], [ -112.359036, 33.580224 ], [ -112.350515, 33.580157 ], [ -112.341894, 33.580164 ], [ -112.341986, 33.587297 ], [ -112.341979, 33.591938 ], [ -112.341955, 33.593633 ], [ -112.342013, 33.594557 ], [ -112.342009, 33.601812 ], [ -112.342062, 33.609079 ], [ -112.342066, 33.609222 ], [ -112.342178, 33.616311 ], [ -112.342203, 33.620439 ], [ -112.342175, 33.623563 ], [ -112.342063, 33.623562 ], [ -112.330815, 33.623595 ], [ -112.330419, 33.62359 ], [ -112.330283, 33.623581 ], [ -112.329533, 33.623518 ], [ -112.329086, 33.623505 ], [ -112.324814, 33.623477 ], [ -112.324785, 33.630782 ], [ -112.312074, 33.630724 ], [ -112.309963, 33.630703 ], [ -112.307664, 33.630683 ], [ -112.307572, 33.631448 ], [ -112.307683, 33.638536 ], [ -112.305013, 33.638487 ], [ -112.3022, 33.638343 ], [ -112.301499, 33.638319 ], [ -112.301002, 33.645215 ], [ -112.298492, 33.645223 ], [ -112.298498, 33.645699 ], [ -112.298537, 33.6525 ], [ -112.302841, 33.652448 ], [ -112.307808, 33.652325 ], [ -112.307718, 33.666169 ], [ -112.307754, 33.667707 ], [ -112.311701, 33.667691 ], [ -112.312086, 33.667265 ], [ -112.312051, 33.642482 ], [ -112.313609, 33.642485 ], [ -112.315974, 33.642309 ], [ -112.317327, 33.642305 ], [ -112.317291, 33.638711 ], [ -112.324721, 33.638742 ], [ -112.324777, 33.638742 ], [ -112.329132, 33.638619 ], [ -112.334325, 33.638576 ], [ -112.334517, 33.638573 ], [ -112.334678, 33.638572 ], [ -112.339413, 33.638725 ], [ -112.342013, 33.643359 ], [ -112.347124, 33.643431 ], [ -112.355486, 33.645944 ], [ -112.356764, 33.64483 ], [ -112.34916, 33.638722 ], [ -112.342076, 33.633131 ], [ -112.342081, 33.632808 ], [ -112.342085, 33.632686 ], [ -112.34861, 33.637649 ], [ -112.349785, 33.638721 ], [ -112.357266, 33.644415 ], [ -112.37209, 33.656044 ], [ -112.373297, 33.657131 ], [ -112.382085, 33.663859 ], [ -112.390349, 33.669742 ], [ -112.394913, 33.673817 ], [ -112.403721, 33.68072 ], [ -112.405755, 33.682276 ], [ -112.409137, 33.68493 ], [ -112.409138, 33.687296 ], [ -112.409135, 33.689489 ], [ -112.404365, 33.689478 ], [ -112.398615, 33.694974 ], [ -112.405247, 33.694921 ], [ -112.405236, 33.693101 ], [ -112.407403, 33.693105 ], [ -112.407409, 33.694131 ], [ -112.409129, 33.694134 ], [ -112.409123, 33.69674 ], [ -112.396591, 33.69671 ], [ -112.39636, 33.696034 ], [ -112.400113, 33.69309 ], [ -112.398737, 33.693091 ], [ -112.398731, 33.69198 ], [ -112.400293, 33.690886 ], [ -112.39974, 33.690336 ], [ -112.394399, 33.692712 ], [ -112.394447, 33.689207 ], [ -112.394441, 33.688983 ], [ -112.394423, 33.688318 ], [ -112.390347, 33.691591 ], [ -112.374362, 33.69552 ], [ -112.371122, 33.695689 ], [ -112.363337, 33.695658 ], [ -112.359899, 33.694383 ], [ -112.359905, 33.695587 ], [ -112.359906, 33.696165 ], [ -112.359907, 33.696655 ], [ -112.35999, 33.711079 ], [ -112.359611, 33.711496 ], [ -112.355135, 33.712908 ], [ -112.351392, 33.715066 ], [ -112.351438, 33.718493 ], [ -112.35992, 33.718471 ], [ -112.360076, 33.722006 ], [ -112.351474, 33.722085 ], [ -112.351515, 33.724847 ], [ -112.360202, 33.724825 ], [ -112.377334, 33.724773 ], [ -112.377341, 33.726207 ], [ -112.380149, 33.726186 ], [ -112.380129, 33.724803 ], [ -112.386006, 33.7247 ], [ -112.385994, 33.722102 ], [ -112.381693, 33.722051 ], [ -112.381653, 33.716641 ], [ -112.391262, 33.716647 ], [ -112.391267, 33.718511 ], [ -112.403245, 33.71845 ], [ -112.403257, 33.72026 ], [ -112.405421, 33.720258 ], [ -112.405411, 33.718448 ], [ -112.407574, 33.718445 ], [ -112.407603, 33.722066 ], [ -112.409084, 33.722079 ], [ -112.409098, 33.724714 ], [ -112.394812, 33.72486 ], [ -112.39474, 33.738473 ], [ -112.394687, 33.738609 ], [ -112.394698, 33.740404 ], [ -112.394539, 33.741507 ], [ -112.394633, 33.753049 ], [ -112.39474, 33.753049 ], [ -112.394744, 33.757241 ], [ -112.394746, 33.760323 ], [ -112.394825, 33.760326 ], [ -112.403434, 33.760347 ], [ -112.403441, 33.765319 ], [ -112.399912, 33.766331 ], [ -112.403443, 33.766336 ], [ -112.40345, 33.767546 ], [ -112.394868, 33.767544 ], [ -112.394754, 33.767544 ], [ -112.394755, 33.769177 ], [ -112.394802, 33.780015 ], [ -112.394843, 33.782119 ], [ -112.412279, 33.78211 ], [ -112.412282, 33.780953 ], [ -112.412202, 33.767572 ], [ -112.412235, 33.760365 ], [ -112.420955, 33.760401 ], [ -112.420967, 33.758131 ], [ -112.412253, 33.758719 ], [ -112.412237, 33.753126 ], [ -112.446975, 33.752973 ], [ -112.447102, 33.742363 ], [ -112.446905, 33.738564 ], [ -112.464427, 33.753139 ], [ -112.464412, 33.758608 ], [ -112.460046, 33.758638 ], [ -112.460049, 33.764049 ], [ -112.464404, 33.764053 ], [ -112.464414, 33.767721 ], [ -112.473102, 33.767738 ], [ -112.473075, 33.774936 ], [ -112.481895, 33.77494 ], [ -112.481831, 33.782258 ], [ -112.464473, 33.78223 ], [ -112.464414, 33.774933 ], [ -112.455748, 33.774902 ], [ -112.45571, 33.782218 ], [ -112.4557, 33.789438 ], [ -112.459991, 33.789456 ], [ -112.459918, 33.793017 ], [ -112.455601, 33.793017 ], [ -112.455719, 33.811181 ], [ -112.464417, 33.811196 ], [ -112.464348, 33.825708 ], [ -112.481839, 33.825591 ], [ -112.481834, 33.818511 ], [ -112.479646, 33.818455 ], [ -112.479637, 33.814852 ], [ -112.481859, 33.814853 ], [ -112.481779, 33.811211 ], [ -112.49926, 33.811216 ], [ -112.499147, 33.818321 ], [ -112.50021, 33.818495 ], [ -112.510064, 33.818509 ], [ -112.510072, 33.814851 ], [ -112.516171, 33.814866 ], [ -112.516176, 33.796781 ], [ -112.520569, 33.796715 ], [ -112.520498, 33.793091 ], [ -112.516177, 33.793088 ], [ -112.516182, 33.785926 ], [ -112.5131, 33.785311 ], [ -112.516184, 33.785319 ], [ -112.516191, 33.782221 ], [ -112.516195, 33.774072 ], [ -112.520537, 33.774061 ], [ -112.520538, 33.772694 ], [ -112.516492, 33.769546 ], [ -112.49543, 33.753113 ], [ -112.481797, 33.753167 ], [ -112.481871, 33.742332 ], [ -112.481769, 33.741161 ], [ -112.481754, 33.738554 ], [ -112.480061, 33.738554 ], [ -112.479583, 33.734997 ], [ -112.477399, 33.73503 ], [ -112.477393, 33.73111 ], [ -112.473069, 33.731107 ], [ -112.47305, 33.727751 ], [ -112.468966, 33.727741 ], [ -112.468741, 33.724277 ], [ -112.461339, 33.72435 ], [ -112.461303, 33.69996 ], [ -112.461121, 33.697357 ], [ -112.461261, 33.682294 ], [ -112.487166, 33.682287 ], [ -112.487354, 33.667675 ], [ -112.49702, 33.667732 ], [ -112.504692, 33.667764 ], [ -112.504666, 33.675266 ], [ -112.512985, 33.67531 ], [ -112.513013, 33.682371 ], [ -112.512991, 33.696923 ], [ -112.512926, 33.72413 ], [ -112.53, 33.724026 ], [ -112.530527, 33.724292 ], [ -112.524915, 33.727612 ], [ -112.524851, 33.727648 ], [ -112.524868, 33.731023 ], [ -112.527831, 33.728744 ], [ -112.533537, 33.731937 ], [ -112.533546, 33.725967 ], [ -112.541379, 33.725929 ], [ -112.542256, 33.726257 ], [ -112.542563, 33.724328 ], [ -112.55416, 33.724637 ], [ -112.563995, 33.723997 ], [ -112.564008, 33.738674 ], [ -112.568165, 33.738666 ], [ -112.568161, 33.724126 ], [ -112.577098, 33.724254 ], [ -112.582104, 33.724097 ], [ -112.582179, 33.723768 ], [ -112.582192, 33.696844 ], [ -112.607982, 33.696913 ], [ -112.608499, 33.696907 ], [ -112.608544, 33.687585 ], [ -112.608509, 33.660775 ] ], [ [ -112.487471, 33.664218 ], [ -112.461205, 33.664185 ], [ -112.461206, 33.660432 ], [ -112.48734, 33.660626 ], [ -112.487471, 33.664218 ] ], [ [ -112.459122, 33.613395 ], [ -112.457331, 33.616796 ], [ -112.457321, 33.616887 ], [ -112.444178, 33.616957 ], [ -112.444167, 33.616862 ], [ -112.44419, 33.609696 ], [ -112.448433, 33.609682 ], [ -112.448427, 33.608545 ], [ -112.452874, 33.608542 ], [ -112.452865, 33.609677 ], [ -112.459225, 33.609659 ], [ -112.459122, 33.613395 ] ], [ [ -112.433314, 33.616949 ], [ -112.426899, 33.616949 ], [ -112.426917, 33.611654 ], [ -112.429154, 33.609744 ], [ -112.433333, 33.609732 ], [ -112.433314, 33.616949 ] ], [ [ -112.429707, 33.738575 ], [ -112.429697, 33.738817 ], [ -112.412217, 33.73876 ], [ -112.412287, 33.724663 ], [ -112.420913, 33.72461 ], [ -112.420914, 33.726972 ], [ -112.424921, 33.731419 ], [ -112.429712, 33.731427 ], [ -112.429707, 33.738575 ] ] ] } },
{ "type": "Feature", "properties": { "GEOID": "0407940", "NAME": "Buckeye city, Arizona", "population": 125445.0 }, "geometry": { "type": "MultiPolygon", "coordinates": [ [ [ [ -112.477732, 33.37412 ], [ -112.471989, 33.37459 ], [ -112.469109, 33.375678 ], [ -112.469094, 33.377213 ], [ -112.46368, 33.377282 ], [ -112.472248, 33.37751 ], [ -112.477659, 33.377567 ], [ -112.477732, 33.37412 ] ] ], [ [ [ -112.478796, 33.426586 ], [ -112.47861, 33.42658 ], [ -112.477028, 33.42665 ], [ -112.477093, 33.428278 ], [ -112.478797, 33.428241 ], [ -112.478796, 33.426586 ] ] ], [ [ [ -112.486881, 33.377547 ], [ -112.485411, 33.377549 ], [ -112.485414, 33.378691 ], [ -112.483254, 33.379532 ], [ -112.483249, 33.381104 ], [ -112.4868, 33.381076 ], [ -112.487231, 33.3791 ], [ -112.486881, 33.377547 ] ] ], [ [ [ -112.496084, 33.410213 ], [ -112.491854, 33.410185 ], [ -112.491865, 33.406593 ], [ -112.482575, 33.406593 ], [ -112.482587, 33.410234 ], [ -112.487459, 33.410234 ], [ -112.487468, 33.413863 ], [ -112.496094, 33.413866 ], [ -112.496084, 33.410213 ] ] ], [ [ [ -112.504196, 33.395857 ], [ -112.478891, 33.398857 ], [ -112.478888, 33.406494 ], [ -112.495874, 33.406602 ], [ -112.496208, 33.406602 ], [ -112.504181, 33.406564 ], [ -112.504196, 33.395857 ] ] ], [ [ [ -112.508507, 33.377626 ], [ -112.504145, 33.377582 ], [ -112.504318, 33.379048 ], [ -112.504335, 33.383561 ], [ -112.508523, 33.383596 ], [ -112.508507, 33.377626 ] ] ], [ [ [ -112.511698, 33.359338 ], [ -112.504377, 33.359373 ], [ -112.504322, 33.359985 ], [ -112.504382, 33.360011 ], [ -112.5044, 33.359401 ], [ -112.511716, 33.359368 ], [ -112.511698, 33.359338 ] ] ], [ [ [ -112.512935, 33.413974 ], [ -112.504202, 33.41469 ], [ -112.496207, 33.414595 ], [ -112.49622, 33.421049 ], [ -112.504212, 33.42118 ], [ -112.504237, 33.428599 ], [ -112.50679, 33.428586 ], [ -112.509274, 33.427846 ], [ -112.512944, 33.426174 ], [ -112.512935, 33.413974 ] ] ], [ [ [ -112.521403, 33.389632 ], [ -112.514347, 33.390535 ], [ -112.50833, 33.391824 ], [ -112.496532, 33.393638 ], [ -112.492017, 33.396033 ], [ -112.489661, 33.395684 ], [ -112.478788, 33.395693 ], [ -112.478931, 33.397863 ], [ -112.471338, 33.398605 ], [ -112.466115, 33.398197 ], [ -112.461629, 33.397423 ], [ -112.461499, 33.391844 ], [ -112.478101, 33.392053 ], [ -112.478119, 33.394859 ], [ -112.476766, 33.394889 ], [ -112.476745, 33.396757 ], [ -112.478277, 33.395525 ], [ -112.47813, 33.392053 ], [ -112.478413, 33.388437 ], [ -112.482689, 33.388506 ], [ -112.482661, 33.384705 ], [ -112.478254, 33.384732 ], [ -112.478266, 33.388444 ], [ -112.469703, 33.388296 ], [ -112.469631, 33.391888 ], [ -112.461499, 33.391817 ], [ -112.461501, 33.388697 ], [ -112.46232, 33.388707 ], [ -112.462251, 33.377279 ], [ -112.463613, 33.377281 ], [ -112.462217, 33.377249 ], [ -112.462217, 33.377386 ], [ -112.458317, 33.377371 ], [ -112.45831, 33.373765 ], [ -112.461505, 33.369688 ], [ -112.46927, 33.359963 ], [ -112.474003, 33.360007 ], [ -112.474006, 33.359979 ], [ -112.469271, 33.359937 ], [ -112.466768, 33.362947 ], [ -112.46522, 33.364916 ], [ -112.463932, 33.366554 ], [ -112.461469, 33.369685 ], [ -112.458277, 33.373765 ], [ -112.458284, 33.377398 ], [ -112.461115, 33.377404 ], [ -112.462217, 33.377414 ], [ -112.461467, 33.388669 ], [ -112.461467, 33.406574 ], [ -112.461583, 33.406574 ], [ -112.461791, 33.413863 ], [ -112.461638, 33.417493 ], [ -112.470095, 33.417399 ], [ -112.470072, 33.42102 ], [ -112.461894, 33.421014 ], [ -112.46164, 33.424709 ], [ -112.478793, 33.424827 ], [ -112.478655, 33.408307 ], [ -112.47664, 33.408296 ], [ -112.476629, 33.406588 ], [ -112.470679, 33.406577 ], [ -112.470124, 33.402949 ], [ -112.461505, 33.402884 ], [ -112.461507, 33.39761 ], [ -112.465889, 33.398377 ], [ -112.471273, 33.398788 ], [ -112.478774, 33.398033 ], [ -112.478891, 33.398857 ], [ -112.491777, 33.396963 ], [ -112.491754, 33.396261 ], [ -112.496467, 33.393792 ], [ -112.511777, 33.391357 ], [ -112.517201, 33.390311 ], [ -112.517219, 33.392173 ], [ -112.52141, 33.391172 ], [ -112.521403, 33.389632 ] ] ], [ [ [ -112.53362, 33.420075 ], [ -112.530797, 33.420379 ], [ -112.53145, 33.420385 ], [ -112.531452, 33.42117 ], [ -112.533616, 33.421155 ], [ -112.53362, 33.420075 ] ] ], [ [ [ -112.538633, 33.377693 ], [ -112.530323, 33.377741 ], [ -112.525835, 33.377769 ], [ -112.525791, 33.388592 ], [ -112.52885, 33.388546 ], [ -112.530337, 33.388205 ], [ -112.5359, 33.386758 ], [ -112.538605, 33.385787 ], [ -112.538685, 33.378913 ], [ -112.538633, 33.377693 ] ], [ [ -112.538586, 33.384904 ], [ -112.538357, 33.384808 ], [ -112.537606, 33.384817 ], [ -112.537635, 33.382981 ], [ -112.53862, 33.382977 ], [ -112.538586, 33.384904 ] ] ], [ [ [ -112.552889, 33.377743 ], [ -112.547494, 33.377691 ], [ -112.547512, 33.379186 ], [ -112.546948, 33.377637 ], [ -112.538994, 33.377653 ], [ -112.538789, 33.385727 ], [ -112.547544, 33.382807 ], [ -112.547536, 33.381126 ], [ -112.552913, 33.381133 ], [ -112.552889, 33.377743 ] ] ], [ [ [ -112.567911, 33.377698 ], [ -112.565595, 33.377682 ], [ -112.565605, 33.378822 ], [ -112.56792, 33.378281 ], [ -112.567911, 33.377698 ] ] ], [ [ [ -112.594577, 33.37043 ], [ -112.593194, 33.37044 ], [ -112.593149, 33.373665 ], [ -112.593743, 33.373559 ], [ -112.593729, 33.372238 ], [ -112.594561, 33.372236 ], [ -112.594577, 33.37043 ] ] ], [ [ [ -112.622826, 33.368047 ], [ -112.619535, 33.368073 ], [ -112.619551, 33.370223 ], [ -112.621279, 33.369943 ], [ -112.622831, 33.369427 ], [ -112.622826, 33.368047 ] ] ], [ [ [ -112.624325, 33.351979 ], [ -112.6231, 33.351985 ], [ -112.623081, 33.354876 ], [ -112.622933, 33.355594 ], [ -112.62463, 33.355329 ], [ -112.624325, 33.351979 ] ] ], [ [ [ -112.641841, 33.227311 ], [ -112.633748, 33.227525 ], [ -112.633087, 33.227492 ], [ -112.633067, 33.228658 ], [ -112.640229, 33.228559 ], [ -112.640236, 33.227994 ], [ -112.641712, 33.227933 ], [ -112.641841, 33.227311 ] ] ], [ [ [ -112.659927, 33.355576 ], [ -112.651122, 33.355592 ], [ -112.651166, 33.348349 ], [ -112.642504, 33.348411 ], [ -112.642471, 33.35562 ], [ -112.633544, 33.355656 ], [ -112.627122, 33.355976 ], [ -112.627026, 33.368546 ], [ -112.627456, 33.369835 ], [ -112.633687, 33.369039 ], [ -112.637657, 33.368546 ], [ -112.64238, 33.367554 ], [ -112.651279, 33.366157 ], [ -112.659855, 33.365589 ], [ -112.659927, 33.355576 ] ] ], [ [ [ -112.675961, 33.370305 ], [ -112.668268, 33.370264 ], [ -112.668236, 33.371787 ], [ -112.675948, 33.371015 ], [ -112.675961, 33.370305 ] ] ], [ [ [ -112.677173, 33.399402 ], [ -112.668515, 33.399494 ], [ -112.668562, 33.392144 ], [ -112.661295, 33.39213 ], [ -112.659964, 33.392127 ], [ -112.659972, 33.39487 ], [ -112.663755, 33.395864 ], [ -112.663794, 33.399506 ], [ -112.642812, 33.399505 ], [ -112.642798, 33.404736 ], [ -112.648085, 33.404411 ], [ -112.662556, 33.406197 ], [ -112.666307, 33.407232 ], [ -112.677133, 33.409543 ], [ -112.677173, 33.399402 ] ] ], [ [ [ -112.681321, 33.738891 ], [ -112.65525, 33.73889 ], [ -112.655329, 33.782212 ], [ -112.655326, 33.811193 ], [ -112.664, 33.811212 ], [ -112.663966, 33.793134 ], [ -112.659647, 33.793127 ], [ -112.659627, 33.785803 ], [ -112.663975, 33.785798 ], [ -112.663985, 33.782215 ], [ -112.664033, 33.767671 ], [ -112.672701, 33.767685 ], [ -112.672695, 33.753149 ], [ -112.681336, 33.75317 ], [ -112.681321, 33.738891 ] ] ], [ [ [ -112.685587, 33.370669 ], [ -112.676905, 33.37149 ], [ -112.676878, 33.373149 ], [ -112.6812, 33.373156 ], [ -112.681129, 33.377504 ], [ -112.68542, 33.377508 ], [ -112.685587, 33.370669 ] ] ], [ [ [ -112.693219, 33.179305 ], [ -112.684727, 33.167221 ], [ -112.683112, 33.164804 ], [ -112.681185, 33.166106 ], [ -112.680242, 33.164573 ], [ -112.682453, 33.163606 ], [ -112.681732, 33.16005 ], [ -112.679652, 33.154489 ], [ -112.677968, 33.14922 ], [ -112.667407, 33.149305 ], [ -112.667337, 33.141978 ], [ -112.659088, 33.142068 ], [ -112.658767, 33.145785 ], [ -112.650312, 33.145835 ], [ -112.641421, 33.145722 ], [ -112.641379, 33.159984 ], [ -112.650775, 33.159921 ], [ -112.650442, 33.16524 ], [ -112.649883, 33.167217 ], [ -112.632786, 33.167285 ], [ -112.632813, 33.174444 ], [ -112.641461, 33.174412 ], [ -112.641444, 33.170819 ], [ -112.650039, 33.17073 ], [ -112.650235, 33.194566 ], [ -112.648783, 33.196157 ], [ -112.64968, 33.198371 ], [ -112.649708, 33.200708 ], [ -112.647878, 33.204382 ], [ -112.647155, 33.206958 ], [ -112.645208, 33.216585 ], [ -112.645646, 33.217125 ], [ -112.644563, 33.217636 ], [ -112.642881, 33.225774 ], [ -112.642675, 33.232153 ], [ -112.667775, 33.232424 ], [ -112.667678, 33.217908 ], [ -112.672075, 33.217902 ], [ -112.671952, 33.207067 ], [ -112.684709, 33.20702 ], [ -112.684925, 33.203234 ], [ -112.693562, 33.203302 ], [ -112.693219, 33.179305 ] ], [ [ -112.684784, 33.18912 ], [ -112.675308, 33.189752 ], [ -112.667537, 33.189157 ], [ -112.675968, 33.18969 ], [ -112.684788, 33.189003 ], [ -112.684784, 33.18912 ] ], [ [ -112.6676, 33.199703 ], [ -112.658976, 33.199628 ], [ -112.658931, 33.203318 ], [ -112.654657, 33.203189 ], [ -112.654608, 33.195981 ], [ -112.667656, 33.196019 ], [ -112.6676, 33.199703 ] ], [ [ -112.667546, 33.217908 ], [ -112.658993, 33.217935 ], [ -112.65895, 33.210603 ], [ -112.667658, 33.210694 ], [ -112.667683, 33.217835 ], [ -112.667678, 33.217908 ], [ -112.667546, 33.217908 ] ] ], [ [ [ -112.698634, 33.369249 ], [ -112.6942, 33.369718 ], [ -112.694183, 33.36983 ], [ -112.694171, 33.370307 ], [ -112.69864, 33.370296 ], [ -112.698634, 33.369249 ] ] ], [ [ [ -112.711639, 33.33392 ], [ -112.695068, 33.333769 ], [ -112.695073, 33.333357 ], [ -112.693925, 33.333352 ], [ -112.693926, 33.333763 ], [ -112.67722, 33.333785 ], [ -112.677253, 33.3267 ], [ -112.67718, 33.3267 ], [ -112.663792, 33.329869 ], [ -112.663763, 33.329905 ], [ -112.677112, 33.32673 ], [ -112.677186, 33.333813 ], [ -112.711639, 33.333948 ], [ -112.711639, 33.33392 ] ] ], [ [ [ -112.711881, 33.367944 ], [ -112.708766, 33.368251 ], [ -112.708775, 33.370378 ], [ -112.707324, 33.371258 ], [ -112.711883, 33.371252 ], [ -112.711881, 33.367944 ] ] ], [ [ [ -112.714211, 33.374753 ], [ -112.714052, 33.374141 ], [ -112.711881, 33.374169 ], [ -112.711883, 33.377437 ], [ -112.714216, 33.377445 ], [ -112.714211, 33.374753 ] ] ], [ [ [ -112.720515, 33.370316 ], [ -112.719216, 33.367283 ], [ -112.71577, 33.367573 ], [ -112.717336, 33.37089 ], [ -112.717351, 33.374454 ], [ -112.718423, 33.377443 ], [ -112.720503, 33.377447 ], [ -112.720515, 33.370316 ] ] ], [ [ [ -112.728629, 33.384932 ], [ -112.722753, 33.384529 ], [ -112.722689, 33.377752 ], [ -112.711885, 33.37774 ], [ -112.711933, 33.392086 ], [ -112.716302, 33.392093 ], [ -112.716289, 33.388515 ], [ -112.724956, 33.388519 ], [ -112.724991, 33.391966 ], [ -112.729232, 33.391973 ], [ -112.728629, 33.384932 ] ] ], [ [ [ -112.828899, 33.660071 ], [ -112.828142, 33.65553 ], [ -112.828948, 33.648934 ], [ -112.82831, 33.639192 ], [ -112.82745, 33.62598 ], [ -112.824792, 33.618923 ], [ -112.824073, 33.615679 ], [ -112.819718, 33.610877 ], [ -112.819188, 33.609829 ], [ -112.781977, 33.60977 ], [ -112.781839, 33.60842 ], [ -112.781835, 33.595338 ], [ -112.747481, 33.595176 ], [ -112.747385, 33.587923 ], [ -112.735329, 33.587964 ], [ -112.729857, 33.587985 ], [ -112.729834, 33.580713 ], [ -112.712454, 33.580753 ], [ -112.712512, 33.575173 ], [ -112.712309, 33.551792 ], [ -112.729857, 33.551835 ], [ -112.729805, 33.537207 ], [ -112.74479, 33.53721 ], [ -112.747206, 33.537221 ], [ -112.747189, 33.522704 ], [ -112.745762, 33.522704 ], [ -112.738502, 33.522699 ], [ -112.738534, 33.508191 ], [ -112.722362, 33.508156 ], [ -112.721171, 33.507243 ], [ -112.721162, 33.503954 ], [ -112.7211, 33.494588 ], [ -112.72323, 33.493632 ], [ -112.723219, 33.491854 ], [ -112.729678, 33.491847 ], [ -112.72965, 33.49002 ], [ -112.723218, 33.490068 ], [ -112.723191, 33.486398 ], [ -112.721073, 33.486426 ], [ -112.721102, 33.479295 ], [ -112.71246, 33.479095 ], [ -112.712249, 33.47327 ], [ -112.712274, 33.464767 ], [ -112.730075, 33.464774 ], [ -112.729778, 33.475698 ], [ -112.729584, 33.478219 ], [ -112.729616, 33.479194 ], [ -112.729641, 33.486365 ], [ -112.736188, 33.486411 ], [ -112.736216, 33.492753 ], [ -112.734059, 33.492752 ], [ -112.734089, 33.501028 ], [ -112.73842, 33.500924 ], [ -112.738384, 33.493873 ], [ -112.744587, 33.493958 ], [ -112.747215, 33.493908 ], [ -112.747181, 33.488009 ], [ -112.747141, 33.483406 ], [ -112.746928, 33.465551 ], [ -112.743669, 33.464776 ], [ -112.746912, 33.464519 ], [ -112.746834, 33.454711 ], [ -112.746836, 33.454401 ], [ -112.755527, 33.456357 ], [ -112.755414, 33.437354 ], [ -112.755402, 33.435634 ], [ -112.751119, 33.435629 ], [ -112.751007, 33.419267 ], [ -112.749925, 33.419267 ], [ -112.749919, 33.41745 ], [ -112.751001, 33.41745 ], [ -112.750997, 33.413861 ], [ -112.746664, 33.413889 ], [ -112.746623, 33.401116 ], [ -112.746511, 33.377571 ], [ -112.737485, 33.365804 ], [ -112.737484, 33.365858 ], [ -112.746478, 33.377571 ], [ -112.746582, 33.40107 ], [ -112.746607, 33.406586 ], [ -112.743397, 33.406599 ], [ -112.743393, 33.404786 ], [ -112.742304, 33.404789 ], [ -112.742302, 33.402979 ], [ -112.737972, 33.40299 ], [ -112.737961, 33.400245 ], [ -112.735795, 33.400251 ], [ -112.735798, 33.401158 ], [ -112.733633, 33.401164 ], [ -112.733652, 33.406628 ], [ -112.727293, 33.406635 ], [ -112.727181, 33.400278 ], [ -112.729412, 33.400297 ], [ -112.729343, 33.393046 ], [ -112.727084, 33.393015 ], [ -112.7271, 33.395736 ], [ -112.724944, 33.395732 ], [ -112.724921, 33.392201 ], [ -112.716302, 33.392093 ], [ -112.71631, 33.394521 ], [ -112.7146, 33.394532 ], [ -112.714595, 33.393927 ], [ -112.712074, 33.393922 ], [ -112.712073, 33.395383 ], [ -112.714337, 33.395388 ], [ -112.714312, 33.396659 ], [ -112.711948, 33.396655 ], [ -112.711933, 33.392086 ], [ -112.707565, 33.392049 ], [ -112.707597, 33.377613 ], [ -112.703924, 33.377632 ], [ -112.704067, 33.375767 ], [ -112.702639, 33.37577 ], [ -112.702625, 33.377637 ], [ -112.701562, 33.377641 ], [ -112.699532, 33.373902 ], [ -112.70259, 33.373903 ], [ -112.702552, 33.370399 ], [ -112.694169, 33.370417 ], [ -112.694019, 33.37767 ], [ -112.694567, 33.388386 ], [ -112.698918, 33.388422 ], [ -112.698933, 33.39197 ], [ -112.694533, 33.39194 ], [ -112.694537, 33.395621 ], [ -112.703306, 33.395491 ], [ -112.703339, 33.399253 ], [ -112.711957, 33.399355 ], [ -112.711952, 33.397691 ], [ -112.713331, 33.397723 ], [ -112.71335, 33.399358 ], [ -112.711958, 33.39942 ], [ -112.712027, 33.424754 ], [ -112.70343, 33.424539 ], [ -112.703427, 33.428136 ], [ -112.720732, 33.428391 ], [ -112.72076, 33.43203 ], [ -112.712056, 33.432035 ], [ -112.712087, 33.435599 ], [ -112.71004, 33.435537 ], [ -112.709975, 33.439217 ], [ -112.705666, 33.43908 ], [ -112.705588, 33.433571 ], [ -112.703498, 33.433532 ], [ -112.703515, 33.435343 ], [ -112.694778, 33.435094 ], [ -112.694624, 33.413529 ], [ -112.677261, 33.413707 ], [ -112.677127, 33.413705 ], [ -112.677116, 33.409767 ], [ -112.665879, 33.407406 ], [ -112.662546, 33.406474 ], [ -112.647782, 33.40464 ], [ -112.642482, 33.405024 ], [ -112.633694, 33.40674 ], [ -112.629286, 33.408513 ], [ -112.625547, 33.40853 ], [ -112.625551, 33.406404 ], [ -112.627835, 33.407124 ], [ -112.631113, 33.407559 ], [ -112.633691, 33.40654 ], [ -112.64249, 33.404858 ], [ -112.6425, 33.392306 ], [ -112.633731, 33.392286 ], [ -112.633737, 33.392197 ], [ -112.642574, 33.392211 ], [ -112.642588, 33.384933 ], [ -112.655616, 33.384901 ], [ -112.655641, 33.377638 ], [ -112.650778, 33.377539 ], [ -112.659989, 33.37764 ], [ -112.65997, 33.388612 ], [ -112.677332, 33.388643 ], [ -112.677299, 33.377774 ], [ -112.676808, 33.377648 ], [ -112.676739, 33.372744 ], [ -112.675557, 33.372773 ], [ -112.675565, 33.371533 ], [ -112.633738, 33.375816 ], [ -112.62801, 33.376394 ], [ -112.628007, 33.377446 ], [ -112.625035, 33.377452 ], [ -112.625312, 33.371142 ], [ -112.627787, 33.371128 ], [ -112.627299, 33.375912 ], [ -112.633733, 33.375262 ], [ -112.66805, 33.371806 ], [ -112.668093, 33.364128 ], [ -112.672408, 33.363189 ], [ -112.677058, 33.36323 ], [ -112.685612, 33.363117 ], [ -112.688083, 33.363266 ], [ -112.714227, 33.363304 ], [ -112.718608, 33.364207 ], [ -112.724444, 33.363084 ], [ -112.727359, 33.363051 ], [ -112.727364, 33.365871 ], [ -112.733469, 33.364759 ], [ -112.733453, 33.363618 ], [ -112.735757, 33.363607 ], [ -112.736358, 33.364335 ], [ -112.73515, 33.362784 ], [ -112.735106, 33.362785 ], [ -112.735546, 33.363332 ], [ -112.733546, 33.36306 ], [ -112.7238, 33.362979 ], [ -112.718142, 33.363992 ], [ -112.714011, 33.363028 ], [ -112.677065, 33.362952 ], [ -112.672597, 33.362873 ], [ -112.660126, 33.365715 ], [ -112.651558, 33.366286 ], [ -112.642378, 33.368195 ], [ -112.638154, 33.369207 ], [ -112.633691, 33.369642 ], [ -112.629325, 33.370205 ], [ -112.628244, 33.370988 ], [ -112.624861, 33.371093 ], [ -112.624322, 33.370989 ], [ -112.616334, 33.371503 ], [ -112.608069, 33.372522 ], [ -112.604038, 33.373455 ], [ -112.60099, 33.373174 ], [ -112.590782, 33.374068 ], [ -112.592282, 33.373636 ], [ -112.59092, 33.372982 ], [ -112.590814, 33.370458 ], [ -112.590813, 33.37033 ], [ -112.608065, 33.370322 ], [ -112.608092, 33.37238 ], [ -112.616627, 33.371308 ], [ -112.616625, 33.370251 ], [ -112.608142, 33.370321 ], [ -112.61744, 33.370124 ], [ -112.617431, 33.366782 ], [ -112.624579, 33.366618 ], [ -112.625161, 33.362976 ], [ -112.625159, 33.355727 ], [ -112.60379, 33.355874 ], [ -112.603838, 33.34855 ], [ -112.59982, 33.348572 ], [ -112.59984, 33.344982 ], [ -112.616659, 33.341175 ], [ -112.61666, 33.348501 ], [ -112.624566, 33.34846 ], [ -112.625261, 33.348465 ], [ -112.625311, 33.339005 ], [ -112.633521, 33.337069 ], [ -112.633521, 33.337043 ], [ -112.625311, 33.338976 ], [ -112.633521, 33.33683 ], [ -112.645788, 33.333971 ], [ -112.642428, 33.333983 ], [ -112.642434, 33.333512 ], [ -112.642753, 33.330367 ], [ -112.649433, 33.330367 ], [ -112.659793, 33.330366 ], [ -112.659818, 33.326816 ], [ -112.665059, 33.326828 ], [ -112.672749, 33.326808 ], [ -112.67274, 33.326278 ], [ -112.672773, 33.323259 ], [ -112.677159, 33.323239 ], [ -112.703116, 33.323204 ], [ -112.703144, 33.319604 ], [ -112.711829, 33.319618 ], [ -112.711779, 33.312362 ], [ -112.708742, 33.312358 ], [ -112.694464, 33.312457 ], [ -112.694445, 33.31607 ], [ -112.681484, 33.316072 ], [ -112.681515, 33.312454 ], [ -112.685838, 33.312448 ], [ -112.685826, 33.314254 ], [ -112.690146, 33.314254 ], [ -112.690177, 33.308834 ], [ -112.707401, 33.308812 ], [ -112.707369, 33.305223 ], [ -112.712035, 33.305208 ], [ -112.724916, 33.304814 ], [ -112.724893, 33.306635 ], [ -112.729072, 33.306631 ], [ -112.72907, 33.307827 ], [ -112.731981, 33.308405 ], [ -112.735076, 33.310249 ], [ -112.744205, 33.310238 ], [ -112.744211, 33.312057 ], [ -112.7507, 33.312007 ], [ -112.750731, 33.308359 ], [ -112.759372, 33.308248 ], [ -112.759412, 33.304599 ], [ -112.761575, 33.304578 ], [ -112.761561, 33.302771 ], [ -112.763736, 33.302742 ], [ -112.763723, 33.290202 ], [ -112.759364, 33.290201 ], [ -112.758903, 33.276263 ], [ -112.763715, 33.275753 ], [ -112.763507, 33.272438 ], [ -112.759153, 33.272574 ], [ -112.759045, 33.269289 ], [ -112.763055, 33.269244 ], [ -112.762831, 33.258709 ], [ -112.749896, 33.258823 ], [ -112.749753, 33.251569 ], [ -112.762694, 33.251612 ], [ -112.762572, 33.233667 ], [ -112.74379, 33.233481 ], [ -112.743784, 33.235268 ], [ -112.739559, 33.23524 ], [ -112.739557, 33.233286 ], [ -112.737414, 33.233277 ], [ -112.737458, 33.229855 ], [ -112.711499, 33.229765 ], [ -112.711439, 33.228968 ], [ -112.684891, 33.22897 ], [ -112.684931, 33.236171 ], [ -112.650349, 33.235893 ], [ -112.650336, 33.254876 ], [ -112.650559, 33.259164 ], [ -112.650391, 33.261068 ], [ -112.684973, 33.261277 ], [ -112.685027, 33.275817 ], [ -112.667625, 33.275737 ], [ -112.667694, 33.290657 ], [ -112.660086, 33.290681 ], [ -112.659947, 33.305245 ], [ -112.626419, 33.305326 ], [ -112.626325, 33.305328 ], [ -112.638155, 33.24676 ], [ -112.615864, 33.24663 ], [ -112.615841, 33.227691 ], [ -112.641917, 33.227004 ], [ -112.646989, 33.200792 ], [ -112.646638, 33.199579 ], [ -112.641671, 33.199582 ], [ -112.641599, 33.188857 ], [ -112.63297, 33.1889 ], [ -112.63294, 33.185296 ], [ -112.645839, 33.185248 ], [ -112.645808, 33.178062 ], [ -112.628594, 33.178012 ], [ -112.628466, 33.152711 ], [ -112.637117, 33.152774 ], [ -112.637178, 33.141888 ], [ -112.641472, 33.141951 ], [ -112.641651, 33.13091 ], [ -112.63402, 33.130916 ], [ -112.615263, 33.130926 ], [ -112.511494, 33.130982 ], [ -112.495926, 33.130958 ], [ -112.495994, 33.201456 ], [ -112.496003, 33.217936 ], [ -112.496024, 33.232494 ], [ -112.500222, 33.232433 ], [ -112.500118, 33.225223 ], [ -112.508418, 33.225342 ], [ -112.508433, 33.232517 ], [ -112.504452, 33.232452 ], [ -112.504408, 33.239751 ], [ -112.512602, 33.2398 ], [ -112.512733, 33.290445 ], [ -112.556044, 33.290623 ], [ -112.556045, 33.291154 ], [ -112.55612, 33.334248 ], [ -112.573462, 33.334402 ], [ -112.573341, 33.343202 ], [ -112.573321, 33.345034 ], [ -112.573422, 33.348461 ], [ -112.573517, 33.352367 ], [ -112.577762, 33.35234 ], [ -112.577743, 33.348715 ], [ -112.582097, 33.348707 ], [ -112.582112, 33.34569 ], [ -112.582128, 33.334514 ], [ -112.59082, 33.334191 ], [ -112.590809, 33.330528 ], [ -112.595525, 33.330543 ], [ -112.595537, 33.326954 ], [ -112.604311, 33.32685 ], [ -112.604323, 33.323205 ], [ -112.608164, 33.323159 ], [ -112.608328, 33.319548 ], [ -112.616658, 33.319567 ], [ -112.616868, 33.316001 ], [ -112.624159, 33.316038 ], [ -112.624062, 33.316909 ], [ -112.623418, 33.322557 ], [ -112.623611, 33.330307 ], [ -112.623458, 33.330307 ], [ -112.612443, 33.330275 ], [ -112.612424, 33.333847 ], [ -112.621064, 33.333982 ], [ -112.621022, 33.337595 ], [ -112.608147, 33.337656 ], [ -112.608128, 33.340577 ], [ -112.608116, 33.342217 ], [ -112.608111, 33.343014 ], [ -112.599807, 33.344961 ], [ -112.599097, 33.348575 ], [ -112.590888, 33.348635 ], [ -112.590766, 33.355976 ], [ -112.577762, 33.355853 ], [ -112.577762, 33.359392 ], [ -112.57563, 33.359602 ], [ -112.575584, 33.363225 ], [ -112.5561, 33.363021 ], [ -112.556109, 33.362828 ], [ -112.546738, 33.362768 ], [ -112.547425, 33.361842 ], [ -112.547434, 33.359419 ], [ -112.556708, 33.35948 ], [ -112.556708, 33.359453 ], [ -112.532258, 33.359328 ], [ -112.532248, 33.362862 ], [ -112.538773, 33.362861 ], [ -112.555984, 33.36317 ], [ -112.555743, 33.370278 ], [ -112.538519, 33.370299 ], [ -112.538406, 33.37547 ], [ -112.53507, 33.375468 ], [ -112.534056, 33.377473 ], [ -112.55395, 33.377525 ], [ -112.553992, 33.379449 ], [ -112.556095, 33.379458 ], [ -112.556101, 33.381079 ], [ -112.557724, 33.380912 ], [ -112.561398, 33.379531 ], [ -112.561384, 33.377643 ], [ -112.556291, 33.377527 ], [ -112.568492, 33.377585 ], [ -112.571631, 33.376438 ], [ -112.573096, 33.374645 ], [ -112.571977, 33.376345 ], [ -112.571037, 33.37698 ], [ -112.571976, 33.37775 ], [ -112.562051, 33.379514 ], [ -112.557865, 33.381047 ], [ -112.556139, 33.381265 ], [ -112.55225, 33.381617 ], [ -112.543745, 33.384126 ], [ -112.535423, 33.387078 ], [ -112.530295, 33.38841 ], [ -112.528205, 33.389024 ], [ -112.521619, 33.389612 ], [ -112.521627, 33.391307 ], [ -112.522917, 33.391003 ], [ -112.522911, 33.389627 ], [ -112.528273, 33.389123 ], [ -112.530283, 33.388564 ], [ -112.533075, 33.38859 ], [ -112.547497, 33.385069 ], [ -112.547507, 33.383194 ], [ -112.552486, 33.381715 ], [ -112.556152, 33.381453 ], [ -112.557766, 33.381275 ], [ -112.562145, 33.379627 ], [ -112.564026, 33.379444 ], [ -112.572181, 33.377849 ], [ -112.573038, 33.378136 ], [ -112.57298, 33.379586 ], [ -112.556174, 33.383513 ], [ -112.538774, 33.387703 ], [ -112.538696, 33.392237 ], [ -112.538578, 33.392238 ], [ -112.53852, 33.388797 ], [ -112.535893, 33.388792 ], [ -112.535889, 33.388214 ], [ -112.530064, 33.389591 ], [ -112.529985, 33.392241 ], [ -112.521468, 33.392237 ], [ -112.521494, 33.406812 ], [ -112.521526, 33.410457 ], [ -112.52314, 33.41042 ], [ -112.523164, 33.414128 ], [ -112.521724, 33.414146 ], [ -112.521767, 33.417751 ], [ -112.530039, 33.417698 ], [ -112.530307, 33.417384 ], [ -112.530278, 33.420493 ], [ -112.531204, 33.420195 ], [ -112.539045, 33.418892 ], [ -112.548075, 33.416739 ], [ -112.555259, 33.4163 ], [ -112.555259, 33.413888 ], [ -112.556196, 33.413891 ], [ -112.556136, 33.416242 ], [ -112.556099, 33.417397 ], [ -112.554283, 33.416568 ], [ -112.551099, 33.417517 ], [ -112.547674, 33.417046 ], [ -112.539045, 33.419055 ], [ -112.538928, 33.421318 ], [ -112.530344, 33.421415 ], [ -112.528193, 33.42145 ], [ -112.521649, 33.423321 ], [ -112.521649, 33.423229 ], [ -112.517819, 33.424158 ], [ -112.512943, 33.426365 ], [ -112.512924, 33.435669 ], [ -112.504266, 33.435669 ], [ -112.504241, 33.43197 ], [ -112.504102, 33.429382 ], [ -112.500472, 33.43184 ], [ -112.500459, 33.435523 ], [ -112.496019, 33.435568 ], [ -112.496022, 33.433752 ], [ -112.491024, 33.435634 ], [ -112.490659, 33.435636 ], [ -112.496147, 33.433408 ], [ -112.496088, 33.428552 ], [ -112.48852, 33.428576 ], [ -112.487459, 33.428339 ], [ -112.487488, 33.43564 ], [ -112.48747, 33.437114 ], [ -112.478804, 33.440165 ], [ -112.464152, 33.445246 ], [ -112.461457, 33.446324 ], [ -112.461462, 33.450204 ], [ -112.461476, 33.457498 ], [ -112.46148, 33.460931 ], [ -112.461481, 33.461789 ], [ -112.461482, 33.46209 ], [ -112.461491, 33.464661 ], [ -112.461471, 33.47477 ], [ -112.461736, 33.479073 ], [ -112.470226, 33.479024 ], [ -112.470226, 33.471927 ], [ -112.478774, 33.471953 ], [ -112.478778, 33.479214 ], [ -112.478782, 33.486652 ], [ -112.492635, 33.486564 ], [ -112.496221, 33.486471 ], [ -112.496221, 33.492892 ], [ -112.496223, 33.493669 ], [ -112.492949, 33.493584 ], [ -112.482627, 33.493633 ], [ -112.482622, 33.491656 ], [ -112.479471, 33.491657 ], [ -112.47905, 33.493622 ], [ -112.478772, 33.491828 ], [ -112.475605, 33.491814 ], [ -112.475612, 33.493707 ], [ -112.470128, 33.493734 ], [ -112.470097, 33.496994 ], [ -112.474005, 33.497003 ], [ -112.474013, 33.495004 ], [ -112.475599, 33.495006 ], [ -112.475577, 33.49725 ], [ -112.478759, 33.497266 ], [ -112.478743, 33.500866 ], [ -112.49615, 33.500924 ], [ -112.496055, 33.515391 ], [ -112.478906, 33.515404 ], [ -112.478887, 33.522687 ], [ -112.469844, 33.522718 ], [ -112.462073, 33.5227 ], [ -112.463004, 33.525191 ], [ -112.463853, 33.526063 ], [ -112.469853, 33.526044 ], [ -112.469807, 33.537114 ], [ -112.479595, 33.537104 ], [ -112.480121, 33.534414 ], [ -112.481274, 33.533998 ], [ -112.482244, 33.535232 ], [ -112.482818, 33.532131 ], [ -112.484962, 33.532123 ], [ -112.482929, 33.529827 ], [ -112.483653, 33.529495 ], [ -112.485444, 33.530671 ], [ -112.485806, 33.529791 ], [ -112.488147, 33.529783 ], [ -112.484023, 33.527773 ], [ -112.485832, 33.526805 ], [ -112.485831, 33.52502 ], [ -112.489936, 33.52266 ], [ -112.496151, 33.522643 ], [ -112.496049, 33.536926 ], [ -112.513558, 33.537018 ], [ -112.548254, 33.5372 ], [ -112.548288, 33.551595 ], [ -112.587245, 33.551869 ], [ -112.587153, 33.523072 ], [ -112.62556, 33.522896 ], [ -112.62576, 33.537462 ], [ -112.608375, 33.537444 ], [ -112.608398, 33.544561 ], [ -112.625783, 33.544761 ], [ -112.625814, 33.551931 ], [ -112.669169, 33.55186 ], [ -112.669106, 33.624249 ], [ -112.64311, 33.624254 ], [ -112.64313, 33.638811 ], [ -112.625766, 33.638775 ], [ -112.625744, 33.639066 ], [ -112.625777, 33.653299 ], [ -112.608459, 33.653304 ], [ -112.608508, 33.660628 ], [ -112.611642, 33.66063 ], [ -112.608509, 33.660775 ], [ -112.608544, 33.687585 ], [ -112.608499, 33.696907 ], [ -112.608494, 33.711367 ], [ -112.669156, 33.711372 ], [ -112.669169, 33.724174 ], [ -112.655217, 33.724163 ], [ -112.655254, 33.738551 ], [ -112.681323, 33.738534 ], [ -112.681303, 33.728659 ], [ -112.679124, 33.728658 ], [ -112.67912, 33.726165 ], [ -112.681299, 33.726166 ], [ -112.681296, 33.724193 ], [ -112.677791, 33.724192 ], [ -112.677821, 33.696787 ], [ -112.686471, 33.696829 ], [ -112.686471, 33.704085 ], [ -112.695127, 33.704095 ], [ -112.695136, 33.711357 ], [ -112.712392, 33.71143 ], [ -112.712388, 33.72413 ], [ -112.72441, 33.724233 ], [ -112.729796, 33.724105 ], [ -112.72979, 33.711381 ], [ -112.747125, 33.711404 ], [ -112.747133, 33.724207 ], [ -112.789457, 33.724218 ], [ -112.815654, 33.724007 ], [ -112.81575, 33.669664 ], [ -112.815744, 33.667975 ], [ -112.828741, 33.667923 ], [ -112.82874, 33.664295 ], [ -112.83121, 33.664294 ], [ -112.828899, 33.660071 ] ], [ [ -112.746881, 33.464519 ], [ -112.730075, 33.464669 ], [ -112.730075, 33.464744 ], [ -112.712256, 33.46474 ], [ -112.712254, 33.464518 ], [ -112.695188, 33.46447 ], [ -112.690786, 33.464662 ], [ -112.681946, 33.464567 ], [ -112.678478, 33.464563 ], [ -112.677732, 33.463596 ], [ -112.677729, 33.463361 ], [ -112.677828, 33.463389 ], [ -112.679816, 33.463759 ], [ -112.679816, 33.462724 ], [ -112.681939, 33.462777 ], [ -112.681931, 33.460855 ], [ -112.677694, 33.460365 ], [ -112.677672, 33.45815 ], [ -112.678796, 33.458157 ], [ -112.678755, 33.45723 ], [ -112.678757, 33.456293 ], [ -112.677657, 33.456287 ], [ -112.677629, 33.453549 ], [ -112.668904, 33.453578 ], [ -112.668865, 33.45046 ], [ -112.669234, 33.449801 ], [ -112.677428, 33.449888 ], [ -112.67726, 33.444296 ], [ -112.673105, 33.444518 ], [ -112.672013, 33.442768 ], [ -112.666659, 33.442749 ], [ -112.666663, 33.440778 ], [ -112.660214, 33.440709 ], [ -112.660148, 33.43887 ], [ -112.653661, 33.438971 ], [ -112.653666, 33.437248 ], [ -112.647282, 33.437286 ], [ -112.647256, 33.436373 ], [ -112.643068, 33.436463 ], [ -112.64307, 33.435507 ], [ -112.638687, 33.435493 ], [ -112.638709, 33.4392 ], [ -112.642953, 33.439185 ], [ -112.642944, 33.444627 ], [ -112.640822, 33.444634 ], [ -112.641378, 33.447271 ], [ -112.638629, 33.44728 ], [ -112.638603, 33.442746 ], [ -112.634359, 33.442725 ], [ -112.634379, 33.446388 ], [ -112.630013, 33.446402 ], [ -112.630035, 33.449994 ], [ -112.642898, 33.450028 ], [ -112.643185, 33.464458 ], [ -112.625728, 33.464477 ], [ -112.625812, 33.450003 ], [ -112.608473, 33.449835 ], [ -112.608217, 33.442732 ], [ -112.595161, 33.442805 ], [ -112.595212, 33.437854 ], [ -112.598542, 33.438152 ], [ -112.59851, 33.435474 ], [ -112.595244, 33.435464 ], [ -112.595233, 33.43273 ], [ -112.604771, 33.429541 ], [ -112.608142, 33.428619 ], [ -112.60817, 33.431772 ], [ -112.614735, 33.431818 ], [ -112.614747, 33.431057 ], [ -112.616903, 33.431055 ], [ -112.616905, 33.428202 ], [ -112.619976, 33.428214 ], [ -112.622104, 33.429554 ], [ -112.625806, 33.429927 ], [ -112.629496, 33.429252 ], [ -112.631617, 33.429253 ], [ -112.635493, 33.430164 ], [ -112.642968, 33.433339 ], [ -112.646369, 33.434002 ], [ -112.654247, 33.434746 ], [ -112.65791, 33.435262 ], [ -112.672988, 33.438672 ], [ -112.677408, 33.440429 ], [ -112.681937, 33.440689 ], [ -112.733877, 33.452396 ], [ -112.733889, 33.457414 ], [ -112.746816, 33.457398 ], [ -112.746881, 33.464519 ] ], [ [ -112.742701, 33.48198 ], [ -112.742679, 33.482764 ], [ -112.740507, 33.482762 ], [ -112.740526, 33.485497 ], [ -112.738362, 33.485497 ], [ -112.738319, 33.480718 ], [ -112.738305, 33.47915 ], [ -112.742646, 33.479154 ], [ -112.742833, 33.482017 ], [ -112.742701, 33.48198 ] ], [ [ -112.740354, 33.450192 ], [ -112.733866, 33.450203 ], [ -112.733864, 33.451407 ], [ -112.729658, 33.450211 ], [ -112.729508, 33.442916 ], [ -112.720603, 33.442882 ], [ -112.720612, 33.444691 ], [ -112.718624, 33.444683 ], [ -112.718639, 33.446492 ], [ -112.716555, 33.446483 ], [ -112.71651, 33.439233 ], [ -112.714261, 33.439224 ], [ -112.714278, 33.441033 ], [ -112.712109, 33.441025 ], [ -112.712087, 33.435628 ], [ -112.727298, 33.435702 ], [ -112.726245, 33.433825 ], [ -112.726258, 33.428404 ], [ -112.729502, 33.428419 ], [ -112.729485, 33.435679 ], [ -112.738123, 33.435671 ], [ -112.738106, 33.442836 ], [ -112.740338, 33.442955 ], [ -112.740354, 33.450192 ] ], [ [ -112.73852, 33.624268 ], [ -112.72982, 33.624246 ], [ -112.729823, 33.63939 ], [ -112.72983, 33.653292 ], [ -112.721136, 33.653289 ], [ -112.721183, 33.660543 ], [ -112.716745, 33.660537 ], [ -112.716771, 33.667769 ], [ -112.712427, 33.667798 ], [ -112.712423, 33.682336 ], [ -112.703804, 33.682294 ], [ -112.70381, 33.664176 ], [ -112.70816, 33.664171 ], [ -112.708127, 33.660545 ], [ -112.712438, 33.660552 ], [ -112.712455, 33.639489 ], [ -112.712463, 33.624227 ], [ -112.721137, 33.624233 ], [ -112.721153, 33.60969 ], [ -112.729839, 33.60973 ], [ -112.729848, 33.59524 ], [ -112.733576, 33.595232 ], [ -112.734194, 33.595225 ], [ -112.73421, 33.597821 ], [ -112.734263, 33.6018 ], [ -112.734271, 33.602485 ], [ -112.73852, 33.602492 ], [ -112.73852, 33.624268 ] ], [ [ -112.712603, 33.44389 ], [ -112.712123, 33.446635 ], [ -112.711372, 33.446486 ], [ -112.711665, 33.443896 ], [ -112.712258, 33.442846 ], [ -112.712603, 33.44389 ] ], [ [ -112.677378, 33.435 ], [ -112.673064, 33.435135 ], [ -112.662134, 33.43509 ], [ -112.659966, 33.434597 ], [ -112.660157, 33.420861 ], [ -112.677348, 33.420753 ], [ -112.677378, 33.435 ] ], [ [ -112.642802, 33.430503 ], [ -112.631255, 33.428242 ], [ -112.642788, 33.428268 ], [ -112.642773, 33.428541 ], [ -112.642802, 33.430503 ] ], [ [ -112.642604, 33.377817 ], [ -112.633915, 33.377792 ], [ -112.633909, 33.377612 ], [ -112.642604, 33.377631 ], [ -112.642604, 33.377817 ] ], [ [ -112.642236, 33.370193 ], [ -112.633695, 33.370251 ], [ -112.633692, 33.369825 ], [ -112.638301, 33.369361 ], [ -112.642371, 33.368371 ], [ -112.642236, 33.370193 ] ], [ [ -112.641726, 33.210378 ], [ -112.632888, 33.210434 ], [ -112.633148, 33.217651 ], [ -112.620993, 33.21756 ], [ -112.615836, 33.217538 ], [ -112.615824, 33.203144 ], [ -112.6417, 33.203197 ], [ -112.641726, 33.210378 ] ], [ [ -112.638586, 33.424591 ], [ -112.634276, 33.424598 ], [ -112.634284, 33.422854 ], [ -112.636333, 33.42286 ], [ -112.636329, 33.421147 ], [ -112.634371, 33.42107 ], [ -112.633845, 33.417443 ], [ -112.629937, 33.417365 ], [ -112.62993, 33.416334 ], [ -112.633804, 33.414757 ], [ -112.638502, 33.414718 ], [ -112.63847, 33.421129 ], [ -112.636544, 33.421145 ], [ -112.636551, 33.422861 ], [ -112.638589, 33.422866 ], [ -112.638586, 33.424591 ] ], [ [ -112.629651, 33.421054 ], [ -112.626144, 33.421208 ], [ -112.625759, 33.421209 ], [ -112.624774, 33.423137 ], [ -112.623025, 33.424619 ], [ -112.616907, 33.424582 ], [ -112.616923, 33.423279 ], [ -112.621309, 33.422814 ], [ -112.62127, 33.417362 ], [ -112.623604, 33.417363 ], [ -112.625159, 33.420997 ], [ -112.626166, 33.420924 ], [ -112.627055, 33.420926 ], [ -112.62698, 33.41753 ], [ -112.629595, 33.416471 ], [ -112.629651, 33.421054 ] ], [ [ -112.625519, 33.42089 ], [ -112.62538, 33.420086 ], [ -112.625215, 33.419647 ], [ -112.623987, 33.417363 ], [ -112.625481, 33.417364 ], [ -112.625519, 33.42089 ] ], [ [ -112.625356, 33.410083 ], [ -112.622031, 33.411405 ], [ -112.620711, 33.407883 ], [ -112.620644, 33.40661 ], [ -112.624619, 33.406861 ], [ -112.625356, 33.410083 ] ], [ [ -112.621708, 33.411537 ], [ -112.61791, 33.412981 ], [ -112.612966, 33.413721 ], [ -112.60812, 33.413188 ], [ -112.601856, 33.412363 ], [ -112.591043, 33.412647 ], [ -112.591177, 33.412478 ], [ -112.599588, 33.412042 ], [ -112.602232, 33.412131 ], [ -112.608005, 33.412998 ], [ -112.612716, 33.413584 ], [ -112.616885, 33.412976 ], [ -112.616917, 33.406489 ], [ -112.620284, 33.406611 ], [ -112.621708, 33.411537 ] ], [ [ -112.608074, 33.363009 ], [ -112.603627, 33.363035 ], [ -112.603643, 33.359552 ], [ -112.607445, 33.359572 ], [ -112.608079, 33.360598 ], [ -112.608074, 33.363009 ] ], [ [ -112.607698, 33.384071 ], [ -112.606615, 33.384778 ], [ -112.604052, 33.384787 ], [ -112.60406, 33.381242 ], [ -112.605535, 33.382223 ], [ -112.607693, 33.382222 ], [ -112.607698, 33.384071 ] ], [ [ -112.601265, 33.395511 ], [ -112.595261, 33.395584 ], [ -112.59528, 33.392133 ], [ -112.599206, 33.391962 ], [ -112.601257, 33.392045 ], [ -112.601265, 33.395511 ] ], [ [ -112.600128, 33.381171 ], [ -112.599464, 33.38117 ], [ -112.599488, 33.37807 ], [ -112.600136, 33.37807 ], [ -112.600128, 33.381171 ] ], [ [ -112.600068, 33.47946 ], [ -112.582682, 33.479358 ], [ -112.582735, 33.464635 ], [ -112.561075, 33.464583 ], [ -112.561053, 33.46846 ], [ -112.565439, 33.468441 ], [ -112.565418, 33.471954 ], [ -112.569689, 33.471964 ], [ -112.569691, 33.482942 ], [ -112.561039, 33.482916 ], [ -112.561038, 33.475613 ], [ -112.545913, 33.475569 ], [ -112.54589, 33.479247 ], [ -112.537294, 33.479221 ], [ -112.5373, 33.475543 ], [ -112.530834, 33.475439 ], [ -112.530825, 33.468141 ], [ -112.528698, 33.468165 ], [ -112.528687, 33.471953 ], [ -112.525441, 33.471944 ], [ -112.521047, 33.476397 ], [ -112.518054, 33.473852 ], [ -112.520391, 33.471827 ], [ -112.522183, 33.468614 ], [ -112.522175, 33.46477 ], [ -112.523955, 33.464551 ], [ -112.53045, 33.464475 ], [ -112.556124, 33.464689 ], [ -112.556468, 33.464585 ], [ -112.556589, 33.464297 ], [ -112.556595, 33.457468 ], [ -112.547697, 33.457531 ], [ -112.547753, 33.452974 ], [ -112.54423, 33.453006 ], [ -112.54422, 33.455727 ], [ -112.53881, 33.455785 ], [ -112.538568, 33.455506 ], [ -112.538658, 33.450902 ], [ -112.556491, 33.445151 ], [ -112.586579, 33.43543 ], [ -112.590891, 33.434651 ], [ -112.590914, 33.443902 ], [ -112.586617, 33.443886 ], [ -112.586984, 33.447274 ], [ -112.590868, 33.447299 ], [ -112.591124, 33.463861 ], [ -112.59126, 33.464236 ], [ -112.600118, 33.464625 ], [ -112.600068, 33.47946 ] ], [ [ -112.589765, 33.423673 ], [ -112.588724, 33.426425 ], [ -112.588736, 33.428117 ], [ -112.582292, 33.42814 ], [ -112.583044, 33.425362 ], [ -112.587744, 33.423746 ], [ -112.589279, 33.424461 ], [ -112.589765, 33.423673 ] ], [ [ -112.586262, 33.43422 ], [ -112.585144, 33.434927 ], [ -112.583732, 33.4354 ], [ -112.583479, 33.435381 ], [ -112.582252, 33.435389 ], [ -112.584418, 33.435059 ], [ -112.584411, 33.433572 ], [ -112.586544, 33.433568 ], [ -112.586262, 33.43422 ] ], [ [ -112.583921, 33.382107 ], [ -112.581952, 33.381332 ], [ -112.581209, 33.381968 ], [ -112.583893, 33.383074 ], [ -112.583902, 33.38477 ], [ -112.573701, 33.384815 ], [ -112.575696, 33.384301 ], [ -112.575685, 33.38239 ], [ -112.573615, 33.382394 ], [ -112.573672, 33.378307 ], [ -112.574487, 33.3784 ], [ -112.574457, 33.377624 ], [ -112.577725, 33.377586 ], [ -112.577859, 33.378368 ], [ -112.575853, 33.378894 ], [ -112.577871, 33.379374 ], [ -112.583168, 33.379407 ], [ -112.582724, 33.380691 ], [ -112.583921, 33.382107 ] ], [ [ -112.582844, 33.523064 ], [ -112.566343, 33.523027 ], [ -112.565474, 33.523025 ], [ -112.565449, 33.508502 ], [ -112.582733, 33.508556 ], [ -112.582844, 33.523064 ] ], [ [ -112.581965, 33.412722 ], [ -112.573247, 33.412945 ], [ -112.573706, 33.412929 ], [ -112.581965, 33.412722 ] ], [ [ -112.577731, 33.363227 ], [ -112.57678, 33.36323 ], [ -112.576756, 33.361197 ], [ -112.577721, 33.361189 ], [ -112.577731, 33.363227 ] ], [ [ -112.575853, 33.399326 ], [ -112.573823, 33.399329 ], [ -112.573824, 33.397476 ], [ -112.575847, 33.39747 ], [ -112.575846, 33.398485 ], [ -112.575853, 33.399326 ] ], [ [ -112.566087, 33.403041 ], [ -112.5649, 33.403092 ], [ -112.564887, 33.399292 ], [ -112.566079, 33.399302 ], [ -112.566087, 33.403041 ] ], [ [ -112.563192, 33.44207 ], [ -112.559153, 33.443371 ], [ -112.556624, 33.444176 ], [ -112.556789, 33.443602 ], [ -112.55955, 33.443011 ], [ -112.563192, 33.44207 ] ], [ [ -112.562851, 33.414833 ], [ -112.556493, 33.416208 ], [ -112.556371, 33.413808 ], [ -112.562855, 33.413794 ], [ -112.562851, 33.414833 ] ], [ [ -112.556464, 33.444231 ], [ -112.54798, 33.446958 ], [ -112.552724, 33.445278 ], [ -112.556156, 33.443655 ], [ -112.556444, 33.442885 ], [ -112.556464, 33.444231 ] ], [ [ -112.556155, 33.410235 ], [ -112.548758, 33.410283 ], [ -112.548789, 33.406847 ], [ -112.556209, 33.406841 ], [ -112.556155, 33.410235 ] ], [ [ -112.555989, 33.426678 ], [ -112.555004, 33.427477 ], [ -112.556005, 33.42837 ], [ -112.540665, 33.428488 ], [ -112.539191, 33.428567 ], [ -112.53929, 33.421384 ], [ -112.556063, 33.421266 ], [ -112.555989, 33.426678 ] ], [ [ -112.552156, 33.463807 ], [ -112.552156, 33.46447 ], [ -112.547728, 33.464398 ], [ -112.547703, 33.461001 ], [ -112.552158, 33.461015 ], [ -112.552156, 33.463807 ] ], [ [ -112.548008, 33.493797 ], [ -112.530822, 33.493661 ], [ -112.530858, 33.489256 ], [ -112.530852, 33.486496 ], [ -112.548109, 33.486518 ], [ -112.548008, 33.493797 ] ], [ [ -112.547717, 33.399422 ], [ -112.546104, 33.399442 ], [ -112.539012, 33.399568 ], [ -112.538687, 33.392377 ], [ -112.547689, 33.39254 ], [ -112.547717, 33.399422 ] ], [ [ -112.544791, 33.362892 ], [ -112.543051, 33.362888 ], [ -112.543051, 33.361724 ], [ -112.544791, 33.36174 ], [ -112.544791, 33.362892 ] ], [ [ -112.53963, 33.522866 ], [ -112.530848, 33.522815 ], [ -112.53084, 33.508315 ], [ -112.539586, 33.508279 ], [ -112.53963, 33.522866 ] ], [ [ -112.538918, 33.40859 ], [ -112.537798, 33.408596 ], [ -112.537795, 33.407429 ], [ -112.536485, 33.406728 ], [ -112.538856, 33.40671 ], [ -112.538918, 33.40859 ] ], [ [ -112.53863, 33.395947 ], [ -112.534369, 33.395913 ], [ -112.534388, 33.399569 ], [ -112.530185, 33.399535 ], [ -112.530044, 33.392333 ], [ -112.53847, 33.392386 ], [ -112.53863, 33.395947 ] ], [ [ -112.53031, 33.45042 ], [ -112.525982, 33.450403 ], [ -112.52598, 33.450294 ], [ -112.530308, 33.450309 ], [ -112.53031, 33.45042 ] ], [ [ -112.498302, 33.4539 ], [ -112.496138, 33.453914 ], [ -112.495714, 33.457198 ], [ -112.49571, 33.451945 ], [ -112.496153, 33.450305 ], [ -112.496118, 33.45015 ], [ -112.496293, 33.450157 ], [ -112.498284, 33.450209 ], [ -112.498302, 33.4539 ] ], [ [ -112.49633, 33.472019 ], [ -112.491819, 33.472 ], [ -112.491847, 33.475582 ], [ -112.489664, 33.475591 ], [ -112.489677, 33.47911 ], [ -112.48534, 33.479111 ], [ -112.485328, 33.475597 ], [ -112.482079, 33.475605 ], [ -112.482073, 33.473826 ], [ -112.481082, 33.473828 ], [ -112.481034, 33.468331 ], [ -112.483173, 33.468443 ], [ -112.483172, 33.464923 ], [ -112.478781, 33.46489 ], [ -112.478776, 33.470146 ], [ -112.470236, 33.470083 ], [ -112.470224, 33.464684 ], [ -112.468, 33.464677 ], [ -112.467602, 33.46283 ], [ -112.478784, 33.463839 ], [ -112.478781, 33.464607 ], [ -112.487318, 33.464655 ], [ -112.487319, 33.462876 ], [ -112.496146, 33.46475 ], [ -112.496359, 33.464751 ], [ -112.49633, 33.472019 ] ], [ [ -112.487577, 33.45759 ], [ -112.487314, 33.461985 ], [ -112.487309, 33.457952 ], [ -112.487309, 33.45759 ], [ -112.479776, 33.457464 ], [ -112.495713, 33.457575 ], [ -112.487577, 33.45759 ] ], [ [ -112.47976, 33.45653 ], [ -112.479762, 33.457568 ], [ -112.479269, 33.457574 ], [ -112.479162, 33.452979 ], [ -112.480363, 33.452979 ], [ -112.47976, 33.45653 ] ], [ [ -112.47866, 33.453877 ], [ -112.476627, 33.453873 ], [ -112.476624, 33.458829 ], [ -112.478619, 33.458373 ], [ -112.478617, 33.45929 ], [ -112.476625, 33.459294 ], [ -112.476631, 33.461663 ], [ -112.473036, 33.461965 ], [ -112.465718, 33.461984 ], [ -112.465694, 33.457692 ], [ -112.462505, 33.457493 ], [ -112.470201, 33.457487 ], [ -112.47016, 33.450208 ], [ -112.478627, 33.450203 ], [ -112.47866, 33.453877 ] ], [ [ -112.633486, 33.377611 ], [ -112.628184, 33.377598 ], [ -112.626513, 33.37798 ], [ -112.626626, 33.384169 ], [ -112.626967, 33.388453 ], [ -112.629677, 33.388473 ], [ -112.629675, 33.392188 ], [ -112.625387, 33.392178 ], [ -112.62418, 33.392156 ], [ -112.625237, 33.388435 ], [ -112.625221, 33.384833 ], [ -112.62535, 33.384726 ], [ -112.625039, 33.377586 ], [ -112.616692, 33.377674 ], [ -112.616687, 33.381251 ], [ -112.608062, 33.381204 ], [ -112.608036, 33.378244 ], [ -112.612461, 33.377969 ], [ -112.608031, 33.377981 ], [ -112.607846, 33.377981 ], [ -112.590743, 33.378057 ], [ -112.592311, 33.376972 ], [ -112.594681, 33.3772 ], [ -112.608038, 33.37718 ], [ -112.608035, 33.377367 ], [ -112.613548, 33.377337 ], [ -112.624888, 33.376207 ], [ -112.624859, 33.37123 ], [ -112.625279, 33.371142 ], [ -112.625004, 33.377325 ], [ -112.625025, 33.377478 ], [ -112.628007, 33.377446 ], [ -112.633486, 33.377611 ] ], [ [ -112.694808, 33.440648 ], [ -112.692633, 33.440656 ], [ -112.692635, 33.442228 ], [ -112.686422, 33.441011 ], [ -112.686393, 33.435101 ], [ -112.694043, 33.435083 ], [ -112.694778, 33.435094 ], [ -112.694808, 33.440648 ] ] ], [ [ [ -112.681844, 33.445555 ], [ -112.677734, 33.445517 ], [ -112.677734, 33.446202 ], [ -112.679903, 33.44625 ], [ -112.681855, 33.446258 ], [ -112.681844, 33.445555 ] ] ], [ [ [ -112.682953, 33.448101 ], [ -112.680772, 33.448082 ], [ -112.680769, 33.446347 ], [ -112.677662, 33.446295 ], [ -112.677527, 33.447811 ], [ -112.677611, 33.451703 ], [ -112.679698, 33.451713 ], [ -112.679677, 33.449908 ], [ -112.67856, 33.449897 ], [ -112.678608, 33.448064 ], [ -112.679677, 33.448074 ], [ -112.679694, 33.449908 ], [ -112.682997, 33.449938 ], [ -112.682953, 33.448101 ] ] ], [ [ [ -112.689451, 33.448183 ], [ -112.686205, 33.448146 ], [ -112.686227, 33.44997 ], [ -112.689462, 33.449999 ], [ -112.689451, 33.448183 ] ] ], [ [ [ -112.69066, 33.460986 ], [ -112.688453, 33.460908 ], [ -112.688553, 33.464415 ], [ -112.690676, 33.464415 ], [ -112.69066, 33.460986 ] ] ], [ [ [ -112.699828, 33.452566 ], [ -112.699269, 33.452555 ], [ -112.699275, 33.453344 ], [ -112.69816, 33.453333 ], [ -112.698162, 33.454045 ], [ -112.698719, 33.45405 ], [ -112.69985, 33.454061 ], [ -112.699828, 33.452566 ] ] ], [ [ [ -112.556063, 33.450162 ], [ -112.554905, 33.450178 ], [ -112.555003, 33.452028 ], [ -112.556057, 33.452037 ], [ -112.556063, 33.450162 ] ] ], [ [ [ -112.582405, 33.442626 ], [ -112.580347, 33.442692 ], [ -112.573791, 33.444469 ], [ -112.573826, 33.446312 ], [ -112.56948, 33.446361 ], [ -112.569467, 33.445422 ], [ -112.562985, 33.445528 ], [ -112.563023, 33.447346 ], [ -112.556523, 33.447429 ], [ -112.556578, 33.448958 ], [ -112.556641, 33.449564 ], [ -112.556627, 33.45016 ], [ -112.565251, 33.450281 ], [ -112.57389, 33.449974 ], [ -112.573893, 33.457293 ], [ -112.58241, 33.457349 ], [ -112.582405, 33.442626 ] ] ], [ [ [ -112.83338, 33.667588 ], [ -112.833023, 33.66705 ], [ -112.833006, 33.667791 ], [ -112.833514, 33.66779 ], [ -112.83338, 33.667588 ] ] ], [ [ [ -112.858982, 33.624314 ], [ -112.841605, 33.624247 ], [ -112.841658, 33.60982 ], [ -112.819571, 33.609862 ], [ -112.820713, 33.611553 ], [ -112.823927, 33.614946 ], [ -112.824991, 33.617041 ], [ -112.825296, 33.619168 ], [ -112.827669, 33.62504 ], [ -112.827823, 33.625963 ], [ -112.828673, 33.639192 ], [ -112.829327, 33.649344 ], [ -112.828702, 33.652869 ], [ -112.828612, 33.656595 ], [ -112.829208, 33.659821 ], [ -112.829752, 33.661363 ], [ -112.831621, 33.664295 ], [ -112.832034, 33.664297 ], [ -112.833024, 33.664299 ], [ -112.83303, 33.666423 ], [ -112.83392, 33.667789 ], [ -112.858969, 33.667781 ], [ -112.859233, 33.639237 ], [ -112.858982, 33.624314 ] ] ] ] } },
{ "type": "Feature", "properties": { "GEOID": "0428380", "NAME": "Goodyear city, Arizona", "population": 125359.0 }, "geometry": { "type": "MultiPolygon", "coordinates": [ [ [ [ -112.354725, 33.368242 ], [ -112.353668, 33.368246 ], [ -112.353642, 33.362735 ], [ -112.349318, 33.362686 ], [ -112.349326, 33.373641 ], [ -112.353656, 33.373625 ], [ -112.353646, 33.370035 ], [ -112.354726, 33.370053 ], [ -112.354725, 33.368242 ] ] ], [ [ [ -112.461019, 33.39924 ], [ -112.452802, 33.399235 ], [ -112.452802, 33.401575 ], [ -112.461028, 33.400582 ], [ -112.461019, 33.39924 ] ] ], [ [ [ -112.495757, 33.260126 ], [ -112.49578, 33.24698 ], [ -112.461218, 33.246818 ], [ -112.461236, 33.217898 ], [ -112.461006, 33.217922 ], [ -112.443966, 33.217956 ], [ -112.443972, 33.210659 ], [ -112.452582, 33.210678 ], [ -112.452599, 33.203395 ], [ -112.46092, 33.203409 ], [ -112.461232, 33.203406 ], [ -112.461204, 33.188793 ], [ -112.4267, 33.188848 ], [ -112.426716, 33.203346 ], [ -112.422396, 33.203329 ], [ -112.422393, 33.196097 ], [ -112.413875, 33.196069 ], [ -112.413831, 33.188817 ], [ -112.409516, 33.188816 ], [ -112.409509, 33.20332 ], [ -112.388132, 33.203326 ], [ -112.388133, 33.199699 ], [ -112.383817, 33.199698 ], [ -112.383817, 33.196066 ], [ -112.379502, 33.196065 ], [ -112.379503, 33.188947 ], [ -112.392445, 33.188818 ], [ -112.392444, 33.159852 ], [ -112.375268, 33.159971 ], [ -112.375183, 33.145264 ], [ -112.383907, 33.145257 ], [ -112.383894, 33.152517 ], [ -112.396338, 33.152532 ], [ -112.401086, 33.15253 ], [ -112.401098, 33.145276 ], [ -112.392442, 33.145276 ], [ -112.392446, 33.149611 ], [ -112.370886, 33.134013 ], [ -112.370885, 33.130744 ], [ -112.366671, 33.130749 ], [ -112.36662, 33.123491 ], [ -112.351485, 33.123486 ], [ -112.351484, 33.127114 ], [ -112.35364, 33.127115 ], [ -112.35364, 33.128929 ], [ -112.349289, 33.128928 ], [ -112.349177, 33.118057 ], [ -112.349331, 33.116267 ], [ -112.347161, 33.116194 ], [ -112.332557, 33.105426 ], [ -112.297613, 33.105406 ], [ -112.297618, 33.101709 ], [ -112.284761, 33.101713 ], [ -112.284727, 33.10901 ], [ -112.280366, 33.109036 ], [ -112.280412, 33.103526 ], [ -112.271813, 33.103527 ], [ -112.271767, 33.109022 ], [ -112.265254, 33.108965 ], [ -112.265254, 33.108055 ], [ -112.263098, 33.108056 ], [ -112.263099, 33.107149 ], [ -112.266332, 33.107148 ], [ -112.266334, 33.105334 ], [ -112.254456, 33.105336 ], [ -112.254452, 33.101711 ], [ -112.271838, 33.101615 ], [ -112.271786, 33.072756 ], [ -112.254494, 33.072654 ], [ -112.254505, 33.067225 ], [ -112.263135, 33.067209 ], [ -112.263322, 33.062644 ], [ -112.264541, 33.063252 ], [ -112.267361, 33.063281 ], [ -112.267362, 33.064811 ], [ -112.27189, 33.064837 ], [ -112.271858, 33.071312 ], [ -112.273425, 33.071307 ], [ -112.273431, 33.072683 ], [ -112.288396, 33.072682 ], [ -112.28902, 33.073144 ], [ -112.289013, 33.094461 ], [ -112.302038, 33.094434 ], [ -112.302029, 33.101717 ], [ -112.327562, 33.101715 ], [ -112.314864, 33.092339 ], [ -112.314862, 33.087181 ], [ -112.307942, 33.08718 ], [ -112.306234, 33.085923 ], [ -112.306242, 33.07274 ], [ -112.297635, 33.072732 ], [ -112.297645, 33.061786 ], [ -112.293336, 33.061788 ], [ -112.293337, 33.059974 ], [ -112.295496, 33.059974 ], [ -112.295494, 33.058145 ], [ -112.301955, 33.058136 ], [ -112.30201, 33.065412 ], [ -112.31487, 33.065425 ], [ -112.31487, 33.058107 ], [ -112.306254, 33.058122 ], [ -112.306259, 33.050904 ], [ -112.314879, 33.050912 ], [ -112.314795, 33.04365 ], [ -112.306376, 33.043644 ], [ -112.306369, 33.01462 ], [ -112.28052, 33.014713 ], [ -112.280517, 33.020053 ], [ -112.276213, 33.020055 ], [ -112.276216, 33.018241 ], [ -112.278367, 33.01824 ], [ -112.278371, 33.014701 ], [ -112.271916, 33.014622 ], [ -112.271913, 33.018242 ], [ -112.263289, 33.018246 ], [ -112.263291, 33.014581 ], [ -112.237427, 33.014615 ], [ -112.237345, 33.029131 ], [ -112.23068, 33.02913 ], [ -112.224426, 33.029124 ], [ -112.224402, 33.043697 ], [ -112.220205, 33.043698 ], [ -112.220126, 33.02904 ], [ -112.215997, 33.029031 ], [ -112.215926, 33.021855 ], [ -112.211642, 33.021861 ], [ -112.211612, 33.015479 ], [ -112.21044, 33.0146 ], [ -112.202989, 33.014607 ], [ -112.202982, 33.029152 ], [ -112.202146, 33.029153 ], [ -112.202136, 33.072474 ], [ -112.203222, 33.087162 ], [ -112.202142, 33.087168 ], [ -112.202148, 33.116738 ], [ -112.202145, 33.134571 ], [ -112.202312, 33.152484 ], [ -112.306234, 33.152538 ], [ -112.332063, 33.152501 ], [ -112.332073, 33.13799 ], [ -112.345014, 33.137991 ], [ -112.345006, 33.141622 ], [ -112.340694, 33.14162 ], [ -112.34069, 33.147061 ], [ -112.350395, 33.147075 ], [ -112.350393, 33.145307 ], [ -112.365069, 33.145221 ], [ -112.366604, 33.145317 ], [ -112.36655, 33.15978 ], [ -112.357932, 33.159774 ], [ -112.35793, 33.167031 ], [ -112.35362, 33.167024 ], [ -112.353624, 33.163395 ], [ -112.349314, 33.163392 ], [ -112.349313, 33.159768 ], [ -112.340815, 33.159761 ], [ -112.340727, 33.188816 ], [ -112.344402, 33.188702 ], [ -112.357943, 33.188749 ], [ -112.357966, 33.185169 ], [ -112.362284, 33.185168 ], [ -112.362262, 33.188763 ], [ -112.364421, 33.188789 ], [ -112.364446, 33.185172 ], [ -112.366604, 33.185174 ], [ -112.36658, 33.188783 ], [ -112.375222, 33.188965 ], [ -112.375214, 33.196131 ], [ -112.370883, 33.196193 ], [ -112.370879, 33.192435 ], [ -112.368721, 33.192434 ], [ -112.368715, 33.196187 ], [ -112.366563, 33.196186 ], [ -112.366553, 33.206947 ], [ -112.370869, 33.206948 ], [ -112.370867, 33.20332 ], [ -112.375287, 33.203322 ], [ -112.375197, 33.217875 ], [ -112.357879, 33.217675 ], [ -112.357923, 33.27578 ], [ -112.357923, 33.275848 ], [ -112.375211, 33.275888 ], [ -112.375205, 33.27226 ], [ -112.383939, 33.272268 ], [ -112.383896, 33.275996 ], [ -112.383741, 33.279474 ], [ -112.383943, 33.289889 ], [ -112.35795, 33.289954 ], [ -112.357869, 33.362783 ], [ -112.366582, 33.362876 ], [ -112.366225, 33.377544 ], [ -112.366233, 33.388011 ], [ -112.366173, 33.388019 ], [ -112.366236, 33.391841 ], [ -112.361196, 33.391841 ], [ -112.358412, 33.391942 ], [ -112.35732, 33.392954 ], [ -112.357545, 33.406541 ], [ -112.357817, 33.420853 ], [ -112.357922, 33.424732 ], [ -112.349882, 33.428947 ], [ -112.350163, 33.429292 ], [ -112.352638, 33.428044 ], [ -112.353739, 33.428041 ], [ -112.35387, 33.431709 ], [ -112.356216, 33.43171 ], [ -112.356337, 33.435333 ], [ -112.353961, 33.43533 ], [ -112.353937, 33.442551 ], [ -112.349803, 33.44258 ], [ -112.349678, 33.44258 ], [ -112.349798, 33.446216 ], [ -112.353958, 33.446208 ], [ -112.35394, 33.449834 ], [ -112.341104, 33.449871 ], [ -112.341047, 33.4577 ], [ -112.34094, 33.464267 ], [ -112.340943, 33.471532 ], [ -112.340938, 33.478797 ], [ -112.355337, 33.478867 ], [ -112.358006, 33.480321 ], [ -112.358008, 33.486084 ], [ -112.358308, 33.48602 ], [ -112.358312, 33.486113 ], [ -112.358875, 33.486032 ], [ -112.362386, 33.486378 ], [ -112.362212, 33.493411 ], [ -112.36251, 33.493677 ], [ -112.362986, 33.493489 ], [ -112.375089, 33.493484 ], [ -112.375282, 33.493808 ], [ -112.375329, 33.49896 ], [ -112.379485, 33.498924 ], [ -112.379378, 33.508189 ], [ -112.370764, 33.508205 ], [ -112.370762, 33.508368 ], [ -112.370923, 33.515454 ], [ -112.383793, 33.515466 ], [ -112.383671, 33.50826 ], [ -112.418428, 33.508214 ], [ -112.41884, 33.508216 ], [ -112.444156, 33.508264 ], [ -112.46135, 33.508231 ], [ -112.461434, 33.508169 ], [ -112.461533, 33.508163 ], [ -112.461559, 33.493695 ], [ -112.461473, 33.479177 ], [ -112.461471, 33.47477 ], [ -112.461491, 33.464661 ], [ -112.461482, 33.46209 ], [ -112.461481, 33.461789 ], [ -112.46148, 33.460931 ], [ -112.461476, 33.457498 ], [ -112.461341, 33.46089 ], [ -112.456182, 33.461094 ], [ -112.444292, 33.461075 ], [ -112.444346, 33.457505 ], [ -112.460279, 33.457504 ], [ -112.460699, 33.450204 ], [ -112.444158, 33.450204 ], [ -112.443978, 33.450204 ], [ -112.443973, 33.442964 ], [ -112.44397, 33.435657 ], [ -112.436221, 33.435643 ], [ -112.436225, 33.432888 ], [ -112.435473, 33.43289 ], [ -112.435475, 33.428269 ], [ -112.444151, 33.428383 ], [ -112.448479, 33.42833 ], [ -112.448481, 33.446485 ], [ -112.452796, 33.446551 ], [ -112.452794, 33.449768 ], [ -112.461457, 33.446222 ], [ -112.461464, 33.439438 ], [ -112.457652, 33.439422 ], [ -112.457638, 33.437284 ], [ -112.457095, 33.435684 ], [ -112.461471, 33.435693 ], [ -112.461474, 33.428404 ], [ -112.452813, 33.428413 ], [ -112.452735, 33.421125 ], [ -112.461471, 33.421141 ], [ -112.461456, 33.410252 ], [ -112.461061, 33.406574 ], [ -112.448479, 33.406593 ], [ -112.448463, 33.40839 ], [ -112.446314, 33.408405 ], [ -112.446299, 33.406595 ], [ -112.444137, 33.406594 ], [ -112.435443, 33.406641 ], [ -112.43544, 33.404208 ], [ -112.426893, 33.405255 ], [ -112.426894, 33.404981 ], [ -112.426805, 33.404992 ], [ -112.426678, 33.405007 ], [ -112.426676, 33.405281 ], [ -112.400898, 33.408127 ], [ -112.405087, 33.406779 ], [ -112.409239, 33.406301 ], [ -112.409457, 33.399306 ], [ -112.409455, 33.406392 ], [ -112.426808, 33.404165 ], [ -112.429593, 33.403777 ], [ -112.435459, 33.402324 ], [ -112.430239, 33.404297 ], [ -112.43943, 33.403184 ], [ -112.439422, 33.401231 ], [ -112.437179, 33.40134 ], [ -112.441236, 33.397347 ], [ -112.439814, 33.396925 ], [ -112.4398, 33.392145 ], [ -112.426812, 33.39215 ], [ -112.426747, 33.391734 ], [ -112.426775, 33.384935 ], [ -112.431113, 33.384886 ], [ -112.431148, 33.381073 ], [ -112.435477, 33.381077 ], [ -112.435484, 33.378179 ], [ -112.435486, 33.377348 ], [ -112.442694, 33.377373 ], [ -112.443899, 33.378154 ], [ -112.443965, 33.394705 ], [ -112.444152, 33.377403 ], [ -112.44319, 33.377324 ], [ -112.443166, 33.373739 ], [ -112.451787, 33.373771 ], [ -112.451756, 33.3629 ], [ -112.460435, 33.362931 ], [ -112.46075, 33.355694 ], [ -112.469635, 33.355407 ], [ -112.469863, 33.348475 ], [ -112.465455, 33.348525 ], [ -112.465502, 33.333977 ], [ -112.448182, 33.333936 ], [ -112.448138, 33.326676 ], [ -112.452488, 33.326652 ], [ -112.452502, 33.31944 ], [ -112.469866, 33.319465 ], [ -112.469852, 33.315782 ], [ -112.469721, 33.314876 ], [ -112.469813, 33.301409 ], [ -112.48709, 33.301332 ], [ -112.487002, 33.297635 ], [ -112.469811, 33.29766 ], [ -112.469821, 33.290389 ], [ -112.461072, 33.290356 ], [ -112.461189, 33.276784 ], [ -112.461417, 33.275104 ], [ -112.461507, 33.26148 ], [ -112.478546, 33.261504 ], [ -112.478572, 33.254221 ], [ -112.487096, 33.254285 ], [ -112.487078, 33.261541 ], [ -112.495885, 33.261173 ], [ -112.495757, 33.260126 ] ], [ [ -112.461337, 33.464661 ], [ -112.452742, 33.464765 ], [ -112.444586, 33.464633 ], [ -112.453776, 33.464433 ], [ -112.453763, 33.462542 ], [ -112.459531, 33.462836 ], [ -112.461312, 33.462461 ], [ -112.461337, 33.464661 ] ], [ [ -112.443955, 33.417422 ], [ -112.441326, 33.417496 ], [ -112.440657, 33.415959 ], [ -112.440868, 33.41389 ], [ -112.443952, 33.413863 ], [ -112.443955, 33.417422 ] ], [ [ -112.426761, 33.400689 ], [ -112.426809, 33.404137 ], [ -112.426699, 33.404152 ], [ -112.426741, 33.392177 ], [ -112.426812, 33.392178 ], [ -112.426761, 33.400689 ] ], [ [ -112.42238, 33.421107 ], [ -112.418137, 33.421112 ], [ -112.418137, 33.428244 ], [ -112.413856, 33.428385 ], [ -112.413788, 33.424782 ], [ -112.409538, 33.42479 ], [ -112.409546, 33.420885 ], [ -112.409534, 33.413897 ], [ -112.422421, 33.413801 ], [ -112.42238, 33.421107 ] ], [ [ -112.409456, 33.399169 ], [ -112.409347, 33.399201 ], [ -112.409087, 33.394296 ], [ -112.409226, 33.391744 ], [ -112.409298, 33.391744 ], [ -112.409437, 33.391745 ], [ -112.409456, 33.399169 ] ], [ [ -112.400813, 33.408137 ], [ -112.400812, 33.408411 ], [ -112.396524, 33.408836 ], [ -112.392105, 33.409479 ], [ -112.392105, 33.409187 ], [ -112.39211, 33.408267 ], [ -112.392541, 33.408323 ], [ -112.400816, 33.407285 ], [ -112.400813, 33.408137 ] ], [ [ -112.391965, 33.409204 ], [ -112.385739, 33.410249 ], [ -112.383068, 33.411182 ], [ -112.364699, 33.421619 ], [ -112.362251, 33.423498 ], [ -112.362222, 33.422632 ], [ -112.362207, 33.422127 ], [ -112.379329, 33.412128 ], [ -112.382931, 33.410189 ], [ -112.385553, 33.409283 ], [ -112.391152, 33.408567 ], [ -112.391967, 33.408724 ], [ -112.391965, 33.409204 ] ], [ [ -112.362329, 33.43527 ], [ -112.358423, 33.435247 ], [ -112.358293, 33.42943 ], [ -112.36227, 33.429322 ], [ -112.362329, 33.43527 ] ] ] ] } },
{ "type": "Feature", "properties": { "GEOID": "0485540", "NAME": "Yuma city, Arizona", "population": 105227.0 }, "geometry": { "type": "Polygon", "coordinates": [ [ [ -114.684671, 32.708029 ], [ -114.684367, 32.70769 ], [ -114.682968, 32.705689 ], [ -114.680285, 32.705683 ], [ -114.680296, 32.711872 ], [ -114.682028, 32.711856 ], [ -114.682039, 32.712998 ], [ -114.680287, 32.713011 ], [ -114.675999, 32.713033 ], [ -114.675999, 32.705692 ], [ -114.678137, 32.705692 ], [ -114.678089, 32.702033 ], [ -114.680309, 32.702026 ], [ -114.680318, 32.698372 ], [ -114.68026, 32.698372 ], [ -114.680256, 32.696562 ], [ -114.68134, 32.696567 ], [ -114.68133, 32.698369 ], [ -114.682408, 32.698366 ], [ -114.682418, 32.69658 ], [ -114.684572, 32.696582 ], [ -114.684622, 32.691072 ], [ -114.684664, 32.687422 ], [ -114.680309, 32.687431 ], [ -114.680327, 32.683805 ], [ -114.676064, 32.683816 ], [ -114.676043, 32.68021 ], [ -114.677622, 32.680164 ], [ -114.684279, 32.680148 ], [ -114.684573, 32.680147 ], [ -114.684602, 32.677408 ], [ -114.684529, 32.677408 ], [ -114.684557, 32.669276 ], [ -114.684547, 32.665591 ], [ -114.680261, 32.66563 ], [ -114.680271, 32.661996 ], [ -114.669383, 32.662053 ], [ -114.670463, 32.659147 ], [ -114.667277, 32.659003 ], [ -114.667235, 32.654735 ], [ -114.658639, 32.654771 ], [ -114.658669, 32.658438 ], [ -114.654347, 32.658469 ], [ -114.65439, 32.662096 ], [ -114.650182, 32.662126 ], [ -114.649323, 32.66397 ], [ -114.642925, 32.663949 ], [ -114.642439, 32.658463 ], [ -114.639693, 32.656326 ], [ -114.638906, 32.654884 ], [ -114.637069, 32.654878 ], [ -114.637089, 32.633809 ], [ -114.638436, 32.632821 ], [ -114.637043, 32.631336 ], [ -114.637029, 32.630348 ], [ -114.636431, 32.62942 ], [ -114.633586, 32.625983 ], [ -114.632812, 32.625823 ], [ -114.632651, 32.625826 ], [ -114.580829, 32.625957 ], [ -114.581228, 32.640614 ], [ -114.572493, 32.640603 ], [ -114.572489, 32.647942 ], [ -114.564001, 32.655248 ], [ -114.564002, 32.655288 ], [ -114.564043, 32.658897 ], [ -114.55972, 32.658939 ], [ -114.559676, 32.655282 ], [ -114.556466, 32.655305 ], [ -114.556463, 32.653508 ], [ -114.555397, 32.653517 ], [ -114.555409, 32.655314 ], [ -114.546903, 32.655389 ], [ -114.538399, 32.655471 ], [ -114.53827, 32.644506 ], [ -114.536124, 32.644475 ], [ -114.536114, 32.64273 ], [ -114.538373, 32.642713 ], [ -114.538367, 32.640873 ], [ -114.536838, 32.640884 ], [ -114.529705, 32.640949 ], [ -114.52949, 32.633711 ], [ -114.52519, 32.633738 ], [ -114.525353, 32.640985 ], [ -114.521539, 32.641014 ], [ -114.512421, 32.641085 ], [ -114.512292, 32.634894 ], [ -114.512287, 32.633774 ], [ -114.499378, 32.633897 ], [ -114.499293, 32.630278 ], [ -114.507909, 32.630241 ], [ -114.50783, 32.62653 ], [ -114.512165, 32.626534 ], [ -114.521283, 32.626492 ], [ -114.542238, 32.626382 ], [ -114.54217, 32.619128 ], [ -114.546487, 32.619073 ], [ -114.546261, 32.59729 ], [ -114.554485, 32.597043 ], [ -114.554381, 32.581848 ], [ -114.563187, 32.581861 ], [ -114.571768, 32.582347 ], [ -114.571947, 32.596883 ], [ -114.576247, 32.596891 ], [ -114.576251, 32.595587 ], [ -114.577673, 32.595585 ], [ -114.577692, 32.596894 ], [ -114.580553, 32.596901 ], [ -114.580517, 32.595118 ], [ -114.589281, 32.595114 ], [ -114.589114, 32.592986 ], [ -114.588985, 32.582186 ], [ -114.592096, 32.578623 ], [ -114.597602, 32.578623 ], [ -114.597711, 32.589558 ], [ -114.59339, 32.589681 ], [ -114.593412, 32.591473 ], [ -114.59774, 32.591467 ], [ -114.598467, 32.593389 ], [ -114.60315, 32.593335 ], [ -114.603187, 32.596872 ], [ -114.597812, 32.596913 ], [ -114.597902, 32.604129 ], [ -114.606536, 32.60411 ], [ -114.606437, 32.596854 ], [ -114.6047, 32.596863 ], [ -114.604669, 32.595044 ], [ -114.606425, 32.595024 ], [ -114.606458, 32.596853 ], [ -114.608611, 32.596835 ], [ -114.608576, 32.593298 ], [ -114.610826, 32.593274 ], [ -114.610714, 32.589529 ], [ -114.615049, 32.589494 ], [ -114.61507, 32.593141 ], [ -114.623581, 32.593081 ], [ -114.623702, 32.59308 ], [ -114.623511, 32.570687 ], [ -114.623584, 32.567474 ], [ -114.627918, 32.567423 ], [ -114.627872, 32.563822 ], [ -114.632078, 32.563806 ], [ -114.631995, 32.552798 ], [ -114.623266, 32.552799 ], [ -114.623398, 32.563826 ], [ -114.623325, 32.563826 ], [ -114.597522, 32.563808 ], [ -114.597476, 32.560204 ], [ -114.580158, 32.560374 ], [ -114.580241, 32.573373 ], [ -114.573833, 32.573265 ], [ -114.573855, 32.575036 ], [ -114.56327, 32.574919 ], [ -114.562893, 32.552978 ], [ -114.562825, 32.498376 ], [ -114.57902, 32.498372 ], [ -114.579127, 32.501964 ], [ -114.588167, 32.502001 ], [ -114.588169, 32.505628 ], [ -114.601016, 32.505624 ], [ -114.601019, 32.508834 ], [ -114.622425, 32.50896 ], [ -114.622489, 32.501993 ], [ -114.631077, 32.501995 ], [ -114.631025, 32.495117 ], [ -114.630816, 32.480233 ], [ -114.622165, 32.480233 ], [ -114.563043, 32.480235 ], [ -114.460248, 32.480204 ], [ -114.460499, 32.626738 ], [ -114.460614, 32.634112 ], [ -114.495055, 32.633919 ], [ -114.495228, 32.641033 ], [ -114.460621, 32.641423 ], [ -114.460819, 32.655796 ], [ -114.460822, 32.655982 ], [ -114.460838, 32.656829 ], [ -114.462982, 32.656807 ], [ -114.463013, 32.658609 ], [ -114.460874, 32.658636 ], [ -114.460966, 32.663144 ], [ -114.46102, 32.670416 ], [ -114.461037, 32.677652 ], [ -114.461142, 32.684908 ], [ -114.462609, 32.685049 ], [ -114.463476, 32.685051 ], [ -114.470366, 32.684929 ], [ -114.469734, 32.684402 ], [ -114.469724, 32.682316 ], [ -114.467759, 32.682548 ], [ -114.465466, 32.683352 ], [ -114.465441, 32.681334 ], [ -114.478345, 32.681023 ], [ -114.478348, 32.681146 ], [ -114.471643, 32.68176 ], [ -114.473853, 32.684944 ], [ -114.478378, 32.68497 ], [ -114.478397, 32.685881 ], [ -114.478401, 32.686221 ], [ -114.480375, 32.685688 ], [ -114.482734, 32.688518 ], [ -114.485389, 32.688501 ], [ -114.486233, 32.689112 ], [ -114.488596, 32.6921 ], [ -114.489813, 32.693592 ], [ -114.49554, 32.693087 ], [ -114.497175, 32.693085 ], [ -114.501336, 32.692025 ], [ -114.504299, 32.692012 ], [ -114.504498, 32.691522 ], [ -114.504376, 32.691074 ], [ -114.50507, 32.690841 ], [ -114.50533, 32.690726 ], [ -114.508977, 32.690713 ], [ -114.510066, 32.690333 ], [ -114.511129, 32.690679 ], [ -114.514818, 32.691174 ], [ -114.521589, 32.691075 ], [ -114.526174, 32.688461 ], [ -114.527954, 32.68474 ], [ -114.547243, 32.684583 ], [ -114.553404, 32.684529 ], [ -114.551796, 32.68281 ], [ -114.551448, 32.682534 ], [ -114.547111, 32.680766 ], [ -114.547246, 32.678795 ], [ -114.561069, 32.684285 ], [ -114.562764, 32.684274 ], [ -114.564378, 32.684341 ], [ -114.56428, 32.679791 ], [ -114.557844, 32.678232 ], [ -114.557801, 32.675319 ], [ -114.555662, 32.675337 ], [ -114.555632, 32.673527 ], [ -114.559918, 32.673488 ], [ -114.559964, 32.677076 ], [ -114.564264, 32.677086 ], [ -114.564187, 32.670087 ], [ -114.577103, 32.669507 ], [ -114.581118, 32.669474 ], [ -114.581433, 32.669471 ], [ -114.581434, 32.669272 ], [ -114.581898, 32.669265 ], [ -114.5819, 32.669364 ], [ -114.581688, 32.669365 ], [ -114.581691, 32.669724 ], [ -114.581677, 32.671213 ], [ -114.581665, 32.67148 ], [ -114.577109, 32.671509 ], [ -114.577133, 32.673344 ], [ -114.572833, 32.673364 ], [ -114.572902, 32.682373 ], [ -114.568591, 32.681355 ], [ -114.568639, 32.684329 ], [ -114.574604, 32.684836 ], [ -114.578496, 32.68486 ], [ -114.578457, 32.686242 ], [ -114.581278, 32.687687 ], [ -114.577989, 32.688285 ], [ -114.578, 32.689526 ], [ -114.57687, 32.692946 ], [ -114.581626, 32.692808 ], [ -114.581694, 32.691474 ], [ -114.590162, 32.691132 ], [ -114.596056, 32.692184 ], [ -114.599415, 32.693031 ], [ -114.599853, 32.695691 ], [ -114.598538, 32.695698 ], [ -114.598728, 32.697619 ], [ -114.596951, 32.698474 ], [ -114.596963, 32.700401 ], [ -114.598698, 32.700369 ], [ -114.598698, 32.702166 ], [ -114.596652, 32.702196 ], [ -114.596669, 32.705807 ], [ -114.598885, 32.705827 ], [ -114.598763, 32.716476 ], [ -114.59951, 32.716962 ], [ -114.599033, 32.716964 ], [ -114.598762, 32.716966 ], [ -114.599081, 32.720895 ], [ -114.602785, 32.720184 ], [ -114.606708, 32.720942 ], [ -114.609313, 32.723298 ], [ -114.609861, 32.728186 ], [ -114.611286, 32.728808 ], [ -114.6156128, 32.7286303 ], [ -114.615585, 32.728446 ], [ -114.615669199999985, 32.7284399 ], [ -114.618373, 32.728245 ], [ -114.6243296, 32.7293274 ], [ -114.6244964, 32.7293578 ], [ -114.6245085, 32.72936 ], [ -114.632686, 32.730846 ], [ -114.6350058, 32.7311139 ], [ -114.634478, 32.729327 ], [ -114.646788, 32.730968 ], [ -114.648268, 32.731159 ], [ -114.648286, 32.728651 ], [ -114.650392, 32.72894 ], [ -114.665082, 32.731017 ], [ -114.665428, 32.730909 ], [ -114.66541, 32.725133 ], [ -114.656859, 32.725146 ], [ -114.656181, 32.726274 ], [ -114.656192, 32.725145 ], [ -114.65329, 32.724201 ], [ -114.651197, 32.725112 ], [ -114.651197, 32.723125 ], [ -114.656957, 32.723022 ], [ -114.657055, 32.722749 ], [ -114.657022, 32.721229 ], [ -114.654804, 32.721242 ], [ -114.653991, 32.720342 ], [ -114.65048, 32.721511 ], [ -114.650339, 32.716707 ], [ -114.650478, 32.716707 ], [ -114.654683, 32.715068 ], [ -114.65501, 32.713064 ], [ -114.656477, 32.713068 ], [ -114.657357, 32.711673 ], [ -114.657109, 32.712535 ], [ -114.660075, 32.71294 ], [ -114.661156, 32.709422 ], [ -114.661181, 32.705779 ], [ -114.667476, 32.706264 ], [ -114.667473, 32.70571 ], [ -114.671759, 32.705713 ], [ -114.670575, 32.707578 ], [ -114.667471, 32.707576 ], [ -114.667479, 32.71153 ], [ -114.67074, 32.711582 ], [ -114.670777, 32.709507 ], [ -114.673562, 32.709505 ], [ -114.673785, 32.713047 ], [ -114.67171, 32.713042 ], [ -114.671759, 32.720347 ], [ -114.673894, 32.720344 ], [ -114.673854, 32.716707 ], [ -114.680685, 32.716689 ], [ -114.682882, 32.716279 ], [ -114.684445, 32.713591 ], [ -114.682944, 32.712992 ], [ -114.684712, 32.712994 ], [ -114.684671, 32.708029 ] ], [ [ -114.673847, 32.676554 ], [ -114.667428, 32.676589 ], [ -114.667387, 32.672933 ], [ -114.673917, 32.672923 ], [ -114.673847, 32.676554 ] ], [ [ -114.654667, 32.713062 ], [ -114.653117, 32.713057 ], [ -114.653113, 32.710063 ], [ -114.650481, 32.710061 ], [ -114.650479, 32.712013 ], [ -114.649372, 32.712014 ], [ -114.649375, 32.710509 ], [ -114.646133, 32.710324 ], [ -114.646135, 32.711264 ], [ -114.64833, 32.711273 ], [ -114.6488, 32.713054 ], [ -114.64556, 32.713059 ], [ -114.642912, 32.713061 ], [ -114.641886, 32.712582 ], [ -114.641873, 32.709457 ], [ -114.645566, 32.70946 ], [ -114.649655, 32.709403 ], [ -114.650358, 32.708613 ], [ -114.650479, 32.709401 ], [ -114.657018, 32.709398 ], [ -114.654667, 32.713062 ] ], [ [ -114.654618, 32.702153 ], [ -114.65043, 32.702143 ], [ -114.650431, 32.700324 ], [ -114.654618, 32.700321 ], [ -114.654618, 32.702153 ] ], [ [ -114.652402, 32.675888 ], [ -114.650399, 32.676042 ], [ -114.651617, 32.676303 ], [ -114.650284, 32.676318 ], [ -114.650227, 32.673136 ], [ -114.651274, 32.673134 ], [ -114.651266, 32.672282 ], [ -114.652331, 32.67227 ], [ -114.652402, 32.675888 ] ], [ [ -114.651687, 32.6803 ], [ -114.650498, 32.68031 ], [ -114.650417, 32.683758 ], [ -114.650326, 32.678532 ], [ -114.650464, 32.679079 ], [ -114.651665, 32.679065 ], [ -114.651687, 32.6803 ] ], [ [ -114.650199, 32.671595 ], [ -114.64799, 32.671593 ], [ -114.64799, 32.669466 ], [ -114.65018, 32.669438 ], [ -114.650199, 32.671595 ] ], [ [ -114.648234, 32.683748 ], [ -114.646104, 32.682992 ], [ -114.644971, 32.680922 ], [ -114.64231, 32.681618 ], [ -114.642793, 32.67852 ], [ -114.646032, 32.678607 ], [ -114.646296, 32.682147 ], [ -114.648234, 32.683748 ] ], [ [ -114.647771, 32.702104 ], [ -114.646162, 32.702111 ], [ -114.646109, 32.703947 ], [ -114.642037, 32.703977 ], [ -114.641758, 32.703978 ], [ -114.641805, 32.703334 ], [ -114.642481, 32.701707 ], [ -114.642473, 32.70146 ], [ -114.642329, 32.701186 ], [ -114.641866, 32.700697 ], [ -114.641493, 32.699429 ], [ -114.641757, 32.69943 ], [ -114.643979, 32.699434 ], [ -114.643972, 32.698591 ], [ -114.646163, 32.698618 ], [ -114.646162, 32.700281 ], [ -114.647774, 32.700281 ], [ -114.647771, 32.702104 ] ], [ [ -114.620308, 32.713068 ], [ -114.615996, 32.712975 ], [ -114.61605, 32.710091 ], [ -114.615967, 32.707167 ], [ -114.614789, 32.706098 ], [ -114.615382, 32.705509 ], [ -114.616384, 32.705705 ], [ -114.617675, 32.707046 ], [ -114.618014, 32.708776 ], [ -114.617531, 32.710077 ], [ -114.6203, 32.710077 ], [ -114.620308, 32.713068 ] ], [ [ -114.616024, 32.705431 ], [ -114.614226, 32.70403 ], [ -114.613082, 32.70115 ], [ -114.616011, 32.701045 ], [ -114.616004, 32.704999 ], [ -114.616024, 32.705431 ] ], [ [ -114.614912, 32.574841 ], [ -114.606236, 32.574906 ], [ -114.606252, 32.571174 ], [ -114.597609, 32.571185 ], [ -114.597581, 32.567517 ], [ -114.614854, 32.567529 ], [ -114.614912, 32.574841 ] ], [ [ -114.611714, 32.694921 ], [ -114.608644, 32.694936 ], [ -114.608661, 32.696884 ], [ -114.606333, 32.695482 ], [ -114.605999, 32.691631 ], [ -114.604639, 32.692149 ], [ -114.60238, 32.691302 ], [ -114.60237, 32.692849 ], [ -114.599187, 32.691763 ], [ -114.598877, 32.688528 ], [ -114.595591, 32.687762 ], [ -114.591186, 32.687744 ], [ -114.590188, 32.686813 ], [ -114.590121, 32.684245 ], [ -114.598854, 32.68418 ], [ -114.598871, 32.687618 ], [ -114.598872, 32.687716 ], [ -114.598744, 32.687717 ], [ -114.598745, 32.688126 ], [ -114.598876, 32.688158 ], [ -114.601999, 32.688902 ], [ -114.603076, 32.687564 ], [ -114.607359, 32.687466 ], [ -114.607363, 32.690242 ], [ -114.609141, 32.691243 ], [ -114.61172, 32.69124 ], [ -114.611714, 32.694921 ] ], [ [ -114.601912, 32.574906 ], [ -114.597616, 32.574958 ], [ -114.597636, 32.573074 ], [ -114.597806, 32.573075 ], [ -114.601919, 32.573071 ], [ -114.601912, 32.574906 ] ], [ [ -114.581108, 32.655139 ], [ -114.576887, 32.655127 ], [ -114.576862, 32.651493 ], [ -114.577923, 32.649736 ], [ -114.580097, 32.649737 ], [ -114.581007, 32.65147 ], [ -114.581217, 32.648543 ], [ -114.581108, 32.655139 ] ], [ [ -114.576927, 32.658842 ], [ -114.574787, 32.658824 ], [ -114.57472, 32.655231 ], [ -114.576912, 32.6552 ], [ -114.576927, 32.658842 ] ], [ [ -114.572675, 32.666103 ], [ -114.567746, 32.666592 ], [ -114.564122, 32.666169 ], [ -114.564082, 32.662534 ], [ -114.566095, 32.662529 ], [ -114.566117, 32.664369 ], [ -114.572711, 32.664273 ], [ -114.572675, 32.666103 ] ], [ [ -114.564178, 32.669727 ], [ -114.559911, 32.669771 ], [ -114.559845, 32.66803 ], [ -114.564026, 32.667994 ], [ -114.564178, 32.669727 ] ], [ [ -114.484668, 32.669998 ], [ -114.474182, 32.670098 ], [ -114.4739, 32.670099 ], [ -114.473491, 32.670334 ], [ -114.474055, 32.673987 ], [ -114.469671, 32.673949 ], [ -114.469612, 32.67036 ], [ -114.469597, 32.67013 ], [ -114.465307, 32.670172 ], [ -114.46529, 32.669677 ], [ -114.469594, 32.669651 ], [ -114.469531, 32.663091 ], [ -114.469478, 32.659467 ], [ -114.473848, 32.659461 ], [ -114.473837, 32.6558 ], [ -114.478117, 32.655746 ], [ -114.47818, 32.663158 ], [ -114.482497, 32.66316 ], [ -114.482533, 32.666676 ], [ -114.485114, 32.666698 ], [ -114.484668, 32.669998 ] ], [ [ -114.478103, 32.673963 ], [ -114.478097, 32.677568 ], [ -114.474099, 32.67758 ], [ -114.474055, 32.673987 ], [ -114.478103, 32.673963 ] ] ] } },
{ "type": "Feature", "properties": { "GEOID": "0404720", "NAME": "Avondale city, Arizona", "population": 100983.0 }, "geometry": { "type": "Polygon", "coordinates": [ [ [ -112.361181, 33.389988 ], [ -112.361173, 33.387251 ], [ -112.361167, 33.377901 ], [ -112.361166, 33.377494 ], [ -112.357284, 33.377608 ], [ -112.322761, 33.377305 ], [ -112.344908, 33.37698 ], [ -112.344917, 33.375619 ], [ -112.340678, 33.375618 ], [ -112.339601, 33.371845 ], [ -112.340667, 33.37003 ], [ -112.340677, 33.362798 ], [ -112.349318, 33.362686 ], [ -112.353642, 33.362735 ], [ -112.357869, 33.362783 ], [ -112.35795, 33.289954 ], [ -112.357923, 33.275848 ], [ -112.357923, 33.27578 ], [ -112.340535, 33.275777 ], [ -112.340537, 33.268531 ], [ -112.349192, 33.268532 ], [ -112.349185, 33.261291 ], [ -112.306155, 33.261197 ], [ -112.306144, 33.290382 ], [ -112.30615, 33.362626 ], [ -112.306122, 33.376996 ], [ -112.306131, 33.380576 ], [ -112.30875, 33.380822 ], [ -112.318847, 33.380919 ], [ -112.319019, 33.384532 ], [ -112.323013, 33.384546 ], [ -112.322853, 33.380101 ], [ -112.322765, 33.377454 ], [ -112.357172, 33.377703 ], [ -112.35717, 33.386031 ], [ -112.357186, 33.393074 ], [ -112.357182, 33.399141 ], [ -112.354994, 33.399111 ], [ -112.340445, 33.39894 ], [ -112.340445, 33.395516 ], [ -112.320777, 33.39555 ], [ -112.314714, 33.395341 ], [ -112.310466, 33.395797 ], [ -112.310491, 33.40252 ], [ -112.30617, 33.402606 ], [ -112.306182, 33.406138 ], [ -112.306202, 33.409768 ], [ -112.297737, 33.409817 ], [ -112.297738, 33.407771 ], [ -112.296995, 33.406309 ], [ -112.302042, 33.406221 ], [ -112.301843, 33.39529 ], [ -112.289253, 33.395452 ], [ -112.289168, 33.392072 ], [ -112.306131, 33.391821 ], [ -112.306131, 33.391776 ], [ -112.289163, 33.392012 ], [ -112.28895, 33.379531 ], [ -112.289067, 33.395454 ], [ -112.28931, 33.406374 ], [ -112.28945, 33.41358 ], [ -112.289514, 33.417354 ], [ -112.297964, 33.41722 ], [ -112.306245, 33.417085 ], [ -112.306287, 33.42069 ], [ -112.297912, 33.420978 ], [ -112.290348, 33.421011 ], [ -112.289575, 33.420985 ], [ -112.289652, 33.428168 ], [ -112.289699, 33.435448 ], [ -112.29383, 33.435457 ], [ -112.302303, 33.43547 ], [ -112.306419, 33.435388 ], [ -112.306425, 33.435485 ], [ -112.306183, 33.435484 ], [ -112.306186, 33.436292 ], [ -112.28969, 33.436318 ], [ -112.289779, 33.446316 ], [ -112.289784, 33.449936 ], [ -112.281181, 33.450108 ], [ -112.28102, 33.450111 ], [ -112.272507, 33.450231 ], [ -112.272537, 33.46144 ], [ -112.272537, 33.464733 ], [ -112.272497, 33.471963 ], [ -112.272485, 33.474826 ], [ -112.276663, 33.474751 ], [ -112.276677, 33.471908 ], [ -112.281268, 33.471849 ], [ -112.28773, 33.471728 ], [ -112.285568, 33.472765 ], [ -112.285567, 33.475393 ], [ -112.272482, 33.475648 ], [ -112.272474, 33.479279 ], [ -112.272473, 33.47932 ], [ -112.272444, 33.493799 ], [ -112.281046, 33.493727 ], [ -112.28135, 33.493721 ], [ -112.290218, 33.493653 ], [ -112.298518, 33.493355 ], [ -112.307561, 33.493094 ], [ -112.310819, 33.492876 ], [ -112.313004, 33.49289 ], [ -112.319586, 33.493198 ], [ -112.31961, 33.496687 ], [ -112.323786, 33.496772 ], [ -112.323988, 33.503925 ], [ -112.328147, 33.503993 ], [ -112.328046, 33.493253 ], [ -112.332171, 33.493259 ], [ -112.332267, 33.493494 ], [ -112.336288, 33.493399 ], [ -112.340869, 33.493416 ], [ -112.340869, 33.493322 ], [ -112.343919, 33.49302 ], [ -112.3459, 33.492139 ], [ -112.351669, 33.488448 ], [ -112.355203, 33.486951 ], [ -112.358008, 33.486084 ], [ -112.358006, 33.480321 ], [ -112.355337, 33.478867 ], [ -112.340938, 33.478797 ], [ -112.340943, 33.471532 ], [ -112.34094, 33.464267 ], [ -112.341047, 33.4577 ], [ -112.341104, 33.449871 ], [ -112.35394, 33.449834 ], [ -112.353958, 33.446208 ], [ -112.349798, 33.446216 ], [ -112.349678, 33.44258 ], [ -112.349803, 33.44258 ], [ -112.353937, 33.442551 ], [ -112.353961, 33.43533 ], [ -112.356337, 33.435333 ], [ -112.356216, 33.43171 ], [ -112.35387, 33.431709 ], [ -112.353739, 33.428041 ], [ -112.352638, 33.428044 ], [ -112.350163, 33.429292 ], [ -112.349882, 33.428947 ], [ -112.357922, 33.424732 ], [ -112.357817, 33.420853 ], [ -112.357545, 33.406541 ], [ -112.35732, 33.392954 ], [ -112.358412, 33.391942 ], [ -112.361196, 33.391841 ], [ -112.361181, 33.389988 ] ], [ [ -112.348973, 33.409869 ], [ -112.344688, 33.409787 ], [ -112.344781, 33.413475 ], [ -112.340623, 33.41346 ], [ -112.340474, 33.406098 ], [ -112.339672, 33.406059 ], [ -112.333934, 33.406087 ], [ -112.334065, 33.40422 ], [ -112.33462, 33.402515 ], [ -112.348887, 33.402707 ], [ -112.348916, 33.406117 ], [ -112.348965, 33.40919 ], [ -112.348973, 33.409869 ] ], [ [ -112.334426, 33.435084 ], [ -112.332726, 33.435102 ], [ -112.332365, 33.435105 ], [ -112.325661, 33.435232 ], [ -112.328437, 33.434417 ], [ -112.332269, 33.434387 ], [ -112.332192, 33.427889 ], [ -112.334394, 33.427916 ], [ -112.334421, 33.432043 ], [ -112.334426, 33.435084 ] ], [ [ -112.332346, 33.445936 ], [ -112.330718, 33.445914 ], [ -112.330688, 33.438885 ], [ -112.330135, 33.435942 ], [ -112.33228, 33.435924 ], [ -112.332306, 33.439757 ], [ -112.332346, 33.445936 ] ], [ [ -112.31515, 33.457314 ], [ -112.310863, 33.457998 ], [ -112.310858, 33.456866 ], [ -112.315148, 33.45687 ], [ -112.31515, 33.457314 ] ], [ [ -112.314165, 33.467714 ], [ -112.312003, 33.467699 ], [ -112.312036, 33.465639 ], [ -112.314037, 33.465631 ], [ -112.314064, 33.463995 ], [ -112.314227, 33.463997 ], [ -112.314165, 33.467714 ] ], [ [ -112.307731, 33.46772 ], [ -112.306611, 33.467723 ], [ -112.306609, 33.466264 ], [ -112.30763, 33.466255 ], [ -112.30762, 33.46698 ], [ -112.307731, 33.46772 ] ], [ [ -112.306543, 33.449674 ], [ -112.298396, 33.449819 ], [ -112.298348, 33.444688 ], [ -112.300641, 33.44467 ], [ -112.301521, 33.446582 ], [ -112.303589, 33.445723 ], [ -112.306516, 33.446126 ], [ -112.306543, 33.449674 ] ], [ [ -112.306939, 33.409769 ], [ -112.306945, 33.41036 ], [ -112.306206, 33.410361 ], [ -112.306202, 33.409768 ], [ -112.306939, 33.409769 ] ] ] } },
{ "type": "Feature", "properties": { "GEOID": "0458150", "NAME": "Queen Creek town, Arizona", "population": 89770.0 }, "geometry": { "type": "MultiPolygon", "coordinates": [ [ [ [ -111.685756, 33.157977 ], [ -111.677282, 33.157947 ], [ -111.677302, 33.161606 ], [ -111.672975, 33.161586 ], [ -111.672997, 33.165231 ], [ -111.668688, 33.165227 ], [ -111.668679, 33.150709 ], [ -111.660035, 33.150719 ], [ -111.660034, 33.147088 ], [ -111.657232, 33.147091 ], [ -111.655721, 33.147092 ], [ -111.655728, 33.161624 ], [ -111.660053, 33.161617 ], [ -111.660059, 33.16888 ], [ -111.664341, 33.168871 ], [ -111.664371, 33.1725 ], [ -111.668685, 33.172501 ], [ -111.668686, 33.174308 ], [ -111.672986, 33.174308 ], [ -111.672986, 33.176124 ], [ -111.668686, 33.176125 ], [ -111.668687, 33.17976 ], [ -111.672988, 33.179766 ], [ -111.672995, 33.183368 ], [ -111.670826, 33.183381 ], [ -111.670837, 33.187029 ], [ -111.672997, 33.187021 ], [ -111.673005, 33.190651 ], [ -111.659997, 33.190645 ], [ -111.655855, 33.19084 ], [ -111.655837, 33.194262 ], [ -111.657048, 33.194241 ], [ -111.65704, 33.195517 ], [ -111.658198, 33.194317 ], [ -111.660478, 33.194306 ], [ -111.660473, 33.19551 ], [ -111.663922, 33.19548 ], [ -111.663962, 33.194308 ], [ -111.66621, 33.194296 ], [ -111.666209, 33.195481 ], [ -111.668668, 33.195496 ], [ -111.66867, 33.191568 ], [ -111.670855, 33.191565 ], [ -111.670867, 33.196112 ], [ -111.668644, 33.196105 ], [ -111.668652, 33.197884 ], [ -111.667372, 33.197866 ], [ -111.667371, 33.199154 ], [ -111.668651, 33.199169 ], [ -111.668639, 33.200328 ], [ -111.667378, 33.20034 ], [ -111.667375, 33.201533 ], [ -111.665083, 33.20153 ], [ -111.663921, 33.199161 ], [ -111.666226, 33.199161 ], [ -111.666213, 33.197868 ], [ -111.665072, 33.196686 ], [ -111.661897, 33.196694 ], [ -111.660478, 33.196699 ], [ -111.660472, 33.199156 ], [ -111.657031, 33.199148 ], [ -111.657032, 33.200357 ], [ -111.661623, 33.20035 ], [ -111.661613, 33.201565 ], [ -111.651372, 33.201607 ], [ -111.651491, 33.204918 ], [ -111.660357, 33.204844 ], [ -111.668625, 33.204749 ], [ -111.668624, 33.202384 ], [ -111.670866, 33.202376 ], [ -111.670819, 33.204731 ], [ -111.685911, 33.204637 ], [ -111.685756, 33.157977 ] ], [ [ -111.672991, 33.172494 ], [ -111.670872, 33.172489 ], [ -111.670824, 33.17159 ], [ -111.668685, 33.171584 ], [ -111.668685, 33.170655 ], [ -111.672991, 33.171124 ], [ -111.672991, 33.172494 ] ] ], [ [ [ -111.703164, 33.244853 ], [ -111.694666, 33.245233 ], [ -111.694467, 33.241563 ], [ -111.685799, 33.241892 ], [ -111.685825, 33.234477 ], [ -111.686164, 33.234485 ], [ -111.688077, 33.234432 ], [ -111.688072, 33.23087 ], [ -111.685833, 33.230737 ], [ -111.685867, 33.21958 ], [ -111.677568, 33.219538 ], [ -111.668981, 33.219468 ], [ -111.66034, 33.219496 ], [ -111.64745, 33.219541 ], [ -111.6431, 33.219558 ], [ -111.642932, 33.216002 ], [ -111.634493, 33.216034 ], [ -111.634445, 33.205067 ], [ -111.636411, 33.205032 ], [ -111.636402, 33.20207 ], [ -111.634456, 33.201805 ], [ -111.634134, 33.201757 ], [ -111.634148, 33.199978 ], [ -111.633105, 33.199983 ], [ -111.633105, 33.201605 ], [ -111.629896, 33.201134 ], [ -111.629896, 33.20509 ], [ -111.582631, 33.205408 ], [ -111.582726, 33.218537 ], [ -111.584175, 33.219836 ], [ -111.593486, 33.229534 ], [ -111.593965, 33.230023 ], [ -111.594101, 33.230161 ], [ -111.593508, 33.230171 ], [ -111.58321, 33.219915 ], [ -111.582736, 33.219978 ], [ -111.582734, 33.219779 ], [ -111.568581, 33.219847 ], [ -111.568611, 33.212098 ], [ -111.563966, 33.212096 ], [ -111.563399, 33.212763 ], [ -111.563351, 33.205514 ], [ -111.561602, 33.198089 ], [ -111.55561, 33.19811 ], [ -111.556027, 33.205277 ], [ -111.546047, 33.205511 ], [ -111.546042, 33.220005 ], [ -111.550139, 33.219988 ], [ -111.560961, 33.219946 ], [ -111.560901, 33.217253 ], [ -111.56317, 33.217244 ], [ -111.566755, 33.217512 ], [ -111.56676, 33.219929 ], [ -111.563222, 33.219932 ], [ -111.563216, 33.223855 ], [ -111.576227, 33.223821 ], [ -111.57625, 33.24539 ], [ -111.58292, 33.245417 ], [ -111.582918, 33.248961 ], [ -111.563251, 33.248998 ], [ -111.563255, 33.263495 ], [ -111.563472, 33.272972 ], [ -111.563266, 33.278039 ], [ -111.529273, 33.278166 ], [ -111.528791, 33.263661 ], [ -111.510652, 33.26366 ], [ -111.510993, 33.264249 ], [ -111.513676, 33.280788 ], [ -111.51486, 33.28567 ], [ -111.518097, 33.292692 ], [ -111.521565, 33.300111 ], [ -111.5224, 33.30011 ], [ -111.563316, 33.300062 ], [ -111.580655, 33.300051 ], [ -111.580667, 33.297847 ], [ -111.583288, 33.297873 ], [ -111.58326, 33.292568 ], [ -111.583195, 33.277383 ], [ -111.583183, 33.277243 ], [ -111.634869, 33.277617 ], [ -111.669406, 33.277896 ], [ -111.669634, 33.277919 ], [ -111.686246, 33.288326 ], [ -111.686111, 33.278238 ], [ -111.685932, 33.271053 ], [ -111.685796, 33.266463 ], [ -111.685663, 33.252803 ], [ -111.685633, 33.249372 ], [ -111.685781, 33.249378 ], [ -111.703158, 33.248533 ], [ -111.703161, 33.24823 ], [ -111.703164, 33.244853 ] ], [ [ -111.669353, 33.274399 ], [ -111.667531, 33.274344 ], [ -111.667507, 33.272481 ], [ -111.667168, 33.270646 ], [ -111.669289, 33.270653 ], [ -111.669353, 33.274399 ] ], [ [ -111.669097, 33.258539 ], [ -111.664872, 33.258601 ], [ -111.664936, 33.260952 ], [ -111.660551, 33.259126 ], [ -111.660515, 33.255443 ], [ -111.663045, 33.25544 ], [ -111.663089, 33.258626 ], [ -111.664216, 33.25861 ], [ -111.664222, 33.255436 ], [ -111.669044, 33.255468 ], [ -111.669097, 33.258539 ] ], [ [ -111.662897, 33.273591 ], [ -111.658114, 33.270615 ], [ -111.662902, 33.270628 ], [ -111.662897, 33.273591 ] ], [ [ -111.65201, 33.263047 ], [ -111.651766, 33.25602 ], [ -111.651884, 33.256022 ], [ -111.65201, 33.263047 ] ], [ [ -111.646347, 33.263402 ], [ -111.635157, 33.263398 ], [ -111.635156, 33.263066 ], [ -111.645799, 33.263112 ], [ -111.646347, 33.263402 ] ], [ [ -111.631433, 33.226859 ], [ -111.617291, 33.226908 ], [ -111.617351, 33.223266 ], [ -111.630171, 33.223224 ], [ -111.630184, 33.225029 ], [ -111.631435, 33.225029 ], [ -111.631433, 33.226859 ] ], [ [ -111.617249, 33.245179 ], [ -111.617079, 33.245074 ], [ -111.617156, 33.234315 ], [ -111.617504, 33.244893 ], [ -111.617249, 33.245179 ] ], [ [ -111.61051, 33.226915 ], [ -111.609019, 33.22692 ], [ -111.598162, 33.226759 ], [ -111.598159, 33.224796 ], [ -111.599997, 33.224706 ], [ -111.599976, 33.218056 ], [ -111.601489, 33.218049 ], [ -111.601493, 33.219664 ], [ -111.608598, 33.219638 ], [ -111.608596, 33.225298 ], [ -111.610502, 33.225293 ], [ -111.61051, 33.226915 ] ], [ [ -111.608847, 33.258735 ], [ -111.600172, 33.258692 ], [ -111.600165, 33.257899 ], [ -111.600146, 33.255927 ], [ -111.608798, 33.255849 ], [ -111.608847, 33.258735 ] ], [ [ -111.608644, 33.230516 ], [ -111.605438, 33.230531 ], [ -111.594499, 33.230582 ], [ -111.594251, 33.230318 ], [ -111.597388, 33.229757 ], [ -111.599994, 33.229363 ], [ -111.600685, 33.228843 ], [ -111.600686, 33.227141 ], [ -111.604869, 33.227104 ], [ -111.604873, 33.228067 ], [ -111.605859, 33.228068 ], [ -111.605858, 33.227104 ], [ -111.608613, 33.227097 ], [ -111.608644, 33.230516 ] ], [ [ -111.592588, 33.248417 ], [ -111.588626, 33.248423 ], [ -111.583836, 33.24848 ], [ -111.583132, 33.244948 ], [ -111.591399, 33.245027 ], [ -111.592567, 33.246218 ], [ -111.592588, 33.248417 ] ], [ [ -111.591371, 33.244921 ], [ -111.58738, 33.244888 ], [ -111.587378, 33.243314 ], [ -111.591402, 33.243322 ], [ -111.591371, 33.244921 ] ], [ [ -111.584483, 33.244837 ], [ -111.583129, 33.244837 ], [ -111.583113, 33.243458 ], [ -111.584475, 33.243459 ], [ -111.584483, 33.244837 ] ] ] ] } },
{ "type": "Feature", "properties": { "GEOID": "0444410", "NAME": "Maricopa city, Arizona", "population": 78362.0 }, "geometry": { "type": "MultiPolygon", "coordinates": [ [ [ [ -111.937535, 32.97692 ], [ -111.929035, 32.976859 ], [ -111.920563, 32.976753 ], [ -111.920557, 32.973027 ], [ -111.929026, 32.973144 ], [ -111.929017, 32.969427 ], [ -111.920551, 32.969302 ], [ -111.920525, 32.9544 ], [ -111.911998, 32.954246 ], [ -111.912108, 32.972886 ], [ -111.912107, 32.973339 ], [ -111.912216, 32.973397 ], [ -111.912189, 32.973724 ], [ -111.913636, 32.974353 ], [ -111.929068, 32.983776 ], [ -111.929947, 32.984353 ], [ -111.934523, 32.987222 ], [ -111.937438, 32.989047 ], [ -111.937535, 32.97692 ] ] ], [ [ [ -112.091272, 33.065267 ], [ -112.082628, 33.065248 ], [ -112.082404, 33.058068 ], [ -112.078217, 33.058025 ], [ -112.078192, 33.050721 ], [ -112.06528, 33.05049 ], [ -112.06525, 33.046898 ], [ -112.065223, 33.043379 ], [ -112.065172, 33.039839 ], [ -112.056522, 33.039869 ], [ -112.05648, 33.036361 ], [ -112.047942, 33.036388 ], [ -112.048083, 33.014511 ], [ -112.047857, 33.01451 ], [ -112.030758, 33.014459 ], [ -112.030417, 33.014028 ], [ -112.030533, 33.000111 ], [ -112.013694, 33.000034 ], [ -111.997014, 32.999313 ], [ -111.962812, 32.99938 ], [ -111.937436, 32.999218 ], [ -111.928956, 32.99919 ], [ -111.920411, 32.999125 ], [ -111.920443, 33.008669 ], [ -111.922636, 33.00869 ], [ -111.922694, 33.014167 ], [ -111.928983, 33.014178 ], [ -111.927596, 33.028964 ], [ -111.927276, 33.065542 ], [ -111.944849, 33.065783 ], [ -111.961926, 33.065353 ], [ -111.97054, 33.065371 ], [ -111.979154, 33.065353 ], [ -111.97905, 33.058168 ], [ -111.996256, 33.05856 ], [ -111.996117, 33.087706 ], [ -111.99716, 33.087939 ], [ -112.013061, 33.087981 ], [ -112.013226, 33.08793 ], [ -112.030529, 33.086986 ], [ -112.036424, 33.087112 ], [ -112.048129, 33.087394 ], [ -112.048124, 33.086905 ], [ -112.047969, 33.072401 ], [ -112.054426, 33.072378 ], [ -112.065601, 33.072346 ], [ -112.06527, 33.086931 ], [ -112.082736, 33.087082 ], [ -112.082791, 33.076474 ], [ -112.082781, 33.073786 ], [ -112.082777, 33.0725 ], [ -112.091364, 33.072524 ], [ -112.091272, 33.065267 ] ], [ [ -112.03932, 33.043576 ], [ -112.031688, 33.043529 ], [ -112.030687, 33.043514 ], [ -112.03083, 33.029051 ], [ -112.03936, 33.029043 ], [ -112.03932, 33.043576 ] ], [ [ -112.013145, 33.036366 ], [ -112.005009, 33.036365 ], [ -112.004996, 33.036216 ], [ -112.00506, 33.030618 ], [ -112.005291, 33.030378 ], [ -112.013626, 33.035505 ], [ -112.013145, 33.036366 ] ] ], [ [ [ -112.134492, 33.078688 ], [ -112.124212, 33.079212 ], [ -112.117535, 33.079217 ], [ -112.117516, 33.072575 ], [ -112.10036, 33.072551 ], [ -112.100385, 33.07965 ], [ -112.095675, 33.079655 ], [ -112.095716, 33.08706 ], [ -112.134648, 33.086912 ], [ -112.134492, 33.078688 ] ] ] ] } },
{ "type": "Feature", "properties": { "GEOID": "0423620", "NAME": "Flagstaff city, Arizona", "population": 77260.0 }, "geometry": { "type": "Polygon", "coordinates": [ [ [ -111.719104, 35.1808 ], [ -111.713887, 35.181009 ], [ -111.709715, 35.180622 ], [ -111.70121, 35.180746 ], [ -111.701589, 35.165418 ], [ -111.701555, 35.163551 ], [ -111.701269, 35.151467 ], [ -111.686225, 35.15163 ], [ -111.686056, 35.134301 ], [ -111.686429, 35.128278 ], [ -111.686138, 35.127328 ], [ -111.686045, 35.126972 ], [ -111.686031, 35.122397 ], [ -111.682826, 35.122416 ], [ -111.677092, 35.122443 ], [ -111.677142, 35.129739 ], [ -111.668198, 35.129766 ], [ -111.668164, 35.124986 ], [ -111.672951, 35.125674 ], [ -111.672957, 35.122839 ], [ -111.672957, 35.122464 ], [ -111.657546, 35.122636 ], [ -111.599716, 35.122943 ], [ -111.597715, 35.122956 ], [ -111.597831, 35.128771 ], [ -111.598359, 35.150433 ], [ -111.598395, 35.152212 ], [ -111.595665, 35.152284 ], [ -111.595666, 35.151999 ], [ -111.592837, 35.151973 ], [ -111.583867, 35.15189 ], [ -111.559375, 35.151877 ], [ -111.559972, 35.166674 ], [ -111.543246, 35.166731 ], [ -111.542498, 35.173947 ], [ -111.52458, 35.173704 ], [ -111.5246, 35.188384 ], [ -111.524554, 35.192845 ], [ -111.524525, 35.195452 ], [ -111.506966, 35.195526 ], [ -111.506969, 35.198259 ], [ -111.506969, 35.207062 ], [ -111.506963, 35.210814 ], [ -111.507992, 35.211929 ], [ -111.509492, 35.212774 ], [ -111.514047, 35.213788 ], [ -111.520274, 35.213171 ], [ -111.527567, 35.214947 ], [ -111.535847, 35.216999 ], [ -111.543147, 35.217969 ], [ -111.550204, 35.21677 ], [ -111.553245, 35.217618 ], [ -111.567295, 35.219819 ], [ -111.575727, 35.221138 ], [ -111.577982, 35.2212 ], [ -111.583559, 35.220681 ], [ -111.586399, 35.219796 ], [ -111.604162, 35.210678 ], [ -111.604718, 35.21068 ], [ -111.595485, 35.215621 ], [ -111.586885, 35.220158 ], [ -111.583368, 35.221282 ], [ -111.579937, 35.221796 ], [ -111.57651, 35.221765 ], [ -111.567135, 35.220353 ], [ -111.55178, 35.217948 ], [ -111.550035, 35.217828 ], [ -111.543824, 35.218533 ], [ -111.537497, 35.217887 ], [ -111.528011, 35.215649 ], [ -111.524615, 35.214815 ], [ -111.524625, 35.219916 ], [ -111.524697, 35.233101 ], [ -111.524743, 35.239362 ], [ -111.533605, 35.239961 ], [ -111.542475, 35.240143 ], [ -111.566905, 35.239873 ], [ -111.56689, 35.241567 ], [ -111.568758, 35.241624 ], [ -111.570699, 35.239863 ], [ -111.5778, 35.239888 ], [ -111.578076, 35.231448 ], [ -111.586834, 35.231468 ], [ -111.586826, 35.232615 ], [ -111.625781, 35.232535 ], [ -111.631479, 35.232271 ], [ -111.631331, 35.225289 ], [ -111.640174, 35.225231 ], [ -111.640163, 35.221585 ], [ -111.644585, 35.221558 ], [ -111.644914, 35.218402 ], [ -111.647514, 35.219266 ], [ -111.648983, 35.2179 ], [ -111.64906, 35.225173 ], [ -111.657621, 35.225187 ], [ -111.659806, 35.225176 ], [ -111.658106, 35.223402 ], [ -111.65786, 35.222088 ], [ -111.658951, 35.221546 ], [ -111.662334, 35.221557 ], [ -111.662418, 35.225163 ], [ -111.659077, 35.227079 ], [ -111.658958, 35.226901 ], [ -111.654583, 35.228082 ], [ -111.654578, 35.232393 ], [ -111.656041, 35.232387 ], [ -111.657415, 35.236032 ], [ -111.657419, 35.239674 ], [ -111.658091, 35.239723 ], [ -111.658187, 35.243274 ], [ -111.660392, 35.243271 ], [ -111.660305, 35.239726 ], [ -111.666513, 35.239763 ], [ -111.667641, 35.239651 ], [ -111.671819, 35.239597 ], [ -111.679768, 35.239559 ], [ -111.701424, 35.238991 ], [ -111.701429, 35.230291 ], [ -111.701432, 35.224483 ], [ -111.719021, 35.224407 ], [ -111.718976, 35.209781 ], [ -111.701283, 35.209926 ], [ -111.701378, 35.193484 ], [ -111.697061, 35.193985 ], [ -111.697097, 35.195369 ], [ -111.690479, 35.195413 ], [ -111.689351, 35.194584 ], [ -111.683798, 35.196698 ], [ -111.678768, 35.195187 ], [ -111.673957, 35.194822 ], [ -111.670748, 35.192918 ], [ -111.669019, 35.192644 ], [ -111.662644, 35.195958 ], [ -111.662057, 35.195925 ], [ -111.667808, 35.192411 ], [ -111.669452, 35.192126 ], [ -111.67492, 35.194484 ], [ -111.678426, 35.194564 ], [ -111.684282, 35.196113 ], [ -111.687113, 35.19489 ], [ -111.687094, 35.188407 ], [ -111.689407, 35.188863 ], [ -111.691503, 35.189026 ], [ -111.691495, 35.189943 ], [ -111.690409, 35.189946 ], [ -111.690427, 35.192674 ], [ -111.696949, 35.192619 ], [ -111.696948, 35.189723 ], [ -111.702992, 35.191276 ], [ -111.703687, 35.189531 ], [ -111.705704, 35.190045 ], [ -111.704775, 35.184474 ], [ -111.7012, 35.183503 ], [ -111.701185, 35.182455 ], [ -111.705966, 35.183913 ], [ -111.709888, 35.184679 ], [ -111.714523, 35.186562 ], [ -111.718868, 35.187941 ], [ -111.719104, 35.1808 ] ], [ [ -111.683598, 35.166274 ], [ -111.679164, 35.166285 ], [ -111.679178, 35.162632 ], [ -111.683586, 35.162616 ], [ -111.683594, 35.165136 ], [ -111.683598, 35.166274 ] ], [ [ -111.679361, 35.191873 ], [ -111.674923, 35.191944 ], [ -111.674855, 35.188057 ], [ -111.679308, 35.18794 ], [ -111.679361, 35.191873 ] ], [ [ -111.657866, 35.220414 ], [ -111.656871, 35.2204 ], [ -111.656434, 35.217977 ], [ -111.657764, 35.217985 ], [ -111.657853, 35.218182 ], [ -111.657866, 35.220414 ] ], [ [ -111.656074, 35.217919 ], [ -111.655248, 35.217923 ], [ -111.655245, 35.216146 ], [ -111.655066, 35.215874 ], [ -111.656068, 35.215873 ], [ -111.656074, 35.217919 ] ], [ [ -111.648171, 35.155522 ], [ -111.643717, 35.155544 ], [ -111.64366, 35.151875 ], [ -111.648096, 35.15184 ], [ -111.648171, 35.155522 ] ], [ [ -111.632704, 35.142251 ], [ -111.629453, 35.142253 ], [ -111.62727, 35.141346 ], [ -111.625043, 35.139038 ], [ -111.623914, 35.13772 ], [ -111.626128, 35.138623 ], [ -111.629345, 35.137715 ], [ -111.629423, 35.139526 ], [ -111.631608, 35.139523 ], [ -111.632699, 35.138612 ], [ -111.632704, 35.142251 ] ], [ [ -111.628951, 35.191361 ], [ -111.628503, 35.19135 ], [ -111.626409, 35.191923 ], [ -111.626406, 35.190694 ], [ -111.628904, 35.190701 ], [ -111.628951, 35.191361 ] ], [ [ -111.615136, 35.13774 ], [ -111.610723, 35.137761 ], [ -111.610738, 35.136577 ], [ -111.608565, 35.135042 ], [ -111.606414, 35.133251 ], [ -111.609684, 35.133227 ], [ -111.610776, 35.13231 ], [ -111.611858, 35.134118 ], [ -111.615135, 35.134099 ], [ -111.615136, 35.13774 ] ], [ [ -111.613159, 35.178804 ], [ -111.610973, 35.181547 ], [ -111.608778, 35.181556 ], [ -111.608752, 35.17973 ], [ -111.610952, 35.178814 ], [ -111.610891, 35.172233 ], [ -111.610865, 35.170604 ], [ -111.613066, 35.170608 ], [ -111.613159, 35.178804 ] ], [ [ -111.603252, 35.181524 ], [ -111.602162, 35.181521 ], [ -111.598838, 35.181586 ], [ -111.5988, 35.176078 ], [ -111.597707, 35.176083 ], [ -111.597695, 35.174246 ], [ -111.600984, 35.174251 ], [ -111.60209, 35.174252 ], [ -111.603205, 35.176088 ], [ -111.603252, 35.181524 ] ], [ [ -111.589132, 35.228385 ], [ -111.588537, 35.228386 ], [ -111.58853, 35.22896 ], [ -111.586866, 35.228948 ], [ -111.586895, 35.227209 ], [ -111.587277, 35.227194 ], [ -111.587021, 35.226075 ], [ -111.588056, 35.226072 ], [ -111.588009, 35.228277 ], [ -111.588544, 35.227944 ], [ -111.589138, 35.227945 ], [ -111.589132, 35.228385 ] ], [ [ -111.585656, 35.225335 ], [ -111.583046, 35.225349 ], [ -111.583423, 35.225074 ], [ -111.582909, 35.22463 ], [ -111.583159, 35.224437 ], [ -111.583775, 35.224009 ], [ -111.584117, 35.224339 ], [ -111.584513, 35.224088 ], [ -111.585656, 35.225335 ] ], [ [ -111.573662, 35.226739 ], [ -111.572992, 35.226798 ], [ -111.572987, 35.225297 ], [ -111.573657, 35.225295 ], [ -111.573662, 35.226739 ] ], [ [ -111.560246, 35.217559 ], [ -111.553561, 35.216348 ], [ -111.550563, 35.215711 ], [ -111.554673, 35.215736 ], [ -111.554682, 35.213895 ], [ -111.556932, 35.213907 ], [ -111.560251, 35.213926 ], [ -111.560246, 35.217559 ] ], [ [ -111.55905, 35.23074 ], [ -111.554802, 35.230764 ], [ -111.5547, 35.227152 ], [ -111.55903, 35.227155 ], [ -111.55905, 35.23074 ] ], [ [ -111.553203, 35.227781 ], [ -111.551592, 35.228639 ], [ -111.551327, 35.228686 ], [ -111.551315, 35.225335 ], [ -111.553192, 35.225341 ], [ -111.553203, 35.227781 ] ] ] } },
{ "type": "Feature", "properties": { "GEOID": "0410530", "NAME": "Casa Grande city, Arizona", "population": 69753.0 }, "geometry": { "type": "Polygon", "coordinates": [ [ [ -111.912216, 32.973397 ], [ -111.912107, 32.973339 ], [ -111.912108, 32.972886 ], [ -111.905567, 32.968858 ], [ -111.904753, 32.968817 ], [ -111.90361, 32.968117 ], [ -111.903593, 32.954036 ], [ -111.895038, 32.953833 ], [ -111.895103, 32.939983 ], [ -111.890794, 32.940014 ], [ -111.890793, 32.938224 ], [ -111.895127, 32.938227 ], [ -111.89485, 32.893926 ], [ -111.912068, 32.893897 ], [ -111.912036, 32.886673 ], [ -111.903456, 32.886665 ], [ -111.903448, 32.879413 ], [ -111.909921, 32.879395 ], [ -111.909908, 32.87486 ], [ -111.912026, 32.874862 ], [ -111.912034, 32.872141 ], [ -111.877606, 32.872217 ], [ -111.860581, 32.872179 ], [ -111.860592, 32.87673 ], [ -111.864916, 32.876743 ], [ -111.864911, 32.879461 ], [ -111.867065, 32.879654 ], [ -111.867069, 32.883112 ], [ -111.860593, 32.883122 ], [ -111.860604, 32.879449 ], [ -111.843393, 32.879393 ], [ -111.843394, 32.885571 ], [ -111.841783, 32.88729 ], [ -111.838744, 32.885173 ], [ -111.837771, 32.88622 ], [ -111.842324, 32.890198 ], [ -111.84336, 32.890094 ], [ -111.843353, 32.892563 ], [ -111.84808, 32.894092 ], [ -111.851987, 32.894088 ], [ -111.852119, 32.901391 ], [ -111.860713, 32.901353 ], [ -111.860757, 32.908674 ], [ -111.86901, 32.90873 ], [ -111.869287, 32.915873 ], [ -111.860577, 32.915927 ], [ -111.860491, 32.923269 ], [ -111.85186, 32.918296 ], [ -111.843543, 32.916915 ], [ -111.843641, 32.915958 ], [ -111.826275, 32.916006 ], [ -111.826248, 32.920068 ], [ -111.826282, 32.938253 ], [ -111.834891, 32.938251 ], [ -111.83474, 32.945505 ], [ -111.843347, 32.945505 ], [ -111.843249, 32.960017 ], [ -111.813336, 32.959978 ], [ -111.806543, 32.960702 ], [ -111.806537, 32.955604 ], [ -111.808592, 32.955612 ], [ -111.808583, 32.949113 ], [ -111.807157, 32.948564 ], [ -111.807007, 32.945833 ], [ -111.808579, 32.945501 ], [ -111.808573, 32.93814 ], [ -111.79104, 32.938158 ], [ -111.782478, 32.938267 ], [ -111.782504, 32.930447 ], [ -111.773723, 32.930498 ], [ -111.773724, 32.934713 ], [ -111.765695, 32.934833 ], [ -111.760225, 32.935384 ], [ -111.76015, 32.934446 ], [ -111.756925, 32.934492 ], [ -111.756955, 32.930791 ], [ -111.765546, 32.930229 ], [ -111.773894, 32.930081 ], [ -111.773956, 32.923044 ], [ -111.791012, 32.923067 ], [ -111.79119, 32.92985 ], [ -111.79989, 32.929919 ], [ -111.800021, 32.92319 ], [ -111.825501, 32.923361 ], [ -111.825544, 32.919628 ], [ -111.809148, 32.909331 ], [ -111.787332, 32.895842 ], [ -111.787322, 32.892126 ], [ -111.789479, 32.892126 ], [ -111.789409, 32.88668 ], [ -111.791486, 32.88668 ], [ -111.791581, 32.897654 ], [ -111.808889, 32.908386 ], [ -111.820242, 32.915417 ], [ -111.82645, 32.915458 ], [ -111.826243, 32.908124 ], [ -111.826183, 32.901406 ], [ -111.817466, 32.901362 ], [ -111.817471, 32.897723 ], [ -111.813216, 32.897701 ], [ -111.813195, 32.894061 ], [ -111.808906, 32.894035 ], [ -111.800279, 32.893949 ], [ -111.800218, 32.886701 ], [ -111.808929, 32.886731 ], [ -111.826115, 32.886757 ], [ -111.82616, 32.879401 ], [ -111.817527, 32.879389 ], [ -111.817488, 32.872134 ], [ -111.813177, 32.872116 ], [ -111.813174, 32.871105 ], [ -111.810753, 32.8711 ], [ -111.810755, 32.872947 ], [ -111.808882, 32.87294 ], [ -111.808891, 32.879379 ], [ -111.800216, 32.879389 ], [ -111.800248, 32.86476 ], [ -111.800228, 32.861158 ], [ -111.795928, 32.861121 ], [ -111.795912, 32.85736 ], [ -111.791571, 32.857419 ], [ -111.791599, 32.853897 ], [ -111.787267, 32.853918 ], [ -111.787254, 32.850228 ], [ -111.765983, 32.850357 ], [ -111.76601, 32.859427 ], [ -111.770331, 32.859461 ], [ -111.77035, 32.864872 ], [ -111.757369, 32.864903 ], [ -111.757388, 32.868554 ], [ -111.751937, 32.868573 ], [ -111.7518, 32.871993 ], [ -111.749751, 32.872003 ], [ -111.738504, 32.864954 ], [ -111.737128, 32.864945 ], [ -111.735885, 32.864938 ], [ -111.735788, 32.872274 ], [ -111.727091, 32.872267 ], [ -111.727162, 32.868606 ], [ -111.731517, 32.868608 ], [ -111.731464, 32.867722 ], [ -111.727357, 32.864903 ], [ -111.722874, 32.864892 ], [ -111.716052, 32.864856 ], [ -111.716027, 32.861177 ], [ -111.717574, 32.861182 ], [ -111.717609, 32.858747 ], [ -111.713929, 32.858737 ], [ -111.713916, 32.85972 ], [ -111.71127, 32.859722 ], [ -111.711308, 32.857172 ], [ -111.708987, 32.857164 ], [ -111.709051, 32.851765 ], [ -111.705676, 32.85177 ], [ -111.705695, 32.850412 ], [ -111.70218, 32.850413 ], [ -111.702124, 32.843405 ], [ -111.689899, 32.835781 ], [ -111.696996, 32.835812 ], [ -111.697006, 32.838904 ], [ -111.699363, 32.839857 ], [ -111.701797, 32.838452 ], [ -111.703083, 32.837031 ], [ -111.709924, 32.83581 ], [ -111.70997, 32.83946 ], [ -111.718585, 32.839445 ], [ -111.718552, 32.835786 ], [ -111.722866, 32.835773 ], [ -111.722868, 32.8348 ], [ -111.722875, 32.828572 ], [ -111.714244, 32.828578 ], [ -111.714242, 32.821351 ], [ -111.70569, 32.821315 ], [ -111.705631, 32.806737 ], [ -111.739874, 32.806669 ], [ -111.740065, 32.82133 ], [ -111.757384, 32.821231 ], [ -111.757384, 32.821132 ], [ -111.757176, 32.806626 ], [ -111.757303, 32.806625 ], [ -111.757281, 32.799867 ], [ -111.757201, 32.799274 ], [ -111.73993, 32.799381 ], [ -111.739954, 32.777572 ], [ -111.722724, 32.777503 ], [ -111.722639, 32.792184 ], [ -111.705574, 32.792087 ], [ -111.697094, 32.792035 ], [ -111.697079, 32.795718 ], [ -111.692801, 32.795718 ], [ -111.692784, 32.80302 ], [ -111.697055, 32.803028 ], [ -111.697068, 32.806707 ], [ -111.68847, 32.806651 ], [ -111.68847, 32.813898 ], [ -111.679769, 32.813965 ], [ -111.67977, 32.814516 ], [ -111.67977, 32.81463 ], [ -111.679773, 32.817628 ], [ -111.678857, 32.817632 ], [ -111.673332, 32.817663 ], [ -111.673328, 32.821315 ], [ -111.671077, 32.821328 ], [ -111.671046, 32.823192 ], [ -111.666764, 32.821312 ], [ -111.653769, 32.821242 ], [ -111.653769, 32.821339 ], [ -111.653733, 32.828353 ], [ -111.636825, 32.828527 ], [ -111.636804, 32.829942 ], [ -111.636728, 32.847535 ], [ -111.636728, 32.850405 ], [ -111.645373, 32.850444 ], [ -111.651421, 32.850455 ], [ -111.650641, 32.85306 ], [ -111.646921, 32.854057 ], [ -111.64534, 32.853597 ], [ -111.645313, 32.865051 ], [ -111.636628, 32.86502 ], [ -111.636468, 32.879793 ], [ -111.62781, 32.879724 ], [ -111.619116, 32.879693 ], [ -111.619008, 32.886958 ], [ -111.61043, 32.886968 ], [ -111.610255, 32.901571 ], [ -111.618815, 32.901564 ], [ -111.618773, 32.904279 ], [ -111.623142, 32.904319 ], [ -111.623076, 32.9089 ], [ -111.644724, 32.908932 ], [ -111.644672, 32.916299 ], [ -111.653267, 32.916344 ], [ -111.653268, 32.916305 ], [ -111.670371, 32.916099 ], [ -111.670493, 32.906888 ], [ -111.672639, 32.906884 ], [ -111.672654, 32.90508 ], [ -111.674832, 32.905084 ], [ -111.674801, 32.908726 ], [ -111.67305, 32.908711 ], [ -111.673042, 32.910585 ], [ -111.671418, 32.910575 ], [ -111.671404, 32.912351 ], [ -111.674781, 32.912353 ], [ -111.674759, 32.916047 ], [ -111.679111, 32.916073 ], [ -111.679136, 32.912412 ], [ -111.683472, 32.91244 ], [ -111.683426, 32.919785 ], [ -111.688289, 32.91964 ], [ -111.690418, 32.923391 ], [ -111.693637, 32.92833 ], [ -111.699938, 32.936075 ], [ -111.703205, 32.937334 ], [ -111.703716, 32.938232 ], [ -111.703784, 32.94072 ], [ -111.706159, 32.943922 ], [ -111.718709, 32.960193 ], [ -111.713523, 32.960132 ], [ -111.713539, 32.967358 ], [ -111.722175, 32.967474 ], [ -111.722168, 32.964501 ], [ -111.722164, 32.963983 ], [ -111.725264, 32.96718 ], [ -111.730779, 32.967473 ], [ -111.73078, 32.967624 ], [ -111.748067, 32.96765 ], [ -111.748033, 32.972027 ], [ -111.752226, 32.972034 ], [ -111.752223, 32.969835 ], [ -111.756638, 32.96984 ], [ -111.756865, 32.973858 ], [ -111.758916, 32.973834 ], [ -111.758913, 32.971079 ], [ -111.765421, 32.97101 ], [ -111.765363, 32.967518 ], [ -111.774042, 32.967424 ], [ -111.78482, 32.967317 ], [ -111.791064, 32.967264 ], [ -111.791046, 32.981584 ], [ -111.784789, 32.981638 ], [ -111.784788, 32.981679 ], [ -111.77402, 32.981747 ], [ -111.765474, 32.981827 ], [ -111.765477, 32.978309 ], [ -111.765369, 32.97468 ], [ -111.756866, 32.974756 ], [ -111.756866, 32.974871 ], [ -111.756761, 32.975215 ], [ -111.748075, 32.975202 ], [ -111.748078, 32.978376 ], [ -111.73942, 32.978365 ], [ -111.739408, 32.985527 ], [ -111.748236, 32.996511 ], [ -111.756414, 32.996524 ], [ -111.756831, 32.994427 ], [ -111.756901, 32.98934 ], [ -111.765301, 32.989261 ], [ -111.765306, 32.996451 ], [ -111.774109, 32.99639 ], [ -111.773989, 32.988206 ], [ -111.78272, 32.988116 ], [ -111.78261, 32.996361 ], [ -111.823745, 32.99629 ], [ -111.856342, 32.996205 ], [ -111.856316, 32.992623 ], [ -111.860652, 32.992625 ], [ -111.860662, 32.989002 ], [ -111.877805, 32.989035 ], [ -111.877959, 32.981763 ], [ -111.895131, 32.981721 ], [ -111.895127, 32.982871 ], [ -111.912153, 32.984144 ], [ -111.912189, 32.973724 ], [ -111.912216, 32.973397 ] ], [ [ -111.895114, 32.974441 ], [ -111.894537, 32.974444 ], [ -111.8865, 32.974479 ], [ -111.886434, 32.967236 ], [ -111.895115, 32.967189 ], [ -111.895114, 32.974441 ] ], [ [ -111.877805, 32.95187 ], [ -111.877797, 32.952799 ], [ -111.869142, 32.952779 ], [ -111.869162, 32.94652 ], [ -111.869163, 32.94553 ], [ -111.877812, 32.94553 ], [ -111.877805, 32.95187 ] ] ] } },
{ "type": "Feature", "properties": { "GEOID": "0444270", "NAME": "Marana town, Arizona", "population": 65523.0 }, "geometry": { "type": "Polygon", "coordinates": [ [ [ -111.304119, 32.471711 ], [ -111.299135, 32.47141 ], [ -111.295617, 32.469409 ], [ -111.292459, 32.469407 ], [ -111.292445, 32.47315 ], [ -111.287098, 32.473041 ], [ -111.287126, 32.471688 ], [ -111.290865, 32.471686 ], [ -111.290867, 32.469405 ], [ -111.289227, 32.46754 ], [ -111.288627, 32.464791 ], [ -111.287182, 32.464736 ], [ -111.287194, 32.465836 ], [ -111.278381, 32.465759 ], [ -111.278459, 32.45518 ], [ -111.278468, 32.453561 ], [ -111.274982, 32.452993 ], [ -111.272179, 32.45527 ], [ -111.270004, 32.45558 ], [ -111.268515, 32.454679 ], [ -111.26229, 32.447957 ], [ -111.259648, 32.444323 ], [ -111.259729, 32.435532 ], [ -111.259733, 32.424153 ], [ -111.270014, 32.424075 ], [ -111.270024, 32.422136 ], [ -111.282732, 32.422194 ], [ -111.282755, 32.418589 ], [ -111.287031, 32.418588 ], [ -111.28704, 32.407875 ], [ -111.276637, 32.407844 ], [ -111.276561, 32.39329 ], [ -111.274433, 32.393198 ], [ -111.272844, 32.393422 ], [ -111.269958, 32.393432 ], [ -111.269961, 32.394615 ], [ -111.269075, 32.394808 ], [ -111.26378, 32.394899 ], [ -111.263775, 32.395122 ], [ -111.251071, 32.395165 ], [ -111.251078, 32.402484 ], [ -111.241668, 32.402464 ], [ -111.233968, 32.402492 ], [ -111.233963, 32.383659 ], [ -111.233773, 32.36584 ], [ -111.21664, 32.365893 ], [ -111.216476, 32.369938 ], [ -111.18245, 32.37003 ], [ -111.182466, 32.380761 ], [ -111.182466, 32.380847 ], [ -111.173962, 32.380858 ], [ -111.173995, 32.388145 ], [ -111.165448, 32.388158 ], [ -111.165405, 32.385711 ], [ -111.165394, 32.385075 ], [ -111.169289, 32.380892 ], [ -111.159082, 32.380909 ], [ -111.148637, 32.378147 ], [ -111.148659, 32.380947 ], [ -111.144399, 32.380978 ], [ -111.144343, 32.378246 ], [ -111.138877, 32.378292 ], [ -111.139388, 32.376452 ], [ -111.139673, 32.375504 ], [ -111.139831, 32.37486 ], [ -111.140093, 32.374605 ], [ -111.140081, 32.373753 ], [ -111.140015, 32.368282 ], [ -111.137945, 32.368222 ], [ -111.137911, 32.366469 ], [ -111.140028, 32.36646 ], [ -111.139997, 32.362807 ], [ -111.148593, 32.362797 ], [ -111.14843, 32.351987 ], [ -111.139932, 32.352026 ], [ -111.135684, 32.352038 ], [ -111.135693, 32.353768 ], [ -111.137844, 32.353771 ], [ -111.137875, 32.355613 ], [ -111.139875, 32.355608 ], [ -111.139897, 32.359115 ], [ -111.135728, 32.359125 ], [ -111.135654, 32.355625 ], [ -111.131413, 32.355637 ], [ -111.131369, 32.351869 ], [ -111.131359, 32.348449 ], [ -111.122812, 32.348445 ], [ -111.11425, 32.348423 ], [ -111.114219, 32.344797 ], [ -111.118474, 32.344796 ], [ -111.118498, 32.340631 ], [ -111.114222, 32.340598 ], [ -111.114222, 32.341217 ], [ -111.114199, 32.341217 ], [ -111.107858, 32.341165 ], [ -111.107845, 32.344068 ], [ -111.105693, 32.344054 ], [ -111.103535, 32.343024 ], [ -111.101848, 32.3448 ], [ -111.101841, 32.344808 ], [ -111.097067, 32.344804 ], [ -111.097126, 32.33815 ], [ -111.097123, 32.337573 ], [ -111.090751, 32.337572 ], [ -111.090716, 32.336094 ], [ -111.088622, 32.3361 ], [ -111.088527, 32.330475 ], [ -111.081185, 32.330467 ], [ -111.079964, 32.334969 ], [ -111.078455, 32.332371 ], [ -111.075674, 32.330346 ], [ -111.07566, 32.328452 ], [ -111.075643, 32.326483 ], [ -111.069091, 32.323995 ], [ -111.06718, 32.323114 ], [ -111.064935, 32.320887 ], [ -111.063028, 32.318225 ], [ -111.063024, 32.318124 ], [ -111.062671, 32.317898 ], [ -111.062997, 32.317623 ], [ -111.064981, 32.31596 ], [ -111.067075, 32.315958 ], [ -111.067101, 32.308718 ], [ -111.062874, 32.308654 ], [ -111.0545, 32.30872 ], [ -111.054453, 32.310648 ], [ -111.054588, 32.310794 ], [ -111.054567, 32.312347 ], [ -111.054428, 32.312351 ], [ -111.052669, 32.313217 ], [ -111.049639, 32.31335 ], [ -111.04821, 32.313519 ], [ -111.047548, 32.313688 ], [ -111.04729, 32.313332 ], [ -111.046007, 32.313301 ], [ -111.045992, 32.314736 ], [ -111.045699, 32.314894 ], [ -111.045986, 32.315315 ], [ -111.045984, 32.315417 ], [ -111.044675, 32.316457 ], [ -111.044357, 32.316531 ], [ -111.044894, 32.318183 ], [ -111.045941, 32.319666 ], [ -111.044061, 32.320911 ], [ -111.042603, 32.320903 ], [ -111.042751, 32.323282 ], [ -111.037356, 32.32322 ], [ -111.037455, 32.326287 ], [ -111.045772, 32.326671 ], [ -111.045797, 32.327467 ], [ -111.045991, 32.3329 ], [ -111.046383, 32.33409 ], [ -111.046244, 32.334378 ], [ -111.041617, 32.337488 ], [ -111.041283, 32.337885 ], [ -111.043696, 32.339358 ], [ -111.046904, 32.339275 ], [ -111.051177, 32.339259 ], [ -111.052687, 32.338621 ], [ -111.05269, 32.338979 ], [ -111.058656, 32.33948 ], [ -111.058664, 32.338111 ], [ -111.061268, 32.338163 ], [ -111.063101, 32.340321 ], [ -111.064186, 32.339416 ], [ -111.065785, 32.339412 ], [ -111.068935, 32.342336 ], [ -111.067782, 32.34234 ], [ -111.067845, 32.344862 ], [ -111.072451, 32.344817 ], [ -111.086529, 32.358004 ], [ -111.085131, 32.357508 ], [ -111.084271, 32.358539 ], [ -111.077696, 32.358703 ], [ -111.076014, 32.355615 ], [ -111.074153, 32.354663 ], [ -111.071812, 32.352322 ], [ -111.071752, 32.352265 ], [ -111.071701, 32.352218 ], [ -111.07169, 32.352064 ], [ -111.07066, 32.352071 ], [ -111.070664, 32.351865 ], [ -111.06851, 32.351869 ], [ -111.068509, 32.352073 ], [ -111.067445, 32.35207 ], [ -111.067515, 32.359312 ], [ -111.067512, 32.36114 ], [ -111.069615, 32.361143 ], [ -111.069606, 32.36385 ], [ -111.071744, 32.363861 ], [ -111.071739, 32.366574 ], [ -111.080267, 32.366611 ], [ -111.080262, 32.373817 ], [ -111.080278, 32.378061 ], [ -111.076639, 32.379382 ], [ -111.07524, 32.381042 ], [ -111.080147, 32.381063 ], [ -111.08027, 32.381063 ], [ -111.093164, 32.381035 ], [ -111.093154, 32.384651 ], [ -111.091609, 32.384652 ], [ -111.089944, 32.388272 ], [ -111.08681, 32.38827 ], [ -111.086728, 32.391876 ], [ -111.088709, 32.392066 ], [ -111.090326, 32.390709 ], [ -111.093171, 32.389332 ], [ -111.091766, 32.388272 ], [ -111.097479, 32.388267 ], [ -111.097343, 32.395687 ], [ -111.088851, 32.395511 ], [ -111.088915, 32.402834 ], [ -111.097368, 32.4028 ], [ -111.097441, 32.406382 ], [ -111.093112, 32.406376 ], [ -111.093137, 32.410027 ], [ -111.082511, 32.410012 ], [ -111.082488, 32.408203 ], [ -111.084632, 32.4082 ], [ -111.084629, 32.406406 ], [ -111.088899, 32.406388 ], [ -111.088914, 32.404578 ], [ -111.086762, 32.404594 ], [ -111.086741, 32.402772 ], [ -111.08466, 32.402763 ], [ -111.084597, 32.397415 ], [ -111.08569, 32.395495 ], [ -111.080073, 32.395462 ], [ -111.080184, 32.399037 ], [ -111.071726, 32.399123 ], [ -111.071734, 32.395506 ], [ -111.063299, 32.395542 ], [ -111.063277, 32.399195 ], [ -111.067502, 32.399147 ], [ -111.067515, 32.400386 ], [ -111.071785, 32.400338 ], [ -111.071802, 32.405187 ], [ -111.068984, 32.405206 ], [ -111.068995, 32.406415 ], [ -111.067551, 32.406424 ], [ -111.066707, 32.407562 ], [ -111.063281, 32.407579 ], [ -111.063254, 32.408006 ], [ -111.059781, 32.408029 ], [ -111.059787, 32.409803 ], [ -111.046944, 32.409811 ], [ -111.046698, 32.411445 ], [ -111.046767, 32.42359 ], [ -111.035225, 32.423797 ], [ -111.035208, 32.434657 ], [ -111.046441, 32.434663 ], [ -111.04646, 32.438235 ], [ -111.046397, 32.44193 ], [ -111.04239, 32.44192 ], [ -111.042362, 32.445524 ], [ -111.038067, 32.44555 ], [ -111.038073, 32.449177 ], [ -111.033782, 32.449198 ], [ -111.033776, 32.456443 ], [ -111.040239, 32.456413 ], [ -111.040221, 32.454431 ], [ -111.038076, 32.454798 ], [ -111.038075, 32.452809 ], [ -111.04022, 32.452798 ], [ -111.040219, 32.450983 ], [ -111.042364, 32.450972 ], [ -111.042365, 32.450064 ], [ -111.046894, 32.450041 ], [ -111.04666, 32.454983 ], [ -111.042966, 32.45495 ], [ -111.043246, 32.452783 ], [ -111.04236, 32.452787 ], [ -111.042363, 32.458223 ], [ -111.040223, 32.458233 ], [ -111.040222, 32.457328 ], [ -111.038078, 32.459144 ], [ -111.038073, 32.462616 ], [ -111.035387, 32.46232 ], [ -111.034219, 32.460063 ], [ -111.030123, 32.460084 ], [ -111.029453, 32.461206 ], [ -111.029313, 32.467227 ], [ -111.029527, 32.474595 ], [ -111.033781, 32.474601 ], [ -111.033787, 32.481823 ], [ -111.038071, 32.481806 ], [ -111.038004, 32.489104 ], [ -111.042366, 32.489103 ], [ -111.042346, 32.485485 ], [ -111.046635, 32.485506 ], [ -111.04662, 32.489114 ], [ -111.063391, 32.489147 ], [ -111.063364, 32.497044 ], [ -111.065512, 32.497031 ], [ -111.080536, 32.497016 ], [ -111.080512, 32.51134 ], [ -111.097452, 32.511322 ], [ -111.097629, 32.493403 ], [ -111.106303, 32.493384 ], [ -111.106286, 32.48626 ], [ -111.114774, 32.486244 ], [ -111.114798, 32.482659 ], [ -111.123336, 32.482659 ], [ -111.123372, 32.493368 ], [ -111.114807, 32.493362 ], [ -111.114814, 32.496951 ], [ -111.106223, 32.496969 ], [ -111.106153, 32.507704 ], [ -111.114706, 32.507671 ], [ -111.114648, 32.511305 ], [ -111.157493, 32.511255 ], [ -111.157567, 32.501624 ], [ -111.232689, 32.501653 ], [ -111.243271, 32.501639 ], [ -111.243289, 32.511373 ], [ -111.260867, 32.511378 ], [ -111.260939, 32.50162 ], [ -111.266421, 32.501623 ], [ -111.266871, 32.501625 ], [ -111.287221, 32.50158 ], [ -111.287101, 32.480266 ], [ -111.304238, 32.480299 ], [ -111.304119, 32.471711 ] ], [ [ -111.165462, 32.409976 ], [ -111.157305, 32.409987 ], [ -111.157324, 32.413572 ], [ -111.157298, 32.419403 ], [ -111.149811, 32.413612 ], [ -111.134469, 32.403013 ], [ -111.131646, 32.400334 ], [ -111.125168, 32.396023 ], [ -111.125183, 32.396837 ], [ -111.123763, 32.395599 ], [ -111.134797, 32.395583 ], [ -111.140191, 32.399172 ], [ -111.140135, 32.395492 ], [ -111.144273, 32.395482 ], [ -111.156337, 32.395445 ], [ -111.165414, 32.395411 ], [ -111.165462, 32.409976 ] ], [ [ -111.140127, 32.391843 ], [ -111.133488, 32.391913 ], [ -111.13351, 32.389129 ], [ -111.134072, 32.388028 ], [ -111.134149, 32.382063 ], [ -111.132791, 32.381234 ], [ -111.134674, 32.381201 ], [ -111.134931, 32.381165 ], [ -111.136265, 32.381165 ], [ -111.135835, 32.382104 ], [ -111.135897, 32.390225 ], [ -111.140127, 32.391843 ] ], [ [ -111.11435, 32.382792 ], [ -111.11366, 32.383171 ], [ -111.112719, 32.381884 ], [ -111.114074, 32.381102 ], [ -111.114353, 32.381106 ], [ -111.11435, 32.382792 ] ], [ [ -111.110826, 32.375286 ], [ -111.108564, 32.376409 ], [ -111.106296, 32.373952 ], [ -111.108152, 32.373789 ], [ -111.110819, 32.373788 ], [ -111.110826, 32.375286 ] ], [ [ -111.080385, 32.413672 ], [ -111.071853, 32.413691 ], [ -111.071849, 32.412518 ], [ -111.066659, 32.417341 ], [ -111.063255, 32.417336 ], [ -111.063258, 32.41007 ], [ -111.076092, 32.410042 ], [ -111.076099, 32.410922 ], [ -111.07825, 32.410943 ], [ -111.078257, 32.411853 ], [ -111.080378, 32.411823 ], [ -111.080385, 32.413672 ] ] ] } },
{ "type": "Feature", "properties": { "GEOID": "0439370", "NAME": "Lake Havasu City city, Arizona", "population": 59358.0 }, "geometry": { "type": "Polygon", "coordinates": [ [ [ -114.374453, 34.454541 ], [ -114.375209, 34.453672 ], [ -114.374697, 34.45186 ], [ -114.373702, 34.451849 ], [ -114.372633, 34.450042 ], [ -114.373362, 34.449685 ], [ -114.371896, 34.449097 ], [ -114.371758, 34.451004 ], [ -114.370477, 34.449252 ], [ -114.369045, 34.449978 ], [ -114.364635, 34.449968 ], [ -114.362182, 34.451222 ], [ -114.363038, 34.452397 ], [ -114.360597, 34.451157 ], [ -114.3616, 34.452854 ], [ -114.357283, 34.453635 ], [ -114.359577, 34.452712 ], [ -114.358907, 34.452097 ], [ -114.354345, 34.453433 ], [ -114.352738, 34.452192 ], [ -114.349868, 34.452945 ], [ -114.349504, 34.454006 ], [ -114.347435, 34.454935 ], [ -114.348595, 34.455478 ], [ -114.348941, 34.458071 ], [ -114.348517, 34.459461 ], [ -114.348962, 34.461532 ], [ -114.350905, 34.460191 ], [ -114.351808, 34.460861 ], [ -114.35023, 34.462713 ], [ -114.348738, 34.464614 ], [ -114.346669, 34.465158 ], [ -114.346171, 34.464181 ], [ -114.344413, 34.464346 ], [ -114.341342, 34.462193 ], [ -114.340844, 34.46 ], [ -114.338894, 34.461913 ], [ -114.336274, 34.460364 ], [ -114.335478, 34.459068 ], [ -114.335988, 34.457376 ], [ -114.334847, 34.456995 ], [ -114.334331, 34.45864 ], [ -114.33244, 34.458211 ], [ -114.333315, 34.455503 ], [ -114.332148, 34.455503 ], [ -114.332062, 34.454146 ], [ -114.330291, 34.453031 ], [ -114.328209, 34.452971 ], [ -114.326948, 34.451971 ], [ -114.326378, 34.450296 ], [ -114.327777, 34.449087 ], [ -114.326431, 34.447785 ], [ -114.324647, 34.448038 ], [ -114.325217, 34.449301 ], [ -114.323155, 34.449697 ], [ -114.320303, 34.446967 ], [ -114.31836, 34.446654 ], [ -114.31909, 34.444846 ], [ -114.320668, 34.443489 ], [ -114.31911, 34.442451 ], [ -114.31598, 34.442808 ], [ -114.315834, 34.44144 ], [ -114.314355, 34.442336 ], [ -114.314946, 34.440237 ], [ -114.313473, 34.440908 ], [ -114.312764, 34.440831 ], [ -114.313852, 34.438095 ], [ -114.313149, 34.437782 ], [ -114.311007, 34.438249 ], [ -114.309276, 34.43971 ], [ -114.309509, 34.438759 ], [ -114.307897, 34.438545 ], [ -114.30905, 34.437506 ], [ -114.311577, 34.437084 ], [ -114.311491, 34.436304 ], [ -114.310013, 34.434474 ], [ -114.307619, 34.435243 ], [ -114.306764, 34.436661 ], [ -114.305318, 34.436573 ], [ -114.308249, 34.434205 ], [ -114.307639, 34.432727 ], [ -114.303469, 34.431436 ], [ -114.303166, 34.430288 ], [ -114.299029, 34.430351 ], [ -114.29883, 34.444714 ], [ -114.298983, 34.449516 ], [ -114.299079, 34.452112 ], [ -114.297438, 34.452148 ], [ -114.287691, 34.452124 ], [ -114.286754, 34.452079 ], [ -114.284571, 34.452093 ], [ -114.272988, 34.452184 ], [ -114.272869, 34.448399 ], [ -114.268504, 34.448347 ], [ -114.268192, 34.43359 ], [ -114.245901, 34.434058 ], [ -114.245875, 34.445177 ], [ -114.243666, 34.445203 ], [ -114.243611, 34.447039 ], [ -114.241536, 34.447048 ], [ -114.241549, 34.448542 ], [ -114.246107, 34.450275 ], [ -114.246389, 34.463877 ], [ -114.246437, 34.473816 ], [ -114.263935, 34.473833 ], [ -114.263946, 34.476099 ], [ -114.263948, 34.481079 ], [ -114.255316, 34.481088 ], [ -114.255368, 34.488656 ], [ -114.259603, 34.48868 ], [ -114.260057, 34.487034 ], [ -114.264047, 34.485405 ], [ -114.264071, 34.492624 ], [ -114.264086, 34.5033 ], [ -114.24774, 34.503297 ], [ -114.246247, 34.503992 ], [ -114.246317, 34.516772 ], [ -114.255542, 34.517012 ], [ -114.264099, 34.516821 ], [ -114.264109, 34.524727 ], [ -114.263911, 34.532681 ], [ -114.264111, 34.54622 ], [ -114.31162, 34.54626 ], [ -114.311649, 34.54783 ], [ -114.309782, 34.547848 ], [ -114.30982, 34.549715 ], [ -114.31092, 34.549715 ], [ -114.310934, 34.551201 ], [ -114.312777, 34.551215 ], [ -114.312791, 34.552743 ], [ -114.325932, 34.552429 ], [ -114.325789, 34.548744 ], [ -114.328503, 34.548715 ], [ -114.328552, 34.546302 ], [ -114.334182, 34.546267 ], [ -114.334166, 34.574771 ], [ -114.3562, 34.574942 ], [ -114.367754, 34.589585 ], [ -114.369726, 34.58958 ], [ -114.373392, 34.589601 ], [ -114.369775, 34.57743 ], [ -114.369013, 34.574859 ], [ -114.369012, 34.560669 ], [ -114.364126, 34.560685 ], [ -114.359083, 34.54634 ], [ -114.35508, 34.546353 ], [ -114.353452, 34.5416 ], [ -114.351548, 34.542095 ], [ -114.351487, 34.53827 ], [ -114.352267, 34.53827 ], [ -114.351436, 34.535926 ], [ -114.351501, 34.533162 ], [ -114.351494, 34.532021 ], [ -114.353036, 34.532024 ], [ -114.368558, 34.532015 ], [ -114.375279, 34.531962 ], [ -114.372114, 34.529103 ], [ -114.372113, 34.52762 ], [ -114.372245, 34.526576 ], [ -114.37051, 34.521792 ], [ -114.37084, 34.519924 ], [ -114.369248, 34.520639 ], [ -114.367646, 34.517398 ], [ -114.369045, 34.515909 ], [ -114.369841, 34.513986 ], [ -114.368242, 34.51536 ], [ -114.36698, 34.514426 ], [ -114.36824, 34.512174 ], [ -114.365918, 34.513932 ], [ -114.366647, 34.512119 ], [ -114.366646, 34.509867 ], [ -114.368371, 34.508932 ], [ -114.366644, 34.50734 ], [ -114.367705, 34.506565 ], [ -114.36478, 34.507835 ], [ -114.362987, 34.506737 ], [ -114.365979, 34.505577 ], [ -114.365574, 34.503984 ], [ -114.36418, 34.504149 ], [ -114.363516, 34.503655 ], [ -114.363309, 34.501073 ], [ -114.364178, 34.499598 ], [ -114.36287, 34.498648 ], [ -114.361701, 34.49544 ], [ -114.362828, 34.494094 ], [ -114.362416, 34.49232 ], [ -114.361141, 34.49121 ], [ -114.361459, 34.489919 ], [ -114.36047, 34.489118 ], [ -114.35907, 34.489959 ], [ -114.357304, 34.485592 ], [ -114.357038, 34.483867 ], [ -114.356062, 34.483914 ], [ -114.357521, 34.482081 ], [ -114.356737, 34.481196 ], [ -114.355649, 34.477934 ], [ -114.355462, 34.47541 ], [ -114.356151, 34.473649 ], [ -114.358041, 34.472335 ], [ -114.36206, 34.471516 ], [ -114.359698, 34.469269 ], [ -114.362464, 34.470068 ], [ -114.363757, 34.468603 ], [ -114.364412, 34.464961 ], [ -114.366771, 34.462504 ], [ -114.373038, 34.460529 ], [ -114.373621, 34.459996 ], [ -114.374176, 34.456178 ], [ -114.376055, 34.455157 ], [ -114.374453, 34.454541 ] ] ] } },
{ "type": "Feature", "properties": { "GEOID": "0457450", "NAME": "Prescott Valley town, Arizona", "population": 52423.0 }, "geometry": { "type": "MultiPolygon", "coordinates": [ [ [ [ -112.205459, 34.571172 ], [ -112.202797, 34.571109 ], [ -112.202617, 34.58087 ], [ -112.202652, 34.580742 ], [ -112.202829, 34.571137 ], [ -112.205452, 34.571198 ], [ -112.205459, 34.571172 ] ] ], [ [ [ -112.289537, 34.651239 ], [ -112.289499, 34.643368 ], [ -112.271937, 34.643286 ], [ -112.271944, 34.654502 ], [ -112.268916, 34.655077 ], [ -112.264658, 34.65681 ], [ -112.260304, 34.659506 ], [ -112.257028, 34.660703 ], [ -112.260915, 34.663366 ], [ -112.261896, 34.662498 ], [ -112.263706, 34.6577 ], [ -112.268908, 34.655384 ], [ -112.271943, 34.654782 ], [ -112.271926, 34.657826 ], [ -112.289544, 34.65788 ], [ -112.289537, 34.651239 ] ] ], [ [ [ -112.386052, 34.586292 ], [ -112.377873, 34.586594 ], [ -112.37811, 34.572277 ], [ -112.369269, 34.572159 ], [ -112.369279, 34.571524 ], [ -112.369258, 34.568556 ], [ -112.362057, 34.568499 ], [ -112.360694, 34.568489 ], [ -112.360813, 34.561062 ], [ -112.364964, 34.561219 ], [ -112.365035, 34.557752 ], [ -112.360867, 34.5577 ], [ -112.36085, 34.544166 ], [ -112.362639, 34.543211 ], [ -112.36245, 34.543212 ], [ -112.343517, 34.5431 ], [ -112.343515, 34.543249 ], [ -112.338991, 34.543258 ], [ -112.337966, 34.546007 ], [ -112.336025, 34.545631 ], [ -112.336931, 34.54326 ], [ -112.326833, 34.543331 ], [ -112.30905, 34.543311 ], [ -112.291125, 34.543053 ], [ -112.273759, 34.54287 ], [ -112.256275, 34.542624 ], [ -112.255604, 34.54208 ], [ -112.254535, 34.542066 ], [ -112.253928, 34.541307 ], [ -112.253005, 34.541258 ], [ -112.253005, 34.542048 ], [ -112.251503, 34.542086 ], [ -112.251515, 34.539226 ], [ -112.247921, 34.538982 ], [ -112.248418, 34.539995 ], [ -112.246956, 34.540041 ], [ -112.244147, 34.533556 ], [ -112.246909, 34.532682 ], [ -112.246905, 34.531685 ], [ -112.245217, 34.531662 ], [ -112.243734, 34.529514 ], [ -112.244226, 34.527976 ], [ -112.241823, 34.528585 ], [ -112.242045, 34.529719 ], [ -112.237528, 34.529529 ], [ -112.233466, 34.528557 ], [ -112.233439, 34.529648 ], [ -112.233553, 34.53522 ], [ -112.237995, 34.535271 ], [ -112.238057, 34.542561 ], [ -112.242444, 34.542586 ], [ -112.242449, 34.546229 ], [ -112.238056, 34.546211 ], [ -112.238061, 34.542837 ], [ -112.224772, 34.54275 ], [ -112.224753, 34.546151 ], [ -112.220276, 34.546097 ], [ -112.220406, 34.557079 ], [ -112.23292, 34.557066 ], [ -112.238147, 34.557115 ], [ -112.238087, 34.559375 ], [ -112.246892, 34.559425 ], [ -112.246903, 34.560738 ], [ -112.251205, 34.560772 ], [ -112.253999, 34.56077 ], [ -112.258511, 34.562756 ], [ -112.259293, 34.562004 ], [ -112.261805, 34.563437 ], [ -112.262594, 34.562669 ], [ -112.258591, 34.558155 ], [ -112.255764, 34.55734 ], [ -112.255729, 34.552207 ], [ -112.252668, 34.550092 ], [ -112.252423, 34.549692 ], [ -112.251096, 34.549079 ], [ -112.25027, 34.547164 ], [ -112.251591, 34.546862 ], [ -112.252241, 34.548808 ], [ -112.253198, 34.548959 ], [ -112.253781, 34.548272 ], [ -112.25571, 34.548263 ], [ -112.255718, 34.549871 ], [ -112.272848, 34.550066 ], [ -112.272852, 34.550339 ], [ -112.272959, 34.556514 ], [ -112.271601, 34.556561 ], [ -112.267423, 34.553834 ], [ -112.264602, 34.553968 ], [ -112.264643, 34.556381 ], [ -112.265809, 34.557438 ], [ -112.264663, 34.55784 ], [ -112.264042, 34.55992 ], [ -112.262557, 34.561548 ], [ -112.264479, 34.56091 ], [ -112.264415, 34.562303 ], [ -112.268293, 34.561837 ], [ -112.268544, 34.558502 ], [ -112.270453, 34.558644 ], [ -112.270597, 34.561706 ], [ -112.274261, 34.561985 ], [ -112.276575, 34.560713 ], [ -112.276054, 34.560167 ], [ -112.271614, 34.560771 ], [ -112.27161, 34.558736 ], [ -112.270754, 34.557358 ], [ -112.271615, 34.557039 ], [ -112.273312, 34.558223 ], [ -112.274793, 34.557414 ], [ -112.274918, 34.557126 ], [ -112.278899, 34.557259 ], [ -112.299755, 34.557366 ], [ -112.299629, 34.564618 ], [ -112.308241, 34.564713 ], [ -112.308115, 34.568331 ], [ -112.307993, 34.571838 ], [ -112.303896, 34.571815 ], [ -112.303969, 34.568211 ], [ -112.290648, 34.56815 ], [ -112.290763, 34.565335 ], [ -112.290848, 34.563004 ], [ -112.281602, 34.562672 ], [ -112.280249, 34.562172 ], [ -112.279644, 34.562247 ], [ -112.279773, 34.564961 ], [ -112.276372, 34.564244 ], [ -112.275375, 34.565106 ], [ -112.275797, 34.566726 ], [ -112.288277, 34.566714 ], [ -112.288265, 34.571531 ], [ -112.275609, 34.571554 ], [ -112.272264, 34.57021 ], [ -112.268133, 34.567756 ], [ -112.264277, 34.566316 ], [ -112.262097, 34.566395 ], [ -112.260068, 34.56445 ], [ -112.258724, 34.56475 ], [ -112.262028, 34.569671 ], [ -112.265589, 34.571902 ], [ -112.260747, 34.571796 ], [ -112.260575, 34.571785 ], [ -112.251815, 34.571738 ], [ -112.251811, 34.57177 ], [ -112.260702, 34.57194 ], [ -112.262977, 34.575036 ], [ -112.259875, 34.576798 ], [ -112.262735, 34.578099 ], [ -112.264827, 34.578884 ], [ -112.267596, 34.580767 ], [ -112.267791, 34.580671 ], [ -112.261595, 34.573128 ], [ -112.261695, 34.572055 ], [ -112.264741, 34.57208 ], [ -112.265936, 34.575452 ], [ -112.271866, 34.575448 ], [ -112.271799, 34.571956 ], [ -112.27623, 34.571847 ], [ -112.293777, 34.571831 ], [ -112.296104, 34.578295 ], [ -112.286008, 34.575596 ], [ -112.285783, 34.582274 ], [ -112.278242, 34.578935 ], [ -112.279123, 34.582946 ], [ -112.278575, 34.583032 ], [ -112.277576, 34.584898 ], [ -112.276487, 34.585643 ], [ -112.274919, 34.586048 ], [ -112.274953, 34.585211 ], [ -112.273118, 34.58489 ], [ -112.270845, 34.585022 ], [ -112.271071, 34.586685 ], [ -112.270699, 34.586787 ], [ -112.27112, 34.587479 ], [ -112.27307, 34.589357 ], [ -112.290872, 34.589304 ], [ -112.290624, 34.59634 ], [ -112.283179, 34.596335 ], [ -112.283196, 34.600212 ], [ -112.279887, 34.600238 ], [ -112.272841, 34.600256 ], [ -112.272386, 34.614513 ], [ -112.281158, 34.614612 ], [ -112.281494, 34.607344 ], [ -112.28583, 34.607311 ], [ -112.285871, 34.611299 ], [ -112.29009, 34.611354 ], [ -112.290051, 34.613055 ], [ -112.289697, 34.622525 ], [ -112.289499, 34.643333 ], [ -112.30063, 34.643355 ], [ -112.324426, 34.643341 ], [ -112.324396, 34.654425 ], [ -112.324349, 34.67234 ], [ -112.256024, 34.672206 ], [ -112.236813, 34.672137 ], [ -112.23683, 34.664843 ], [ -112.22814, 34.664836 ], [ -112.219172, 34.666771 ], [ -112.219191, 34.672021 ], [ -112.201869, 34.672062 ], [ -112.20263, 34.58211 ], [ -112.202596, 34.582128 ], [ -112.202303, 34.599514 ], [ -112.202299, 34.599741 ], [ -112.202289, 34.600431 ], [ -112.202257, 34.602644 ], [ -112.202241, 34.603866 ], [ -112.202229, 34.604841 ], [ -112.202195, 34.607471 ], [ -112.202153, 34.610739 ], [ -112.202145, 34.611331 ], [ -112.202109, 34.614132 ], [ -112.202027, 34.617167 ], [ -112.201876, 34.62658 ], [ -112.20187, 34.626943 ], [ -112.201855, 34.627911 ], [ -112.201846, 34.628451 ], [ -112.201844, 34.635506 ], [ -112.201844, 34.637535 ], [ -112.201843, 34.639602 ], [ -112.201842, 34.640077 ], [ -112.201843, 34.640462 ], [ -112.201842, 34.642706 ], [ -112.201842, 34.642988 ], [ -112.201851, 34.655389 ], [ -112.201848, 34.65586 ], [ -112.201851, 34.656195 ], [ -112.201849, 34.660035 ], [ -112.201845, 34.663759 ], [ -112.201844, 34.66483 ], [ -112.201836, 34.671913 ], [ -112.201835, 34.672089 ], [ -112.219191, 34.672049 ], [ -112.256017, 34.672233 ], [ -112.328753, 34.672422 ], [ -112.334369, 34.672557 ], [ -112.359698, 34.672558 ], [ -112.359806, 34.658018 ], [ -112.37705, 34.658156 ], [ -112.377224, 34.65816 ], [ -112.377111, 34.643569 ], [ -112.359455, 34.643507 ], [ -112.359574, 34.642179 ], [ -112.359517, 34.631026 ], [ -112.359516, 34.630508 ], [ -112.359513, 34.630346 ], [ -112.35962, 34.628973 ], [ -112.375983, 34.628995 ], [ -112.376098, 34.628967 ], [ -112.377025, 34.629 ], [ -112.377031, 34.628738 ], [ -112.377048, 34.614876 ], [ -112.381425, 34.614823 ], [ -112.38174, 34.600284 ], [ -112.386232, 34.600302 ], [ -112.386052, 34.586292 ] ], [ [ -112.364931, 34.561191 ], [ -112.360769, 34.561025 ], [ -112.360548, 34.568459 ], [ -112.360462, 34.55586 ], [ -112.358682, 34.555915 ], [ -112.358676, 34.557681 ], [ -112.343339, 34.557557 ], [ -112.343452, 34.543451 ], [ -112.360453, 34.543425 ], [ -112.360795, 34.543424 ], [ -112.360835, 34.557727 ], [ -112.364982, 34.557779 ], [ -112.364931, 34.561191 ] ], [ [ -112.360362, 34.576388 ], [ -112.359313, 34.57638 ], [ -112.358249, 34.574922 ], [ -112.358065, 34.573839 ], [ -112.357387, 34.573037 ], [ -112.357948, 34.572841 ], [ -112.358756, 34.572 ], [ -112.360376, 34.572018 ], [ -112.360362, 34.576388 ] ], [ [ -112.360272, 34.589716 ], [ -112.359225, 34.589982 ], [ -112.357436, 34.590335 ], [ -112.357956, 34.592873 ], [ -112.35795, 34.596731 ], [ -112.351325, 34.597028 ], [ -112.350667, 34.596974 ], [ -112.350801, 34.596668 ], [ -112.351171, 34.582724 ], [ -112.354793, 34.581211 ], [ -112.355493, 34.581903 ], [ -112.356519, 34.581707 ], [ -112.360325, 34.580956 ], [ -112.360272, 34.589716 ] ], [ [ -112.358116, 34.576821 ], [ -112.351898, 34.577964 ], [ -112.349981, 34.577773 ], [ -112.349224, 34.576584 ], [ -112.350431, 34.575556 ], [ -112.35232, 34.576473 ], [ -112.354023, 34.575718 ], [ -112.352801, 34.575107 ], [ -112.355946, 34.573199 ], [ -112.357757, 34.575155 ], [ -112.358116, 34.576821 ] ], [ [ -112.355445, 34.572905 ], [ -112.353479, 34.57431 ], [ -112.349767, 34.574265 ], [ -112.349749, 34.571891 ], [ -112.352213, 34.571957 ], [ -112.35371, 34.572664 ], [ -112.355445, 34.572905 ] ], [ [ -112.347418, 34.576165 ], [ -112.345776, 34.579228 ], [ -112.344024, 34.579788 ], [ -112.343671, 34.579084 ], [ -112.340852, 34.579429 ], [ -112.342128, 34.580827 ], [ -112.340739, 34.581305 ], [ -112.338641, 34.580526 ], [ -112.335043, 34.581474 ], [ -112.334099, 34.579465 ], [ -112.333975, 34.581004 ], [ -112.331446, 34.581245 ], [ -112.330553, 34.579953 ], [ -112.327612, 34.580108 ], [ -112.327464, 34.576577 ], [ -112.325595, 34.576902 ], [ -112.325541, 34.576023 ], [ -112.325375, 34.571821 ], [ -112.344368, 34.571796 ], [ -112.344375, 34.572763 ], [ -112.342646, 34.572535 ], [ -112.342651, 34.573118 ], [ -112.342664, 34.57489 ], [ -112.346723, 34.574886 ], [ -112.347418, 34.576165 ] ], [ [ -112.34458, 34.604132 ], [ -112.342332, 34.604143 ], [ -112.342374, 34.600526 ], [ -112.343178, 34.60053 ], [ -112.344586, 34.603642 ], [ -112.34458, 34.604132 ] ], [ [ -112.360442, 34.543216 ], [ -112.360452, 34.543398 ], [ -112.343515, 34.543249 ], [ -112.360442, 34.543216 ] ], [ [ -112.359526, 34.65798 ], [ -112.359665, 34.67253 ], [ -112.341918, 34.672393 ], [ -112.34197, 34.653238 ], [ -112.341981, 34.643448 ], [ -112.359455, 34.643507 ], [ -112.359526, 34.65798 ] ] ] ] } },
{ "type": "Feature", "properties": { "GEOID": "0457380", "NAME": "Prescott city, Arizona", "population": 48420.0 }, "geometry": { "type": "Polygon", "coordinates": [ [ [ -112.530084, 34.570298 ], [ -112.516904, 34.570409 ], [ -112.516692, 34.556996 ], [ -112.512306, 34.557044 ], [ -112.51233, 34.552366 ], [ -112.50608, 34.552308 ], [ -112.504685, 34.551121 ], [ -112.504658, 34.552348 ], [ -112.499775, 34.551156 ], [ -112.499782, 34.546572 ], [ -112.503257, 34.547154 ], [ -112.503252, 34.548012 ], [ -112.506076, 34.548274 ], [ -112.508168, 34.547707 ], [ -112.507508, 34.546212 ], [ -112.509605, 34.546577 ], [ -112.509593, 34.545999 ], [ -112.510939, 34.545962 ], [ -112.511575, 34.547547 ], [ -112.513041, 34.547873 ], [ -112.513044, 34.546476 ], [ -112.514443, 34.547571 ], [ -112.516157, 34.547516 ], [ -112.515843, 34.545837 ], [ -112.517006, 34.545802 ], [ -112.517426, 34.52714 ], [ -112.508049, 34.52699 ], [ -112.50772, 34.526236 ], [ -112.51051, 34.52391 ], [ -112.510156, 34.522521 ], [ -112.509071, 34.523298 ], [ -112.508217, 34.523138 ], [ -112.508312, 34.522683 ], [ -112.506888, 34.520658 ], [ -112.50708, 34.519882 ], [ -112.510353, 34.519935 ], [ -112.517511, 34.520091 ], [ -112.51749, 34.518488 ], [ -112.517405, 34.514718 ], [ -112.515795, 34.51468 ], [ -112.5162, 34.513548 ], [ -112.514631, 34.513514 ], [ -112.513727, 34.515056 ], [ -112.515305, 34.515573 ], [ -112.515357, 34.516533 ], [ -112.513136, 34.516501 ], [ -112.513136, 34.514723 ], [ -112.510907, 34.514662 ], [ -112.510942, 34.516414 ], [ -112.508766, 34.516375 ], [ -112.508755, 34.514566 ], [ -112.507376, 34.514527 ], [ -112.506043, 34.512823 ], [ -112.50015, 34.512646 ], [ -112.500531, 34.519736 ], [ -112.491182, 34.51995 ], [ -112.49117, 34.522604 ], [ -112.490562, 34.523532 ], [ -112.491109, 34.523486 ], [ -112.491416, 34.526996 ], [ -112.488671, 34.527004 ], [ -112.483119, 34.530712 ], [ -112.482135, 34.527667 ], [ -112.479886, 34.527481 ], [ -112.479598, 34.52543 ], [ -112.479684, 34.524714 ], [ -112.480253, 34.523313 ], [ -112.482069, 34.522526 ], [ -112.484521, 34.522944 ], [ -112.483096, 34.521654 ], [ -112.48376, 34.520454 ], [ -112.481801, 34.520223 ], [ -112.484288, 34.51673 ], [ -112.486678, 34.515952 ], [ -112.486774, 34.513138 ], [ -112.485316, 34.512582 ], [ -112.477185, 34.512572 ], [ -112.464556, 34.512455 ], [ -112.464745, 34.523232 ], [ -112.461107, 34.523302 ], [ -112.460693, 34.526874 ], [ -112.457618, 34.526932 ], [ -112.457448, 34.524672 ], [ -112.453456, 34.524015 ], [ -112.452008, 34.524694 ], [ -112.452384, 34.52703 ], [ -112.452239, 34.530812 ], [ -112.450517, 34.531251 ], [ -112.452007, 34.532552 ], [ -112.449467, 34.533228 ], [ -112.447217, 34.532964 ], [ -112.447728, 34.534843 ], [ -112.447324, 34.541868 ], [ -112.447343, 34.541978 ], [ -112.449345, 34.545852 ], [ -112.447447, 34.54569 ], [ -112.446016, 34.545744 ], [ -112.445732, 34.547982 ], [ -112.448743, 34.547961 ], [ -112.449353, 34.547654 ], [ -112.449667, 34.547418 ], [ -112.45028, 34.553468 ], [ -112.449406, 34.555264 ], [ -112.448771, 34.555006 ], [ -112.44657, 34.558876 ], [ -112.447235, 34.558986 ], [ -112.448418, 34.556956 ], [ -112.451733, 34.556458 ], [ -112.453045, 34.556048 ], [ -112.454903, 34.555018 ], [ -112.457327, 34.553157 ], [ -112.460867, 34.550484 ], [ -112.466133, 34.555328 ], [ -112.476668, 34.565316 ], [ -112.474185, 34.565317 ], [ -112.443455, 34.565314 ], [ -112.442354, 34.565536 ], [ -112.440525, 34.563505 ], [ -112.437723, 34.565728 ], [ -112.433471, 34.570304 ], [ -112.429635, 34.575123 ], [ -112.425452, 34.579787 ], [ -112.419138, 34.584376 ], [ -112.417828, 34.585232 ], [ -112.412245, 34.587192 ], [ -112.412251, 34.586873 ], [ -112.418963, 34.584137 ], [ -112.424946, 34.579809 ], [ -112.429496, 34.574765 ], [ -112.433202, 34.570142 ], [ -112.437493, 34.56553 ], [ -112.440303, 34.5633 ], [ -112.439202, 34.56228 ], [ -112.429726, 34.569208 ], [ -112.430056, 34.565206 ], [ -112.425826, 34.565133 ], [ -112.426552, 34.557626 ], [ -112.426466, 34.556043 ], [ -112.422832, 34.557122 ], [ -112.422181, 34.55557 ], [ -112.429813, 34.553584 ], [ -112.428612, 34.552472 ], [ -112.427966, 34.551874 ], [ -112.426004, 34.552134 ], [ -112.425024, 34.551376 ], [ -112.423666, 34.55152 ], [ -112.421848, 34.552792 ], [ -112.421732, 34.550172 ], [ -112.425962, 34.550016 ], [ -112.421272, 34.54567 ], [ -112.429725, 34.545673 ], [ -112.430323, 34.545671 ], [ -112.430002, 34.542071 ], [ -112.425877, 34.542261 ], [ -112.426224, 34.535131 ], [ -112.427704, 34.527761 ], [ -112.427743, 34.52757 ], [ -112.412687, 34.528878 ], [ -112.412745, 34.539716 ], [ -112.4121, 34.539718 ], [ -112.404197, 34.539718 ], [ -112.404167, 34.543361 ], [ -112.399244, 34.543345 ], [ -112.381263, 34.543289 ], [ -112.37969, 34.544885 ], [ -112.378065, 34.545381 ], [ -112.378083, 34.557823 ], [ -112.380337, 34.557768 ], [ -112.379677, 34.559449 ], [ -112.382041, 34.559806 ], [ -112.382993, 34.55773 ], [ -112.386759, 34.557662 ], [ -112.38698, 34.567826 ], [ -112.389039, 34.571735 ], [ -112.389067, 34.571938 ], [ -112.37811, 34.572277 ], [ -112.377873, 34.586594 ], [ -112.386052, 34.586292 ], [ -112.386232, 34.600302 ], [ -112.394718, 34.600355 ], [ -112.395017, 34.589346 ], [ -112.407985, 34.589441 ], [ -112.408087, 34.58627 ], [ -112.412266, 34.586381 ], [ -112.410567, 34.587837 ], [ -112.407229, 34.592608 ], [ -112.406973, 34.594094 ], [ -112.408355, 34.59589 ], [ -112.410483, 34.60043 ], [ -112.403385, 34.600396 ], [ -112.403349, 34.603951 ], [ -112.394683, 34.603939 ], [ -112.394577, 34.614667 ], [ -112.381425, 34.614823 ], [ -112.377048, 34.614876 ], [ -112.377031, 34.628738 ], [ -112.377025, 34.629 ], [ -112.394589, 34.629011 ], [ -112.394567, 34.643586 ], [ -112.377111, 34.643569 ], [ -112.377224, 34.65816 ], [ -112.389306, 34.658132 ], [ -112.394948, 34.65292 ], [ -112.396574, 34.654045 ], [ -112.395714, 34.655808 ], [ -112.392852, 34.659311 ], [ -112.39421, 34.663498 ], [ -112.393943, 34.664946 ], [ -112.392365, 34.667262 ], [ -112.392988, 34.670165 ], [ -112.391113, 34.672846 ], [ -112.390797, 34.674774 ], [ -112.384837, 34.676517 ], [ -112.397509, 34.684306 ], [ -112.398523, 34.681805 ], [ -112.398759, 34.68088 ], [ -112.399188, 34.679875 ], [ -112.40311, 34.676103 ], [ -112.403106, 34.676925 ], [ -112.403184, 34.687423 ], [ -112.403221, 34.68023 ], [ -112.407584, 34.680199 ], [ -112.408374, 34.672896 ], [ -112.416186, 34.665533 ], [ -112.420794, 34.665505 ], [ -112.420861, 34.66169 ], [ -112.420871, 34.661074 ], [ -112.425383, 34.661055 ], [ -112.425371, 34.66169 ], [ -112.429768, 34.661784 ], [ -112.429618, 34.67278 ], [ -112.440151, 34.672742 ], [ -112.436921, 34.661689 ], [ -112.437288, 34.661689 ], [ -112.436407, 34.658072 ], [ -112.43861, 34.658057 ], [ -112.465279, 34.657867 ], [ -112.465077, 34.643765 ], [ -112.465072, 34.643445 ], [ -112.446814, 34.643575 ], [ -112.447133, 34.650881 ], [ -112.442708, 34.650898 ], [ -112.442453, 34.643642 ], [ -112.445916, 34.643583 ], [ -112.44682, 34.642641 ], [ -112.446912, 34.629643 ], [ -112.439132, 34.62947 ], [ -112.439031, 34.629715 ], [ -112.437369, 34.629824 ], [ -112.434058, 34.63096 ], [ -112.431824, 34.632428 ], [ -112.429428, 34.632961 ], [ -112.426912, 34.624412 ], [ -112.424133, 34.618565 ], [ -112.420991, 34.616268 ], [ -112.419085, 34.613354 ], [ -112.419426, 34.611026 ], [ -112.422024, 34.606961 ], [ -112.424446, 34.601953 ], [ -112.426619, 34.595272 ], [ -112.426737, 34.592924 ], [ -112.428404, 34.591943 ], [ -112.435236, 34.595545 ], [ -112.436199, 34.596467 ], [ -112.436702, 34.599404 ], [ -112.437062, 34.599811 ], [ -112.438349, 34.600191 ], [ -112.452062, 34.59996 ], [ -112.455568, 34.598846 ], [ -112.456686, 34.599347 ], [ -112.456463, 34.599602 ], [ -112.456361, 34.599753 ], [ -112.45411, 34.599748 ], [ -112.453602, 34.600518 ], [ -112.453984, 34.601014 ], [ -112.454805, 34.601027 ], [ -112.454809, 34.601186 ], [ -112.455373, 34.601582 ], [ -112.455986, 34.601696 ], [ -112.455769, 34.603409 ], [ -112.454847, 34.604667 ], [ -112.454104, 34.605256 ], [ -112.452078, 34.603532 ], [ -112.449257, 34.607172 ], [ -112.4472, 34.607191 ], [ -112.44723, 34.610836 ], [ -112.434051, 34.611083 ], [ -112.43408, 34.614711 ], [ -112.43844, 34.614629 ], [ -112.438336, 34.618229 ], [ -112.435492, 34.618282 ], [ -112.435396, 34.622607 ], [ -112.436924, 34.62263 ], [ -112.436803, 34.624362 ], [ -112.441214, 34.624405 ], [ -112.440832, 34.625315 ], [ -112.437857, 34.625361 ], [ -112.4366, 34.626073 ], [ -112.435242, 34.626437 ], [ -112.43374, 34.627889 ], [ -112.434432, 34.628991 ], [ -112.436385, 34.628974 ], [ -112.438756, 34.628669 ], [ -112.439623, 34.628354 ], [ -112.439816, 34.628936 ], [ -112.448992, 34.628874 ], [ -112.465183, 34.628806 ], [ -112.482222, 34.628729 ], [ -112.482093, 34.62148 ], [ -112.492973, 34.621305 ], [ -112.492795, 34.616054 ], [ -112.49304, 34.613995 ], [ -112.495724, 34.608829 ], [ -112.496029, 34.607687 ], [ -112.495628, 34.603972 ], [ -112.49629, 34.599247 ], [ -112.495399, 34.592435 ], [ -112.494462, 34.594234 ], [ -112.489023, 34.597087 ], [ -112.489428, 34.593824 ], [ -112.490018, 34.592383 ], [ -112.486213, 34.592419 ], [ -112.487561, 34.59058 ], [ -112.482215, 34.590623 ], [ -112.482224, 34.585255 ], [ -112.490079, 34.585235 ], [ -112.49832, 34.585052 ], [ -112.498166, 34.586797 ], [ -112.500096, 34.58492 ], [ -112.503095, 34.585015 ], [ -112.503105, 34.581393 ], [ -112.504205, 34.581391 ], [ -112.504393, 34.577836 ], [ -112.499622, 34.577781 ], [ -112.499578, 34.578958 ], [ -112.498336, 34.578274 ], [ -112.498203, 34.5778 ], [ -112.49882, 34.573552 ], [ -112.499592, 34.571331 ], [ -112.50225, 34.571189 ], [ -112.502226, 34.569233 ], [ -112.503254, 34.566739 ], [ -112.49984, 34.566746 ], [ -112.499906, 34.568986 ], [ -112.497572, 34.568901 ], [ -112.497242, 34.56952 ], [ -112.496223, 34.569131 ], [ -112.495242, 34.568346 ], [ -112.495668, 34.567587 ], [ -112.496039, 34.566603 ], [ -112.494024, 34.565875 ], [ -112.495517, 34.563277 ], [ -112.497133, 34.563273 ], [ -112.499941, 34.562934 ], [ -112.499828, 34.560826 ], [ -112.501419, 34.560824 ], [ -112.501436, 34.563297 ], [ -112.505307, 34.563292 ], [ -112.505516, 34.569 ], [ -112.50453, 34.571345 ], [ -112.507759, 34.570392 ], [ -112.509074, 34.570688 ], [ -112.513484, 34.573407 ], [ -112.517268, 34.576562 ], [ -112.517713, 34.576813 ], [ -112.518009, 34.576276 ], [ -112.517861, 34.573826 ], [ -112.519254, 34.573895 ], [ -112.519052, 34.572252 ], [ -112.520873, 34.573245 ], [ -112.523569, 34.57353 ], [ -112.526817, 34.573106 ], [ -112.530084, 34.570298 ] ], [ [ -112.428271, 34.630048 ], [ -112.42464, 34.631026 ], [ -112.424896, 34.62857 ], [ -112.42494, 34.626251 ], [ -112.424427, 34.622817 ], [ -112.426743, 34.624937 ], [ -112.428271, 34.630048 ] ], [ [ -112.425928, 34.596239 ], [ -112.424143, 34.601325 ], [ -112.423012, 34.601127 ], [ -112.42107, 34.602447 ], [ -112.421254, 34.60728 ], [ -112.419221, 34.610368 ], [ -112.418602, 34.612988 ], [ -112.419262, 34.614937 ], [ -112.420776, 34.616478 ], [ -112.423358, 34.618183 ], [ -112.425403, 34.621864 ], [ -112.415339, 34.621802 ], [ -112.41626, 34.618296 ], [ -112.416366, 34.616607 ], [ -112.41877, 34.614893 ], [ -112.417483, 34.613467 ], [ -112.417468, 34.611858 ], [ -112.41823, 34.610939 ], [ -112.412124, 34.610929 ], [ -112.412903, 34.597 ], [ -112.414596, 34.597044 ], [ -112.416842, 34.5971 ], [ -112.416908, 34.594612 ], [ -112.418116, 34.593584 ], [ -112.425545, 34.59376 ], [ -112.425791, 34.593144 ], [ -112.425928, 34.596239 ] ] ] } },
{ "type": "Feature", "properties": { "GEOID": "0451600", "NAME": "Oro Valley town, Arizona", "population": 48085.0 }, "geometry": { "type": "Polygon", "coordinates": [ [ [ -111.03014, 32.417724 ], [ -111.029973, 32.415384 ], [ -111.029868, 32.395552 ], [ -111.021559, 32.395526 ], [ -111.021313, 32.395326 ], [ -111.021326, 32.388076 ], [ -111.012815, 32.388061 ], [ -111.012727, 32.388061 ], [ -111.012724, 32.38734 ], [ -111.012816, 32.382575 ], [ -111.004261, 32.382557 ], [ -111.004257, 32.378987 ], [ -111.007641, 32.378985 ], [ -111.008586, 32.375366 ], [ -111.009649, 32.375366 ], [ -111.009658, 32.374074 ], [ -111.009659, 32.373544 ], [ -111.009561, 32.373544 ], [ -111.004337, 32.373337 ], [ -111.00354, 32.372602 ], [ -111.002152, 32.373216 ], [ -111.001334, 32.374805 ], [ -110.996864, 32.379425 ], [ -110.995765, 32.379745 ], [ -110.995842, 32.372565 ], [ -110.995842, 32.372433 ], [ -110.992564, 32.372627 ], [ -110.990436, 32.373408 ], [ -110.987232, 32.373427 ], [ -110.98721, 32.366144 ], [ -110.987055, 32.366144 ], [ -110.980726, 32.366088 ], [ -110.978828, 32.365816 ], [ -110.978712, 32.359032 ], [ -110.978686, 32.3518 ], [ -110.978678, 32.344644 ], [ -110.982864, 32.344582 ], [ -110.982755, 32.33726 ], [ -110.97735, 32.337139 ], [ -110.977115, 32.340381 ], [ -110.97629, 32.344542 ], [ -110.966217, 32.344572 ], [ -110.968269, 32.343942 ], [ -110.97009, 32.342055 ], [ -110.970097, 32.339771 ], [ -110.967692, 32.34091 ], [ -110.968093, 32.33812 ], [ -110.969707, 32.336861 ], [ -110.966904, 32.337254 ], [ -110.965815, 32.33725 ], [ -110.965818, 32.339813 ], [ -110.962557, 32.343718 ], [ -110.964453, 32.344581 ], [ -110.961182, 32.344589 ], [ -110.961202, 32.351837 ], [ -110.961304, 32.35185 ], [ -110.961221, 32.353874 ], [ -110.961154, 32.353867 ], [ -110.961147, 32.355671 ], [ -110.961152, 32.3585 ], [ -110.96114, 32.365576 ], [ -110.961149, 32.36882 ], [ -110.961148, 32.38055 ], [ -110.944289, 32.380581 ], [ -110.944296, 32.394569 ], [ -110.944297, 32.39492 ], [ -110.927468, 32.394778 ], [ -110.927455, 32.405939 ], [ -110.929087, 32.407024 ], [ -110.93156, 32.409892 ], [ -110.931636, 32.412805 ], [ -110.934471, 32.412826 ], [ -110.938001, 32.412855 ], [ -110.936619, 32.416395 ], [ -110.936426, 32.421827 ], [ -110.934243, 32.427347 ], [ -110.933622, 32.430789 ], [ -110.933512, 32.446985 ], [ -110.933318, 32.449975 ], [ -110.932548, 32.452344 ], [ -110.92981, 32.456421 ], [ -110.927883, 32.46002 ], [ -110.928204, 32.460009 ], [ -110.928357, 32.460001 ], [ -110.932411, 32.460018 ], [ -110.93563, 32.460045 ], [ -110.935594, 32.467246 ], [ -110.942136, 32.467278 ], [ -110.944089, 32.467288 ], [ -110.944063, 32.474557 ], [ -110.950602, 32.474634 ], [ -110.969719, 32.474671 ], [ -110.969828, 32.48195 ], [ -110.972091, 32.481938 ], [ -110.983963, 32.48189 ], [ -110.995343, 32.481868 ], [ -110.995342, 32.478237 ], [ -111.0039, 32.478229 ], [ -111.003895, 32.474594 ], [ -111.009994, 32.474594 ], [ -111.01243, 32.474589 ], [ -111.01242, 32.467553 ], [ -111.012404, 32.463724 ], [ -111.014914, 32.463733 ], [ -111.014906, 32.462693 ], [ -111.012465, 32.461921 ], [ -111.010319, 32.461906 ], [ -111.010279, 32.463716 ], [ -111.006057, 32.463713 ], [ -111.006032, 32.465534 ], [ -110.997462, 32.465491 ], [ -110.997564, 32.461932 ], [ -110.995376, 32.461929 ], [ -110.995651, 32.460148 ], [ -111.005402, 32.460126 ], [ -111.007007, 32.459915 ], [ -111.012391, 32.460155 ], [ -111.012296, 32.451041 ], [ -111.014598, 32.451048 ], [ -111.014618, 32.449248 ], [ -111.012293, 32.44926 ], [ -111.012301, 32.438331 ], [ -110.995421, 32.43835 ], [ -110.995336, 32.431181 ], [ -110.997509, 32.431128 ], [ -110.997485, 32.427463 ], [ -111.001738, 32.427445 ], [ -111.001747, 32.426001 ], [ -111.003856, 32.425577 ], [ -111.010259, 32.425644 ], [ -111.010278, 32.427538 ], [ -111.012404, 32.427538 ], [ -111.029276, 32.427448 ], [ -111.029474, 32.423803 ], [ -111.030059, 32.4238 ], [ -111.03014, 32.417724 ] ], [ [ -110.946861, 32.406179 ], [ -110.943644, 32.408126 ], [ -110.941853, 32.409303 ], [ -110.939108, 32.406914 ], [ -110.940545, 32.406175 ], [ -110.942059, 32.404141 ], [ -110.94311, 32.403501 ], [ -110.944373, 32.403204 ], [ -110.946861, 32.406179 ] ] ] } },
{ "type": "Feature", "properties": { "GEOID": "0402830", "NAME": "Apache Junction city, Arizona", "population": 45672.0 }, "geometry": { "type": "Polygon", "coordinates": [ [ [ -111.584857, 33.416441 ], [ -111.581637, 33.416439 ], [ -111.580641, 33.416858 ], [ -111.580654, 33.415056 ], [ -111.580654, 33.407809 ], [ -111.580655, 33.400602 ], [ -111.580647, 33.396932 ], [ -111.58065, 33.393343 ], [ -111.580654, 33.3877 ], [ -111.578972, 33.387699 ], [ -111.578974, 33.386481 ], [ -111.576622, 33.384309 ], [ -111.576333, 33.378773 ], [ -111.580696, 33.37874 ], [ -111.58408, 33.378796 ], [ -111.58402, 33.372552 ], [ -111.56781, 33.372573 ], [ -111.567805, 33.36899 ], [ -111.572153, 33.368991 ], [ -111.572186, 33.365395 ], [ -111.583953, 33.365423 ], [ -111.583918, 33.361793 ], [ -111.58385, 33.349764 ], [ -111.583799, 33.342629 ], [ -111.58374, 33.336626 ], [ -111.583737, 33.335322 ], [ -111.583616, 33.320871 ], [ -111.5834, 33.307182 ], [ -111.580681, 33.307042 ], [ -111.580655, 33.300051 ], [ -111.563316, 33.300062 ], [ -111.5224, 33.30011 ], [ -111.524064, 33.303399 ], [ -111.524748, 33.30715 ], [ -111.525985, 33.313482 ], [ -111.529739, 33.325954 ], [ -111.530428, 33.32749 ], [ -111.537975, 33.339892 ], [ -111.542723, 33.347079 ], [ -111.545682, 33.350854 ], [ -111.476892, 33.35086 ], [ -111.476886, 33.36543 ], [ -111.476885, 33.367364 ], [ -111.477238, 33.382467 ], [ -111.489796, 33.382467 ], [ -111.489771, 33.386073 ], [ -111.494108, 33.386066 ], [ -111.494109, 33.38973 ], [ -111.494144, 33.407871 ], [ -111.502736, 33.407863 ], [ -111.50276, 33.429636 ], [ -111.494169, 33.429609 ], [ -111.494171, 33.436935 ], [ -111.494225, 33.449897 ], [ -111.494264, 33.451378 ], [ -111.497062, 33.451374 ], [ -111.498525, 33.450424 ], [ -111.498613, 33.444103 ], [ -111.507152, 33.444129 ], [ -111.507152, 33.445558 ], [ -111.507156, 33.451374 ], [ -111.580638, 33.451334 ], [ -111.580672, 33.436818 ], [ -111.580683, 33.42596 ], [ -111.580661, 33.422331 ], [ -111.580664, 33.421345 ], [ -111.582858, 33.42134 ], [ -111.582862, 33.418696 ], [ -111.584856, 33.418694 ], [ -111.584857, 33.416441 ] ], [ [ -111.572032, 33.393342 ], [ -111.571914, 33.393341 ], [ -111.564823, 33.393315 ], [ -111.564816, 33.389662 ], [ -111.563389, 33.389664 ], [ -111.563368, 33.386453 ], [ -111.563395, 33.382449 ], [ -111.57201, 33.382443 ], [ -111.572019, 33.386468 ], [ -111.572032, 33.393342 ] ], [ [ -111.539575, 33.390622 ], [ -111.537459, 33.390625 ], [ -111.537436, 33.388809 ], [ -111.539572, 33.388807 ], [ -111.539575, 33.390622 ] ], [ [ -111.537188, 33.382459 ], [ -111.535626, 33.382454 ], [ -111.533075, 33.382006 ], [ -111.531976, 33.379733 ], [ -111.533073, 33.379105 ], [ -111.537198, 33.379103 ], [ -111.537188, 33.382459 ] ], [ [ -111.533101, 33.384169 ], [ -111.528736, 33.384824 ], [ -111.527408, 33.384819 ], [ -111.527343, 33.385317 ], [ -111.5263, 33.385452 ], [ -111.526302, 33.385994 ], [ -111.524408, 33.386097 ], [ -111.524438, 33.38246 ], [ -111.528739, 33.382472 ], [ -111.528758, 33.379073 ], [ -111.528902, 33.382547 ], [ -111.533088, 33.382705 ], [ -111.533101, 33.384169 ] ], [ [ -111.533081, 33.391473 ], [ -111.532476, 33.393353 ], [ -111.528775, 33.39336 ], [ -111.524431, 33.393371 ], [ -111.524417, 33.389728 ], [ -111.528773, 33.389727 ], [ -111.528746, 33.387694 ], [ -111.533073, 33.38766 ], [ -111.533081, 33.391473 ] ], [ [ -111.520092, 33.393365 ], [ -111.517944, 33.393361 ], [ -111.515718, 33.3934 ], [ -111.515712, 33.38792 ], [ -111.520083, 33.387912 ], [ -111.520092, 33.393365 ] ], [ [ -111.515753, 33.3861 ], [ -111.511438, 33.3861 ], [ -111.511438, 33.38517 ], [ -111.515753, 33.385164 ], [ -111.515753, 33.3861 ] ] ] } },
{ "type": "Feature", "properties": { "GEOID": "0466820", "NAME": "Sierra Vista city, Arizona", "population": 44907.0 }, "geometry": { "type": "Polygon", "coordinates": [ [ [ -110.447973, 31.547934 ], [ -110.444296, 31.544882 ], [ -110.442017, 31.541773 ], [ -110.440322, 31.541623 ], [ -110.438006, 31.540634 ], [ -110.43758, 31.536987 ], [ -110.438061, 31.536132 ], [ -110.434173, 31.532531 ], [ -110.43223, 31.530346 ], [ -110.43293, 31.528472 ], [ -110.429182, 31.526037 ], [ -110.428744, 31.524213 ], [ -110.427065, 31.522415 ], [ -110.424072, 31.521686 ], [ -110.423152, 31.520349 ], [ -110.419988, 31.518462 ], [ -110.418473, 31.51885 ], [ -110.417585, 31.517482 ], [ -110.414834, 31.514595 ], [ -110.413233, 31.5136 ], [ -110.414425, 31.512988 ], [ -110.41677, 31.510736 ], [ -110.417499, 31.510561 ], [ -110.418146, 31.509741 ], [ -110.417925, 31.506569 ], [ -110.419295, 31.505573 ], [ -110.418654, 31.502577 ], [ -110.418802, 31.501759 ], [ -110.418745, 31.501452 ], [ -110.419241, 31.500974 ], [ -110.419728, 31.50065 ], [ -110.419904, 31.500096 ], [ -110.41937, 31.500096 ], [ -110.418946, 31.498816 ], [ -110.415235, 31.495482 ], [ -110.414656, 31.494374 ], [ -110.412574, 31.494234 ], [ -110.410949, 31.492378 ], [ -110.408656, 31.49262 ], [ -110.407551, 31.490935 ], [ -110.405373, 31.489214 ], [ -110.404547, 31.487914 ], [ -110.401823, 31.4869 ], [ -110.398412, 31.487291 ], [ -110.396058, 31.485949 ], [ -110.392887, 31.485245 ], [ -110.392354, 31.483287 ], [ -110.391466, 31.482286 ], [ -110.392756, 31.4817 ], [ -110.395125, 31.478632 ], [ -110.389811, 31.475947 ], [ -110.388265, 31.475655 ], [ -110.388025, 31.473873 ], [ -110.388927, 31.473016 ], [ -110.386449, 31.471295 ], [ -110.385895, 31.467917 ], [ -110.385807, 31.464925 ], [ -110.387095, 31.46363 ], [ -110.386507, 31.461541 ], [ -110.389014, 31.458789 ], [ -110.388086, 31.453366 ], [ -110.385183, 31.450757 ], [ -110.384103, 31.450219 ], [ -110.380347, 31.450285 ], [ -110.376511, 31.446687 ], [ -110.375859, 31.445564 ], [ -110.372573, 31.441755 ], [ -110.371448, 31.441439 ], [ -110.366324, 31.436213 ], [ -110.366012, 31.435049 ], [ -110.363714, 31.435514 ], [ -110.36193, 31.434989 ], [ -110.359362, 31.435041 ], [ -110.357297, 31.43445 ], [ -110.349496, 31.435057 ], [ -110.347619, 31.435742 ], [ -110.345886, 31.435083 ], [ -110.34319, 31.434421 ], [ -110.33975, 31.435726 ], [ -110.339948, 31.437075 ], [ -110.341731, 31.440876 ], [ -110.336585, 31.44578 ], [ -110.337709, 31.447948 ], [ -110.336952, 31.450195 ], [ -110.335508, 31.452488 ], [ -110.336616, 31.457124 ], [ -110.332427, 31.460766 ], [ -110.330946, 31.460152 ], [ -110.329042, 31.460651 ], [ -110.326562, 31.463189 ], [ -110.323023, 31.463516 ], [ -110.320949, 31.464313 ], [ -110.316478, 31.464934 ], [ -110.315288, 31.467188 ], [ -110.313226, 31.467329 ], [ -110.310966, 31.469214 ], [ -110.311122, 31.469868 ], [ -110.308796, 31.471575 ], [ -110.307941, 31.470246 ], [ -110.306022, 31.471584 ], [ -110.302805, 31.473075 ], [ -110.291377, 31.487364 ], [ -110.28421, 31.496337 ], [ -110.274426, 31.496432 ], [ -110.274364, 31.494547 ], [ -110.272162, 31.494586 ], [ -110.270536, 31.495158 ], [ -110.269835, 31.495722 ], [ -110.268887, 31.496204 ], [ -110.267951, 31.496371 ], [ -110.265878, 31.496386 ], [ -110.257388, 31.496386 ], [ -110.257388, 31.495752 ], [ -110.256332, 31.496345 ], [ -110.256121, 31.496346 ], [ -110.255783, 31.500056 ], [ -110.254552, 31.500036 ], [ -110.253821, 31.497147 ], [ -110.251985, 31.498931 ], [ -110.249206, 31.498912 ], [ -110.249201, 31.50004 ], [ -110.25198, 31.500071 ], [ -110.251952, 31.501894 ], [ -110.247076, 31.501758 ], [ -110.242489, 31.504694 ], [ -110.242869, 31.505685 ], [ -110.241629, 31.506534 ], [ -110.240757, 31.505475 ], [ -110.240875, 31.503633 ], [ -110.237712, 31.503633 ], [ -110.237658, 31.501976 ], [ -110.239315, 31.5016 ], [ -110.248592, 31.497062 ], [ -110.249227, 31.498428 ], [ -110.24928, 31.496321 ], [ -110.249204, 31.492697 ], [ -110.240755, 31.492691 ], [ -110.239953, 31.492691 ], [ -110.23604, 31.493957 ], [ -110.233871, 31.4942 ], [ -110.23244, 31.494872 ], [ -110.231978, 31.494868 ], [ -110.231966, 31.496433 ], [ -110.231807, 31.511001 ], [ -110.238475, 31.511053 ], [ -110.240721, 31.510902 ], [ -110.240719, 31.507579 ], [ -110.245824, 31.507599 ], [ -110.245821, 31.509105 ], [ -110.249196, 31.509118 ], [ -110.249201, 31.511045 ], [ -110.245038, 31.511042 ], [ -110.24315, 31.512119 ], [ -110.240722, 31.511944 ], [ -110.240725, 31.515031 ], [ -110.232241, 31.51504 ], [ -110.232242, 31.518207 ], [ -110.223761, 31.518186 ], [ -110.223759, 31.510918 ], [ -110.206801, 31.510918 ], [ -110.206683, 31.517629 ], [ -110.206856, 31.52559 ], [ -110.206817, 31.532221 ], [ -110.206663, 31.540283 ], [ -110.204736, 31.540301 ], [ -110.189807, 31.539948 ], [ -110.189791, 31.551706 ], [ -110.189691, 31.554529 ], [ -110.171452, 31.554544 ], [ -110.171428, 31.555839 ], [ -110.171347, 31.56869 ], [ -110.181063, 31.568686 ], [ -110.181174, 31.583071 ], [ -110.189679, 31.583073 ], [ -110.189759, 31.568668 ], [ -110.203868, 31.568865 ], [ -110.206638, 31.569055 ], [ -110.206551, 31.555738 ], [ -110.207977, 31.555701 ], [ -110.207976, 31.55693 ], [ -110.209202, 31.556939 ], [ -110.209214, 31.55461 ], [ -110.215149, 31.554596 ], [ -110.215184, 31.547566 ], [ -110.219501, 31.54754 ], [ -110.219476, 31.554586 ], [ -110.219581, 31.554586 ], [ -110.219578, 31.555715 ], [ -110.22141, 31.555716 ], [ -110.221422, 31.554588 ], [ -110.222872, 31.554591 ], [ -110.222966, 31.547552 ], [ -110.227269, 31.547538 ], [ -110.22726, 31.552986 ], [ -110.226008, 31.553682 ], [ -110.223612, 31.55368 ], [ -110.22361, 31.554592 ], [ -110.222978, 31.569142 ], [ -110.223172, 31.574739 ], [ -110.238219, 31.574253 ], [ -110.243245, 31.572882 ], [ -110.249024, 31.569988 ], [ -110.249585, 31.576628 ], [ -110.257158, 31.576309 ], [ -110.257244, 31.569869 ], [ -110.274319, 31.569865 ], [ -110.274243, 31.576009 ], [ -110.262449, 31.576462 ], [ -110.257676, 31.576712 ], [ -110.257654, 31.57826 ], [ -110.257402, 31.583886 ], [ -110.240413, 31.583912 ], [ -110.240604, 31.59097 ], [ -110.223845, 31.590838 ], [ -110.223527, 31.598124 ], [ -110.206901, 31.598173 ], [ -110.206314, 31.613367 ], [ -110.189615, 31.613166 ], [ -110.189673, 31.625093 ], [ -110.19008, 31.629069 ], [ -110.19125, 31.635191 ], [ -110.20668, 31.635296 ], [ -110.20567, 31.643174 ], [ -110.205804, 31.686863 ], [ -110.239539, 31.687232 ], [ -110.239593, 31.672414 ], [ -110.265278, 31.672348 ], [ -110.265263, 31.665024 ], [ -110.2823, 31.664965 ], [ -110.281625, 31.663003 ], [ -110.309197, 31.654945 ], [ -110.311901, 31.654158 ], [ -110.31212, 31.643205 ], [ -110.325158, 31.643118 ], [ -110.325304, 31.635172 ], [ -110.329382, 31.635081 ], [ -110.329407, 31.631481 ], [ -110.329545, 31.620152 ], [ -110.333774, 31.620093 ], [ -110.333818, 31.61454 ], [ -110.315281, 31.574044 ], [ -110.311021, 31.564528 ], [ -110.3087, 31.560412 ], [ -110.308566, 31.558669 ], [ -110.308553, 31.558321 ], [ -110.31558, 31.574004 ], [ -110.333817, 31.614008 ], [ -110.336913, 31.620218 ], [ -110.359863, 31.617567 ], [ -110.376623, 31.615851 ], [ -110.381042, 31.615028 ], [ -110.385327, 31.614823 ], [ -110.422094, 31.610571 ], [ -110.433355, 31.609482 ], [ -110.44681, 31.607764 ], [ -110.447826, 31.585127 ], [ -110.448904, 31.561287 ], [ -110.448971, 31.556234 ], [ -110.447924, 31.554499 ], [ -110.449149, 31.550338 ], [ -110.447973, 31.547934 ] ], [ [ -110.299914, 31.560184 ], [ -110.297502, 31.560182 ], [ -110.297499, 31.561829 ], [ -110.29424, 31.561905 ], [ -110.295789, 31.561063 ], [ -110.294243, 31.560179 ], [ -110.293039, 31.561913 ], [ -110.291328, 31.56192 ], [ -110.29133, 31.561175 ], [ -110.291333, 31.559549 ], [ -110.292305, 31.558995 ], [ -110.298665, 31.556997 ], [ -110.299921, 31.556815 ], [ -110.299914, 31.560184 ] ], [ [ -110.295549, 31.554642 ], [ -110.2941, 31.554642 ], [ -110.294081, 31.553599 ], [ -110.295549, 31.5536 ], [ -110.295549, 31.554642 ] ], [ [ -110.294645, 31.556746 ], [ -110.29349, 31.556785 ], [ -110.293487, 31.557813 ], [ -110.291823, 31.558303 ], [ -110.291336, 31.557711 ], [ -110.291341, 31.55521 ], [ -110.293494, 31.555368 ], [ -110.294059, 31.556073 ], [ -110.294288, 31.554766 ], [ -110.294649, 31.555207 ], [ -110.294645, 31.556746 ] ], [ [ -110.274331, 31.539568 ], [ -110.272228, 31.539395 ], [ -110.272199, 31.538234 ], [ -110.265938, 31.538539 ], [ -110.265945, 31.540193 ], [ -110.266007, 31.54368 ], [ -110.261727, 31.543765 ], [ -110.261593, 31.547324 ], [ -110.265752, 31.547327 ], [ -110.265729, 31.549234 ], [ -110.261503, 31.549272 ], [ -110.261492, 31.547403 ], [ -110.258497, 31.547322 ], [ -110.257339, 31.547321 ], [ -110.257341, 31.545401 ], [ -110.257343, 31.542843 ], [ -110.258898, 31.542887 ], [ -110.259281, 31.541974 ], [ -110.25864, 31.54008 ], [ -110.258646, 31.537758 ], [ -110.257455, 31.537748 ], [ -110.257456, 31.534847 ], [ -110.259716, 31.535573 ], [ -110.259692, 31.534075 ], [ -110.2631, 31.53398 ], [ -110.263095, 31.536442 ], [ -110.265057, 31.536494 ], [ -110.265046, 31.534394 ], [ -110.265714, 31.532925 ], [ -110.26796, 31.532419 ], [ -110.267974, 31.531058 ], [ -110.269994, 31.531123 ], [ -110.269923, 31.532343 ], [ -110.269955, 31.532976 ], [ -110.272213, 31.532951 ], [ -110.272305, 31.531937 ], [ -110.274321, 31.532261 ], [ -110.274331, 31.539568 ] ], [ [ -110.247337, 31.555253 ], [ -110.246743, 31.555539 ], [ -110.246058, 31.555535 ], [ -110.245919, 31.555219 ], [ -110.245993, 31.554624 ], [ -110.247295, 31.554624 ], [ -110.247337, 31.555253 ] ] ] } },
{ "type": "Feature", "properties": { "GEOID": "0408220", "NAME": "Bullhead City city, Arizona", "population": 43987.0 }, "geometry": { "type": "Polygon", "coordinates": [ [ [ -114.646759, 35.101872 ], [ -114.643613, 35.0975719 ], [ -114.642831, 35.096503 ], [ -114.6355591, 35.0937108 ], [ -114.622517, 35.088703 ], [ -114.613132, 35.083097 ], [ -114.60838, 35.078418 ], [ -114.604736, 35.07483 ], [ -114.6030106, 35.0689382 ], [ -114.602908, 35.068588 ], [ -114.603619, 35.064226 ], [ -114.606694, 35.058941 ], [ -114.617254899999978, 35.0515902 ], [ -114.615613, 35.049911 ], [ -114.615936, 35.048143 ], [ -114.607281, 35.04579 ], [ -114.606744, 35.040596 ], [ -114.592679, 35.040538 ], [ -114.589136, 35.04072 ], [ -114.58033, 35.040618 ], [ -114.580361, 35.044324 ], [ -114.577324, 35.044552 ], [ -114.562528, 35.044076 ], [ -114.562453, 35.050225 ], [ -114.562406, 35.050756 ], [ -114.562428, 35.054812 ], [ -114.562339, 35.056313 ], [ -114.563042, 35.069491 ], [ -114.514251, 35.069235 ], [ -114.505975, 35.069236 ], [ -114.505875, 35.082996 ], [ -114.489906, 35.083011 ], [ -114.489885, 35.08837 ], [ -114.489886, 35.097119 ], [ -114.472897, 35.097135 ], [ -114.472863, 35.110492 ], [ -114.489812, 35.110403 ], [ -114.489812, 35.124209 ], [ -114.457329, 35.124172 ], [ -114.457199, 35.152526 ], [ -114.473536, 35.152526 ], [ -114.473551, 35.13827 ], [ -114.489757, 35.138301 ], [ -114.489663, 35.152678 ], [ -114.480786, 35.152623 ], [ -114.480663, 35.16804 ], [ -114.488493, 35.168229 ], [ -114.497702, 35.167977 ], [ -114.497731, 35.182506 ], [ -114.497757, 35.184838 ], [ -114.497759, 35.195989 ], [ -114.519627, 35.195885 ], [ -114.519733, 35.205299 ], [ -114.528448, 35.20577 ], [ -114.534603, 35.205372 ], [ -114.53639, 35.204789 ], [ -114.536527, 35.195767 ], [ -114.557304, 35.195609 ], [ -114.560003, 35.19728 ], [ -114.564191, 35.197674 ], [ -114.5719328, 35.199485 ], [ -114.569238, 35.18348 ], [ -114.5693931, 35.172202 ], [ -114.569529, 35.162317 ], [ -114.573943, 35.143892 ], [ -114.5734933, 35.1424437 ], [ -114.572597, 35.139557 ], [ -114.578263, 35.12881 ], [ -114.582106599999989, 35.1267541 ], [ -114.585317, 35.125037 ], [ -114.597794, 35.121735 ], [ -114.600693400000011, 35.1216629 ], [ -114.6040152, 35.1215803 ], [ -114.6129821, 35.1213573 ], [ -114.621357, 35.121149 ], [ -114.6236621, 35.1202922 ], [ -114.632282, 35.117088 ], [ -114.635117799999975, 35.1144604 ], [ -114.644352, 35.105904 ], [ -114.646759, 35.101872 ] ] ] } },
{ "type": "Feature", "properties": { "GEOID": "0463470", "NAME": "San Luis city, Arizona", "population": 42030.0 }, "geometry": { "type": "Polygon", "coordinates": [ [ [ -114.813613, 32.494277 ], [ -114.8126951, 32.4940005 ], [ -114.782560799999985, 32.4849246 ], [ -114.769541499999988, 32.4810034 ], [ -114.761031300000013, 32.4784403 ], [ -114.760828, 32.481883 ], [ -114.756744, 32.481886 ], [ -114.752428, 32.48189 ], [ -114.752482700000016, 32.4758656 ], [ -114.7356354, 32.4707915 ], [ -114.7181774, 32.4655334 ], [ -114.6495447, 32.4448624 ], [ -114.6310624, 32.4392958 ], [ -114.631006, 32.439483 ], [ -114.631002, 32.479262 ], [ -114.630816, 32.480233 ], [ -114.631025, 32.495117 ], [ -114.639551, 32.495148 ], [ -114.645362, 32.495829 ], [ -114.648036, 32.495885 ], [ -114.64816, 32.505312 ], [ -114.648721, 32.508826 ], [ -114.648907, 32.521871 ], [ -114.655063, 32.523719 ], [ -114.722091, 32.52356 ], [ -114.722488, 32.523559 ], [ -114.722482, 32.523152 ], [ -114.722314, 32.509001 ], [ -114.718134, 32.509012 ], [ -114.70057, 32.508937 ], [ -114.700565, 32.502011 ], [ -114.683436, 32.502008 ], [ -114.683459, 32.494495 ], [ -114.683482, 32.487489 ], [ -114.700637, 32.487492 ], [ -114.717745, 32.48745 ], [ -114.722074, 32.48749 ], [ -114.722073, 32.494711 ], [ -114.734882, 32.494693 ], [ -114.734895, 32.508938 ], [ -114.722498, 32.509021 ], [ -114.722614, 32.519922 ], [ -114.735331, 32.51977 ], [ -114.739537, 32.51975 ], [ -114.739549, 32.522217 ], [ -114.741901, 32.521881 ], [ -114.744723, 32.522403 ], [ -114.747487, 32.520623 ], [ -114.747939, 32.51908 ], [ -114.748146, 32.518758 ], [ -114.748141, 32.516179 ], [ -114.752504, 32.516112 ], [ -114.752559, 32.519823 ], [ -114.758394, 32.519804 ], [ -114.75674, 32.523477 ], [ -114.760889, 32.523469 ], [ -114.760927, 32.53077 ], [ -114.769713, 32.530676 ], [ -114.769709, 32.534322 ], [ -114.782634, 32.53428 ], [ -114.782609, 32.530593 ], [ -114.786692, 32.530631 ], [ -114.786597, 32.523267 ], [ -114.769782, 32.523331 ], [ -114.769806, 32.516108 ], [ -114.778208, 32.51605 ], [ -114.778119, 32.50876 ], [ -114.786583, 32.508726 ], [ -114.786633, 32.516016 ], [ -114.798416, 32.515999 ], [ -114.799283, 32.521575 ], [ -114.799193, 32.523364 ], [ -114.811055, 32.523337 ], [ -114.809609, 32.520673 ], [ -114.809781, 32.519102 ], [ -114.808716, 32.517732 ], [ -114.803957, 32.517117 ], [ -114.802129, 32.515799 ], [ -114.801848, 32.512797 ], [ -114.803165, 32.510394 ], [ -114.806654, 32.507862 ], [ -114.8099957, 32.508406 ], [ -114.810159, 32.508383 ], [ -114.811832700000011, 32.5086404 ], [ -114.811593, 32.507677 ], [ -114.812047, 32.505675 ], [ -114.811112, 32.501502 ], [ -114.812316, 32.500054 ], [ -114.813991, 32.497231 ], [ -114.813613, 32.494277 ] ], [ [ -114.777737, 32.50133 ], [ -114.777057, 32.501485 ], [ -114.775952, 32.501473 ], [ -114.775913, 32.497813 ], [ -114.778006, 32.497791 ], [ -114.777737, 32.50133 ] ], [ [ -114.760995, 32.497927 ], [ -114.756701, 32.497952 ], [ -114.756679, 32.494313 ], [ -114.752369, 32.494315 ], [ -114.752373, 32.493214 ], [ -114.756673, 32.493203 ], [ -114.760957, 32.493204 ], [ -114.760955, 32.494315 ], [ -114.760995, 32.497927 ] ], [ [ -114.683487, 32.487395 ], [ -114.666414, 32.487464 ], [ -114.666454, 32.480232 ], [ -114.683491, 32.480211 ], [ -114.683487, 32.487395 ] ] ] } },
{ "type": "Feature", "properties": { "GEOID": "0462140", "NAME": "Sahuarita town, Arizona", "population": 37694.0 }, "geometry": { "type": "Polygon", "coordinates": [ [ [ -111.012314, 31.935432 ], [ -111.008956, 31.936055 ], [ -111.003563, 31.935878 ], [ -111.003491, 31.914135 ], [ -111.003417, 31.899506 ], [ -111.003615, 31.897433 ], [ -111.004111, 31.896332 ], [ -111.004292, 31.895232 ], [ -110.997438, 31.89962 ], [ -110.994825, 31.899729 ], [ -110.985476, 31.899427 ], [ -110.984784, 31.899501 ], [ -110.978235, 31.899367 ], [ -110.9779, 31.89935 ], [ -110.977909, 31.89922 ], [ -110.978503, 31.890383 ], [ -110.975742, 31.889263 ], [ -110.975455, 31.887825 ], [ -110.976929, 31.883977 ], [ -110.976925, 31.882709 ], [ -110.978501, 31.880399 ], [ -110.979227, 31.874579 ], [ -110.981224, 31.871948 ], [ -110.982098, 31.869587 ], [ -110.982205, 31.867822 ], [ -110.981711, 31.866603 ], [ -110.982166, 31.864111 ], [ -110.98165, 31.863962 ], [ -110.982194, 31.861028 ], [ -110.980783, 31.857481 ], [ -110.977162, 31.858682 ], [ -110.975639, 31.856424 ], [ -110.974879, 31.85617 ], [ -110.975327, 31.856588 ], [ -110.974259, 31.85736 ], [ -110.973531, 31.858118 ], [ -110.97333, 31.858107 ], [ -110.97304, 31.858581 ], [ -110.972919, 31.858549 ], [ -110.972618, 31.85957 ], [ -110.971954, 31.861249 ], [ -110.971677, 31.862028 ], [ -110.970016, 31.861561 ], [ -110.965042, 31.861017 ], [ -110.963202, 31.858979 ], [ -110.957615, 31.856905 ], [ -110.956085, 31.856392 ], [ -110.949743, 31.872359 ], [ -110.948114, 31.872358 ], [ -110.948217, 31.877439 ], [ -110.944153, 31.877408 ], [ -110.944068, 31.868628 ], [ -110.937339, 31.868858 ], [ -110.925961, 31.86924 ], [ -110.926017, 31.870298 ], [ -110.926362, 31.882528 ], [ -110.926523, 31.899187 ], [ -110.926688, 31.91354 ], [ -110.952461, 31.913445 ], [ -110.952364, 31.917218 ], [ -110.948265, 31.91724 ], [ -110.94843, 31.921115 ], [ -110.948511, 31.934221 ], [ -110.948733, 31.939457 ], [ -110.944948, 31.939457 ], [ -110.944677, 31.949484 ], [ -110.944351, 31.95031 ], [ -110.943507, 31.950299 ], [ -110.943509, 31.951923 ], [ -110.944348, 31.951908 ], [ -110.944352, 31.956009 ], [ -110.936435, 31.956039 ], [ -110.936441, 31.957343 ], [ -110.931135, 31.957636 ], [ -110.931087, 31.967017 ], [ -110.933062, 31.968826 ], [ -110.931232, 31.970627 ], [ -110.931231, 31.972602 ], [ -110.936156, 31.972584 ], [ -110.93618, 31.994328 ], [ -110.944618, 31.994381 ], [ -110.944537, 31.998556 ], [ -110.95062, 31.998699 ], [ -110.950443, 32.001407 ], [ -110.961346, 32.001484 ], [ -110.969957, 32.001474 ], [ -110.992023, 32.001505 ], [ -110.99273, 32.001507 ], [ -110.992528, 31.992764 ], [ -110.992063, 31.986691 ], [ -110.989889, 31.972001 ], [ -110.995127, 31.971881 ], [ -110.99518, 31.958309 ], [ -110.995138, 31.943294 ], [ -111.003954, 31.94325 ], [ -111.003978, 31.941599 ], [ -111.005545, 31.941039 ], [ -111.012256, 31.939958 ], [ -111.012314, 31.935432 ] ] ] } },
{ "type": "Feature", "properties": { "GEOID": "0437620", "NAME": "Kingman city, Arizona", "population": 35829.0 }, "geometry": { "type": "Polygon", "coordinates": [ [ [ -114.09481, 35.18544 ], [ -114.079996, 35.185426 ], [ -114.079992, 35.17848 ], [ -114.073863, 35.178376 ], [ -114.062327, 35.178169 ], [ -114.062213, 35.178171 ], [ -114.056938, 35.178348 ], [ -114.052904, 35.178139 ], [ -114.029111, 35.178453 ], [ -114.029046, 35.178481 ], [ -114.010602, 35.178554 ], [ -114.010261, 35.181413 ], [ -114.004731, 35.181396 ], [ -114.004804, 35.179457 ], [ -114.003711, 35.179391 ], [ -114.003882, 35.177348 ], [ -114.00671, 35.17717 ], [ -114.006777, 35.174577 ], [ -113.992812, 35.174051 ], [ -113.992687, 35.17866 ], [ -113.986756, 35.17481 ], [ -113.976298, 35.17454 ], [ -113.97629, 35.179105 ], [ -113.97611, 35.195881 ], [ -113.975168, 35.195643 ], [ -113.966196, 35.195631 ], [ -113.966212, 35.191965 ], [ -113.961408, 35.191942 ], [ -113.961463, 35.195736 ], [ -113.956587, 35.195709 ], [ -113.956544, 35.189579 ], [ -113.941084, 35.195947 ], [ -113.936192, 35.195965 ], [ -113.936229, 35.196826 ], [ -113.926467, 35.197006 ], [ -113.922953, 35.197071 ], [ -113.922979, 35.199923 ], [ -113.922864, 35.228939 ], [ -113.923014, 35.230371 ], [ -113.922965, 35.239336 ], [ -113.940565, 35.239464 ], [ -113.942927, 35.239213 ], [ -113.947795, 35.239459 ], [ -113.960355, 35.239491 ], [ -113.97566, 35.239222 ], [ -113.986493, 35.239167 ], [ -113.990299, 35.235257 ], [ -113.99234, 35.236065 ], [ -113.993413, 35.234947 ], [ -113.993807, 35.239362 ], [ -113.995962, 35.23937 ], [ -114.011489, 35.239405 ], [ -114.019931, 35.239418 ], [ -114.024958, 35.239403 ], [ -114.035809, 35.239403 ], [ -114.036663, 35.240071 ], [ -114.036664, 35.246691 ], [ -114.036672, 35.253974 ], [ -114.036339, 35.253974 ], [ -114.03804, 35.260115 ], [ -114.039855, 35.263389 ], [ -114.041851, 35.267623 ], [ -114.043644, 35.270685 ], [ -114.045099, 35.273106 ], [ -114.03998, 35.273085 ], [ -114.039872, 35.275861 ], [ -114.025826, 35.275511 ], [ -114.025821, 35.268463 ], [ -114.023967, 35.268459 ], [ -114.024084, 35.271996 ], [ -114.020466, 35.272042 ], [ -114.020416, 35.282978 ], [ -114.040001, 35.282904 ], [ -114.039959, 35.28725 ], [ -114.057309, 35.287297 ], [ -114.075882, 35.28737 ], [ -114.075963, 35.273301 ], [ -114.05764, 35.273048 ], [ -114.057847, 35.265558 ], [ -114.057764, 35.244306 ], [ -114.048973, 35.244599 ], [ -114.049052, 35.238304 ], [ -114.049184, 35.236706 ], [ -114.056099, 35.236324 ], [ -114.057713, 35.236285 ], [ -114.057684, 35.232791 ], [ -114.057739, 35.23145 ], [ -114.057836, 35.229113 ], [ -114.05823, 35.21804 ], [ -114.058222, 35.209307 ], [ -114.058207, 35.204753 ], [ -114.058173, 35.199871 ], [ -114.076305, 35.199851 ], [ -114.076549, 35.20719 ], [ -114.076928, 35.214178 ], [ -114.08683, 35.214296 ], [ -114.094672, 35.214413 ], [ -114.094739, 35.206008 ], [ -114.09481, 35.18544 ] ] ] } },
{ "type": "Feature", "properties": { "GEOID": "0422220", "NAME": "El Mirage city, Arizona", "population": 35820.0 }, "geometry": { "type": "Polygon", "coordinates": [ [ [ -112.350513, 33.580093 ], [ -112.350408, 33.580091 ], [ -112.350354, 33.565591 ], [ -112.341843, 33.565527 ], [ -112.341813, 33.5584 ], [ -112.350326, 33.558454 ], [ -112.350303, 33.552607 ], [ -112.349771, 33.552603 ], [ -112.345996, 33.552577 ], [ -112.345992, 33.551546 ], [ -112.34599, 33.551204 ], [ -112.34599, 33.55112 ], [ -112.315667, 33.550929 ], [ -112.315793, 33.56542 ], [ -112.318115, 33.565332 ], [ -112.318096, 33.564964 ], [ -112.318616, 33.564964 ], [ -112.318614, 33.565259 ], [ -112.320106, 33.56534 ], [ -112.320042, 33.572679 ], [ -112.315827, 33.57266 ], [ -112.315869, 33.579949 ], [ -112.3159, 33.58716 ], [ -112.311285, 33.587143 ], [ -112.307444, 33.59379 ], [ -112.307012, 33.594538 ], [ -112.305645, 33.601615 ], [ -112.304667, 33.606698 ], [ -112.307412, 33.607462 ], [ -112.307409, 33.60756 ], [ -112.307437, 33.608375 ], [ -112.307382, 33.608838 ], [ -112.304079, 33.608859 ], [ -112.303482, 33.608854 ], [ -112.303132, 33.6145 ], [ -112.303195, 33.623408 ], [ -112.307526, 33.623456 ], [ -112.309983, 33.623568 ], [ -112.311671, 33.623512 ], [ -112.312074, 33.630724 ], [ -112.324785, 33.630782 ], [ -112.324814, 33.623477 ], [ -112.329086, 33.623505 ], [ -112.329533, 33.623518 ], [ -112.311713, 33.609313 ], [ -112.313012, 33.609743 ], [ -112.330419, 33.62359 ], [ -112.330815, 33.623595 ], [ -112.342063, 33.623562 ], [ -112.342175, 33.623563 ], [ -112.342203, 33.620439 ], [ -112.342178, 33.616311 ], [ -112.342066, 33.609222 ], [ -112.342062, 33.609079 ], [ -112.342009, 33.601812 ], [ -112.342013, 33.594557 ], [ -112.341955, 33.593633 ], [ -112.341979, 33.591938 ], [ -112.341986, 33.587297 ], [ -112.341894, 33.580164 ], [ -112.350515, 33.580157 ], [ -112.350513, 33.580093 ] ] ] } },
{ "type": "Feature", "properties": { "GEOID": "0423760", "NAME": "Florence town, Arizona", "population": 25222.0 }, "geometry": { "type": "Polygon", "coordinates": [ [ [ -111.516328, 33.052811 ], [ -111.516318, 33.041876 ], [ -111.516199, 33.027661 ], [ -111.511887, 33.027657 ], [ -111.511916, 33.031245 ], [ -111.507606, 33.03126 ], [ -111.507688, 33.038631 ], [ -111.49476, 33.038587 ], [ -111.494742, 33.040371 ], [ -111.490442, 33.040369 ], [ -111.490412, 33.045756 ], [ -111.484007, 33.045838 ], [ -111.484007, 33.047255 ], [ -111.482924, 33.046505 ], [ -111.481836, 33.046143 ], [ -111.479786, 33.046076 ], [ -111.476389, 33.045845 ], [ -111.476389, 33.045156 ], [ -111.476418, 33.044148 ], [ -111.473343, 33.04415 ], [ -111.473339, 33.042342 ], [ -111.477586, 33.042309 ], [ -111.477569, 33.039434 ], [ -111.473324, 33.039454 ], [ -111.47331, 33.03141 ], [ -111.464733, 33.031354 ], [ -111.464661, 33.028856 ], [ -111.46408, 33.028632 ], [ -111.460275, 33.029381 ], [ -111.45872, 33.030262 ], [ -111.458341, 33.031387 ], [ -111.455381, 33.032348 ], [ -111.451453, 33.032773 ], [ -111.4496, 33.035008 ], [ -111.447643, 33.035007 ], [ -111.447649, 33.040155 ], [ -111.442941, 33.040145 ], [ -111.442934, 33.037322 ], [ -111.439136, 33.038506 ], [ -111.439117, 33.031677 ], [ -111.438849, 33.031348 ], [ -111.430605, 33.031333 ], [ -111.430167, 33.014518 ], [ -111.426071, 33.015904 ], [ -111.42596, 33.013369 ], [ -111.430178, 33.013489 ], [ -111.429952, 33.009959 ], [ -111.433189, 33.010027 ], [ -111.43313, 33.007397 ], [ -111.434195, 33.007188 ], [ -111.434246, 33.010049 ], [ -111.43856, 33.010125 ], [ -111.44278, 33.010133 ], [ -111.441685, 33.006521 ], [ -111.442764, 33.006512 ], [ -111.44276, 33.005489 ], [ -111.442779, 33.002848 ], [ -111.447055, 33.002855 ], [ -111.447093, 32.99203 ], [ -111.438438, 32.992043 ], [ -111.438439, 32.988363 ], [ -111.43321, 32.988276 ], [ -111.433178, 32.995617 ], [ -111.427842, 32.995561 ], [ -111.427817, 32.988192 ], [ -111.421419, 32.988099 ], [ -111.411317, 32.987982 ], [ -111.404429, 32.988138 ], [ -111.404198, 32.9954 ], [ -111.398457, 32.995226 ], [ -111.398685, 32.9963 ], [ -111.395854, 32.999995 ], [ -111.395866, 33.007244 ], [ -111.396089, 33.016818 ], [ -111.37904, 33.016687 ], [ -111.379094, 33.018534 ], [ -111.379096, 33.020345 ], [ -111.374824, 33.020644 ], [ -111.374812, 33.023964 ], [ -111.370593, 33.023915 ], [ -111.370578, 33.022561 ], [ -111.370774, 33.009372 ], [ -111.376288, 33.009094 ], [ -111.376194, 33.008401 ], [ -111.379177, 33.0092 ], [ -111.379198, 33.006917 ], [ -111.382379, 33.006929 ], [ -111.382383, 33.009419 ], [ -111.387514, 33.00944 ], [ -111.387534, 33.00216 ], [ -111.371766, 33.002095 ], [ -111.370922, 33.00087 ], [ -111.371421, 32.98759 ], [ -111.363294, 32.987475 ], [ -111.363061, 32.980151 ], [ -111.354684, 32.980662 ], [ -111.35469, 32.987426 ], [ -111.341613, 32.987462 ], [ -111.341645, 32.989745 ], [ -111.346005, 32.989769 ], [ -111.34606, 33.011021 ], [ -111.356853, 33.011029 ], [ -111.356858, 33.01284 ], [ -111.358993, 33.012785 ], [ -111.359064, 33.016502 ], [ -111.354683, 33.016461 ], [ -111.354711, 33.017378 ], [ -111.34606, 33.017375 ], [ -111.346042, 33.016476 ], [ -111.320591, 33.016472 ], [ -111.320534, 33.016438 ], [ -111.302864, 33.016398 ], [ -111.302892, 33.031406 ], [ -111.301353, 33.031408 ], [ -111.301621, 33.060121 ], [ -111.318962, 33.060316 ], [ -111.318593, 33.04585 ], [ -111.33805, 33.045754 ], [ -111.335928, 33.047689 ], [ -111.336227, 33.050482 ], [ -111.33632, 33.060264 ], [ -111.344819, 33.06035 ], [ -111.344612, 33.049351 ], [ -111.353475, 33.049342 ], [ -111.353528, 33.045721 ], [ -111.370433, 33.045683 ], [ -111.379097, 33.045749 ], [ -111.379076, 33.054032 ], [ -111.379081, 33.054747 ], [ -111.373773, 33.058309 ], [ -111.370532, 33.05997 ], [ -111.379103, 33.060076 ], [ -111.379097, 33.060965 ], [ -111.3791, 33.061217 ], [ -111.370354, 33.065966 ], [ -111.370319, 33.074674 ], [ -111.375863, 33.074632 ], [ -111.375048, 33.077488 ], [ -111.374905, 33.078262 ], [ -111.38726, 33.078154 ], [ -111.387472, 33.078152 ], [ -111.38754, 33.066609 ], [ -111.389987, 33.067351 ], [ -111.396088, 33.067423 ], [ -111.396139, 33.077719 ], [ -111.416087, 33.087562 ], [ -111.421887, 33.089473 ], [ -111.42185, 33.103862 ], [ -111.404702, 33.103771 ], [ -111.404954, 33.118332 ], [ -111.404877, 33.132828 ], [ -111.434992, 33.132981 ], [ -111.434994, 33.129268 ], [ -111.439348, 33.129322 ], [ -111.439327, 33.1216 ], [ -111.43654, 33.119279 ], [ -111.436228, 33.118446 ], [ -111.456518, 33.118534 ], [ -111.456494, 33.132935 ], [ -111.440323, 33.132806 ], [ -111.439367, 33.132968 ], [ -111.439351, 33.147655 ], [ -111.440049, 33.147629 ], [ -111.450549, 33.147578 ], [ -111.450486, 33.142679 ], [ -111.453679, 33.142682 ], [ -111.453639, 33.140306 ], [ -111.456548, 33.140326 ], [ -111.456475, 33.147615 ], [ -111.460869, 33.147642 ], [ -111.462952, 33.151073 ], [ -111.465296, 33.15351 ], [ -111.463656, 33.155092 ], [ -111.466122, 33.153481 ], [ -111.47412, 33.14841 ], [ -111.474316, 33.160421 ], [ -111.479785, 33.160353 ], [ -111.479824, 33.162161 ], [ -111.487685, 33.162046 ], [ -111.487425, 33.152801 ], [ -111.491785, 33.152741 ], [ -111.491955, 33.152738 ], [ -111.491781, 33.14792 ], [ -111.474129, 33.147677 ], [ -111.473896, 33.133179 ], [ -111.491214, 33.132838 ], [ -111.490931, 33.123445 ], [ -111.486108, 33.118374 ], [ -111.477732, 33.11853 ], [ -111.477754, 33.117578 ], [ -111.473589, 33.117552 ], [ -111.473596, 33.118371 ], [ -111.473883, 33.118607 ], [ -111.461904, 33.118583 ], [ -111.46194, 33.115839 ], [ -111.460277, 33.115833 ], [ -111.460279, 33.115311 ], [ -111.456465, 33.115284 ], [ -111.456292, 33.089573 ], [ -111.45897, 33.089584 ], [ -111.464858, 33.089611 ], [ -111.464877, 33.090723 ], [ -111.464917, 33.095813 ], [ -111.465843, 33.096783 ], [ -111.482008, 33.096739 ], [ -111.481993, 33.089467 ], [ -111.49843, 33.089421 ], [ -111.507735, 33.089419 ], [ -111.507758, 33.096671 ], [ -111.516509, 33.096628 ], [ -111.516328, 33.052811 ] ], [ [ -111.484014, 33.049498 ], [ -111.481843, 33.049494 ], [ -111.481595, 33.047921 ], [ -111.481791, 33.046381 ], [ -111.484007, 33.047596 ], [ -111.484014, 33.049498 ] ], [ [ -111.439044, 33.053125 ], [ -111.433599, 33.053122 ], [ -111.421967, 33.053098 ], [ -111.422006, 33.049472 ], [ -111.439046, 33.049503 ], [ -111.439044, 33.053125 ] ], [ [ -111.409046, 33.022782 ], [ -111.40837, 33.022927 ], [ -111.407489, 33.023046 ], [ -111.40623, 33.023169 ], [ -111.406126, 33.016923 ], [ -111.409, 33.01687 ], [ -111.409046, 33.022782 ] ] ] } },
{ "type": "Feature", "properties": { "GEOID": "0425300", "NAME": "Fountain Hills town, Arizona", "population": 23625.0 }, "geometry": { "type": "Polygon", "coordinates": [ [ [ -111.787379, 33.612754 ], [ -111.78731, 33.611369 ], [ -111.770158, 33.611425 ], [ -111.770116, 33.605629 ], [ -111.769203, 33.606798 ], [ -111.76717, 33.605591 ], [ -111.763992, 33.60517 ], [ -111.762626, 33.603233 ], [ -111.757348, 33.600349 ], [ -111.757392, 33.599694 ], [ -111.756366, 33.597401 ], [ -111.757025, 33.595885 ], [ -111.755905, 33.591752 ], [ -111.757976, 33.592105 ], [ -111.761196, 33.589885 ], [ -111.770078, 33.589673 ], [ -111.770078, 33.579103 ], [ -111.770105, 33.57515 ], [ -111.770107, 33.567908 ], [ -111.709376, 33.567881 ], [ -111.708813, 33.567881 ], [ -111.708326, 33.568684 ], [ -111.706962, 33.582245 ], [ -111.706326, 33.583599 ], [ -111.705688, 33.589025 ], [ -111.705634, 33.591363 ], [ -111.704697, 33.593939 ], [ -111.702469, 33.612087 ], [ -111.701618, 33.619314 ], [ -111.700994, 33.621443 ], [ -111.698908, 33.636609 ], [ -111.69855, 33.640491 ], [ -111.699732, 33.640459 ], [ -111.735625, 33.640193 ], [ -111.78503, 33.640046 ], [ -111.787364, 33.64014 ], [ -111.787379, 33.612754 ] ] ] } },
{ "type": "Feature", "properties": { "GEOID": "0422360", "NAME": "Eloy city, Arizona", "population": 19967.0 }, "geometry": { "type": "Polygon", "coordinates": [ [ [ -111.740083, 32.763048 ], [ -111.722806, 32.762925 ], [ -111.705563, 32.762918 ], [ -111.705533, 32.762918 ], [ -111.70553, 32.77023 ], [ -111.688385, 32.770181 ], [ -111.68849, 32.777507 ], [ -111.645137, 32.777479 ], [ -111.645313, 32.770218 ], [ -111.636302, 32.770179 ], [ -111.636596, 32.762932 ], [ -111.621759, 32.762928 ], [ -111.621799, 32.761084 ], [ -111.619647, 32.761097 ], [ -111.619745, 32.7558 ], [ -111.636917, 32.755755 ], [ -111.636942, 32.751168 ], [ -111.636957, 32.748537 ], [ -111.645534, 32.748539 ], [ -111.645663, 32.741221 ], [ -111.654273, 32.741204 ], [ -111.65436, 32.733932 ], [ -111.645752, 32.733935 ], [ -111.645904, 32.7193 ], [ -111.688733, 32.719168 ], [ -111.688804, 32.71185 ], [ -111.705945, 32.71184 ], [ -111.705901, 32.719114 ], [ -111.706277, 32.719115 ], [ -111.714276, 32.719146 ], [ -111.714633, 32.689975 ], [ -111.706057, 32.68994 ], [ -111.688872, 32.689931 ], [ -111.688952, 32.675365 ], [ -111.671957, 32.675379 ], [ -111.67203, 32.646126 ], [ -111.654839, 32.646144 ], [ -111.654733, 32.660815 ], [ -111.641878, 32.660863 ], [ -111.641882, 32.664464 ], [ -111.637586, 32.66448 ], [ -111.637531, 32.646192 ], [ -111.5339, 32.646883 ], [ -111.533937, 32.661578 ], [ -111.536914, 32.66155 ], [ -111.538517, 32.666098 ], [ -111.540546, 32.668069 ], [ -111.538803, 32.6688 ], [ -111.541248, 32.674096 ], [ -111.543591, 32.675905 ], [ -111.533841, 32.676294 ], [ -111.533438, 32.704999 ], [ -111.524739, 32.705006 ], [ -111.524817, 32.697934 ], [ -111.516135, 32.697951 ], [ -111.516068, 32.705197 ], [ -111.520387, 32.705191 ], [ -111.520365, 32.708714 ], [ -111.524683, 32.708704 ], [ -111.524516, 32.719531 ], [ -111.521279, 32.719563 ], [ -111.521342, 32.714995 ], [ -111.515983, 32.715045 ], [ -111.511843, 32.71508 ], [ -111.511527, 32.719577 ], [ -111.508867, 32.719607 ], [ -111.509741, 32.720995 ], [ -111.507309, 32.719841 ], [ -111.507307, 32.721481 ], [ -111.508769, 32.722436 ], [ -111.513933, 32.725813 ], [ -111.514829, 32.724834 ], [ -111.516199, 32.727002 ], [ -111.527548, 32.734059 ], [ -111.528733, 32.734137 ], [ -111.533061, 32.734113 ], [ -111.53314, 32.737411 ], [ -111.55043, 32.748249 ], [ -111.549737, 32.748444 ], [ -111.549191, 32.748447 ], [ -111.533252, 32.738428 ], [ -111.53324, 32.741242 ], [ -111.52458, 32.741333 ], [ -111.524762, 32.734315 ], [ -111.522552, 32.73409 ], [ -111.515803, 32.733933 ], [ -111.515278, 32.734134 ], [ -111.515936, 32.737326 ], [ -111.516568, 32.737321 ], [ -111.516563, 32.747769 ], [ -111.515868, 32.747751 ], [ -111.515096, 32.747714 ], [ -111.515091, 32.734141 ], [ -111.507232, 32.734302 ], [ -111.507282, 32.739827 ], [ -111.502968, 32.739893 ], [ -111.502982, 32.734371 ], [ -111.502623, 32.734378 ], [ -111.464283, 32.734398 ], [ -111.464374, 32.72665 ], [ -111.456133, 32.726887 ], [ -111.447569, 32.726857 ], [ -111.447585, 32.748593 ], [ -111.464079, 32.748645 ], [ -111.480947, 32.749102 ], [ -111.481298, 32.741736 ], [ -111.489947, 32.741694 ], [ -111.489901, 32.748943 ], [ -111.498636, 32.748868 ], [ -111.498546, 32.763408 ], [ -111.489707, 32.763418 ], [ -111.48956, 32.777914 ], [ -111.481092, 32.777935 ], [ -111.481033, 32.792408 ], [ -111.487466, 32.79241 ], [ -111.492222, 32.792427 ], [ -111.492514, 32.791545 ], [ -111.498277, 32.791521 ], [ -111.49837, 32.777883 ], [ -111.51518, 32.777844 ], [ -111.515206, 32.770097 ], [ -111.511284, 32.770085 ], [ -111.511343, 32.763164 ], [ -111.515219, 32.763127 ], [ -111.515552, 32.755931 ], [ -111.515096, 32.748324 ], [ -111.515867, 32.748318 ], [ -111.515716, 32.763122 ], [ -111.532799, 32.762799 ], [ -111.532707, 32.777833 ], [ -111.532709, 32.781456 ], [ -111.537071, 32.781471 ], [ -111.537086, 32.785064 ], [ -111.532683, 32.785085 ], [ -111.532672, 32.791552 ], [ -111.541273, 32.791391 ], [ -111.541284, 32.785051 ], [ -111.545584, 32.785042 ], [ -111.545593, 32.78141 ], [ -111.548742, 32.781399 ], [ -111.548752, 32.777748 ], [ -111.549959, 32.777743 ], [ -111.549906, 32.792301 ], [ -111.532669, 32.792375 ], [ -111.532628, 32.807015 ], [ -111.523996, 32.807097 ], [ -111.524061, 32.79237 ], [ -111.520202, 32.792367 ], [ -111.520205, 32.794264 ], [ -111.516001, 32.794268 ], [ -111.516006, 32.792388 ], [ -111.515416, 32.792394 ], [ -111.515366, 32.8069 ], [ -111.515347, 32.810522 ], [ -111.515346, 32.814148 ], [ -111.515335, 32.816309 ], [ -111.515326, 32.819874 ], [ -111.515323, 32.821435 ], [ -111.528267, 32.821381 ], [ -111.532586, 32.821371 ], [ -111.532535, 32.828661 ], [ -111.541155, 32.82862 ], [ -111.541126, 32.835863 ], [ -111.54986, 32.835836 ], [ -111.549788, 32.821306 ], [ -111.558376, 32.821274 ], [ -111.5584, 32.814013 ], [ -111.549866, 32.814072 ], [ -111.549859, 32.806829 ], [ -111.567658, 32.806788 ], [ -111.567658, 32.806738 ], [ -111.584852, 32.806756 ], [ -111.580724, 32.811287 ], [ -111.579579, 32.813061 ], [ -111.581024, 32.814003 ], [ -111.584865, 32.813995 ], [ -111.584855, 32.810377 ], [ -111.593365, 32.810363 ], [ -111.593371, 32.814081 ], [ -111.601128, 32.81409 ], [ -111.602089, 32.814901 ], [ -111.602125, 32.82124 ], [ -111.593529, 32.821217 ], [ -111.593473, 32.828532 ], [ -111.584763, 32.828492 ], [ -111.584846, 32.821171 ], [ -111.576245, 32.821182 ], [ -111.576169, 32.82849 ], [ -111.567664, 32.82851 ], [ -111.56768, 32.835786 ], [ -111.567635, 32.843074 ], [ -111.575074, 32.843045 ], [ -111.584758, 32.84294 ], [ -111.584783, 32.850341 ], [ -111.593491, 32.850354 ], [ -111.59339, 32.835892 ], [ -111.602126, 32.83581 ], [ -111.602105, 32.849162 ], [ -111.615012, 32.849155 ], [ -111.618826, 32.844865 ], [ -111.619431, 32.844565 ], [ -111.619386, 32.850386 ], [ -111.602131, 32.850388 ], [ -111.602129, 32.850525 ], [ -111.601988, 32.865032 ], [ -111.603755, 32.863016 ], [ -111.607797, 32.86284 ], [ -111.610703, 32.860289 ], [ -111.610573, 32.872358 ], [ -111.602029, 32.872357 ], [ -111.593273, 32.872327 ], [ -111.593214, 32.879678 ], [ -111.619116, 32.879693 ], [ -111.62781, 32.879724 ], [ -111.628034, 32.865026 ], [ -111.623649, 32.865032 ], [ -111.623668, 32.861388 ], [ -111.619325, 32.861395 ], [ -111.619346, 32.857726 ], [ -111.628047, 32.85772 ], [ -111.628051, 32.854097 ], [ -111.63672, 32.854102 ], [ -111.636628, 32.86502 ], [ -111.645313, 32.865051 ], [ -111.64534, 32.853597 ], [ -111.645373, 32.850444 ], [ -111.636728, 32.850405 ], [ -111.636728, 32.847535 ], [ -111.636804, 32.829942 ], [ -111.630628, 32.822118 ], [ -111.627532, 32.822152 ], [ -111.627017, 32.821996 ], [ -111.619565, 32.822063 ], [ -111.61956, 32.821218 ], [ -111.611052, 32.821136 ], [ -111.610958, 32.813978 ], [ -111.619371, 32.813951 ], [ -111.619529, 32.820554 ], [ -111.620354, 32.821204 ], [ -111.627191, 32.821149 ], [ -111.627703, 32.821305 ], [ -111.631168, 32.821319 ], [ -111.636825, 32.828527 ], [ -111.653733, 32.828353 ], [ -111.653769, 32.821339 ], [ -111.653769, 32.821242 ], [ -111.653786, 32.814504 ], [ -111.641701, 32.806698 ], [ -111.64316, 32.806694 ], [ -111.631695, 32.799591 ], [ -111.628216, 32.797679 ], [ -111.628227, 32.796623 ], [ -111.656337, 32.814071 ], [ -111.664783, 32.819312 ], [ -111.664784, 32.817826 ], [ -111.671073, 32.817868 ], [ -111.671077, 32.821328 ], [ -111.673328, 32.821315 ], [ -111.673332, 32.817663 ], [ -111.678857, 32.817632 ], [ -111.677308, 32.81398 ], [ -111.675653, 32.815274 ], [ -111.672181, 32.815439 ], [ -111.671913, 32.813936 ], [ -111.673222, 32.81393 ], [ -111.673247, 32.811084 ], [ -111.671047, 32.809735 ], [ -111.671049, 32.80899 ], [ -111.671049, 32.808613 ], [ -111.673616, 32.810207 ], [ -111.673609, 32.806894 ], [ -111.679838, 32.806716 ], [ -111.67978, 32.802141 ], [ -111.677613, 32.802139 ], [ -111.677622, 32.801227 ], [ -111.679805, 32.801216 ], [ -111.679852, 32.792108 ], [ -111.697094, 32.792035 ], [ -111.697073, 32.788411 ], [ -111.705513, 32.788464 ], [ -111.705574, 32.792087 ], [ -111.722639, 32.792184 ], [ -111.722724, 32.777503 ], [ -111.739954, 32.777572 ], [ -111.740083, 32.763048 ] ], [ [ -111.673223, 32.805926 ], [ -111.671601, 32.805918 ], [ -111.671034, 32.805915 ], [ -111.671031, 32.8049 ], [ -111.673217, 32.804889 ], [ -111.673223, 32.805926 ] ], [ [ -111.654772, 32.712017 ], [ -111.646367, 32.712051 ], [ -111.64598, 32.712048 ], [ -111.646111, 32.697422 ], [ -111.654849, 32.697375 ], [ -111.654772, 32.712017 ] ], [ [ -111.637397, 32.70489 ], [ -111.622705, 32.704897 ], [ -111.620323, 32.704908 ], [ -111.620322, 32.697848 ], [ -111.620323, 32.697598 ], [ -111.637395, 32.697475 ], [ -111.637397, 32.70489 ] ], [ [ -111.620278, 32.682915 ], [ -111.603033, 32.683052 ], [ -111.603042, 32.675821 ], [ -111.585711, 32.675928 ], [ -111.585833, 32.661161 ], [ -111.603037, 32.661182 ], [ -111.603012, 32.668361 ], [ -111.620263, 32.668262 ], [ -111.620278, 32.682915 ] ], [ [ -111.611255, 32.741253 ], [ -111.602674, 32.74128 ], [ -111.602832, 32.734017 ], [ -111.611389, 32.734068 ], [ -111.611255, 32.741253 ] ], [ [ -111.602313, 32.76636 ], [ -111.602299, 32.766943 ], [ -111.567868, 32.745556 ], [ -111.555627, 32.738035 ], [ -111.552918, 32.736801 ], [ -111.552907, 32.736067 ], [ -111.552902, 32.73576 ], [ -111.558329, 32.738815 ], [ -111.567887, 32.744757 ], [ -111.602319, 32.766049 ], [ -111.602313, 32.76636 ] ], [ [ -111.567925, 32.719581 ], [ -111.5561, 32.719583 ], [ -111.556255, 32.715001 ], [ -111.550456, 32.715005 ], [ -111.550553, 32.712294 ], [ -111.550832, 32.704867 ], [ -111.54212, 32.704886 ], [ -111.542196, 32.701449 ], [ -111.550968, 32.701394 ], [ -111.551113, 32.697209 ], [ -111.549315, 32.694602 ], [ -111.548568, 32.690565 ], [ -111.564059, 32.69054 ], [ -111.563993, 32.697775 ], [ -111.568223, 32.697774 ], [ -111.567925, 32.719581 ] ], [ [ -111.567555, 32.777737 ], [ -111.563028, 32.777731 ], [ -111.563035, 32.775927 ], [ -111.567576, 32.7759 ], [ -111.567555, 32.777737 ] ], [ [ -111.526195, 32.752184 ], [ -111.524855, 32.752179 ], [ -111.524615, 32.748722 ], [ -111.524618, 32.748587 ], [ -111.526214, 32.74857 ], [ -111.526195, 32.752184 ] ], [ [ -111.620237, 32.712119 ], [ -111.615906, 32.71218 ], [ -111.615989, 32.704912 ], [ -111.617466, 32.704896 ], [ -111.620323, 32.704908 ], [ -111.620237, 32.712119 ] ] ] } },
{ "type": "Feature", "properties": { "GEOID": "0415500", "NAME": "Coolidge city, Arizona", "population": 19959.0 }, "geometry": { "type": "Polygon", "coordinates": [ [ [ -111.648683, 32.945614 ], [ -111.645415, 32.945508 ], [ -111.645448, 32.950294 ], [ -111.644355, 32.950288 ], [ -111.644362, 32.949126 ], [ -111.640058, 32.949148 ], [ -111.640044, 32.945512 ], [ -111.635825, 32.945489 ], [ -111.635786, 32.938199 ], [ -111.644502, 32.93825 ], [ -111.64459, 32.930868 ], [ -111.635812, 32.930865 ], [ -111.635869, 32.92351 ], [ -111.610045, 32.923428 ], [ -111.609962, 32.930708 ], [ -111.618613, 32.930732 ], [ -111.618627, 32.928908 ], [ -111.622956, 32.928936 ], [ -111.622947, 32.929844 ], [ -111.619409, 32.929824 ], [ -111.619399, 32.930757 ], [ -111.627222, 32.930784 ], [ -111.627079, 32.938155 ], [ -111.609927, 32.938104 ], [ -111.609901, 32.948221 ], [ -111.605595, 32.948204 ], [ -111.605586, 32.950823 ], [ -111.603432, 32.950815 ], [ -111.603452, 32.945362 ], [ -111.605996, 32.945363 ], [ -111.605999, 32.942711 ], [ -111.603802, 32.9427 ], [ -111.603808, 32.938023 ], [ -111.601332, 32.938033 ], [ -111.601267, 32.952583 ], [ -111.584033, 32.952513 ], [ -111.584132, 32.937995 ], [ -111.597506, 32.9381 ], [ -111.597509, 32.934341 ], [ -111.592665, 32.934313 ], [ -111.592647, 32.930677 ], [ -111.584079, 32.930649 ], [ -111.584056, 32.923355 ], [ -111.59262, 32.923384 ], [ -111.592716, 32.917336 ], [ -111.588387, 32.91798 ], [ -111.5846, 32.917971 ], [ -111.584069, 32.916006 ], [ -111.575489, 32.91596 ], [ -111.57564, 32.89409 ], [ -111.567124, 32.89411 ], [ -111.567241, 32.883249 ], [ -111.571558, 32.883234 ], [ -111.571483, 32.886881 ], [ -111.575823, 32.886884 ], [ -111.575898, 32.884142 ], [ -111.580175, 32.884168 ], [ -111.580285, 32.879592 ], [ -111.575937, 32.879557 ], [ -111.570578, 32.879603 ], [ -111.570606, 32.875947 ], [ -111.569466, 32.875953 ], [ -111.569438, 32.879558 ], [ -111.56725, 32.879565 ], [ -111.567331, 32.868629 ], [ -111.576023, 32.868645 ], [ -111.576023, 32.872298 ], [ -111.593273, 32.872327 ], [ -111.602029, 32.872357 ], [ -111.601988, 32.865032 ], [ -111.602129, 32.850525 ], [ -111.602131, 32.850388 ], [ -111.593491, 32.850354 ], [ -111.584783, 32.850341 ], [ -111.584773, 32.853513 ], [ -111.584685, 32.864989 ], [ -111.567428, 32.864834 ], [ -111.567424, 32.865649 ], [ -111.565183, 32.865638 ], [ -111.562607, 32.867921 ], [ -111.562602, 32.868606 ], [ -111.558241, 32.868586 ], [ -111.558236, 32.872251 ], [ -111.55397, 32.872199 ], [ -111.553973, 32.879463 ], [ -111.545357, 32.879441 ], [ -111.545342, 32.883093 ], [ -111.541035, 32.883108 ], [ -111.541026, 32.886718 ], [ -111.549097, 32.887034 ], [ -111.54534, 32.887049 ], [ -111.545328, 32.891232 ], [ -111.547609, 32.891224 ], [ -111.547596, 32.893925 ], [ -111.541009, 32.893974 ], [ -111.541066, 32.908499 ], [ -111.540193, 32.909303 ], [ -111.539276, 32.908506 ], [ -111.532373, 32.908523 ], [ -111.532363, 32.901263 ], [ -111.52375, 32.901268 ], [ -111.523799, 32.908493 ], [ -111.525914, 32.908501 ], [ -111.52585, 32.92306 ], [ -111.515007, 32.923009 ], [ -111.515051, 32.918304 ], [ -111.516423, 32.918306 ], [ -111.516431, 32.915833 ], [ -111.515065, 32.915844 ], [ -111.514352, 32.917809 ], [ -111.511844, 32.916846 ], [ -111.510759, 32.915637 ], [ -111.510772, 32.912243 ], [ -111.510788, 32.908511 ], [ -111.515079, 32.908506 ], [ -111.515122, 32.890369 ], [ -111.511359, 32.890345 ], [ -111.511372, 32.886756 ], [ -111.510865, 32.879517 ], [ -111.51327, 32.879519 ], [ -111.513835, 32.877285 ], [ -111.515171, 32.877287 ], [ -111.515197, 32.872224 ], [ -111.522405, 32.87223 ], [ -111.52241, 32.871233 ], [ -111.519002, 32.871414 ], [ -111.517745, 32.870353 ], [ -111.515199, 32.870363 ], [ -111.515204, 32.867867 ], [ -111.514148, 32.867864 ], [ -111.513551, 32.865918 ], [ -111.511071, 32.865786 ], [ -111.511074, 32.864927 ], [ -111.506631, 32.86494 ], [ -111.506661, 32.85049 ], [ -111.506665, 32.848419 ], [ -111.509554, 32.848932 ], [ -111.511452, 32.848966 ], [ -111.512848, 32.849368 ], [ -111.513474, 32.849883 ], [ -111.513596, 32.850456 ], [ -111.513807, 32.850456 ], [ -111.515266, 32.850443 ], [ -111.515272, 32.851281 ], [ -111.515236, 32.857785 ], [ -111.519129, 32.857744 ], [ -111.519138, 32.855181 ], [ -111.519869, 32.855523 ], [ -111.520509, 32.855713 ], [ -111.521515, 32.855841 ], [ -111.523866, 32.855326 ], [ -111.523887, 32.850436 ], [ -111.541111, 32.850394 ], [ -111.541121, 32.843132 ], [ -111.543811, 32.843122 ], [ -111.543795, 32.850388 ], [ -111.551415, 32.850326 ], [ -111.551391, 32.85436 ], [ -111.551974, 32.854336 ], [ -111.553499, 32.853445 ], [ -111.554104, 32.853483 ], [ -111.558314, 32.85562 ], [ -111.564025, 32.855641 ], [ -111.564035, 32.856622 ], [ -111.567504, 32.85712 ], [ -111.567532, 32.854628 ], [ -111.567535, 32.854298 ], [ -111.569384, 32.85307 ], [ -111.574451, 32.852339 ], [ -111.576144, 32.85167 ], [ -111.575119, 32.850339 ], [ -111.575074, 32.843045 ], [ -111.567635, 32.843074 ], [ -111.56768, 32.835786 ], [ -111.552223, 32.835828 ], [ -111.552206, 32.842878 ], [ -111.551469, 32.841285 ], [ -111.549803, 32.841283 ], [ -111.54986, 32.835836 ], [ -111.541126, 32.835863 ], [ -111.515267, 32.835912 ], [ -111.515278, 32.832276 ], [ -111.517579, 32.832292 ], [ -111.51759, 32.828676 ], [ -111.523934, 32.828648 ], [ -111.523948, 32.824996 ], [ -111.528248, 32.825045 ], [ -111.528267, 32.821381 ], [ -111.515323, 32.821435 ], [ -111.511137, 32.821309 ], [ -111.511138, 32.819885 ], [ -111.515326, 32.819874 ], [ -111.515335, 32.816309 ], [ -111.515346, 32.814148 ], [ -111.511157, 32.81416 ], [ -111.511169, 32.810529 ], [ -111.515347, 32.810522 ], [ -111.515366, 32.8069 ], [ -111.515416, 32.792394 ], [ -111.515417, 32.791528 ], [ -111.51153, 32.791531 ], [ -111.511464, 32.779275 ], [ -111.515173, 32.77897 ], [ -111.51518, 32.777844 ], [ -111.49837, 32.777883 ], [ -111.498277, 32.791521 ], [ -111.492514, 32.791545 ], [ -111.492222, 32.792427 ], [ -111.487466, 32.79241 ], [ -111.487449, 32.797214 ], [ -111.480988, 32.79723 ], [ -111.481297, 32.802774 ], [ -111.487615, 32.80068 ], [ -111.487405, 32.802843 ], [ -111.489581, 32.802838 ], [ -111.489592, 32.799708 ], [ -111.490857, 32.799708 ], [ -111.492911, 32.793374 ], [ -111.493918, 32.792714 ], [ -111.493895, 32.799709 ], [ -111.498282, 32.799698 ], [ -111.498305, 32.806928 ], [ -111.493239, 32.806998 ], [ -111.493182, 32.814202 ], [ -111.492422, 32.821452 ], [ -111.498174, 32.821447 ], [ -111.498001, 32.84537 ], [ -111.497982, 32.850426 ], [ -111.493738, 32.85043 ], [ -111.493724, 32.864881 ], [ -111.489376, 32.864835 ], [ -111.489363, 32.868552 ], [ -111.485056, 32.868579 ], [ -111.485061, 32.870392 ], [ -111.489356, 32.870364 ], [ -111.48935, 32.87224 ], [ -111.493668, 32.872241 ], [ -111.493662, 32.874053 ], [ -111.489343, 32.87405 ], [ -111.489323, 32.879506 ], [ -111.482708, 32.87948 ], [ -111.482703, 32.880518 ], [ -111.480677, 32.880516 ], [ -111.480676, 32.886716 ], [ -111.472074, 32.886749 ], [ -111.472056, 32.890365 ], [ -111.465204, 32.890393 ], [ -111.463914, 32.88932 ], [ -111.463474, 32.890385 ], [ -111.460223, 32.89037 ], [ -111.460244, 32.885362 ], [ -111.457745, 32.885349 ], [ -111.457848, 32.883128 ], [ -111.45439, 32.883105 ], [ -111.454382, 32.886731 ], [ -111.455921, 32.886741 ], [ -111.455804, 32.905936 ], [ -111.455786, 32.908592 ], [ -111.463284, 32.908611 ], [ -111.463254, 32.923029 ], [ -111.455731, 32.922948 ], [ -111.455716, 32.930272 ], [ -111.451255, 32.930266 ], [ -111.447007, 32.930256 ], [ -111.446991, 32.935606 ], [ -111.446962, 32.944416 ], [ -111.464059, 32.94461 ], [ -111.464007, 32.95192 ], [ -111.472624, 32.95203 ], [ -111.472433, 32.94467 ], [ -111.489597, 32.944656 ], [ -111.489599, 32.955559 ], [ -111.506857, 32.95537 ], [ -111.506858, 32.951791 ], [ -111.498242, 32.951821 ], [ -111.498196, 32.944602 ], [ -111.516015, 32.944457 ], [ -111.524045, 32.944403 ], [ -111.524103, 32.948022 ], [ -111.525385, 32.948071 ], [ -111.525454, 32.950806 ], [ -111.524179, 32.953185 ], [ -111.522193, 32.953184 ], [ -111.52111, 32.951513 ], [ -111.517824, 32.947636 ], [ -111.515487, 32.947647 ], [ -111.51554, 32.958959 ], [ -111.512548, 32.958976 ], [ -111.513764, 32.966306 ], [ -111.515447, 32.966295 ], [ -111.515405, 32.969896 ], [ -111.514164, 32.969902 ], [ -111.503337, 32.969997 ], [ -111.503328, 32.970922 ], [ -111.506727, 32.970893 ], [ -111.50668, 32.973616 ], [ -111.489671, 32.973781 ], [ -111.489625, 32.966503 ], [ -111.498224, 32.96641 ], [ -111.498263, 32.959147 ], [ -111.472827, 32.959238 ], [ -111.4554, 32.959221 ], [ -111.455384, 32.951872 ], [ -111.438673, 32.951721 ], [ -111.438301, 32.963111 ], [ -111.437083, 32.963093 ], [ -111.437079, 32.965704 ], [ -111.434192, 32.965662 ], [ -111.434188, 32.966342 ], [ -111.438344, 32.966386 ], [ -111.438341, 32.973739 ], [ -111.421521, 32.973388 ], [ -111.4131, 32.973339 ], [ -111.419481, 32.965136 ], [ -111.421656, 32.962999 ], [ -111.422395, 32.961493 ], [ -111.427327, 32.954904 ], [ -111.432113, 32.944307 ], [ -111.434144, 32.944327 ], [ -111.434156, 32.94101 ], [ -111.438465, 32.941063 ], [ -111.438513, 32.926549 ], [ -111.429898, 32.926467 ], [ -111.429928, 32.922826 ], [ -111.421324, 32.92286 ], [ -111.421313, 32.92647 ], [ -111.414978, 32.926476 ], [ -111.412711, 32.926488 ], [ -111.412619, 32.944129 ], [ -111.422139, 32.944217 ], [ -111.429838, 32.944285 ], [ -111.429849, 32.940956 ], [ -111.431019, 32.940971 ], [ -111.430803, 32.944294 ], [ -111.426578, 32.953692 ], [ -111.422896, 32.958858 ], [ -111.421713, 32.958845 ], [ -111.419407, 32.958825 ], [ -111.419164, 32.959646 ], [ -111.416343, 32.959726 ], [ -111.411213, 32.966296 ], [ -111.410198, 32.966724 ], [ -111.414681, 32.96939 ], [ -111.41203, 32.973332 ], [ -111.404814, 32.973297 ], [ -111.404429, 32.988138 ], [ -111.411317, 32.987982 ], [ -111.421419, 32.988099 ], [ -111.427817, 32.988192 ], [ -111.43321, 32.988276 ], [ -111.438439, 32.988363 ], [ -111.438461, 32.981063 ], [ -111.449243, 32.981108 ], [ -111.449805, 32.984701 ], [ -111.453255, 32.988372 ], [ -111.455777, 32.988369 ], [ -111.455662, 32.981169 ], [ -111.467328, 32.981175 ], [ -111.467343, 32.988341 ], [ -111.473168, 32.988307 ], [ -111.473194, 33.000896 ], [ -111.468792, 33.000924 ], [ -111.468808, 33.002703 ], [ -111.458178, 33.002829 ], [ -111.45567, 33.003071 ], [ -111.455719, 33.009936 ], [ -111.460084, 33.009934 ], [ -111.460072, 33.007517 ], [ -111.464429, 33.007504 ], [ -111.464432, 33.006608 ], [ -111.466389, 33.006615 ], [ -111.466395, 33.009908 ], [ -111.473244, 33.009895 ], [ -111.473245, 33.006293 ], [ -111.480343, 33.006281 ], [ -111.480379, 33.008823 ], [ -111.489588, 33.008926 ], [ -111.489509, 33.006259 ], [ -111.48137, 33.006283 ], [ -111.481309, 33.002767 ], [ -111.517193, 33.002611 ], [ -111.517203, 33.003419 ], [ -111.520916, 33.003377 ], [ -111.520907, 33.00256 ], [ -111.523993, 33.002581 ], [ -111.52408, 33.006106 ], [ -111.520142, 33.006127 ], [ -111.520076, 33.009752 ], [ -111.524196, 33.009729 ], [ -111.524318, 33.013351 ], [ -111.524351, 33.014281 ], [ -111.525525, 33.014051 ], [ -111.528015, 33.014898 ], [ -111.528146, 33.01459 ], [ -111.530165, 33.015131 ], [ -111.532149, 33.015968 ], [ -111.532054, 33.016273 ], [ -111.532071, 33.016927 ], [ -111.541885, 33.016983 ], [ -111.556976, 33.016844 ], [ -111.557038, 33.020947 ], [ -111.558872, 33.020942 ], [ -111.558932, 33.024022 ], [ -111.558978, 33.027617 ], [ -111.567501, 33.027606 ], [ -111.567454, 33.020353 ], [ -111.558864, 33.020387 ], [ -111.558762, 33.013169 ], [ -111.57599, 33.013066 ], [ -111.575974, 33.010675 ], [ -111.579633, 33.010685 ], [ -111.57962, 33.006982 ], [ -111.583932, 33.006983 ], [ -111.583927, 33.002473 ], [ -111.583924, 32.999714 ], [ -111.592497, 32.999746 ], [ -111.592461, 33.002501 ], [ -111.594909, 33.002511 ], [ -111.594908, 32.996108 ], [ -111.60105, 32.99615 ], [ -111.618328, 32.996309 ], [ -111.618491, 32.975754 ], [ -111.610844, 32.975583 ], [ -111.602037, 32.978179 ], [ -111.601177, 32.978258 ], [ -111.601201, 32.974469 ], [ -111.596864, 32.974485 ], [ -111.596888, 32.967212 ], [ -111.609909, 32.967316 ], [ -111.609874, 32.97082 ], [ -111.61857, 32.970864 ], [ -111.618602, 32.967255 ], [ -111.61841, 32.959955 ], [ -111.622784, 32.960002 ], [ -111.622807, 32.952669 ], [ -111.635779, 32.952715 ], [ -111.635873, 32.967286 ], [ -111.644509, 32.967351 ], [ -111.644407, 32.952748 ], [ -111.648724, 32.952794 ], [ -111.648683, 32.945614 ] ], [ [ -111.583977, 32.923355 ], [ -111.578434, 32.923307 ], [ -111.578436, 32.926199 ], [ -111.575333, 32.925631 ], [ -111.575302, 32.923277 ], [ -111.575998, 32.923283 ], [ -111.576002, 32.919589 ], [ -111.584019, 32.91968 ], [ -111.583977, 32.923355 ] ], [ [ -111.575397, 32.93781 ], [ -111.566753, 32.937684 ], [ -111.566716, 32.931487 ], [ -111.565315, 32.930459 ], [ -111.561733, 32.930433 ], [ -111.561716, 32.927869 ], [ -111.566686, 32.927895 ], [ -111.566704, 32.930515 ], [ -111.575426, 32.930609 ], [ -111.575397, 32.93781 ] ], [ [ -111.572911, 32.850338 ], [ -111.567571, 32.850336 ], [ -111.56758, 32.848707 ], [ -111.57292, 32.848707 ], [ -111.572911, 32.850338 ] ], [ [ -111.567131, 32.96588 ], [ -111.558558, 32.965961 ], [ -111.558569, 32.960409 ], [ -111.554247, 32.960453 ], [ -111.554262, 32.962308 ], [ -111.549939, 32.962307 ], [ -111.549954, 32.959243 ], [ -111.550996, 32.958696 ], [ -111.567171, 32.958579 ], [ -111.567131, 32.96588 ] ], [ [ -111.551739, 32.88894 ], [ -111.54964, 32.888913 ], [ -111.549629, 32.886891 ], [ -111.551746, 32.886897 ], [ -111.551739, 32.88894 ] ], [ [ -111.551282, 32.915771 ], [ -111.549734, 32.915762 ], [ -111.549738, 32.915168 ], [ -111.549741, 32.914453 ], [ -111.551286, 32.914465 ], [ -111.551282, 32.915771 ] ], [ [ -111.540722, 32.980549 ], [ -111.53909, 32.980573 ], [ -111.539087, 32.979561 ], [ -111.540715, 32.979539 ], [ -111.540722, 32.980549 ] ], [ [ -111.538108, 32.971484 ], [ -111.537064, 32.971495 ], [ -111.536955, 32.972789 ], [ -111.536983, 32.969681 ], [ -111.538125, 32.96967 ], [ -111.538108, 32.971484 ] ], [ [ -111.533375, 32.980622 ], [ -111.532575, 32.980632 ], [ -111.532578, 32.977871 ], [ -111.533357, 32.97786 ], [ -111.533375, 32.980622 ] ], [ [ -111.510818, 32.901248 ], [ -111.506516, 32.901251 ], [ -111.506515, 32.899368 ], [ -111.506546, 32.893993 ], [ -111.510821, 32.893991 ], [ -111.510818, 32.901248 ] ], [ [ -111.506508, 32.879528 ], [ -111.498075, 32.879513 ], [ -111.498097, 32.875727 ], [ -111.498117, 32.872256 ], [ -111.506562, 32.872243 ], [ -111.506508, 32.879528 ] ], [ [ -111.504939, 32.864937 ], [ -111.499391, 32.864927 ], [ -111.498146, 32.866827 ], [ -111.498205, 32.861961 ], [ -111.500699, 32.862341 ], [ -111.504939, 32.864937 ] ], [ [ -111.510741, 32.908509 ], [ -111.480512, 32.908509 ], [ -111.480553, 32.901208 ], [ -111.506072, 32.90125 ], [ -111.506034, 32.904873 ], [ -111.510797, 32.90488 ], [ -111.510786, 32.908419 ], [ -111.510788, 32.908511 ], [ -111.510741, 32.908509 ] ], [ [ -111.549734, 32.915815 ], [ -111.549722, 32.923026 ], [ -111.545461, 32.923015 ], [ -111.545397, 32.928514 ], [ -111.541144, 32.928521 ], [ -111.541207, 32.923029 ], [ -111.532348, 32.923073 ], [ -111.532346, 32.915787 ], [ -111.549542, 32.915765 ], [ -111.549734, 32.915762 ], [ -111.549734, 32.915815 ] ] ] } },
{ "type": "Feature", "properties": { "GEOID": "0449640", "NAME": "Nogales city, Arizona", "population": 19495.0 }, "geometry": { "type": "Polygon", "coordinates": [ [ [ -110.97658, 31.37759 ], [ -110.976861, 31.375921 ], [ -110.9768249, 31.3323457 ], [ -110.9652963, 31.3324273 ], [ -110.9451239, 31.3325702 ], [ -110.942185, 31.332591 ], [ -110.931536799999989, 31.3326664 ], [ -110.9280604, 31.332691 ], [ -110.9132073, 31.3327962 ], [ -110.890649700000012, 31.3329559 ], [ -110.890157, 31.373348 ], [ -110.890201, 31.376697 ], [ -110.890251, 31.383486 ], [ -110.889991, 31.391121 ], [ -110.889915, 31.392066 ], [ -110.907114, 31.392013 ], [ -110.924012, 31.392014 ], [ -110.924674, 31.391872 ], [ -110.927386, 31.392 ], [ -110.939925, 31.392059 ], [ -110.95443, 31.391995 ], [ -110.958658, 31.392003 ], [ -110.959607, 31.391971 ], [ -110.976957, 31.391949 ], [ -110.97658, 31.37759 ] ] ] } },
{ "type": "Feature", "properties": { "GEOID": "0453700", "NAME": "Payson town, Arizona", "population": 16693.0 }, "geometry": { "type": "Polygon", "coordinates": [ [ [ -111.370526, 34.249228 ], [ -111.369377, 34.249285 ], [ -111.369257, 34.235736 ], [ -111.37036, 34.235716 ], [ -111.370324, 34.234285 ], [ -111.370294, 34.232997 ], [ -111.369213, 34.23301 ], [ -111.369158, 34.217655 ], [ -111.336414, 34.217591 ], [ -111.332457, 34.21757 ], [ -111.332223, 34.217569 ], [ -111.331714, 34.217567 ], [ -111.325695, 34.217558 ], [ -111.312619, 34.217504 ], [ -111.273346, 34.217411 ], [ -111.273489, 34.237275 ], [ -111.273511, 34.251898 ], [ -111.273509, 34.25356 ], [ -111.280014, 34.253547 ], [ -111.280008, 34.255385 ], [ -111.273511, 34.255375 ], [ -111.273501, 34.271785 ], [ -111.31405, 34.271708 ], [ -111.321908, 34.271692 ], [ -111.34318, 34.27169 ], [ -111.343255, 34.260743 ], [ -111.369463, 34.260757 ], [ -111.369434, 34.254788 ], [ -111.370465, 34.254789 ], [ -111.370526, 34.249228 ] ] ] } },
{ "type": "Feature", "properties": { "GEOID": "0420050", "NAME": "Douglas city, Arizona", "population": 16038.0 }, "geometry": { "type": "MultiPolygon", "coordinates": [ [ [ [ -109.582482, 31.350838 ], [ -109.579694, 31.350394 ], [ -109.579793, 31.345436 ], [ -109.575094, 31.346754 ], [ -109.573239, 31.34759 ], [ -109.573602, 31.341324 ], [ -109.571988, 31.34207 ], [ -109.569017, 31.341368 ], [ -109.568348, 31.339271 ], [ -109.572163, 31.337676 ], [ -109.573343, 31.339024 ], [ -109.575123, 31.338178 ], [ -109.573405, 31.336716 ], [ -109.573351, 31.334657 ], [ -109.57219, 31.335368 ], [ -109.569854, 31.335315 ], [ -109.569336, 31.334671 ], [ -109.566353, 31.334311 ], [ -109.56255, 31.334319 ], [ -109.562545, 31.335489 ], [ -109.560708, 31.335762 ], [ -109.5613612, 31.3340144 ], [ -109.5606531, 31.3340143 ], [ -109.5514173, 31.3340125 ], [ -109.541142, 31.3340105 ], [ -109.5369456, 31.3340096 ], [ -109.536825, 31.338246 ], [ -109.532318, 31.338269 ], [ -109.532326, 31.335294 ], [ -109.531077, 31.335294 ], [ -109.5309654, 31.3340085 ], [ -109.5282184, 31.3340079 ], [ -109.494488, 31.3340013 ], [ -109.494586, 31.349741 ], [ -109.508072, 31.34974 ], [ -109.511586, 31.349738 ], [ -109.511503, 31.353296 ], [ -109.515899, 31.353354 ], [ -109.515881, 31.356868 ], [ -109.519752, 31.356862 ], [ -109.519797, 31.35324 ], [ -109.528367, 31.353396 ], [ -109.528362, 31.355201 ], [ -109.528355, 31.358043 ], [ -109.543153, 31.358112 ], [ -109.545334, 31.358049 ], [ -109.545202, 31.361092 ], [ -109.54538, 31.361546 ], [ -109.544796, 31.362021 ], [ -109.528352, 31.372419 ], [ -109.52123, 31.377189 ], [ -109.516977, 31.383041 ], [ -109.520075, 31.383031 ], [ -109.520019, 31.385989 ], [ -109.528211, 31.386025 ], [ -109.528355, 31.378884 ], [ -109.53646, 31.378868 ], [ -109.536734, 31.392773 ], [ -109.530992, 31.392935 ], [ -109.531, 31.40008 ], [ -109.533405, 31.400102 ], [ -109.536837, 31.400135 ], [ -109.536808, 31.404311 ], [ -109.545296, 31.404316 ], [ -109.545223, 31.391344 ], [ -109.54516, 31.381325 ], [ -109.549292, 31.381362 ], [ -109.549265, 31.378792 ], [ -109.552889, 31.378688 ], [ -109.562093, 31.378822 ], [ -109.562157, 31.371611 ], [ -109.553915, 31.371434 ], [ -109.553878, 31.364097 ], [ -109.550892, 31.364189 ], [ -109.55092, 31.36185 ], [ -109.553928, 31.361894 ], [ -109.55393, 31.360553 ], [ -109.55394, 31.356932 ], [ -109.553966, 31.353534 ], [ -109.557582, 31.353591 ], [ -109.560693, 31.352576 ], [ -109.56061, 31.351628 ], [ -109.562408, 31.351626 ], [ -109.562472, 31.354036 ], [ -109.562985, 31.352803 ], [ -109.567507, 31.353183 ], [ -109.568191, 31.351408 ], [ -109.562682, 31.350668 ], [ -109.579402, 31.352144 ], [ -109.58204, 31.352404 ], [ -109.582482, 31.350838 ] ], [ [ -109.562381, 31.349649 ], [ -109.557277, 31.349639 ], [ -109.557304, 31.34738 ], [ -109.556648, 31.346878 ], [ -109.562431, 31.34837 ], [ -109.562381, 31.349649 ] ] ], [ [ [ -109.595655, 31.45527 ], [ -109.588498, 31.455172 ], [ -109.587608, 31.453986 ], [ -109.587801, 31.465739 ], [ -109.587812, 31.469228 ], [ -109.589816, 31.469228 ], [ -109.589816, 31.468247 ], [ -109.594426, 31.468287 ], [ -109.594415, 31.466403 ], [ -109.594396, 31.458027 ], [ -109.59319, 31.4565 ], [ -109.595611, 31.456497 ], [ -109.595655, 31.45527 ] ] ] ] } },
{ "type": "Feature", "properties": { "GEOID": "0468080", "NAME": "Somerton city, Arizona", "population": 14934.0 }, "geometry": { "type": "Polygon", "coordinates": [ [ [ -114.748562, 32.603848 ], [ -114.744346, 32.603846 ], [ -114.744311, 32.596624 ], [ -114.742221, 32.596556 ], [ -114.726993, 32.596727 ], [ -114.726991, 32.589269 ], [ -114.718414, 32.589111 ], [ -114.718548, 32.583034 ], [ -114.717065, 32.583024 ], [ -114.717056, 32.581851 ], [ -114.709922, 32.581882 ], [ -114.701173, 32.581975 ], [ -114.692631, 32.581903 ], [ -114.692671, 32.589324 ], [ -114.679723, 32.589365 ], [ -114.679836, 32.600249 ], [ -114.675495, 32.600242 ], [ -114.675627, 32.607472 ], [ -114.671537, 32.607495 ], [ -114.669252, 32.611135 ], [ -114.671388, 32.611134 ], [ -114.671388, 32.612923 ], [ -114.667055, 32.612958 ], [ -114.667126, 32.611296 ], [ -114.662714, 32.611075 ], [ -114.66274, 32.614715 ], [ -114.658488, 32.614707 ], [ -114.658464, 32.611062 ], [ -114.654203, 32.611063 ], [ -114.6541, 32.614698 ], [ -114.649807, 32.613726 ], [ -114.649793, 32.611092 ], [ -114.649847, 32.611092 ], [ -114.649754, 32.600172 ], [ -114.649682, 32.592967 ], [ -114.641009, 32.592996 ], [ -114.641082, 32.600327 ], [ -114.638908, 32.600322 ], [ -114.638931, 32.602129 ], [ -114.641096, 32.602103 ], [ -114.641167, 32.611182 ], [ -114.645424, 32.611137 ], [ -114.645472, 32.615763 ], [ -114.645515, 32.61845 ], [ -114.649743, 32.618425 ], [ -114.667083, 32.618305 ], [ -114.66707, 32.614724 ], [ -114.675649, 32.61452 ], [ -114.675647, 32.61113 ], [ -114.684254, 32.611106 ], [ -114.68414, 32.603928 ], [ -114.692719, 32.603856 ], [ -114.692774, 32.607477 ], [ -114.692835, 32.610867 ], [ -114.69282, 32.61106 ], [ -114.710047, 32.611018 ], [ -114.718565, 32.611008 ], [ -114.748623, 32.611054 ], [ -114.748562, 32.603848 ] ] ] } },
{ "type": "Feature", "properties": { "GEOID": "0412840", "NAME": "Chino Valley town, Arizona", "population": 13832.0 }, "geometry": { "type": "Polygon", "coordinates": [ [ [ -112.50145, 34.830888 ], [ -112.497411, 34.83076 ], [ -112.497294, 34.826793 ], [ -112.492853, 34.826639 ], [ -112.492843, 34.825773 ], [ -112.492825, 34.823358 ], [ -112.485482, 34.82331 ], [ -112.485878, 34.826881 ], [ -112.48396, 34.826825 ], [ -112.483782, 34.804433 ], [ -112.483394, 34.804502 ], [ -112.483277, 34.789749 ], [ -112.483168, 34.761047 ], [ -112.483264, 34.760283 ], [ -112.4836, 34.745612 ], [ -112.483388, 34.730995 ], [ -112.465512, 34.730908 ], [ -112.465114, 34.716315 ], [ -112.46523, 34.701611 ], [ -112.449706, 34.701784 ], [ -112.449374, 34.701787 ], [ -112.410327, 34.702093 ], [ -112.392374, 34.701961 ], [ -112.385984, 34.701873 ], [ -112.37796, 34.701735 ], [ -112.341834, 34.701441 ], [ -112.341735, 34.713804 ], [ -112.341722, 34.715769 ], [ -112.3417, 34.727128 ], [ -112.337238, 34.727137 ], [ -112.337156, 34.729477 ], [ -112.337821, 34.730736 ], [ -112.306877, 34.730384 ], [ -112.306886, 34.737895 ], [ -112.315695, 34.73789 ], [ -112.315801, 34.759972 ], [ -112.306789, 34.759935 ], [ -112.306952, 34.774474 ], [ -112.325483, 34.774612 ], [ -112.377362, 34.775073 ], [ -112.377166, 34.790251 ], [ -112.377346, 34.793153 ], [ -112.377179, 34.804186 ], [ -112.411759, 34.80493 ], [ -112.432302, 34.804876 ], [ -112.43433, 34.804759 ], [ -112.434294, 34.800099 ], [ -112.43643, 34.800089 ], [ -112.437871, 34.804809 ], [ -112.448181, 34.804652 ], [ -112.448175, 34.808502 ], [ -112.44388, 34.808476 ], [ -112.443914, 34.819588 ], [ -112.441818, 34.819481 ], [ -112.441483, 34.822567 ], [ -112.441663, 34.824237 ], [ -112.443726, 34.826478 ], [ -112.443736, 34.830659 ], [ -112.44823, 34.838444 ], [ -112.44809, 34.849922 ], [ -112.451173, 34.849809 ], [ -112.451199, 34.851377 ], [ -112.452568, 34.851377 ], [ -112.452659, 34.853552 ], [ -112.454102, 34.853502 ], [ -112.456428, 34.859403 ], [ -112.457999, 34.858883 ], [ -112.458398, 34.860926 ], [ -112.460895, 34.86476 ], [ -112.467161, 34.864602 ], [ -112.469088, 34.868458 ], [ -112.470013, 34.86922 ], [ -112.470212, 34.867547 ], [ -112.47235, 34.867622 ], [ -112.472018, 34.861548 ], [ -112.471004, 34.861559 ], [ -112.470947, 34.860696 ], [ -112.471125, 34.859434 ], [ -112.468959, 34.859681 ], [ -112.467294, 34.860286 ], [ -112.466603, 34.859317 ], [ -112.46647, 34.856911 ], [ -112.456358, 34.857353 ], [ -112.454784, 34.853478 ], [ -112.457172, 34.853395 ], [ -112.457087, 34.845871 ], [ -112.461621, 34.845654 ], [ -112.461948, 34.8363 ], [ -112.462669, 34.837961 ], [ -112.466246, 34.837784 ], [ -112.466246, 34.835872 ], [ -112.46463, 34.835961 ], [ -112.464651, 34.833998 ], [ -112.484015, 34.833928 ], [ -112.48627, 34.834009 ], [ -112.487417, 34.833884 ], [ -112.487281, 34.830545 ], [ -112.492898, 34.83073 ], [ -112.492917, 34.832454 ], [ -112.495132, 34.832522 ], [ -112.49506, 34.834324 ], [ -112.50186, 34.834567 ], [ -112.50145, 34.830888 ] ] ] } },
{ "type": "Feature", "properties": { "GEOID": "0416410", "NAME": "Cottonwood city, Arizona", "population": 12709.0 }, "geometry": { "type": "Polygon", "coordinates": [ [ [ -112.053638, 34.724904 ], [ -112.04823, 34.724841 ], [ -112.048429, 34.717758 ], [ -112.047932, 34.714049 ], [ -112.04454, 34.71404 ], [ -112.044532, 34.710538 ], [ -112.043134, 34.710171 ], [ -112.036193, 34.710432 ], [ -112.036093, 34.713321 ], [ -112.036049, 34.714243 ], [ -112.036072, 34.717756 ], [ -112.034177, 34.717874 ], [ -112.034078, 34.717759 ], [ -112.027975, 34.717723 ], [ -112.023694, 34.717709 ], [ -112.014085, 34.717699 ], [ -112.011852, 34.71773 ], [ -112.009509, 34.717698 ], [ -112.009646, 34.714097 ], [ -112.005245, 34.714111 ], [ -112.005234, 34.711982 ], [ -112.002639, 34.71199 ], [ -112.002158, 34.711421 ], [ -111.998659, 34.711834 ], [ -111.998195, 34.711022 ], [ -112.000849, 34.710557 ], [ -112.000839, 34.703361 ], [ -112.009534, 34.703279 ], [ -112.009627, 34.702061 ], [ -112.009546, 34.692192 ], [ -112.01212, 34.691058 ], [ -112.014817, 34.690466 ], [ -112.01475, 34.682159 ], [ -112.009688, 34.682135 ], [ -112.00967, 34.688177 ], [ -112.009651, 34.688819 ], [ -112.002707, 34.688848 ], [ -112.00071, 34.688856 ], [ -112.000698, 34.685901 ], [ -112.000683, 34.681192 ], [ -112.001198, 34.678152 ], [ -112.001159, 34.673743 ], [ -111.991032, 34.673832 ], [ -111.973547, 34.673822 ], [ -111.973213, 34.663172 ], [ -111.972775, 34.662419 ], [ -111.972604, 34.659908 ], [ -111.965432, 34.659538 ], [ -111.965323, 34.650939 ], [ -111.961352, 34.65068 ], [ -111.961213, 34.65217 ], [ -111.960296, 34.652679 ], [ -111.958629, 34.652491 ], [ -111.956793, 34.650314 ], [ -111.956759, 34.670535 ], [ -111.950507, 34.67042 ], [ -111.950479, 34.673529 ], [ -111.950682, 34.673608 ], [ -111.956086, 34.673553 ], [ -111.955943, 34.681882 ], [ -111.958052, 34.682201 ], [ -111.958613, 34.682516 ], [ -111.958964, 34.682784 ], [ -111.959308, 34.682937 ], [ -111.959524, 34.682965 ], [ -111.960151, 34.683219 ], [ -111.96063, 34.683394 ], [ -111.961582, 34.683837 ], [ -111.961789, 34.683968 ], [ -111.962182, 34.684303 ], [ -111.962522, 34.684523 ], [ -111.964256, 34.684643 ], [ -111.964775, 34.684571 ], [ -111.964998, 34.685891 ], [ -111.965516, 34.688405 ], [ -111.965808, 34.688402 ], [ -111.977351, 34.688238 ], [ -111.980115, 34.688467 ], [ -111.992975, 34.688355 ], [ -111.992897, 34.701914 ], [ -111.99121, 34.701769 ], [ -111.990628, 34.700863 ], [ -111.988874, 34.701632 ], [ -111.989349, 34.702349 ], [ -111.987704, 34.70313 ], [ -111.986527, 34.704588 ], [ -111.984738, 34.705264 ], [ -111.983902, 34.706249 ], [ -111.984049, 34.707078 ], [ -111.984211, 34.706326 ], [ -111.990094, 34.709293 ], [ -111.991573, 34.707429 ], [ -111.99277, 34.707779 ], [ -111.993273, 34.707483 ], [ -111.995289, 34.709551 ], [ -111.993978, 34.710117 ], [ -111.995272, 34.711554 ], [ -111.996854, 34.716693 ], [ -111.999504, 34.719177 ], [ -112.000447, 34.721316 ], [ -112.00094, 34.721374 ], [ -112.000904, 34.724396 ], [ -112.003417, 34.72509 ], [ -112.00347, 34.728639 ], [ -112.002341, 34.728621 ], [ -112.002751, 34.731617 ], [ -112.005283, 34.729505 ], [ -112.005238, 34.743073 ], [ -112.00966, 34.743099 ], [ -112.009637, 34.746751 ], [ -112.011838, 34.747114 ], [ -112.01187, 34.749935 ], [ -112.006571, 34.749041 ], [ -112.004794, 34.749415 ], [ -112.002934, 34.750277 ], [ -111.999623, 34.750488 ], [ -111.996353, 34.750451 ], [ -111.996355, 34.746927 ], [ -111.992043, 34.746883 ], [ -111.992107, 34.740597 ], [ -111.991691, 34.730579 ], [ -111.992227, 34.72383 ], [ -111.991124, 34.721916 ], [ -111.990634, 34.721288 ], [ -111.990577, 34.721292 ], [ -111.989107, 34.721436 ], [ -111.98742, 34.721933 ], [ -111.987434, 34.721394 ], [ -111.974325, 34.721248 ], [ -111.974304, 34.724865 ], [ -111.974367, 34.731673 ], [ -111.956669, 34.725978 ], [ -111.956808, 34.7435 ], [ -111.956689, 34.746684 ], [ -111.965378, 34.746654 ], [ -111.967302, 34.746725 ], [ -111.969624, 34.746725 ], [ -111.973982, 34.746601 ], [ -111.97448, 34.761661 ], [ -111.974699, 34.797831 ], [ -111.96608, 34.797896 ], [ -111.966122, 34.78934 ], [ -111.958451, 34.78933 ], [ -111.921228, 34.789278 ], [ -111.921077, 34.786492 ], [ -111.920491, 34.775651 ], [ -111.925058, 34.775709 ], [ -111.925198, 34.768349 ], [ -111.920617, 34.768349 ], [ -111.920782, 34.764772 ], [ -111.912067, 34.764607 ], [ -111.912169, 34.768349 ], [ -111.916687, 34.76838 ], [ -111.915812, 34.789385 ], [ -111.917978, 34.789342 ], [ -111.919291, 34.789318 ], [ -111.917632, 34.791918 ], [ -111.916991, 34.794385 ], [ -111.914548, 34.798175 ], [ -111.914479, 34.804706 ], [ -111.920786, 34.80457 ], [ -111.921114, 34.819983 ], [ -111.923184, 34.819909 ], [ -111.961205, 34.819888 ], [ -111.990295, 34.819873 ], [ -111.990369, 34.80355 ], [ -111.991854, 34.803548 ], [ -111.992804, 34.761634 ], [ -111.992848, 34.754187 ], [ -112.009282, 34.754323 ], [ -112.009179, 34.75812 ], [ -112.013543, 34.758037 ], [ -112.013496, 34.761483 ], [ -112.013452, 34.76529 ], [ -112.025265, 34.76521 ], [ -112.024254, 34.76335 ], [ -112.024836, 34.761332 ], [ -112.02718, 34.760383 ], [ -112.027263, 34.758256 ], [ -112.030169, 34.758222 ], [ -112.030246, 34.756766 ], [ -112.030127, 34.755862 ], [ -112.031501, 34.754308 ], [ -112.035868, 34.754398 ], [ -112.035896, 34.754399 ], [ -112.03611, 34.754406 ], [ -112.049113, 34.754566 ], [ -112.049095, 34.751697 ], [ -112.050526, 34.751687 ], [ -112.050071, 34.751193 ], [ -112.049582, 34.750786 ], [ -112.046889, 34.748536 ], [ -112.045108, 34.747072 ], [ -112.044783, 34.742193 ], [ -112.043662, 34.740732 ], [ -112.044782, 34.739721 ], [ -112.051153, 34.73969 ], [ -112.053695, 34.739677 ], [ -112.053638, 34.724904 ] ] ] } },
{ "type": "Feature", "properties": { "GEOID": "0409690", "NAME": "Camp Verde town, Arizona", "population": 12581.0 }, "geometry": { "type": "Polygon", "coordinates": [ [ [ -111.965685, 34.645199 ], [ -111.951037, 34.644425 ], [ -111.942236, 34.636301 ], [ -111.939507, 34.633779 ], [ -111.939514, 34.615519 ], [ -111.92739, 34.615153 ], [ -111.927333, 34.609191 ], [ -111.922143, 34.609175 ], [ -111.922, 34.598441 ], [ -111.90556, 34.598445 ], [ -111.905583, 34.572724 ], [ -111.905602, 34.560898 ], [ -111.905612, 34.55475 ], [ -111.891395, 34.554812 ], [ -111.88949, 34.554823 ], [ -111.889503, 34.552516 ], [ -111.889577, 34.540002 ], [ -111.878709, 34.540369 ], [ -111.876219, 34.540359 ], [ -111.876253, 34.53601 ], [ -111.876258, 34.533103 ], [ -111.874772, 34.533086 ], [ -111.874072, 34.529486 ], [ -111.872757, 34.529491 ], [ -111.869874, 34.529588 ], [ -111.869733, 34.529473 ], [ -111.868474, 34.529472 ], [ -111.867717, 34.530766 ], [ -111.861039, 34.52955 ], [ -111.854975, 34.529535 ], [ -111.854029, 34.529553 ], [ -111.852063, 34.529364 ], [ -111.8504, 34.529559 ], [ -111.85042, 34.52917 ], [ -111.846206, 34.52899 ], [ -111.846232, 34.528297 ], [ -111.843067, 34.527443 ], [ -111.840722, 34.527646 ], [ -111.835834, 34.526027 ], [ -111.834889, 34.523247 ], [ -111.835816, 34.52022 ], [ -111.839622, 34.515133 ], [ -111.839732, 34.513226 ], [ -111.837669, 34.508617 ], [ -111.837158, 34.506286 ], [ -111.835436, 34.505287 ], [ -111.829213, 34.504217 ], [ -111.821973, 34.499993 ], [ -111.817145, 34.49909 ], [ -111.815795, 34.497676 ], [ -111.815597, 34.496221 ], [ -111.766856, 34.4964 ], [ -111.7668, 34.525302 ], [ -111.775083, 34.525326 ], [ -111.775144, 34.52885 ], [ -111.777016, 34.528832 ], [ -111.779507, 34.528805 ], [ -111.77953, 34.530739 ], [ -111.781719, 34.530723 ], [ -111.78173, 34.532196 ], [ -111.780424, 34.532957 ], [ -111.777835, 34.534159 ], [ -111.769298, 34.53908 ], [ -111.760215, 34.543944 ], [ -111.760933, 34.544855 ], [ -111.777254, 34.562008 ], [ -111.819438, 34.537682 ], [ -111.825429, 34.542495 ], [ -111.858893, 34.611721 ], [ -111.859076, 34.612108 ], [ -111.859451, 34.612888 ], [ -111.859992, 34.613954 ], [ -111.864094, 34.613956 ], [ -111.866147, 34.61397 ], [ -111.867662, 34.614264 ], [ -111.869136, 34.614048 ], [ -111.869412, 34.615006 ], [ -111.869701, 34.615244 ], [ -111.86972, 34.643692 ], [ -111.9113, 34.644338 ], [ -111.912578, 34.64441 ], [ -111.928491, 34.644734 ], [ -111.931704, 34.644527 ], [ -111.932625, 34.645562 ], [ -111.934969, 34.644525 ], [ -111.939174, 34.644534 ], [ -111.956805, 34.645112 ], [ -111.956793, 34.650314 ], [ -111.958629, 34.652491 ], [ -111.960296, 34.652679 ], [ -111.961213, 34.65217 ], [ -111.961352, 34.65068 ], [ -111.959111, 34.650598 ], [ -111.958986, 34.645279 ], [ -111.964526, 34.645437 ], [ -111.965683, 34.646363 ], [ -111.965685, 34.645199 ] ] ] } },
{ "type": "Feature", "properties": { "GEOID": "0466470", "NAME": "Show Low city, Arizona", "population": 12471.0 }, "geometry": { "type": "MultiPolygon", "coordinates": [ [ [ [ -110.103852, 34.202341 ], [ -110.102627, 34.202802 ], [ -110.100675, 34.20576 ], [ -110.095148, 34.207271 ], [ -110.090194, 34.210373 ], [ -110.087856, 34.212486 ], [ -110.086979, 34.212379 ], [ -110.086749, 34.210535 ], [ -110.083281, 34.207569 ], [ -110.081034, 34.204352 ], [ -110.079349, 34.202732 ], [ -110.076506, 34.197927 ], [ -110.076459, 34.202996 ], [ -110.075786, 34.210554 ], [ -110.074212, 34.213366 ], [ -110.068243, 34.213338 ], [ -110.068548, 34.207332 ], [ -110.068006, 34.193867 ], [ -110.067136, 34.195123 ], [ -110.059967, 34.195886 ], [ -110.057082, 34.199066 ], [ -110.054162, 34.200691 ], [ -110.051764, 34.201005 ], [ -110.050974, 34.213261 ], [ -110.046641, 34.213364 ], [ -110.04071, 34.213364 ], [ -110.033619, 34.21336 ], [ -110.033532, 34.215112 ], [ -110.031347, 34.215095 ], [ -110.030986, 34.216837 ], [ -110.028902, 34.216431 ], [ -110.028607, 34.214174 ], [ -110.028126, 34.213325 ], [ -110.032855, 34.213209 ], [ -110.032832, 34.211414 ], [ -110.032382, 34.210755 ], [ -110.031332, 34.208817 ], [ -110.030365, 34.209439 ], [ -110.027195, 34.209449 ], [ -110.027189, 34.208253 ], [ -110.024895, 34.207509 ], [ -110.023578, 34.203746 ], [ -110.022246, 34.203676 ], [ -110.022176, 34.201273 ], [ -110.024495, 34.201224 ], [ -110.024497, 34.203896 ], [ -110.028622, 34.203912 ], [ -110.033618, 34.203929 ], [ -110.033658, 34.205671 ], [ -110.040714, 34.205676 ], [ -110.042139, 34.205678 ], [ -110.042118, 34.204175 ], [ -110.041234, 34.203201 ], [ -110.040716, 34.200474 ], [ -110.040958, 34.198886 ], [ -110.040942, 34.198204 ], [ -110.033562, 34.198024 ], [ -110.033601, 34.203648 ], [ -110.028452, 34.20362 ], [ -110.024616, 34.203635 ], [ -110.024603, 34.198162 ], [ -110.023695, 34.198131 ], [ -110.023607, 34.198033 ], [ -110.020202, 34.198009 ], [ -110.020107, 34.19458 ], [ -110.016014, 34.194541 ], [ -110.007087, 34.194457 ], [ -110.007094, 34.190955 ], [ -110.003751, 34.190181 ], [ -110.003854, 34.183763 ], [ -110.000865, 34.183778 ], [ -109.996758, 34.183875 ], [ -109.9968, 34.187635 ], [ -109.992593, 34.187642 ], [ -109.992651, 34.193823 ], [ -110.000664, 34.193796 ], [ -110.000853, 34.198513 ], [ -109.993589, 34.198511 ], [ -109.971975, 34.198573 ], [ -109.944556, 34.198777 ], [ -109.945149, 34.227481 ], [ -109.974692, 34.227441 ], [ -109.974744, 34.222454 ], [ -109.973485, 34.222389 ], [ -109.973552, 34.219768 ], [ -109.9769, 34.21974 ], [ -109.97699, 34.217033 ], [ -109.981024, 34.216924 ], [ -109.981035, 34.227433 ], [ -109.981049, 34.242304 ], [ -109.977022, 34.242293 ], [ -109.976994, 34.257129 ], [ -109.972833, 34.257173 ], [ -109.972922, 34.263046 ], [ -109.972684, 34.265909 ], [ -109.972787, 34.286977 ], [ -109.990527, 34.287067 ], [ -109.990412, 34.301246 ], [ -110.007679, 34.301114 ], [ -110.007523, 34.316814 ], [ -110.007317, 34.329518 ], [ -110.024808, 34.329616 ], [ -110.024802, 34.333739 ], [ -110.025048, 34.343981 ], [ -110.042262, 34.344175 ], [ -110.04254, 34.349093 ], [ -110.042738, 34.354868 ], [ -110.042884, 34.359212 ], [ -110.053335, 34.358997 ], [ -110.069051, 34.358582 ], [ -110.079275, 34.358871 ], [ -110.079082, 34.34696 ], [ -110.079162, 34.344149 ], [ -110.082166, 34.344324 ], [ -110.095114, 34.344485 ], [ -110.095016, 34.311754 ], [ -110.094561, 34.281165 ], [ -110.09709, 34.281156 ], [ -110.097015, 34.278703 ], [ -110.095588, 34.277127 ], [ -110.094678, 34.275644 ], [ -110.094426, 34.274624 ], [ -110.098194, 34.274511 ], [ -110.098987, 34.27365 ], [ -110.101133, 34.273361 ], [ -110.10116, 34.271017 ], [ -110.103282, 34.271029 ], [ -110.103378, 34.252597 ], [ -110.103331, 34.211356 ], [ -110.103852, 34.202341 ] ], [ [ -110.028377, 34.224141 ], [ -110.025258, 34.224129 ], [ -110.025119, 34.227416 ], [ -110.024998, 34.230899 ], [ -110.023424, 34.232443 ], [ -110.022461, 34.230988 ], [ -110.016261, 34.230871 ], [ -110.016272, 34.22772 ], [ -110.02078, 34.227746 ], [ -110.020775, 34.227407 ], [ -110.020577, 34.227612 ], [ -110.007517, 34.227658 ], [ -110.007502, 34.219577 ], [ -110.007485, 34.213547 ], [ -110.004708, 34.213542 ], [ -110.004138, 34.211735 ], [ -110.002962, 34.210904 ], [ -110.002899, 34.209623 ], [ -110.007585, 34.209677 ], [ -110.007399, 34.205999 ], [ -110.016155, 34.205574 ], [ -110.016539, 34.216919 ], [ -110.02521, 34.216941 ], [ -110.027983, 34.218615 ], [ -110.026217, 34.218985 ], [ -110.026207, 34.220597 ], [ -110.028194, 34.220608 ], [ -110.028377, 34.224141 ] ], [ [ -110.024193, 34.199275 ], [ -110.023204, 34.199267 ], [ -110.02317, 34.198563 ], [ -110.021547, 34.198924 ], [ -110.021493, 34.198233 ], [ -110.022429, 34.198218 ], [ -110.024185, 34.198374 ], [ -110.024193, 34.199275 ] ] ], [ [ [ -110.022794, 34.223118 ], [ -110.020556, 34.223106 ], [ -110.020622, 34.226691 ], [ -110.020775, 34.22675 ], [ -110.020729, 34.224062 ], [ -110.022824, 34.224062 ], [ -110.022794, 34.223118 ] ] ] ] } },
{ "type": "Feature", "properties": { "GEOID": "0452930", "NAME": "Paradise Valley town, Arizona", "population": 12251.0 }, "geometry": { "type": "Polygon", "coordinates": [ [ [ -112.012944, 33.531865 ], [ -112.012892, 33.51853 ], [ -112.004534, 33.515235 ], [ -112.001645, 33.51453 ], [ -111.999699, 33.51347 ], [ -111.995276, 33.513555 ], [ -111.995132, 33.517259 ], [ -111.995013, 33.523809 ], [ -111.992747, 33.524679 ], [ -111.987711, 33.524595 ], [ -111.986278, 33.523795 ], [ -111.975603, 33.523705 ], [ -111.974803, 33.523707 ], [ -111.973724, 33.523688 ], [ -111.973709, 33.522084 ], [ -111.969419, 33.522022 ], [ -111.969387, 33.516083 ], [ -111.960345, 33.515765 ], [ -111.947525, 33.516375 ], [ -111.945212, 33.516525 ], [ -111.943233, 33.516568 ], [ -111.943286, 33.509216 ], [ -111.941228, 33.509255 ], [ -111.938964, 33.509306 ], [ -111.938915, 33.512936 ], [ -111.93681, 33.512971 ], [ -111.936843, 33.509455 ], [ -111.93468, 33.509484 ], [ -111.934643, 33.512496 ], [ -111.932512, 33.512554 ], [ -111.932542, 33.509443 ], [ -111.930394, 33.50948 ], [ -111.930368, 33.511721 ], [ -111.926044, 33.511797 ], [ -111.92604, 33.513163 ], [ -111.919592, 33.5131 ], [ -111.91957, 33.515833 ], [ -111.917141, 33.516177 ], [ -111.91702, 33.516766 ], [ -111.926001, 33.516855 ], [ -111.928214, 33.516816 ], [ -111.928074, 33.5241 ], [ -111.927887, 33.531404 ], [ -111.927928, 33.538664 ], [ -111.925865, 33.5387 ], [ -111.925919, 33.54598 ], [ -111.926091, 33.551658 ], [ -111.926127, 33.567472 ], [ -111.926204, 33.574868 ], [ -111.943522, 33.574824 ], [ -111.960521, 33.57538 ], [ -111.969194, 33.57542 ], [ -111.969235, 33.582574 ], [ -111.977779, 33.582617 ], [ -111.977609, 33.568251 ], [ -111.977586, 33.562205 ], [ -111.977877, 33.560997 ], [ -111.986446, 33.560948 ], [ -111.986417, 33.553537 ], [ -111.995338, 33.553715 ], [ -111.995416, 33.549231 ], [ -111.982105, 33.549178 ], [ -111.982056, 33.543675 ], [ -111.982031, 33.542006 ], [ -111.986371, 33.541999 ], [ -111.986422, 33.538299 ], [ -111.993816, 33.538441 ], [ -111.994399, 33.539448 ], [ -111.993297, 33.540655 ], [ -111.993483, 33.54056 ], [ -111.994255, 33.542163 ], [ -111.995326, 33.542544 ], [ -111.995322, 33.541691 ], [ -111.995179, 33.531838 ], [ -112.012439, 33.532002 ], [ -112.012943, 33.531963 ], [ -112.012944, 33.531865 ] ], [ [ -111.956204, 33.531064 ], [ -111.956169, 33.534713 ], [ -111.953972, 33.534734 ], [ -111.953977, 33.53107 ], [ -111.954236, 33.53107 ], [ -111.954238, 33.530974 ], [ -111.956205, 33.530971 ], [ -111.956204, 33.531064 ] ] ] } },
{ "type": "Feature", "properties": { "GEOID": "0462000", "NAME": "Safford city, Arizona", "population": 10279.0 }, "geometry": { "type": "MultiPolygon", "coordinates": [ [ [ [ -109.643474, 32.845416 ], [ -109.639225, 32.845402 ], [ -109.626678, 32.84536 ], [ -109.626686, 32.859895 ], [ -109.643434, 32.859887 ], [ -109.643469, 32.847927 ], [ -109.643474, 32.845416 ] ] ], [ [ [ -109.681953, 32.845543 ], [ -109.677599, 32.845521 ], [ -109.677623, 32.84193 ], [ -109.675184, 32.841923 ], [ -109.673342, 32.841917 ], [ -109.673358, 32.839738 ], [ -109.673371, 32.838349 ], [ -109.671575, 32.838361 ], [ -109.652022, 32.838218 ], [ -109.651991, 32.830958 ], [ -109.651469, 32.830964 ], [ -109.64884, 32.830956 ], [ -109.647727, 32.834585 ], [ -109.629628, 32.834604 ], [ -109.628689, 32.835423 ], [ -109.627377, 32.836042 ], [ -109.622409, 32.835247 ], [ -109.622408, 32.838201 ], [ -109.628435, 32.838171 ], [ -109.630701, 32.838208 ], [ -109.647687, 32.845414 ], [ -109.664854, 32.845524 ], [ -109.664823, 32.852756 ], [ -109.675265, 32.852753 ], [ -109.67755, 32.852752 ], [ -109.677571, 32.849139 ], [ -109.681858, 32.849157 ], [ -109.681953, 32.845543 ] ] ], [ [ [ -109.721053, 32.881492 ], [ -109.721049, 32.881238 ], [ -109.720944, 32.870872 ], [ -109.71655, 32.87086 ], [ -109.716391, 32.867216 ], [ -109.7078, 32.867203 ], [ -109.708119, 32.881732 ], [ -109.721058, 32.88175 ], [ -109.721053, 32.881492 ] ] ], [ [ [ -109.739709, 32.87592 ], [ -109.739706, 32.877559 ], [ -109.741275, 32.877574 ], [ -109.739709, 32.87592 ] ] ], [ [ [ -109.741462, 32.814369 ], [ -109.7398, 32.814587 ], [ -109.739138, 32.814718 ], [ -109.732956, 32.812342 ], [ -109.732962, 32.809571 ], [ -109.732859, 32.802323 ], [ -109.728912, 32.802339 ], [ -109.728951, 32.795072 ], [ -109.722507, 32.795052 ], [ -109.722487, 32.798678 ], [ -109.719012, 32.801595 ], [ -109.723846, 32.80226 ], [ -109.722599, 32.80243 ], [ -109.716059, 32.802389 ], [ -109.716059, 32.798651 ], [ -109.71072, 32.79864 ], [ -109.710716, 32.799656 ], [ -109.707724, 32.800264 ], [ -109.707527, 32.800608 ], [ -109.707714, 32.802419 ], [ -109.707663, 32.812096 ], [ -109.702171, 32.812013 ], [ -109.702433, 32.814521 ], [ -109.702876, 32.814205 ], [ -109.706511, 32.814206 ], [ -109.707652, 32.813578 ], [ -109.707625, 32.816792 ], [ -109.707626, 32.819433 ], [ -109.705852, 32.820323 ], [ -109.706885, 32.822605 ], [ -109.705088, 32.823539 ], [ -109.706617, 32.824369 ], [ -109.706542, 32.831294 ], [ -109.698706, 32.831104 ], [ -109.698298, 32.83117 ], [ -109.689846, 32.823928 ], [ -109.686401, 32.823915 ], [ -109.686138, 32.838267 ], [ -109.694661, 32.838381 ], [ -109.694666, 32.837447 ], [ -109.698939, 32.837464 ], [ -109.698949, 32.838427 ], [ -109.701957, 32.836778 ], [ -109.705109, 32.836626 ], [ -109.706675, 32.83755 ], [ -109.710505, 32.836631 ], [ -109.713729, 32.838298 ], [ -109.716054, 32.838512 ], [ -109.716055, 32.838396 ], [ -109.722493, 32.838445 ], [ -109.722511, 32.841921 ], [ -109.720268, 32.841874 ], [ -109.720257, 32.845623 ], [ -109.732876, 32.845739 ], [ -109.73302, 32.84574 ], [ -109.733028, 32.842238 ], [ -109.734402, 32.842135 ], [ -109.734396, 32.837079 ], [ -109.732941, 32.836126 ], [ -109.733026, 32.831361 ], [ -109.733013, 32.828828 ], [ -109.733009, 32.827648 ], [ -109.739798, 32.827668 ], [ -109.741431, 32.827674 ], [ -109.74145, 32.816849 ], [ -109.741462, 32.814369 ] ] ] ] } },
{ "type": "Feature", "properties": { "GEOID": "0465350", "NAME": "Sedona city, Arizona", "population": 9619.0 }, "geometry": { "type": "Polygon", "coordinates": [ [ [ -111.84656, 34.845765 ], [ -111.846438, 34.839665 ], [ -111.82411, 34.839914 ], [ -111.806043, 34.840064 ], [ -111.787305, 34.84006 ], [ -111.78513, 34.840067 ], [ -111.785168, 34.83849 ], [ -111.785162, 34.837286 ], [ -111.787281, 34.835899 ], [ -111.788487, 34.832893 ], [ -111.793566, 34.832384 ], [ -111.796258, 34.830881 ], [ -111.795878, 34.825558 ], [ -111.788021, 34.825366 ], [ -111.788189, 34.818092 ], [ -111.779992, 34.818123 ], [ -111.760346, 34.818074 ], [ -111.760321, 34.832731 ], [ -111.758102, 34.832762 ], [ -111.758097, 34.846504 ], [ -111.758231, 34.850885 ], [ -111.760423, 34.850937 ], [ -111.760767, 34.859888 ], [ -111.758562, 34.859875 ], [ -111.758599, 34.863509 ], [ -111.7565, 34.86352 ], [ -111.756575, 34.865288 ], [ -111.742886, 34.865324 ], [ -111.743124, 34.876255 ], [ -111.74339, 34.884343 ], [ -111.766384, 34.884466 ], [ -111.777669, 34.884581 ], [ -111.795396, 34.88506 ], [ -111.795403, 34.884492 ], [ -111.795741, 34.882959 ], [ -111.804271, 34.882968 ], [ -111.804322, 34.879403 ], [ -111.808753, 34.879377 ], [ -111.808812, 34.875718 ], [ -111.816549, 34.875717 ], [ -111.816528, 34.87957 ], [ -111.8154, 34.879577 ], [ -111.815379, 34.882272 ], [ -111.817634, 34.882273 ], [ -111.81764, 34.881503 ], [ -111.819572, 34.881493 ], [ -111.819597, 34.890106 ], [ -111.823508, 34.890207 ], [ -111.839542, 34.890207 ], [ -111.839363, 34.861647 ], [ -111.83868, 34.85438 ], [ -111.847432, 34.854283 ], [ -111.84656, 34.845765 ] ] ] } },
{ "type": "Feature", "properties": { "GEOID": "0474190", "NAME": "Tolleson city, Arizona", "population": 9224.0 }, "geometry": { "type": "Polygon", "coordinates": [ [ [ -112.289779, 33.446316 ], [ -112.28969, 33.436318 ], [ -112.289696, 33.435637 ], [ -112.28678, 33.436005 ], [ -112.272356, 33.435781 ], [ -112.255139, 33.435881 ], [ -112.238233, 33.437244 ], [ -112.238231, 33.437151 ], [ -112.229656, 33.43707 ], [ -112.222927, 33.437118 ], [ -112.22097, 33.437146 ], [ -112.221265, 33.444394 ], [ -112.233551, 33.443866 ], [ -112.234044, 33.440817 ], [ -112.238292, 33.440844 ], [ -112.238328, 33.451672 ], [ -112.237865, 33.447603 ], [ -112.236795, 33.446603 ], [ -112.234024, 33.446616 ], [ -112.234005, 33.444091 ], [ -112.229702, 33.44453 ], [ -112.225243, 33.444523 ], [ -112.225362, 33.44663 ], [ -112.229724, 33.446592 ], [ -112.225339, 33.446786 ], [ -112.225012, 33.445634 ], [ -112.221277, 33.445753 ], [ -112.221282, 33.446717 ], [ -112.221268, 33.451693 ], [ -112.238326, 33.451749 ], [ -112.238365, 33.451799 ], [ -112.238296, 33.462106 ], [ -112.238323, 33.462947 ], [ -112.238186, 33.46533 ], [ -112.250912, 33.465016 ], [ -112.255252, 33.464672 ], [ -112.255245, 33.464951 ], [ -112.268531, 33.464712 ], [ -112.268531, 33.464806 ], [ -112.272422, 33.464734 ], [ -112.272537, 33.464733 ], [ -112.272537, 33.46144 ], [ -112.272507, 33.450231 ], [ -112.28102, 33.450111 ], [ -112.281181, 33.450108 ], [ -112.289784, 33.449936 ], [ -112.289779, 33.446316 ] ], [ [ -112.272409, 33.443699 ], [ -112.26375, 33.443797 ], [ -112.263746, 33.443466 ], [ -112.272408, 33.443388 ], [ -112.272409, 33.443699 ] ] ] } },
{ "type": "Feature", "properties": { "GEOID": "0483930", "NAME": "Winslow city, Arizona", "population": 8464.0 }, "geometry": { "type": "Polygon", "coordinates": [ [ [ -110.750692, 35.042188 ], [ -110.743893, 35.039904 ], [ -110.72783, 35.033768 ], [ -110.722851, 35.031686 ], [ -110.715535, 35.031517 ], [ -110.711475, 35.028157 ], [ -110.711568, 35.026624 ], [ -110.711634, 35.026118 ], [ -110.715604, 35.027633 ], [ -110.715911, 35.02663 ], [ -110.717603, 35.027315 ], [ -110.7332, 35.031861 ], [ -110.732613, 35.02401 ], [ -110.732677, 35.019202 ], [ -110.737449, 35.016836 ], [ -110.739371, 35.016862 ], [ -110.739274, 35.011598 ], [ -110.734758, 35.011541 ], [ -110.734821, 35.009696 ], [ -110.732445, 35.009603 ], [ -110.732259, 34.980488 ], [ -110.713326, 34.980346 ], [ -110.713166, 34.986771 ], [ -110.710301, 34.990282 ], [ -110.707227, 34.995169 ], [ -110.697518, 34.995097 ], [ -110.697673, 35.009627 ], [ -110.700694, 35.009615 ], [ -110.70278, 35.011765 ], [ -110.700684, 35.017058 ], [ -110.697806, 35.017136 ], [ -110.697803, 35.014025 ], [ -110.693157, 35.014011 ], [ -110.693139, 35.015003 ], [ -110.691054, 35.014988 ], [ -110.691033, 35.016952 ], [ -110.689182, 35.016943 ], [ -110.689198, 35.018371 ], [ -110.685239, 35.016918 ], [ -110.680432, 35.015237 ], [ -110.663462, 35.008632 ], [ -110.65409, 35.005479 ], [ -110.653876, 35.005452 ], [ -110.653538, 35.005964 ], [ -110.65354, 35.009926 ], [ -110.663271, 35.010041 ], [ -110.663487, 35.010037 ], [ -110.66348, 35.01046 ], [ -110.663343, 35.024237 ], [ -110.675038, 35.024465 ], [ -110.680507, 35.024328 ], [ -110.680076, 35.038854 ], [ -110.680539, 35.053456 ], [ -110.698054, 35.053485 ], [ -110.724614, 35.053377 ], [ -110.736026, 35.053386 ], [ -110.736053, 35.054094 ], [ -110.7374, 35.054101 ], [ -110.737809, 35.053422 ], [ -110.750692, 35.053467 ], [ -110.750692, 35.042789 ], [ -110.750692, 35.042188 ] ], [ [ -110.726119, 35.016672 ], [ -110.706191, 35.017026 ], [ -110.705009, 35.017036 ], [ -110.7073, 35.015475 ], [ -110.711108, 35.014204 ], [ -110.715573, 35.009688 ], [ -110.726024, 35.009664 ], [ -110.726119, 35.016672 ] ] ] } },
{ "type": "Feature", "properties": { "GEOID": "0482740", "NAME": "Wickenburg town, Arizona", "population": 8305.0 }, "geometry": { "type": "Polygon", "coordinates": [ [ [ -112.82884, 33.964817 ], [ -112.824271, 33.964716 ], [ -112.823795, 33.963806 ], [ -112.809922, 33.963814 ], [ -112.808496, 33.960881 ], [ -112.806779, 33.961529 ], [ -112.806837, 33.956306 ], [ -112.824261, 33.956313 ], [ -112.824252, 33.948461 ], [ -112.809345, 33.948502 ], [ -112.804315, 33.946136 ], [ -112.801707, 33.948596 ], [ -112.798616, 33.949438 ], [ -112.799282, 33.956302 ], [ -112.78901, 33.956293 ], [ -112.789068, 33.934569 ], [ -112.788438, 33.934547 ], [ -112.784205, 33.938272 ], [ -112.78213, 33.941349 ], [ -112.773896, 33.948988 ], [ -112.772168, 33.951831 ], [ -112.771676, 33.952416 ], [ -112.771661, 33.947227 ], [ -112.768816, 33.947227 ], [ -112.768446, 33.951739 ], [ -112.767357, 33.952468 ], [ -112.76517, 33.952057 ], [ -112.763037, 33.952627 ], [ -112.763141, 33.947906 ], [ -112.765216, 33.947244 ], [ -112.765261, 33.945368 ], [ -112.763086, 33.945378 ], [ -112.763042, 33.941756 ], [ -112.707403, 33.941914 ], [ -112.707477, 33.943248 ], [ -112.709854, 33.94529 ], [ -112.711237, 33.945264 ], [ -112.71128, 33.946832 ], [ -112.712874, 33.949812 ], [ -112.715892, 33.953482 ], [ -112.719735, 33.958268 ], [ -112.717929, 33.956216 ], [ -112.715804, 33.956209 ], [ -112.715711, 33.960101 ], [ -112.714562, 33.960095 ], [ -112.714188, 33.958587 ], [ -112.711722, 33.958953 ], [ -112.712953, 33.960649 ], [ -112.711, 33.960786 ], [ -112.711032, 33.963308 ], [ -112.709155, 33.963302 ], [ -112.709219, 33.959675 ], [ -112.706992, 33.959653 ], [ -112.706817, 33.969979 ], [ -112.706739, 33.974382 ], [ -112.702358, 33.974355 ], [ -112.702296, 33.980109 ], [ -112.702279, 33.982577 ], [ -112.704432, 33.982589 ], [ -112.702418, 33.983522 ], [ -112.702474, 33.985229 ], [ -112.711085, 33.985251 ], [ -112.710815, 33.991626 ], [ -112.715236, 33.99273 ], [ -112.71529, 33.99591 ], [ -112.71091, 33.995986 ], [ -112.712771, 33.99861 ], [ -112.711482, 33.999772 ], [ -112.717107, 33.999782 ], [ -112.715592, 33.998027 ], [ -112.719761, 33.99654 ], [ -112.717782, 33.993367 ], [ -112.724929, 33.99515 ], [ -112.727004, 33.99591 ], [ -112.723904, 33.997109 ], [ -112.723894, 33.998191 ], [ -112.725978, 33.998433 ], [ -112.725497, 33.999809 ], [ -112.732715, 33.99983 ], [ -112.734256, 33.997478 ], [ -112.743799, 33.999857 ], [ -112.742888, 33.996868 ], [ -112.741512, 33.992563 ], [ -112.741425, 33.990046 ], [ -112.743019, 33.989361 ], [ -112.745331, 33.990573 ], [ -112.744928, 33.991738 ], [ -112.747198, 33.992503 ], [ -112.750552, 33.992502 ], [ -112.752974, 33.994035 ], [ -112.751694, 33.995656 ], [ -112.753257, 33.996285 ], [ -112.754547, 33.995228 ], [ -112.757858, 33.997789 ], [ -112.760458, 33.998796 ], [ -112.763142, 33.999728 ], [ -112.746271, 33.999904 ], [ -112.745828, 33.999901 ], [ -112.745806, 34.004312 ], [ -112.745809, 34.006453 ], [ -112.745773, 34.014313 ], [ -112.743213, 34.014396 ], [ -112.74368, 34.015381 ], [ -112.745782, 34.015331 ], [ -112.745809, 34.017466 ], [ -112.747982, 34.016157 ], [ -112.748, 34.017963 ], [ -112.746591, 34.017973 ], [ -112.74586, 34.019922 ], [ -112.744315, 34.018946 ], [ -112.744448, 34.020595 ], [ -112.742902, 34.021144 ], [ -112.745761, 34.021191 ], [ -112.745793, 34.025246 ], [ -112.750053, 34.0252 ], [ -112.750193, 34.028745 ], [ -112.743451, 34.028925 ], [ -112.743577, 34.032639 ], [ -112.754555, 34.032339 ], [ -112.754366, 34.025154 ], [ -112.758767, 34.025025 ], [ -112.758806, 34.021541 ], [ -112.763225, 34.021541 ], [ -112.763181, 34.014279 ], [ -112.75879, 34.014245 ], [ -112.758744, 34.010714 ], [ -112.754461, 34.01071 ], [ -112.75444, 34.002848 ], [ -112.758534, 34.002857 ], [ -112.758569, 34.003629 ], [ -112.76237, 34.003587 ], [ -112.762571, 34.007064 ], [ -112.771966, 34.007161 ], [ -112.771969, 34.010688 ], [ -112.785015, 34.010872 ], [ -112.785025, 34.013342 ], [ -112.787751, 34.013865 ], [ -112.786994, 34.014401 ], [ -112.793481, 34.014392 ], [ -112.794641, 34.015139 ], [ -112.793614, 34.015722 ], [ -112.794646, 34.016802 ], [ -112.792911, 34.017964 ], [ -112.789374, 34.01793 ], [ -112.794515, 34.02556 ], [ -112.791879, 34.029516 ], [ -112.793587, 34.031287 ], [ -112.79245, 34.033883 ], [ -112.789295, 34.032553 ], [ -112.789348, 34.057881 ], [ -112.817787, 34.057917 ], [ -112.817255, 34.056149 ], [ -112.811139, 34.029595 ], [ -112.810341, 34.027852 ], [ -112.809701, 34.026985 ], [ -112.806011, 34.023117 ], [ -112.804259, 34.021701 ], [ -112.806925, 34.023421 ], [ -112.811629, 34.027114 ], [ -112.817293, 34.03083 ], [ -112.817091, 34.029216 ], [ -112.811424, 34.007171 ], [ -112.798077, 34.007229 ], [ -112.798064, 34.005597 ], [ -112.794168, 34.007816 ], [ -112.792661, 34.007196 ], [ -112.789483, 34.011797 ], [ -112.789529, 34.011821 ], [ -112.774212, 34.004757 ], [ -112.774384, 34.004494 ], [ -112.775821, 34.002384 ], [ -112.774377, 34.00117 ], [ -112.775242, 33.9999 ], [ -112.771956, 33.999913 ], [ -112.771943, 33.996194 ], [ -112.76687, 33.99619 ], [ -112.766859, 33.994993 ], [ -112.76819, 33.994965 ], [ -112.766564, 33.992626 ], [ -112.76571, 33.99263 ], [ -112.764779, 33.989769 ], [ -112.765434, 33.986951 ], [ -112.767567, 33.986967 ], [ -112.767551, 33.988926 ], [ -112.771936, 33.988948 ], [ -112.771856, 33.986588 ], [ -112.771129, 33.985315 ], [ -112.806803, 33.98533 ], [ -112.80668, 33.970833 ], [ -112.819899, 33.970891 ], [ -112.819769, 33.986579 ], [ -112.82881, 33.98654 ], [ -112.828627, 33.979131 ], [ -112.82884, 33.964817 ] ], [ [ -112.782567, 33.956283 ], [ -112.78039, 33.956284 ], [ -112.780394, 33.952657 ], [ -112.782571, 33.952659 ], [ -112.782567, 33.956283 ] ] ] } },
{ "type": "Feature", "properties": { "GEOID": "0428030", "NAME": "Globe city, Arizona", "population": 7191.0 }, "geometry": { "type": "Polygon", "coordinates": [ [ [ -110.837996, 33.411341 ], [ -110.836358, 33.411896 ], [ -110.835886, 33.410915 ], [ -110.8329, 33.413152 ], [ -110.831752, 33.411202 ], [ -110.830011, 33.412264 ], [ -110.827994, 33.410257 ], [ -110.827331, 33.407998 ], [ -110.828842, 33.407939 ], [ -110.828009, 33.406864 ], [ -110.826615, 33.407185 ], [ -110.828603, 33.404547 ], [ -110.825638, 33.404538 ], [ -110.823832, 33.405083 ], [ -110.821238, 33.405088 ], [ -110.821241, 33.406225 ], [ -110.821267, 33.407681 ], [ -110.822807, 33.407632 ], [ -110.822801, 33.408372 ], [ -110.824285, 33.407629 ], [ -110.824285, 33.407598 ], [ -110.825624, 33.407561 ], [ -110.825613, 33.411337 ], [ -110.82564, 33.412295 ], [ -110.826637, 33.414116 ], [ -110.82498, 33.414807 ], [ -110.825206, 33.416916 ], [ -110.822514, 33.418234 ], [ -110.819771, 33.417597 ], [ -110.816892, 33.417962 ], [ -110.816896, 33.414953 ], [ -110.812962, 33.414938 ], [ -110.812718, 33.415184 ], [ -110.80986, 33.414933 ], [ -110.810379, 33.417249 ], [ -110.808676, 33.417973 ], [ -110.808257, 33.407019 ], [ -110.808243, 33.401699 ], [ -110.808261, 33.396993 ], [ -110.804142, 33.396953 ], [ -110.803901, 33.404157 ], [ -110.79888, 33.40413 ], [ -110.800277, 33.403012 ], [ -110.798975, 33.400543 ], [ -110.799601, 33.398898 ], [ -110.798356, 33.398891 ], [ -110.797182, 33.396872 ], [ -110.799622, 33.396875 ], [ -110.799636, 33.392169 ], [ -110.79893, 33.3914 ], [ -110.79535, 33.391406 ], [ -110.795324, 33.386088 ], [ -110.793009, 33.386084 ], [ -110.793657, 33.388619 ], [ -110.793267, 33.38973 ], [ -110.788668, 33.391456 ], [ -110.78583, 33.385389 ], [ -110.782147, 33.386603 ], [ -110.7796, 33.388594 ], [ -110.77739, 33.386128 ], [ -110.781336, 33.38611 ], [ -110.783261, 33.38535 ], [ -110.791072, 33.378875 ], [ -110.779716, 33.378846 ], [ -110.779755, 33.378677 ], [ -110.780668, 33.374807 ], [ -110.78014, 33.376281 ], [ -110.777344, 33.376342 ], [ -110.775488, 33.377438 ], [ -110.773912, 33.376764 ], [ -110.772286, 33.378669 ], [ -110.769698, 33.378847 ], [ -110.771076, 33.382402 ], [ -110.772694, 33.383273 ], [ -110.774747, 33.381302 ], [ -110.775754, 33.382543 ], [ -110.774703, 33.383926 ], [ -110.775473, 33.386257 ], [ -110.777287, 33.388284 ], [ -110.778426, 33.38955 ], [ -110.773691, 33.393546 ], [ -110.773693, 33.389737 ], [ -110.772233, 33.388688 ], [ -110.773363, 33.38762 ], [ -110.771702, 33.386155 ], [ -110.769262, 33.388888 ], [ -110.767514, 33.388894 ], [ -110.768757, 33.387639 ], [ -110.765662, 33.387994 ], [ -110.765256, 33.386942 ], [ -110.765678, 33.386181 ], [ -110.769405, 33.386132 ], [ -110.770618, 33.385252 ], [ -110.768727, 33.38259 ], [ -110.76509, 33.380198 ], [ -110.764737, 33.386117 ], [ -110.761926, 33.385764 ], [ -110.761417, 33.384752 ], [ -110.759589, 33.384513 ], [ -110.757379, 33.38223 ], [ -110.756469, 33.382879 ], [ -110.759026, 33.384859 ], [ -110.758371, 33.38535 ], [ -110.754392, 33.382308 ], [ -110.750895, 33.380505 ], [ -110.745132, 33.376635 ], [ -110.74662, 33.37618 ], [ -110.749594, 33.376445 ], [ -110.757569, 33.376226 ], [ -110.757574, 33.375496 ], [ -110.757605, 33.350722 ], [ -110.757615, 33.338823 ], [ -110.723358, 33.338786 ], [ -110.722874, 33.338786 ], [ -110.717994, 33.366896 ], [ -110.716672, 33.374432 ], [ -110.708793, 33.419558 ], [ -110.708299, 33.422383 ], [ -110.717344, 33.422274 ], [ -110.718668, 33.421945 ], [ -110.719857, 33.422106 ], [ -110.720474, 33.422272 ], [ -110.721913, 33.421784 ], [ -110.721979, 33.429626 ], [ -110.725943, 33.429605 ], [ -110.726021, 33.429446 ], [ -110.727638, 33.426674 ], [ -110.733659, 33.419352 ], [ -110.741493, 33.409787 ], [ -110.742633, 33.407826 ], [ -110.756543, 33.407825 ], [ -110.756526, 33.404204 ], [ -110.768227, 33.404208 ], [ -110.771154, 33.404183 ], [ -110.777603, 33.404175 ], [ -110.78044, 33.409986 ], [ -110.78428, 33.408963 ], [ -110.790995, 33.406479 ], [ -110.79099, 33.407758 ], [ -110.792567, 33.407748 ], [ -110.793269, 33.407749 ], [ -110.793607, 33.408361 ], [ -110.795217, 33.410258 ], [ -110.795642, 33.413512 ], [ -110.798534, 33.417403 ], [ -110.80071, 33.419257 ], [ -110.802216, 33.422207 ], [ -110.807793, 33.429352 ], [ -110.808402, 33.429354 ], [ -110.812601, 33.429353 ], [ -110.812579, 33.425783 ], [ -110.821262, 33.425744 ], [ -110.821231, 33.422436 ], [ -110.821241, 33.421496 ], [ -110.825667, 33.421621 ], [ -110.826369, 33.418101 ], [ -110.828585, 33.416926 ], [ -110.830454, 33.41841 ], [ -110.830542, 33.416288 ], [ -110.83091, 33.415452 ], [ -110.836822, 33.414043 ], [ -110.838639, 33.413193 ], [ -110.837996, 33.411341 ] ] ] } },
{ "type": "Feature", "properties": { "GEOID": "0451810", "NAME": "Page city, Arizona", "population": 7147.0 }, "geometry": { "type": "Polygon", "coordinates": [ [ [ -111.621981, 36.984556 ], [ -111.547496, 36.947932 ], [ -111.547511, 36.961401 ], [ -111.52943, 36.961378 ], [ -111.529429, 36.946881 ], [ -111.545369, 36.946919 ], [ -111.509325, 36.929098 ], [ -111.498963, 36.932194 ], [ -111.493967, 36.939586 ], [ -111.484459, 36.939599 ], [ -111.475203, 36.939613 ], [ -111.475222, 36.933886 ], [ -111.475229, 36.921496 ], [ -111.479747, 36.921491 ], [ -111.479749, 36.919678 ], [ -111.484268, 36.919672 ], [ -111.484271, 36.916052 ], [ -111.488778, 36.916042 ], [ -111.489107, 36.914237 ], [ -111.491043, 36.914236 ], [ -111.491049, 36.906992 ], [ -111.493305, 36.906992 ], [ -111.493307, 36.903372 ], [ -111.496765, 36.903372 ], [ -111.496776, 36.896134 ], [ -111.510322, 36.896084 ], [ -111.510326, 36.888885 ], [ -111.505816, 36.888885 ], [ -111.505831, 36.874385 ], [ -111.481924, 36.874384 ], [ -111.450026, 36.874414 ], [ -111.448231, 36.874362 ], [ -111.425064, 36.874383 ], [ -111.425092, 36.899309 ], [ -111.42509, 36.900259 ], [ -111.425085, 36.903366 ], [ -111.421028, 36.903369 ], [ -111.420969, 36.926927 ], [ -111.423232, 36.926928 ], [ -111.423229, 36.92874 ], [ -111.425492, 36.928738 ], [ -111.425534, 36.932361 ], [ -111.439071, 36.932362 ], [ -111.439066, 36.939609 ], [ -111.470707, 36.939593 ], [ -111.470675, 36.946957 ], [ -111.489633, 36.946843 ], [ -111.491883, 36.946838 ], [ -111.493363, 36.950883 ], [ -111.491629, 36.955144 ], [ -111.492686, 36.957286 ], [ -111.493233, 36.960258 ], [ -111.491382, 36.963057 ], [ -111.488926, 36.965565 ], [ -111.487381, 36.969945 ], [ -111.487323, 36.972542 ], [ -111.488255, 36.974071 ], [ -111.49047, 36.974422 ], [ -111.491094, 36.975772 ], [ -111.490433, 36.978055 ], [ -111.492251, 36.978471 ], [ -111.490163, 36.980553 ], [ -111.49049, 36.981698 ], [ -111.493423, 36.981883 ], [ -111.491603, 36.983153 ], [ -111.506812, 36.98316 ], [ -111.5068481, 37.0014326 ], [ -111.5475378, 37.0014131 ], [ -111.547525, 36.990412 ], [ -111.565605, 36.990415 ], [ -111.5656179, 37.0014045 ], [ -111.6219681, 37.0013775 ], [ -111.621981, 36.984556 ] ] ] } },
{ "type": "Feature", "properties": { "GEOID": "0485400", "NAME": "Youngtown town, Arizona", "population": 7039.0 }, "geometry": { "type": "Polygon", "coordinates": [ [ [ -112.311497, 33.565435 ], [ -112.307179, 33.565372 ], [ -112.30692, 33.565377 ], [ -112.300217, 33.565504 ], [ -112.302787, 33.571227 ], [ -112.303073, 33.57549 ], [ -112.302079, 33.576323 ], [ -112.302855, 33.579353 ], [ -112.299385, 33.580016 ], [ -112.298692, 33.580006 ], [ -112.298735, 33.593828 ], [ -112.298732, 33.594609 ], [ -112.298693, 33.605191 ], [ -112.304645, 33.606814 ], [ -112.304667, 33.606698 ], [ -112.305645, 33.601615 ], [ -112.307012, 33.594538 ], [ -112.307444, 33.59379 ], [ -112.311285, 33.587143 ], [ -112.308298, 33.587178 ], [ -112.308293, 33.585319 ], [ -112.308834, 33.585326 ], [ -112.308805, 33.583545 ], [ -112.311108, 33.583551 ], [ -112.311514, 33.579739 ], [ -112.311497, 33.565435 ] ] ] } },
{ "type": "Feature", "properties": { "GEOID": "0467800", "NAME": "Snowflake town, Arizona", "population": 6902.0 }, "geometry": { "type": "Polygon", "coordinates": [ [ [ -110.166966, 34.49821 ], [ -110.153376, 34.498167 ], [ -110.149369, 34.498591 ], [ -110.14405, 34.498511 ], [ -110.131641, 34.499012 ], [ -110.131769, 34.483979 ], [ -110.120738, 34.484121 ], [ -110.096216, 34.48431 ], [ -110.096236, 34.480994 ], [ -110.084204, 34.480812 ], [ -110.069912, 34.480761 ], [ -110.069877, 34.484453 ], [ -110.06988, 34.491483 ], [ -110.069673, 34.493213 ], [ -110.069636, 34.502351 ], [ -110.047543, 34.502469 ], [ -110.047065, 34.497098 ], [ -110.04521, 34.484673 ], [ -110.026171, 34.484671 ], [ -110.028158, 34.499882 ], [ -110.008691, 34.499703 ], [ -110.00928, 34.500734 ], [ -110.012687, 34.514038 ], [ -110.030901, 34.514587 ], [ -110.034719, 34.528561 ], [ -110.024086, 34.52812 ], [ -110.026521, 34.537147 ], [ -110.033197, 34.537195 ], [ -110.037049, 34.5372 ], [ -110.041717, 34.556315 ], [ -110.032483, 34.556122 ], [ -110.030965, 34.563862 ], [ -110.040606, 34.564008 ], [ -110.042511, 34.557375 ], [ -110.062144, 34.557497 ], [ -110.062687, 34.550285 ], [ -110.062066, 34.528844 ], [ -110.079027, 34.528526 ], [ -110.078879, 34.535166 ], [ -110.079356, 34.540844 ], [ -110.081898, 34.561565 ], [ -110.081564, 34.561569 ], [ -110.076924, 34.56154 ], [ -110.076863, 34.571798 ], [ -110.082739, 34.571515 ], [ -110.131847, 34.571177 ], [ -110.131814, 34.527429 ], [ -110.166992, 34.527429 ], [ -110.166966, 34.49821 ] ] ] } },
{ "type": "Feature", "properties": { "GEOID": "0441330", "NAME": "Litchfield Park city, Arizona", "population": 6727.0 }, "geometry": { "type": "MultiPolygon", "coordinates": [ [ [ [ -112.328147, 33.503993 ], [ -112.323988, 33.503925 ], [ -112.324041, 33.507304 ], [ -112.328179, 33.50709 ], [ -112.328147, 33.503993 ] ] ], [ [ [ -112.370923, 33.515454 ], [ -112.370762, 33.508368 ], [ -112.358069, 33.508489 ], [ -112.353848, 33.508376 ], [ -112.353868, 33.515317 ], [ -112.358088, 33.515372 ], [ -112.358315, 33.518963 ], [ -112.371, 33.519055 ], [ -112.370923, 33.515454 ] ] ], [ [ [ -112.379485, 33.498924 ], [ -112.375329, 33.49896 ], [ -112.375282, 33.493808 ], [ -112.375089, 33.493484 ], [ -112.362986, 33.493489 ], [ -112.36251, 33.493677 ], [ -112.362212, 33.493411 ], [ -112.362386, 33.486378 ], [ -112.358875, 33.486032 ], [ -112.358312, 33.486113 ], [ -112.350976, 33.489024 ], [ -112.346059, 33.4923 ], [ -112.342956, 33.493428 ], [ -112.340869, 33.493416 ], [ -112.336288, 33.493399 ], [ -112.337068, 33.496225 ], [ -112.340871, 33.495249 ], [ -112.34088, 33.50519 ], [ -112.338251, 33.505234 ], [ -112.337123, 33.505463 ], [ -112.336994, 33.505894 ], [ -112.337387, 33.507332 ], [ -112.337862, 33.507517 ], [ -112.340883, 33.507709 ], [ -112.340883, 33.507807 ], [ -112.358071, 33.508273 ], [ -112.370764, 33.508205 ], [ -112.379378, 33.508189 ], [ -112.379485, 33.498924 ] ] ] ] } },
{ "type": "Feature", "properties": { "GEOID": "0473420", "NAME": "Thatcher town, Arizona", "population": 5690.0 }, "geometry": { "type": "MultiPolygon", "coordinates": [ [ [ [ -109.766995, 32.867263 ], [ -109.76268, 32.867323 ], [ -109.762682, 32.870765 ], [ -109.764564, 32.870874 ], [ -109.766977, 32.869765 ], [ -109.766995, 32.867263 ] ] ], [ [ [ -109.779971, 32.816879 ], [ -109.771405, 32.816901 ], [ -109.771433, 32.81325 ], [ -109.775702, 32.813247 ], [ -109.775698, 32.809599 ], [ -109.77996, 32.809582 ], [ -109.779955, 32.805929 ], [ -109.775695, 32.805952 ], [ -109.775669, 32.791473 ], [ -109.773483, 32.791483 ], [ -109.762856, 32.791493 ], [ -109.762914, 32.798859 ], [ -109.76284, 32.807606 ], [ -109.762849, 32.809684 ], [ -109.763257, 32.813971 ], [ -109.76282, 32.836184 ], [ -109.760494, 32.834475 ], [ -109.7605, 32.836017 ], [ -109.758207, 32.834608 ], [ -109.756931, 32.834509 ], [ -109.756951, 32.835925 ], [ -109.752215, 32.835935 ], [ -109.752271, 32.835065 ], [ -109.750042, 32.834422 ], [ -109.75006, 32.826852 ], [ -109.748488, 32.826347 ], [ -109.747734, 32.824096 ], [ -109.750095, 32.824095 ], [ -109.750097, 32.82049 ], [ -109.745694, 32.820483 ], [ -109.745726, 32.816856 ], [ -109.74145, 32.816849 ], [ -109.741431, 32.827674 ], [ -109.739798, 32.827668 ], [ -109.733009, 32.827648 ], [ -109.733013, 32.828828 ], [ -109.733026, 32.831361 ], [ -109.732941, 32.836126 ], [ -109.734396, 32.837079 ], [ -109.734402, 32.842135 ], [ -109.733028, 32.842238 ], [ -109.73302, 32.84574 ], [ -109.732876, 32.845739 ], [ -109.732897, 32.849217 ], [ -109.741414, 32.849242 ], [ -109.741406, 32.852979 ], [ -109.747807, 32.852979 ], [ -109.747801, 32.854794 ], [ -109.749966, 32.854812 ], [ -109.749948, 32.860194 ], [ -109.758488, 32.860174 ], [ -109.758493, 32.863786 ], [ -109.762336, 32.863804 ], [ -109.762778, 32.860198 ], [ -109.763842, 32.860235 ], [ -109.763903, 32.855029 ], [ -109.769182, 32.854965 ], [ -109.769227, 32.847036 ], [ -109.772838, 32.849098 ], [ -109.775683, 32.849117 ], [ -109.77577, 32.845819 ], [ -109.77779, 32.845795 ], [ -109.777769, 32.844439 ], [ -109.779962, 32.84444 ], [ -109.779959, 32.831398 ], [ -109.775694, 32.831382 ], [ -109.775703, 32.820517 ], [ -109.779968, 32.820515 ], [ -109.779971, 32.816879 ] ] ] ] } },
{ "type": "Feature", "properties": { "GEOID": "0405770", "NAME": "Benson city, Arizona", "population": 5532.0 }, "geometry": { "type": "Polygon", "coordinates": [ [ [ -110.39644, 31.908912 ], [ -110.391895, 31.908901 ], [ -110.391904, 31.905341 ], [ -110.366559, 31.905297 ], [ -110.366569, 31.890908 ], [ -110.365894, 31.890907 ], [ -110.349441, 31.890719 ], [ -110.349539, 31.883807 ], [ -110.358105, 31.883766 ], [ -110.358172, 31.847249 ], [ -110.349633, 31.847283 ], [ -110.349555, 31.854297 ], [ -110.341318, 31.854281 ], [ -110.341645, 31.84684 ], [ -110.342273, 31.842663 ], [ -110.344262, 31.832862 ], [ -110.351293, 31.832709 ], [ -110.351448, 31.818445 ], [ -110.347203, 31.8184 ], [ -110.328272, 31.818336 ], [ -110.328448, 31.832737 ], [ -110.324379, 31.832703 ], [ -110.324278, 31.836888 ], [ -110.324435, 31.847172 ], [ -110.298999, 31.847111 ], [ -110.298944, 31.861286 ], [ -110.281305, 31.861389 ], [ -110.281435, 31.90533 ], [ -110.298431, 31.905353 ], [ -110.297698, 31.91996 ], [ -110.315685, 31.920024 ], [ -110.315474, 31.934477 ], [ -110.332971, 31.934277 ], [ -110.332469, 31.948812 ], [ -110.33179, 31.948771 ], [ -110.33248, 31.949776 ], [ -110.33251, 31.956309 ], [ -110.311219, 31.956231 ], [ -110.31127, 31.952456 ], [ -110.31071, 31.952538 ], [ -110.30727, 31.952544 ], [ -110.298676, 31.952526 ], [ -110.294579, 31.952475 ], [ -110.294616, 31.949017 ], [ -110.29266, 31.949096 ], [ -110.292671, 31.944597 ], [ -110.294228, 31.944321 ], [ -110.294217, 31.93983 ], [ -110.292684, 31.939842 ], [ -110.292698, 31.934463 ], [ -110.294257, 31.934466 ], [ -110.294276, 31.930371 ], [ -110.292708, 31.930376 ], [ -110.292704, 31.92672 ], [ -110.281644, 31.926842 ], [ -110.281443, 31.934176 ], [ -110.281713, 31.945232 ], [ -110.279777, 31.945213 ], [ -110.2812, 31.946843 ], [ -110.281584, 31.947549 ], [ -110.281563, 31.948959 ], [ -110.273117, 31.949129 ], [ -110.273113, 31.949387 ], [ -110.27312, 31.952645 ], [ -110.278824, 31.952599 ], [ -110.278051, 31.962173 ], [ -110.279804, 31.962174 ], [ -110.279767, 31.963787 ], [ -110.277251, 31.963765 ], [ -110.277206, 31.964552 ], [ -110.268893, 31.964476 ], [ -110.268358, 31.96532 ], [ -110.268918, 31.96538 ], [ -110.268883, 31.966814 ], [ -110.268444, 31.968426 ], [ -110.268432, 31.970437 ], [ -110.272922, 31.970626 ], [ -110.280679, 31.970637 ], [ -110.28066, 31.974468 ], [ -110.282056, 31.974475 ], [ -110.282046, 31.976188 ], [ -110.283772, 31.976175 ], [ -110.283582, 31.978825 ], [ -110.287056, 31.97894 ], [ -110.287972, 31.981909 ], [ -110.289797, 31.982948 ], [ -110.2898, 31.984171 ], [ -110.289735, 31.988318 ], [ -110.290747, 31.988324 ], [ -110.294259, 31.988339 ], [ -110.294322, 31.990059 ], [ -110.294356, 31.992179 ], [ -110.29723, 31.992269 ], [ -110.29853, 31.992235 ], [ -110.298399, 31.985266 ], [ -110.307128, 31.985241 ], [ -110.307123, 31.992511 ], [ -110.315593, 31.992513 ], [ -110.31506, 32.008228 ], [ -110.374627, 32.008507 ], [ -110.374602, 32.004613 ], [ -110.374599, 31.999172 ], [ -110.374567, 31.996471 ], [ -110.36786, 31.995347 ], [ -110.35786, 31.993952 ], [ -110.348868, 31.992442 ], [ -110.339338, 31.990388 ], [ -110.329931, 31.988793 ], [ -110.327213, 31.987651 ], [ -110.324269, 31.98534 ], [ -110.323916, 31.972846 ], [ -110.328559, 31.970696 ], [ -110.333684, 31.967746 ], [ -110.346474, 31.96444 ], [ -110.349686, 31.963657 ], [ -110.353895, 31.961239 ], [ -110.355916, 31.961076 ], [ -110.361759, 31.962555 ], [ -110.361841, 31.956324 ], [ -110.365842, 31.956324 ], [ -110.366064, 31.947852 ], [ -110.349566, 31.948038 ], [ -110.349462, 31.935093 ], [ -110.348645, 31.935081 ], [ -110.341313, 31.935074 ], [ -110.341317, 31.920113 ], [ -110.348522, 31.920027 ], [ -110.363278, 31.919704 ], [ -110.391916, 31.919518 ], [ -110.392309, 31.916014 ], [ -110.396311, 31.915978 ], [ -110.39644, 31.908912 ] ], [ [ -110.35698, 31.956027 ], [ -110.349582, 31.955988 ], [ -110.349584, 31.955113 ], [ -110.349586, 31.953487 ], [ -110.357094, 31.95342 ], [ -110.35698, 31.956027 ] ] ] } },
{ "type": "Feature", "properties": { "GEOID": "0411300", "NAME": "Cave Creek town, Arizona", "population": 5160.0 }, "geometry": { "type": "Polygon", "coordinates": [ [ [ -112.030604, 33.885219 ], [ -112.030592, 33.875865 ], [ -112.030465, 33.828132 ], [ -112.029414, 33.828145 ], [ -112.029382, 33.827222 ], [ -112.028295, 33.827223 ], [ -112.02854, 33.828171 ], [ -112.022843, 33.828132 ], [ -112.02284, 33.82632 ], [ -112.021754, 33.826321 ], [ -112.021753, 33.825215 ], [ -112.021584, 33.799365 ], [ -111.995677, 33.799309 ], [ -111.971174, 33.799375 ], [ -111.971182, 33.799145 ], [ -111.971615, 33.799053 ], [ -111.971729, 33.795702 ], [ -111.974347, 33.795522 ], [ -111.974655, 33.792193 ], [ -111.972292, 33.792185 ], [ -111.96947, 33.791967 ], [ -111.969205, 33.795633 ], [ -111.967318, 33.795599 ], [ -111.966869, 33.793995 ], [ -111.96872, 33.79104 ], [ -111.968394, 33.78832 ], [ -111.963013, 33.788317 ], [ -111.963016, 33.790871 ], [ -111.966194, 33.791039 ], [ -111.966167, 33.791987 ], [ -111.960719, 33.79197 ], [ -111.960731, 33.795599 ], [ -111.960816, 33.799176 ], [ -111.963657, 33.799166 ], [ -111.964854, 33.799164 ], [ -111.964814, 33.801759 ], [ -111.962132, 33.801864 ], [ -111.960225, 33.804692 ], [ -111.960475, 33.810885 ], [ -111.956459, 33.810769 ], [ -111.954605, 33.813937 ], [ -111.950615, 33.813637 ], [ -111.943774, 33.813871 ], [ -111.943654, 33.819929 ], [ -111.939081, 33.820184 ], [ -111.939115, 33.824088 ], [ -111.935732, 33.824348 ], [ -111.935658, 33.825718 ], [ -111.934165, 33.826234 ], [ -111.930546, 33.826168 ], [ -111.93052, 33.828389 ], [ -111.926511, 33.828325 ], [ -111.926108, 33.828297 ], [ -111.925808, 33.838864 ], [ -111.925993, 33.842924 ], [ -111.908567, 33.842775 ], [ -111.908766, 33.847381 ], [ -111.908457, 33.849496 ], [ -111.908382, 33.853363 ], [ -111.908334, 33.857231 ], [ -111.908605, 33.857241 ], [ -111.908607, 33.864456 ], [ -111.936196, 33.864404 ], [ -111.941005, 33.864411 ], [ -111.942186, 33.864484 ], [ -111.94219, 33.86621 ], [ -111.943277, 33.866207 ], [ -111.943262, 33.887582 ], [ -111.940896, 33.889119 ], [ -111.942136, 33.890397 ], [ -111.943231, 33.889713 ], [ -111.943131, 33.900378 ], [ -111.971222, 33.900288 ], [ -111.971837, 33.900543 ], [ -111.993851, 33.900543 ], [ -111.995696, 33.900934 ], [ -112.03078, 33.90112 ], [ -112.030604, 33.885219 ] ] ] } },
{ "type": "Feature", "properties": { "GEOID": "0430270", "NAME": "Guadalupe town, Arizona", "population": 5093.0 }, "geometry": { "type": "Polygon", "coordinates": [ [ [ -111.970066, 33.360009 ], [ -111.963149, 33.360048 ], [ -111.963152, 33.35995 ], [ -111.962973, 33.357015 ], [ -111.962974, 33.35643 ], [ -111.957004, 33.356457 ], [ -111.9565, 33.35797 ], [ -111.956707, 33.363683 ], [ -111.957393, 33.367831 ], [ -111.960609, 33.37301 ], [ -111.963166, 33.37543 ], [ -111.963403, 33.378093 ], [ -111.967142, 33.378077 ], [ -111.967145, 33.37701 ], [ -111.967149, 33.376975 ], [ -111.967377, 33.377017 ], [ -111.967377, 33.377031 ], [ -111.968124, 33.377163 ], [ -111.96878, 33.377282 ], [ -111.968775, 33.377211 ], [ -111.968509, 33.374621 ], [ -111.968568, 33.369964 ], [ -111.969259, 33.3639 ], [ -111.969294, 33.363645 ], [ -111.970066, 33.360009 ] ] ] } },
{ "type": "Feature", "properties": { "GEOID": "0433280", "NAME": "Holbrook city, Arizona", "population": 4866.0 }, "geometry": { "type": "Polygon", "coordinates": [ [ [ -110.218567, 34.902792 ], [ -110.218574, 34.897049 ], [ -110.218545, 34.894695 ], [ -110.218583, 34.890947 ], [ -110.210413, 34.890811 ], [ -110.197741, 34.890669 ], [ -110.197716, 34.886808 ], [ -110.19624, 34.885639 ], [ -110.197265, 34.884836 ], [ -110.197236, 34.878824 ], [ -110.186024, 34.878771 ], [ -110.185948, 34.886647 ], [ -110.181456, 34.886606 ], [ -110.181013, 34.883626 ], [ -110.180448, 34.866483 ], [ -110.16237, 34.866469 ], [ -110.144159, 34.866546 ], [ -110.144059, 34.887738 ], [ -110.144103, 34.893005 ], [ -110.128161, 34.893019 ], [ -110.127602, 34.941371 ], [ -110.127602, 34.946673 ], [ -110.145335, 34.946813 ], [ -110.145959, 34.946814 ], [ -110.1458, 34.93674 ], [ -110.147566, 34.936698 ], [ -110.147736, 34.931768 ], [ -110.150192, 34.931747 ], [ -110.150687, 34.923663 ], [ -110.16319, 34.92359 ], [ -110.181202, 34.923922 ], [ -110.181296, 34.927756 ], [ -110.181109, 34.935428 ], [ -110.183252, 34.935593 ], [ -110.198716, 34.935127 ], [ -110.20137, 34.935016 ], [ -110.201205, 34.909963 ], [ -110.21867, 34.908438 ], [ -110.218567, 34.902792 ] ] ] } },
{ "type": "Feature", "properties": { "GEOID": "0406260", "NAME": "Bisbee city, Arizona", "population": 4860.0 }, "geometry": { "type": "Polygon", "coordinates": [ [ [ -109.952983, 31.381284 ], [ -109.952981, 31.379919 ], [ -109.936436, 31.379958 ], [ -109.936372, 31.386992 ], [ -109.927451, 31.387026 ], [ -109.92743, 31.388461 ], [ -109.925085, 31.388436 ], [ -109.925186, 31.382905 ], [ -109.923252, 31.382878 ], [ -109.92474, 31.379885 ], [ -109.925046, 31.37927 ], [ -109.927833, 31.379312 ], [ -109.927999, 31.3777 ], [ -109.925212, 31.377623 ], [ -109.924092, 31.379894 ], [ -109.919194, 31.379891 ], [ -109.919188, 31.385643 ], [ -109.917905, 31.386636 ], [ -109.917744, 31.394292 ], [ -109.909297, 31.394184 ], [ -109.90927, 31.398335 ], [ -109.910599, 31.399266 ], [ -109.910641, 31.402104 ], [ -109.912616, 31.4025 ], [ -109.913166, 31.401758 ], [ -109.914689, 31.402379 ], [ -109.911819, 31.403608 ], [ -109.911311, 31.404381 ], [ -109.905419, 31.405488 ], [ -109.903757, 31.40671 ], [ -109.901235, 31.408658 ], [ -109.900083, 31.413186 ], [ -109.897577, 31.412667 ], [ -109.897055, 31.41514 ], [ -109.898076, 31.415428 ], [ -109.895846, 31.419265 ], [ -109.895663, 31.421308 ], [ -109.890852, 31.422392 ], [ -109.891767, 31.425566 ], [ -109.892863, 31.426868 ], [ -109.891729, 31.427238 ], [ -109.88977, 31.425038 ], [ -109.888738, 31.423716 ], [ -109.888986, 31.42293 ], [ -109.889983, 31.419796 ], [ -109.88745, 31.419309 ], [ -109.88693, 31.417586 ], [ -109.889119, 31.417583 ], [ -109.889559, 31.412574 ], [ -109.887825, 31.412664 ], [ -109.888734, 31.411796 ], [ -109.887836, 31.410338 ], [ -109.885155, 31.411435 ], [ -109.883801, 31.411315 ], [ -109.8828, 31.409453 ], [ -109.880182, 31.408657 ], [ -109.879335, 31.408533 ], [ -109.879526, 31.407615 ], [ -109.877731, 31.407996 ], [ -109.878129, 31.408821 ], [ -109.87528, 31.409595 ], [ -109.874344, 31.409239 ], [ -109.869518, 31.410198 ], [ -109.870782, 31.414703 ], [ -109.87282, 31.415761 ], [ -109.872167, 31.416852 ], [ -109.873606, 31.417471 ], [ -109.875629, 31.417803 ], [ -109.877422, 31.418819 ], [ -109.879578, 31.418516 ], [ -109.879471, 31.417825 ], [ -109.881613, 31.417432 ], [ -109.883318, 31.419216 ], [ -109.882895, 31.419997 ], [ -109.884014, 31.421757 ], [ -109.883411, 31.422248 ], [ -109.884951, 31.424388 ], [ -109.889946, 31.425812 ], [ -109.890965, 31.427159 ], [ -109.890528, 31.427651 ], [ -109.886572, 31.427205 ], [ -109.873568, 31.42951 ], [ -109.86962, 31.429929 ], [ -109.870005, 31.431526 ], [ -109.868379, 31.431914 ], [ -109.867455, 31.432766 ], [ -109.868783, 31.43555 ], [ -109.87328, 31.434108 ], [ -109.873315, 31.431682 ], [ -109.879381, 31.429112 ], [ -109.88239, 31.430446 ], [ -109.882435, 31.431658 ], [ -109.883741, 31.431878 ], [ -109.884906, 31.428671 ], [ -109.885652, 31.428544 ], [ -109.888477, 31.429331 ], [ -109.888241, 31.432584 ], [ -109.891117, 31.431862 ], [ -109.892573, 31.430009 ], [ -109.89303, 31.430447 ], [ -109.89374, 31.431585 ], [ -109.894171, 31.432035 ], [ -109.895491, 31.434711 ], [ -109.896185, 31.435439 ], [ -109.899599, 31.43681 ], [ -109.901226, 31.43715 ], [ -109.905338, 31.437431 ], [ -109.906668, 31.438141 ], [ -109.908705, 31.441335 ], [ -109.910903, 31.441098 ], [ -109.912591, 31.442696 ], [ -109.913074, 31.44418 ], [ -109.911487, 31.446397 ], [ -109.913132, 31.44826 ], [ -109.91373, 31.449899 ], [ -109.917549, 31.45437 ], [ -109.919221, 31.450423 ], [ -109.930625, 31.455535 ], [ -109.929896, 31.457001 ], [ -109.931532, 31.456656 ], [ -109.9318, 31.456976 ], [ -109.934025, 31.456164 ], [ -109.933209, 31.457375 ], [ -109.931109, 31.456927 ], [ -109.929846, 31.459813 ], [ -109.931595, 31.46041 ], [ -109.931576, 31.459464 ], [ -109.938836, 31.462218 ], [ -109.940485, 31.459421 ], [ -109.938166, 31.458304 ], [ -109.938789, 31.45743 ], [ -109.935438, 31.455856 ], [ -109.93692, 31.452823 ], [ -109.938431, 31.451869 ], [ -109.938353, 31.450726 ], [ -109.938524, 31.449552 ], [ -109.932804, 31.448221 ], [ -109.928587, 31.446122 ], [ -109.929248, 31.444032 ], [ -109.926188, 31.44301 ], [ -109.92717, 31.441039 ], [ -109.924217, 31.44008 ], [ -109.923171, 31.442048 ], [ -109.920571, 31.439933 ], [ -109.919072, 31.440537 ], [ -109.913272, 31.441071 ], [ -109.911695, 31.440286 ], [ -109.909928, 31.438003 ], [ -109.908289, 31.436952 ], [ -109.905643, 31.436932 ], [ -109.901682, 31.435029 ], [ -109.896299, 31.434827 ], [ -109.894849, 31.432037 ], [ -109.895124, 31.43024 ], [ -109.893363, 31.428601 ], [ -109.893783, 31.427169 ], [ -109.893886, 31.424216 ], [ -109.894785, 31.423205 ], [ -109.895843, 31.42386 ], [ -109.89716, 31.424219 ], [ -109.899785, 31.417207 ], [ -109.901134, 31.412239 ], [ -109.901074, 31.410488 ], [ -109.902006, 31.408568 ], [ -109.905592, 31.405822 ], [ -109.91123, 31.404711 ], [ -109.912778, 31.404124 ], [ -109.91685, 31.405276 ], [ -109.921763, 31.403563 ], [ -109.921189, 31.401654 ], [ -109.932361, 31.401581 ], [ -109.936102, 31.401711 ], [ -109.936072, 31.394305 ], [ -109.952937, 31.394523 ], [ -109.952932, 31.389148 ], [ -109.953309, 31.384166 ], [ -109.952983, 31.381284 ] ] ] } },
{ "type": "Feature", "properties": { "GEOID": "0413890", "NAME": "Clarkdale town, Arizona", "population": 4806.0 }, "geometry": { "type": "Polygon", "coordinates": [ [ [ -112.079666, 34.730107 ], [ -112.079568, 34.721505 ], [ -112.075282, 34.72151 ], [ -112.075275, 34.717949 ], [ -112.070912, 34.717996 ], [ -112.070892, 34.707107 ], [ -112.066481, 34.707112 ], [ -112.066425, 34.70343 ], [ -112.044439, 34.703369 ], [ -112.044532, 34.710538 ], [ -112.04454, 34.71404 ], [ -112.047932, 34.714049 ], [ -112.048429, 34.717758 ], [ -112.04823, 34.724841 ], [ -112.053638, 34.724904 ], [ -112.053695, 34.739677 ], [ -112.051153, 34.73969 ], [ -112.044782, 34.739721 ], [ -112.043662, 34.740732 ], [ -112.044783, 34.742193 ], [ -112.045108, 34.747072 ], [ -112.046889, 34.748536 ], [ -112.049582, 34.750786 ], [ -112.050071, 34.751193 ], [ -112.050526, 34.751687 ], [ -112.049095, 34.751697 ], [ -112.049113, 34.754566 ], [ -112.03611, 34.754406 ], [ -112.035896, 34.754399 ], [ -112.035868, 34.754398 ], [ -112.035868, 34.754572 ], [ -112.035854, 34.758086 ], [ -112.031519, 34.757934 ], [ -112.031395, 34.76166 ], [ -112.031328, 34.761657 ], [ -112.028949, 34.761567 ], [ -112.027214, 34.76513 ], [ -112.027086, 34.767348 ], [ -112.027891, 34.770038 ], [ -112.027199, 34.771772 ], [ -112.027197, 34.786779 ], [ -112.030661, 34.787733 ], [ -112.032652, 34.786828 ], [ -112.03333, 34.78737 ], [ -112.033685, 34.784542 ], [ -112.036356, 34.78592 ], [ -112.038148, 34.785162 ], [ -112.04313, 34.786801 ], [ -112.050152, 34.785259 ], [ -112.051962, 34.785127 ], [ -112.054063, 34.787238 ], [ -112.057124, 34.787383 ], [ -112.057944, 34.786958 ], [ -112.072171, 34.775131 ], [ -112.075291, 34.772654 ], [ -112.075725, 34.772427 ], [ -112.075547, 34.772087 ], [ -112.075517, 34.769027 ], [ -112.073865, 34.769031 ], [ -112.073648, 34.768638 ], [ -112.07555, 34.768643 ], [ -112.075513, 34.767536 ], [ -112.075552, 34.765178 ], [ -112.075522, 34.761427 ], [ -112.074974, 34.76144 ], [ -112.075557, 34.760049 ], [ -112.07558, 34.75422 ], [ -112.071201, 34.754197 ], [ -112.071234, 34.743231 ], [ -112.075568, 34.74323 ], [ -112.075534, 34.740489 ], [ -112.07204, 34.738908 ], [ -112.071263, 34.738997 ], [ -112.071366, 34.732429 ], [ -112.079655, 34.732526 ], [ -112.079655, 34.7324 ], [ -112.079666, 34.730107 ] ] ] } },
{ "type": "Feature", "properties": { "GEOID": "0419145", "NAME": "Dewey-Humboldt town, Arizona", "population": 4604.0 }, "geometry": { "type": "Polygon", "coordinates": [ [ [ -112.309304, 34.507427 ], [ -112.291392, 34.506825 ], [ -112.291392, 34.506355 ], [ -112.285403, 34.506495 ], [ -112.282614, 34.506564 ], [ -112.281891, 34.513886 ], [ -112.274719, 34.513703 ], [ -112.26446, 34.513644 ], [ -112.264365, 34.499194 ], [ -112.25576, 34.499172 ], [ -112.255424, 34.494778 ], [ -112.255314, 34.484624 ], [ -112.246652, 34.484448 ], [ -112.237444, 34.484556 ], [ -112.225928, 34.484405 ], [ -112.203188, 34.484438 ], [ -112.203179, 34.485802 ], [ -112.203152, 34.492319 ], [ -112.203141, 34.492768 ], [ -112.203123, 34.499561 ], [ -112.203202, 34.5388 ], [ -112.200173, 34.539771 ], [ -112.20006, 34.542291 ], [ -112.213728, 34.54246 ], [ -112.238057, 34.542561 ], [ -112.237995, 34.535271 ], [ -112.233553, 34.53522 ], [ -112.233439, 34.529648 ], [ -112.233466, 34.528557 ], [ -112.237528, 34.529529 ], [ -112.242045, 34.529719 ], [ -112.241823, 34.528585 ], [ -112.244226, 34.527976 ], [ -112.243734, 34.529514 ], [ -112.245217, 34.531662 ], [ -112.246905, 34.531685 ], [ -112.246909, 34.532682 ], [ -112.244147, 34.533556 ], [ -112.246956, 34.540041 ], [ -112.248418, 34.539995 ], [ -112.247921, 34.538982 ], [ -112.251515, 34.539226 ], [ -112.251503, 34.542086 ], [ -112.253005, 34.542048 ], [ -112.253005, 34.541258 ], [ -112.253928, 34.541307 ], [ -112.254535, 34.542066 ], [ -112.255604, 34.54208 ], [ -112.256275, 34.542624 ], [ -112.273759, 34.54287 ], [ -112.291125, 34.543053 ], [ -112.291128, 34.542887 ], [ -112.309052, 34.543073 ], [ -112.309304, 34.507427 ] ] ] } },
{ "type": "Feature", "properties": { "GEOID": "0420960", "NAME": "Eagar town, Arizona", "population": 4459.0 }, "geometry": { "type": "Polygon", "coordinates": [ [ [ -109.376844, 34.109383 ], [ -109.370577, 34.109368 ], [ -109.370755, 34.10374 ], [ -109.362858, 34.103872 ], [ -109.358991, 34.104169 ], [ -109.349703, 34.103972 ], [ -109.343574, 34.10401 ], [ -109.335666, 34.104037 ], [ -109.33559, 34.09674 ], [ -109.331487, 34.096762 ], [ -109.331621, 34.093144 ], [ -109.335777, 34.093132 ], [ -109.336042, 34.089538 ], [ -109.331752, 34.089523 ], [ -109.331629, 34.085865 ], [ -109.322437, 34.085849 ], [ -109.322421, 34.082181 ], [ -109.29915, 34.081647 ], [ -109.290302, 34.081641 ], [ -109.283628, 34.081639 ], [ -109.283632, 34.089161 ], [ -109.275638, 34.089002 ], [ -109.27574, 34.097724 ], [ -109.278479, 34.097797 ], [ -109.274795, 34.099133 ], [ -109.274792, 34.105384 ], [ -109.274788, 34.107045 ], [ -109.27265, 34.107047 ], [ -109.272095, 34.107307 ], [ -109.266052, 34.107292 ], [ -109.266052, 34.107381 ], [ -109.265129, 34.107381 ], [ -109.263973, 34.107386 ], [ -109.263187, 34.107446 ], [ -109.255993, 34.107437 ], [ -109.255586, 34.107436 ], [ -109.255636, 34.105585 ], [ -109.254436, 34.105586 ], [ -109.254423, 34.107298 ], [ -109.251098, 34.107321 ], [ -109.248199, 34.107438 ], [ -109.248549, 34.107841 ], [ -109.248548, 34.111114 ], [ -109.231079, 34.110891 ], [ -109.23124, 34.125577 ], [ -109.248595, 34.125561 ], [ -109.24856, 34.116558 ], [ -109.255844, 34.116442 ], [ -109.258291, 34.11918 ], [ -109.260968, 34.122122 ], [ -109.26096, 34.120586 ], [ -109.263195, 34.120574 ], [ -109.263194, 34.121953 ], [ -109.266126, 34.121942 ], [ -109.266099, 34.118312 ], [ -109.279184, 34.1183 ], [ -109.279203, 34.121949 ], [ -109.280273, 34.121936 ], [ -109.280294, 34.125513 ], [ -109.281911, 34.125549 ], [ -109.287329, 34.125362 ], [ -109.290535, 34.125328 ], [ -109.288866, 34.128225 ], [ -109.289458, 34.129053 ], [ -109.292308, 34.129089 ], [ -109.292336, 34.127108 ], [ -109.295318, 34.127073 ], [ -109.295251, 34.125311 ], [ -109.300017, 34.125265 ], [ -109.301271, 34.124917 ], [ -109.304058, 34.121903 ], [ -109.319215, 34.121974 ], [ -109.320691, 34.120685 ], [ -109.322797, 34.121816 ], [ -109.327393, 34.12186 ], [ -109.327232, 34.111418 ], [ -109.344076, 34.11137 ], [ -109.370174, 34.111319 ], [ -109.370219, 34.116641 ], [ -109.376844, 34.116715 ], [ -109.376844, 34.109383 ] ], [ [ -109.251256, 34.111146 ], [ -109.254344, 34.114721 ], [ -109.248556, 34.114743 ], [ -109.248548, 34.111114 ], [ -109.251256, 34.111146 ] ] ] } },
{ "type": "Feature", "properties": { "GEOID": "0468850", "NAME": "South Tucson city, Arizona", "population": 4452.0 }, "geometry": { "type": "Polygon", "coordinates": [ [ [ -110.977595, 32.199501 ], [ -110.977543, 32.188511 ], [ -110.974719, 32.188525 ], [ -110.972491, 32.188802 ], [ -110.961598, 32.186058 ], [ -110.961628, 32.19234 ], [ -110.961157, 32.195554 ], [ -110.960933, 32.19715 ], [ -110.960918, 32.199594 ], [ -110.960891, 32.203207 ], [ -110.965389, 32.203219 ], [ -110.968457, 32.203203 ], [ -110.973069, 32.20318 ], [ -110.977608, 32.203157 ], [ -110.977595, 32.199501 ] ] ] } },
{ "type": "Feature", "properties": { "GEOID": "0472420", "NAME": "Taylor town, Arizona", "population": 4408.0 }, "geometry": { "type": "Polygon", "coordinates": [ [ [ -110.176095, 34.454048 ], [ -110.158864, 34.453954 ], [ -110.157119, 34.441466 ], [ -110.15497, 34.439924 ], [ -110.14506, 34.439499 ], [ -110.14092, 34.439826 ], [ -110.130668, 34.439482 ], [ -110.123446, 34.439662 ], [ -110.123051, 34.424862 ], [ -110.131104, 34.424549 ], [ -110.140716, 34.424675 ], [ -110.140723, 34.41147 ], [ -110.122778, 34.411384 ], [ -110.122753, 34.396726 ], [ -110.105098, 34.396589 ], [ -110.105476, 34.382129 ], [ -110.114367, 34.381855 ], [ -110.114588, 34.374847 ], [ -110.057401, 34.374026 ], [ -110.057257, 34.376886 ], [ -110.055715, 34.378057 ], [ -110.053589, 34.379924 ], [ -110.053477, 34.387961 ], [ -110.05338, 34.39376 ], [ -110.055516, 34.390896 ], [ -110.056206, 34.390599 ], [ -110.05966, 34.391103 ], [ -110.064448, 34.391017 ], [ -110.064942, 34.387994 ], [ -110.065135, 34.381861 ], [ -110.069768, 34.382033 ], [ -110.088201, 34.382082 ], [ -110.087915, 34.396456 ], [ -110.070072, 34.396319 ], [ -110.070147, 34.399762 ], [ -110.072485, 34.401545 ], [ -110.076592, 34.405872 ], [ -110.079819, 34.40997 ], [ -110.082262, 34.41381 ], [ -110.082278, 34.417461 ], [ -110.077643, 34.417461 ], [ -110.077644, 34.424559 ], [ -110.073779, 34.424561 ], [ -110.074691, 34.425907 ], [ -110.079798, 34.433452 ], [ -110.084872, 34.440385 ], [ -110.069894, 34.440541 ], [ -110.069889, 34.442124 ], [ -110.067112, 34.442117 ], [ -110.065392, 34.435359 ], [ -110.06402, 34.432476 ], [ -110.061426, 34.428535 ], [ -110.058562, 34.426588 ], [ -110.054809, 34.425235 ], [ -110.053561, 34.424156 ], [ -110.052794, 34.42205 ], [ -110.051466, 34.42032 ], [ -110.048088, 34.418129 ], [ -110.010536, 34.418425 ], [ -110.010538, 34.426469 ], [ -110.020885, 34.426344 ], [ -110.024118, 34.427036 ], [ -110.028246, 34.427017 ], [ -110.028855, 34.448078 ], [ -110.048416, 34.449185 ], [ -110.048074, 34.43741 ], [ -110.063972, 34.43745 ], [ -110.063933, 34.443567 ], [ -110.06989, 34.443495 ], [ -110.069771, 34.469863 ], [ -110.060563, 34.469915 ], [ -110.060826, 34.477405 ], [ -110.061071, 34.484421 ], [ -110.061645, 34.48451 ], [ -110.069877, 34.484453 ], [ -110.069912, 34.480761 ], [ -110.084204, 34.480812 ], [ -110.096236, 34.480994 ], [ -110.096216, 34.48431 ], [ -110.120738, 34.484121 ], [ -110.131769, 34.483979 ], [ -110.157742, 34.483811 ], [ -110.166885, 34.483622 ], [ -110.167138, 34.469405 ], [ -110.176005, 34.469324 ], [ -110.176075, 34.462215 ], [ -110.176095, 34.454048 ] ] ] } },
{ "type": "Feature", "properties": { "GEOID": "0455980", "NAME": "Pinetop-Lakeside town, Arizona", "population": 4149.0 }, "geometry": { "type": "Polygon", "coordinates": [ [ [ -110.024391, 34.182456 ], [ -110.022108, 34.181069 ], [ -110.018986, 34.177371 ], [ -110.016754, 34.175736 ], [ -110.015898, 34.174562 ], [ -110.017562, 34.172174 ], [ -110.017982, 34.16956 ], [ -110.016491, 34.169652 ], [ -110.013967, 34.169474 ], [ -110.003443, 34.169518 ], [ -110.003499, 34.172223 ], [ -110.004473, 34.173023 ], [ -109.985476, 34.173141 ], [ -109.985274, 34.169474 ], [ -109.98088, 34.169113 ], [ -109.980851, 34.162336 ], [ -109.982792, 34.160689 ], [ -109.982988, 34.158457 ], [ -109.981392, 34.157202 ], [ -109.981238, 34.153938 ], [ -109.983624, 34.151589 ], [ -109.983073, 34.150623 ], [ -109.980534, 34.150193 ], [ -109.980726, 34.147674 ], [ -109.97808, 34.146209 ], [ -109.976637, 34.145486 ], [ -109.976161, 34.144917 ], [ -109.976129, 34.147174 ], [ -109.972056, 34.147384 ], [ -109.972115, 34.136663 ], [ -109.972125, 34.134837 ], [ -109.976646, 34.134817 ], [ -109.976581, 34.13302 ], [ -109.972118, 34.133044 ], [ -109.972119, 34.125801 ], [ -109.975729, 34.125814 ], [ -109.975527, 34.125044 ], [ -109.975339, 34.122075 ], [ -109.978026, 34.117227 ], [ -109.972117, 34.11233 ], [ -109.969361, 34.109681 ], [ -109.966531, 34.109237 ], [ -109.966078, 34.110141 ], [ -109.962329, 34.112473 ], [ -109.959567, 34.113467 ], [ -109.954785, 34.113346 ], [ -109.951918, 34.114517 ], [ -109.94698, 34.114859 ], [ -109.945012, 34.114474 ], [ -109.942765, 34.113085 ], [ -109.938921, 34.111065 ], [ -109.93438, 34.109855 ], [ -109.933158, 34.109229 ], [ -109.928151, 34.109611 ], [ -109.928114, 34.115808 ], [ -109.926733, 34.1181 ], [ -109.927556, 34.12208 ], [ -109.926718, 34.124451 ], [ -109.92043, 34.122403 ], [ -109.91908, 34.121539 ], [ -109.91758, 34.119984 ], [ -109.915479, 34.115416 ], [ -109.915224, 34.115451 ], [ -109.913622, 34.111852 ], [ -109.911915, 34.112576 ], [ -109.912108, 34.113819 ], [ -109.911238, 34.114778 ], [ -109.909932, 34.114934 ], [ -109.911509, 34.118077 ], [ -109.911726, 34.118932 ], [ -109.911894, 34.121126 ], [ -109.911955, 34.126132 ], [ -109.91949, 34.126086 ], [ -109.919327, 34.133937 ], [ -109.931084, 34.133656 ], [ -109.936689, 34.133522 ], [ -109.936853, 34.140279 ], [ -109.945722, 34.140038 ], [ -109.950149, 34.140328 ], [ -109.95023, 34.147538 ], [ -109.954774, 34.147531 ], [ -109.955114, 34.150981 ], [ -109.954795, 34.159002 ], [ -109.959317, 34.159105 ], [ -109.95918, 34.154687 ], [ -109.965375, 34.154666 ], [ -109.968846, 34.154845 ], [ -109.972359, 34.158427 ], [ -109.972339, 34.171099 ], [ -109.97225, 34.173069 ], [ -109.976923, 34.173291 ], [ -109.976491, 34.178812 ], [ -109.976759, 34.180926 ], [ -109.972085, 34.18159 ], [ -109.971927, 34.189044 ], [ -109.971961, 34.191123 ], [ -109.971975, 34.198573 ], [ -109.993589, 34.198511 ], [ -110.000853, 34.198513 ], [ -110.000664, 34.193796 ], [ -109.992651, 34.193823 ], [ -109.992593, 34.187642 ], [ -109.9968, 34.187635 ], [ -109.996758, 34.183875 ], [ -110.000865, 34.183778 ], [ -110.003854, 34.183763 ], [ -110.003807, 34.180139 ], [ -110.002586, 34.180075 ], [ -110.002871, 34.178311 ], [ -110.00573, 34.177723 ], [ -110.006717, 34.183091 ], [ -110.009045, 34.183823 ], [ -110.014912, 34.183804 ], [ -110.016423, 34.183722 ], [ -110.019078, 34.183766 ], [ -110.023913, 34.183763 ], [ -110.024834, 34.183547 ], [ -110.024391, 34.182456 ] ] ] } },
{ "type": "Feature", "properties": { "GEOID": "0414380", "NAME": "Clifton town, Arizona", "population": 3752.0 }, "geometry": { "type": "Polygon", "coordinates": [ [ [ -109.323689, 33.020434 ], [ -109.309605, 33.020498 ], [ -109.30952, 33.022503 ], [ -109.300897, 33.022402 ], [ -109.300134, 33.022385 ], [ -109.293815, 33.022336 ], [ -109.293883, 33.007478 ], [ -109.289654, 33.007466 ], [ -109.29011, 32.97878 ], [ -109.260114, 32.978541 ], [ -109.254481, 32.978699 ], [ -109.254466, 32.979943 ], [ -109.254304, 33.008563 ], [ -109.259419, 33.008546 ], [ -109.259472, 33.015002 ], [ -109.259187, 33.022644 ], [ -109.254777, 33.022419 ], [ -109.254816, 33.036445 ], [ -109.289042, 33.036648 ], [ -109.289098, 33.040442 ], [ -109.289504, 33.046023 ], [ -109.289329, 33.070709 ], [ -109.298343, 33.070684 ], [ -109.311548, 33.070675 ], [ -109.323377, 33.070734 ], [ -109.323612, 33.054676 ], [ -109.323233, 33.053679 ], [ -109.323291, 33.052447 ], [ -109.323661, 33.050796 ], [ -109.323153, 33.042433 ], [ -109.323531, 33.040775 ], [ -109.32357, 33.036867 ], [ -109.323689, 33.020434 ] ] ] } },
{ "type": "Feature", "properties": { "GEOID": "0410180", "NAME": "Carefree town, Arizona", "population": 3600.0 }, "geometry": { "type": "Polygon", "coordinates": [ [ [ -111.964854, 33.799164 ], [ -111.963657, 33.799166 ], [ -111.960816, 33.799176 ], [ -111.948447, 33.799178 ], [ -111.937741, 33.799225 ], [ -111.933556, 33.800117 ], [ -111.92809, 33.799288 ], [ -111.927988, 33.80223 ], [ -111.92713, 33.806553 ], [ -111.920869, 33.806558 ], [ -111.918748, 33.807043 ], [ -111.91604, 33.806556 ], [ -111.91084, 33.806553 ], [ -111.912411, 33.805715 ], [ -111.915809, 33.805626 ], [ -111.914623, 33.804787 ], [ -111.91116, 33.80394 ], [ -111.913583, 33.802147 ], [ -111.913369, 33.801529 ], [ -111.910393, 33.803393 ], [ -111.91066, 33.806677 ], [ -111.908734, 33.807244 ], [ -111.90876, 33.81335 ], [ -111.891177, 33.813834 ], [ -111.873844, 33.813865 ], [ -111.873875, 33.824991 ], [ -111.876549, 33.824924 ], [ -111.882572, 33.822609 ], [ -111.884273, 33.821027 ], [ -111.891245, 33.820989 ], [ -111.891227, 33.852995 ], [ -111.891238, 33.857285 ], [ -111.908334, 33.857231 ], [ -111.908382, 33.853363 ], [ -111.908457, 33.849496 ], [ -111.908766, 33.847381 ], [ -111.908567, 33.842775 ], [ -111.925993, 33.842924 ], [ -111.925808, 33.838864 ], [ -111.926108, 33.828297 ], [ -111.926511, 33.828325 ], [ -111.93052, 33.828389 ], [ -111.930546, 33.826168 ], [ -111.934165, 33.826234 ], [ -111.935658, 33.825718 ], [ -111.935732, 33.824348 ], [ -111.939115, 33.824088 ], [ -111.939081, 33.820184 ], [ -111.943654, 33.819929 ], [ -111.943774, 33.813871 ], [ -111.950615, 33.813637 ], [ -111.954605, 33.813937 ], [ -111.956459, 33.810769 ], [ -111.960475, 33.810885 ], [ -111.960225, 33.804692 ], [ -111.962132, 33.801864 ], [ -111.964814, 33.801759 ], [ -111.964854, 33.799164 ] ], [ [ -111.925982, 33.829344 ], [ -111.925871, 33.829324 ], [ -111.925881, 33.828787 ], [ -111.925983, 33.828787 ], [ -111.925982, 33.829344 ] ] ] } },
{ "type": "Feature", "properties": { "GEOID": "0414870", "NAME": "Colorado City town, Arizona", "population": 3484.0 }, "geometry": { "type": "Polygon", "coordinates": [ [ [ -113.028144, 36.94698 ], [ -113.000957, 36.94696 ], [ -113.000971, 36.961424 ], [ -112.967711, 36.961417 ], [ -112.955803, 36.961341 ], [ -112.956322, 36.963025 ], [ -112.957517, 36.963901 ], [ -112.956705, 36.965581 ], [ -112.954423, 36.96605 ], [ -112.955189, 36.968124 ], [ -112.954441, 36.970196 ], [ -112.955808, 36.972377 ], [ -112.955193, 36.973639 ], [ -112.956447, 36.975838 ], [ -112.956491, 36.977642 ], [ -112.95927, 36.97801 ], [ -112.961202, 36.977152 ], [ -112.96372, 36.978399 ], [ -112.964901, 36.980538 ], [ -112.964934, 36.984631 ], [ -112.960421, 36.987295 ], [ -112.958748, 36.987853 ], [ -112.958159, 36.988993 ], [ -112.955918, 36.989199 ], [ -112.954408, 36.988586 ], [ -112.953645, 36.989407 ], [ -112.954346, 36.991761 ], [ -112.956554, 36.991905 ], [ -112.958307, 36.993354 ], [ -112.958571, 36.995627 ], [ -112.961593, 36.995208 ], [ -112.95976, 36.996726 ], [ -112.960912, 36.999126 ], [ -112.960693, 36.999767 ], [ -112.960279, 36.99974 ], [ -112.959614, 37.0002293 ], [ -112.966471, 37.000219 ], [ -112.966581, 37.000219 ], [ -112.99883, 37.0002111 ], [ -113.010066, 37.0002084 ], [ -113.010042, 36.961537 ], [ -113.014568, 36.961534 ], [ -113.014568, 36.957906 ], [ -113.02816, 36.957901 ], [ -113.028144, 36.94698 ] ] ] } },
{ "type": "Feature", "properties": { "GEOID": "0483160", "NAME": "Williams city, Arizona", "population": 3473.0 }, "geometry": { "type": "Polygon", "coordinates": [ [ [ -112.248039, 35.191814 ], [ -112.230198, 35.191486 ], [ -112.212511, 35.192148 ], [ -112.203299, 35.192223 ], [ -112.202908, 35.192226 ], [ -112.19242, 35.192291 ], [ -112.177062, 35.192334 ], [ -112.176968, 35.217593 ], [ -112.159623, 35.217576 ], [ -112.159616, 35.206906 ], [ -112.150769, 35.206652 ], [ -112.12483, 35.2067 ], [ -112.124144, 35.206704 ], [ -112.124279, 35.235734 ], [ -112.12015, 35.235686 ], [ -112.115579, 35.235762 ], [ -112.115482, 35.238437 ], [ -112.115475, 35.255675 ], [ -112.113173, 35.255671 ], [ -112.113188, 35.257489 ], [ -112.106507, 35.25747 ], [ -112.106508, 35.260999 ], [ -112.106525, 35.267588 ], [ -112.106549, 35.272012 ], [ -112.111442, 35.27204 ], [ -112.141879, 35.27216 ], [ -112.141835, 35.286746 ], [ -112.14224, 35.293791 ], [ -112.177401, 35.29386 ], [ -112.176577, 35.30876 ], [ -112.176585, 35.312545 ], [ -112.180067, 35.312497 ], [ -112.181116, 35.312482 ], [ -112.181024, 35.320399 ], [ -112.180988, 35.323655 ], [ -112.185371, 35.323289 ], [ -112.201126, 35.323075 ], [ -112.212154, 35.322927 ], [ -112.212525, 35.31201 ], [ -112.21235, 35.301392 ], [ -112.212623, 35.295191 ], [ -112.212718, 35.254289 ], [ -112.214914, 35.254274 ], [ -112.214931, 35.256091 ], [ -112.230058, 35.255904 ], [ -112.230045, 35.257798 ], [ -112.247752, 35.257437 ], [ -112.247779, 35.250126 ], [ -112.243358, 35.250199 ], [ -112.243362, 35.252069 ], [ -112.239224, 35.252213 ], [ -112.23724, 35.250765 ], [ -112.234491, 35.250506 ], [ -112.234496, 35.246772 ], [ -112.247744, 35.246412 ], [ -112.247724, 35.228858 ], [ -112.248039, 35.191814 ] ] ] } },
{ "type": "Feature", "properties": { "GEOID": "0453070", "NAME": "Parker town, Arizona", "population": 3394.0 }, "geometry": { "type": "MultiPolygon", "coordinates": [ [ [ [ -114.26719, 33.985738 ], [ -114.216837, 33.985784 ], [ -114.180495, 33.985761 ], [ -114.180531, 33.995479 ], [ -114.180352, 34.056858 ], [ -114.238703, 34.057158 ], [ -114.250782, 34.026419 ], [ -114.251846, 34.02329 ], [ -114.251985, 34.022957 ], [ -114.258961, 34.005577 ], [ -114.26157, 34.000018 ], [ -114.26719, 33.985738 ] ] ], [ [ [ -114.301987, 34.15001 ], [ -114.297533, 34.150094 ], [ -114.297644, 34.146792 ], [ -114.297669, 34.146545 ], [ -114.297724, 34.141594 ], [ -114.297893, 34.140262 ], [ -114.297906, 34.139073 ], [ -114.293176, 34.139282 ], [ -114.28129, 34.139325 ], [ -114.279769, 34.139309 ], [ -114.27961, 34.150769 ], [ -114.279786, 34.154339 ], [ -114.279798, 34.157487 ], [ -114.289163, 34.157496 ], [ -114.28916, 34.164098 ], [ -114.293833, 34.161932 ], [ -114.294971, 34.160997 ], [ -114.29823, 34.159779 ], [ -114.2986728, 34.1600873 ], [ -114.2990243, 34.1596897 ], [ -114.2990322, 34.1596808 ], [ -114.302188, 34.1561103 ], [ -114.301987, 34.15001 ] ] ] ] } },
{ "type": "Feature", "properties": { "GEOID": "0462350", "NAME": "St. Johns city, Arizona", "population": 3336.0 }, "geometry": { "type": "Polygon", "coordinates": [ [ [ -109.427141, 34.462548 ], [ -109.341112, 34.463119 ], [ -109.343387, 34.483364 ], [ -109.333231, 34.48339 ], [ -109.333255, 34.49649 ], [ -109.333282, 34.540293 ], [ -109.383943, 34.540486 ], [ -109.385402, 34.540749 ], [ -109.389101, 34.540621 ], [ -109.418846, 34.541194 ], [ -109.418955, 34.506723 ], [ -109.419082, 34.482088 ], [ -109.427146, 34.482175 ], [ -109.427141, 34.462548 ] ] ] } },
{ "type": "Feature", "properties": { "GEOID": "0483090", "NAME": "Willcox city, Arizona", "population": 3189.0 }, "geometry": { "type": "Polygon", "coordinates": [ [ [ -109.860611, 32.257593 ], [ -109.858317, 32.257551 ], [ -109.8583, 32.253394 ], [ -109.853656, 32.253604 ], [ -109.859238, 32.246417 ], [ -109.849979, 32.246425 ], [ -109.847454, 32.246066 ], [ -109.847497, 32.24676 ], [ -109.84162, 32.246656 ], [ -109.841469, 32.243212 ], [ -109.837303, 32.242969 ], [ -109.835155, 32.246167 ], [ -109.834165, 32.245825 ], [ -109.832588, 32.246949 ], [ -109.832479, 32.243023 ], [ -109.836022, 32.242956 ], [ -109.836856, 32.241963 ], [ -109.836976, 32.238813 ], [ -109.841348, 32.238914 ], [ -109.841661, 32.224277 ], [ -109.834823, 32.224004 ], [ -109.832811, 32.222983 ], [ -109.83055, 32.223112 ], [ -109.828301, 32.22211 ], [ -109.824385, 32.222603 ], [ -109.824494, 32.223763 ], [ -109.807491, 32.223965 ], [ -109.807463, 32.231105 ], [ -109.811242, 32.232255 ], [ -109.812616, 32.233525 ], [ -109.815029, 32.231786 ], [ -109.815902, 32.232306 ], [ -109.820017, 32.232466 ], [ -109.820299, 32.238608 ], [ -109.816175, 32.238626 ], [ -109.816188, 32.240491 ], [ -109.813718, 32.241087 ], [ -109.811764, 32.239424 ], [ -109.810078, 32.240905 ], [ -109.814553, 32.244745 ], [ -109.816653, 32.245635 ], [ -109.820129, 32.247991 ], [ -109.825361, 32.250594 ], [ -109.821506, 32.256659 ], [ -109.826491, 32.259143 ], [ -109.818985, 32.269933 ], [ -109.820289, 32.269933 ], [ -109.818804, 32.271999 ], [ -109.825653, 32.272067 ], [ -109.825635, 32.268459 ], [ -109.836528, 32.268431 ], [ -109.836446, 32.270921 ], [ -109.838977, 32.270964 ], [ -109.837047, 32.274329 ], [ -109.836738, 32.275384 ], [ -109.830684, 32.28158 ], [ -109.84147, 32.281678 ], [ -109.858489, 32.281729 ], [ -109.858505, 32.278253 ], [ -109.849958, 32.278205 ], [ -109.850002, 32.275299 ], [ -109.858519, 32.275198 ], [ -109.858526, 32.26777 ], [ -109.858252, 32.267772 ], [ -109.858318, 32.258909 ], [ -109.860606, 32.258868 ], [ -109.860611, 32.257593 ] ], [ [ -109.848831, 32.253428 ], [ -109.847513, 32.253424 ], [ -109.847552, 32.251655 ], [ -109.848591, 32.251626 ], [ -109.848597, 32.251936 ], [ -109.848909, 32.251938 ], [ -109.848831, 32.253428 ] ] ] } },
{ "type": "Feature", "properties": { "GEOID": "0455560", "NAME": "Pima town, Arizona", "population": 3181.0 }, "geometry": { "type": "Polygon", "coordinates": [ [ [ -109.869473, 32.87486 ], [ -109.852457, 32.874959 ], [ -109.852423, 32.878567 ], [ -109.848097, 32.878531 ], [ -109.848124, 32.874923 ], [ -109.843852, 32.874791 ], [ -109.835184, 32.87485 ], [ -109.83518, 32.871276 ], [ -109.831445, 32.87133 ], [ -109.831329, 32.867561 ], [ -109.827031, 32.867513 ], [ -109.82693, 32.853099 ], [ -109.818497, 32.853067 ], [ -109.81843, 32.867586 ], [ -109.820601, 32.867587 ], [ -109.820576, 32.87121 ], [ -109.82267, 32.871223 ], [ -109.822739, 32.874831 ], [ -109.827122, 32.875023 ], [ -109.827071, 32.88147 ], [ -109.8151, 32.88141 ], [ -109.815111, 32.878465 ], [ -109.816535, 32.878443 ], [ -109.818523, 32.875449 ], [ -109.818415, 32.872289 ], [ -109.816458, 32.872265 ], [ -109.816468, 32.871307 ], [ -109.814253, 32.871278 ], [ -109.814238, 32.87035 ], [ -109.811129, 32.870718 ], [ -109.809302, 32.869457 ], [ -109.80964, 32.877277 ], [ -109.811202, 32.878418 ], [ -109.814259, 32.878492 ], [ -109.814257, 32.882078 ], [ -109.822247, 32.88223 ], [ -109.822291, 32.88819 ], [ -109.821051, 32.888856 ], [ -109.816564, 32.888989 ], [ -109.814219, 32.886513 ], [ -109.813661, 32.886302 ], [ -109.81418, 32.892341 ], [ -109.814065, 32.896481 ], [ -109.818366, 32.896841 ], [ -109.824791, 32.896842 ], [ -109.824764, 32.900117 ], [ -109.825841, 32.900117 ], [ -109.825818, 32.903735 ], [ -109.824746, 32.903732 ], [ -109.824754, 32.905534 ], [ -109.829045, 32.905544 ], [ -109.829616, 32.903756 ], [ -109.829366, 32.901654 ], [ -109.830192, 32.900651 ], [ -109.841092, 32.900704 ], [ -109.854596, 32.912142 ], [ -109.857146, 32.914125 ], [ -109.864968, 32.918293 ], [ -109.869347, 32.918313 ], [ -109.869473, 32.87486 ] ] ] } },
{ "type": "Feature", "properties": { "GEOID": "0481480", "NAME": "Wellton town, Arizona", "population": 2671.0 }, "geometry": { "type": "Polygon", "coordinates": [ [ [ -114.296141, 32.620048 ], [ -114.295977, 32.605421 ], [ -114.210403, 32.605461 ], [ -114.21037, 32.619883 ], [ -114.210399, 32.634506 ], [ -114.18039, 32.634498 ], [ -114.16388, 32.633917 ], [ -114.1626, 32.634359 ], [ -114.151713, 32.634373 ], [ -114.142026, 32.636944 ], [ -114.142065, 32.641826 ], [ -114.13774, 32.641987 ], [ -114.137756, 32.649045 ], [ -114.133491, 32.649067 ], [ -114.133552, 32.656388 ], [ -114.12497, 32.656495 ], [ -114.124936, 32.649129 ], [ -114.107608, 32.649276 ], [ -114.107674, 32.66983 ], [ -114.107795, 32.672665 ], [ -114.112683, 32.672271 ], [ -114.114576, 32.672261 ], [ -114.115358, 32.671858 ], [ -114.124985, 32.671097 ], [ -114.124987, 32.672756 ], [ -114.125561, 32.673529 ], [ -114.120888, 32.673051 ], [ -114.116456, 32.674005 ], [ -114.116856, 32.674574 ], [ -114.116753, 32.678211 ], [ -114.142236, 32.678082 ], [ -114.142208, 32.674455 ], [ -114.150833, 32.674397 ], [ -114.150831, 32.671531 ], [ -114.153077, 32.670758 ], [ -114.159343, 32.670736 ], [ -114.159384, 32.667526 ], [ -114.161055, 32.667212 ], [ -114.171915, 32.663539 ], [ -114.175819, 32.662379 ], [ -114.183246, 32.661729 ], [ -114.193042, 32.661147 ], [ -114.193044, 32.656304 ], [ -114.20172, 32.656286 ], [ -114.201708, 32.654485 ], [ -114.206015, 32.654467 ], [ -114.206091, 32.652527 ], [ -114.210238, 32.652582 ], [ -114.210272, 32.649797 ], [ -114.240519, 32.657162 ], [ -114.261781, 32.662094 ], [ -114.261781, 32.661813 ], [ -114.268662, 32.66351 ], [ -114.270037, 32.66353 ], [ -114.279003, 32.663556 ], [ -114.278982, 32.649016 ], [ -114.296123, 32.648985 ], [ -114.296141, 32.620048 ] ] ] } },
{ "type": "Feature", "properties": { "GEOID": "0471300", "NAME": "Superior town, Arizona", "population": 2611.0 }, "geometry": { "type": "Polygon", "coordinates": [ [ [ -111.172346, 33.26984 ], [ -111.164554, 33.26999 ], [ -111.16445, 33.263686 ], [ -111.148159, 33.263678 ], [ -111.148012, 33.249164 ], [ -111.111698, 33.249386 ], [ -111.096518, 33.249427 ], [ -111.096502, 33.263892 ], [ -111.083573, 33.263908 ], [ -111.083489, 33.282018 ], [ -111.085479, 33.282031 ], [ -111.083951, 33.280234 ], [ -111.088136, 33.279697 ], [ -111.090128, 33.282062 ], [ -111.097769, 33.282112 ], [ -111.098116, 33.283502 ], [ -111.096571, 33.287071 ], [ -111.096234, 33.289093 ], [ -111.094469, 33.289087 ], [ -111.09447, 33.291982 ], [ -111.09447, 33.292111 ], [ -111.09447, 33.292595 ], [ -111.092661, 33.292589 ], [ -111.092675, 33.294406 ], [ -111.093762, 33.294407 ], [ -111.094075, 33.295352 ], [ -111.094749, 33.296034 ], [ -111.095548, 33.298997 ], [ -111.09701, 33.298719 ], [ -111.100853, 33.297994 ], [ -111.102655, 33.297433 ], [ -111.102486, 33.296272 ], [ -111.104817, 33.294731 ], [ -111.106348, 33.292606 ], [ -111.109843, 33.292612 ], [ -111.113894, 33.287543 ], [ -111.118255, 33.28756 ], [ -111.118261, 33.289838 ], [ -111.120116, 33.290767 ], [ -111.121722, 33.290438 ], [ -111.122362, 33.289049 ], [ -111.122529, 33.289214 ], [ -111.122523, 33.292671 ], [ -111.136669, 33.292714 ], [ -111.148397, 33.292705 ], [ -111.148158, 33.283583 ], [ -111.148128, 33.280202 ], [ -111.151036, 33.278119 ], [ -111.15248, 33.28126 ], [ -111.152488, 33.281664 ], [ -111.152491, 33.281855 ], [ -111.161071, 33.2816 ], [ -111.164703, 33.281394 ], [ -111.164736, 33.280167 ], [ -111.171465, 33.280169 ], [ -111.17265, 33.279323 ], [ -111.172346, 33.26984 ] ] ] } },
{ "type": "Feature", "properties": { "GEOID": "0469480", "NAME": "Star Valley town, Arizona", "population": 2538.0 }, "geometry": { "type": "Polygon", "coordinates": [ [ [ -111.280014, 34.253547 ], [ -111.273509, 34.25356 ], [ -111.273511, 34.251898 ], [ -111.273489, 34.237275 ], [ -111.273346, 34.217411 ], [ -111.259921, 34.217313 ], [ -111.259921, 34.228205 ], [ -111.251309, 34.228205 ], [ -111.251285, 34.217339 ], [ -111.166718, 34.217055 ], [ -111.166933, 34.278846 ], [ -111.166522, 34.304114 ], [ -111.178784, 34.30416 ], [ -111.266569, 34.304355 ], [ -111.267133, 34.304174 ], [ -111.272773, 34.304151 ], [ -111.27285, 34.275154 ], [ -111.273501, 34.271785 ], [ -111.273511, 34.255375 ], [ -111.280008, 34.255385 ], [ -111.280014, 34.253547 ] ] ] } },
{ "type": "Feature", "properties": { "GEOID": "0458010", "NAME": "Quartzsite town, Arizona", "population": 2388.0 }, "geometry": { "type": "Polygon", "coordinates": [ [ [ -114.269528, 33.655807 ], [ -114.269428, 33.631132 ], [ -114.2694, 33.623412 ], [ -114.217045, 33.624114 ], [ -114.214301, 33.624253 ], [ -114.164169, 33.624462 ], [ -114.164356, 33.669663 ], [ -114.164748, 33.711219 ], [ -114.217028, 33.710955 ], [ -114.269818, 33.710637 ], [ -114.269528, 33.655807 ] ] ] } },
{ "type": "Feature", "properties": { "GEOID": "0437200", "NAME": "Kearny town, Arizona", "population": 1849.0 }, "geometry": { "type": "Polygon", "coordinates": [ [ [ -110.921122, 33.048039 ], [ -110.912518, 33.048163 ], [ -110.912541, 33.040858 ], [ -110.89533, 33.040875 ], [ -110.895296, 33.049442 ], [ -110.895313, 33.051657 ], [ -110.895205, 33.069875 ], [ -110.915963, 33.069885 ], [ -110.920954, 33.069851 ], [ -110.920991, 33.065854 ], [ -110.921122, 33.048039 ] ] ] } },
{ "type": "Feature", "properties": { "GEOID": "0427050", "NAME": "Gila Bend town, Arizona", "population": 1816.0 }, "geometry": { "type": "Polygon", "coordinates": [ [ [ -112.908076, 32.970274 ], [ -112.873367, 32.970613 ], [ -112.873224, 32.962598 ], [ -112.838857, 32.962604 ], [ -112.838717, 32.955838 ], [ -112.82129, 32.956111 ], [ -112.82164, 32.94146 ], [ -112.818977, 32.941497 ], [ -112.818899, 32.9308 ], [ -112.801911, 32.933176 ], [ -112.801864, 32.92699 ], [ -112.787259, 32.92708 ], [ -112.734153, 32.927298 ], [ -112.732866, 32.927304 ], [ -112.732902, 32.940001 ], [ -112.73414, 32.940345 ], [ -112.734888, 32.943348 ], [ -112.729498, 32.944403 ], [ -112.72188, 32.945529 ], [ -112.721877, 32.941958 ], [ -112.724252, 32.941944 ], [ -112.724753, 32.941161 ], [ -112.724818, 32.931744 ], [ -112.72729, 32.927336 ], [ -112.728603, 32.927321 ], [ -112.728716, 32.924995 ], [ -112.728525, 32.923625 ], [ -112.715666, 32.923635 ], [ -112.715551, 32.934893 ], [ -112.70303, 32.934527 ], [ -112.702991, 32.932643 ], [ -112.700915, 32.93219 ], [ -112.700857, 32.93467 ], [ -112.698758, 32.934678 ], [ -112.690126, 32.934668 ], [ -112.690113, 32.929265 ], [ -112.690113, 32.927676 ], [ -112.680056, 32.927369 ], [ -112.660077, 32.927366 ], [ -112.660013, 32.934632 ], [ -112.672897, 32.934654 ], [ -112.672867, 32.941965 ], [ -112.667259, 32.942426 ], [ -112.657831, 32.942448 ], [ -112.648743, 32.942484 ], [ -112.647135, 32.941905 ], [ -112.64727, 32.912838 ], [ -112.655771, 32.912805 ], [ -112.655791, 32.905535 ], [ -112.664279, 32.905498 ], [ -112.664272, 32.912771 ], [ -112.690112, 32.912786 ], [ -112.690161, 32.890981 ], [ -112.681533, 32.890956 ], [ -112.681529, 32.898304 ], [ -112.672924, 32.898295 ], [ -112.673032, 32.883672 ], [ -112.655709, 32.883601 ], [ -112.655761, 32.890986 ], [ -112.647133, 32.891025 ], [ -112.646924, 32.883652 ], [ -112.612627, 32.883653 ], [ -112.612592, 32.941857 ], [ -112.614154, 32.94192 ], [ -112.6142, 32.956432 ], [ -112.64866, 32.956505 ], [ -112.648642, 32.958312 ], [ -112.648599, 32.970973 ], [ -112.672845, 32.970908 ], [ -112.674018, 32.970922 ], [ -112.67402, 32.985511 ], [ -112.682659, 32.985324 ], [ -112.6829, 32.999975 ], [ -112.659137, 32.999966 ], [ -112.65722, 32.999967 ], [ -112.657225, 33.004058 ], [ -112.657196, 33.018176 ], [ -112.656216, 33.021766 ], [ -112.652976, 33.021835 ], [ -112.652901, 33.028951 ], [ -112.648559, 33.028955 ], [ -112.649295, 33.087102 ], [ -112.647723, 33.087271 ], [ -112.598758, 33.087149 ], [ -112.5989, 33.102106 ], [ -112.649421, 33.101608 ], [ -112.64966, 33.116042 ], [ -112.649925, 33.116273 ], [ -112.666751, 33.116396 ], [ -112.666789, 33.116162 ], [ -112.66673, 33.113748 ], [ -112.665322, 33.109009 ], [ -112.658229, 33.108967 ], [ -112.658088, 33.101704 ], [ -112.666803, 33.10178 ], [ -112.667684, 33.095291 ], [ -112.667435, 33.091059 ], [ -112.666687, 33.087128 ], [ -112.660429, 33.087249 ], [ -112.658049, 33.087016 ], [ -112.65789, 33.082039 ], [ -112.656724, 33.080427 ], [ -112.652942, 33.078158 ], [ -112.651573, 33.076376 ], [ -112.650248, 33.072605 ], [ -112.661604, 33.072515 ], [ -112.661418, 33.065373 ], [ -112.661215, 33.04009 ], [ -112.665445, 33.0401 ], [ -112.665631, 33.027057 ], [ -112.665687, 33.014382 ], [ -112.694263, 33.014534 ], [ -112.700191, 33.01455 ], [ -112.700208, 33.00749 ], [ -112.700215, 33.000029 ], [ -112.691614, 33.000009 ], [ -112.691662, 32.992763 ], [ -112.700343, 32.992732 ], [ -112.700306, 32.989172 ], [ -112.703466, 32.989161 ], [ -112.703542, 32.985502 ], [ -112.704702, 32.985281 ], [ -112.725081, 32.985016 ], [ -112.729114, 32.982059 ], [ -112.734748, 32.981296 ], [ -112.734935, 32.970992 ], [ -112.787128, 32.970883 ], [ -112.787478, 32.955623 ], [ -112.799953, 32.955622 ], [ -112.800263, 32.97081 ], [ -112.8003, 32.976193 ], [ -112.804615, 32.976166 ], [ -112.804799, 32.999795 ], [ -112.821953, 32.999798 ], [ -112.82173, 32.98525 ], [ -112.838827, 32.985266 ], [ -112.856242, 32.984664 ], [ -112.908362, 32.984468 ], [ -112.908076, 32.970274 ] ], [ [ -112.719808, 32.967355 ], [ -112.717608, 32.967376 ], [ -112.717614, 32.960151 ], [ -112.719602, 32.960157 ], [ -112.719808, 32.967355 ] ], [ [ -112.686112, 32.97186 ], [ -112.683835, 32.975594 ], [ -112.683079, 32.976842 ], [ -112.683088, 32.971002 ], [ -112.686575, 32.971013 ], [ -112.686112, 32.97186 ] ] ] } },
{ "type": "Feature", "properties": { "GEOID": "0468990", "NAME": "Springerville town, Arizona", "population": 1719.0 }, "geometry": { "type": "Polygon", "coordinates": [ [ [ -109.323068, 34.195919 ], [ -109.323035, 34.177787 ], [ -109.322712, 34.13971 ], [ -109.301786, 34.139905 ], [ -109.305709, 34.136399 ], [ -109.306606, 34.136401 ], [ -109.310855, 34.132722 ], [ -109.318298, 34.132685 ], [ -109.319965, 34.125276 ], [ -109.323281, 34.122223 ], [ -109.322797, 34.121816 ], [ -109.320691, 34.120685 ], [ -109.319215, 34.121974 ], [ -109.304058, 34.121903 ], [ -109.301271, 34.124917 ], [ -109.300017, 34.125265 ], [ -109.295251, 34.125311 ], [ -109.295318, 34.127073 ], [ -109.292336, 34.127108 ], [ -109.292308, 34.129089 ], [ -109.289458, 34.129053 ], [ -109.288866, 34.128225 ], [ -109.290535, 34.125328 ], [ -109.287329, 34.125362 ], [ -109.281911, 34.125549 ], [ -109.280294, 34.125513 ], [ -109.280273, 34.121936 ], [ -109.279203, 34.121949 ], [ -109.279184, 34.1183 ], [ -109.266099, 34.118312 ], [ -109.266126, 34.121942 ], [ -109.263194, 34.121953 ], [ -109.263195, 34.120574 ], [ -109.26096, 34.120586 ], [ -109.260968, 34.122122 ], [ -109.258291, 34.11918 ], [ -109.255967, 34.119265 ], [ -109.255887, 34.1202 ], [ -109.252231, 34.120211 ], [ -109.252188, 34.123634 ], [ -109.253735, 34.123634 ], [ -109.253728, 34.12258 ], [ -109.258925, 34.122414 ], [ -109.259001, 34.124671 ], [ -109.260964, 34.124677 ], [ -109.259332, 34.125465 ], [ -109.259367, 34.128437 ], [ -109.261452, 34.128883 ], [ -109.261916, 34.129992 ], [ -109.261595, 34.132366 ], [ -109.257922, 34.132319 ], [ -109.257559, 34.125911 ], [ -109.24908, 34.125528 ], [ -109.249151, 34.131953 ], [ -109.252576, 34.131916 ], [ -109.252622, 34.132535 ], [ -109.252742, 34.132537 ], [ -109.252716, 34.134383 ], [ -109.254777, 34.135211 ], [ -109.255359, 34.136518 ], [ -109.265994, 34.136611 ], [ -109.265924, 34.134748 ], [ -109.27912, 34.135049 ], [ -109.279459, 34.14046 ], [ -109.281362, 34.139133 ], [ -109.287691, 34.136383 ], [ -109.288677, 34.1379 ], [ -109.287837, 34.139824 ], [ -109.287982, 34.155929 ], [ -109.287596, 34.197973 ], [ -109.291378, 34.197868 ], [ -109.291388, 34.194053 ], [ -109.29988, 34.194049 ], [ -109.299887, 34.197866 ], [ -109.323314, 34.198186 ], [ -109.323068, 34.195919 ] ] ] } },
{ "type": "Feature", "properties": { "GEOID": "0434120", "NAME": "Huachuca City town, Arizona", "population": 1583.0 }, "geometry": { "type": "Polygon", "coordinates": [ [ [ -110.359863, 31.617567 ], [ -110.336913, 31.620218 ], [ -110.333817, 31.614008 ], [ -110.333818, 31.61454 ], [ -110.333774, 31.620093 ], [ -110.329545, 31.620152 ], [ -110.329407, 31.631481 ], [ -110.329382, 31.635081 ], [ -110.325304, 31.635172 ], [ -110.325158, 31.643118 ], [ -110.32517, 31.644106 ], [ -110.327979, 31.644572 ], [ -110.33503, 31.642048 ], [ -110.331749, 31.643663 ], [ -110.332747, 31.646777 ], [ -110.332849, 31.647111 ], [ -110.334591, 31.646567 ], [ -110.336853, 31.646175 ], [ -110.340282, 31.644971 ], [ -110.340384, 31.64525 ], [ -110.342195, 31.644389 ], [ -110.342851, 31.644247 ], [ -110.343203, 31.644171 ], [ -110.34674, 31.642763 ], [ -110.346763, 31.641397 ], [ -110.346786, 31.634934 ], [ -110.354439, 31.634611 ], [ -110.358118, 31.634651 ], [ -110.359896, 31.633846 ], [ -110.359863, 31.617567 ] ] ] } },
{ "type": "Feature", "properties": { "GEOID": "0446350", "NAME": "Miami town, Arizona", "population": 1514.0 }, "geometry": { "type": "Polygon", "coordinates": [ [ [ -110.88708, 33.387785 ], [ -110.885723, 33.387632 ], [ -110.882631, 33.386083 ], [ -110.881024, 33.382466 ], [ -110.877405, 33.385253 ], [ -110.879469, 33.3899 ], [ -110.877293, 33.391576 ], [ -110.876077, 33.39045 ], [ -110.874384, 33.3932 ], [ -110.859795, 33.393203 ], [ -110.860118, 33.400401 ], [ -110.860059, 33.402665 ], [ -110.860066, 33.402982 ], [ -110.860037, 33.404529 ], [ -110.860458, 33.404159 ], [ -110.864214, 33.401626 ], [ -110.865011, 33.40166 ], [ -110.865994, 33.402504 ], [ -110.868834, 33.402095 ], [ -110.870558, 33.400969 ], [ -110.871623, 33.40217 ], [ -110.876575, 33.400393 ], [ -110.878875, 33.394945 ], [ -110.885447, 33.396142 ], [ -110.885916, 33.394542 ], [ -110.879566, 33.392653 ], [ -110.880373, 33.391262 ], [ -110.884929, 33.390039 ], [ -110.890841, 33.385143 ], [ -110.88708, 33.387785 ] ] ] } },
{ "type": "Feature", "properties": { "GEOID": "0474400", "NAME": "Tombstone city, Arizona", "population": 1376.0 }, "geometry": { "type": "Polygon", "coordinates": [ [ [ -110.1125, 31.716487 ], [ -110.100114, 31.71632 ], [ -110.100323, 31.701784 ], [ -110.081918, 31.70154 ], [ -110.081853, 31.703158 ], [ -110.065894, 31.703243 ], [ -110.058176, 31.70281 ], [ -110.05654, 31.705177 ], [ -110.056041, 31.702805 ], [ -110.049707, 31.702792 ], [ -110.047857, 31.702826 ], [ -110.047634, 31.709438 ], [ -110.047701, 31.715272 ], [ -110.044048, 31.715336 ], [ -110.043657, 31.721959 ], [ -110.043741, 31.724354 ], [ -110.046157, 31.724367 ], [ -110.045911, 31.727035 ], [ -110.043907, 31.727046 ], [ -110.043917, 31.730022 ], [ -110.047107, 31.730214 ], [ -110.046813, 31.732469 ], [ -110.047135, 31.732675 ], [ -110.060245, 31.732578 ], [ -110.060726, 31.732577 ], [ -110.060619, 31.734346 ], [ -110.069998, 31.734426 ], [ -110.070077, 31.733022 ], [ -110.078634, 31.732942 ], [ -110.078634, 31.745712 ], [ -110.094901, 31.7455 ], [ -110.095166, 31.751381 ], [ -110.094954, 31.760574 ], [ -110.103273, 31.760707 ], [ -110.10398, 31.730046 ], [ -110.11226, 31.730263 ], [ -110.1125, 31.716487 ] ] ] } },
{ "type": "Feature", "properties": { "GEOID": "0425720", "NAME": "Fredonia town, Arizona", "population": 1290.0 }, "geometry": { "type": "Polygon", "coordinates": [ [ [ -112.54586, 36.932438 ], [ -112.540596, 36.931625 ], [ -112.530694, 36.932441 ], [ -112.517893, 36.932457 ], [ -112.517862, 36.917869 ], [ -112.5043, 36.917869 ], [ -112.504265, 36.933513 ], [ -112.504442, 37.0007646 ], [ -112.5297769, 37.0006972 ], [ -112.530516, 36.997654 ], [ -112.530486, 36.993989 ], [ -112.531616, 36.993983 ], [ -112.531589, 36.990357 ], [ -112.536434, 36.990329 ], [ -112.536406, 36.986707 ], [ -112.540657, 36.986685 ], [ -112.540665, 36.982371 ], [ -112.539574, 36.981494 ], [ -112.539834, 36.980856 ], [ -112.537814, 36.979715 ], [ -112.538985, 36.97844 ], [ -112.535281, 36.975831 ], [ -112.534706, 36.974067 ], [ -112.535314, 36.97187 ], [ -112.532653, 36.971468 ], [ -112.533026, 36.970137 ], [ -112.530849, 36.966888 ], [ -112.531033, 36.963315 ], [ -112.53006, 36.961792 ], [ -112.530321, 36.960554 ], [ -112.53169, 36.958965 ], [ -112.531843, 36.955451 ], [ -112.529581, 36.953623 ], [ -112.529299, 36.952437 ], [ -112.53301, 36.948313 ], [ -112.535571, 36.946585 ], [ -112.537829, 36.944082 ], [ -112.540408, 36.943245 ], [ -112.544959, 36.938759 ], [ -112.545566, 36.936076 ], [ -112.544633, 36.93465 ], [ -112.54586, 36.932438 ] ] ] } },
{ "type": "Feature", "properties": { "GEOID": "0443990", "NAME": "Mammoth town, Arizona", "population": 1149.0 }, "geometry": { "type": "Polygon", "coordinates": [ [ [ -110.790994, 32.673441 ], [ -110.782403, 32.673424 ], [ -110.782417, 32.658904 ], [ -110.773838, 32.658885 ], [ -110.773939, 32.630241 ], [ -110.773928, 32.62344 ], [ -110.752902, 32.624367 ], [ -110.748463, 32.624882 ], [ -110.745645, 32.625855 ], [ -110.742846, 32.628241 ], [ -110.741114, 32.630501 ], [ -110.73994, 32.6305 ], [ -110.739944, 32.631967 ], [ -110.738712, 32.632919 ], [ -110.735386, 32.634326 ], [ -110.733392, 32.635677 ], [ -110.727181, 32.63791 ], [ -110.724034, 32.640206 ], [ -110.72335, 32.643117 ], [ -110.722263, 32.64495 ], [ -110.720094, 32.646391 ], [ -110.715742, 32.647931 ], [ -110.710566, 32.650265 ], [ -110.705715, 32.651915 ], [ -110.705713, 32.659439 ], [ -110.722812, 32.65942 ], [ -110.722841, 32.669835 ], [ -110.722812, 32.686703 ], [ -110.713843, 32.686729 ], [ -110.713993, 32.693925 ], [ -110.705512, 32.693935 ], [ -110.705683, 32.701096 ], [ -110.693464, 32.700969 ], [ -110.693364, 32.704696 ], [ -110.690093, 32.70469 ], [ -110.691993, 32.705647 ], [ -110.691015, 32.707073 ], [ -110.692752, 32.707951 ], [ -110.690385, 32.712437 ], [ -110.688987, 32.713616 ], [ -110.688583, 32.722833 ], [ -110.671507, 32.722967 ], [ -110.671542, 32.715796 ], [ -110.65487, 32.71599 ], [ -110.654799, 32.723118 ], [ -110.658975, 32.723081 ], [ -110.658913, 32.73022 ], [ -110.654727, 32.730247 ], [ -110.654732, 32.73742 ], [ -110.650467, 32.737405 ], [ -110.649835, 32.735608 ], [ -110.650456, 32.733732 ], [ -110.650521, 32.723095 ], [ -110.648382, 32.723083 ], [ -110.648332, 32.719516 ], [ -110.646269, 32.719506 ], [ -110.646296, 32.715942 ], [ -110.646084, 32.708868 ], [ -110.642222, 32.708641 ], [ -110.637536, 32.708619 ], [ -110.637638, 32.722161 ], [ -110.637633, 32.723025 ], [ -110.641917, 32.726298 ], [ -110.641892, 32.730201 ], [ -110.643668, 32.730209 ], [ -110.643672, 32.73565 ], [ -110.645785, 32.73575 ], [ -110.646193, 32.736992 ], [ -110.648845, 32.73594 ], [ -110.648975, 32.73801 ], [ -110.648825, 32.739604 ], [ -110.648492, 32.740957 ], [ -110.654735, 32.741006 ], [ -110.654737, 32.744593 ], [ -110.705772, 32.744384 ], [ -110.705601, 32.715586 ], [ -110.730778, 32.715625 ], [ -110.730847, 32.701156 ], [ -110.739286, 32.701177 ], [ -110.739382, 32.686666 ], [ -110.755567, 32.686637 ], [ -110.756245, 32.701183 ], [ -110.790572, 32.701111 ], [ -110.790555, 32.686572 ], [ -110.790994, 32.673441 ] ] ] } },
{ "type": "Feature", "properties": { "GEOID": "0453490", "NAME": "Patagonia town, Arizona", "population": 771.0 }, "geometry": { "type": "Polygon", "coordinates": [ [ [ -110.764713, 31.537503 ], [ -110.762534, 31.539638 ], [ -110.762425, 31.536852 ], [ -110.762399, 31.536168 ], [ -110.750098, 31.536087 ], [ -110.750104, 31.539481 ], [ -110.747162, 31.537746 ], [ -110.747897, 31.539829 ], [ -110.745671, 31.540026 ], [ -110.732906, 31.540061 ], [ -110.732896, 31.543158 ], [ -110.733287, 31.550689 ], [ -110.750187, 31.550656 ], [ -110.75026, 31.547122 ], [ -110.75821, 31.547184 ], [ -110.760501, 31.545127 ], [ -110.759968, 31.543619 ], [ -110.762426, 31.543541 ], [ -110.76244, 31.541429 ], [ -110.764869, 31.54085 ], [ -110.764713, 31.537503 ] ] ] } },
{ "type": "Feature", "properties": { "GEOID": "0420750", "NAME": "Duncan town, Arizona", "population": 672.0 }, "geometry": { "type": "Polygon", "coordinates": [ [ [ -109.114619, 32.715665 ], [ -109.108009, 32.715649 ], [ -109.108011, 32.708367 ], [ -109.105512, 32.708392 ], [ -109.105433, 32.707029 ], [ -109.103427, 32.705464 ], [ -109.103456, 32.708346 ], [ -109.094129, 32.708215 ], [ -109.095794, 32.711582 ], [ -109.098547, 32.715361 ], [ -109.097841, 32.715867 ], [ -109.099936, 32.718337 ], [ -109.099057, 32.71889 ], [ -109.10247, 32.722749 ], [ -109.100081, 32.724209 ], [ -109.09498, 32.727674 ], [ -109.092344, 32.730936 ], [ -109.09197, 32.734689 ], [ -109.090648, 32.735395 ], [ -109.090726, 32.737423 ], [ -109.08619, 32.737506 ], [ -109.086441, 32.7443 ], [ -109.08251, 32.744341 ], [ -109.082453, 32.760109 ], [ -109.086797, 32.760094 ], [ -109.086778, 32.762619 ], [ -109.091355, 32.762687 ], [ -109.091362, 32.759296 ], [ -109.095482, 32.759302 ], [ -109.095635, 32.748261 ], [ -109.093221, 32.748306 ], [ -109.093179, 32.744509 ], [ -109.092724, 32.742103 ], [ -109.09236, 32.736296 ], [ -109.090777, 32.735548 ], [ -109.09199, 32.734814 ], [ -109.093819, 32.738704 ], [ -109.097232, 32.741953 ], [ -109.095904, 32.744556 ], [ -109.101722, 32.744552 ], [ -109.102744, 32.744262 ], [ -109.097359, 32.741121 ], [ -109.09393, 32.737763 ], [ -109.092978, 32.734308 ], [ -109.093198, 32.731974 ], [ -109.095415, 32.72843 ], [ -109.095434, 32.730221 ], [ -109.099236, 32.730201 ], [ -109.099157, 32.726909 ], [ -109.098392, 32.725468 ], [ -109.100161, 32.724342 ], [ -109.102628, 32.722911 ], [ -109.104452, 32.724989 ], [ -109.105539, 32.724252 ], [ -109.107871, 32.726644 ], [ -109.108978, 32.726636 ], [ -109.112228, 32.730206 ], [ -109.114335, 32.730173 ], [ -109.114619, 32.715665 ] ] ] } },
{ "type": "Feature", "properties": { "GEOID": "0477490", "NAME": "Tusayan town, Arizona", "population": 581.0 }, "geometry": { "type": "Polygon", "coordinates": [ [ [ -112.172545, 35.928343 ], [ -112.154732, 35.928374 ], [ -112.154736, 35.933683 ], [ -112.113708, 35.933774 ], [ -112.074685, 35.933707 ], [ -112.074671, 35.92653 ], [ -112.05717, 35.926501 ], [ -112.052425, 35.926495 ], [ -112.052418, 35.931203 ], [ -112.052414, 35.933807 ], [ -112.052402, 35.941012 ], [ -112.065791, 35.94096 ], [ -112.065736, 35.948226 ], [ -112.071279, 35.948249 ], [ -112.071277, 35.952792 ], [ -112.079056, 35.952826 ], [ -112.079044, 35.957367 ], [ -112.092425, 35.957406 ], [ -112.09242, 35.959224 ], [ -112.095775, 35.959231 ], [ -112.095764, 35.962869 ], [ -112.101351, 35.962881 ], [ -112.101356, 35.977381 ], [ -112.112919, 35.977407 ], [ -112.112957, 35.99182 ], [ -112.137445, 35.991813 ], [ -112.154718, 35.991748 ], [ -112.154742, 35.95185 ], [ -112.159207, 35.951857 ], [ -112.159213, 35.948232 ], [ -112.172584, 35.948259 ], [ -112.172545, 35.928343 ] ] ] } },
{ "type": "Feature", "properties": { "GEOID": "0432020", "NAME": "Hayden town, Arizona", "population": 510.0 }, "geometry": { "type": "Polygon", "coordinates": [ [ [ -110.787878, 32.998941 ], [ -110.784347, 32.993119 ], [ -110.7859, 32.989204 ], [ -110.786346, 32.989937 ], [ -110.787059, 32.987395 ], [ -110.785013, 32.987746 ], [ -110.784914, 32.987584 ], [ -110.782486, 32.990251 ], [ -110.783951, 32.987186 ], [ -110.774708, 32.98549 ], [ -110.774754, 32.994059 ], [ -110.774783, 32.996989 ], [ -110.774284, 33.000065 ], [ -110.774512, 33.010409 ], [ -110.785991, 33.010498 ], [ -110.787569, 33.010137 ], [ -110.793054, 33.002783 ], [ -110.787878, 32.998941 ] ] ] } },
{ "type": "Feature", "properties": { "GEOID": "0436290", "NAME": "Jerome town, Arizona", "population": 452.0 }, "geometry": { "type": "Polygon", "coordinates": [ [ [ -112.119438, 34.749719 ], [ -112.109805, 34.739669 ], [ -112.094938, 34.744357 ], [ -112.102415, 34.753333 ], [ -112.112213, 34.751226 ], [ -112.116927, 34.753947 ], [ -112.119438, 34.749719 ] ] ] } },
{ "type": "Feature", "properties": { "GEOID": "0483790", "NAME": "Winkelman town, Arizona", "population": 290.0 }, "geometry": { "type": "MultiPolygon", "coordinates": [ [ [ [ -110.767619, 32.976972 ], [ -110.766689, 32.975946 ], [ -110.757452, 32.97589 ], [ -110.757487, 32.990349 ], [ -110.763792, 32.990352 ], [ -110.764897, 32.986435 ], [ -110.765905, 32.986435 ], [ -110.766102, 32.985534 ], [ -110.766008, 32.978509 ], [ -110.768613, 32.978536 ], [ -110.767619, 32.976972 ] ] ], [ [ [ -110.774822, 32.984662 ], [ -110.773985, 32.984952 ], [ -110.772443, 32.985081 ], [ -110.765905, 32.986435 ], [ -110.765982, 32.990349 ], [ -110.766754, 32.994101 ], [ -110.774754, 32.994059 ], [ -110.774708, 32.98549 ], [ -110.774822, 32.984662 ] ] ] ] } }
]
}
