{
"type": "FeatureCollection",
"name": "places-ME",
"crs": { "type": "name", "properties": { "name": "urn:ogc:def:crs:OGC:1.3:CRS84" } },
"features": [
{ "type": "Feature", "properties": { "GEOID": "2360545", "NAME": "Portland", "NAMELSAD": "Portland city", "STUSPS": "ME", "STATE_NAME": "Maine", "LSAD": "25", "place_type": "Incorporated place", "population": 68854.0, "moe": 52.0 }, "geometry": { "type": "MultiPolygon", "coordinates": [ [ [ [ -70.096039, 43.672276 ], [ -70.088455, 43.681454 ], [ -70.0880359, 43.6848034 ], [ -70.091276, 43.686354 ], [ -70.0933024, 43.687168 ], [ -70.101227, 43.675468 ], [ -70.096039, 43.672276 ] ] ], [ [ [ -70.118291, 43.683343 ], [ -70.115908, 43.682978 ], [ -70.104426, 43.694579 ], [ -70.099594, 43.695366 ], [ -70.093704, 43.6918 ], [ -70.087621, 43.699913 ], [ -70.091929, 43.698111 ], [ -70.097184, 43.700929 ], [ -70.092137, 43.709468 ], [ -70.093113, 43.710524 ], [ -70.095727, 43.709278 ], [ -70.100683, 43.705962 ], [ -70.103475, 43.700938 ], [ -70.115961, 43.689202 ], [ -70.118174, 43.686375 ], [ -70.118291, 43.683343 ] ] ], [ [ [ -70.199736, 43.649366 ], [ -70.194982, 43.649882 ], [ -70.190229, 43.651602 ], [ -70.184049, 43.651086 ], [ -70.179592, 43.655384 ], [ -70.176664, 43.659768 ], [ -70.17718, 43.663447 ], [ -70.182147, 43.665702 ], [ -70.18191, 43.67 ], [ -70.18191, 43.673438 ], [ -70.1821331, 43.6737608 ], [ -70.183098, 43.675157 ], [ -70.187139, 43.673954 ], [ -70.189753, 43.670688 ], [ -70.193794, 43.668109 ], [ -70.197834, 43.663123 ], [ -70.200686, 43.662951 ], [ -70.199498, 43.654525 ], [ -70.201162, 43.651945 ], [ -70.199736, 43.649366 ] ] ], [ [ [ -70.210082, 43.640492 ], [ -70.208235, 43.639406 ], [ -70.207352, 43.639649 ], [ -70.206022, 43.639327 ], [ -70.205715, 43.638866 ], [ -70.205941, 43.638429 ], [ -70.205581, 43.63802 ], [ -70.206713, 43.636544 ], [ -70.206741, 43.635331 ], [ -70.20701, 43.634288 ], [ -70.205934, 43.633633 ], [ -70.197405, 43.638743 ], [ -70.190704, 43.645582 ], [ -70.192605, 43.646958 ], [ -70.194229, 43.645613 ], [ -70.195321, 43.645416 ], [ -70.197462, 43.644633 ], [ -70.198563, 43.645514 ], [ -70.200203, 43.64613 ], [ -70.201148, 43.645674 ], [ -70.20225, 43.645203 ], [ -70.203497, 43.646052 ], [ -70.202775, 43.647011 ], [ -70.203426, 43.647186 ], [ -70.207374, 43.644553 ], [ -70.207417, 43.644094 ], [ -70.206867, 43.643564 ], [ -70.207295, 43.642731 ], [ -70.208592, 43.641891 ], [ -70.20973, 43.641477 ], [ -70.210082, 43.640492 ] ] ], [ [ [ -70.21313, 43.662973 ], [ -70.210825, 43.661695 ], [ -70.203539, 43.666733 ], [ -70.200211, 43.670516 ], [ -70.193081, 43.673438 ], [ -70.189278, 43.679111 ], [ -70.187852, 43.683752 ], [ -70.1870223, 43.6854522 ], [ -70.1911767, 43.6904712 ], [ -70.192605, 43.689767 ], [ -70.196535, 43.688784 ], [ -70.201893, 43.685483 ], [ -70.204951, 43.681855 ], [ -70.206153, 43.671719 ], [ -70.213948, 43.666161 ], [ -70.21313, 43.662973 ] ] ], [ [ [ -70.347399, 43.645342 ], [ -70.328756, 43.647692 ], [ -70.327755, 43.647811 ], [ -70.313663, 43.64958 ], [ -70.317214, 43.645973 ], [ -70.313024, 43.645558 ], [ -70.302508, 43.646511 ], [ -70.300029, 43.646071 ], [ -70.297384, 43.646822 ], [ -70.292791, 43.645688 ], [ -70.291033, 43.645519 ], [ -70.286957, 43.645723 ], [ -70.284239, 43.643208 ], [ -70.282574, 43.640321 ], [ -70.282079, 43.639777 ], [ -70.280897, 43.639052 ], [ -70.275372, 43.640966 ], [ -70.271483, 43.641768 ], [ -70.26433, 43.641821 ], [ -70.262229, 43.641916 ], [ -70.258005, 43.645063 ], [ -70.25431, 43.647603 ], [ -70.2389508, 43.6579914 ], [ -70.240987, 43.659132 ], [ -70.24228, 43.662607 ], [ -70.2415453, 43.6632011 ], [ -70.23824, 43.665874 ], [ -70.240379, 43.670516 ], [ -70.2422535, 43.6709094 ], [ -70.247321, 43.671973 ], [ -70.252961, 43.67501 ], [ -70.2528271, 43.6752523 ], [ -70.252025, 43.676704 ], [ -70.2519289, 43.6770783 ], [ -70.2519038, 43.6771763 ], [ -70.2509096, 43.6810501 ], [ -70.250826, 43.681376 ], [ -70.25125, 43.6816 ], [ -70.250879, 43.682397 ], [ -70.250909, 43.683269 ], [ -70.251279, 43.683743 ], [ -70.251705, 43.683877 ], [ -70.251408, 43.685176 ], [ -70.250341, 43.686334 ], [ -70.249146, 43.687063 ], [ -70.247956, 43.68721 ], [ -70.247466, 43.68693 ], [ -70.246485, 43.68689 ], [ -70.244657, 43.688221 ], [ -70.244668, 43.689275 ], [ -70.245274, 43.689665 ], [ -70.246216, 43.689901 ], [ -70.2456811, 43.6904015 ], [ -70.248698, 43.694696 ], [ -70.250919, 43.700147 ], [ -70.255948, 43.700933 ], [ -70.259559, 43.701453 ], [ -70.266402, 43.702457 ], [ -70.266887, 43.701286 ], [ -70.270696, 43.70044 ], [ -70.272119, 43.702074 ], [ -70.273882, 43.703441 ], [ -70.274661, 43.705368 ], [ -70.277346, 43.7055 ], [ -70.277241, 43.710867 ], [ -70.277069, 43.71385 ], [ -70.282705, 43.716632 ], [ -70.277753, 43.722275 ], [ -70.280372, 43.7225 ], [ -70.285746, 43.727686 ], [ -70.292425, 43.7259 ], [ -70.294176, 43.723942 ], [ -70.299335, 43.720146 ], [ -70.300294, 43.720266 ], [ -70.304284, 43.723185 ], [ -70.304246, 43.723873 ], [ -70.307825, 43.724019 ], [ -70.30968, 43.722557 ], [ -70.309907, 43.720411 ], [ -70.311252, 43.719902 ], [ -70.314477, 43.718225 ], [ -70.317125, 43.717461 ], [ -70.317427, 43.714653 ], [ -70.32038, 43.712099 ], [ -70.32304, 43.710324 ], [ -70.325513, 43.70773 ], [ -70.32282, 43.706361 ], [ -70.323167, 43.704709 ], [ -70.324875, 43.703415 ], [ -70.326411, 43.700854 ], [ -70.329353, 43.698641 ], [ -70.3301, 43.692906 ], [ -70.333468, 43.690822 ], [ -70.33635, 43.689787 ], [ -70.336082, 43.689239 ], [ -70.333025, 43.68638 ], [ -70.331753, 43.683983 ], [ -70.329142, 43.679437 ], [ -70.329811, 43.677145 ], [ -70.331492, 43.672189 ], [ -70.33301, 43.667521 ], [ -70.332247, 43.667345 ], [ -70.335097, 43.661882 ], [ -70.33743, 43.662045 ], [ -70.345326, 43.654739 ], [ -70.340797, 43.652258 ], [ -70.347399, 43.645342 ] ] ] ] } },
{ "type": "Feature", "properties": { "GEOID": "2338740", "NAME": "Lewiston", "NAMELSAD": "Lewiston city", "STUSPS": "ME", "STATE_NAME": "Maine", "LSAD": "25", "place_type": "Incorporated place", "population": 38324.0, "moe": 26.0 }, "geometry": { "type": "MultiPolygon", "coordinates": [ [ [ [ -70.223886, 44.091786 ], [ -70.222068, 44.089855 ], [ -70.221346, 44.089386 ], [ -70.216035, 44.086331 ], [ -70.213898, 44.084773 ], [ -70.209054, 44.080307 ], [ -70.207584, 44.078024 ], [ -70.208159, 44.069472 ], [ -70.207253, 44.064529 ], [ -70.205387, 44.063113 ], [ -70.202382, 44.062091 ], [ -70.201089, 44.060459 ], [ -70.199433, 44.056432 ], [ -70.192827, 44.048939 ], [ -70.188519, 44.046139 ], [ -70.187592, 44.04518 ], [ -70.186659, 44.042921 ], [ -70.185424, 44.036465 ], [ -70.184071, 44.033225 ], [ -70.181969, 44.030347 ], [ -70.18078, 44.027258 ], [ -70.178581, 44.024489 ], [ -70.175308, 44.022287 ], [ -70.170903, 44.020971 ], [ -70.167152, 44.019178 ], [ -70.166551, 44.017851 ], [ -70.166439, 44.011217 ], [ -70.165881, 44.00935 ], [ -70.165058, 44.008354 ], [ -70.158558, 44.005346 ], [ -70.14525, 44.019731 ], [ -70.143079, 44.022059 ], [ -70.140515, 44.030754 ], [ -70.128863, 44.060198 ], [ -70.126793, 44.06559 ], [ -70.124829, 44.073364 ], [ -70.124269, 44.077658 ], [ -70.123982, 44.079707 ], [ -70.118186, 44.100735 ], [ -70.116223, 44.107762 ], [ -70.11673, 44.109264 ], [ -70.11875, 44.115394 ], [ -70.115914, 44.12515 ], [ -70.115252, 44.126237 ], [ -70.140201, 44.137977 ], [ -70.163881, 44.149222 ], [ -70.184396, 44.159671 ], [ -70.199752, 44.167507 ], [ -70.201897, 44.165044 ], [ -70.202514, 44.162513 ], [ -70.206727, 44.156659 ], [ -70.210532, 44.151781 ], [ -70.210749, 44.151091 ], [ -70.209736, 44.148877 ], [ -70.208249, 44.14716 ], [ -70.205774, 44.145314 ], [ -70.202082, 44.140189 ], [ -70.200883, 44.139252 ], [ -70.202546, 44.133224 ], [ -70.203775, 44.131726 ], [ -70.207911, 44.127699 ], [ -70.21011, 44.122395 ], [ -70.212752, 44.11922 ], [ -70.216431, 44.116705 ], [ -70.216924, 44.115759 ], [ -70.216692, 44.113538 ], [ -70.217262, 44.111511 ], [ -70.221668, 44.107957 ], [ -70.223291, 44.105265 ], [ -70.222433, 44.101422 ], [ -70.222365, 44.100202 ], [ -70.222745, 44.097781 ], [ -70.224262, 44.093933 ], [ -70.223886, 44.091786 ] ] ] ] } },
{ "type": "Feature", "properties": { "GEOID": "2302795", "NAME": "Bangor", "NAMELSAD": "Bangor city", "STUSPS": "ME", "STATE_NAME": "Maine", "LSAD": "25", "place_type": "Incorporated place", "population": 31938.0, "moe": 28.0 }, "geometry": { "type": "MultiPolygon", "coordinates": [ [ [ [ -68.851786, 44.837274 ], [ -68.848617, 44.825044 ], [ -68.848407, 44.824232 ], [ -68.836429, 44.777536 ], [ -68.791752, 44.783378 ], [ -68.783829, 44.779561 ], [ -68.781153, 44.77829 ], [ -68.776274, 44.782462 ], [ -68.77512, 44.784192 ], [ -68.772033, 44.791451 ], [ -68.76998, 44.793971 ], [ -68.768222, 44.796138 ], [ -68.764095, 44.798993 ], [ -68.76355, 44.799256 ], [ -68.762983, 44.799504 ], [ -68.755868, 44.802626 ], [ -68.749793, 44.806394 ], [ -68.746261, 44.809109 ], [ -68.744104, 44.809829 ], [ -68.741795, 44.809945 ], [ -68.733488, 44.814216 ], [ -68.729965, 44.816417 ], [ -68.723966, 44.819158 ], [ -68.718736, 44.820383 ], [ -68.718941, 44.822487 ], [ -68.719464, 44.824536 ], [ -68.722449, 44.835808 ], [ -68.725777, 44.835384 ], [ -68.728935, 44.847638 ], [ -68.730812, 44.854967 ], [ -68.720882, 44.863738 ], [ -68.741367, 44.878905 ], [ -68.744379, 44.880181 ], [ -68.78459, 44.874986 ], [ -68.795219, 44.873519 ], [ -68.836342, 44.867995 ], [ -68.838602, 44.867692 ], [ -68.84322, 44.867068 ], [ -68.859041, 44.864937 ], [ -68.851786, 44.837274 ] ] ] ] } },
{ "type": "Feature", "properties": { "GEOID": "2371990", "NAME": "South Portland", "NAMELSAD": "South Portland city", "STUSPS": "ME", "STATE_NAME": "Maine", "LSAD": "25", "place_type": "Incorporated place", "population": 26930.0, "moe": 31.0 }, "geometry": { "type": "MultiPolygon", "coordinates": [ [ [ [ -70.370545, 43.642438 ], [ -70.346182, 43.630345 ], [ -70.346043, 43.630269 ], [ -70.337061, 43.625737 ], [ -70.312653, 43.613509 ], [ -70.300822, 43.607501 ], [ -70.300352, 43.607278 ], [ -70.294482, 43.604285 ], [ -70.287913, 43.600942 ], [ -70.281078, 43.597494 ], [ -70.27578, 43.603092 ], [ -70.27615, 43.605393 ], [ -70.271767, 43.609944 ], [ -70.268807, 43.610326 ], [ -70.268222, 43.609095 ], [ -70.266343, 43.611307 ], [ -70.266341, 43.613391 ], [ -70.269687, 43.615168 ], [ -70.265824, 43.617655 ], [ -70.265816, 43.618619 ], [ -70.261541, 43.617964 ], [ -70.258426, 43.621654 ], [ -70.2578, 43.620603 ], [ -70.255732, 43.619922 ], [ -70.25351, 43.619106 ], [ -70.251939, 43.618533 ], [ -70.248999, 43.622072 ], [ -70.248381, 43.620625 ], [ -70.248033, 43.621624 ], [ -70.241802, 43.62702 ], [ -70.240944, 43.628895 ], [ -70.238595, 43.630068 ], [ -70.235923, 43.631809 ], [ -70.233589, 43.633554 ], [ -70.231828, 43.632894 ], [ -70.227372, 43.633786 ], [ -70.225844, 43.634095 ], [ -70.2216491, 43.6339325 ], [ -70.22299, 43.639023 ], [ -70.224217, 43.642142 ], [ -70.2258297, 43.6428105 ], [ -70.226704, 43.643173 ], [ -70.225167, 43.650226 ], [ -70.22802, 43.650226 ], [ -70.231592, 43.651077 ], [ -70.2345158, 43.6551738 ], [ -70.234912, 43.655729 ], [ -70.2389508, 43.6579914 ], [ -70.25431, 43.647603 ], [ -70.258005, 43.645063 ], [ -70.262229, 43.641916 ], [ -70.26433, 43.641821 ], [ -70.271483, 43.641768 ], [ -70.275372, 43.640966 ], [ -70.280897, 43.639052 ], [ -70.282079, 43.639777 ], [ -70.282574, 43.640321 ], [ -70.284239, 43.643208 ], [ -70.286957, 43.645723 ], [ -70.291033, 43.645519 ], [ -70.292791, 43.645688 ], [ -70.297384, 43.646822 ], [ -70.300029, 43.646071 ], [ -70.302508, 43.646511 ], [ -70.313024, 43.645558 ], [ -70.317214, 43.645973 ], [ -70.313663, 43.64958 ], [ -70.327755, 43.647811 ], [ -70.328756, 43.647692 ], [ -70.347399, 43.645342 ], [ -70.370545, 43.642438 ] ] ] ] } },
{ "type": "Feature", "properties": { "GEOID": "2302060", "NAME": "Auburn", "NAMELSAD": "Auburn city", "STUSPS": "ME", "STATE_NAME": "Maine", "LSAD": "25", "place_type": "Incorporated place", "population": 24602.0, "moe": 29.0 }, "geometry": { "type": "MultiPolygon", "coordinates": [ [ [ [ -70.315784, 44.094942 ], [ -70.314192, 44.092628 ], [ -70.315461, 44.092105 ], [ -70.315085, 44.089057 ], [ -70.313212, 44.087512 ], [ -70.31356, 44.085775 ], [ -70.311916, 44.084349 ], [ -70.311198, 44.081922 ], [ -70.307785, 44.079643 ], [ -70.306602, 44.07994 ], [ -70.302358, 44.078813 ], [ -70.300485, 44.076696 ], [ -70.2984, 44.076022 ], [ -70.295197, 44.073992 ], [ -70.294419, 44.070976 ], [ -70.293216, 44.068973 ], [ -70.293776, 44.065986 ], [ -70.293327, 44.065019 ], [ -70.291388, 44.064622 ], [ -70.288825, 44.064782 ], [ -70.314834, 44.03739 ], [ -70.29294, 44.02141 ], [ -70.292793, 44.021307 ], [ -70.265173, 44.001158 ], [ -70.253135, 43.992404 ], [ -70.229244, 43.974064 ], [ -70.224622, 43.978583 ], [ -70.219832, 43.975775 ], [ -70.211818, 43.979359 ], [ -70.170903, 44.020971 ], [ -70.175308, 44.022287 ], [ -70.178581, 44.024489 ], [ -70.18078, 44.027258 ], [ -70.181969, 44.030347 ], [ -70.184071, 44.033225 ], [ -70.185424, 44.036465 ], [ -70.186659, 44.042921 ], [ -70.187592, 44.04518 ], [ -70.188519, 44.046139 ], [ -70.192827, 44.048939 ], [ -70.199433, 44.056432 ], [ -70.201089, 44.060459 ], [ -70.202382, 44.062091 ], [ -70.205387, 44.063113 ], [ -70.207253, 44.064529 ], [ -70.208159, 44.069472 ], [ -70.207584, 44.078024 ], [ -70.209054, 44.080307 ], [ -70.213898, 44.084773 ], [ -70.216035, 44.086331 ], [ -70.221346, 44.089386 ], [ -70.222068, 44.089855 ], [ -70.223886, 44.091786 ], [ -70.224262, 44.093933 ], [ -70.222745, 44.097781 ], [ -70.222365, 44.100202 ], [ -70.222433, 44.101422 ], [ -70.223291, 44.105265 ], [ -70.221668, 44.107957 ], [ -70.217262, 44.111511 ], [ -70.216692, 44.113538 ], [ -70.216924, 44.115759 ], [ -70.216431, 44.116705 ], [ -70.212752, 44.11922 ], [ -70.21011, 44.122395 ], [ -70.207911, 44.127699 ], [ -70.203775, 44.131726 ], [ -70.202546, 44.133224 ], [ -70.200883, 44.139252 ], [ -70.202082, 44.140189 ], [ -70.205774, 44.145314 ], [ -70.208249, 44.14716 ], [ -70.209736, 44.148877 ], [ -70.210749, 44.151091 ], [ -70.210532, 44.151781 ], [ -70.206727, 44.156659 ], [ -70.202514, 44.162513 ], [ -70.201897, 44.165044 ], [ -70.199752, 44.167507 ], [ -70.199686, 44.168381 ], [ -70.200207, 44.169379 ], [ -70.207099, 44.175307 ], [ -70.212493, 44.178572 ], [ -70.274586, 44.194971 ], [ -70.289978, 44.199056 ], [ -70.290878, 44.196795 ], [ -70.293063, 44.193687 ], [ -70.29154, 44.193079 ], [ -70.293375, 44.187922 ], [ -70.293911, 44.183351 ], [ -70.296065, 44.179334 ], [ -70.297776, 44.177104 ], [ -70.298635, 44.174528 ], [ -70.301986, 44.170245 ], [ -70.295758, 44.16585 ], [ -70.291564, 44.161662 ], [ -70.288813, 44.160198 ], [ -70.292332, 44.156769 ], [ -70.292144, 44.153697 ], [ -70.295405, 44.150175 ], [ -70.295429, 44.148086 ], [ -70.300745, 44.142588 ], [ -70.299116, 44.13675 ], [ -70.297, 44.13473 ], [ -70.298979, 44.132736 ], [ -70.301369, 44.131989 ], [ -70.299055, 44.130538 ], [ -70.297373, 44.131858 ], [ -70.296674, 44.128085 ], [ -70.298267, 44.126311 ], [ -70.29691, 44.125332 ], [ -70.299995, 44.122312 ], [ -70.299094, 44.118766 ], [ -70.301714, 44.112673 ], [ -70.300808, 44.111936 ], [ -70.304121, 44.108279 ], [ -70.302964, 44.10732 ], [ -70.306422, 44.103485 ], [ -70.304807, 44.101527 ], [ -70.307976, 44.098209 ], [ -70.314498, 44.100642 ], [ -70.316236, 44.096638 ], [ -70.315784, 44.094942 ] ] ] ] } },
{ "type": "Feature", "properties": { "GEOID": "2304860", "NAME": "Biddeford", "NAMELSAD": "Biddeford city", "STUSPS": "ME", "STATE_NAME": "Maine", "LSAD": "25", "place_type": "Incorporated place", "population": 22498.0, "moe": 22.0 }, "geometry": { "type": "MultiPolygon", "coordinates": [ [ [ [ -70.565302, 43.494324 ], [ -70.494507, 43.460998 ], [ -70.49216, 43.459875 ], [ -70.481998, 43.454995 ], [ -70.476865, 43.452541 ], [ -70.446118, 43.438005 ], [ -70.43631, 43.433209 ], [ -70.407593, 43.420586 ], [ -70.40546, 43.419657 ], [ -70.401433, 43.420454 ], [ -70.395388, 43.422482 ], [ -70.392988, 43.422057 ], [ -70.392866, 43.419024 ], [ -70.390339, 43.413179 ], [ -70.39242, 43.413059 ], [ -70.392609, 43.411373 ], [ -70.39545, 43.410735 ], [ -70.397448, 43.408676 ], [ -70.396943, 43.406998 ], [ -70.398626, 43.403209 ], [ -70.399119, 43.401262 ], [ -70.3999632, 43.4008153 ], [ -70.400564, 43.395589 ], [ -70.399209, 43.394055 ], [ -70.39786, 43.394171 ], [ -70.390951, 43.401679 ], [ -70.389306, 43.405917 ], [ -70.380949, 43.411446 ], [ -70.380631, 43.413295 ], [ -70.387027, 43.414673 ], [ -70.383224, 43.418989 ], [ -70.377045, 43.420715 ], [ -70.376638, 43.427644 ], [ -70.370514, 43.434133 ], [ -70.362015, 43.439077 ], [ -70.349684, 43.442032 ], [ -70.343813, 43.440114 ], [ -70.338778, 43.443499 ], [ -70.33739, 43.446692 ], [ -70.332836, 43.446432 ], [ -70.334783, 43.45149 ], [ -70.329475, 43.45514 ], [ -70.327303, 43.458521 ], [ -70.337262, 43.457243 ], [ -70.341319, 43.457675 ], [ -70.357549, 43.457833 ], [ -70.36097, 43.456517 ], [ -70.3620255, 43.4546829 ], [ -70.363497, 43.452126 ], [ -70.367364, 43.452264 ], [ -70.37223, 43.45508 ], [ -70.3776246, 43.4612478 ], [ -70.386258, 43.462153 ], [ -70.390898, 43.463069 ], [ -70.392521, 43.463791 ], [ -70.394029, 43.465026 ], [ -70.398615, 43.472394 ], [ -70.400137, 43.47371 ], [ -70.401038, 43.474053 ], [ -70.407974, 43.474631 ], [ -70.410937, 43.4766 ], [ -70.410708, 43.479106 ], [ -70.416878, 43.479813 ], [ -70.421063, 43.48298 ], [ -70.426527, 43.483894 ], [ -70.431181, 43.483962 ], [ -70.43279, 43.484536 ], [ -70.433714, 43.486104 ], [ -70.433562, 43.488893 ], [ -70.435202, 43.490135 ], [ -70.43626, 43.490635 ], [ -70.443192, 43.492664 ], [ -70.448858, 43.493128 ], [ -70.45185, 43.494191 ], [ -70.452439, 43.495187 ], [ -70.451356, 43.496403 ], [ -70.451035, 43.496933 ], [ -70.451094, 43.498095 ], [ -70.452633, 43.499511 ], [ -70.454237, 43.499662 ], [ -70.461429, 43.498602 ], [ -70.463767, 43.498646 ], [ -70.468617, 43.499469 ], [ -70.474043, 43.502636 ], [ -70.475859, 43.502514 ], [ -70.482136, 43.498962 ], [ -70.488024, 43.498873 ], [ -70.488326, 43.498883 ], [ -70.496616, 43.498242 ], [ -70.500092, 43.498178 ], [ -70.503462, 43.498866 ], [ -70.505149, 43.499859 ], [ -70.5099, 43.506143 ], [ -70.514704, 43.508367 ], [ -70.517224, 43.513583 ], [ -70.518576, 43.515771 ], [ -70.520355, 43.516162 ], [ -70.523636, 43.517996 ], [ -70.525801, 43.51988 ], [ -70.527505, 43.52277 ], [ -70.528707, 43.525622 ], [ -70.528067, 43.527134 ], [ -70.525654, 43.529444 ], [ -70.523189, 43.53103 ], [ -70.518885, 43.537652 ], [ -70.514821, 43.540002 ], [ -70.514047, 43.540548 ], [ -70.51313, 43.545026 ], [ -70.51582, 43.545467 ], [ -70.558893, 43.501182 ], [ -70.565302, 43.494324 ] ] ] ] } },
{ "type": "Feature", "properties": { "GEOID": "2365725", "NAME": "Sanford", "NAMELSAD": "Sanford city", "STUSPS": "ME", "STATE_NAME": "Maine", "LSAD": "25", "place_type": "Incorporated place", "population": 22247.0, "moe": 24.0 }, "geometry": { "type": "MultiPolygon", "coordinates": [ [ [ [ -70.872075, 43.469114 ], [ -70.856801, 43.456307 ], [ -70.859921, 43.454244 ], [ -70.835222, 43.436239 ], [ -70.84777, 43.427645 ], [ -70.845525, 43.425946 ], [ -70.813471, 43.401587 ], [ -70.807193, 43.405909 ], [ -70.791627, 43.416676 ], [ -70.782152, 43.409541 ], [ -70.767665, 43.398705 ], [ -70.763526, 43.395638 ], [ -70.762672, 43.392891 ], [ -70.759202, 43.390608 ], [ -70.756722, 43.390074 ], [ -70.757579, 43.388467 ], [ -70.754166, 43.388196 ], [ -70.752272, 43.388792 ], [ -70.751891, 43.387951 ], [ -70.749108, 43.387697 ], [ -70.748183, 43.385586 ], [ -70.749587, 43.384169 ], [ -70.749844, 43.381266 ], [ -70.747686, 43.379228 ], [ -70.746303, 43.379465 ], [ -70.7422, 43.376925 ], [ -70.74057, 43.373416 ], [ -70.74134, 43.370824 ], [ -70.741234, 43.367089 ], [ -70.73873, 43.364964 ], [ -70.736602, 43.360307 ], [ -70.73447, 43.359347 ], [ -70.724187, 43.334896 ], [ -70.682624, 43.377959 ], [ -70.670102, 43.391224 ], [ -70.642956, 43.420056 ], [ -70.64261, 43.420422 ], [ -70.646872, 43.420509 ], [ -70.649386, 43.419442 ], [ -70.650687, 43.417533 ], [ -70.655639, 43.417119 ], [ -70.660142, 43.418863 ], [ -70.661311, 43.420458 ], [ -70.665293, 43.422389 ], [ -70.669603, 43.42384 ], [ -70.673536, 43.424323 ], [ -70.67733, 43.425366 ], [ -70.682141, 43.427843 ], [ -70.686005, 43.430884 ], [ -70.688647, 43.43206 ], [ -70.692052, 43.434558 ], [ -70.696165, 43.434776 ], [ -70.700526, 43.438628 ], [ -70.703665, 43.440851 ], [ -70.704733, 43.444418 ], [ -70.706535, 43.44612 ], [ -70.710007, 43.447194 ], [ -70.710227, 43.448757 ], [ -70.709485, 43.450533 ], [ -70.711684, 43.450356 ], [ -70.713939, 43.450881 ], [ -70.717753, 43.448807 ], [ -70.719407, 43.447026 ], [ -70.723164, 43.445637 ], [ -70.724612, 43.445732 ], [ -70.725819, 43.443895 ], [ -70.728595, 43.443151 ], [ -70.730906, 43.443497 ], [ -70.733073, 43.444848 ], [ -70.73345, 43.446156 ], [ -70.736706, 43.447943 ], [ -70.73621, 43.448996 ], [ -70.736942, 43.450341 ], [ -70.737179, 43.453159 ], [ -70.738691, 43.453937 ], [ -70.739865, 43.456027 ], [ -70.742066, 43.456281 ], [ -70.743401, 43.457512 ], [ -70.745585, 43.45847 ], [ -70.749248, 43.457765 ], [ -70.752279, 43.459024 ], [ -70.754882, 43.458831 ], [ -70.757319, 43.459604 ], [ -70.758994, 43.461608 ], [ -70.760514, 43.465912 ], [ -70.764561, 43.468056 ], [ -70.767382, 43.47112 ], [ -70.776728, 43.476218 ], [ -70.773774, 43.479047 ], [ -70.779619, 43.482648 ], [ -70.774437, 43.487761 ], [ -70.782957, 43.491712 ], [ -70.807237, 43.489277 ], [ -70.828226, 43.48726 ], [ -70.831489, 43.486942 ], [ -70.828879, 43.474248 ], [ -70.862785, 43.470221 ], [ -70.872075, 43.469114 ] ] ] ] } },
{ "type": "Feature", "properties": { "GEOID": "2364675", "NAME": "Saco", "NAMELSAD": "Saco city", "STUSPS": "ME", "STATE_NAME": "Maine", "LSAD": "25", "place_type": "Incorporated place", "population": 20819.0, "moe": 34.0 }, "geometry": { "type": "MultiPolygon", "coordinates": [ [ [ [ -70.544117, 43.548969 ], [ -70.540483, 43.549644 ], [ -70.53635, 43.551361 ], [ -70.534413, 43.552967 ], [ -70.530071, 43.554637 ], [ -70.528669, 43.554305 ], [ -70.523941, 43.550559 ], [ -70.520396, 43.54565 ], [ -70.519272, 43.545052 ], [ -70.51582, 43.545467 ], [ -70.51313, 43.545026 ], [ -70.514047, 43.540548 ], [ -70.514821, 43.540002 ], [ -70.518885, 43.537652 ], [ -70.523189, 43.53103 ], [ -70.525654, 43.529444 ], [ -70.528067, 43.527134 ], [ -70.528707, 43.525622 ], [ -70.527505, 43.52277 ], [ -70.525801, 43.51988 ], [ -70.523636, 43.517996 ], [ -70.520355, 43.516162 ], [ -70.518576, 43.515771 ], [ -70.517224, 43.513583 ], [ -70.514704, 43.508367 ], [ -70.5099, 43.506143 ], [ -70.505149, 43.499859 ], [ -70.503462, 43.498866 ], [ -70.500092, 43.498178 ], [ -70.496616, 43.498242 ], [ -70.488326, 43.498883 ], [ -70.488024, 43.498873 ], [ -70.482136, 43.498962 ], [ -70.475859, 43.502514 ], [ -70.474043, 43.502636 ], [ -70.468617, 43.499469 ], [ -70.463767, 43.498646 ], [ -70.461429, 43.498602 ], [ -70.454237, 43.499662 ], [ -70.452633, 43.499511 ], [ -70.451094, 43.498095 ], [ -70.451035, 43.496933 ], [ -70.451356, 43.496403 ], [ -70.452439, 43.495187 ], [ -70.45185, 43.494191 ], [ -70.448858, 43.493128 ], [ -70.443192, 43.492664 ], [ -70.43626, 43.490635 ], [ -70.435202, 43.490135 ], [ -70.433562, 43.488893 ], [ -70.433714, 43.486104 ], [ -70.43279, 43.484536 ], [ -70.431181, 43.483962 ], [ -70.426527, 43.483894 ], [ -70.421063, 43.48298 ], [ -70.416878, 43.479813 ], [ -70.410708, 43.479106 ], [ -70.410937, 43.4766 ], [ -70.407974, 43.474631 ], [ -70.401038, 43.474053 ], [ -70.400137, 43.47371 ], [ -70.398615, 43.472394 ], [ -70.394029, 43.465026 ], [ -70.392521, 43.463791 ], [ -70.390898, 43.463069 ], [ -70.386258, 43.462153 ], [ -70.3776246, 43.4612478 ], [ -70.380233, 43.46423 ], [ -70.382928, 43.469674 ], [ -70.385615, 43.487031 ], [ -70.384885, 43.49604 ], [ -70.3845266, 43.4967343 ], [ -70.387328, 43.497351 ], [ -70.387925, 43.497499 ], [ -70.390828, 43.496143 ], [ -70.39485, 43.496737 ], [ -70.397164, 43.496273 ], [ -70.399244, 43.498431 ], [ -70.40214, 43.498494 ], [ -70.403603, 43.499236 ], [ -70.404575, 43.497942 ], [ -70.406764, 43.499248 ], [ -70.408694, 43.49899 ], [ -70.410112, 43.499706 ], [ -70.414413, 43.502773 ], [ -70.414582, 43.503497 ], [ -70.41427, 43.503819 ], [ -70.414906, 43.508023 ], [ -70.41656, 43.509387 ], [ -70.416461, 43.512724 ], [ -70.417373, 43.514424 ], [ -70.416558, 43.516149 ], [ -70.415139, 43.518341 ], [ -70.421557, 43.518415 ], [ -70.42526, 43.517671 ], [ -70.403855, 43.539484 ], [ -70.39009, 43.55371 ], [ -70.400726, 43.558968 ], [ -70.412966, 43.565107 ], [ -70.413192, 43.565224 ], [ -70.444043, 43.581065 ], [ -70.45014, 43.584213 ], [ -70.453462, 43.585873 ], [ -70.451794, 43.587514 ], [ -70.492009, 43.606769 ], [ -70.499497, 43.598991 ], [ -70.501643, 43.597036 ], [ -70.519049, 43.579219 ], [ -70.547651, 43.549998 ], [ -70.544117, 43.548969 ] ] ] ] } },
{ "type": "Feature", "properties": { "GEOID": "2382105", "NAME": "Westbrook", "NAMELSAD": "Westbrook city", "STUSPS": "ME", "STATE_NAME": "Maine", "LSAD": "25", "place_type": "Incorporated place", "population": 20775.0, "moe": 22.0 }, "geometry": { "type": "MultiPolygon", "coordinates": [ [ [ [ -70.390079, 43.654567 ], [ -70.377329, 43.646165 ], [ -70.370545, 43.642438 ], [ -70.347399, 43.645342 ], [ -70.340797, 43.652258 ], [ -70.345326, 43.654739 ], [ -70.33743, 43.662045 ], [ -70.335097, 43.661882 ], [ -70.332247, 43.667345 ], [ -70.33301, 43.667521 ], [ -70.331492, 43.672189 ], [ -70.329811, 43.677145 ], [ -70.329142, 43.679437 ], [ -70.331753, 43.683983 ], [ -70.333025, 43.68638 ], [ -70.336082, 43.689239 ], [ -70.33635, 43.689787 ], [ -70.333468, 43.690822 ], [ -70.3301, 43.692906 ], [ -70.329353, 43.698641 ], [ -70.326411, 43.700854 ], [ -70.324875, 43.703415 ], [ -70.323167, 43.704709 ], [ -70.32282, 43.706361 ], [ -70.325513, 43.70773 ], [ -70.32304, 43.710324 ], [ -70.32038, 43.712099 ], [ -70.317427, 43.714653 ], [ -70.317125, 43.717461 ], [ -70.314477, 43.718225 ], [ -70.311252, 43.719902 ], [ -70.316253, 43.725162 ], [ -70.318277, 43.72732 ], [ -70.320267, 43.728459 ], [ -70.323377, 43.728085 ], [ -70.327397, 43.732248 ], [ -70.326648, 43.733004 ], [ -70.328253, 43.73412 ], [ -70.327254, 43.735329 ], [ -70.337611, 43.740664 ], [ -70.335326, 43.743806 ], [ -70.332101, 43.743349 ], [ -70.334905, 43.749331 ], [ -70.337494, 43.749156 ], [ -70.335972, 43.751835 ], [ -70.339012, 43.752303 ], [ -70.340437, 43.750324 ], [ -70.344333, 43.75062 ], [ -70.348192, 43.750156 ], [ -70.347767, 43.749031 ], [ -70.350159, 43.748111 ], [ -70.351554, 43.752201 ], [ -70.353342, 43.751788 ], [ -70.353301, 43.749344 ], [ -70.35471, 43.750079 ], [ -70.361226, 43.753815 ], [ -70.361408, 43.753157 ], [ -70.370066, 43.723797 ], [ -70.376732, 43.702385 ], [ -70.378104, 43.697356 ], [ -70.379928, 43.691596 ], [ -70.384748, 43.677241 ], [ -70.38909, 43.664571 ], [ -70.392012, 43.655729 ], [ -70.390079, 43.654567 ] ] ] ] } },
{ "type": "Feature", "properties": { "GEOID": "2302100", "NAME": "Augusta", "NAMELSAD": "Augusta city", "STUSPS": "ME", "STATE_NAME": "Maine", "LSAD": "25", "place_type": "Incorporated place", "population": 19077.0, "moe": 35.0 }, "geometry": { "type": "MultiPolygon", "coordinates": [ [ [ [ -69.83423, 44.346987 ], [ -69.831672, 44.346277 ], [ -69.828509, 44.346777 ], [ -69.829501, 44.344312 ], [ -69.83377, 44.332091 ], [ -69.830607, 44.331565 ], [ -69.831126, 44.329913 ], [ -69.824547, 44.328601 ], [ -69.826312, 44.324762 ], [ -69.829743, 44.32526 ], [ -69.831359, 44.321237 ], [ -69.832372, 44.31874 ], [ -69.827021, 44.317798 ], [ -69.827101, 44.314034 ], [ -69.819236, 44.312583 ], [ -69.818692, 44.311308 ], [ -69.808918, 44.309744 ], [ -69.810598, 44.304294 ], [ -69.807847, 44.303852 ], [ -69.800536, 44.302677 ], [ -69.801656, 44.299257 ], [ -69.787033, 44.29686 ], [ -69.784199, 44.296394 ], [ -69.779619, 44.295646 ], [ -69.779998, 44.29509 ], [ -69.731395, 44.287154 ], [ -69.689718, 44.280364 ], [ -69.673833, 44.277764 ], [ -69.651544, 44.275008 ], [ -69.650171, 44.279625 ], [ -69.640581, 44.31183 ], [ -69.6257, 44.361802 ], [ -69.705901, 44.374166 ], [ -69.729042, 44.37775 ], [ -69.749495, 44.380716 ], [ -69.764726, 44.383184 ], [ -69.802603, 44.389196 ], [ -69.818519, 44.391746 ], [ -69.822065, 44.380697 ], [ -69.823564, 44.380749 ], [ -69.834035, 44.348285 ], [ -69.83423, 44.346987 ] ] ] ] } },
{ "type": "Feature", "properties": { "GEOID": "2308395", "NAME": "Brunswick", "NAMELSAD": "Brunswick CDP", "STUSPS": "ME", "STATE_NAME": "Maine", "LSAD": "57", "place_type": "CDP", "population": 17652.0, "moe": 447.0 }, "geometry": { "type": "MultiPolygon", "coordinates": [ [ [ [ -70.019896, 43.913095 ], [ -70.014788, 43.910685 ], [ -70.012768, 43.910022 ], [ -70.004136, 43.906059 ], [ -69.997589, 43.90279 ], [ -70.000182, 43.899759 ], [ -69.998128, 43.897128 ], [ -69.998772, 43.890757 ], [ -69.992317, 43.891693 ], [ -69.99046, 43.888939 ], [ -69.994322, 43.886249 ], [ -69.994384, 43.885081 ], [ -69.996583, 43.883466 ], [ -69.995105, 43.881445 ], [ -69.993791, 43.878153 ], [ -69.994765, 43.87508 ], [ -69.994305, 43.871216 ], [ -69.99274, 43.868579 ], [ -69.991905, 43.868289 ], [ -69.987105, 43.870162 ], [ -69.982153, 43.870168 ], [ -69.982423, 43.868769 ], [ -69.979654, 43.867643 ], [ -69.978069, 43.865581 ], [ -69.980971, 43.86263 ], [ -69.980462, 43.861189 ], [ -69.978742, 43.860042 ], [ -69.975961, 43.859631 ], [ -69.974995, 43.862284 ], [ -69.97323, 43.863519 ], [ -69.971697, 43.863634 ], [ -69.97123, 43.865396 ], [ -69.968578, 43.867152 ], [ -69.969313, 43.864779 ], [ -69.972192, 43.861181 ], [ -69.97157, 43.857671 ], [ -69.967173, 43.857871 ], [ -69.963921, 43.859697 ], [ -69.961619, 43.860364 ], [ -69.962171, 43.862379 ], [ -69.961757, 43.866189 ], [ -69.960874, 43.867739 ], [ -69.957544, 43.870059 ], [ -69.956523, 43.87126 ], [ -69.955735, 43.874126 ], [ -69.951737, 43.873726 ], [ -69.947911, 43.874052 ], [ -69.947812, 43.874091 ], [ -69.944702, 43.874032 ], [ -69.942909, 43.869944 ], [ -69.940019, 43.869309 ], [ -69.938103, 43.863181 ], [ -69.93689, 43.862535 ], [ -69.931577, 43.859736 ], [ -69.926465, 43.859973 ], [ -69.920064, 43.862562 ], [ -69.916914, 43.865848 ], [ -69.915547, 43.866155 ], [ -69.916155, 43.867424 ], [ -69.913799, 43.872732 ], [ -69.916343, 43.873966 ], [ -69.915879, 43.875563 ], [ -69.919093, 43.877101 ], [ -69.924152, 43.87938 ], [ -69.922438, 43.88043 ], [ -69.922928, 43.884125 ], [ -69.920617, 43.885192 ], [ -69.912833, 43.895495 ], [ -69.909806, 43.899402 ], [ -69.912986, 43.902293 ], [ -69.913865, 43.903427 ], [ -69.914842, 43.903225 ], [ -69.919474, 43.905445 ], [ -69.919808, 43.907108 ], [ -69.916827, 43.90746 ], [ -69.916211, 43.907581 ], [ -69.914804, 43.907902 ], [ -69.899816, 43.911374 ], [ -69.896583, 43.912021 ], [ -69.889105, 43.913 ], [ -69.879707, 43.912863 ], [ -69.873375, 43.912179 ], [ -69.868655, 43.910916 ], [ -69.868677, 43.912503 ], [ -69.865265, 43.918051 ], [ -69.864825, 43.919384 ], [ -69.86248, 43.931579 ], [ -69.861026, 43.932634 ], [ -69.86047, 43.934795 ], [ -69.861004, 43.936056 ], [ -69.859359, 43.936815 ], [ -69.859528, 43.937854 ], [ -69.857032, 43.944742 ], [ -69.874657, 43.95359 ], [ -69.876943, 43.951466 ], [ -69.880177, 43.946799 ], [ -69.882093, 43.945497 ], [ -69.885784, 43.944298 ], [ -69.8868, 43.943552 ], [ -69.890504, 43.937819 ], [ -69.89504, 43.934277 ], [ -69.899835, 43.93161 ], [ -69.901473, 43.929806 ], [ -69.902626, 43.92732 ], [ -69.9047, 43.925589 ], [ -69.91123, 43.922048 ], [ -69.915185, 43.920873 ], [ -69.921345, 43.920144 ], [ -69.924162, 43.917699 ], [ -69.926088, 43.91533 ], [ -69.926583, 43.914747 ], [ -69.927813, 43.913447 ], [ -69.931291, 43.911924 ], [ -69.933898, 43.912443 ], [ -69.9396, 43.91512 ], [ -69.943643, 43.917643 ], [ -69.952741, 43.922364 ], [ -69.95413, 43.923004 ], [ -69.956732, 43.923441 ], [ -69.961007, 43.922964 ], [ -69.964835, 43.920159 ], [ -69.966021, 43.920511 ], [ -69.973069, 43.917761 ], [ -69.975171, 43.916152 ], [ -69.976226, 43.915276 ], [ -69.981781, 43.917736 ], [ -69.985857, 43.923657 ], [ -69.990597, 43.929149 ], [ -69.993175, 43.931305 ], [ -70.009304, 43.921788 ], [ -70.011906, 43.920456 ], [ -70.01389, 43.919685 ], [ -70.029018, 43.914814 ], [ -70.019896, 43.913095 ] ] ] ] } },
{ "type": "Feature", "properties": { "GEOID": "2380740", "NAME": "Waterville", "NAMELSAD": "Waterville city", "STUSPS": "ME", "STATE_NAME": "Maine", "LSAD": "25", "place_type": "Incorporated place", "population": 17077.0, "moe": 29.0 }, "geometry": { "type": "MultiPolygon", "coordinates": [ [ [ [ -69.719882, 44.507503 ], [ -69.676566, 44.50047 ], [ -69.675699, 44.50364 ], [ -69.674425, 44.506528 ], [ -69.668763, 44.512656 ], [ -69.659087, 44.521337 ], [ -69.65726, 44.522825 ], [ -69.654189, 44.52493 ], [ -69.649765, 44.528881 ], [ -69.637988, 44.534857 ], [ -69.634312, 44.538557 ], [ -69.633228, 44.539903 ], [ -69.630028, 44.541784 ], [ -69.62732, 44.545121 ], [ -69.626938, 44.547314 ], [ -69.626926, 44.547406 ], [ -69.625822, 44.552507 ], [ -69.625922, 44.556121 ], [ -69.625042, 44.558183 ], [ -69.621037, 44.563399 ], [ -69.617639, 44.564903 ], [ -69.613726, 44.567976 ], [ -69.611009, 44.572501 ], [ -69.60702, 44.57579 ], [ -69.605746, 44.577264 ], [ -69.609652, 44.577875 ], [ -69.615716, 44.578802 ], [ -69.626823, 44.580491 ], [ -69.665525, 44.586402 ], [ -69.665661, 44.586377 ], [ -69.668493, 44.58508 ], [ -69.668942, 44.582444 ], [ -69.670176, 44.58001 ], [ -69.66909, 44.579495 ], [ -69.667067, 44.578227 ], [ -69.671157, 44.566245 ], [ -69.667001, 44.5658 ], [ -69.667032, 44.563877 ], [ -69.668382, 44.561417 ], [ -69.669314, 44.558445 ], [ -69.670433, 44.556931 ], [ -69.676572, 44.551226 ], [ -69.678175, 44.549828 ], [ -69.682249, 44.546167 ], [ -69.684611, 44.544057 ], [ -69.70006, 44.530003 ], [ -69.704214, 44.526232 ], [ -69.718427, 44.513366 ], [ -69.719882, 44.507503 ] ] ] ] } },
{ "type": "Feature", "properties": { "GEOID": "2355575", "NAME": "Orono", "NAMELSAD": "Orono CDP", "STUSPS": "ME", "STATE_NAME": "Maine", "LSAD": "57", "place_type": "CDP", "population": 11151.0, "moe": 244.0 }, "geometry": { "type": "MultiPolygon", "coordinates": [ [ [ [ -68.716551, 44.860491 ], [ -68.698968, 44.847362 ], [ -68.696187, 44.845266 ], [ -68.693306, 44.847265 ], [ -68.688246, 44.850267 ], [ -68.683304, 44.85372 ], [ -68.680669, 44.855202 ], [ -68.67638, 44.857049 ], [ -68.674426, 44.858272 ], [ -68.673012, 44.860051 ], [ -68.672218, 44.86224 ], [ -68.671859, 44.86643 ], [ -68.671114, 44.868458 ], [ -68.666093, 44.874677 ], [ -68.661406, 44.881038 ], [ -68.658647, 44.883824 ], [ -68.655393, 44.886429 ], [ -68.649754, 44.889095 ], [ -68.642352, 44.895112 ], [ -68.639673, 44.89831 ], [ -68.638066, 44.900824 ], [ -68.637624, 44.904018 ], [ -68.649071, 44.902368 ], [ -68.656775, 44.901264 ], [ -68.658276, 44.90635 ], [ -68.660013, 44.912356 ], [ -68.665048, 44.911668 ], [ -68.678417, 44.909753 ], [ -68.680717, 44.905641 ], [ -68.681203, 44.904783 ], [ -68.684654, 44.90554 ], [ -68.690356, 44.906807 ], [ -68.694303, 44.907681 ], [ -68.694157, 44.907445 ], [ -68.692015, 44.903435 ], [ -68.690615, 44.898901 ], [ -68.69097, 44.894601 ], [ -68.693081, 44.889542 ], [ -68.698283, 44.878074 ], [ -68.702205, 44.873031 ], [ -68.709019, 44.865076 ], [ -68.716551, 44.860491 ] ] ] ] } },
{ "type": "Feature", "properties": { "GEOID": "2306925", "NAME": "Brewer", "NAMELSAD": "Brewer city", "STUSPS": "ME", "STATE_NAME": "Maine", "LSAD": "25", "place_type": "Incorporated place", "population": 9652.0, "moe": 33.0 }, "geometry": { "type": "MultiPolygon", "coordinates": [ [ [ [ -68.787546, 44.767229 ], [ -68.78536, 44.766185 ], [ -68.783554, 44.765332 ], [ -68.76382, 44.755988 ], [ -68.767603, 44.753885 ], [ -68.758291, 44.749693 ], [ -68.735138, 44.740077 ], [ -68.727701, 44.750227 ], [ -68.713126, 44.767701 ], [ -68.701826, 44.78078 ], [ -68.684621, 44.800831 ], [ -68.690284, 44.80334 ], [ -68.686786, 44.804699 ], [ -68.698115, 44.820555 ], [ -68.698379, 44.820939 ], [ -68.698742, 44.821466 ], [ -68.707165, 44.820912 ], [ -68.716048, 44.820691 ], [ -68.718736, 44.820383 ], [ -68.723966, 44.819158 ], [ -68.729965, 44.816417 ], [ -68.733488, 44.814216 ], [ -68.741795, 44.809945 ], [ -68.744104, 44.809829 ], [ -68.746261, 44.809109 ], [ -68.749793, 44.806394 ], [ -68.755868, 44.802626 ], [ -68.762983, 44.799504 ], [ -68.76355, 44.799256 ], [ -68.764095, 44.798993 ], [ -68.768222, 44.796138 ], [ -68.76998, 44.793971 ], [ -68.772033, 44.791451 ], [ -68.77512, 44.784192 ], [ -68.776274, 44.782462 ], [ -68.781153, 44.77829 ], [ -68.784951, 44.775313 ], [ -68.786002, 44.774014 ], [ -68.78687, 44.768457 ], [ -68.787546, 44.767229 ] ] ] ] } },
{ "type": "Feature", "properties": { "GEOID": "2355120", "NAME": "Old Orchard Beach", "NAMELSAD": "Old Orchard Beach CDP", "STUSPS": "ME", "STATE_NAME": "Maine", "LSAD": "57", "place_type": "CDP", "population": 9244.0, "moe": 24.0 }, "geometry": { "type": "MultiPolygon", "coordinates": [ [ [ [ -70.421557, 43.518415 ], [ -70.415139, 43.518341 ], [ -70.416558, 43.516149 ], [ -70.417373, 43.514424 ], [ -70.416461, 43.512724 ], [ -70.41656, 43.509387 ], [ -70.414906, 43.508023 ], [ -70.41427, 43.503819 ], [ -70.414582, 43.503497 ], [ -70.414413, 43.502773 ], [ -70.410112, 43.499706 ], [ -70.408694, 43.49899 ], [ -70.406764, 43.499248 ], [ -70.404575, 43.497942 ], [ -70.403603, 43.499236 ], [ -70.40214, 43.498494 ], [ -70.399244, 43.498431 ], [ -70.397164, 43.496273 ], [ -70.39485, 43.496737 ], [ -70.390828, 43.496143 ], [ -70.387925, 43.497499 ], [ -70.387328, 43.497351 ], [ -70.3845266, 43.4967343 ], [ -70.379123, 43.507202 ], [ -70.3684818, 43.5202668 ], [ -70.361214, 43.52919 ], [ -70.3533919, 43.5354053 ], [ -70.357594, 43.537509 ], [ -70.385037, 43.551223 ], [ -70.39009, 43.55371 ], [ -70.403855, 43.539484 ], [ -70.42526, 43.517671 ], [ -70.421557, 43.518415 ] ] ] ] } },
{ "type": "Feature", "properties": { "GEOID": "2303355", "NAME": "Bath", "NAMELSAD": "Bath city", "STUSPS": "ME", "STATE_NAME": "Maine", "LSAD": "25", "place_type": "Incorporated place", "population": 8815.0, "moe": 16.0 }, "geometry": { "type": "MultiPolygon", "coordinates": [ [ [ [ -69.874657, 43.95359 ], [ -69.857032, 43.944742 ], [ -69.859528, 43.937854 ], [ -69.859359, 43.936815 ], [ -69.861004, 43.936056 ], [ -69.86047, 43.934795 ], [ -69.861026, 43.932634 ], [ -69.86248, 43.931579 ], [ -69.859518, 43.930345 ], [ -69.849818, 43.925358 ], [ -69.847662, 43.924982 ], [ -69.841813, 43.925183 ], [ -69.83634, 43.91219 ], [ -69.833643, 43.905957 ], [ -69.83302, 43.905679 ], [ -69.831411, 43.904569 ], [ -69.833599, 43.902698 ], [ -69.835952, 43.899732 ], [ -69.837568, 43.896393 ], [ -69.838743, 43.892257 ], [ -69.841012, 43.88944 ], [ -69.841766, 43.887516 ], [ -69.828598, 43.888662 ], [ -69.82922, 43.884133 ], [ -69.830732, 43.882051 ], [ -69.829895, 43.880373 ], [ -69.831671, 43.877722 ], [ -69.8326, 43.875384 ], [ -69.831386, 43.874425 ], [ -69.832288, 43.872469 ], [ -69.830888, 43.871421 ], [ -69.831522, 43.869769 ], [ -69.833627, 43.868052 ], [ -69.831663, 43.866625 ], [ -69.82522, 43.867473 ], [ -69.82325, 43.869266 ], [ -69.824607, 43.873312 ], [ -69.824286, 43.875514 ], [ -69.822103, 43.877188 ], [ -69.814701, 43.87951 ], [ -69.810476, 43.88257 ], [ -69.81074, 43.888478 ], [ -69.810431, 43.896734 ], [ -69.80986, 43.902403 ], [ -69.808833, 43.906549 ], [ -69.808375, 43.908052 ], [ -69.808154, 43.911783 ], [ -69.808837, 43.918245 ], [ -69.808717, 43.919209 ], [ -69.808006, 43.925701 ], [ -69.809129, 43.929642 ], [ -69.809479, 43.931346 ], [ -69.809462, 43.94495 ], [ -69.810246, 43.946119 ], [ -69.814653, 43.949766 ], [ -69.817861, 43.952903 ], [ -69.826647, 43.954812 ], [ -69.828197, 43.955804 ], [ -69.829454, 43.957884 ], [ -69.824735, 43.96834 ], [ -69.826452, 43.972509 ], [ -69.826141, 43.977212 ], [ -69.826553, 43.978343 ], [ -69.831631, 43.981318 ], [ -69.83604, 43.983329 ], [ -69.839393, 43.985646 ], [ -69.851116, 43.980666 ], [ -69.862886, 43.977035 ], [ -69.86477, 43.975296 ], [ -69.8652, 43.973218 ], [ -69.865121, 43.969766 ], [ -69.865786, 43.965981 ], [ -69.866522, 43.964154 ], [ -69.868638, 43.960127 ], [ -69.874657, 43.95359 ] ] ] ] } },
{ "type": "Feature", "properties": { "GEOID": "2360825", "NAME": "Presque Isle", "NAMELSAD": "Presque Isle city", "STUSPS": "ME", "STATE_NAME": "Maine", "LSAD": "25", "place_type": "Incorporated place", "population": 8736.0, "moe": 29.0 }, "geometry": { "type": "MultiPolygon", "coordinates": [ [ [ [ -68.055301, 46.749722 ], [ -68.055034, 46.743825 ], [ -68.053717, 46.715151 ], [ -68.051942, 46.677176 ], [ -68.051803, 46.67409 ], [ -68.051296, 46.663403 ], [ -68.048247, 46.594379 ], [ -67.925591, 46.596778 ], [ -67.920527, 46.596886 ], [ -67.921601, 46.686521 ], [ -67.923262, 46.722241 ], [ -67.926079, 46.778765 ], [ -67.968335, 46.777804 ], [ -67.989211, 46.777307 ], [ -68.009457, 46.776839 ], [ -68.045358, 46.775998 ], [ -68.046044, 46.775978 ], [ -68.056528, 46.775677 ], [ -68.055301, 46.749722 ] ] ] ] } },
{ "type": "Feature", "properties": { "GEOID": "2323200", "NAME": "Ellsworth", "NAMELSAD": "Ellsworth city", "STUSPS": "ME", "STATE_NAME": "Maine", "LSAD": "25", "place_type": "Incorporated place", "population": 8657.0, "moe": 20.0 }, "geometry": { "type": "MultiPolygon", "coordinates": [ [ [ [ -68.639764, 44.636684 ], [ -68.603222, 44.603667 ], [ -68.578963, 44.581592 ], [ -68.591358, 44.563592 ], [ -68.595941, 44.556937 ], [ -68.593891, 44.556011 ], [ -68.590482, 44.553541 ], [ -68.588218, 44.552646 ], [ -68.585002, 44.551978 ], [ -68.580136, 44.551829 ], [ -68.577135, 44.552439 ], [ -68.574249, 44.551429 ], [ -68.570157, 44.547673 ], [ -68.56757, 44.544918 ], [ -68.566549, 44.544504 ], [ -68.564355, 44.544546 ], [ -68.557064, 44.545706 ], [ -68.551616, 44.545284 ], [ -68.548992, 44.544571 ], [ -68.544864, 44.542728 ], [ -68.539072, 44.538581 ], [ -68.535628, 44.5366 ], [ -68.529406, 44.533968 ], [ -68.526738, 44.532521 ], [ -68.518245, 44.529974 ], [ -68.517403, 44.527864 ], [ -68.472544, 44.513347 ], [ -68.455698, 44.503576 ], [ -68.432991, 44.501815 ], [ -68.43044, 44.501619 ], [ -68.4294542, 44.4978782 ], [ -68.429378, 44.497936 ], [ -68.425338, 44.498275 ], [ -68.424625, 44.484541 ], [ -68.425575, 44.478606 ], [ -68.4228721, 44.4730616 ], [ -68.402387, 44.478201 ], [ -68.389273, 44.515727 ], [ -68.386241, 44.525434 ], [ -68.386081, 44.525951 ], [ -68.384112, 44.532264 ], [ -68.393893, 44.570694 ], [ -68.396001, 44.579038 ], [ -68.404283, 44.611532 ], [ -68.407128, 44.622718 ], [ -68.413993, 44.648524 ], [ -68.418681, 44.666143 ], [ -68.502916, 44.65504 ], [ -68.554268, 44.648468 ], [ -68.555123, 44.651365 ], [ -68.563881, 44.650145 ], [ -68.568398, 44.649517 ], [ -68.567736, 44.646301 ], [ -68.624473, 44.63871 ], [ -68.639764, 44.636684 ] ] ] ] } },
{ "type": "Feature", "properties": { "GEOID": "2328205", "NAME": "Gorham", "NAMELSAD": "Gorham CDP", "STUSPS": "ME", "STATE_NAME": "Maine", "LSAD": "57", "place_type": "CDP", "population": 7593.0, "moe": 835.0 }, "geometry": { "type": "MultiPolygon", "coordinates": [ [ [ [ -70.487796, 43.66891 ], [ -70.486036, 43.669452 ], [ -70.48574, 43.66951 ], [ -70.480569, 43.669718 ], [ -70.460571, 43.675595 ], [ -70.45858, 43.672052 ], [ -70.456017, 43.669687 ], [ -70.460563, 43.666022 ], [ -70.4598, 43.662751 ], [ -70.45812, 43.662969 ], [ -70.456702, 43.662053 ], [ -70.453749, 43.66151 ], [ -70.45223, 43.65928 ], [ -70.452053, 43.656223 ], [ -70.451126, 43.654475 ], [ -70.449051, 43.655952 ], [ -70.446893, 43.658595 ], [ -70.433109, 43.662864 ], [ -70.422166, 43.666219 ], [ -70.420633, 43.667321 ], [ -70.414952, 43.669068 ], [ -70.412585, 43.669176 ], [ -70.411139, 43.669452 ], [ -70.40912, 43.670285 ], [ -70.41366, 43.678144 ], [ -70.416166, 43.682622 ], [ -70.39786, 43.682833 ], [ -70.403123, 43.686868 ], [ -70.406972, 43.690199 ], [ -70.402311, 43.690964 ], [ -70.401851, 43.691565 ], [ -70.403687, 43.696759 ], [ -70.409301, 43.696852 ], [ -70.410908, 43.696166 ], [ -70.412454, 43.69706 ], [ -70.4159, 43.696676 ], [ -70.417134, 43.697015 ], [ -70.422238, 43.695934 ], [ -70.424642, 43.69609 ], [ -70.424804, 43.696709 ], [ -70.426976, 43.700953 ], [ -70.425393, 43.704851 ], [ -70.424519, 43.712411 ], [ -70.424103, 43.720846 ], [ -70.428588, 43.718535 ], [ -70.43131, 43.715579 ], [ -70.429453, 43.714017 ], [ -70.431514, 43.712257 ], [ -70.42994, 43.709842 ], [ -70.431394, 43.708204 ], [ -70.432604, 43.706881 ], [ -70.432289, 43.706329 ], [ -70.433922, 43.704305 ], [ -70.436796, 43.701979 ], [ -70.436148, 43.700572 ], [ -70.436595, 43.698479 ], [ -70.435382, 43.695933 ], [ -70.435395, 43.690529 ], [ -70.438076, 43.688946 ], [ -70.440264, 43.686539 ], [ -70.443647, 43.686796 ], [ -70.446857, 43.686409 ], [ -70.452627, 43.696358 ], [ -70.459689, 43.694289 ], [ -70.461597, 43.696497 ], [ -70.464147, 43.697899 ], [ -70.472037, 43.697089 ], [ -70.473842, 43.698444 ], [ -70.475837, 43.696688 ], [ -70.475512, 43.695726 ], [ -70.477318, 43.694643 ], [ -70.476285, 43.692617 ], [ -70.477004, 43.691259 ], [ -70.475427, 43.688884 ], [ -70.477044, 43.685423 ], [ -70.477312, 43.681511 ], [ -70.478656, 43.680416 ], [ -70.477909, 43.679688 ], [ -70.478908, 43.677979 ], [ -70.481217, 43.676706 ], [ -70.48095, 43.675277 ], [ -70.485449, 43.673299 ], [ -70.488026, 43.670343 ], [ -70.487796, 43.66891 ] ] ] ] } },
{ "type": "Feature", "properties": { "GEOID": "2355225", "NAME": "Old Town", "NAMELSAD": "Old Town city", "STUSPS": "ME", "STATE_NAME": "Maine", "LSAD": "25", "place_type": "Incorporated place", "population": 7470.0, "moe": 26.0 }, "geometry": { "type": "MultiPolygon", "coordinates": [ [ [ [ -68.807781, 44.961239 ], [ -68.805384, 44.952309 ], [ -68.791754, 44.900947 ], [ -68.791156, 44.898218 ], [ -68.787215, 44.897562 ], [ -68.786224, 44.898294 ], [ -68.787334, 44.901222 ], [ -68.712901, 44.912901 ], [ -68.713407, 44.911917 ], [ -68.694303, 44.907681 ], [ -68.690356, 44.906807 ], [ -68.684654, 44.90554 ], [ -68.681203, 44.904783 ], [ -68.680717, 44.905641 ], [ -68.678417, 44.909753 ], [ -68.665048, 44.911668 ], [ -68.660013, 44.912356 ], [ -68.658276, 44.90635 ], [ -68.656775, 44.901264 ], [ -68.649071, 44.902368 ], [ -68.637624, 44.904018 ], [ -68.638519, 44.906663 ], [ -68.638789, 44.909032 ], [ -68.638144, 44.911375 ], [ -68.636501, 44.91326 ], [ -68.631026, 44.916803 ], [ -68.630793, 44.918742 ], [ -68.631794, 44.920505 ], [ -68.636304, 44.923945 ], [ -68.639536, 44.92643 ], [ -68.640947, 44.928348 ], [ -68.640604, 44.930404 ], [ -68.63606, 44.933527 ], [ -68.636293, 44.934702 ], [ -68.639628, 44.936315 ], [ -68.642608, 44.938642 ], [ -68.643561, 44.939303 ], [ -68.644081, 44.940276 ], [ -68.64559, 44.941861 ], [ -68.647988, 44.943439 ], [ -68.645767, 44.941627 ], [ -68.651983, 44.940628 ], [ -68.654058, 44.941251 ], [ -68.656085, 44.943598 ], [ -68.65816, 44.945012 ], [ -68.659567, 44.949143 ], [ -68.664002, 44.948524 ], [ -68.664831, 44.949799 ], [ -68.663486, 44.951496 ], [ -68.664465, 44.952907 ], [ -68.666925, 44.95432 ], [ -68.66916, 44.957905 ], [ -68.67325, 44.959366 ], [ -68.676912, 44.957006 ], [ -68.680482, 44.955377 ], [ -68.682961, 44.955795 ], [ -68.68461, 44.957151 ], [ -68.687583, 44.9553 ], [ -68.689958, 44.95585 ], [ -68.692009, 44.955237 ], [ -68.695154, 44.950298 ], [ -68.696789, 44.95122 ], [ -68.687857, 44.963386 ], [ -68.688332, 44.964092 ], [ -68.68797, 44.965988 ], [ -68.686747, 44.968266 ], [ -68.683834, 44.971901 ], [ -68.683287, 44.973166 ], [ -68.683317, 44.974089 ], [ -68.684091, 44.975281 ], [ -68.680635, 44.979322 ], [ -68.679373, 44.979666 ], [ -68.679294, 44.984936 ], [ -68.677929, 44.987592 ], [ -68.674605, 44.988379 ], [ -68.67337, 44.988209 ], [ -68.668766, 44.985595 ], [ -68.665671, 44.982142 ], [ -68.661816, 44.978823 ], [ -68.65868, 44.977315 ], [ -68.656295, 44.976992 ], [ -68.65437, 44.976032 ], [ -68.652341, 44.973132 ], [ -68.651871, 44.969912 ], [ -68.645945, 44.967099 ], [ -68.643462, 44.967046 ], [ -68.64167, 44.971407 ], [ -68.639347, 44.97446 ], [ -68.641386, 44.97881 ], [ -68.642137, 44.984614 ], [ -68.643785, 44.988913 ], [ -68.645445, 44.991029 ], [ -68.647484, 44.995293 ], [ -68.648225, 44.998698 ], [ -68.650177, 45.003 ], [ -68.675265, 45.000138 ], [ -68.680907, 44.999177 ], [ -68.813099, 44.981443 ], [ -68.807781, 44.961239 ] ] ] ] } },
{ "type": "Feature", "properties": { "GEOID": "2310565", "NAME": "Caribou", "NAMELSAD": "Caribou city", "STUSPS": "ME", "STATE_NAME": "Maine", "LSAD": "25", "place_type": "Incorporated place", "population": 7382.0, "moe": 28.0 }, "geometry": { "type": "MultiPolygon", "coordinates": [ [ [ [ -68.062286, 46.931444 ], [ -68.060616, 46.87266 ], [ -68.059669, 46.844347 ], [ -68.059399, 46.83932 ], [ -68.058037, 46.810337 ], [ -68.056528, 46.775677 ], [ -68.046044, 46.775978 ], [ -68.045358, 46.775998 ], [ -68.009457, 46.776839 ], [ -67.989211, 46.777307 ], [ -67.968335, 46.777804 ], [ -67.926079, 46.778765 ], [ -67.919217, 46.77893 ], [ -67.919162, 46.821694 ], [ -67.919157, 46.825029 ], [ -67.919126, 46.865983 ], [ -67.926697, 46.865784 ], [ -67.927473, 46.880572 ], [ -67.928502, 46.912524 ], [ -67.929276, 46.95789 ], [ -68.028081, 46.956142 ], [ -68.061253, 46.955697 ], [ -68.062881, 46.955588 ], [ -68.062286, 46.931444 ] ] ] ] } },
{ "type": "Feature", "properties": { "GEOID": "2376925", "NAME": "Topsham", "NAMELSAD": "Topsham CDP", "STUSPS": "ME", "STATE_NAME": "Maine", "LSAD": "57", "place_type": "CDP", "population": 7271.0, "moe": 483.0 }, "geometry": { "type": "MultiPolygon", "coordinates": [ [ [ [ -69.993175, 43.931305 ], [ -69.990597, 43.929149 ], [ -69.985857, 43.923657 ], [ -69.981781, 43.917736 ], [ -69.976226, 43.915276 ], [ -69.975171, 43.916152 ], [ -69.973069, 43.917761 ], [ -69.966021, 43.920511 ], [ -69.964835, 43.920159 ], [ -69.961007, 43.922964 ], [ -69.956732, 43.923441 ], [ -69.95413, 43.923004 ], [ -69.952741, 43.922364 ], [ -69.952361, 43.923486 ], [ -69.948548, 43.922648 ], [ -69.94797, 43.921277 ], [ -69.94293, 43.920431 ], [ -69.939538, 43.920387 ], [ -69.936208, 43.919301 ], [ -69.932749, 43.917647 ], [ -69.930332, 43.914682 ], [ -69.928691, 43.916391 ], [ -69.92583, 43.918406 ], [ -69.923364, 43.918489 ], [ -69.921091, 43.921051 ], [ -69.917851, 43.92132 ], [ -69.913476, 43.923944 ], [ -69.907756, 43.925776 ], [ -69.905837, 43.926863 ], [ -69.904268, 43.928865 ], [ -69.902415, 43.935007 ], [ -69.895248, 43.94201 ], [ -69.891989, 43.944962 ], [ -69.890471, 43.946929 ], [ -69.890219, 43.948508 ], [ -69.888067, 43.949584 ], [ -69.884523, 43.953017 ], [ -69.88541, 43.954594 ], [ -69.883734, 43.956356 ], [ -69.884051, 43.958069 ], [ -69.881868, 43.961181 ], [ -69.883071, 43.961637 ], [ -69.884496, 43.965295 ], [ -69.883073, 43.967789 ], [ -69.881014, 43.968361 ], [ -69.881612, 43.969171 ], [ -69.879206, 43.970342 ], [ -69.879464, 43.970923 ], [ -69.883137, 43.969842 ], [ -69.883605, 43.968807 ], [ -69.88681, 43.968805 ], [ -69.887993, 43.965658 ], [ -69.889041, 43.965993 ], [ -69.893662, 43.965327 ], [ -69.895098, 43.965951 ], [ -69.896897, 43.965074 ], [ -69.898377, 43.969117 ], [ -69.904684, 43.969447 ], [ -69.908486, 43.968254 ], [ -69.910885, 43.966446 ], [ -69.912045, 43.963037 ], [ -69.913643, 43.961237 ], [ -69.914524, 43.958147 ], [ -69.918209, 43.953415 ], [ -69.920811, 43.951403 ], [ -69.926633, 43.948179 ], [ -69.927872, 43.946916 ], [ -69.930427, 43.951734 ], [ -69.928296, 43.956792 ], [ -69.92885, 43.96138 ], [ -69.930023, 43.961843 ], [ -69.932383, 43.961009 ], [ -69.933073, 43.959744 ], [ -69.934927, 43.960161 ], [ -69.935102, 43.958258 ], [ -69.936289, 43.955585 ], [ -69.93941, 43.953252 ], [ -69.941113, 43.954736 ], [ -69.940935, 43.955931 ], [ -69.942519, 43.956356 ], [ -69.943417, 43.955561 ], [ -69.945064, 43.958139 ], [ -69.947118, 43.959167 ], [ -69.94828, 43.958453 ], [ -69.952082, 43.959272 ], [ -69.954061, 43.959266 ], [ -69.955471, 43.958355 ], [ -69.960907, 43.957822 ], [ -69.97204, 43.948461 ], [ -69.97876, 43.94188 ], [ -69.984112, 43.937179 ], [ -69.991337, 43.93238 ], [ -69.993175, 43.931305 ] ] ] ] } },
{ "type": "Feature", "properties": { "GEOID": "2363590", "NAME": "Rockland", "NAMELSAD": "Rockland city", "STUSPS": "ME", "STATE_NAME": "Maine", "LSAD": "25", "place_type": "Incorporated place", "population": 7035.0, "moe": 17.0 }, "geometry": { "type": "MultiPolygon", "coordinates": [ [ [ [ -69.185287, 44.127745 ], [ -69.151557, 44.119327 ], [ -69.154119, 44.117878 ], [ -69.157116, 44.114426 ], [ -69.141287, 44.109432 ], [ -69.143577, 44.105904 ], [ -69.14616, 44.104267 ], [ -69.147747, 44.102496 ], [ -69.143877, 44.10115 ], [ -69.14246, 44.100663 ], [ -69.140428, 44.103744 ], [ -69.134759, 44.100414 ], [ -69.132265, 44.098368 ], [ -69.132406, 44.096532 ], [ -69.13428, 44.094364 ], [ -69.133343, 44.090597 ], [ -69.132761, 44.088755 ], [ -69.130524, 44.085626 ], [ -69.12895, 44.086083 ], [ -69.133787, 44.082264 ], [ -69.133475, 44.081814 ], [ -69.109926, 44.090004 ], [ -69.1049419, 44.0917129 ], [ -69.101107, 44.093601 ], [ -69.100588, 44.096726 ], [ -69.103294, 44.097552 ], [ -69.105577, 44.101676 ], [ -69.1010842, 44.1043952 ], [ -69.100863, 44.104529 ], [ -69.103676, 44.107991 ], [ -69.1038543, 44.108631 ], [ -69.10415, 44.109692 ], [ -69.104389, 44.11055 ], [ -69.100836, 44.113111 ], [ -69.100823, 44.116864 ], [ -69.098209, 44.1184 ], [ -69.092505, 44.118229 ], [ -69.085865, 44.114137 ], [ -69.081905, 44.115495 ], [ -69.097488, 44.126518 ], [ -69.108082, 44.134137 ], [ -69.118064, 44.142956 ], [ -69.160548, 44.172591 ], [ -69.163948, 44.166443 ], [ -69.185287, 44.127745 ] ] ] ] } },
{ "type": "Feature", "properties": { "GEOID": "2303950", "NAME": "Belfast", "NAMELSAD": "Belfast city", "STUSPS": "ME", "STATE_NAME": "Maine", "LSAD": "25", "place_type": "Incorporated place", "population": 6986.0, "moe": 17.0 }, "geometry": { "type": "MultiPolygon", "coordinates": [ [ [ [ -69.104467, 44.415495 ], [ -69.098016, 44.408494 ], [ -69.065647, 44.372954 ], [ -69.060564, 44.36742 ], [ -69.00669, 44.39061 ], [ -68.999479, 44.395998 ], [ -68.997899, 44.395021 ], [ -68.997304, 44.393518 ], [ -68.996106, 44.393149 ], [ -68.990205, 44.395052 ], [ -68.988836, 44.39441 ], [ -68.9874977, 44.393211 ], [ -68.987688, 44.393496 ], [ -68.984404, 44.396879 ], [ -68.981508, 44.398761 ], [ -68.990767, 44.415033 ], [ -68.994473, 44.422215 ], [ -68.998384, 44.425586 ], [ -68.9956934, 44.4269694 ], [ -68.992442, 44.428641 ], [ -68.986975, 44.425586 ], [ -68.982221, 44.425586 ], [ -68.972239, 44.425586 ], [ -68.966509, 44.427836 ], [ -68.961549, 44.428347 ], [ -68.9579013, 44.4285495 ], [ -68.963671, 44.447822 ], [ -68.96618, 44.457541 ], [ -68.969138, 44.457182 ], [ -68.971475, 44.466491 ], [ -68.974496, 44.466199 ], [ -68.976805, 44.475018 ], [ -68.977982, 44.474865 ], [ -68.981452, 44.487303 ], [ -68.978225, 44.488851 ], [ -68.981191, 44.492011 ], [ -69.040252, 44.465569 ], [ -69.040547, 44.46544 ], [ -69.118282, 44.429828 ], [ -69.104467, 44.415495 ] ] ] ] } },
{ "type": "Feature", "properties": { "GEOID": "2368875", "NAME": "Skowhegan", "NAMELSAD": "Skowhegan CDP", "STUSPS": "ME", "STATE_NAME": "Maine", "LSAD": "57", "place_type": "CDP", "population": 6662.0, "moe": 392.0 }, "geometry": { "type": "MultiPolygon", "coordinates": [ [ [ [ -69.75011, 44.776608 ], [ -69.757606, 44.771274 ], [ -69.751368, 44.766706 ], [ -69.753285, 44.765406 ], [ -69.745617, 44.75911 ], [ -69.742363, 44.75681 ], [ -69.739004, 44.754436 ], [ -69.747438, 44.749294 ], [ -69.739499, 44.721573 ], [ -69.728537, 44.729055 ], [ -69.728027, 44.729914 ], [ -69.72519, 44.742287 ], [ -69.724392, 44.743405 ], [ -69.719398, 44.746757 ], [ -69.717358, 44.746476 ], [ -69.715338, 44.74742 ], [ -69.711872, 44.738433 ], [ -69.70963, 44.739953 ], [ -69.708581, 44.742141 ], [ -69.707638, 44.74692 ], [ -69.707795, 44.752153 ], [ -69.70628, 44.757088 ], [ -69.703292, 44.759266 ], [ -69.702777, 44.760748 ], [ -69.701196, 44.760354 ], [ -69.696179, 44.760511 ], [ -69.690391, 44.761594 ], [ -69.688433, 44.761431 ], [ -69.679269, 44.757988 ], [ -69.66646, 44.749644 ], [ -69.664917, 44.74836 ], [ -69.658695, 44.741889 ], [ -69.65718, 44.739843 ], [ -69.655123, 44.738203 ], [ -69.653121, 44.739701 ], [ -69.649568, 44.74062 ], [ -69.651132, 44.742955 ], [ -69.659637, 44.749162 ], [ -69.662204, 44.750757 ], [ -69.665574, 44.754772 ], [ -69.666315, 44.759342 ], [ -69.672935, 44.763584 ], [ -69.676114, 44.76934 ], [ -69.677753, 44.771101 ], [ -69.68083, 44.774257 ], [ -69.681824, 44.776911 ], [ -69.681952, 44.778924 ], [ -69.683973, 44.78279 ], [ -69.68622, 44.78398 ], [ -69.690874, 44.783981 ], [ -69.69036, 44.786131 ], [ -69.690808, 44.78851 ], [ -69.688977, 44.790729 ], [ -69.687693, 44.791005 ], [ -69.685605, 44.792697 ], [ -69.684128, 44.79455 ], [ -69.68449, 44.796641 ], [ -69.679962, 44.799293 ], [ -69.674566, 44.804758 ], [ -69.675079, 44.806564 ], [ -69.672381, 44.809262 ], [ -69.670679, 44.808759 ], [ -69.669458, 44.810108 ], [ -69.666341, 44.812302 ], [ -69.665193, 44.813701 ], [ -69.664415, 44.815916 ], [ -69.701889, 44.811425 ], [ -69.706317, 44.810671 ], [ -69.724487, 44.808335 ], [ -69.719028, 44.789659 ], [ -69.735034, 44.78785 ], [ -69.759979, 44.784992 ], [ -69.75011, 44.776608 ] ] ] ] } },
{ "type": "Feature", "properties": { "GEOID": "2387810", "NAME": "Yarmouth", "NAMELSAD": "Yarmouth CDP", "STUSPS": "ME", "STATE_NAME": "Maine", "LSAD": "57", "place_type": "CDP", "population": 6289.0, "moe": 625.0 }, "geometry": { "type": "MultiPolygon", "coordinates": [ [ [ [ -70.225879, 43.797349 ], [ -70.225752, 43.797242 ], [ -70.222818, 43.794748 ], [ -70.21511, 43.799116 ], [ -70.209814, 43.794393 ], [ -70.20501, 43.790116 ], [ -70.212522, 43.785607 ], [ -70.209596, 43.783019 ], [ -70.202092, 43.787581 ], [ -70.198102, 43.783994 ], [ -70.195619, 43.781697 ], [ -70.195203, 43.781311 ], [ -70.192954, 43.783334 ], [ -70.192779, 43.783229 ], [ -70.186339, 43.779539 ], [ -70.184132, 43.780972 ], [ -70.180833, 43.779745 ], [ -70.177266, 43.783861 ], [ -70.174091, 43.786927 ], [ -70.173289, 43.788654 ], [ -70.170553, 43.7868 ], [ -70.168458, 43.788604 ], [ -70.164469, 43.791206 ], [ -70.163911, 43.792107 ], [ -70.173012, 43.79645 ], [ -70.177106, 43.797762 ], [ -70.170434, 43.804051 ], [ -70.164177, 43.809637 ], [ -70.15335, 43.813077 ], [ -70.153374, 43.813269 ], [ -70.154044, 43.813028 ], [ -70.157561, 43.81401 ], [ -70.15922, 43.816796 ], [ -70.158286, 43.81852 ], [ -70.160665, 43.818613 ], [ -70.159147, 43.819425 ], [ -70.161233, 43.821391 ], [ -70.164728, 43.823866 ], [ -70.166238, 43.827143 ], [ -70.184736, 43.817754 ], [ -70.189701, 43.815373 ], [ -70.200044, 43.810883 ], [ -70.20814, 43.807319 ], [ -70.214102, 43.803939 ], [ -70.219005, 43.805816 ], [ -70.218968, 43.805519 ], [ -70.222913, 43.802176 ], [ -70.227751, 43.799065 ], [ -70.225879, 43.797349 ] ] ] ] } },
{ "type": "Feature", "properties": { "GEOID": "2336500", "NAME": "Kennebunk", "NAMELSAD": "Kennebunk CDP", "STUSPS": "ME", "STATE_NAME": "Maine", "LSAD": "57", "place_type": "CDP", "population": 6221.0, "moe": 621.0 }, "geometry": { "type": "MultiPolygon", "coordinates": [ [ [ [ -70.57828, 43.376662 ], [ -70.574849, 43.372987 ], [ -70.575135, 43.372019 ], [ -70.573344, 43.370999 ], [ -70.568341, 43.369317 ], [ -70.56834, 43.36848 ], [ -70.564783, 43.36747 ], [ -70.563609, 43.364641 ], [ -70.562165, 43.364647 ], [ -70.56194, 43.363132 ], [ -70.559908, 43.363012 ], [ -70.558965, 43.360367 ], [ -70.553457, 43.370938 ], [ -70.552313, 43.373571 ], [ -70.549876, 43.373493 ], [ -70.547347, 43.370705 ], [ -70.543221, 43.367893 ], [ -70.542077, 43.367571 ], [ -70.535844, 43.374735 ], [ -70.531092, 43.374021 ], [ -70.533443, 43.372672 ], [ -70.531878, 43.369013 ], [ -70.532632, 43.365171 ], [ -70.530312, 43.36604 ], [ -70.528313, 43.365259 ], [ -70.52677, 43.364392 ], [ -70.52461, 43.359704 ], [ -70.522698, 43.359543 ], [ -70.521252, 43.360783 ], [ -70.519515, 43.365118 ], [ -70.522638, 43.366918 ], [ -70.521794, 43.368231 ], [ -70.519364, 43.370049 ], [ -70.512086, 43.373765 ], [ -70.508286, 43.376599 ], [ -70.508676, 43.377632 ], [ -70.50524, 43.378721 ], [ -70.50784, 43.378356 ], [ -70.507333, 43.38047 ], [ -70.509411, 43.380069 ], [ -70.511027, 43.381848 ], [ -70.512479, 43.381838 ], [ -70.513855, 43.383089 ], [ -70.516798, 43.382488 ], [ -70.51697, 43.383701 ], [ -70.515649, 43.384684 ], [ -70.515787, 43.385599 ], [ -70.51769, 43.386505 ], [ -70.518998, 43.388293 ], [ -70.522337, 43.391288 ], [ -70.521207, 43.392635 ], [ -70.522765, 43.393353 ], [ -70.524375, 43.392544 ], [ -70.525308, 43.394179 ], [ -70.524978, 43.395362 ], [ -70.522514, 43.396724 ], [ -70.524101, 43.399485 ], [ -70.527035, 43.4005 ], [ -70.52577, 43.402421 ], [ -70.52636, 43.402776 ], [ -70.526853, 43.40337 ], [ -70.530194, 43.404856 ], [ -70.531767, 43.404776 ], [ -70.533877, 43.406284 ], [ -70.537843, 43.406333 ], [ -70.540511, 43.405417 ], [ -70.545439, 43.405893 ], [ -70.547162, 43.405925 ], [ -70.553458, 43.399265 ], [ -70.555543, 43.400873 ], [ -70.562933, 43.404229 ], [ -70.565252, 43.400078 ], [ -70.575674, 43.381329 ], [ -70.57828, 43.376662 ] ] ] ] } },
{ "type": "Feature", "properties": { "GEOID": "2327085", "NAME": "Gardiner", "NAMELSAD": "Gardiner city", "STUSPS": "ME", "STATE_NAME": "Maine", "LSAD": "25", "place_type": "Incorporated place", "population": 6088.0, "moe": 21.0 }, "geometry": { "type": "MultiPolygon", "coordinates": [ [ [ [ -69.854983, 44.167862 ], [ -69.834479, 44.164587 ], [ -69.811185, 44.160864 ], [ -69.763566, 44.153217 ], [ -69.764103, 44.155185 ], [ -69.763737, 44.158375 ], [ -69.763802, 44.162651 ], [ -69.76241, 44.16564 ], [ -69.760985, 44.167081 ], [ -69.757045, 44.168706 ], [ -69.754588, 44.172872 ], [ -69.75373, 44.176416 ], [ -69.753732, 44.179275 ], [ -69.752214, 44.184066 ], [ -69.75346, 44.190661 ], [ -69.75479, 44.193412 ], [ -69.759073, 44.198052 ], [ -69.760423, 44.199456 ], [ -69.762618, 44.203088 ], [ -69.762938, 44.205481 ], [ -69.761515, 44.211464 ], [ -69.760564, 44.214369 ], [ -69.760313, 44.218247 ], [ -69.761428, 44.221771 ], [ -69.76256, 44.223795 ], [ -69.768012, 44.229062 ], [ -69.768751, 44.230257 ], [ -69.769242, 44.231143 ], [ -69.770232, 44.234759 ], [ -69.773895, 44.235352 ], [ -69.77732, 44.236425 ], [ -69.781263, 44.238115 ], [ -69.785004, 44.238724 ], [ -69.785933, 44.236435 ], [ -69.793477, 44.237773 ], [ -69.798556, 44.236927 ], [ -69.801725, 44.237537 ], [ -69.803957, 44.230921 ], [ -69.807305, 44.221026 ], [ -69.805826, 44.221119 ], [ -69.801539, 44.213288 ], [ -69.804469, 44.212227 ], [ -69.805675, 44.211392 ], [ -69.805968, 44.210947 ], [ -69.806145, 44.206498 ], [ -69.808532, 44.204001 ], [ -69.811421, 44.202441 ], [ -69.817271, 44.197794 ], [ -69.824002, 44.193613 ], [ -69.826817, 44.192589 ], [ -69.831138, 44.19186 ], [ -69.832485, 44.191252 ], [ -69.833956, 44.189562 ], [ -69.835952, 44.185239 ], [ -69.839274, 44.182649 ], [ -69.840643, 44.180284 ], [ -69.844791, 44.175482 ], [ -69.846056, 44.172803 ], [ -69.847855, 44.171894 ], [ -69.848087, 44.170515 ], [ -69.850017, 44.169434 ], [ -69.85453, 44.168315 ], [ -69.854983, 44.167862 ] ] ] ] } },
{ "type": "Feature", "properties": { "GEOID": "2386480", "NAME": "Winslow", "NAMELSAD": "Winslow CDP", "STUSPS": "ME", "STATE_NAME": "Maine", "LSAD": "57", "place_type": "CDP", "population": 5873.0, "moe": 352.0 }, "geometry": { "type": "MultiPolygon", "coordinates": [ [ [ [ -69.652534, 44.524254 ], [ -69.648599, 44.524484 ], [ -69.648198, 44.522673 ], [ -69.644611, 44.524192 ], [ -69.641613, 44.526299 ], [ -69.640547, 44.528113 ], [ -69.631918, 44.527149 ], [ -69.623326, 44.52588 ], [ -69.61682, 44.526496 ], [ -69.613391, 44.525789 ], [ -69.616518, 44.528329 ], [ -69.615946, 44.529917 ], [ -69.612096, 44.531848 ], [ -69.610659, 44.535682 ], [ -69.605843, 44.537996 ], [ -69.600692, 44.541107 ], [ -69.596521, 44.541739 ], [ -69.593129, 44.543093 ], [ -69.588473, 44.545829 ], [ -69.585386, 44.549152 ], [ -69.58403, 44.551067 ], [ -69.581186, 44.553435 ], [ -69.576554, 44.556331 ], [ -69.56913, 44.568122 ], [ -69.567696, 44.569294 ], [ -69.563231, 44.571012 ], [ -69.568115, 44.571721 ], [ -69.596235, 44.575867 ], [ -69.605746, 44.577264 ], [ -69.60702, 44.57579 ], [ -69.611009, 44.572501 ], [ -69.613726, 44.567976 ], [ -69.617639, 44.564903 ], [ -69.621037, 44.563399 ], [ -69.625042, 44.558183 ], [ -69.625922, 44.556121 ], [ -69.625822, 44.552507 ], [ -69.626926, 44.547406 ], [ -69.626938, 44.547314 ], [ -69.62732, 44.545121 ], [ -69.630028, 44.541784 ], [ -69.633228, 44.539903 ], [ -69.634312, 44.538557 ], [ -69.637988, 44.534857 ], [ -69.649765, 44.528881 ], [ -69.654189, 44.52493 ], [ -69.652534, 44.524254 ] ] ] ] } },
{ "type": "Feature", "properties": { "GEOID": "2354490", "NAME": "Oak Hill", "NAMELSAD": "Oak Hill CDP", "STUSPS": "ME", "STATE_NAME": "Maine", "LSAD": "57", "place_type": "CDP", "population": 5631.0, "moe": 707.0 }, "geometry": { "type": "MultiPolygon", "coordinates": [ [ [ [ -70.362316, 43.600057 ], [ -70.361687, 43.598152 ], [ -70.361564, 43.592085 ], [ -70.362862, 43.587717 ], [ -70.36041, 43.584244 ], [ -70.356081, 43.585649 ], [ -70.354413, 43.586141 ], [ -70.35295, 43.580492 ], [ -70.351502, 43.578621 ], [ -70.348093, 43.575383 ], [ -70.344993, 43.577383 ], [ -70.343251, 43.578671 ], [ -70.333306, 43.584921 ], [ -70.332486, 43.581855 ], [ -70.331985, 43.581388 ], [ -70.33155, 43.581055 ], [ -70.331048, 43.580749 ], [ -70.330685, 43.580583 ], [ -70.330532, 43.580543 ], [ -70.327822, 43.580334 ], [ -70.326308, 43.579946 ], [ -70.324362, 43.579644 ], [ -70.324301, 43.580608 ], [ -70.322213, 43.580781 ], [ -70.321187, 43.582431 ], [ -70.320687, 43.581071 ], [ -70.318095, 43.583392 ], [ -70.317583, 43.58678 ], [ -70.319294, 43.586906 ], [ -70.316952, 43.587966 ], [ -70.317023, 43.589492 ], [ -70.318291, 43.589706 ], [ -70.31483, 43.591327 ], [ -70.313917, 43.592486 ], [ -70.311913, 43.591763 ], [ -70.310597, 43.592609 ], [ -70.311025, 43.5938 ], [ -70.313225, 43.594369 ], [ -70.310858, 43.596049 ], [ -70.309769, 43.595538 ], [ -70.306429, 43.595855 ], [ -70.304873, 43.59922 ], [ -70.305998, 43.599602 ], [ -70.308712, 43.602371 ], [ -70.311437, 43.604155 ], [ -70.312296, 43.607171 ], [ -70.313604, 43.609189 ], [ -70.315981, 43.610432 ], [ -70.317066, 43.609912 ], [ -70.319814, 43.611912 ], [ -70.323959, 43.610418 ], [ -70.327412, 43.611269 ], [ -70.327957, 43.613208 ], [ -70.328852, 43.613267 ], [ -70.329061, 43.615316 ], [ -70.330407, 43.616377 ], [ -70.331913, 43.615823 ], [ -70.334067, 43.617035 ], [ -70.33653, 43.617023 ], [ -70.339758, 43.61604 ], [ -70.34232, 43.615865 ], [ -70.344796, 43.614873 ], [ -70.348919, 43.615899 ], [ -70.3498, 43.616779 ], [ -70.354055, 43.61596 ], [ -70.355123, 43.616248 ], [ -70.360278, 43.610444 ], [ -70.366352, 43.603047 ], [ -70.362316, 43.600057 ] ] ] ] } },
{ "type": "Feature", "properties": { "GEOID": "2353685", "NAME": "North Windham", "NAMELSAD": "North Windham CDP", "STUSPS": "ME", "STATE_NAME": "Maine", "LSAD": "57", "place_type": "CDP", "population": 5417.0, "moe": 538.0 }, "geometry": { "type": "MultiPolygon", "coordinates": [ [ [ [ -70.456587, 43.833462 ], [ -70.454865, 43.830312 ], [ -70.453758, 43.829611 ], [ -70.451712, 43.831231 ], [ -70.449701, 43.830632 ], [ -70.446544, 43.827281 ], [ -70.448693, 43.820762 ], [ -70.449185, 43.818657 ], [ -70.448599, 43.816994 ], [ -70.448921, 43.813741 ], [ -70.450842, 43.808886 ], [ -70.45008, 43.80249 ], [ -70.449576, 43.802026 ], [ -70.447174, 43.802049 ], [ -70.440521, 43.799148 ], [ -70.433974, 43.800688 ], [ -70.429333, 43.800036 ], [ -70.41867, 43.794873 ], [ -70.415575, 43.798594 ], [ -70.414822, 43.800911 ], [ -70.410896, 43.804331 ], [ -70.410299, 43.806097 ], [ -70.408805, 43.808007 ], [ -70.406427, 43.809136 ], [ -70.405884, 43.814236 ], [ -70.404781, 43.817643 ], [ -70.402761, 43.818345 ], [ -70.404174, 43.81902 ], [ -70.403231, 43.821741 ], [ -70.401229, 43.82219 ], [ -70.400595, 43.823854 ], [ -70.397669, 43.824585 ], [ -70.395673, 43.826159 ], [ -70.395186, 43.82828 ], [ -70.403849, 43.832779 ], [ -70.409166, 43.83384 ], [ -70.405834, 43.836704 ], [ -70.406593, 43.838478 ], [ -70.406832, 43.840737 ], [ -70.412049, 43.839626 ], [ -70.420816, 43.838294 ], [ -70.422937, 43.837757 ], [ -70.433345, 43.835271 ], [ -70.435756, 43.837239 ], [ -70.435586, 43.840382 ], [ -70.43478, 43.843293 ], [ -70.434851, 43.845616 ], [ -70.431418, 43.849669 ], [ -70.431698, 43.850376 ], [ -70.44019, 43.846306 ], [ -70.442299, 43.845808 ], [ -70.444762, 43.848077 ], [ -70.442728, 43.849586 ], [ -70.441804, 43.855628 ], [ -70.440578, 43.857019 ], [ -70.441189, 43.858209 ], [ -70.444744, 43.858742 ], [ -70.447886, 43.857891 ], [ -70.451452, 43.855346 ], [ -70.451885, 43.856068 ], [ -70.452838, 43.85696 ], [ -70.452198, 43.841376 ], [ -70.450298, 43.837076 ], [ -70.448918, 43.835278 ], [ -70.453508, 43.836628 ], [ -70.452321, 43.836933 ], [ -70.453329, 43.838121 ], [ -70.455362, 43.835207 ], [ -70.456587, 43.833462 ] ] ] ] } },
{ "type": "Feature", "properties": { "GEOID": "2330760", "NAME": "Hampden", "NAMELSAD": "Hampden CDP", "STUSPS": "ME", "STATE_NAME": "Maine", "LSAD": "57", "place_type": "CDP", "population": 5161.0, "moe": 617.0 }, "geometry": { "type": "MultiPolygon", "coordinates": [ [ [ [ -68.870254, 44.711966 ], [ -68.86863, 44.709466 ], [ -68.866478, 44.708352 ], [ -68.863497, 44.70463 ], [ -68.863875, 44.701827 ], [ -68.862175, 44.697654 ], [ -68.837529, 44.702125 ], [ -68.840746, 44.707621 ], [ -68.840855, 44.709296 ], [ -68.840137, 44.711699 ], [ -68.83789, 44.714945 ], [ -68.834346, 44.718131 ], [ -68.832332, 44.721036 ], [ -68.832067, 44.722544 ], [ -68.831797, 44.735093 ], [ -68.830534, 44.740173 ], [ -68.828024, 44.743565 ], [ -68.823521, 44.746842 ], [ -68.820727, 44.747936 ], [ -68.817207, 44.750091 ], [ -68.815724, 44.750093 ], [ -68.812378, 44.755097 ], [ -68.811082, 44.756396 ], [ -68.799069, 44.761979 ], [ -68.791591, 44.764887 ], [ -68.787546, 44.767229 ], [ -68.78687, 44.768457 ], [ -68.786002, 44.774014 ], [ -68.784951, 44.775313 ], [ -68.781153, 44.77829 ], [ -68.783829, 44.779561 ], [ -68.791752, 44.783378 ], [ -68.836429, 44.777536 ], [ -68.860254, 44.774433 ], [ -68.85772, 44.771605 ], [ -68.855051, 44.767331 ], [ -68.847585, 44.760722 ], [ -68.849813, 44.759062 ], [ -68.855124, 44.758612 ], [ -68.856439, 44.758984 ], [ -68.856727, 44.76084 ], [ -68.858864, 44.763406 ], [ -68.864605, 44.763205 ], [ -68.866714, 44.764565 ], [ -68.868411, 44.764431 ], [ -68.867878, 44.760221 ], [ -68.864192, 44.750621 ], [ -68.86395, 44.748705 ], [ -68.864743, 44.746696 ], [ -68.861904, 44.746386 ], [ -68.86271, 44.74341 ], [ -68.86041, 44.737334 ], [ -68.858642, 44.731869 ], [ -68.861137, 44.73177 ], [ -68.862562, 44.728284 ], [ -68.864042, 44.72603 ], [ -68.867844, 44.71912 ], [ -68.870622, 44.713554 ], [ -68.870254, 44.711966 ] ] ] ] } },
{ "type": "Feature", "properties": { "GEOID": "2337235", "NAME": "Kittery", "NAMELSAD": "Kittery CDP", "STUSPS": "ME", "STATE_NAME": "Maine", "LSAD": "57", "place_type": "CDP", "population": 5110.0, "moe": 531.0 }, "geometry": { "type": "MultiPolygon", "coordinates": [ [ [ [ -70.760697, 43.091488 ], [ -70.757197, 43.091988 ], [ -70.756897, 43.092688 ], [ -70.755897, 43.091788 ], [ -70.760197, 43.089888 ], [ -70.759055, 43.087841 ], [ -70.756297, 43.088588 ], [ -70.757297, 43.086488 ], [ -70.754797, 43.085488 ], [ -70.753997, 43.084488 ], [ -70.751002, 43.083787 ], [ -70.747974, 43.083686 ], [ -70.742706, 43.085481 ], [ -70.741781, 43.08511 ], [ -70.741355, 43.084369 ], [ -70.744688, 43.082725 ], [ -70.747208, 43.080934 ], [ -70.742815, 43.081492 ], [ -70.743922, 43.080426 ], [ -70.741395, 43.080357 ], [ -70.737883, 43.079563 ], [ -70.738525, 43.076974 ], [ -70.7407959, 43.0763596 ], [ -70.738078, 43.073821 ], [ -70.7379737, 43.073826 ], [ -70.7203013, 43.07467 ], [ -70.718844, 43.083304 ], [ -70.718897, 43.090488 ], [ -70.721897, 43.096688 ], [ -70.726225, 43.099804 ], [ -70.726897, 43.100288 ], [ -70.730697, 43.108988 ], [ -70.733088, 43.112741 ], [ -70.735715, 43.11082 ], [ -70.737287, 43.112431 ], [ -70.751325, 43.101565 ], [ -70.753751, 43.099855 ], [ -70.757326, 43.097643 ], [ -70.764952, 43.093437 ], [ -70.760697, 43.091488 ] ] ] ] } },
{ "type": "Feature", "properties": { "GEOID": "2333945", "NAME": "Houlton", "NAMELSAD": "Houlton CDP", "STUSPS": "ME", "STATE_NAME": "Maine", "LSAD": "57", "place_type": "CDP", "population": 5082.0, "moe": 211.0 }, "geometry": { "type": "MultiPolygon", "coordinates": [ [ [ [ -67.859126, 46.111045 ], [ -67.860128, 46.109991 ], [ -67.85643, 46.108352 ], [ -67.855526, 46.109942 ], [ -67.853354, 46.109739 ], [ -67.849226, 46.107653 ], [ -67.848317, 46.102745 ], [ -67.849795, 46.095254 ], [ -67.840643, 46.09539 ], [ -67.830264, 46.095471 ], [ -67.829887, 46.113713 ], [ -67.816859, 46.113838 ], [ -67.806014, 46.114636 ], [ -67.807373, 46.122213 ], [ -67.808899, 46.126237 ], [ -67.808521, 46.126364 ], [ -67.807911, 46.132264 ], [ -67.808095, 46.135113 ], [ -67.806843, 46.139045 ], [ -67.812554, 46.141562 ], [ -67.815437, 46.142513 ], [ -67.820079, 46.143239 ], [ -67.826689, 46.142783 ], [ -67.831862, 46.141606 ], [ -67.839907, 46.139209 ], [ -67.849914, 46.137119 ], [ -67.848613, 46.134561 ], [ -67.846191, 46.13288 ], [ -67.847521, 46.128783 ], [ -67.849591, 46.127843 ], [ -67.851059, 46.123635 ], [ -67.8545, 46.119929 ], [ -67.856634, 46.119411 ], [ -67.857661, 46.114205 ], [ -67.862779, 46.111631 ], [ -67.859126, 46.111045 ] ] ] ] } },
{ "type": "Feature", "properties": { "GEOID": "2324740", "NAME": "Farmington", "NAMELSAD": "Farmington CDP", "STUSPS": "ME", "STATE_NAME": "Maine", "LSAD": "57", "place_type": "CDP", "population": 4705.0, "moe": 461.0 }, "geometry": { "type": "MultiPolygon", "coordinates": [ [ [ [ -70.167563, 44.677652 ], [ -70.16627, 44.669243 ], [ -70.165811, 44.668715 ], [ -70.161673, 44.666858 ], [ -70.158188, 44.664239 ], [ -70.166474, 44.661766 ], [ -70.161927, 44.660699 ], [ -70.159141, 44.661736 ], [ -70.157792, 44.661175 ], [ -70.15802, 44.658656 ], [ -70.154908, 44.656517 ], [ -70.153068, 44.657066 ], [ -70.150961, 44.655016 ], [ -70.149556, 44.650415 ], [ -70.148889, 44.650186 ], [ -70.146391, 44.647939 ], [ -70.142865, 44.64586 ], [ -70.135145, 44.64362 ], [ -70.132053, 44.649061 ], [ -70.130865, 44.648954 ], [ -70.13053, 44.648583 ], [ -70.129013, 44.648433 ], [ -70.127373, 44.649143 ], [ -70.126367, 44.648882 ], [ -70.126962, 44.649557 ], [ -70.127907, 44.649777 ], [ -70.127155, 44.65069 ], [ -70.127326, 44.651453 ], [ -70.129569, 44.652466 ], [ -70.130765, 44.653193 ], [ -70.130125, 44.654459 ], [ -70.132122, 44.655641 ], [ -70.127289, 44.657544 ], [ -70.127872, 44.658141 ], [ -70.127326, 44.661459 ], [ -70.12632, 44.66214 ], [ -70.126817, 44.664876 ], [ -70.128602, 44.666866 ], [ -70.12841, 44.668683 ], [ -70.128341, 44.672261 ], [ -70.129428, 44.673695 ], [ -70.128432, 44.675308 ], [ -70.129185, 44.675924 ], [ -70.130905, 44.676994 ], [ -70.130639, 44.682357 ], [ -70.128833, 44.684234 ], [ -70.125434, 44.685879 ], [ -70.125017, 44.68663 ], [ -70.131418, 44.683008 ], [ -70.132072, 44.682197 ], [ -70.133396, 44.678868 ], [ -70.134415, 44.677615 ], [ -70.13747, 44.678442 ], [ -70.143685, 44.68074 ], [ -70.14675, 44.684607 ], [ -70.149535, 44.685022 ], [ -70.148468, 44.68923 ], [ -70.149172, 44.695325 ], [ -70.151974, 44.695323 ], [ -70.154911, 44.693376 ], [ -70.155064, 44.692159 ], [ -70.156757, 44.692588 ], [ -70.157791, 44.691873 ], [ -70.158502, 44.691008 ], [ -70.158791, 44.689565 ], [ -70.15859, 44.688595 ], [ -70.157116, 44.688002 ], [ -70.157047, 44.687184 ], [ -70.158889, 44.685738 ], [ -70.159143, 44.68493 ], [ -70.160929, 44.682249 ], [ -70.16189, 44.68167 ], [ -70.162683, 44.68063 ], [ -70.164614, 44.67958 ], [ -70.16428, 44.678065 ], [ -70.164771, 44.677416 ], [ -70.164932, 44.677393 ], [ -70.164391, 44.67794 ], [ -70.1649, 44.679124 ], [ -70.166393, 44.679706 ], [ -70.1675, 44.680837 ], [ -70.167563, 44.677652 ] ] ] ] } },
{ "type": "Feature", "properties": { "GEOID": "2340105", "NAME": "Lisbon Falls", "NAMELSAD": "Lisbon Falls CDP", "STUSPS": "ME", "STATE_NAME": "Maine", "LSAD": "57", "place_type": "CDP", "population": 4267.0, "moe": 474.0 }, "geometry": { "type": "MultiPolygon", "coordinates": [ [ [ [ -70.088815, 44.00989 ], [ -70.086598, 44.008682 ], [ -70.08413, 44.005928 ], [ -70.082161, 44.000297 ], [ -70.077667, 43.997193 ], [ -70.072037, 43.996431 ], [ -70.068451, 43.996442 ], [ -70.062754, 43.993897 ], [ -70.057959, 43.993048 ], [ -70.055667, 43.992451 ], [ -70.051824, 43.990982 ], [ -70.051108, 43.992335 ], [ -70.050967, 43.99285 ], [ -70.05075, 43.994085 ], [ -70.046129, 43.995446 ], [ -70.045428, 43.997353 ], [ -70.043817, 43.997831 ], [ -70.043477, 44.002268 ], [ -70.041348, 44.001387 ], [ -70.03929, 44.001771 ], [ -70.037562, 43.999617 ], [ -70.033264, 44.001344 ], [ -70.035296, 44.002604 ], [ -70.032338, 44.003243 ], [ -70.033844, 44.004851 ], [ -70.034753, 44.006755 ], [ -70.035532, 44.00709 ], [ -70.033295, 44.008636 ], [ -70.034139, 44.009583 ], [ -70.035601, 44.013215 ], [ -70.037178, 44.01516 ], [ -70.036245, 44.01651 ], [ -70.037342, 44.016842 ], [ -70.037497, 44.01911 ], [ -70.033893, 44.02016 ], [ -70.032799, 44.021264 ], [ -70.034881, 44.021499 ], [ -70.041724, 44.022672 ], [ -70.059735, 44.025502 ], [ -70.060332, 44.025433 ], [ -70.067243, 44.0241 ], [ -70.067442, 44.016951 ], [ -70.067645, 44.016275 ], [ -70.069333, 44.013426 ], [ -70.070092, 44.006755 ], [ -70.070936, 44.007031 ], [ -70.0711, 44.006738 ], [ -70.071298, 44.006724 ], [ -70.072579, 44.006225 ], [ -70.074083, 44.008474 ], [ -70.080704, 44.012323 ], [ -70.082717, 44.012689 ], [ -70.086946, 44.011717 ], [ -70.087272, 44.011356 ], [ -70.088815, 44.00989 ] ] ] ] } },
{ "type": "Feature", "properties": { "GEOID": "2388160", "NAME": "York Harbor", "NAMELSAD": "York Harbor CDP", "STUSPS": "ME", "STATE_NAME": "Maine", "LSAD": "57", "place_type": "CDP", "population": 4240.0, "moe": 966.0 }, "geometry": { "type": "MultiPolygon", "coordinates": [ [ [ [ -70.680253, 43.142838 ], [ -70.676778, 43.140326 ], [ -70.675542, 43.136371 ], [ -70.672958, 43.135934 ], [ -70.665284, 43.136686 ], [ -70.660685, 43.135995 ], [ -70.649681, 43.135669 ], [ -70.64387, 43.132777 ], [ -70.642857, 43.132352 ], [ -70.644615, 43.128982 ], [ -70.643454, 43.128086 ], [ -70.640022, 43.129409 ], [ -70.6335822, 43.1296329 ], [ -70.632067, 43.133157 ], [ -70.6311961, 43.1332199 ], [ -70.624976, 43.133669 ], [ -70.62251, 43.134573 ], [ -70.622384, 43.138867 ], [ -70.622361, 43.1403344 ], [ -70.623292, 43.140252 ], [ -70.623916, 43.140343 ], [ -70.624097, 43.140594 ], [ -70.624097, 43.141166 ], [ -70.6234404, 43.1426088 ], [ -70.626008, 43.143295 ], [ -70.625953, 43.147382 ], [ -70.6249156, 43.1497962 ], [ -70.625314, 43.149764 ], [ -70.627533, 43.148716 ], [ -70.629761, 43.151024 ], [ -70.629331, 43.151278 ], [ -70.633488, 43.152776 ], [ -70.635065, 43.15164 ], [ -70.637068, 43.152248 ], [ -70.641145, 43.153605 ], [ -70.645664, 43.155774 ], [ -70.651483, 43.159468 ], [ -70.658972, 43.154571 ], [ -70.664555, 43.151106 ], [ -70.671643, 43.149264 ], [ -70.680916, 43.145163 ], [ -70.680253, 43.142838 ] ] ] ] } },
{ "type": "Feature", "properties": { "GEOID": "2370660", "NAME": "South Eliot", "NAMELSAD": "South Eliot CDP", "STUSPS": "ME", "STATE_NAME": "Maine", "LSAD": "57", "place_type": "CDP", "population": 4203.0, "moe": 595.0 }, "geometry": { "type": "MultiPolygon", "coordinates": [ [ [ [ -70.832444, 43.14594 ], [ -70.831138, 43.142927 ], [ -70.827781, 43.139578 ], [ -70.826332, 43.136663 ], [ -70.827052, 43.134728 ], [ -70.824006, 43.136043 ], [ -70.82294, 43.133828 ], [ -70.823578, 43.132232 ], [ -70.821853, 43.131702 ], [ -70.821449, 43.128053 ], [ -70.820068, 43.127284 ], [ -70.81887, 43.125288 ], [ -70.814948, 43.123098 ], [ -70.810477, 43.122664 ], [ -70.805884, 43.121673 ], [ -70.802069, 43.11885 ], [ -70.800238, 43.11917 ], [ -70.797659, 43.117522 ], [ -70.79772, 43.116424 ], [ -70.799368, 43.114043 ], [ -70.799063, 43.11283 ], [ -70.797324, 43.111365 ], [ -70.7989903, 43.1102681 ], [ -70.793906, 43.106712 ], [ -70.78388, 43.100867 ], [ -70.782697, 43.099635 ], [ -70.779098, 43.095887 ], [ -70.767998, 43.093588 ], [ -70.7678415, 43.0934999 ], [ -70.765172, 43.099056 ], [ -70.768674, 43.102041 ], [ -70.771198, 43.103452 ], [ -70.774687, 43.104631 ], [ -70.775013, 43.105171 ], [ -70.774401, 43.106576 ], [ -70.772918, 43.107508 ], [ -70.770805, 43.107811 ], [ -70.769449, 43.108634 ], [ -70.759809, 43.120696 ], [ -70.77259, 43.131285 ], [ -70.79913, 43.153299 ], [ -70.80149, 43.156816 ], [ -70.808485, 43.155719 ], [ -70.811783, 43.156005 ], [ -70.812753, 43.156584 ], [ -70.814434, 43.155933 ], [ -70.816889, 43.154212 ], [ -70.822002, 43.153417 ], [ -70.824015, 43.153806 ], [ -70.825545, 43.152447 ], [ -70.82843, 43.154388 ], [ -70.829854, 43.152803 ], [ -70.829756, 43.150772 ], [ -70.831787, 43.148699 ], [ -70.832444, 43.14594 ] ] ] ] } },
{ "type": "Feature", "properties": { "GEOID": "2364255", "NAME": "Rumford", "NAMELSAD": "Rumford CDP", "STUSPS": "ME", "STATE_NAME": "Maine", "LSAD": "57", "place_type": "CDP", "population": 4067.0, "moe": 513.0 }, "geometry": { "type": "MultiPolygon", "coordinates": [ [ [ [ -70.609943, 44.570055 ], [ -70.608824, 44.569005 ], [ -70.60144, 44.565359 ], [ -70.599321, 44.563598 ], [ -70.590263, 44.558215 ], [ -70.586926, 44.554049 ], [ -70.582954, 44.548656 ], [ -70.583389, 44.54636 ], [ -70.580899, 44.546205 ], [ -70.578373, 44.542858 ], [ -70.589678, 44.535739 ], [ -70.587005, 44.536505 ], [ -70.583736, 44.535633 ], [ -70.58254, 44.535946 ], [ -70.57996, 44.532462 ], [ -70.581212, 44.531688 ], [ -70.57986, 44.529655 ], [ -70.578682, 44.530643 ], [ -70.574079, 44.526421 ], [ -70.568133, 44.523865 ], [ -70.565898, 44.52088 ], [ -70.56412, 44.519833 ], [ -70.562955, 44.517284 ], [ -70.56075, 44.516581 ], [ -70.559947, 44.514984 ], [ -70.552906, 44.51734 ], [ -70.550065, 44.519269 ], [ -70.545654, 44.523029 ], [ -70.542169, 44.526461 ], [ -70.540545, 44.52741 ], [ -70.539878, 44.528895 ], [ -70.540081, 44.530495 ], [ -70.543594, 44.533923 ], [ -70.54409, 44.534987 ], [ -70.543163, 44.536166 ], [ -70.541719, 44.535765 ], [ -70.543284, 44.538953 ], [ -70.543416, 44.544978 ], [ -70.541131, 44.547262 ], [ -70.537595, 44.547364 ], [ -70.534032, 44.549599 ], [ -70.535922, 44.55127 ], [ -70.54091, 44.554944 ], [ -70.543935, 44.554354 ], [ -70.546317, 44.555509 ], [ -70.546876, 44.555836 ], [ -70.549908, 44.559713 ], [ -70.554638, 44.561794 ], [ -70.556068, 44.56293 ], [ -70.556402, 44.567139 ], [ -70.55785, 44.568207 ], [ -70.55987, 44.568018 ], [ -70.560934, 44.571602 ], [ -70.563786, 44.578225 ], [ -70.564562, 44.579284 ], [ -70.56948, 44.585799 ], [ -70.570332, 44.580232 ], [ -70.574882, 44.577084 ], [ -70.57419, 44.574723 ], [ -70.576041, 44.574368 ], [ -70.582863, 44.575507 ], [ -70.586318, 44.575374 ], [ -70.59042, 44.576192 ], [ -70.595514, 44.576113 ], [ -70.600488, 44.575176 ], [ -70.606292, 44.574589 ], [ -70.60916, 44.573113 ], [ -70.610044, 44.571718 ], [ -70.609943, 44.570055 ] ] ] ] } },
{ "type": "Feature", "properties": { "GEOID": "2345845", "NAME": "Millinocket", "NAMELSAD": "Millinocket CDP", "STUSPS": "ME", "STATE_NAME": "Maine", "LSAD": "57", "place_type": "CDP", "population": 3779.0, "moe": 194.0 }, "geometry": { "type": "MultiPolygon", "coordinates": [ [ [ [ -68.720235, 45.650502 ], [ -68.714652, 45.647191 ], [ -68.71258, 45.64538 ], [ -68.708631, 45.644263 ], [ -68.700225, 45.640624 ], [ -68.693523, 45.640872 ], [ -68.688447, 45.640552 ], [ -68.682138, 45.641227 ], [ -68.676151, 45.643952 ], [ -68.674083, 45.644278 ], [ -68.668853, 45.642378 ], [ -68.673135, 45.656999 ], [ -68.67128, 45.656979 ], [ -68.673589, 45.672716 ], [ -68.680109, 45.672144 ], [ -68.681599, 45.675148 ], [ -68.682261, 45.67713 ], [ -68.686013, 45.676596 ], [ -68.686308, 45.677294 ], [ -68.703075, 45.674336 ], [ -68.707142, 45.673605 ], [ -68.743008, 45.667217 ], [ -68.720235, 45.650502 ] ] ] ] } },
{ "type": "Feature", "properties": { "GEOID": "2309690", "NAME": "Camden", "NAMELSAD": "Camden CDP", "STUSPS": "ME", "STATE_NAME": "Maine", "LSAD": "57", "place_type": "CDP", "population": 3682.0, "moe": 421.0 }, "geometry": { "type": "MultiPolygon", "coordinates": [ [ [ [ -69.093839, 44.226334 ], [ -69.092965, 44.22391 ], [ -69.090779, 44.222212 ], [ -69.08817, 44.218538 ], [ -69.084086, 44.21449 ], [ -69.083326, 44.213351 ], [ -69.083487, 44.21035 ], [ -69.082736, 44.208617 ], [ -69.084941, 44.208584 ], [ -69.093515, 44.202763 ], [ -69.077807, 44.200221 ], [ -69.075956, 44.199923 ], [ -69.071438, 44.196594 ], [ -69.069475, 44.201315 ], [ -69.064787, 44.196617 ], [ -69.06784, 44.19419 ], [ -69.058155, 44.190264 ], [ -69.057144, 44.191828 ], [ -69.059262, 44.193009 ], [ -69.061772, 44.193331 ], [ -69.061329, 44.194669 ], [ -69.058625, 44.193625 ], [ -69.056548, 44.192009 ], [ -69.0540377, 44.1912414 ], [ -69.05209, 44.193429 ], [ -69.05181, 44.19592 ], [ -69.0521059, 44.1966732 ], [ -69.055435, 44.200484 ], [ -69.054823, 44.202519 ], [ -69.058496, 44.203561 ], [ -69.059146, 44.205434 ], [ -69.06307, 44.208619 ], [ -69.064331, 44.210626 ], [ -69.062455, 44.211257 ], [ -69.06141, 44.210649 ], [ -69.060826, 44.20826 ], [ -69.059342, 44.208359 ], [ -69.056312, 44.210135 ], [ -69.055566, 44.213349 ], [ -69.052763, 44.216547 ], [ -69.050272, 44.216593 ], [ -69.047868, 44.215441 ], [ -69.0498652, 44.2114426 ], [ -69.0471311, 44.2100453 ], [ -69.045577, 44.209251 ], [ -69.046443, 44.212057 ], [ -69.042807, 44.215173 ], [ -69.0434398, 44.2230479 ], [ -69.0434869, 44.2236344 ], [ -69.046679, 44.224963 ], [ -69.049357, 44.227473 ], [ -69.047349, 44.230166 ], [ -69.049704, 44.230587 ], [ -69.057846, 44.227317 ], [ -69.06074, 44.228667 ], [ -69.062522, 44.228918 ], [ -69.067833, 44.228484 ], [ -69.071108, 44.224687 ], [ -69.070309, 44.223244 ], [ -69.073518, 44.220815 ], [ -69.074622, 44.223982 ], [ -69.077094, 44.224163 ], [ -69.080835, 44.229558 ], [ -69.081685, 44.230398 ], [ -69.083862, 44.22956 ], [ -69.084691, 44.227403 ], [ -69.079333, 44.223689 ], [ -69.083911, 44.223979 ], [ -69.084927, 44.224784 ], [ -69.091907, 44.227989 ], [ -69.093548, 44.227294 ], [ -69.093839, 44.226334 ] ] ] ] } },
{ "type": "Feature", "properties": { "GEOID": "2340000", "NAME": "Lisbon", "NAMELSAD": "Lisbon CDP", "STUSPS": "ME", "STATE_NAME": "Maine", "LSAD": "57", "place_type": "CDP", "population": 3612.0, "moe": 658.0 }, "geometry": { "type": "MultiPolygon", "coordinates": [ [ [ [ -70.135945, 44.027632 ], [ -70.132331, 44.026026 ], [ -70.129156, 44.023122 ], [ -70.12952, 44.019996 ], [ -70.124485, 44.019362 ], [ -70.124896, 44.017161 ], [ -70.118224, 44.018992 ], [ -70.114441, 44.016629 ], [ -70.112405, 44.018265 ], [ -70.11281, 44.017569 ], [ -70.105054, 44.013581 ], [ -70.102906, 44.016817 ], [ -70.09968, 44.014596 ], [ -70.097078, 44.01372 ], [ -70.08864, 44.012001 ], [ -70.088023, 44.012374 ], [ -70.086946, 44.011717 ], [ -70.087952, 44.013172 ], [ -70.086144, 44.014584 ], [ -70.088057, 44.017769 ], [ -70.090329, 44.019016 ], [ -70.090599, 44.020524 ], [ -70.092351, 44.021435 ], [ -70.089499, 44.030309 ], [ -70.091024, 44.030554 ], [ -70.08881, 44.038129 ], [ -70.089547, 44.038307 ], [ -70.090819, 44.038047 ], [ -70.095582, 44.039026 ], [ -70.090553, 44.042728 ], [ -70.090031, 44.045413 ], [ -70.099024, 44.04762 ], [ -70.10033, 44.047243 ], [ -70.101643, 44.044786 ], [ -70.106314, 44.045213 ], [ -70.107572, 44.044629 ], [ -70.110579, 44.044848 ], [ -70.111036, 44.044348 ], [ -70.110596, 44.039691 ], [ -70.111174, 44.039626 ], [ -70.115149, 44.038522 ], [ -70.117914, 44.036958 ], [ -70.120146, 44.036359 ], [ -70.123066, 44.036945 ], [ -70.126855, 44.035289 ], [ -70.13047, 44.032142 ], [ -70.131922, 44.031781 ], [ -70.134677, 44.028981 ], [ -70.137826, 44.027981 ], [ -70.135945, 44.027632 ] ] ] ] } },
{ "type": "Feature", "properties": { "GEOID": "2369995", "NAME": "South Berwick", "NAMELSAD": "South Berwick CDP", "STUSPS": "ME", "STATE_NAME": "Maine", "LSAD": "57", "place_type": "CDP", "population": 3381.0, "moe": 640.0 }, "geometry": { "type": "MultiPolygon", "coordinates": [ [ [ [ -70.817773, 43.237408 ], [ -70.816232, 43.234997 ], [ -70.815453, 43.229023 ], [ -70.814019, 43.229053 ], [ -70.811852, 43.228306 ], [ -70.8111815, 43.2274272 ], [ -70.8111676, 43.227409 ], [ -70.80964, 43.225407 ], [ -70.80967, 43.224561 ], [ -70.8125191, 43.2185233 ], [ -70.807133, 43.221086 ], [ -70.803539, 43.219629 ], [ -70.801201, 43.220098 ], [ -70.79713, 43.219383 ], [ -70.793898, 43.217827 ], [ -70.792693, 43.21545 ], [ -70.791701, 43.216184 ], [ -70.788404, 43.216758 ], [ -70.786434, 43.216154 ], [ -70.788985, 43.221555 ], [ -70.787008, 43.221871 ], [ -70.787438, 43.223941 ], [ -70.785484, 43.225339 ], [ -70.780906, 43.228017 ], [ -70.780052, 43.229512 ], [ -70.779457, 43.227399 ], [ -70.777793, 43.227556 ], [ -70.77655, 43.230047 ], [ -70.773415, 43.240418 ], [ -70.773496, 43.243788 ], [ -70.77538, 43.24367 ], [ -70.779635, 43.240756 ], [ -70.78459, 43.239285 ], [ -70.788791, 43.240405 ], [ -70.793354, 43.240418 ], [ -70.798081, 43.23832 ], [ -70.790337, 43.250118 ], [ -70.800888, 43.24314 ], [ -70.808003, 43.24503 ], [ -70.813543, 43.239711 ], [ -70.8178282, 43.2377098 ], [ -70.817773, 43.237408 ] ] ] ] } },
{ "type": "Feature", "properties": { "GEOID": "2337795", "NAME": "Lake Arrowhead", "NAMELSAD": "Lake Arrowhead CDP", "STUSPS": "ME", "STATE_NAME": "Maine", "LSAD": "57", "place_type": "CDP", "population": 3322.0, "moe": 470.0 }, "geometry": { "type": "MultiPolygon", "coordinates": [ [ [ [ -70.765744, 43.683607 ], [ -70.763836, 43.683157 ], [ -70.761212, 43.68027 ], [ -70.759992, 43.680109 ], [ -70.758772, 43.678157 ], [ -70.756332, 43.676099 ], [ -70.756295, 43.674869 ], [ -70.7594, 43.671821 ], [ -70.758645, 43.669932 ], [ -70.755781, 43.667301 ], [ -70.754798, 43.663528 ], [ -70.753441, 43.663733 ], [ -70.751282, 43.661926 ], [ -70.751756, 43.659731 ], [ -70.749842, 43.6571 ], [ -70.746537, 43.654699 ], [ -70.750283, 43.653099 ], [ -70.754599, 43.650792 ], [ -70.75356, 43.647758 ], [ -70.753654, 43.64628 ], [ -70.748933, 43.645666 ], [ -70.747954, 43.645037 ], [ -70.74531, 43.642331 ], [ -70.744464, 43.640804 ], [ -70.743684, 43.640051 ], [ -70.738084, 43.639607 ], [ -70.735529, 43.640832 ], [ -70.732631, 43.638791 ], [ -70.733196, 43.636695 ], [ -70.73241, 43.63563 ], [ -70.726098, 43.631687 ], [ -70.722659, 43.6273 ], [ -70.721523, 43.627018 ], [ -70.719932, 43.630637 ], [ -70.717801, 43.631649 ], [ -70.713758, 43.634736 ], [ -70.712643, 43.637423 ], [ -70.713844, 43.637718 ], [ -70.716492, 43.641152 ], [ -70.716317, 43.644303 ], [ -70.716353, 43.65475 ], [ -70.718685, 43.656553 ], [ -70.719753, 43.661737 ], [ -70.721783, 43.665393 ], [ -70.719607, 43.665635 ], [ -70.743891, 43.695952 ], [ -70.744092, 43.696962 ], [ -70.749966, 43.698932 ], [ -70.750825, 43.696135 ], [ -70.752539, 43.693888 ], [ -70.755546, 43.693118 ], [ -70.755172, 43.692227 ], [ -70.761526, 43.689069 ], [ -70.762184, 43.690093 ], [ -70.765497, 43.688466 ], [ -70.765744, 43.683607 ] ] ] ] } },
{ "type": "Feature", "properties": { "GEOID": "2353965", "NAME": "Norway", "NAMELSAD": "Norway CDP", "STUSPS": "ME", "STATE_NAME": "Maine", "LSAD": "57", "place_type": "CDP", "population": 3173.0, "moe": 409.0 }, "geometry": { "type": "MultiPolygon", "coordinates": [ [ [ [ -70.578229, 44.245291 ], [ -70.573719, 44.234024 ], [ -70.572884, 44.231269 ], [ -70.571167, 44.227249 ], [ -70.567755, 44.222295 ], [ -70.56245, 44.216893 ], [ -70.561505, 44.215619 ], [ -70.560202, 44.212417 ], [ -70.566054, 44.212156 ], [ -70.572735, 44.212386 ], [ -70.571556, 44.210322 ], [ -70.569587, 44.208926 ], [ -70.561915, 44.200933 ], [ -70.560626, 44.200145 ], [ -70.552911, 44.198028 ], [ -70.545994, 44.193441 ], [ -70.542708, 44.1926 ], [ -70.539494, 44.190736 ], [ -70.538746, 44.18957 ], [ -70.527287, 44.197992 ], [ -70.524149, 44.20021 ], [ -70.526458, 44.204568 ], [ -70.523848, 44.20482 ], [ -70.520201, 44.206258 ], [ -70.527592, 44.208725 ], [ -70.526355, 44.210768 ], [ -70.528612, 44.212786 ], [ -70.527335, 44.219069 ], [ -70.528287, 44.220593 ], [ -70.530973, 44.221964 ], [ -70.537016, 44.220054 ], [ -70.53713, 44.219951 ], [ -70.538347, 44.218314 ], [ -70.538901, 44.220764 ], [ -70.540557, 44.221093 ], [ -70.540602, 44.223532 ], [ -70.541907, 44.223568 ], [ -70.541135, 44.224889 ], [ -70.542952, 44.225647 ], [ -70.545683, 44.228221 ], [ -70.548603, 44.232415 ], [ -70.551224, 44.229503 ], [ -70.552933, 44.228406 ], [ -70.553992, 44.229735 ], [ -70.565794, 44.248876 ], [ -70.568008, 44.250336 ], [ -70.572998, 44.24897 ], [ -70.578439, 44.246303 ], [ -70.578229, 44.245291 ] ] ] ] } },
{ "type": "Feature", "properties": { "GEOID": "2386935", "NAME": "Winthrop", "NAMELSAD": "Winthrop CDP", "STUSPS": "ME", "STATE_NAME": "Maine", "LSAD": "57", "place_type": "CDP", "population": 3108.0, "moe": 623.0 }, "geometry": { "type": "MultiPolygon", "coordinates": [ [ [ [ -69.996486, 44.303827 ], [ -69.993081, 44.299195 ], [ -69.992357, 44.29725 ], [ -69.992334, 44.29158 ], [ -69.99246, 44.289284 ], [ -69.990202, 44.284058 ], [ -69.988472, 44.282764 ], [ -69.985784, 44.281879 ], [ -69.984892, 44.280421 ], [ -69.983402, 44.281606 ], [ -69.980472, 44.280999 ], [ -69.972065, 44.284861 ], [ -69.972081, 44.288012 ], [ -69.971483, 44.28891 ], [ -69.967384, 44.288277 ], [ -69.967662, 44.292751 ], [ -69.964273, 44.299254 ], [ -69.963453, 44.298978 ], [ -69.953666, 44.296959 ], [ -69.949951, 44.297508 ], [ -69.950333, 44.297745 ], [ -69.949321, 44.301124 ], [ -69.939385, 44.311282 ], [ -69.933905, 44.315992 ], [ -69.93163, 44.317415 ], [ -69.931498, 44.318194 ], [ -69.932009, 44.319162 ], [ -69.93345, 44.322734 ], [ -69.936629, 44.323161 ], [ -69.938412, 44.322223 ], [ -69.940381, 44.322231 ], [ -69.940817, 44.324457 ], [ -69.940856, 44.328415 ], [ -69.943228, 44.33548 ], [ -69.943096, 44.336708 ], [ -69.938339, 44.338175 ], [ -69.935897, 44.341157 ], [ -69.933677, 44.344422 ], [ -69.932821, 44.349053 ], [ -69.935181, 44.349411 ], [ -69.936268, 44.346651 ], [ -69.937467, 44.345374 ], [ -69.937918, 44.34318 ], [ -69.942458, 44.342934 ], [ -69.947051, 44.341865 ], [ -69.95241, 44.338648 ], [ -69.958516, 44.329695 ], [ -69.963897, 44.331186 ], [ -69.96293, 44.337446 ], [ -69.966125, 44.338783 ], [ -69.969675, 44.340112 ], [ -69.971459, 44.339049 ], [ -69.974854, 44.338323 ], [ -69.976358, 44.336461 ], [ -69.97825, 44.335377 ], [ -69.978772, 44.32756 ], [ -69.978455, 44.325135 ], [ -69.97975, 44.322477 ], [ -69.97857, 44.320308 ], [ -69.977705, 44.317317 ], [ -69.97791, 44.313289 ], [ -69.976583, 44.309277 ], [ -69.980295, 44.309996 ], [ -69.982247, 44.309839 ], [ -69.9838, 44.308233 ], [ -69.985177, 44.310376 ], [ -69.986953, 44.311837 ], [ -69.991594, 44.314546 ], [ -69.991898, 44.311263 ], [ -69.994638, 44.309242 ], [ -69.995052, 44.306444 ], [ -69.996804, 44.305501 ], [ -69.996486, 44.303827 ] ] ] ] } },
{ "type": "Feature", "properties": { "GEOID": "2308780", "NAME": "Bucksport", "NAMELSAD": "Bucksport CDP", "STUSPS": "ME", "STATE_NAME": "Maine", "LSAD": "57", "place_type": "CDP", "population": 3105.0, "moe": 535.0 }, "geometry": { "type": "MultiPolygon", "coordinates": [ [ [ [ -68.847203, 44.617952 ], [ -68.845722, 44.61484 ], [ -68.844755, 44.613493 ], [ -68.841821, 44.611062 ], [ -68.834493, 44.6071 ], [ -68.830048, 44.603641 ], [ -68.823619, 44.596019 ], [ -68.820738, 44.591496 ], [ -68.818801, 44.58768 ], [ -68.815037, 44.577848 ], [ -68.811595, 44.573719 ], [ -68.80946, 44.57214 ], [ -68.807795, 44.571201 ], [ -68.800178, 44.56969 ], [ -68.79962, 44.569404 ], [ -68.798272, 44.568096 ], [ -68.792769, 44.569829 ], [ -68.789517, 44.569625 ], [ -68.775291, 44.566307 ], [ -68.773294, 44.565461 ], [ -68.765629, 44.569961 ], [ -68.751887, 44.57798 ], [ -68.750837, 44.579182 ], [ -68.749714, 44.581034 ], [ -68.746937, 44.588504 ], [ -68.745042, 44.59125 ], [ -68.74118, 44.594072 ], [ -68.74017, 44.595832 ], [ -68.742967, 44.597763 ], [ -68.743348, 44.600948 ], [ -68.752394, 44.607414 ], [ -68.753591, 44.606358 ], [ -68.754476, 44.603291 ], [ -68.755961, 44.601708 ], [ -68.757336, 44.60184 ], [ -68.760367, 44.600442 ], [ -68.761929, 44.600357 ], [ -68.766423, 44.605096 ], [ -68.769684, 44.609896 ], [ -68.769972, 44.612096 ], [ -68.771038, 44.614077 ], [ -68.773059, 44.619362 ], [ -68.770207, 44.62867 ], [ -68.787221, 44.631532 ], [ -68.788194, 44.629208 ], [ -68.790903, 44.623824 ], [ -68.833553, 44.630979 ], [ -68.829153, 44.637482 ], [ -68.830495, 44.63782 ], [ -68.837237, 44.637798 ], [ -68.83914, 44.635095 ], [ -68.845456, 44.627938 ], [ -68.846945, 44.625307 ], [ -68.847533, 44.6215 ], [ -68.847203, 44.617952 ] ] ] ] } },
{ "type": "Feature", "properties": { "GEOID": "2309585", "NAME": "Calais", "NAMELSAD": "Calais city", "STUSPS": "ME", "STATE_NAME": "Maine", "LSAD": "25", "place_type": "Incorporated place", "population": 3097.0, "moe": 26.0 }, "geometry": { "type": "MultiPolygon", "coordinates": [ [ [ [ -67.3055808, 45.144807899999989 ], [ -67.288324, 45.124816 ], [ -67.284921, 45.121257 ], [ -67.242666, 45.071983 ], [ -67.1227729, 45.1247661 ], [ -67.128935, 45.132168 ], [ -67.145652, 45.146667 ], [ -67.157919, 45.161004 ], [ -67.159406, 45.162193 ], [ -67.161247, 45.162879 ], [ -67.16787, 45.164595 ], [ -67.191167, 45.165876 ], [ -67.203933, 45.171407 ], [ -67.218315, 45.166401 ], [ -67.223156, 45.1637 ], [ -67.227324, 45.163652 ], [ -67.230201, 45.165549 ], [ -67.233047, 45.168587 ], [ -67.240643, 45.171167 ], [ -67.242293, 45.17224 ], [ -67.244012, 45.178274 ], [ -67.246697, 45.180765 ], [ -67.253553, 45.18239 ], [ -67.257795, 45.185132 ], [ -67.2614377, 45.1877111 ], [ -67.261542, 45.187785 ], [ -67.2696469, 45.190587 ], [ -67.271076, 45.191081 ], [ -67.283619, 45.192022 ], [ -67.289794, 45.188663 ], [ -67.290603, 45.187589 ], [ -67.291287, 45.18432 ], [ -67.290785, 45.181702 ], [ -67.293742, 45.177966 ], [ -67.293484, 45.176114 ], [ -67.291707, 45.174491 ], [ -67.291417, 45.17145 ], [ -67.29591, 45.1704 ], [ -67.299238, 45.168937 ], [ -67.302568, 45.161348 ], [ -67.301729, 45.157119 ], [ -67.296979, 45.155267 ], [ -67.294363, 45.153506 ], [ -67.294881, 45.149666 ], [ -67.296174, 45.147952 ], [ -67.298209, 45.146672 ], [ -67.305472, 45.144826 ], [ -67.3055808, 45.144807899999989 ] ] ] ] } },
{ "type": "Feature", "properties": { "GEOID": "2358970", "NAME": "Pittsfield", "NAMELSAD": "Pittsfield CDP", "STUSPS": "ME", "STATE_NAME": "Maine", "LSAD": "57", "place_type": "CDP", "population": 3084.0, "moe": 266.0 }, "geometry": { "type": "MultiPolygon", "coordinates": [ [ [ [ -69.41855, 44.752686 ], [ -69.417617, 44.749774 ], [ -69.4145, 44.749272 ], [ -69.410521, 44.749646 ], [ -69.409142, 44.749042 ], [ -69.407892, 44.746229 ], [ -69.405647, 44.744788 ], [ -69.403095, 44.744914 ], [ -69.403599, 44.748097 ], [ -69.397432, 44.748902 ], [ -69.39246, 44.748455 ], [ -69.390653, 44.747145 ], [ -69.388154, 44.747547 ], [ -69.388668, 44.751619 ], [ -69.386768, 44.753372 ], [ -69.382372, 44.754215 ], [ -69.37563, 44.754098 ], [ -69.37163, 44.754588 ], [ -69.36705, 44.753437 ], [ -69.3621, 44.751373 ], [ -69.353641, 44.750077 ], [ -69.352131, 44.750077 ], [ -69.348287, 44.749125 ], [ -69.343545, 44.749819 ], [ -69.342602, 44.750713 ], [ -69.341836, 44.754767 ], [ -69.339308, 44.757912 ], [ -69.339961, 44.759733 ], [ -69.33913, 44.760689 ], [ -69.336394, 44.760936 ], [ -69.335209, 44.763019 ], [ -69.335281, 44.764594 ], [ -69.336204, 44.765591 ], [ -69.341949, 44.767937 ], [ -69.344492, 44.768195 ], [ -69.349081, 44.770067 ], [ -69.349638, 44.771532 ], [ -69.351431, 44.770874 ], [ -69.354191, 44.771352 ], [ -69.355822, 44.774895 ], [ -69.366148, 44.797187 ], [ -69.370048, 44.805672 ], [ -69.385612, 44.802851 ], [ -69.388661, 44.802063 ], [ -69.39316, 44.799925 ], [ -69.396509, 44.79692 ], [ -69.403495, 44.784918 ], [ -69.406235, 44.779908 ], [ -69.409977, 44.769734 ], [ -69.410888, 44.767418 ], [ -69.419776, 44.754059 ], [ -69.41855, 44.752686 ] ] ] ] } },
{ "type": "Feature", "properties": { "GEOID": "2342485", "NAME": "Madawaska", "NAMELSAD": "Madawaska CDP", "STUSPS": "ME", "STATE_NAME": "Maine", "LSAD": "57", "place_type": "CDP", "population": 3022.0, "moe": 254.0 }, "geometry": { "type": "MultiPolygon", "coordinates": [ [ [ [ -68.360984, 47.333325 ], [ -68.349648, 47.324426 ], [ -68.34572, 47.321331 ], [ -68.344185, 47.320682 ], [ -68.341099, 47.322245 ], [ -68.338404, 47.325634 ], [ -68.333978, 47.32857 ], [ -68.330619, 47.330015 ], [ -68.328108, 47.330281 ], [ -68.322809, 47.329939 ], [ -68.317185, 47.328332 ], [ -68.311565, 47.334947 ], [ -68.310351, 47.335575 ], [ -68.305588, 47.336523 ], [ -68.299943, 47.341348 ], [ -68.298176, 47.343489 ], [ -68.297922, 47.344701 ], [ -68.299091, 47.348118 ], [ -68.297662, 47.351822 ], [ -68.29691, 47.352527 ], [ -68.297419, 47.35302 ], [ -68.2945221, 47.3587009 ], [ -68.300718, 47.356095 ], [ -68.303778, 47.355524 ], [ -68.309933, 47.356233 ], [ -68.321478, 47.358609 ], [ -68.3289144, 47.3600439 ], [ -68.329879, 47.36023 ], [ -68.336236, 47.359795 ], [ -68.3370986, 47.3595969 ], [ -68.343007, 47.35824 ], [ -68.3534743, 47.3572332 ], [ -68.360984, 47.333325 ] ] ] ] } },
{ "type": "Feature", "properties": { "GEOID": "2339440", "NAME": "Lincoln", "NAMELSAD": "Lincoln CDP", "STUSPS": "ME", "STATE_NAME": "Maine", "LSAD": "57", "place_type": "CDP", "population": 2954.0, "moe": 545.0 }, "geometry": { "type": "MultiPolygon", "coordinates": [ [ [ [ -68.546636, 45.361533 ], [ -68.544171, 45.359381 ], [ -68.542087, 45.357977 ], [ -68.54036, 45.357062 ], [ -68.532199, 45.353773 ], [ -68.520369, 45.349436 ], [ -68.51805, 45.348282 ], [ -68.516679, 45.349083 ], [ -68.509754, 45.342314 ], [ -68.500854, 45.331604 ], [ -68.500121, 45.333103 ], [ -68.497495, 45.332124 ], [ -68.495452, 45.332155 ], [ -68.491546, 45.331058 ], [ -68.490134, 45.331429 ], [ -68.488564, 45.333731 ], [ -68.487297, 45.338316 ], [ -68.485653, 45.338642 ], [ -68.483423, 45.341161 ], [ -68.486123, 45.345967 ], [ -68.485252, 45.347279 ], [ -68.486884, 45.350564 ], [ -68.487317, 45.353812 ], [ -68.48668, 45.355046 ], [ -68.477116, 45.358471 ], [ -68.468793, 45.356143 ], [ -68.464361, 45.35692 ], [ -68.46289, 45.358101 ], [ -68.466144, 45.363778 ], [ -68.465627, 45.36804 ], [ -68.463635, 45.369834 ], [ -68.466948, 45.369467 ], [ -68.469138, 45.374443 ], [ -68.463353, 45.376421 ], [ -68.461752, 45.376805 ], [ -68.465969, 45.378743 ], [ -68.468099, 45.381299 ], [ -68.470519, 45.382848 ], [ -68.474425, 45.383951 ], [ -68.477807, 45.383934 ], [ -68.488692, 45.388614 ], [ -68.494705, 45.390716 ], [ -68.495906, 45.388502 ], [ -68.49834, 45.389646 ], [ -68.502973, 45.383602 ], [ -68.502493, 45.381726 ], [ -68.504918, 45.37973 ], [ -68.506995, 45.376411 ], [ -68.509565, 45.375491 ], [ -68.511969, 45.375708 ], [ -68.516276, 45.374205 ], [ -68.520526, 45.37366 ], [ -68.52173, 45.372801 ], [ -68.525823, 45.371446 ], [ -68.530547, 45.371897 ], [ -68.534465, 45.370928 ], [ -68.536625, 45.368268 ], [ -68.540779, 45.365098 ], [ -68.544261, 45.363424 ], [ -68.546636, 45.361533 ] ] ] ] } },
{ "type": "Feature", "properties": { "GEOID": "2315500", "NAME": "Cumberland Center", "NAMELSAD": "Cumberland Center CDP", "STUSPS": "ME", "STATE_NAME": "Maine", "LSAD": "57", "place_type": "CDP", "population": 2790.0, "moe": 555.0 }, "geometry": { "type": "MultiPolygon", "coordinates": [ [ [ [ -70.277717, 43.802507 ], [ -70.275185, 43.798043 ], [ -70.275013, 43.795955 ], [ -70.273549, 43.794375 ], [ -70.271058, 43.792997 ], [ -70.269856, 43.786705 ], [ -70.26785, 43.784875 ], [ -70.265268, 43.783098 ], [ -70.260336, 43.782098 ], [ -70.258943, 43.782318 ], [ -70.256415, 43.779261 ], [ -70.2547, 43.77885 ], [ -70.254581, 43.777749 ], [ -70.252369, 43.777212 ], [ -70.239691, 43.787062 ], [ -70.229761, 43.794763 ], [ -70.225752, 43.797242 ], [ -70.225879, 43.797349 ], [ -70.227751, 43.799065 ], [ -70.222913, 43.802176 ], [ -70.227916, 43.806939 ], [ -70.231964, 43.804649 ], [ -70.229922, 43.803185 ], [ -70.232358, 43.801147 ], [ -70.237116, 43.803368 ], [ -70.236894, 43.807474 ], [ -70.242296, 43.812135 ], [ -70.245867, 43.807615 ], [ -70.247685, 43.80845 ], [ -70.252581, 43.810814 ], [ -70.26886, 43.818735 ], [ -70.272624, 43.8141 ], [ -70.276178, 43.807695 ], [ -70.276619, 43.804249 ], [ -70.277717, 43.802507 ] ] ] ] } },
{ "type": "Feature", "properties": { "GEOID": "2318230", "NAME": "Dover-Foxcroft", "NAMELSAD": "Dover-Foxcroft CDP", "STUSPS": "ME", "STATE_NAME": "Maine", "LSAD": "57", "place_type": "CDP", "population": 2745.0, "moe": 362.0 }, "geometry": { "type": "MultiPolygon", "coordinates": [ [ [ [ -69.27473, 45.177578 ], [ -69.270264, 45.178259 ], [ -69.263106, 45.178371 ], [ -69.257234, 45.17904 ], [ -69.256215, 45.179479 ], [ -69.25391, 45.17091 ], [ -69.2517, 45.171082 ], [ -69.248484, 45.172952 ], [ -69.244866, 45.173455 ], [ -69.2419, 45.173106 ], [ -69.237408, 45.174276 ], [ -69.229059, 45.173146 ], [ -69.225698, 45.173886 ], [ -69.225202, 45.175865 ], [ -69.220898, 45.177285 ], [ -69.220393, 45.178721 ], [ -69.217126, 45.179379 ], [ -69.215925, 45.180436 ], [ -69.213362, 45.179001 ], [ -69.210916, 45.178661 ], [ -69.203496, 45.181427 ], [ -69.199326, 45.181559 ], [ -69.192604, 45.18115 ], [ -69.190887, 45.181913 ], [ -69.191442, 45.184076 ], [ -69.18936, 45.184857 ], [ -69.187836, 45.184283 ], [ -69.183787, 45.183931 ], [ -69.180999, 45.184289 ], [ -69.173801, 45.182905 ], [ -69.171063, 45.184485 ], [ -69.167482, 45.185698 ], [ -69.16941, 45.19116 ], [ -69.170148, 45.198208 ], [ -69.170226, 45.202207 ], [ -69.17334, 45.201923 ], [ -69.17649, 45.202463 ], [ -69.178069, 45.201254 ], [ -69.180497, 45.200859 ], [ -69.181492, 45.201451 ], [ -69.183461, 45.200944 ], [ -69.18674, 45.203097 ], [ -69.188412, 45.202134 ], [ -69.197523, 45.200736 ], [ -69.208355, 45.197781 ], [ -69.213868, 45.217584 ], [ -69.258753, 45.210816 ], [ -69.258166, 45.208261 ], [ -69.251958, 45.186733 ], [ -69.25185, 45.183872 ], [ -69.252781, 45.182799 ], [ -69.253313, 45.182679 ], [ -69.265571, 45.179982 ], [ -69.275176, 45.179975 ], [ -69.27473, 45.177578 ] ] ] ] } },
{ "type": "Feature", "properties": { "GEOID": "2354525", "NAME": "Oakland", "NAMELSAD": "Oakland CDP", "STUSPS": "ME", "STATE_NAME": "Maine", "LSAD": "57", "place_type": "CDP", "population": 2710.0, "moe": 473.0 }, "geometry": { "type": "MultiPolygon", "coordinates": [ [ [ [ -69.742536, 44.552539 ], [ -69.733248, 44.546691 ], [ -69.727978, 44.543094 ], [ -69.728192, 44.542666 ], [ -69.732361, 44.542736 ], [ -69.733973, 44.54177 ], [ -69.736856, 44.538989 ], [ -69.73117, 44.540032 ], [ -69.732835, 44.538724 ], [ -69.736923, 44.53395 ], [ -69.738838, 44.532987 ], [ -69.734653, 44.531986 ], [ -69.731348, 44.531537 ], [ -69.725073, 44.529701 ], [ -69.713817, 44.527809 ], [ -69.712235, 44.530286 ], [ -69.708811, 44.532353 ], [ -69.702535, 44.534306 ], [ -69.70006, 44.530003 ], [ -69.684611, 44.544057 ], [ -69.682249, 44.546167 ], [ -69.678175, 44.549828 ], [ -69.676068, 44.554698 ], [ -69.682257, 44.555829 ], [ -69.690124, 44.559653 ], [ -69.687469, 44.560745 ], [ -69.685566, 44.565284 ], [ -69.687279, 44.565018 ], [ -69.687279, 44.564755 ], [ -69.691085, 44.564229 ], [ -69.691851, 44.565958 ], [ -69.694638, 44.569226 ], [ -69.69547, 44.571581 ], [ -69.694731, 44.573298 ], [ -69.696109, 44.57524 ], [ -69.697741, 44.579219 ], [ -69.700943, 44.579325 ], [ -69.703264, 44.582438 ], [ -69.705254, 44.579429 ], [ -69.704277, 44.575152 ], [ -69.704781, 44.574023 ], [ -69.70741, 44.571405 ], [ -69.71182, 44.568242 ], [ -69.715096, 44.565099 ], [ -69.719269, 44.560009 ], [ -69.719445, 44.557532 ], [ -69.718928, 44.552749 ], [ -69.719618, 44.550239 ], [ -69.724954, 44.551214 ], [ -69.741617, 44.556611 ], [ -69.742918, 44.552684 ], [ -69.742536, 44.552539 ] ] ] ] } },
{ "type": "Feature", "properties": { "GEOID": "2342625", "NAME": "Madison", "NAMELSAD": "Madison CDP", "STUSPS": "ME", "STATE_NAME": "Maine", "LSAD": "57", "place_type": "CDP", "population": 2676.0, "moe": 339.0 }, "geometry": { "type": "MultiPolygon", "coordinates": [ [ [ [ -69.891916, 44.810999 ], [ -69.886613, 44.802965 ], [ -69.886391, 44.800968 ], [ -69.888468, 44.799021 ], [ -69.888531, 44.797099 ], [ -69.884309, 44.794512 ], [ -69.889254, 44.79035 ], [ -69.888911, 44.787823 ], [ -69.887956, 44.785949 ], [ -69.888321, 44.783525 ], [ -69.886648, 44.778614 ], [ -69.886376, 44.775618 ], [ -69.888649, 44.769173 ], [ -69.885891, 44.769275 ], [ -69.878105, 44.774836 ], [ -69.87292, 44.778233 ], [ -69.871878, 44.777638 ], [ -69.871452, 44.778493 ], [ -69.873187, 44.779841 ], [ -69.869849, 44.780506 ], [ -69.867103, 44.783218 ], [ -69.857779, 44.780192 ], [ -69.853952, 44.778406 ], [ -69.849947, 44.777492 ], [ -69.841108, 44.779948 ], [ -69.841612, 44.782805 ], [ -69.843334, 44.787461 ], [ -69.848058, 44.791518 ], [ -69.853389, 44.798208 ], [ -69.854099, 44.800099 ], [ -69.846255, 44.800088 ], [ -69.83443, 44.801706 ], [ -69.829952, 44.802953 ], [ -69.832393, 44.804593 ], [ -69.841093, 44.81504 ], [ -69.844648, 44.821327 ], [ -69.848204, 44.818117 ], [ -69.854485, 44.816167 ], [ -69.858313, 44.81415 ], [ -69.859038, 44.817431 ], [ -69.861186, 44.823632 ], [ -69.862902, 44.824543 ], [ -69.863266, 44.826792 ], [ -69.86504, 44.82911 ], [ -69.86621, 44.83218 ], [ -69.869429, 44.834092 ], [ -69.872216, 44.834233 ], [ -69.873219, 44.833307 ], [ -69.874252, 44.830211 ], [ -69.872799, 44.825334 ], [ -69.871199, 44.822573 ], [ -69.871377, 44.821069 ], [ -69.873206, 44.818147 ], [ -69.875348, 44.817356 ], [ -69.879749, 44.817359 ], [ -69.882834, 44.816903 ], [ -69.887972, 44.815026 ], [ -69.891444, 44.812596 ], [ -69.891916, 44.810999 ] ] ] ] } },
{ "type": "Feature", "properties": { "GEOID": "2330550", "NAME": "Hallowell", "NAMELSAD": "Hallowell city", "STUSPS": "ME", "STATE_NAME": "Maine", "LSAD": "25", "place_type": "Incorporated place", "population": 2592.0, "moe": 22.0 }, "geometry": { "type": "MultiPolygon", "coordinates": [ [ [ [ -69.852085, 44.289214 ], [ -69.847701, 44.285816 ], [ -69.819005, 44.281155 ], [ -69.818515, 44.281014 ], [ -69.820809, 44.273886 ], [ -69.806572, 44.271431 ], [ -69.792562, 44.269016 ], [ -69.794703, 44.262001 ], [ -69.78824, 44.266909 ], [ -69.785966, 44.2679 ], [ -69.778497, 44.266583 ], [ -69.783671, 44.269438 ], [ -69.78628, 44.271923 ], [ -69.788802, 44.277514 ], [ -69.789513, 44.280111 ], [ -69.788446, 44.285862 ], [ -69.78754, 44.288286 ], [ -69.783674, 44.290518 ], [ -69.779998, 44.29509 ], [ -69.779619, 44.295646 ], [ -69.784199, 44.296394 ], [ -69.787033, 44.29686 ], [ -69.801656, 44.299257 ], [ -69.800536, 44.302677 ], [ -69.807847, 44.303852 ], [ -69.810598, 44.304294 ], [ -69.808918, 44.309744 ], [ -69.818692, 44.311308 ], [ -69.819236, 44.312583 ], [ -69.827101, 44.314034 ], [ -69.831338, 44.314806 ], [ -69.83422, 44.306348 ], [ -69.835252, 44.304679 ], [ -69.837329, 44.305074 ], [ -69.840106, 44.29799 ], [ -69.839225, 44.297808 ], [ -69.840199, 44.295262 ], [ -69.84855, 44.296875 ], [ -69.84985, 44.293493 ], [ -69.850794, 44.293662 ], [ -69.852085, 44.289214 ] ] ] ] } },
{ "type": "Feature", "properties": { "GEOID": "2310320", "NAME": "Cape Neddick", "NAMELSAD": "Cape Neddick CDP", "STUSPS": "ME", "STATE_NAME": "Maine", "LSAD": "57", "place_type": "CDP", "population": 2453.0, "moe": 489.0 }, "geometry": { "type": "MultiPolygon", "coordinates": [ [ [ [ -70.645664, 43.155774 ], [ -70.641145, 43.153605 ], [ -70.637068, 43.152248 ], [ -70.635065, 43.15164 ], [ -70.633488, 43.152776 ], [ -70.629331, 43.151278 ], [ -70.629761, 43.151024 ], [ -70.627533, 43.148716 ], [ -70.625314, 43.149764 ], [ -70.6249156, 43.1497962 ], [ -70.6241233, 43.1516397 ], [ -70.6239771, 43.15198 ], [ -70.6199653, 43.161315699999989 ], [ -70.618973, 43.163625 ], [ -70.6185649, 43.1638743 ], [ -70.611105, 43.168431 ], [ -70.603513, 43.166421 ], [ -70.598304, 43.1643205 ], [ -70.596185, 43.163466 ], [ -70.5921433, 43.1646533 ], [ -70.593516, 43.166516 ], [ -70.593736, 43.169375 ], [ -70.595331, 43.171409 ], [ -70.601177, 43.174214 ], [ -70.6031159, 43.1738605 ], [ -70.6064108, 43.1732597 ], [ -70.606881, 43.173174 ], [ -70.608783, 43.1756 ], [ -70.602341, 43.1829767 ], [ -70.601664, 43.183752 ], [ -70.6002148, 43.1844551 ], [ -70.602774, 43.188032 ], [ -70.608017, 43.189494 ], [ -70.612459, 43.191351 ], [ -70.61449, 43.192998 ], [ -70.614666, 43.193293 ], [ -70.620899, 43.193987 ], [ -70.619718, 43.192064 ], [ -70.619718, 43.191844 ], [ -70.620721, 43.188137 ], [ -70.626414, 43.181548 ], [ -70.628711, 43.179505 ], [ -70.63458, 43.17593 ], [ -70.637282, 43.173309 ], [ -70.642344, 43.165653 ], [ -70.64311, 43.164966 ], [ -70.651483, 43.159468 ], [ -70.645664, 43.155774 ] ] ] ] } },
{ "type": "Feature", "properties": { "GEOID": "2325720", "NAME": "Fort Kent", "NAMELSAD": "Fort Kent CDP", "STUSPS": "ME", "STATE_NAME": "Maine", "LSAD": "57", "place_type": "CDP", "population": 2398.0, "moe": 263.0 }, "geometry": { "type": "MultiPolygon", "coordinates": [ [ [ [ -68.625872, 47.229136 ], [ -68.598896, 47.232776 ], [ -68.598183, 47.228296 ], [ -68.588521, 47.229271 ], [ -68.587723, 47.232252 ], [ -68.582682, 47.240075 ], [ -68.58204, 47.241482 ], [ -68.581865, 47.238389 ], [ -68.579149, 47.238139 ], [ -68.578214, 47.238077 ], [ -68.576772, 47.243338 ], [ -68.576421, 47.247224 ], [ -68.567189, 47.250464 ], [ -68.56687, 47.258218 ], [ -68.564057, 47.258429 ], [ -68.565074, 47.259932 ], [ -68.564006, 47.261545 ], [ -68.564154, 47.263678 ], [ -68.565078, 47.2646 ], [ -68.561563, 47.265321 ], [ -68.56143, 47.268295 ], [ -68.56387, 47.271056 ], [ -68.562743, 47.272448 ], [ -68.562501, 47.280704 ], [ -68.57351, 47.280924 ], [ -68.575009, 47.280633 ], [ -68.575682, 47.282514 ], [ -68.579112, 47.281449 ], [ -68.58582, 47.277503 ], [ -68.5896, 47.274821 ], [ -68.591794, 47.2767382 ], [ -68.592516, 47.274726 ], [ -68.595354, 47.271943 ], [ -68.598726, 47.269879 ], [ -68.598657, 47.267868 ], [ -68.595028, 47.263161 ], [ -68.594053, 47.261218 ], [ -68.593304, 47.259462 ], [ -68.594681, 47.257419 ], [ -68.598047, 47.254559 ], [ -68.6043802, 47.2497511 ], [ -68.604819, 47.249418 ], [ -68.607906, 47.247497 ], [ -68.612411, 47.244803 ], [ -68.619749, 47.243218 ], [ -68.624964, 47.242392 ], [ -68.6254657, 47.242388 ], [ -68.624356, 47.239913 ], [ -68.625519, 47.237959 ], [ -68.62836, 47.238105 ], [ -68.625872, 47.229136 ] ] ] ] } },
{ "type": "Feature", "properties": { "GEOID": "2318965", "NAME": "Dunstan", "NAMELSAD": "Dunstan CDP", "STUSPS": "ME", "STATE_NAME": "Maine", "LSAD": "57", "place_type": "CDP", "population": 2363.0, "moe": 478.0 }, "geometry": { "type": "MultiPolygon", "coordinates": [ [ [ [ -70.400726, 43.558968 ], [ -70.39009, 43.55371 ], [ -70.385037, 43.551223 ], [ -70.370441, 43.560777 ], [ -70.369364, 43.561407 ], [ -70.371382, 43.562792 ], [ -70.369885, 43.564638 ], [ -70.367436, 43.565234 ], [ -70.366428, 43.567747 ], [ -70.369558, 43.568541 ], [ -70.369081, 43.565514 ], [ -70.371747, 43.567243 ], [ -70.373917, 43.565872 ], [ -70.374494, 43.567765 ], [ -70.374494, 43.56952 ], [ -70.370218, 43.569799 ], [ -70.372642, 43.572127 ], [ -70.37266, 43.573136 ], [ -70.37276, 43.573618 ], [ -70.373234, 43.575379 ], [ -70.374225, 43.575262 ], [ -70.372683, 43.576494 ], [ -70.373729, 43.578184 ], [ -70.373972, 43.579342 ], [ -70.377074, 43.579987 ], [ -70.378017, 43.581039 ], [ -70.380903, 43.581238 ], [ -70.381378, 43.583404 ], [ -70.380457, 43.584712 ], [ -70.384347, 43.590453 ], [ -70.385236, 43.591293 ], [ -70.412966, 43.565107 ], [ -70.400726, 43.558968 ] ] ] ] } },
{ "type": "Feature", "properties": { "GEOID": "2324285", "NAME": "Fairfield", "NAMELSAD": "Fairfield CDP", "STUSPS": "ME", "STATE_NAME": "Maine", "LSAD": "57", "place_type": "CDP", "population": 2356.0, "moe": 475.0 }, "geometry": { "type": "MultiPolygon", "coordinates": [ [ [ [ -69.615716, 44.578802 ], [ -69.609652, 44.577875 ], [ -69.605746, 44.577264 ], [ -69.604309, 44.578595 ], [ -69.59839, 44.580976 ], [ -69.592716, 44.58241 ], [ -69.592387, 44.582664 ], [ -69.589967, 44.587125 ], [ -69.589268, 44.589225 ], [ -69.590032, 44.592633 ], [ -69.591874, 44.59554 ], [ -69.593052, 44.601682 ], [ -69.593036, 44.601902 ], [ -69.594187, 44.602136 ], [ -69.595724, 44.602822 ], [ -69.600888, 44.603013 ], [ -69.602625, 44.60118 ], [ -69.605361, 44.600498 ], [ -69.609557, 44.598806 ], [ -69.612798, 44.596757 ], [ -69.615654, 44.594036 ], [ -69.626823, 44.580491 ], [ -69.615716, 44.578802 ] ] ] ] } },
{ "type": "Feature", "properties": { "GEOID": "2302830", "NAME": "Bar Harbor", "NAMELSAD": "Bar Harbor CDP", "STUSPS": "ME", "STATE_NAME": "Maine", "LSAD": "57", "place_type": "CDP", "population": 2296.0, "moe": 394.0 }, "geometry": { "type": "MultiPolygon", "coordinates": [ [ [ [ -68.249628, 44.411298 ], [ -68.245953, 44.410304 ], [ -68.246259, 44.409433 ], [ -68.243, 44.408485 ], [ -68.238462, 44.406569 ], [ -68.235622, 44.403608 ], [ -68.233037, 44.400122 ], [ -68.231722, 44.399185 ], [ -68.228348, 44.396799 ], [ -68.228054, 44.395794 ], [ -68.228688, 44.392658 ], [ -68.230054, 44.390178 ], [ -68.229645, 44.389349 ], [ -68.227038, 44.387619 ], [ -68.226706, 44.386559 ], [ -68.227733, 44.385116 ], [ -68.230696, 44.384009 ], [ -68.233158, 44.378123 ], [ -68.233907, 44.375087 ], [ -68.232374, 44.377802 ], [ -68.230798, 44.378566 ], [ -68.228545, 44.378261 ], [ -68.225332, 44.375823 ], [ -68.223474, 44.372725 ], [ -68.222111, 44.37261 ], [ -68.221187, 44.373936 ], [ -68.221578, 44.375929 ], [ -68.220715, 44.376828 ], [ -68.219001, 44.376943 ], [ -68.216625, 44.375091 ], [ -68.215286, 44.37338 ], [ -68.2126, 44.371854 ], [ -68.211201, 44.371143 ], [ -68.208532, 44.370773 ], [ -68.204107, 44.368318 ], [ -68.203138, 44.364746 ], [ -68.203428, 44.361275 ], [ -68.200909, 44.35905 ], [ -68.198182, 44.360037 ], [ -68.195031, 44.363866 ], [ -68.192898, 44.364531 ], [ -68.186384, 44.364812 ], [ -68.185616, 44.365807 ], [ -68.184341, 44.3686496 ], [ -68.184532, 44.369145 ], [ -68.189155, 44.373833 ], [ -68.192089, 44.376154 ], [ -68.193683, 44.375765 ], [ -68.194385, 44.377572 ], [ -68.192855, 44.379904 ], [ -68.196458, 44.379104 ], [ -68.199136, 44.381687 ], [ -68.196904, 44.381528 ], [ -68.195789, 44.383288 ], [ -68.196937, 44.386352 ], [ -68.1985912, 44.3878584 ], [ -68.20354, 44.392365 ], [ -68.209049, 44.392392 ], [ -68.21062, 44.3919259 ], [ -68.214877, 44.3906627 ], [ -68.2150538, 44.3906103 ], [ -68.21554, 44.390466 ], [ -68.2161574, 44.3919651 ], [ -68.216893, 44.393751 ], [ -68.221171, 44.396808 ], [ -68.2251488, 44.3983868 ], [ -68.225449, 44.398506 ], [ -68.2288928, 44.4011747 ], [ -68.230621, 44.400224 ], [ -68.23024, 44.401802 ], [ -68.2314909, 44.4031881 ], [ -68.2360787, 44.4067434 ], [ -68.239472, 44.409373 ], [ -68.2486722, 44.4141433 ], [ -68.250788, 44.413036 ], [ -68.249628, 44.411298 ] ] ] ] } },
{ "type": "Feature", "properties": { "GEOID": "2345635", "NAME": "Milford", "NAMELSAD": "Milford CDP", "STUSPS": "ME", "STATE_NAME": "Maine", "LSAD": "57", "place_type": "CDP", "population": 2269.0, "moe": 329.0 }, "geometry": { "type": "MultiPolygon", "coordinates": [ [ [ [ -68.648401, 44.943836 ], [ -68.647305, 44.944009 ], [ -68.644437, 44.94194 ], [ -68.642608, 44.938642 ], [ -68.639628, 44.936315 ], [ -68.636293, 44.934702 ], [ -68.63606, 44.933527 ], [ -68.640604, 44.930404 ], [ -68.640947, 44.928348 ], [ -68.639536, 44.92643 ], [ -68.636304, 44.923945 ], [ -68.628305, 44.925062 ], [ -68.62786, 44.9269 ], [ -68.624399, 44.929825 ], [ -68.623635, 44.932955 ], [ -68.623904, 44.935107 ], [ -68.62506, 44.935769 ], [ -68.625867, 44.938172 ], [ -68.624223, 44.940998 ], [ -68.622364, 44.942187 ], [ -68.62207, 44.94337 ], [ -68.620196, 44.944521 ], [ -68.619766, 44.945554 ], [ -68.622206, 44.949868 ], [ -68.62212, 44.951787 ], [ -68.620723, 44.953511 ], [ -68.621012, 44.954943 ], [ -68.618442, 44.957185 ], [ -68.620097, 44.960863 ], [ -68.624041, 44.964567 ], [ -68.62411, 44.966043 ], [ -68.63272, 44.97151 ], [ -68.630143, 44.98837 ], [ -68.631725, 44.989054 ], [ -68.635371, 44.988285 ], [ -68.636154, 44.987083 ], [ -68.637917, 44.98668 ], [ -68.635522, 44.981663 ], [ -68.636013, 44.978122 ], [ -68.634947, 44.974536 ], [ -68.636064, 44.972789 ], [ -68.64045, 44.969643 ], [ -68.640686, 44.967146 ], [ -68.64428, 44.964699 ], [ -68.646479, 44.962118 ], [ -68.647069, 44.959518 ], [ -68.645347, 44.958293 ], [ -68.645321, 44.955192 ], [ -68.644482, 44.952718 ], [ -68.645616, 44.948441 ], [ -68.648976, 44.946512 ], [ -68.648401, 44.943836 ] ] ] ] } },
{ "type": "Feature", "properties": { "GEOID": "2371780", "NAME": "South Paris", "NAMELSAD": "South Paris CDP", "STUSPS": "ME", "STATE_NAME": "Maine", "LSAD": "57", "place_type": "CDP", "population": 2210.0, "moe": 570.0 }, "geometry": { "type": "MultiPolygon", "coordinates": [ [ [ [ -70.53513, 44.22659 ], [ -70.533242, 44.224101 ], [ -70.532163, 44.222626 ], [ -70.530973, 44.221964 ], [ -70.528287, 44.220593 ], [ -70.527335, 44.219069 ], [ -70.528612, 44.212786 ], [ -70.526355, 44.210768 ], [ -70.527592, 44.208725 ], [ -70.520201, 44.206258 ], [ -70.523848, 44.20482 ], [ -70.515723, 44.200427 ], [ -70.500019, 44.191885 ], [ -70.498783, 44.191836 ], [ -70.49785, 44.19413 ], [ -70.499644, 44.199946 ], [ -70.499172, 44.204059 ], [ -70.498663, 44.205507 ], [ -70.496658, 44.207774 ], [ -70.500291, 44.212912 ], [ -70.500511, 44.215468 ], [ -70.499422, 44.219594 ], [ -70.499991, 44.220691 ], [ -70.498837, 44.221232 ], [ -70.499452, 44.223828 ], [ -70.498693, 44.224074 ], [ -70.496637, 44.226586 ], [ -70.493679, 44.232202 ], [ -70.494785, 44.23469 ], [ -70.495058, 44.237298 ], [ -70.4958, 44.238376 ], [ -70.499139, 44.240801 ], [ -70.500307, 44.242715 ], [ -70.50083, 44.24776 ], [ -70.50006, 44.249778 ], [ -70.504454, 44.245798 ], [ -70.506248, 44.24362 ], [ -70.508569, 44.235773 ], [ -70.511287, 44.232931 ], [ -70.512924, 44.229346 ], [ -70.513914, 44.228796 ], [ -70.513804, 44.230565 ], [ -70.514871, 44.231639 ], [ -70.517088, 44.230852 ], [ -70.520162, 44.235222 ], [ -70.522083, 44.234661 ], [ -70.519821, 44.230405 ], [ -70.522948, 44.2302 ], [ -70.533782, 44.230343 ], [ -70.53549, 44.230725 ], [ -70.53513, 44.22659 ] ] ] ] } },
{ "type": "Feature", "properties": { "GEOID": "2345250", "NAME": "Mexico", "NAMELSAD": "Mexico CDP", "STUSPS": "ME", "STATE_NAME": "Maine", "LSAD": "57", "place_type": "CDP", "population": 2142.0, "moe": 257.0 }, "geometry": { "type": "MultiPolygon", "coordinates": [ [ [ [ -70.557594, 44.569778 ], [ -70.551837, 44.561926 ], [ -70.549908, 44.559713 ], [ -70.546876, 44.555836 ], [ -70.546317, 44.555509 ], [ -70.543935, 44.554354 ], [ -70.54091, 44.554944 ], [ -70.535922, 44.55127 ], [ -70.534032, 44.549599 ], [ -70.526802, 44.54235 ], [ -70.521355, 44.539625 ], [ -70.520497, 44.540924 ], [ -70.515332, 44.539661 ], [ -70.516831, 44.542513 ], [ -70.517183, 44.54501 ], [ -70.519064, 44.54981 ], [ -70.523257, 44.553909 ], [ -70.524006, 44.556674 ], [ -70.522593, 44.557233 ], [ -70.524477, 44.561214 ], [ -70.535275, 44.567744 ], [ -70.545772, 44.567445 ], [ -70.552855, 44.572238 ], [ -70.555954, 44.571296 ], [ -70.55641, 44.570817 ], [ -70.557594, 44.569778 ] ] ] ] } },
{ "type": "Feature", "properties": { "GEOID": "2362610", "NAME": "Richmond", "NAMELSAD": "Richmond CDP", "STUSPS": "ME", "STATE_NAME": "Maine", "LSAD": "57", "place_type": "CDP", "population": 2089.0, "moe": 271.0 }, "geometry": { "type": "MultiPolygon", "coordinates": [ [ [ [ -69.844503, 44.095251 ], [ -69.833411, 44.093113 ], [ -69.815386, 44.090173 ], [ -69.815481, 44.089482 ], [ -69.821159, 44.083862 ], [ -69.821279, 44.082185 ], [ -69.799828, 44.078615 ], [ -69.798977, 44.080958 ], [ -69.798683, 44.086213 ], [ -69.796343, 44.088153 ], [ -69.789792, 44.089575 ], [ -69.785071, 44.088976 ], [ -69.784368, 44.089738 ], [ -69.782419, 44.090947 ], [ -69.786371, 44.091999 ], [ -69.788196, 44.093461 ], [ -69.79029, 44.094058 ], [ -69.786614, 44.097397 ], [ -69.784743, 44.103203 ], [ -69.782705, 44.107318 ], [ -69.781019, 44.112354 ], [ -69.777412, 44.117388 ], [ -69.776086, 44.119881 ], [ -69.80421, 44.124827 ], [ -69.805357, 44.121134 ], [ -69.817485, 44.123211 ], [ -69.840644, 44.127118 ], [ -69.839737, 44.124283 ], [ -69.840277, 44.122842 ], [ -69.839546, 44.120327 ], [ -69.840339, 44.119389 ], [ -69.839165, 44.118522 ], [ -69.839291, 44.116624 ], [ -69.838211, 44.115526 ], [ -69.839195, 44.11484 ], [ -69.838052, 44.112691 ], [ -69.839003, 44.110724 ], [ -69.837765, 44.110084 ], [ -69.841222, 44.107545 ], [ -69.842807, 44.104115 ], [ -69.84255, 44.099312 ], [ -69.844547, 44.097048 ], [ -69.844503, 44.095251 ] ] ] ] } },
{ "type": "Feature", "properties": { "GEOID": "2324635", "NAME": "Farmingdale", "NAMELSAD": "Farmingdale CDP", "STUSPS": "ME", "STATE_NAME": "Maine", "LSAD": "57", "place_type": "CDP", "population": 2064.0, "moe": 333.0 }, "geometry": { "type": "MultiPolygon", "coordinates": [ [ [ [ -69.801725, 44.237537 ], [ -69.798556, 44.236927 ], [ -69.793477, 44.237773 ], [ -69.785933, 44.236435 ], [ -69.785004, 44.238724 ], [ -69.781263, 44.238115 ], [ -69.77732, 44.236425 ], [ -69.773895, 44.235352 ], [ -69.770232, 44.234759 ], [ -69.770019, 44.238551 ], [ -69.767578, 44.243335 ], [ -69.7686, 44.246569 ], [ -69.768988, 44.248281 ], [ -69.767533, 44.252036 ], [ -69.767856, 44.253494 ], [ -69.77302, 44.262128 ], [ -69.775632, 44.263749 ], [ -69.777232, 44.265638 ], [ -69.778497, 44.266583 ], [ -69.785966, 44.2679 ], [ -69.78824, 44.266909 ], [ -69.794703, 44.262001 ], [ -69.796293, 44.257119 ], [ -69.79596, 44.253504 ], [ -69.7969, 44.248806 ], [ -69.792823, 44.248056 ], [ -69.796353, 44.240063 ], [ -69.800868, 44.240035 ], [ -69.801725, 44.237537 ] ] ] ] } },
{ "type": "Feature", "properties": { "GEOID": "2376330", "NAME": "Thomaston", "NAMELSAD": "Thomaston CDP", "STUSPS": "ME", "STATE_NAME": "Maine", "LSAD": "57", "place_type": "CDP", "population": 2055.0, "moe": 309.0 }, "geometry": { "type": "MultiPolygon", "coordinates": [ [ [ [ -69.209292, 44.069042 ], [ -69.20671, 44.068011 ], [ -69.205208, 44.066699 ], [ -69.200449, 44.069575 ], [ -69.19983, 44.071094 ], [ -69.197122, 44.073489 ], [ -69.194707, 44.074632 ], [ -69.190752, 44.074832 ], [ -69.18784, 44.072202 ], [ -69.186381, 44.071958 ], [ -69.186743, 44.073272 ], [ -69.185164, 44.073526 ], [ -69.180286, 44.071126 ], [ -69.177212, 44.07322 ], [ -69.170431, 44.074933 ], [ -69.156351, 44.077002 ], [ -69.15584, 44.078808 ], [ -69.158595, 44.081897 ], [ -69.157958, 44.083452 ], [ -69.154288, 44.085137 ], [ -69.154689, 44.087174 ], [ -69.15778, 44.087315 ], [ -69.158809, 44.09073 ], [ -69.161515, 44.092003 ], [ -69.162706, 44.091227 ], [ -69.164893, 44.088103 ], [ -69.168073, 44.084559 ], [ -69.168048, 44.083628 ], [ -69.170279, 44.081574 ], [ -69.17084, 44.083318 ], [ -69.169746, 44.084004 ], [ -69.17479, 44.08713 ], [ -69.178952, 44.08757 ], [ -69.186753, 44.08999 ], [ -69.189059, 44.089836 ], [ -69.194128, 44.08804 ], [ -69.195429, 44.087166 ], [ -69.192355, 44.080775 ], [ -69.20591, 44.081355 ], [ -69.204846, 44.078891 ], [ -69.203183, 44.076827 ], [ -69.202882, 44.076714 ], [ -69.205069, 44.073189 ], [ -69.2049, 44.072058 ], [ -69.206344, 44.06884 ], [ -69.207812, 44.069984 ], [ -69.209292, 44.069042 ] ] ] ] } },
{ "type": "Feature", "properties": { "GEOID": "2324530", "NAME": "Falmouth Foreside", "NAMELSAD": "Falmouth Foreside CDP", "STUSPS": "ME", "STATE_NAME": "Maine", "LSAD": "57", "place_type": "CDP", "population": 2051.0, "moe": 470.0 }, "geometry": { "type": "MultiPolygon", "coordinates": [ [ [ [ -70.227871, 43.734966 ], [ -70.227046, 43.73286 ], [ -70.225656, 43.733019 ], [ -70.224545, 43.732723 ], [ -70.225714, 43.727835 ], [ -70.222451, 43.724712 ], [ -70.222163, 43.721707 ], [ -70.220752, 43.719402 ], [ -70.220131, 43.71951 ], [ -70.217855, 43.7196464 ], [ -70.217998, 43.71998 ], [ -70.1978515, 43.7380157 ], [ -70.219024, 43.748565 ], [ -70.223273, 43.743417 ], [ -70.227295, 43.737203 ], [ -70.227871, 43.734966 ] ] ] ] } },
{ "type": "Feature", "properties": { "GEOID": "2304685", "NAME": "Berwick", "NAMELSAD": "Berwick CDP", "STUSPS": "ME", "STATE_NAME": "Maine", "LSAD": "57", "place_type": "CDP", "population": 1998.0, "moe": 608.0 }, "geometry": { "type": "MultiPolygon", "coordinates": [ [ [ [ -70.883704, 43.277483 ], [ -70.882804, 43.273183 ], [ -70.8820671, 43.272714 ], [ -70.881704, 43.272483 ], [ -70.876842, 43.27246 ], [ -70.874298, 43.271872 ], [ -70.872585, 43.270152 ], [ -70.872748, 43.268638 ], [ -70.871252, 43.267604 ], [ -70.870289, 43.266314 ], [ -70.868417, 43.26575 ], [ -70.865888, 43.265859 ], [ -70.8645789, 43.2654896 ], [ -70.8637591, 43.2652583 ], [ -70.86323, 43.265109 ], [ -70.863231, 43.265098 ], [ -70.861384, 43.263143 ], [ -70.859853, 43.259763 ], [ -70.859607, 43.257342 ], [ -70.858207, 43.256286 ], [ -70.855082, 43.255191 ], [ -70.852015, 43.256808 ], [ -70.843302, 43.254321 ], [ -70.8432232, 43.2542613 ], [ -70.843482, 43.257534 ], [ -70.841792, 43.260616 ], [ -70.843308, 43.261162 ], [ -70.84824, 43.264464 ], [ -70.851859, 43.265586 ], [ -70.851646, 43.269231 ], [ -70.854552, 43.271978 ], [ -70.855151, 43.273453 ], [ -70.858229, 43.275863 ], [ -70.859158, 43.277223 ], [ -70.864067, 43.281273 ], [ -70.86368, 43.273817 ], [ -70.865761, 43.275048 ], [ -70.874019, 43.277643 ], [ -70.88167, 43.285155 ], [ -70.883632, 43.284772 ], [ -70.880966, 43.277393 ], [ -70.882736, 43.278502 ], [ -70.8839137, 43.2778798 ], [ -70.883704, 43.277483 ] ] ] ] } },
{ "type": "Feature", "properties": { "GEOID": "2344620", "NAME": "Mechanic Falls", "NAMELSAD": "Mechanic Falls CDP", "STUSPS": "ME", "STATE_NAME": "Maine", "LSAD": "57", "place_type": "CDP", "population": 1991.0, "moe": 496.0 }, "geometry": { "type": "MultiPolygon", "coordinates": [ [ [ [ -70.428822, 44.116717 ], [ -70.427532, 44.11557 ], [ -70.428105, 44.114343 ], [ -70.426387, 44.112774 ], [ -70.426432, 44.111851 ], [ -70.424428, 44.109815 ], [ -70.422266, 44.108933 ], [ -70.420999, 44.109943 ], [ -70.415388, 44.110628 ], [ -70.409574, 44.109791 ], [ -70.406432, 44.111711 ], [ -70.403579, 44.112266 ], [ -70.402121, 44.109999 ], [ -70.400602, 44.105965 ], [ -70.398742, 44.104553 ], [ -70.395971, 44.105704 ], [ -70.392768, 44.105157 ], [ -70.393113, 44.103942 ], [ -70.39117, 44.104205 ], [ -70.392439, 44.103106 ], [ -70.389682, 44.101332 ], [ -70.388326, 44.099237 ], [ -70.39013, 44.097271 ], [ -70.390257, 44.095761 ], [ -70.391527, 44.095079 ], [ -70.392666, 44.091649 ], [ -70.39406, 44.089813 ], [ -70.395645, 44.08612 ], [ -70.395491, 44.084199 ], [ -70.376774, 44.085953 ], [ -70.359085, 44.103812 ], [ -70.360671, 44.105706 ], [ -70.361759, 44.10563 ], [ -70.362069, 44.104294 ], [ -70.364713, 44.10636 ], [ -70.366004, 44.109032 ], [ -70.36733, 44.110002 ], [ -70.371644, 44.109747 ], [ -70.374036, 44.111177 ], [ -70.376571, 44.111178 ], [ -70.379295, 44.112478 ], [ -70.380463, 44.114211 ], [ -70.382555, 44.115441 ], [ -70.381544, 44.118924 ], [ -70.38265, 44.120578 ], [ -70.384866, 44.120658 ], [ -70.386924, 44.123917 ], [ -70.388118, 44.124129 ], [ -70.390665, 44.127263 ], [ -70.394371, 44.133363 ], [ -70.398051, 44.133002 ], [ -70.396054, 44.134688 ], [ -70.397882, 44.135615 ], [ -70.3999, 44.137634 ], [ -70.397042, 44.138903 ], [ -70.397887, 44.140257 ], [ -70.401353, 44.141916 ], [ -70.401809, 44.143657 ], [ -70.419714, 44.125821 ], [ -70.420719, 44.124983 ], [ -70.427855, 44.117713 ], [ -70.428822, 44.116717 ] ] ] ] } },
{ "type": "Feature", "properties": { "GEOID": "2373985", "NAME": "Steep Falls", "NAMELSAD": "Steep Falls CDP", "STUSPS": "ME", "STATE_NAME": "Maine", "LSAD": "57", "place_type": "CDP", "population": 1861.0, "moe": 550.0 }, "geometry": { "type": "MultiPolygon", "coordinates": [ [ [ [ -70.667403, 43.791102 ], [ -70.662814, 43.791246 ], [ -70.657845, 43.789586 ], [ -70.656728, 43.788601 ], [ -70.652986, 43.787544 ], [ -70.652737, 43.786593 ], [ -70.655342, 43.783395 ], [ -70.655698, 43.780256 ], [ -70.654538, 43.778999 ], [ -70.652904, 43.776074 ], [ -70.652391, 43.773137 ], [ -70.649843, 43.768371 ], [ -70.650496, 43.767569 ], [ -70.654307, 43.766767 ], [ -70.655884, 43.766046 ], [ -70.656348, 43.764283 ], [ -70.652729, 43.762015 ], [ -70.652168, 43.759878 ], [ -70.651075, 43.758449 ], [ -70.646975, 43.757797 ], [ -70.645221, 43.757021 ], [ -70.643968, 43.755588 ], [ -70.6401, 43.757114 ], [ -70.63636, 43.761023 ], [ -70.630982, 43.764115 ], [ -70.636596, 43.77025 ], [ -70.634191, 43.769128 ], [ -70.629992, 43.76859 ], [ -70.624503, 43.768522 ], [ -70.622256, 43.769631 ], [ -70.620129, 43.769025 ], [ -70.61202, 43.765285 ], [ -70.607249, 43.763165 ], [ -70.606296, 43.764977 ], [ -70.606571, 43.767753 ], [ -70.6041, 43.770048 ], [ -70.603495, 43.771861 ], [ -70.605195, 43.770216 ], [ -70.60652, 43.769941 ], [ -70.609168, 43.767219 ], [ -70.610367, 43.767813 ], [ -70.608065, 43.769323 ], [ -70.607435, 43.770741 ], [ -70.605827, 43.771542 ], [ -70.605796, 43.772799 ], [ -70.608952, 43.77289 ], [ -70.610122, 43.776295 ], [ -70.609934, 43.778582 ], [ -70.607757, 43.777942 ], [ -70.608259, 43.775153 ], [ -70.606841, 43.777348 ], [ -70.609326, 43.780665 ], [ -70.607925, 43.784487 ], [ -70.597746, 43.784631 ], [ -70.595212, 43.78403 ], [ -70.59105, 43.784511 ], [ -70.589457, 43.786523 ], [ -70.588922, 43.790479 ], [ -70.587061, 43.792034 ], [ -70.587219, 43.793177 ], [ -70.585326, 43.794527 ], [ -70.585673, 43.795441 ], [ -70.584064, 43.797431 ], [ -70.581066, 43.798964 ], [ -70.578315, 43.799182 ], [ -70.584097, 43.799878 ], [ -70.586497, 43.801089 ], [ -70.589149, 43.800219 ], [ -70.587254, 43.801683 ], [ -70.586055, 43.803307 ], [ -70.588772, 43.805113 ], [ -70.590161, 43.804747 ], [ -70.591803, 43.805798 ], [ -70.593697, 43.80534 ], [ -70.596539, 43.806117 ], [ -70.598528, 43.805864 ], [ -70.599382, 43.807785 ], [ -70.601687, 43.808836 ], [ -70.602067, 43.809773 ], [ -70.60633, 43.810961 ], [ -70.60914, 43.810914 ], [ -70.60971, 43.812285 ], [ -70.611509, 43.812216 ], [ -70.612742, 43.813999 ], [ -70.615333, 43.815963 ], [ -70.616438, 43.816145 ], [ -70.618996, 43.815961 ], [ -70.620985, 43.814817 ], [ -70.623066, 43.812301 ], [ -70.623601, 43.809786 ], [ -70.628781, 43.810384 ], [ -70.630171, 43.810042 ], [ -70.628684, 43.812533 ], [ -70.629819, 43.814614 ], [ -70.631921, 43.815018 ], [ -70.63341, 43.817597 ], [ -70.636684, 43.818916 ], [ -70.636476, 43.819996 ], [ -70.634661, 43.821334 ], [ -70.635933, 43.824549 ], [ -70.662126, 43.798634 ], [ -70.668199, 43.792531 ], [ -70.667403, 43.791102 ] ] ] ] } },
{ "type": "Feature", "properties": { "GEOID": "2317495", "NAME": "Dexter", "NAMELSAD": "Dexter CDP", "STUSPS": "ME", "STATE_NAME": "Maine", "LSAD": "57", "place_type": "CDP", "population": 1852.0, "moe": 390.0 }, "geometry": { "type": "MultiPolygon", "coordinates": [ [ [ [ -69.325292, 45.019061 ], [ -69.324731, 45.017503 ], [ -69.323141, 45.017023 ], [ -69.324894, 45.016317 ], [ -69.321293, 45.004541 ], [ -69.314796, 45.004642 ], [ -69.312197, 45.00496 ], [ -69.304488, 45.003124 ], [ -69.298595, 45.005008 ], [ -69.297274, 45.004589 ], [ -69.295076, 44.99594 ], [ -69.297459, 44.99198 ], [ -69.280271, 44.994427 ], [ -69.281641, 44.999708 ], [ -69.273117, 45.00107 ], [ -69.269113, 45.004218 ], [ -69.268366, 45.007905 ], [ -69.268909, 45.008061 ], [ -69.269758, 45.009314 ], [ -69.278441, 45.023997 ], [ -69.281894, 45.023962 ], [ -69.277492, 45.026704 ], [ -69.284772, 45.027102 ], [ -69.283439, 45.031225 ], [ -69.28429, 45.032442 ], [ -69.270861, 45.046802 ], [ -69.268552, 45.04822 ], [ -69.268095, 45.050027 ], [ -69.269707, 45.047879 ], [ -69.271964, 45.04741 ], [ -69.277608, 45.047503 ], [ -69.281475, 45.046116 ], [ -69.285753, 45.041605 ], [ -69.287217, 45.039101 ], [ -69.290121, 45.035981 ], [ -69.292755, 45.034843 ], [ -69.296719, 45.033806 ], [ -69.300102, 45.032038 ], [ -69.30835, 45.028574 ], [ -69.320259, 45.022809 ], [ -69.325, 45.019709 ], [ -69.325292, 45.019061 ] ] ] ] } },
{ "type": "Feature", "properties": { "GEOID": "2378815", "NAME": "Veazie", "NAMELSAD": "Veazie CDP", "STUSPS": "ME", "STATE_NAME": "Maine", "LSAD": "57", "place_type": "CDP", "population": 1847.0, "moe": 247.0 }, "geometry": { "type": "MultiPolygon", "coordinates": [ [ [ [ -68.728935, 44.847638 ], [ -68.725777, 44.835384 ], [ -68.722449, 44.835808 ], [ -68.719464, 44.824536 ], [ -68.718941, 44.822487 ], [ -68.718736, 44.820383 ], [ -68.716048, 44.820691 ], [ -68.707165, 44.820912 ], [ -68.698742, 44.821466 ], [ -68.696822, 44.822514 ], [ -68.696067, 44.824281 ], [ -68.697381, 44.827575 ], [ -68.70004, 44.829963 ], [ -68.700758, 44.831338 ], [ -68.700919, 44.833625 ], [ -68.700123, 44.839024 ], [ -68.696899, 44.844507 ], [ -68.696187, 44.845266 ], [ -68.698968, 44.847362 ], [ -68.716551, 44.860491 ], [ -68.720882, 44.863738 ], [ -68.730812, 44.854967 ], [ -68.728935, 44.847638 ] ] ] ] } },
{ "type": "Feature", "properties": { "GEOID": "2307135", "NAME": "Bridgton", "NAMELSAD": "Bridgton CDP", "STUSPS": "ME", "STATE_NAME": "Maine", "LSAD": "57", "place_type": "CDP", "population": 1756.0, "moe": 496.0 }, "geometry": { "type": "MultiPolygon", "coordinates": [ [ [ [ -70.754675, 44.065229 ], [ -70.716667, 44.050173 ], [ -70.713589, 44.050295 ], [ -70.712642, 44.047322 ], [ -70.714322, 44.046584 ], [ -70.713257, 44.044394 ], [ -70.711718, 44.04469 ], [ -70.711015, 44.042547 ], [ -70.706363, 44.044889 ], [ -70.704295, 44.045458 ], [ -70.700985, 44.045086 ], [ -70.701312, 44.050251 ], [ -70.699621, 44.050253 ], [ -70.693148, 44.053227 ], [ -70.691407, 44.05189 ], [ -70.689916, 44.051521 ], [ -70.689507, 44.052847 ], [ -70.68374, 44.05319 ], [ -70.676421, 44.05617 ], [ -70.679044, 44.059458 ], [ -70.679444, 44.060815 ], [ -70.677341, 44.067483 ], [ -70.678117, 44.070747 ], [ -70.67905, 44.074037 ], [ -70.682349, 44.076829 ], [ -70.684536, 44.080217 ], [ -70.685663, 44.085792 ], [ -70.68729, 44.089741 ], [ -70.68839, 44.09274 ], [ -70.688571, 44.096049 ], [ -70.68787, 44.097066 ], [ -70.684325, 44.099698 ], [ -70.683913, 44.102196 ], [ -70.684287, 44.103563 ], [ -70.686276, 44.106104 ], [ -70.6868, 44.107545 ], [ -70.689464, 44.109756 ], [ -70.689315, 44.111462 ], [ -70.693846, 44.104419 ], [ -70.697009, 44.105115 ], [ -70.701213, 44.103648 ], [ -70.699972, 44.100878 ], [ -70.703981, 44.09964 ], [ -70.714865, 44.094392 ], [ -70.719343, 44.092073 ], [ -70.725135, 44.089038 ], [ -70.727932, 44.087333 ], [ -70.731934, 44.089702 ], [ -70.733695, 44.091612 ], [ -70.737803, 44.090165 ], [ -70.740567, 44.084817 ], [ -70.738649, 44.077985 ], [ -70.743624, 44.078235 ], [ -70.749318, 44.077267 ], [ -70.753003, 44.075854 ], [ -70.748114, 44.072553 ], [ -70.746405, 44.070915 ], [ -70.743267, 44.068972 ], [ -70.748291, 44.066234 ], [ -70.749993, 44.065877 ], [ -70.752348, 44.066113 ], [ -70.754675, 44.065229 ] ] ] ] } },
{ "type": "Feature", "properties": { "GEOID": "2317705", "NAME": "Dixfield", "NAMELSAD": "Dixfield CDP", "STUSPS": "ME", "STATE_NAME": "Maine", "LSAD": "57", "place_type": "CDP", "population": 1738.0, "moe": 251.0 }, "geometry": { "type": "MultiPolygon", "coordinates": [ [ [ [ -70.460407, 44.539941 ], [ -70.460129, 44.537433 ], [ -70.460364, 44.533649 ], [ -70.45942, 44.530879 ], [ -70.460161, 44.529474 ], [ -70.455647, 44.527191 ], [ -70.451106, 44.526007 ], [ -70.44557, 44.525114 ], [ -70.44321, 44.523694 ], [ -70.440257, 44.523776 ], [ -70.439426, 44.524711 ], [ -70.437508, 44.523352 ], [ -70.435506, 44.525889 ], [ -70.43405, 44.529067 ], [ -70.434255, 44.530523 ], [ -70.431142, 44.534088 ], [ -70.433397, 44.5354 ], [ -70.43334, 44.536599 ], [ -70.435394, 44.537769 ], [ -70.438505, 44.533774 ], [ -70.442243, 44.534173 ], [ -70.440274, 44.536913 ], [ -70.442158, 44.537712 ], [ -70.437737, 44.544838 ], [ -70.437088, 44.546582 ], [ -70.438153, 44.548713 ], [ -70.441159, 44.550311 ], [ -70.442567, 44.547723 ], [ -70.447038, 44.549607 ], [ -70.447796, 44.551466 ], [ -70.450662, 44.550761 ], [ -70.452523, 44.550899 ], [ -70.455756, 44.552181 ], [ -70.457474, 44.552054 ], [ -70.458295, 44.549061 ], [ -70.456929, 44.54509 ], [ -70.459507, 44.543518 ], [ -70.461647, 44.541645 ], [ -70.460407, 44.539941 ] ] ] ] } },
{ "type": "Feature", "properties": { "GEOID": "2349100", "NAME": "Newport", "NAMELSAD": "Newport CDP", "STUSPS": "ME", "STATE_NAME": "Maine", "LSAD": "57", "place_type": "CDP", "population": 1730.0, "moe": 303.0 }, "geometry": { "type": "MultiPolygon", "coordinates": [ [ [ [ -69.293704, 44.853867 ], [ -69.289263, 44.837731 ], [ -69.287627, 44.831822 ], [ -69.259601, 44.818594 ], [ -69.257158, 44.824235 ], [ -69.25611, 44.824019 ], [ -69.232981, 44.824553 ], [ -69.233395, 44.827728 ], [ -69.234425, 44.831524 ], [ -69.236324, 44.842799 ], [ -69.237809, 44.846764 ], [ -69.240696, 44.850655 ], [ -69.241648, 44.851305 ], [ -69.247628, 44.851543 ], [ -69.257327, 44.851266 ], [ -69.263207, 44.851595 ], [ -69.268345, 44.852675 ], [ -69.269179, 44.855229 ], [ -69.273523, 44.854613 ], [ -69.275098, 44.853122 ], [ -69.283263, 44.846477 ], [ -69.291631, 44.851947 ], [ -69.293704, 44.853867 ] ] ] ] } },
{ "type": "Feature", "properties": { "GEOID": "2350290", "NAME": "North Berwick", "NAMELSAD": "North Berwick CDP", "STUSPS": "ME", "STATE_NAME": "Maine", "LSAD": "57", "place_type": "CDP", "population": 1702.0, "moe": 426.0 }, "geometry": { "type": "MultiPolygon", "coordinates": [ [ [ [ -70.751045, 43.295304 ], [ -70.749169, 43.291531 ], [ -70.747708, 43.289448 ], [ -70.743993, 43.288177 ], [ -70.746021, 43.283726 ], [ -70.747127, 43.28223 ], [ -70.744389, 43.280122 ], [ -70.709254, 43.302448 ], [ -70.710013, 43.304391 ], [ -70.717338, 43.319915 ], [ -70.719349, 43.316552 ], [ -70.723116, 43.313556 ], [ -70.723856, 43.313555 ], [ -70.724326, 43.313418 ], [ -70.725641, 43.313257 ], [ -70.726486, 43.31296 ], [ -70.726893, 43.312616 ], [ -70.727237, 43.312045 ], [ -70.72755, 43.311793 ], [ -70.728488, 43.311626 ], [ -70.731371, 43.312752 ], [ -70.733656, 43.312317 ], [ -70.733032, 43.314215 ], [ -70.734978, 43.318125 ], [ -70.73617, 43.316707 ], [ -70.738996, 43.317592 ], [ -70.740592, 43.316813 ], [ -70.746762, 43.315977 ], [ -70.748044, 43.316789 ], [ -70.75078, 43.314346 ], [ -70.7495, 43.299885 ], [ -70.751045, 43.295304 ] ] ] ] } },
{ "type": "Feature", "properties": { "GEOID": "2385815", "NAME": "Wilton", "NAMELSAD": "Wilton CDP", "STUSPS": "ME", "STATE_NAME": "Maine", "LSAD": "57", "place_type": "CDP", "population": 1687.0, "moe": 383.0 }, "geometry": { "type": "MultiPolygon", "coordinates": [ [ [ [ -70.272396, 44.607106 ], [ -70.263958, 44.594065 ], [ -70.260272, 44.593743 ], [ -70.257142, 44.592522 ], [ -70.248377, 44.58581 ], [ -70.245639, 44.584758 ], [ -70.235241, 44.583258 ], [ -70.236173, 44.578499 ], [ -70.199363, 44.583262 ], [ -70.194931, 44.583832 ], [ -70.196486, 44.584851 ], [ -70.199306, 44.58547 ], [ -70.200666, 44.587242 ], [ -70.204086, 44.590263 ], [ -70.2065, 44.591529 ], [ -70.207939, 44.594107 ], [ -70.206173, 44.597483 ], [ -70.207167, 44.598265 ], [ -70.209191, 44.601565 ], [ -70.211104, 44.603421 ], [ -70.212999, 44.601615 ], [ -70.21864, 44.597797 ], [ -70.222844, 44.600676 ], [ -70.224797, 44.602523 ], [ -70.229453, 44.607647 ], [ -70.231369, 44.608825 ], [ -70.237258, 44.608905 ], [ -70.240924, 44.608428 ], [ -70.244465, 44.608396 ], [ -70.249254, 44.610625 ], [ -70.26036, 44.615061 ], [ -70.262768, 44.615799 ], [ -70.265792, 44.613382 ], [ -70.269977, 44.611816 ], [ -70.272381, 44.611442 ], [ -70.273896, 44.609772 ], [ -70.272396, 44.607106 ] ] ] ] } },
{ "type": "Feature", "properties": { "GEOID": "2378535", "NAME": "Van Buren", "NAMELSAD": "Van Buren CDP", "STUSPS": "ME", "STATE_NAME": "Maine", "LSAD": "57", "place_type": "CDP", "population": 1634.0, "moe": 210.0 }, "geometry": { "type": "MultiPolygon", "coordinates": [ [ [ [ -67.977326, 47.175102 ], [ -67.967512, 47.172159 ], [ -67.965593, 47.171383 ], [ -67.954088, 47.164126 ], [ -67.957587, 47.160601 ], [ -67.959346, 47.160326 ], [ -67.969215, 47.15392 ], [ -67.969295, 47.151746 ], [ -67.969088, 47.151298 ], [ -67.968378, 47.150814 ], [ -67.959788, 47.147732 ], [ -67.956397, 47.144881 ], [ -67.952786, 47.142593 ], [ -67.950047, 47.140099 ], [ -67.936753, 47.149291 ], [ -67.93508, 47.148658 ], [ -67.930197, 47.146029 ], [ -67.927325, 47.139999 ], [ -67.927391, 47.147976 ], [ -67.925056, 47.149566 ], [ -67.919348, 47.145709 ], [ -67.917256, 47.144951 ], [ -67.9134888, 47.1491725 ], [ -67.919767, 47.151243 ], [ -67.9218789, 47.1522675 ], [ -67.927419, 47.154955 ], [ -67.9321554, 47.160498 ], [ -67.935868, 47.164843 ], [ -67.9386671, 47.1704404 ], [ -67.939168, 47.171442 ], [ -67.943069, 47.176142 ], [ -67.944669, 47.177042 ], [ -67.949369, 47.182542 ], [ -67.951511, 47.183547 ], [ -67.951342200000013, 47.189752 ], [ -67.952256, 47.191148 ], [ -67.95659, 47.194261 ], [ -67.968197, 47.200777 ], [ -67.97123, 47.201984 ], [ -67.967152, 47.196803 ], [ -67.959451, 47.189902 ], [ -67.958975, 47.18814 ], [ -67.962458, 47.190951 ], [ -67.97716, 47.18081 ], [ -67.981382, 47.177254 ], [ -67.977326, 47.175102 ] ] ] ] } },
{ "type": "Feature", "properties": { "GEOID": "2361735", "NAME": "Randolph", "NAMELSAD": "Randolph CDP", "STUSPS": "ME", "STATE_NAME": "Maine", "LSAD": "57", "place_type": "CDP", "population": 1610.0, "moe": 341.0 }, "geometry": { "type": "MultiPolygon", "coordinates": [ [ [ [ -69.770232, 44.234759 ], [ -69.769242, 44.231143 ], [ -69.768751, 44.230257 ], [ -69.768012, 44.229062 ], [ -69.76256, 44.223795 ], [ -69.758981, 44.224233 ], [ -69.754275, 44.227897 ], [ -69.752386, 44.227716 ], [ -69.750815, 44.22684 ], [ -69.745472, 44.226285 ], [ -69.743804, 44.225423 ], [ -69.742735, 44.226361 ], [ -69.740422, 44.226998 ], [ -69.739074, 44.22679 ], [ -69.735705, 44.227316 ], [ -69.732951, 44.228671 ], [ -69.730791, 44.228991 ], [ -69.727723, 44.230996 ], [ -69.725404, 44.231015 ], [ -69.724334, 44.232971 ], [ -69.724375, 44.236113 ], [ -69.723614, 44.236788 ], [ -69.734983, 44.238651 ], [ -69.746559, 44.24057 ], [ -69.746083, 44.242865 ], [ -69.7686, 44.246569 ], [ -69.767578, 44.243335 ], [ -69.770019, 44.238551 ], [ -69.770232, 44.234759 ] ] ] ] } },
{ "type": "Feature", "properties": { "GEOID": "2324480", "NAME": "Falmouth", "NAMELSAD": "Falmouth CDP", "STUSPS": "ME", "STATE_NAME": "Maine", "LSAD": "57", "place_type": "CDP", "population": 1585.0, "moe": 383.0 }, "geometry": { "type": "MultiPolygon", "coordinates": [ [ [ [ -70.250919, 43.700147 ], [ -70.248698, 43.694696 ], [ -70.2456811, 43.6904015 ], [ -70.242548, 43.693333 ], [ -70.241246, 43.6920074 ], [ -70.236076, 43.69498 ], [ -70.2347623, 43.697148 ], [ -70.235625, 43.698876 ], [ -70.23199, 43.704822 ], [ -70.227909, 43.701907 ], [ -70.224345, 43.7015908 ], [ -70.22303, 43.701873 ], [ -70.220324, 43.702588 ], [ -70.218095, 43.703736 ], [ -70.2167284, 43.7047112 ], [ -70.216832, 43.704822 ], [ -70.215666, 43.707737 ], [ -70.213759, 43.712793 ], [ -70.2139428, 43.7130477 ], [ -70.2161658, 43.7161272 ], [ -70.216611, 43.716744 ], [ -70.2170046, 43.7176622 ], [ -70.220943, 43.716798 ], [ -70.220752, 43.719402 ], [ -70.222163, 43.721707 ], [ -70.222451, 43.724712 ], [ -70.225714, 43.727835 ], [ -70.224545, 43.732723 ], [ -70.225656, 43.733019 ], [ -70.227046, 43.73286 ], [ -70.227871, 43.734966 ], [ -70.227295, 43.737203 ], [ -70.230277, 43.732296 ], [ -70.23122, 43.731278 ], [ -70.232828, 43.730044 ], [ -70.236886, 43.727689 ], [ -70.241054, 43.725077 ], [ -70.246412, 43.720322 ], [ -70.245979, 43.715648 ], [ -70.246502, 43.714048 ], [ -70.249037, 43.710681 ], [ -70.249182, 43.707365 ], [ -70.250753, 43.702768 ], [ -70.250919, 43.700147 ] ] ] ] } },
{ "type": "Feature", "properties": { "GEOID": "2325580", "NAME": "Fort Fairfield", "NAMELSAD": "Fort Fairfield CDP", "STUSPS": "ME", "STATE_NAME": "Maine", "LSAD": "57", "place_type": "CDP", "population": 1533.0, "moe": 305.0 }, "geometry": { "type": "MultiPolygon", "coordinates": [ [ [ [ -67.857343, 46.76899 ], [ -67.854137, 46.769117 ], [ -67.854412, 46.767913 ], [ -67.853456, 46.763009 ], [ -67.85313, 46.758827 ], [ -67.849598, 46.754967 ], [ -67.848579, 46.755644 ], [ -67.841935, 46.753719 ], [ -67.842573, 46.752949 ], [ -67.818961, 46.755537 ], [ -67.819141, 46.759062 ], [ -67.818546, 46.76074 ], [ -67.81781, 46.761942 ], [ -67.816127, 46.761425 ], [ -67.812602, 46.762825 ], [ -67.809475, 46.761209 ], [ -67.808945, 46.758196 ], [ -67.801617, 46.758792 ], [ -67.805036, 46.761372 ], [ -67.806754, 46.767008 ], [ -67.802711, 46.767944 ], [ -67.802006, 46.776641 ], [ -67.803546, 46.774255 ], [ -67.808775, 46.772327 ], [ -67.812127, 46.771995 ], [ -67.816722, 46.77062 ], [ -67.828763, 46.772522 ], [ -67.833068, 46.773845 ], [ -67.836323, 46.775199 ], [ -67.839883, 46.778163 ], [ -67.843792, 46.780348 ], [ -67.846009, 46.782402 ], [ -67.848265, 46.780212 ], [ -67.848585, 46.778992 ], [ -67.856073, 46.77579 ], [ -67.858673, 46.773809 ], [ -67.857343, 46.76899 ] ] ] ] } },
{ "type": "Feature", "properties": { "GEOID": "2321065", "NAME": "East Millinocket", "NAMELSAD": "East Millinocket CDP", "STUSPS": "ME", "STATE_NAME": "Maine", "LSAD": "57", "place_type": "CDP", "population": 1495.0, "moe": 256.0 }, "geometry": { "type": "MultiPolygon", "coordinates": [ [ [ [ -68.590475, 45.625276 ], [ -68.587212, 45.623194 ], [ -68.584448, 45.622284 ], [ -68.577677, 45.622331 ], [ -68.569917, 45.620007 ], [ -68.56243, 45.616209 ], [ -68.562009, 45.632278 ], [ -68.562649, 45.633258 ], [ -68.573652, 45.636066 ], [ -68.576407, 45.633402 ], [ -68.5786, 45.634016 ], [ -68.580118, 45.631724 ], [ -68.582408, 45.632437 ], [ -68.58382, 45.630309 ], [ -68.585745, 45.630242 ], [ -68.590058, 45.631406 ], [ -68.589326, 45.628221 ], [ -68.590475, 45.625276 ] ] ] ] } },
{ "type": "Feature", "properties": { "GEOID": "2326875", "NAME": "Fryeburg", "NAMELSAD": "Fryeburg CDP", "STUSPS": "ME", "STATE_NAME": "Maine", "LSAD": "57", "place_type": "CDP", "population": 1484.0, "moe": 317.0 }, "geometry": { "type": "MultiPolygon", "coordinates": [ [ [ [ -70.9966113, 44.0002599 ], [ -70.989998, 44.007083 ], [ -70.987638, 44.008239 ], [ -70.985994, 44.008529 ], [ -70.974951, 44.008778 ], [ -70.96674, 44.008961 ], [ -70.968096, 44.011731 ], [ -70.95907, 44.010305 ], [ -70.955421, 44.008893 ], [ -70.953669, 44.007584 ], [ -70.948576, 44.009876 ], [ -70.949554, 44.010989 ], [ -70.949498, 44.013565 ], [ -70.948791, 44.016345 ], [ -70.949877, 44.01689 ], [ -70.947983, 44.01825 ], [ -70.947851, 44.01732 ], [ -70.946208, 44.018384 ], [ -70.947566, 44.022793 ], [ -70.951932, 44.021661 ], [ -70.96519, 44.020089 ], [ -70.964612, 44.020917 ], [ -70.964491, 44.024847 ], [ -70.964886, 44.026864 ], [ -70.964376, 44.029124 ], [ -70.964245, 44.033173 ], [ -70.964667, 44.035687 ], [ -70.982612, 44.037342 ], [ -70.983691, 44.037629 ], [ -70.987662, 44.035919 ], [ -70.98922, 44.034438 ], [ -70.988121, 44.032868 ], [ -70.985802, 44.032247 ], [ -70.981644, 44.03254 ], [ -70.976446, 44.029704 ], [ -70.976087, 44.027112 ], [ -70.978523, 44.026161 ], [ -70.983731, 44.028403 ], [ -70.994366, 44.026538 ], [ -70.996374, 44.025903 ], [ -70.996067, 44.023157 ], [ -70.991068, 44.021902 ], [ -70.989345, 44.020473 ], [ -70.988833, 44.018116 ], [ -70.989503, 44.016783 ], [ -70.990911, 44.014854 ], [ -70.991946, 44.012202 ], [ -70.992357, 44.007666 ], [ -70.993342, 44.005353 ], [ -70.993537, 44.005152 ], [ -70.9967767, 44.0039471 ], [ -70.9966113, 44.0002599 ] ] ] ] } },
{ "type": "Feature", "properties": { "GEOID": "2379515", "NAME": "Waldoboro", "NAMELSAD": "Waldoboro CDP", "STUSPS": "ME", "STATE_NAME": "Maine", "LSAD": "57", "place_type": "CDP", "population": 1459.0, "moe": 369.0 }, "geometry": { "type": "MultiPolygon", "coordinates": [ [ [ [ -69.408226, 44.118017 ], [ -69.401364, 44.11533 ], [ -69.400094, 44.112785 ], [ -69.40352, 44.11347 ], [ -69.400264, 44.108142 ], [ -69.401406, 44.105203 ], [ -69.389278, 44.101893 ], [ -69.390151, 44.100761 ], [ -69.406892, 44.098598 ], [ -69.408718, 44.098253 ], [ -69.390318, 44.088875 ], [ -69.389348, 44.088157 ], [ -69.391213, 44.084882 ], [ -69.393806, 44.083432 ], [ -69.399445, 44.07736 ], [ -69.399816, 44.075908 ], [ -69.39932, 44.072769 ], [ -69.400141, 44.070282 ], [ -69.400547, 44.066672 ], [ -69.397108, 44.064706 ], [ -69.395781, 44.062644 ], [ -69.394367, 44.062033 ], [ -69.393349, 44.061985 ], [ -69.393323, 44.064976 ], [ -69.392702, 44.066306 ], [ -69.387708, 44.069474 ], [ -69.386426, 44.071386 ], [ -69.386484, 44.074531 ], [ -69.385609, 44.078323 ], [ -69.384703, 44.080427 ], [ -69.38338, 44.080239 ], [ -69.374872, 44.081258 ], [ -69.372308, 44.075294 ], [ -69.370738, 44.074122 ], [ -69.361668, 44.07041 ], [ -69.356724, 44.068998 ], [ -69.353607, 44.068548 ], [ -69.35033, 44.066955 ], [ -69.349583, 44.067218 ], [ -69.349853, 44.067847 ], [ -69.348024, 44.071328 ], [ -69.348636, 44.072388 ], [ -69.346882, 44.072619 ], [ -69.349116, 44.076024 ], [ -69.351706, 44.077412 ], [ -69.351101, 44.07948 ], [ -69.352272, 44.080561 ], [ -69.34983, 44.084611 ], [ -69.350344, 44.086041 ], [ -69.352184, 44.086531 ], [ -69.351857, 44.089368 ], [ -69.353647, 44.090893 ], [ -69.356308, 44.094351 ], [ -69.355803, 44.095271 ], [ -69.357115, 44.09677 ], [ -69.358001, 44.099487 ], [ -69.360057, 44.100651 ], [ -69.360113, 44.102604 ], [ -69.362595, 44.105938 ], [ -69.361216, 44.10794 ], [ -69.369376, 44.106678 ], [ -69.375804, 44.108052 ], [ -69.389129, 44.11056 ], [ -69.39066, 44.112047 ], [ -69.392015, 44.114433 ], [ -69.398787, 44.118563 ], [ -69.401605, 44.119756 ], [ -69.402585, 44.121444 ], [ -69.410282, 44.120543 ], [ -69.408226, 44.118017 ] ] ] ] } },
{ "type": "Feature", "properties": { "GEOID": "2326490", "NAME": "Freeport", "NAMELSAD": "Freeport CDP", "STUSPS": "ME", "STATE_NAME": "Maine", "LSAD": "57", "place_type": "CDP", "population": 1441.0, "moe": 407.0 }, "geometry": { "type": "MultiPolygon", "coordinates": [ [ [ [ -70.121029, 43.843367 ], [ -70.118914, 43.842304 ], [ -70.120178, 43.839114 ], [ -70.111297, 43.845128 ], [ -70.107639, 43.845578 ], [ -70.104272, 43.846597 ], [ -70.104207, 43.848643 ], [ -70.103281, 43.850144 ], [ -70.103722, 43.851213 ], [ -70.101098, 43.851823 ], [ -70.09473, 43.848836 ], [ -70.088886, 43.855466 ], [ -70.087221, 43.858206 ], [ -70.087967, 43.861255 ], [ -70.091892, 43.86178 ], [ -70.092589, 43.865027 ], [ -70.091011, 43.869119 ], [ -70.091886, 43.871142 ], [ -70.090535, 43.87443 ], [ -70.102203, 43.869032 ], [ -70.104634, 43.867526 ], [ -70.108282, 43.864282 ], [ -70.110144, 43.861448 ], [ -70.114855, 43.851962 ], [ -70.119879, 43.845295 ], [ -70.121029, 43.843367 ] ] ] ] } },
{ "type": "Feature", "properties": { "GEOID": "2340735", "NAME": "Livermore Falls", "NAMELSAD": "Livermore Falls CDP", "STUSPS": "ME", "STATE_NAME": "Maine", "LSAD": "57", "place_type": "CDP", "population": 1409.0, "moe": 431.0 }, "geometry": { "type": "MultiPolygon", "coordinates": [ [ [ [ -70.197337, 44.476149 ], [ -70.191944, 44.47254 ], [ -70.185573, 44.467245 ], [ -70.18505, 44.463007 ], [ -70.183843, 44.46079 ], [ -70.179333, 44.458494 ], [ -70.180122, 44.461594 ], [ -70.177913, 44.461904 ], [ -70.179239, 44.462894 ], [ -70.172955, 44.4642 ], [ -70.169486, 44.466345 ], [ -70.167103, 44.467105 ], [ -70.171367, 44.478226 ], [ -70.172525, 44.481841 ], [ -70.173452, 44.481725 ], [ -70.187103, 44.480023 ], [ -70.196313, 44.478742 ], [ -70.199758, 44.478262 ], [ -70.197337, 44.476149 ] ] ] ] } },
{ "type": "Feature", "properties": { "GEOID": "2383330", "NAME": "West Kennebunk", "NAMELSAD": "West Kennebunk CDP", "STUSPS": "ME", "STATE_NAME": "Maine", "LSAD": "57", "place_type": "CDP", "population": 1395.0, "moe": 364.0 }, "geometry": { "type": "MultiPolygon", "coordinates": [ [ [ [ -70.609515, 43.410379 ], [ -70.607033, 43.410521 ], [ -70.60186, 43.407478 ], [ -70.603176, 43.405603 ], [ -70.602359, 43.404208 ], [ -70.601325, 43.405375 ], [ -70.599506, 43.405398 ], [ -70.596432, 43.403821 ], [ -70.597434, 43.402129 ], [ -70.594266, 43.401444 ], [ -70.591697, 43.405103 ], [ -70.589621, 43.403957 ], [ -70.584819, 43.403338 ], [ -70.580372, 43.403663 ], [ -70.57592, 43.402888 ], [ -70.573254, 43.401059 ], [ -70.571373, 43.402157 ], [ -70.567547, 43.401494 ], [ -70.565916, 43.401997 ], [ -70.566384, 43.400719 ], [ -70.565252, 43.400078 ], [ -70.562933, 43.404229 ], [ -70.554767, 43.418872 ], [ -70.55632, 43.419491 ], [ -70.557354, 43.421001 ], [ -70.558986, 43.421344 ], [ -70.562027, 43.42443 ], [ -70.564191, 43.424498 ], [ -70.5678, 43.426945 ], [ -70.569351, 43.428544 ], [ -70.575551, 43.428591 ], [ -70.578281, 43.429322 ], [ -70.581512, 43.428407 ], [ -70.580853, 43.42644 ], [ -70.58471, 43.421775 ], [ -70.586748, 43.420951 ], [ -70.587501, 43.419465 ], [ -70.590091, 43.419961 ], [ -70.591114, 43.421395 ], [ -70.594591, 43.421063 ], [ -70.59899, 43.422487 ], [ -70.606849, 43.419803 ], [ -70.611041, 43.411244 ], [ -70.609515, 43.410379 ] ] ] ] } },
{ "type": "Feature", "properties": { "GEOID": "2313435", "NAME": "Clinton", "NAMELSAD": "Clinton CDP", "STUSPS": "ME", "STATE_NAME": "Maine", "LSAD": "57", "place_type": "CDP", "population": 1381.0, "moe": 490.0 }, "geometry": { "type": "MultiPolygon", "coordinates": [ [ [ [ -69.522504, 44.63793 ], [ -69.519556, 44.638047 ], [ -69.520899, 44.635815 ], [ -69.519133, 44.625007 ], [ -69.512805, 44.624122 ], [ -69.485045, 44.620241 ], [ -69.484796, 44.623605 ], [ -69.483119, 44.627688 ], [ -69.481633, 44.627926 ], [ -69.480928, 44.625065 ], [ -69.479241, 44.623095 ], [ -69.476055, 44.623519 ], [ -69.471147, 44.632132 ], [ -69.470913, 44.632973 ], [ -69.471059, 44.641248 ], [ -69.466142, 44.64155 ], [ -69.464187, 44.643133 ], [ -69.460518, 44.643809 ], [ -69.458963, 44.644914 ], [ -69.45893, 44.645994 ], [ -69.460606, 44.647054 ], [ -69.461449, 44.648478 ], [ -69.45964, 44.651217 ], [ -69.460792, 44.653643 ], [ -69.460558, 44.655611 ], [ -69.459303, 44.657201 ], [ -69.456933, 44.658862 ], [ -69.456308, 44.661579 ], [ -69.454631, 44.662815 ], [ -69.451138, 44.663031 ], [ -69.449049, 44.661788 ], [ -69.447949, 44.662175 ], [ -69.446289, 44.664216 ], [ -69.445213, 44.668033 ], [ -69.442936, 44.672381 ], [ -69.475599, 44.676678 ], [ -69.476311, 44.68324 ], [ -69.477079, 44.690016 ], [ -69.503171, 44.65797 ], [ -69.518183, 44.647948 ], [ -69.524221, 44.642831 ], [ -69.522504, 44.63793 ] ] ] ] } },
{ "type": "Feature", "properties": { "GEOID": "2349800", "NAME": "Norridgewock", "NAMELSAD": "Norridgewock CDP", "STUSPS": "ME", "STATE_NAME": "Maine", "LSAD": "57", "place_type": "CDP", "population": 1378.0, "moe": 391.0 }, "geometry": { "type": "MultiPolygon", "coordinates": [ [ [ [ -69.831264, 44.69757 ], [ -69.829886, 44.693544 ], [ -69.827993, 44.692035 ], [ -69.827321, 44.690525 ], [ -69.821485, 44.690047 ], [ -69.817894, 44.688928 ], [ -69.818792, 44.688425 ], [ -69.819304, 44.684972 ], [ -69.816483, 44.683052 ], [ -69.815842, 44.68168 ], [ -69.815621, 44.677807 ], [ -69.812246, 44.675559 ], [ -69.811741, 44.674682 ], [ -69.805771, 44.675688 ], [ -69.803576, 44.68494 ], [ -69.798503, 44.693989 ], [ -69.795041, 44.692014 ], [ -69.7894, 44.69087 ], [ -69.784111, 44.688239 ], [ -69.778631, 44.686363 ], [ -69.775233, 44.685699 ], [ -69.770171, 44.683456 ], [ -69.76735, 44.683752 ], [ -69.764756, 44.682219 ], [ -69.76402, 44.680871 ], [ -69.762962, 44.681168 ], [ -69.759338, 44.684161 ], [ -69.755843, 44.685349 ], [ -69.753087, 44.685782 ], [ -69.753983, 44.686856 ], [ -69.758819, 44.69054 ], [ -69.761125, 44.692919 ], [ -69.762503, 44.693331 ], [ -69.763623, 44.695252 ], [ -69.759294, 44.697308 ], [ -69.759773, 44.699138 ], [ -69.780185, 44.710364 ], [ -69.769779, 44.714322 ], [ -69.74594, 44.717466 ], [ -69.743687, 44.718498 ], [ -69.739499, 44.721573 ], [ -69.747438, 44.749294 ], [ -69.739004, 44.754436 ], [ -69.742363, 44.75681 ], [ -69.748535, 44.753135 ], [ -69.75208, 44.749829 ], [ -69.753423, 44.747804 ], [ -69.756907, 44.745628 ], [ -69.760799, 44.74409 ], [ -69.765586, 44.743177 ], [ -69.768821, 44.741107 ], [ -69.77394, 44.733708 ], [ -69.779738, 44.726909 ], [ -69.779246, 44.728763 ], [ -69.78109, 44.729209 ], [ -69.783424, 44.727464 ], [ -69.784652, 44.727769 ], [ -69.785172, 44.732048 ], [ -69.786903, 44.735203 ], [ -69.7935, 44.7386 ], [ -69.795964, 44.740722 ], [ -69.797274, 44.743318 ], [ -69.798772, 44.741417 ], [ -69.798691, 44.722521 ], [ -69.797476, 44.717948 ], [ -69.797262, 44.716484 ], [ -69.80257, 44.716045 ], [ -69.806065, 44.716343 ], [ -69.81219, 44.720596 ], [ -69.820562, 44.729901 ], [ -69.824284, 44.733628 ], [ -69.827011, 44.735617 ], [ -69.832499, 44.740303 ], [ -69.833846, 44.739228 ], [ -69.832273, 44.737718 ], [ -69.832444, 44.735544 ], [ -69.825601, 44.727015 ], [ -69.822218, 44.723274 ], [ -69.824603, 44.721114 ], [ -69.823382, 44.716029 ], [ -69.82405, 44.713083 ], [ -69.816701, 44.710463 ], [ -69.810717, 44.707566 ], [ -69.811149, 44.707401 ], [ -69.834216, 44.700899 ], [ -69.831264, 44.69757 ] ] ] ] } },
{ "type": "Feature", "properties": { "GEOID": "2345985", "NAME": "Milo", "NAMELSAD": "Milo CDP", "STUSPS": "ME", "STATE_NAME": "Maine", "LSAD": "57", "place_type": "CDP", "population": 1347.0, "moe": 233.0 }, "geometry": { "type": "MultiPolygon", "coordinates": [ [ [ [ -69.021703, 45.26333 ], [ -69.0188, 45.260739 ], [ -69.01575, 45.256503 ], [ -69.01442, 45.255202 ], [ -69.008296, 45.244707 ], [ -69.001928, 45.23669 ], [ -68.999348, 45.233931 ], [ -68.996272, 45.229866 ], [ -69.009462, 45.226608 ], [ -69.011786, 45.225609 ], [ -69.008008, 45.223367 ], [ -69.006383, 45.224814 ], [ -69.00277, 45.22401 ], [ -68.998865, 45.223959 ], [ -68.99347, 45.22573 ], [ -68.991991, 45.228509 ], [ -68.990923, 45.22908 ], [ -68.985519, 45.229773 ], [ -68.982061, 45.2291 ], [ -68.979387, 45.227281 ], [ -68.976313, 45.226485 ], [ -68.970756, 45.227183 ], [ -68.966112, 45.228471 ], [ -68.963966, 45.229426 ], [ -68.962759, 45.23099 ], [ -68.962028, 45.23356 ], [ -68.958484, 45.233587 ], [ -68.954642, 45.23431 ], [ -68.948988, 45.234827 ], [ -68.945635, 45.23476 ], [ -68.939284, 45.233013 ], [ -68.934994, 45.23377 ], [ -68.93279, 45.234769 ], [ -68.927485, 45.235325 ], [ -68.923233, 45.233814 ], [ -68.920937, 45.231499 ], [ -68.919132, 45.231134 ], [ -68.917049, 45.231788 ], [ -68.916671, 45.232763 ], [ -68.919967, 45.237526 ], [ -68.91972, 45.23874 ], [ -68.916845, 45.240191 ], [ -68.917446, 45.242251 ], [ -68.921097, 45.239798 ], [ -68.92454, 45.239054 ], [ -68.927114, 45.239464 ], [ -68.929921, 45.241087 ], [ -68.93205, 45.243785 ], [ -68.935776, 45.245474 ], [ -68.936211, 45.246838 ], [ -68.934677, 45.2478 ], [ -68.932578, 45.246765 ], [ -68.930601, 45.247115 ], [ -68.930206, 45.248005 ], [ -68.932026, 45.249201 ], [ -68.934209, 45.249654 ], [ -68.937631, 45.248597 ], [ -68.941533, 45.250452 ], [ -68.944652, 45.249264 ], [ -68.946507, 45.24969 ], [ -68.94907, 45.251638 ], [ -68.949329, 45.253271 ], [ -68.948536, 45.255078 ], [ -68.945332, 45.259374 ], [ -68.946091, 45.259921 ], [ -68.947802, 45.257862 ], [ -68.949869, 45.257496 ], [ -68.952055, 45.258681 ], [ -68.949113, 45.259549 ], [ -68.954142, 45.261836 ], [ -68.956843, 45.260565 ], [ -68.957648, 45.261097 ], [ -68.957415, 45.263422 ], [ -68.960624, 45.263289 ], [ -68.961719, 45.261221 ], [ -68.965297, 45.262052 ], [ -68.967188, 45.264894 ], [ -68.970364, 45.266761 ], [ -68.972289, 45.265773 ], [ -68.980431, 45.258433 ], [ -68.981992, 45.259405 ], [ -68.985416, 45.258388 ], [ -68.986181, 45.260508 ], [ -68.988333, 45.260938 ], [ -68.997356, 45.269568 ], [ -68.998651, 45.262018 ], [ -68.998711, 45.260248 ], [ -68.996716, 45.255912 ], [ -68.992741, 45.252931 ], [ -68.991521, 45.25078 ], [ -68.994462, 45.253098 ], [ -68.99742, 45.254381 ], [ -68.999888, 45.256308 ], [ -69.003278, 45.257689 ], [ -69.008307, 45.260933 ], [ -69.007542, 45.263607 ], [ -69.008362, 45.265632 ], [ -69.010706, 45.267198 ], [ -69.013606, 45.267761 ], [ -69.015572, 45.269021 ], [ -69.016936, 45.270987 ], [ -69.020461, 45.269155 ], [ -69.023818, 45.268147 ], [ -69.021703, 45.26333 ] ] ] ] } },
{ "type": "Feature", "properties": { "GEOID": "2341925", "NAME": "Machias", "NAMELSAD": "Machias CDP", "STUSPS": "ME", "STATE_NAME": "Maine", "LSAD": "57", "place_type": "CDP", "population": 1316.0, "moe": 152.0 }, "geometry": { "type": "MultiPolygon", "coordinates": [ [ [ [ -67.499579, 44.717464 ], [ -67.492069, 44.701571 ], [ -67.487084, 44.69108 ], [ -67.485579, 44.686105 ], [ -67.479756, 44.692337 ], [ -67.458922, 44.709059 ], [ -67.456961, 44.706652 ], [ -67.455284, 44.706936 ], [ -67.455291, 44.708287 ], [ -67.453985, 44.708843 ], [ -67.448963, 44.708471 ], [ -67.44825, 44.710302 ], [ -67.448708, 44.711828 ], [ -67.450604, 44.713066 ], [ -67.450971, 44.714471 ], [ -67.446714, 44.713466 ], [ -67.446132, 44.714785 ], [ -67.448133, 44.717992 ], [ -67.449277, 44.719959 ], [ -67.45248, 44.719546 ], [ -67.458572, 44.719849 ], [ -67.470297, 44.718127 ], [ -67.47809, 44.718547 ], [ -67.481035, 44.717746 ], [ -67.484593, 44.71525 ], [ -67.488033, 44.714694 ], [ -67.493661, 44.715589 ], [ -67.499579, 44.717464 ] ] ] ] } },
{ "type": "Feature", "properties": { "GEOID": "2336710", "NAME": "Kennebunkport", "NAMELSAD": "Kennebunkport CDP", "STUSPS": "ME", "STATE_NAME": "Maine", "LSAD": "57", "place_type": "CDP", "population": 1276.0, "moe": 330.0 }, "geometry": { "type": "MultiPolygon", "coordinates": [ [ [ [ -70.479634, 43.362602 ], [ -70.478204, 43.360946 ], [ -70.477303, 43.358504 ], [ -70.474492, 43.355636 ], [ -70.474071, 43.354552 ], [ -70.474788, 43.351518 ], [ -70.473968, 43.34884 ], [ -70.4757429, 43.3471499 ], [ -70.474323, 43.347123 ], [ -70.472494, 43.342714 ], [ -70.465795, 43.340806 ], [ -70.462615, 43.344495 ], [ -70.4619448, 43.3445045 ], [ -70.461488, 43.344511 ], [ -70.46042, 43.342664 ], [ -70.4602121, 43.3425582 ], [ -70.459632, 43.342263 ], [ -70.4591139, 43.3425221 ], [ -70.458704, 43.342727 ], [ -70.456984, 43.345768 ], [ -70.4542306, 43.3462099 ], [ -70.4516013, 43.346632 ], [ -70.45119, 43.346698 ], [ -70.450011, 43.350915 ], [ -70.445676, 43.353811 ], [ -70.44436, 43.355389 ], [ -70.447526, 43.359505 ], [ -70.446681, 43.36074 ], [ -70.44816, 43.365273 ], [ -70.44975, 43.368557 ], [ -70.451378, 43.370156 ], [ -70.450071, 43.370989 ], [ -70.452709, 43.371637 ], [ -70.455994, 43.374101 ], [ -70.458065, 43.375112 ], [ -70.463907, 43.376598 ], [ -70.466139, 43.377958 ], [ -70.47096, 43.379279 ], [ -70.471612, 43.378264 ], [ -70.475369, 43.37494 ], [ -70.473632, 43.37174 ], [ -70.473095, 43.369679 ], [ -70.476987, 43.371246 ], [ -70.479306, 43.370517 ], [ -70.479291, 43.37018 ], [ -70.480178, 43.367327 ], [ -70.479634, 43.362602 ] ] ] ] } },
{ "type": "Feature", "properties": { "GEOID": "2321730", "NAME": "Eastport", "NAMELSAD": "Eastport city", "STUSPS": "ME", "STATE_NAME": "Maine", "LSAD": "25", "place_type": "Incorporated place", "population": 1263.0, "moe": 154.0 }, "geometry": { "type": "MultiPolygon", "coordinates": [ [ [ [ -67.052269, 44.910846 ], [ -67.047759, 44.910472 ], [ -67.042232, 44.908946 ], [ -67.036345, 44.906217 ], [ -67.033311, 44.905309 ], [ -67.029294, 44.903493 ], [ -67.026587, 44.901016 ], [ -67.024398, 44.898152 ], [ -67.020386, 44.894148 ], [ -67.013595, 44.890853 ], [ -67.006152, 44.887914 ], [ -67.004465, 44.887534 ], [ -66.998098, 44.887305 ], [ -66.998554, 44.874152 ], [ -66.9859229, 44.8739488 ], [ -66.987394, 44.880389 ], [ -66.990351, 44.882551 ], [ -66.994762, 44.89184 ], [ -66.992148, 44.894029 ], [ -66.989235, 44.89648 ], [ -66.985901, 44.89715 ], [ -66.984067, 44.898238 ], [ -66.983558, 44.903277 ], [ -66.983116, 44.907666 ], [ -66.984466, 44.912557 ], [ -66.98787, 44.916082 ], [ -66.990937, 44.917835 ], [ -67.000467, 44.919785 ], [ -67.003794, 44.920795 ], [ -67.004745, 44.923151 ], [ -67.01449, 44.925843 ], [ -67.015975, 44.928156 ], [ -67.014015, 44.930218 ], [ -67.010925, 44.933079 ], [ -67.010449, 44.935266 ], [ -67.014252, 44.937117 ], [ -67.021582, 44.937349 ], [ -67.023284, 44.938968 ], [ -67.027325, 44.939304 ], [ -67.033474, 44.939923 ], [ -67.032554, 44.944351 ], [ -67.038299, 44.945433 ], [ -67.038528, 44.9480714 ], [ -67.040013, 44.947735 ], [ -67.044462, 44.946703 ], [ -67.045484, 44.946171 ], [ -67.046612, 44.944516 ], [ -67.048828, 44.938613 ], [ -67.04992, 44.93752 ], [ -67.050192, 44.936314 ], [ -67.052269, 44.910846 ] ] ] ] } },
{ "type": "Feature", "properties": { "GEOID": "2334225", "NAME": "Howland", "NAMELSAD": "Howland CDP", "STUSPS": "ME", "STATE_NAME": "Maine", "LSAD": "57", "place_type": "CDP", "population": 1235.0, "moe": 307.0 }, "geometry": { "type": "MultiPolygon", "coordinates": [ [ [ [ -68.695037, 45.255416 ], [ -68.692317, 45.253625 ], [ -68.691344, 45.252115 ], [ -68.682424, 45.235011 ], [ -68.676796, 45.236162 ], [ -68.674685, 45.220756 ], [ -68.67454, 45.217855 ], [ -68.675283, 45.21458 ], [ -68.647217, 45.219067 ], [ -68.648086, 45.221725 ], [ -68.651325, 45.22368 ], [ -68.65295, 45.22598 ], [ -68.653233, 45.22752 ], [ -68.652228, 45.230776 ], [ -68.652118, 45.233206 ], [ -68.652791, 45.235701 ], [ -68.654967, 45.238588 ], [ -68.655203, 45.240209 ], [ -68.655035, 45.241937 ], [ -68.65449, 45.240099 ], [ -68.653667, 45.239962 ], [ -68.654405, 45.243344 ], [ -68.654388, 45.247512 ], [ -68.651344, 45.249339 ], [ -68.649934, 45.250761 ], [ -68.649236, 45.254241 ], [ -68.646679, 45.25658 ], [ -68.645867, 45.258076 ], [ -68.645507, 45.262954 ], [ -68.646654, 45.266976 ], [ -68.64667, 45.270478 ], [ -68.644154, 45.272473 ], [ -68.643983, 45.277041 ], [ -68.641757, 45.281264 ], [ -68.641688, 45.288384 ], [ -68.642533, 45.292231 ], [ -68.643538, 45.293534 ], [ -68.647601, 45.291855 ], [ -68.659908, 45.289761 ], [ -68.661852, 45.289023 ], [ -68.663072, 45.287997 ], [ -68.676669, 45.271031 ], [ -68.677483, 45.267057 ], [ -68.679042, 45.26779 ], [ -68.67949, 45.265444 ], [ -68.684164, 45.26545 ], [ -68.686273, 45.264042 ], [ -68.689173, 45.259369 ], [ -68.691392, 45.257872 ], [ -68.698341, 45.256253 ], [ -68.695037, 45.255416 ] ] ] ] } },
{ "type": "Feature", "properties": { "GEOID": "2366600", "NAME": "Searsport", "NAMELSAD": "Searsport CDP", "STUSPS": "ME", "STATE_NAME": "Maine", "LSAD": "57", "place_type": "CDP", "population": 1218.0, "moe": 301.0 }, "geometry": { "type": "MultiPolygon", "coordinates": [ [ [ [ -68.948477, 44.464851 ], [ -68.939948, 44.46126 ], [ -68.931519, 44.455023 ], [ -68.932427, 44.451778 ], [ -68.934212, 44.447666 ], [ -68.933221, 44.447419 ], [ -68.929758, 44.44449 ], [ -68.9281274, 44.44468 ], [ -68.927675, 44.445392 ], [ -68.927452, 44.448039 ], [ -68.926842, 44.451211 ], [ -68.923752, 44.452738 ], [ -68.921613, 44.45664 ], [ -68.916146, 44.453756 ], [ -68.911868, 44.454435 ], [ -68.907724, 44.451032 ], [ -68.900934, 44.452062 ], [ -68.897104, 44.450643 ], [ -68.8960464, 44.4494725 ], [ -68.89281, 44.455086 ], [ -68.890539, 44.457006 ], [ -68.890103, 44.458096 ], [ -68.893801, 44.464955 ], [ -68.896577, 44.467312 ], [ -68.898112, 44.46938 ], [ -68.899971, 44.469696 ], [ -68.900206, 44.471254 ], [ -68.902951, 44.473246 ], [ -68.904597, 44.473454 ], [ -68.907466, 44.477697 ], [ -68.908228, 44.479543 ], [ -68.910812, 44.481679 ], [ -68.910013, 44.483713 ], [ -68.909938, 44.486063 ], [ -68.911192, 44.487693 ], [ -68.913293, 44.488505 ], [ -68.913517, 44.489585 ], [ -68.916666, 44.492226 ], [ -68.916202, 44.492882 ], [ -68.91791, 44.494818 ], [ -68.919825, 44.493036 ], [ -68.923722, 44.485847 ], [ -68.924694, 44.484718 ], [ -68.930681, 44.481011 ], [ -68.938232, 44.477391 ], [ -68.941197, 44.475922 ], [ -68.945268, 44.472703 ], [ -68.946322, 44.469579 ], [ -68.948767, 44.465911 ], [ -68.948477, 44.464851 ] ] ] ] } },
{ "type": "Feature", "properties": { "GEOID": "2372900", "NAME": "South Windham", "NAMELSAD": "South Windham CDP", "STUSPS": "ME", "STATE_NAME": "Maine", "LSAD": "57", "place_type": "CDP", "population": 1212.0, "moe": 321.0 }, "geometry": { "type": "MultiPolygon", "coordinates": [ [ [ [ -70.439466, 43.746008 ], [ -70.438376, 43.741229 ], [ -70.437324, 43.739265 ], [ -70.435765, 43.738861 ], [ -70.43531, 43.740397 ], [ -70.432343, 43.741164 ], [ -70.427528, 43.737497 ], [ -70.427333, 43.734559 ], [ -70.425783, 43.73407 ], [ -70.424851, 43.73405 ], [ -70.423632, 43.733502 ], [ -70.422505, 43.729069 ], [ -70.418548, 43.726381 ], [ -70.415507, 43.722421 ], [ -70.413179, 43.72079 ], [ -70.412333, 43.722008 ], [ -70.409098, 43.722859 ], [ -70.40933, 43.725429 ], [ -70.407876, 43.725419 ], [ -70.406257, 43.726563 ], [ -70.407422, 43.727511 ], [ -70.418185, 43.738149 ], [ -70.425241, 43.745262 ], [ -70.424736, 43.749937 ], [ -70.42502, 43.756098 ], [ -70.43352, 43.749874 ], [ -70.438507, 43.747639 ], [ -70.439466, 43.746008 ] ] ] ] } },
{ "type": "Feature", "properties": { "GEOID": "2356240", "NAME": "Oxford", "NAMELSAD": "Oxford CDP", "STUSPS": "ME", "STATE_NAME": "Maine", "LSAD": "57", "place_type": "CDP", "population": 1106.0, "moe": 373.0 }, "geometry": { "type": "MultiPolygon", "coordinates": [ [ [ [ -70.552013, 44.153144 ], [ -70.507956, 44.108019 ], [ -70.507442, 44.107477 ], [ -70.491001, 44.111202 ], [ -70.486056, 44.11282 ], [ -70.484249, 44.113122 ], [ -70.485671, 44.117585 ], [ -70.48406, 44.116076 ], [ -70.475798, 44.109673 ], [ -70.475289, 44.11255 ], [ -70.477015, 44.116676 ], [ -70.480079, 44.121197 ], [ -70.48124, 44.126858 ], [ -70.47824, 44.128144 ], [ -70.480572, 44.129554 ], [ -70.478209, 44.128468 ], [ -70.475502, 44.128694 ], [ -70.473528, 44.12791 ], [ -70.472071, 44.129727 ], [ -70.472474, 44.131183 ], [ -70.474389, 44.131021 ], [ -70.477315, 44.131994 ], [ -70.478526, 44.131413 ], [ -70.48073, 44.132075 ], [ -70.481512, 44.134182 ], [ -70.483432, 44.135395 ], [ -70.487713, 44.135665 ], [ -70.489842, 44.136914 ], [ -70.488174, 44.138768 ], [ -70.486463, 44.139974 ], [ -70.480527, 44.142252 ], [ -70.477779, 44.144376 ], [ -70.477848, 44.144447 ], [ -70.498928, 44.16354 ], [ -70.499299, 44.163882 ], [ -70.502573, 44.164096 ], [ -70.505333, 44.161731 ], [ -70.504875, 44.160127 ], [ -70.505933, 44.159614 ], [ -70.505969, 44.157926 ], [ -70.508022, 44.157857 ], [ -70.508719, 44.159691 ], [ -70.510389, 44.160776 ], [ -70.511028, 44.16228 ], [ -70.509949, 44.163795 ], [ -70.510493, 44.164712 ], [ -70.513473, 44.163514 ], [ -70.514822, 44.164176 ], [ -70.519593, 44.164191 ], [ -70.521549, 44.163156 ], [ -70.523546, 44.163134 ], [ -70.529441, 44.165181 ], [ -70.529116, 44.164435 ], [ -70.533167, 44.16129 ], [ -70.53778, 44.158844 ], [ -70.548446, 44.154225 ], [ -70.552013, 44.153144 ] ] ] ] } },
{ "type": "Feature", "properties": { "GEOID": "2316200", "NAME": "Damariscotta", "NAMELSAD": "Damariscotta CDP", "STUSPS": "ME", "STATE_NAME": "Maine", "LSAD": "57", "place_type": "CDP", "population": 1100.0, "moe": 239.0 }, "geometry": { "type": "MultiPolygon", "coordinates": [ [ [ [ -69.545159, 44.012827 ], [ -69.544744, 44.011695 ], [ -69.541016, 44.008814 ], [ -69.540892, 44.004321 ], [ -69.506812, 44.007956 ], [ -69.504634, 44.031294 ], [ -69.504473, 44.032153 ], [ -69.50317, 44.035886 ], [ -69.503295, 44.035904 ], [ -69.503026, 44.03603 ], [ -69.500114, 44.046893 ], [ -69.503827, 44.04728 ], [ -69.50647, 44.048061 ], [ -69.508729, 44.045573 ], [ -69.511071, 44.044302 ], [ -69.514009, 44.043732 ], [ -69.515835, 44.040559 ], [ -69.517992, 44.040225 ], [ -69.519568, 44.039174 ], [ -69.52642, 44.03718 ], [ -69.533876, 44.033557 ], [ -69.537557, 44.026972 ], [ -69.540824, 44.024219 ], [ -69.542175, 44.022142 ], [ -69.544809, 44.015224 ], [ -69.545159, 44.012827 ] ] ] ] } },
{ "type": "Feature", "properties": { "GEOID": "2339265", "NAME": "Limestone", "NAMELSAD": "Limestone CDP", "STUSPS": "ME", "STATE_NAME": "Maine", "LSAD": "57", "place_type": "CDP", "population": 1079.0, "moe": 263.0 }, "geometry": { "type": "MultiPolygon", "coordinates": [ [ [ [ -67.852115, 46.899725 ], [ -67.82533, 46.900045 ], [ -67.825324, 46.899621 ], [ -67.821215, 46.90179 ], [ -67.81611, 46.902699 ], [ -67.811189, 46.90531 ], [ -67.813832, 46.907682 ], [ -67.807342, 46.907769 ], [ -67.807509, 46.919296 ], [ -67.811999, 46.917803 ], [ -67.814264, 46.916417 ], [ -67.815982, 46.916529 ], [ -67.82519, 46.920717 ], [ -67.826119, 46.918214 ], [ -67.828169, 46.919966 ], [ -67.825073, 46.924762 ], [ -67.831201, 46.924842 ], [ -67.831282, 46.929355 ], [ -67.842039, 46.929255 ], [ -67.841991, 46.925842 ], [ -67.833957, 46.919724 ], [ -67.837046, 46.916121 ], [ -67.83712, 46.914513 ], [ -67.852391, 46.914337 ], [ -67.852115, 46.899725 ] ] ] ] } },
{ "type": "Feature", "properties": { "GEOID": "2386725", "NAME": "Winterport", "NAMELSAD": "Winterport CDP", "STUSPS": "ME", "STATE_NAME": "Maine", "LSAD": "57", "place_type": "CDP", "population": 1057.0, "moe": 302.0 }, "geometry": { "type": "MultiPolygon", "coordinates": [ [ [ [ -68.889948, 44.644107 ], [ -68.885045, 44.639355 ], [ -68.883969, 44.639273 ], [ -68.879144, 44.636495 ], [ -68.878002, 44.634279 ], [ -68.875545, 44.632512 ], [ -68.872714, 44.628822 ], [ -68.872351, 44.626643 ], [ -68.867356, 44.62459 ], [ -68.863199, 44.620529 ], [ -68.845722, 44.61484 ], [ -68.847203, 44.617952 ], [ -68.847533, 44.6215 ], [ -68.846945, 44.625307 ], [ -68.845456, 44.627938 ], [ -68.83914, 44.635095 ], [ -68.837237, 44.637798 ], [ -68.834331, 44.642511 ], [ -68.833536, 44.644585 ], [ -68.832788, 44.648788 ], [ -68.831627, 44.651609 ], [ -68.82591, 44.65859 ], [ -68.828287, 44.659773 ], [ -68.829357, 44.66103 ], [ -68.831662, 44.661851 ], [ -68.831549, 44.665712 ], [ -68.832782, 44.667706 ], [ -68.838843, 44.674573 ], [ -68.843324, 44.672282 ], [ -68.851349, 44.666866 ], [ -68.856559, 44.6629 ], [ -68.862936, 44.658441 ], [ -68.863889, 44.659705 ], [ -68.868421, 44.653633 ], [ -68.871792, 44.655272 ], [ -68.881782, 44.658086 ], [ -68.882383, 44.654299 ], [ -68.883973, 44.652563 ], [ -68.888225, 44.650104 ], [ -68.890552, 44.646821 ], [ -68.889948, 44.644107 ] ] ] ] } },
{ "type": "Feature", "properties": { "GEOID": "2306085", "NAME": "Boothbay Harbor", "NAMELSAD": "Boothbay Harbor CDP", "STUSPS": "ME", "STATE_NAME": "Maine", "LSAD": "57", "place_type": "CDP", "population": 1047.0, "moe": 185.0 }, "geometry": { "type": "MultiPolygon", "coordinates": [ [ [ [ -69.635824, 43.855277 ], [ -69.63587, 43.854923 ], [ -69.634659, 43.853479 ], [ -69.632393, 43.852479 ], [ -69.632879, 43.851359 ], [ -69.635358, 43.851193 ], [ -69.634488, 43.849554 ], [ -69.632282, 43.84863 ], [ -69.628893, 43.849292 ], [ -69.626769, 43.850565 ], [ -69.626002, 43.853193 ], [ -69.623179, 43.852452 ], [ -69.624064, 43.850743 ], [ -69.623414, 43.850532 ], [ -69.623822, 43.848914 ], [ -69.623122, 43.846515 ], [ -69.621237, 43.846955 ], [ -69.615998, 43.850212 ], [ -69.614773, 43.853054 ], [ -69.613317, 43.854186 ], [ -69.613758, 43.859765 ], [ -69.612213, 43.86179 ], [ -69.612012, 43.864997 ], [ -69.623494, 43.860447 ], [ -69.626182, 43.859869 ], [ -69.626965, 43.861493 ], [ -69.631378, 43.861069 ], [ -69.632578, 43.858118 ], [ -69.6359, 43.856479 ], [ -69.635824, 43.855277 ] ] ] ] } },
{ "type": "Feature", "properties": { "GEOID": "2314450", "NAME": "Cornish", "NAMELSAD": "Cornish CDP", "STUSPS": "ME", "STATE_NAME": "Maine", "LSAD": "57", "place_type": "CDP", "population": 1024.0, "moe": 364.0 }, "geometry": { "type": "MultiPolygon", "coordinates": [ [ [ [ -70.822948, 43.794356 ], [ -70.823169, 43.792624 ], [ -70.824314, 43.791008 ], [ -70.82242, 43.790355 ], [ -70.81831, 43.790872 ], [ -70.815568, 43.78887 ], [ -70.81362, 43.788236 ], [ -70.797465, 43.795417 ], [ -70.794191, 43.796708 ], [ -70.79114, 43.795201 ], [ -70.789482, 43.795952 ], [ -70.78658, 43.793105 ], [ -70.785514, 43.790642 ], [ -70.783529, 43.790347 ], [ -70.78044, 43.788472 ], [ -70.777756, 43.788472 ], [ -70.773988, 43.790124 ], [ -70.771502, 43.793314 ], [ -70.771216, 43.795277 ], [ -70.769842, 43.795846 ], [ -70.77513, 43.800734 ], [ -70.780335, 43.803516 ], [ -70.781689, 43.809874 ], [ -70.781348, 43.812238 ], [ -70.782984, 43.814147 ], [ -70.786063, 43.813457 ], [ -70.787786, 43.814254 ], [ -70.791669, 43.812874 ], [ -70.794619, 43.810176 ], [ -70.797594, 43.809445 ], [ -70.798058, 43.807979 ], [ -70.796924, 43.806295 ], [ -70.798652, 43.806281 ], [ -70.799272, 43.807775 ], [ -70.802013, 43.809438 ], [ -70.804079, 43.808049 ], [ -70.80556, 43.808275 ], [ -70.807075, 43.809808 ], [ -70.808856, 43.810239 ], [ -70.810032, 43.809631 ], [ -70.810119, 43.807631 ], [ -70.812115, 43.808626 ], [ -70.81217, 43.810745 ], [ -70.813992, 43.811432 ], [ -70.816014, 43.811351 ], [ -70.819356, 43.809708 ], [ -70.821334, 43.807435 ], [ -70.82493, 43.807629 ], [ -70.826283, 43.806889 ], [ -70.824697, 43.805834 ], [ -70.819528, 43.805553 ], [ -70.819918, 43.804434 ], [ -70.827455, 43.801493 ], [ -70.822948, 43.794356 ] ] ] ] } },
{ "type": "Feature", "properties": { "GEOID": "2329220", "NAME": "Greene", "NAMELSAD": "Greene CDP", "STUSPS": "ME", "STATE_NAME": "Maine", "LSAD": "57", "place_type": "CDP", "population": 1004.0, "moe": 371.0 }, "geometry": { "type": "MultiPolygon", "coordinates": [ [ [ [ -70.1644, 44.182217 ], [ -70.159486, 44.18302 ], [ -70.156791, 44.181523 ], [ -70.155406, 44.18317 ], [ -70.149248, 44.179539 ], [ -70.151313, 44.176193 ], [ -70.149741, 44.176423 ], [ -70.142717, 44.175684 ], [ -70.140702, 44.177381 ], [ -70.134157, 44.181162 ], [ -70.131409, 44.182346 ], [ -70.125733, 44.18707 ], [ -70.12022, 44.187631 ], [ -70.116741, 44.190163 ], [ -70.115591, 44.192855 ], [ -70.118718, 44.193772 ], [ -70.117941, 44.194937 ], [ -70.119508, 44.195651 ], [ -70.121424, 44.194966 ], [ -70.121889, 44.197257 ], [ -70.123367, 44.198419 ], [ -70.126244, 44.199283 ], [ -70.128259, 44.198073 ], [ -70.129337, 44.19913 ], [ -70.135958, 44.201144 ], [ -70.135839, 44.198609 ], [ -70.137627, 44.197468 ], [ -70.139461, 44.198329 ], [ -70.142156, 44.19642 ], [ -70.141819, 44.197917 ], [ -70.145289, 44.198615 ], [ -70.145252, 44.199327 ], [ -70.152486, 44.202821 ], [ -70.15849, 44.196095 ], [ -70.16085, 44.194527 ], [ -70.162722, 44.190438 ], [ -70.161948, 44.187795 ], [ -70.16197, 44.185589 ], [ -70.164174, 44.182809 ], [ -70.164078, 44.182532 ], [ -70.1644, 44.182217 ] ] ] ] } },
{ "type": "Feature", "properties": { "GEOID": "2311230", "NAME": "Castine", "NAMELSAD": "Castine CDP", "STUSPS": "ME", "STATE_NAME": "Maine", "LSAD": "57", "place_type": "CDP", "population": 996.0, "moe": 139.0 }, "geometry": { "type": "MultiPolygon", "coordinates": [ [ [ [ -68.820958, 44.383815 ], [ -68.819886, 44.381437 ], [ -68.8181075, 44.3814972 ], [ -68.814895, 44.381606 ], [ -68.8107145, 44.3811086 ], [ -68.809153, 44.38176 ], [ -68.806284, 44.383753 ], [ -68.803597, 44.384213 ], [ -68.796776, 44.386777 ], [ -68.794148, 44.390965 ], [ -68.790288, 44.393068 ], [ -68.789267, 44.394394 ], [ -68.789362, 44.396109 ], [ -68.788372, 44.399356 ], [ -68.788786, 44.400797 ], [ -68.790062, 44.40114 ], [ -68.792742, 44.399151 ], [ -68.799185, 44.39746 ], [ -68.80231, 44.396912 ], [ -68.804989, 44.397026 ], [ -68.803012, 44.400136 ], [ -68.801856, 44.400486 ], [ -68.803769, 44.402617 ], [ -68.802354, 44.404438 ], [ -68.806657, 44.407072 ], [ -68.807592, 44.408534 ], [ -68.81073, 44.406288 ], [ -68.810698, 44.405396 ], [ -68.808689, 44.405076 ], [ -68.808625, 44.402537 ], [ -68.8118338, 44.3993088 ], [ -68.811805, 44.39927 ], [ -68.812993, 44.395704 ], [ -68.817985, 44.395874 ], [ -68.8180319, 44.3958426 ], [ -68.821275, 44.39367 ], [ -68.820958, 44.383815 ] ] ] ] } },
{ "type": "Feature", "properties": { "GEOID": "2312770", "NAME": "Chisholm", "NAMELSAD": "Chisholm CDP", "STUSPS": "ME", "STATE_NAME": "Maine", "LSAD": "57", "place_type": "CDP", "population": 988.0, "moe": 408.0 }, "geometry": { "type": "MultiPolygon", "coordinates": [ [ [ [ -70.211378, 44.506835 ], [ -70.209073, 44.505459 ], [ -70.208387, 44.504175 ], [ -70.206467, 44.503374 ], [ -70.207893, 44.50197 ], [ -70.209154, 44.502073 ], [ -70.209267, 44.498699 ], [ -70.210087, 44.497751 ], [ -70.208178, 44.493413 ], [ -70.204551, 44.490939 ], [ -70.203257, 44.488846 ], [ -70.203208, 44.484887 ], [ -70.202722, 44.480951 ], [ -70.202082, 44.479707 ], [ -70.200214, 44.478176 ], [ -70.199758, 44.478262 ], [ -70.196313, 44.478742 ], [ -70.187103, 44.480023 ], [ -70.173452, 44.481725 ], [ -70.178083, 44.49407 ], [ -70.181687, 44.495555 ], [ -70.180459, 44.497482 ], [ -70.178437, 44.50265 ], [ -70.182565, 44.502626 ], [ -70.185864, 44.503876 ], [ -70.189277, 44.501438 ], [ -70.195009, 44.500927 ], [ -70.21094, 44.507633 ], [ -70.211378, 44.506835 ] ] ] ] } },
{ "type": "Feature", "properties": { "GEOID": "2328835", "NAME": "Gray", "NAMELSAD": "Gray CDP", "STUSPS": "ME", "STATE_NAME": "Maine", "LSAD": "57", "place_type": "CDP", "population": 938.0, "moe": 460.0 }, "geometry": { "type": "MultiPolygon", "coordinates": [ [ [ [ -70.341292, 43.892958 ], [ -70.340073, 43.890224 ], [ -70.336094, 43.883585 ], [ -70.328556, 43.871197 ], [ -70.325985, 43.870957 ], [ -70.322525, 43.869777 ], [ -70.31881, 43.867503 ], [ -70.315143, 43.868221 ], [ -70.311548, 43.866681 ], [ -70.308978, 43.866074 ], [ -70.309761, 43.868654 ], [ -70.305627, 43.874043 ], [ -70.303096, 43.878321 ], [ -70.300302, 43.881183 ], [ -70.304939, 43.88115 ], [ -70.312647, 43.885352 ], [ -70.319603, 43.886256 ], [ -70.3183, 43.888111 ], [ -70.320939, 43.889468 ], [ -70.316205, 43.896576 ], [ -70.325398, 43.901312 ], [ -70.323509, 43.9035 ], [ -70.324537, 43.907794 ], [ -70.32517, 43.906762 ], [ -70.330615, 43.909298 ], [ -70.33411, 43.90959 ], [ -70.335935, 43.908361 ], [ -70.337063, 43.9049 ], [ -70.337501, 43.899417 ], [ -70.336429, 43.898083 ], [ -70.339897, 43.896943 ], [ -70.341756, 43.897398 ], [ -70.341292, 43.892958 ] ] ] ] } },
{ "type": "Feature", "properties": { "GEOID": "2337375", "NAME": "Kittery Point", "NAMELSAD": "Kittery Point CDP", "STUSPS": "ME", "STATE_NAME": "Maine", "LSAD": "57", "place_type": "CDP", "population": 935.0, "moe": 432.0 }, "geometry": { "type": "MultiPolygon", "coordinates": [ [ [ [ -70.7203013, 43.07467 ], [ -70.706503, 43.075329 ], [ -70.7061144, 43.0730844 ], [ -70.701478, 43.076987 ], [ -70.699031, 43.079526 ], [ -70.693477, 43.083333 ], [ -70.690292, 43.084377 ], [ -70.685417, 43.084634 ], [ -70.679149, 43.08566 ], [ -70.676614, 43.08662 ], [ -70.676061, 43.087386 ], [ -70.675449, 43.091516 ], [ -70.677888, 43.091712 ], [ -70.678993, 43.092223 ], [ -70.678556, 43.095668 ], [ -70.675183, 43.099799 ], [ -70.675721, 43.101875 ], [ -70.677982, 43.100107 ], [ -70.681133, 43.101013 ], [ -70.683039, 43.100227 ], [ -70.688368, 43.100051 ], [ -70.691058, 43.099417 ], [ -70.698354, 43.098494 ], [ -70.699199, 43.098774 ], [ -70.700017, 43.101699 ], [ -70.706752, 43.094893 ], [ -70.706224, 43.094672 ], [ -70.709613, 43.093381 ], [ -70.711003, 43.091873 ], [ -70.718897, 43.090488 ], [ -70.718844, 43.083304 ], [ -70.7203013, 43.07467 ] ] ] ] } },
{ "type": "Feature", "properties": { "GEOID": "2387250", "NAME": "Woodland", "NAMELSAD": "Woodland CDP", "STUSPS": "ME", "STATE_NAME": "Maine", "LSAD": "57", "place_type": "CDP", "population": 932.0, "moe": 162.0 }, "geometry": { "type": "MultiPolygon", "coordinates": [ [ [ [ -67.431498, 45.160788 ], [ -67.417741, 45.154251 ], [ -67.411638, 45.147693 ], [ -67.405156, 45.146006 ], [ -67.403836, 45.147574 ], [ -67.403077, 45.150989 ], [ -67.400036, 45.151298 ], [ -67.397847, 45.152847 ], [ -67.394001, 45.152936 ], [ -67.392311, 45.153827 ], [ -67.3923597, 45.1548506 ], [ -67.404629, 45.159926 ], [ -67.40537, 45.162852 ], [ -67.40537, 45.164864 ], [ -67.404658, 45.166944 ], [ -67.4044113, 45.1670295 ], [ -67.406308, 45.16888 ], [ -67.407007, 45.171951 ], [ -67.409759, 45.175064 ], [ -67.409772, 45.173256 ], [ -67.413951, 45.171175 ], [ -67.415431, 45.167448 ], [ -67.415084, 45.165727 ], [ -67.412492, 45.165465 ], [ -67.410835, 45.163727 ], [ -67.410678, 45.161189 ], [ -67.415673, 45.161289 ], [ -67.418692, 45.159791 ], [ -67.420795, 45.162911 ], [ -67.42457, 45.161224 ], [ -67.425373, 45.1601 ], [ -67.429797, 45.162237 ], [ -67.431498, 45.160788 ] ] ] ] } },
{ "type": "Feature", "properties": { "GEOID": "2387040", "NAME": "Wiscasset", "NAMELSAD": "Wiscasset CDP", "STUSPS": "ME", "STATE_NAME": "Maine", "LSAD": "57", "place_type": "CDP", "population": 898.0, "moe": 224.0 }, "geometry": { "type": "MultiPolygon", "coordinates": [ [ [ [ -69.697068, 44.000004 ], [ -69.696647, 43.998449 ], [ -69.692708, 43.998352 ], [ -69.689779, 43.99728 ], [ -69.689286, 43.996468 ], [ -69.691333, 43.993408 ], [ -69.693213, 43.992208 ], [ -69.693602, 43.990527 ], [ -69.69058, 43.990414 ], [ -69.689229, 43.989378 ], [ -69.68801, 43.990129 ], [ -69.685815, 43.988311 ], [ -69.683218, 43.99156 ], [ -69.681022, 43.991691 ], [ -69.678777, 43.989683 ], [ -69.678446, 43.988645 ], [ -69.673009, 43.990119 ], [ -69.669121, 43.990857 ], [ -69.669145, 43.993711 ], [ -69.670916, 43.993688 ], [ -69.673003, 43.991217 ], [ -69.674443, 43.990507 ], [ -69.675382, 43.99173 ], [ -69.674894, 43.994362 ], [ -69.67661, 43.995675 ], [ -69.676512, 43.996626 ], [ -69.672799, 43.998205 ], [ -69.665741, 43.999157 ], [ -69.663072, 44.002087 ], [ -69.663189, 44.003677 ], [ -69.661023, 44.00531 ], [ -69.653876, 44.00902 ], [ -69.662762, 44.004665 ], [ -69.663673, 44.005034 ], [ -69.660599, 44.007496 ], [ -69.660693, 44.008733 ], [ -69.657901, 44.009704 ], [ -69.657159, 44.011527 ], [ -69.658108, 44.01357 ], [ -69.656532, 44.016037 ], [ -69.654644, 44.016916 ], [ -69.653086, 44.019118 ], [ -69.651945, 44.021811 ], [ -69.653373, 44.021508 ], [ -69.650099, 44.023928 ], [ -69.647152, 44.027566 ], [ -69.648525, 44.029108 ], [ -69.664947, 44.03139 ], [ -69.671859, 44.029172 ], [ -69.673127, 44.028765 ], [ -69.679929, 44.029659 ], [ -69.681806, 44.025196 ], [ -69.680497, 44.024571 ], [ -69.684115, 44.022299 ], [ -69.684031, 44.018725 ], [ -69.685733, 44.013988 ], [ -69.688427, 44.010541 ], [ -69.691932, 44.008909 ], [ -69.692472, 44.007406 ], [ -69.695024, 44.004681 ], [ -69.697018, 44.003314 ], [ -69.697068, 44.000004 ] ] ] ] } },
{ "type": "Feature", "properties": { "GEOID": "2380250", "NAME": "Washburn", "NAMELSAD": "Washburn CDP", "STUSPS": "ME", "STATE_NAME": "Maine", "LSAD": "57", "place_type": "CDP", "population": 888.0, "moe": 140.0 }, "geometry": { "type": "MultiPolygon", "coordinates": [ [ [ [ -68.176628, 46.804095 ], [ -68.171702, 46.802643 ], [ -68.167535, 46.799814 ], [ -68.168379, 46.797974 ], [ -68.168837, 46.793202 ], [ -68.167961, 46.7916 ], [ -68.164334, 46.791415 ], [ -68.164408, 46.788866 ], [ -68.163262, 46.786693 ], [ -68.16382, 46.784163 ], [ -68.162865, 46.783472 ], [ -68.163373, 46.780344 ], [ -68.159332, 46.781984 ], [ -68.158674, 46.78208 ], [ -68.159143, 46.779648 ], [ -68.158127, 46.777385 ], [ -68.154709, 46.776221 ], [ -68.15148, 46.773195 ], [ -68.146767, 46.770315 ], [ -68.144701, 46.768657 ], [ -68.134549, 46.763304 ], [ -68.127887, 46.760308 ], [ -68.124221, 46.757719 ], [ -68.121603, 46.760692 ], [ -68.123364, 46.761512 ], [ -68.123737, 46.777933 ], [ -68.124793, 46.778591 ], [ -68.12361, 46.781734 ], [ -68.131348, 46.795549 ], [ -68.131403, 46.802581 ], [ -68.139437, 46.802496 ], [ -68.152148, 46.802541 ], [ -68.153819, 46.80633 ], [ -68.156259, 46.809979 ], [ -68.156218, 46.806905 ], [ -68.157812, 46.808369 ], [ -68.176637, 46.804517 ], [ -68.176628, 46.804095 ] ] ] ] } },
{ "type": "Feature", "properties": { "GEOID": "2306645", "NAME": "Bradley", "NAMELSAD": "Bradley CDP", "STUSPS": "ME", "STATE_NAME": "Maine", "LSAD": "57", "place_type": "CDP", "population": 845.0, "moe": 249.0 }, "geometry": { "type": "MultiPolygon", "coordinates": [ [ [ [ -68.639673, 44.89831 ], [ -68.631146, 44.895521 ], [ -68.625544, 44.89619 ], [ -68.624188, 44.897746 ], [ -68.607662, 44.922076 ], [ -68.60639, 44.92818 ], [ -68.628305, 44.925062 ], [ -68.636304, 44.923945 ], [ -68.631794, 44.920505 ], [ -68.630793, 44.918742 ], [ -68.631026, 44.916803 ], [ -68.636501, 44.91326 ], [ -68.638144, 44.911375 ], [ -68.638789, 44.909032 ], [ -68.638519, 44.906663 ], [ -68.637624, 44.904018 ], [ -68.638066, 44.900824 ], [ -68.639673, 44.89831 ] ] ] ] } },
{ "type": "Feature", "properties": { "GEOID": "2343675", "NAME": "Mars Hill", "NAMELSAD": "Mars Hill CDP", "STUSPS": "ME", "STATE_NAME": "Maine", "LSAD": "57", "place_type": "CDP", "population": 841.0, "moe": 188.0 }, "geometry": { "type": "MultiPolygon", "coordinates": [ [ [ [ -67.893222, 46.530321 ], [ -67.890627, 46.529054 ], [ -67.891561, 46.527666 ], [ -67.890022, 46.52515 ], [ -67.890845, 46.52213 ], [ -67.887258, 46.520263 ], [ -67.885655, 46.518251 ], [ -67.874402, 46.509336 ], [ -67.868354, 46.50938 ], [ -67.852726, 46.509494 ], [ -67.855669, 46.513157 ], [ -67.854155, 46.515905 ], [ -67.855399, 46.517182 ], [ -67.855627, 46.519531 ], [ -67.854485, 46.52307 ], [ -67.854488, 46.525481 ], [ -67.856943, 46.527159 ], [ -67.858183, 46.53025 ], [ -67.859933, 46.531496 ], [ -67.870499, 46.528664 ], [ -67.870616, 46.52878 ], [ -67.870992, 46.527069 ], [ -67.877856, 46.529793 ], [ -67.88053, 46.531145 ], [ -67.88138, 46.530213 ], [ -67.88525, 46.533749 ], [ -67.887986, 46.534113 ], [ -67.891928, 46.533886 ], [ -67.893088, 46.532904 ], [ -67.893222, 46.530321 ] ] ] ] } },
{ "type": "Feature", "properties": { "GEOID": "2329500", "NAME": "Greenville", "NAMELSAD": "Greenville CDP", "STUSPS": "ME", "STATE_NAME": "Maine", "LSAD": "57", "place_type": "CDP", "population": 840.0, "moe": 207.0 }, "geometry": { "type": "MultiPolygon", "coordinates": [ [ [ [ -69.621667, 45.46113 ], [ -69.620321, 45.457088 ], [ -69.619292, 45.45752 ], [ -69.61852, 45.459719 ], [ -69.616868, 45.458874 ], [ -69.592108, 45.452413 ], [ -69.588352, 45.452562 ], [ -69.584277, 45.451726 ], [ -69.575659, 45.448199 ], [ -69.566993, 45.443692 ], [ -69.56773, 45.445139 ], [ -69.569033, 45.445272 ], [ -69.570548, 45.446606 ], [ -69.569192, 45.447431 ], [ -69.566951, 45.450597 ], [ -69.565114, 45.452479 ], [ -69.564748, 45.455082 ], [ -69.567409, 45.461072 ], [ -69.565959, 45.464854 ], [ -69.565579, 45.467212 ], [ -69.564933, 45.476422 ], [ -69.563897, 45.477576 ], [ -69.567701, 45.480512 ], [ -69.575129, 45.484934 ], [ -69.575879, 45.486135 ], [ -69.578983, 45.488563 ], [ -69.577472, 45.491259 ], [ -69.579852, 45.491931 ], [ -69.580545, 45.489232 ], [ -69.584219, 45.4826 ], [ -69.589007, 45.482461 ], [ -69.588777, 45.480953 ], [ -69.593205, 45.480284 ], [ -69.594056, 45.482857 ], [ -69.597452, 45.482704 ], [ -69.59664, 45.482181 ], [ -69.597832, 45.479614 ], [ -69.596199, 45.478403 ], [ -69.593555, 45.478039 ], [ -69.595352, 45.475266 ], [ -69.595187, 45.474281 ], [ -69.605743, 45.472462 ], [ -69.606644, 45.4731 ], [ -69.606292, 45.474938 ], [ -69.608624, 45.474035 ], [ -69.60957, 45.472558 ], [ -69.607121, 45.472207 ], [ -69.620291, 45.469899 ], [ -69.62429, 45.469202 ], [ -69.621667, 45.46113 ] ] ] ] } },
{ "type": "Feature", "properties": { "GEOID": "2336885", "NAME": "Kezar Falls", "NAMELSAD": "Kezar Falls CDP", "STUSPS": "ME", "STATE_NAME": "Maine", "LSAD": "57", "place_type": "CDP", "population": 819.0, "moe": 219.0 }, "geometry": { "type": "MultiPolygon", "coordinates": [ [ [ [ -70.900482, 43.815067 ], [ -70.896356, 43.809958 ], [ -70.8935, 43.804914 ], [ -70.892111, 43.805668 ], [ -70.890654, 43.803252 ], [ -70.882089, 43.804764 ], [ -70.877976, 43.804637 ], [ -70.871094, 43.801781 ], [ -70.864084, 43.802293 ], [ -70.863557, 43.804477 ], [ -70.865429, 43.804473 ], [ -70.86407, 43.805953 ], [ -70.865527, 43.806553 ], [ -70.869564, 43.806794 ], [ -70.873376, 43.808227 ], [ -70.875924, 43.808303 ], [ -70.878665, 43.810342 ], [ -70.880657, 43.810858 ], [ -70.881243, 43.81233 ], [ -70.882726, 43.813954 ], [ -70.8856, 43.812878 ], [ -70.893593, 43.81357 ], [ -70.898327, 43.815476 ], [ -70.900482, 43.815067 ] ] ] ] } },
{ "type": "Feature", "properties": { "GEOID": "2305665", "NAME": "Blue Hill", "NAMELSAD": "Blue Hill CDP", "STUSPS": "ME", "STATE_NAME": "Maine", "LSAD": "57", "place_type": "CDP", "population": 799.0, "moe": 323.0 }, "geometry": { "type": "MultiPolygon", "coordinates": [ [ [ [ -68.612529, 44.407993 ], [ -68.608036, 44.399265 ], [ -68.606922, 44.397623 ], [ -68.606685, 44.393051 ], [ -68.597463, 44.392838 ], [ -68.593339, 44.392955 ], [ -68.586506, 44.390799 ], [ -68.584544, 44.391015 ], [ -68.575137, 44.386042 ], [ -68.573412, 44.386684 ], [ -68.569301, 44.385686 ], [ -68.568249, 44.385937 ], [ -68.566527, 44.387881 ], [ -68.567484, 44.388704 ], [ -68.5655144, 44.3894704 ], [ -68.565544, 44.389633 ], [ -68.5657912, 44.3909934 ], [ -68.566336, 44.390968 ], [ -68.566528, 44.391311 ], [ -68.56758, 44.391402 ], [ -68.567739, 44.391517 ], [ -68.568058, 44.392111 ], [ -68.5660931, 44.3926545 ], [ -68.56642, 44.394453 ], [ -68.566401, 44.3945226 ], [ -68.5662097, 44.3952242 ], [ -68.5660716, 44.3957305 ], [ -68.568218, 44.39593 ], [ -68.568378, 44.396776 ], [ -68.567836, 44.397851 ], [ -68.567804, 44.398697 ], [ -68.56656, 44.399863 ], [ -68.565763, 44.399749 ], [ -68.5651668, 44.3990488 ], [ -68.565161, 44.39907 ], [ -68.563785, 44.4003083 ], [ -68.564774, 44.401098 ], [ -68.5642, 44.403156 ], [ -68.567549, 44.405329 ], [ -68.57058, 44.404711 ], [ -68.568729, 44.402676 ], [ -68.574471, 44.402195 ], [ -68.575172, 44.403156 ], [ -68.579702, 44.404596 ], [ -68.580787, 44.406105 ], [ -68.583404, 44.405876 ], [ -68.583946, 44.405098 ], [ -68.58535, 44.406493 ], [ -68.584393, 44.406676 ], [ -68.584614, 44.409985 ], [ -68.585776, 44.413655 ], [ -68.582956, 44.413232 ], [ -68.579991, 44.411776 ], [ -68.578269, 44.413354 ], [ -68.574057, 44.408804 ], [ -68.570708, 44.408919 ], [ -68.569719, 44.410153 ], [ -68.572974, 44.413492 ], [ -68.573153, 44.415508 ], [ -68.575085, 44.416388 ], [ -68.577042, 44.419798 ], [ -68.577071, 44.422286 ], [ -68.575534, 44.424246 ], [ -68.574657, 44.426762 ], [ -68.572343, 44.426241 ], [ -68.569678, 44.427587 ], [ -68.570424, 44.429613 ], [ -68.574269, 44.432199 ], [ -68.572252, 44.435638 ], [ -68.585595, 44.432256 ], [ -68.59039, 44.432125 ], [ -68.600101, 44.428821 ], [ -68.601641, 44.426738 ], [ -68.597523, 44.424523 ], [ -68.607683, 44.414333 ], [ -68.610941, 44.411374 ], [ -68.612529, 44.407993 ] ] ] ] } },
{ "type": "Feature", "properties": { "GEOID": "2306330", "NAME": "Bowdoinham", "NAMELSAD": "Bowdoinham CDP", "STUSPS": "ME", "STATE_NAME": "Maine", "LSAD": "57", "place_type": "CDP", "population": 766.0, "moe": 324.0 }, "geometry": { "type": "MultiPolygon", "coordinates": [ [ [ [ -69.920319, 44.005402 ], [ -69.917762, 44.00283 ], [ -69.914548, 44.003056 ], [ -69.904664, 44.002287 ], [ -69.898834, 44.006628 ], [ -69.896391, 44.007899 ], [ -69.895514, 44.007199 ], [ -69.892731, 44.008817 ], [ -69.889624, 44.009742 ], [ -69.889913, 44.011419 ], [ -69.891091, 44.012553 ], [ -69.890417, 44.01403 ], [ -69.888239, 44.015645 ], [ -69.887943, 44.016867 ], [ -69.889284, 44.017415 ], [ -69.886478, 44.017234 ], [ -69.885888, 44.01881 ], [ -69.883303, 44.021117 ], [ -69.882004, 44.021276 ], [ -69.880587, 44.023168 ], [ -69.881974, 44.025895 ], [ -69.882253, 44.027941 ], [ -69.881081, 44.028886 ], [ -69.881339, 44.031099 ], [ -69.882953, 44.031483 ], [ -69.882712, 44.032979 ], [ -69.88372, 44.034367 ], [ -69.887341, 44.03726 ], [ -69.888126, 44.039915 ], [ -69.891736, 44.039639 ], [ -69.894363, 44.042369 ], [ -69.894865, 44.044429 ], [ -69.913431, 44.027956 ], [ -69.916399, 44.024772 ], [ -69.918036, 44.0217 ], [ -69.920832, 44.013159 ], [ -69.919756, 44.010656 ], [ -69.921906, 44.008414 ], [ -69.920319, 44.005402 ] ] ] ] } },
{ "type": "Feature", "properties": { "GEOID": "2340350", "NAME": "Little Falls", "NAMELSAD": "Little Falls CDP", "STUSPS": "ME", "STATE_NAME": "Maine", "LSAD": "57", "place_type": "CDP", "population": 718.0, "moe": 433.0 }, "geometry": { "type": "MultiPolygon", "coordinates": [ [ [ [ -70.449662, 43.740311 ], [ -70.442279, 43.734012 ], [ -70.439815, 43.732474 ], [ -70.434649, 43.731052 ], [ -70.431454, 43.729436 ], [ -70.426419, 43.72874 ], [ -70.425173, 43.728042 ], [ -70.423814, 43.722597 ], [ -70.424103, 43.720846 ], [ -70.420242, 43.717614 ], [ -70.419321, 43.715466 ], [ -70.416655, 43.713352 ], [ -70.407578, 43.713731 ], [ -70.407572, 43.715132 ], [ -70.409861, 43.715422 ], [ -70.409588, 43.716581 ], [ -70.411715, 43.717795 ], [ -70.413179, 43.72079 ], [ -70.415507, 43.722421 ], [ -70.418548, 43.726381 ], [ -70.422505, 43.729069 ], [ -70.423632, 43.733502 ], [ -70.424851, 43.73405 ], [ -70.425783, 43.73407 ], [ -70.427333, 43.734559 ], [ -70.427528, 43.737497 ], [ -70.432343, 43.741164 ], [ -70.43531, 43.740397 ], [ -70.435765, 43.738861 ], [ -70.437324, 43.739265 ], [ -70.438376, 43.741229 ], [ -70.439466, 43.746008 ], [ -70.438507, 43.747639 ], [ -70.442035, 43.74656 ], [ -70.451182, 43.742175 ], [ -70.449662, 43.740311 ] ] ] ] } },
{ "type": "Feature", "properties": { "GEOID": "2314275", "NAME": "Corinna", "NAMELSAD": "Corinna CDP", "STUSPS": "ME", "STATE_NAME": "Maine", "LSAD": "57", "place_type": "CDP", "population": 711.0, "moe": 283.0 }, "geometry": { "type": "MultiPolygon", "coordinates": [ [ [ [ -69.28671, 44.923835 ], [ -69.282387, 44.917829 ], [ -69.280355, 44.911964 ], [ -69.275945, 44.915257 ], [ -69.269419, 44.914515 ], [ -69.2648, 44.911889 ], [ -69.26157, 44.911228 ], [ -69.25903, 44.909284 ], [ -69.255234, 44.908665 ], [ -69.255622, 44.906813 ], [ -69.253884, 44.906972 ], [ -69.254076, 44.908618 ], [ -69.251731, 44.910169 ], [ -69.251218, 44.911363 ], [ -69.248989, 44.912992 ], [ -69.248245, 44.914331 ], [ -69.248139, 44.918211 ], [ -69.250235, 44.916249 ], [ -69.249841, 44.919563 ], [ -69.249951, 44.926313 ], [ -69.247791, 44.929309 ], [ -69.247955, 44.932304 ], [ -69.245735, 44.934066 ], [ -69.244032, 44.937039 ], [ -69.243937, 44.938251 ], [ -69.248739, 44.937902 ], [ -69.250782, 44.938738 ], [ -69.253444, 44.93813 ], [ -69.255497, 44.936381 ], [ -69.25812, 44.936571 ], [ -69.260373, 44.935921 ], [ -69.260812, 44.929533 ], [ -69.259806, 44.922485 ], [ -69.260579, 44.920927 ], [ -69.261623, 44.920942 ], [ -69.263364, 44.921494 ], [ -69.263864, 44.924925 ], [ -69.268399, 44.927804 ], [ -69.270468, 44.927963 ], [ -69.272599, 44.927271 ], [ -69.273598, 44.925351 ], [ -69.285545, 44.926978 ], [ -69.287767, 44.926972 ], [ -69.28671, 44.923835 ] ] ] ] } },
{ "type": "Feature", "properties": { "GEOID": "2343220", "NAME": "Mapleton", "NAMELSAD": "Mapleton CDP", "STUSPS": "ME", "STATE_NAME": "Maine", "LSAD": "57", "place_type": "CDP", "population": 705.0, "moe": 179.0 }, "geometry": { "type": "MultiPolygon", "coordinates": [ [ [ [ -68.173182, 46.680853 ], [ -68.172988, 46.674244 ], [ -68.165608, 46.674302 ], [ -68.164175, 46.673466 ], [ -68.162007, 46.673485 ], [ -68.162213, 46.674536 ], [ -68.156594, 46.674548 ], [ -68.15556, 46.673041 ], [ -68.156226, 46.672042 ], [ -68.154763, 46.671579 ], [ -68.158033, 46.669664 ], [ -68.157439, 46.667904 ], [ -68.128957, 46.667998 ], [ -68.129321, 46.675139 ], [ -68.128014, 46.677715 ], [ -68.129374, 46.679854 ], [ -68.129449, 46.682207 ], [ -68.132886, 46.682142 ], [ -68.133115, 46.687869 ], [ -68.136837, 46.6898 ], [ -68.139971, 46.690265 ], [ -68.147723, 46.688557 ], [ -68.147265, 46.688988 ], [ -68.144951, 46.69205 ], [ -68.149479, 46.692055 ], [ -68.150578, 46.693065 ], [ -68.160696, 46.693014 ], [ -68.16204, 46.694141 ], [ -68.163997, 46.693294 ], [ -68.173544, 46.693192 ], [ -68.173182, 46.680853 ] ] ] ] } },
{ "type": "Feature", "properties": { "GEOID": "2301360", "NAME": "Anson", "NAMELSAD": "Anson CDP", "STUSPS": "ME", "STATE_NAME": "Maine", "LSAD": "57", "place_type": "CDP", "population": 680.0, "moe": 247.0 }, "geometry": { "type": "MultiPolygon", "coordinates": [ [ [ [ -69.908291, 44.785429 ], [ -69.888911, 44.787823 ], [ -69.889254, 44.79035 ], [ -69.884309, 44.794512 ], [ -69.888531, 44.797099 ], [ -69.888468, 44.799021 ], [ -69.886391, 44.800968 ], [ -69.886613, 44.802965 ], [ -69.891916, 44.810999 ], [ -69.891444, 44.812596 ], [ -69.894247, 44.814564 ], [ -69.896516, 44.814397 ], [ -69.897938, 44.815299 ], [ -69.89933, 44.811155 ], [ -69.908291, 44.785429 ] ] ] ] } },
{ "type": "Feature", "properties": { "GEOID": "2348610", "NAME": "Newcastle", "NAMELSAD": "Newcastle CDP", "STUSPS": "ME", "STATE_NAME": "Maine", "LSAD": "57", "place_type": "CDP", "population": 664.0, "moe": 271.0 }, "geometry": { "type": "MultiPolygon", "coordinates": [ [ [ [ -69.555664, 44.047624 ], [ -69.551489, 44.046095 ], [ -69.545167, 44.040897 ], [ -69.551876, 44.035231 ], [ -69.554235, 44.034259 ], [ -69.552328, 44.032002 ], [ -69.551993, 44.027929 ], [ -69.550853, 44.027071 ], [ -69.547862, 44.02743 ], [ -69.549846, 44.022957 ], [ -69.548477, 44.023202 ], [ -69.54785, 44.021969 ], [ -69.542175, 44.022142 ], [ -69.540824, 44.024219 ], [ -69.537557, 44.026972 ], [ -69.533876, 44.033557 ], [ -69.52642, 44.03718 ], [ -69.519568, 44.039174 ], [ -69.517992, 44.040225 ], [ -69.515835, 44.040559 ], [ -69.514009, 44.043732 ], [ -69.51422, 44.04487 ], [ -69.517126, 44.046541 ], [ -69.519156, 44.046063 ], [ -69.519906, 44.047131 ], [ -69.523792, 44.04755 ], [ -69.524383, 44.048088 ], [ -69.523948, 44.050466 ], [ -69.520428, 44.055434 ], [ -69.519489, 44.058419 ], [ -69.525551, 44.060331 ], [ -69.526404, 44.061899 ], [ -69.528867, 44.062506 ], [ -69.532048, 44.059473 ], [ -69.532115, 44.056792 ], [ -69.533419, 44.05588 ], [ -69.537532, 44.055382 ], [ -69.545844, 44.05193 ], [ -69.550627, 44.050983 ], [ -69.555808, 44.048302 ], [ -69.555664, 44.047624 ] ] ] ] } },
{ "type": "Feature", "properties": { "GEOID": "2300695", "NAME": "Alfred", "NAMELSAD": "Alfred CDP", "STUSPS": "ME", "STATE_NAME": "Maine", "LSAD": "57", "place_type": "CDP", "population": 661.0, "moe": 369.0 }, "geometry": { "type": "MultiPolygon", "coordinates": [ [ [ [ -70.752152, 43.484264 ], [ -70.745125, 43.482102 ], [ -70.741169, 43.481784 ], [ -70.739345, 43.479521 ], [ -70.742214, 43.479423 ], [ -70.742028, 43.477628 ], [ -70.740301, 43.475747 ], [ -70.73811, 43.474928 ], [ -70.737614, 43.473022 ], [ -70.734685, 43.469736 ], [ -70.733633, 43.467967 ], [ -70.733052, 43.464745 ], [ -70.72585, 43.461147 ], [ -70.722887, 43.461111 ], [ -70.723053, 43.459341 ], [ -70.720264, 43.457418 ], [ -70.718212, 43.457053 ], [ -70.715692, 43.457593 ], [ -70.711374, 43.459412 ], [ -70.709455, 43.462783 ], [ -70.705937, 43.463657 ], [ -70.70281, 43.46547 ], [ -70.701913, 43.464777 ], [ -70.699147, 43.467898 ], [ -70.699866, 43.472999 ], [ -70.698546, 43.471971 ], [ -70.698638, 43.474327 ], [ -70.700364, 43.473848 ], [ -70.70135, 43.476585 ], [ -70.699462, 43.478176 ], [ -70.699813, 43.481913 ], [ -70.698903, 43.483834 ], [ -70.701007, 43.484931 ], [ -70.702642, 43.486897 ], [ -70.702668, 43.488044 ], [ -70.704369, 43.48906 ], [ -70.704834, 43.490897 ], [ -70.707452, 43.490412 ], [ -70.707841, 43.488874 ], [ -70.710604, 43.489737 ], [ -70.716127, 43.493232 ], [ -70.718528, 43.495157 ], [ -70.719611, 43.493305 ], [ -70.719748, 43.492473 ], [ -70.720985, 43.492448 ], [ -70.724334, 43.494317 ], [ -70.725466, 43.493692 ], [ -70.72387, 43.492342 ], [ -70.728673, 43.488998 ], [ -70.732171, 43.490582 ], [ -70.735218, 43.491002 ], [ -70.740573, 43.485897 ], [ -70.743739, 43.485023 ], [ -70.747599, 43.486062 ], [ -70.752152, 43.484264 ] ] ] ] } },
{ "type": "Feature", "properties": { "GEOID": "2314800", "NAME": "Cousins Island", "NAMELSAD": "Cousins Island CDP", "STUSPS": "ME", "STATE_NAME": "Maine", "LSAD": "57", "place_type": "CDP", "population": 658.0, "moe": 213.0 }, "geometry": { "type": "MultiPolygon", "coordinates": [ [ [ [ -70.15746, 43.748658 ], [ -70.153626, 43.750233 ], [ -70.15315, 43.747314 ], [ -70.151833, 43.746542 ], [ -70.146971, 43.74989 ], [ -70.141504, 43.749546 ], [ -70.13984, 43.75195 ], [ -70.138177, 43.754525 ], [ -70.1379297, 43.7544151 ], [ -70.137809, 43.755937 ], [ -70.137518, 43.756665 ], [ -70.136471, 43.758178 ], [ -70.133241, 43.76353 ], [ -70.1327657, 43.764103299999988 ], [ -70.133898, 43.763967 ], [ -70.132948, 43.767571 ], [ -70.130809, 43.770832 ], [ -70.125104, 43.770661 ], [ -70.120351, 43.77272 ], [ -70.12236, 43.774952 ], [ -70.127243, 43.773235 ], [ -70.124407, 43.777226 ], [ -70.12653, 43.779585 ], [ -70.131786, 43.774935 ], [ -70.138177, 43.774951 ], [ -70.145545, 43.775809 ], [ -70.146971, 43.766713 ], [ -70.145545, 43.76122 ], [ -70.160281, 43.749718 ], [ -70.15746, 43.748658 ] ] ] ] } },
{ "type": "Feature", "properties": { "GEOID": "2330060", "NAME": "Guilford", "NAMELSAD": "Guilford CDP", "STUSPS": "ME", "STATE_NAME": "Maine", "LSAD": "57", "place_type": "CDP", "population": 626.0, "moe": 170.0 }, "geometry": { "type": "MultiPolygon", "coordinates": [ [ [ [ -69.40209, 45.160902 ], [ -69.381127, 45.163715 ], [ -69.373031, 45.164593 ], [ -69.373011, 45.167626 ], [ -69.372574, 45.16964 ], [ -69.375131, 45.170428 ], [ -69.377299, 45.170223 ], [ -69.380554, 45.170861 ], [ -69.38485, 45.179281 ], [ -69.388107, 45.187723 ], [ -69.389192, 45.187081 ], [ -69.39813, 45.185883 ], [ -69.408466, 45.184235 ], [ -69.40209, 45.160902 ] ] ] ] } },
{ "type": "Feature", "properties": { "GEOID": "2311090", "NAME": "Casco", "NAMELSAD": "Casco CDP", "STUSPS": "ME", "STATE_NAME": "Maine", "LSAD": "57", "place_type": "CDP", "population": 618.0, "moe": 294.0 }, "geometry": { "type": "MultiPolygon", "coordinates": [ [ [ [ -70.555029, 43.985771 ], [ -70.549769, 43.98622 ], [ -70.536711, 43.982377 ], [ -70.532202, 43.979801 ], [ -70.52899, 43.979179 ], [ -70.524766, 43.979921 ], [ -70.522877, 43.981475 ], [ -70.517532, 43.982937 ], [ -70.511036, 43.984732 ], [ -70.508321, 43.984484 ], [ -70.509075, 43.987196 ], [ -70.506872, 43.990746 ], [ -70.50921, 43.992813 ], [ -70.511835, 43.99427 ], [ -70.512593, 43.995991 ], [ -70.515622, 44.000041 ], [ -70.516749, 44.003677 ], [ -70.517518, 44.004134 ], [ -70.517298, 44.007195 ], [ -70.515038, 44.010278 ], [ -70.515919, 44.01108 ], [ -70.517255, 44.011107 ], [ -70.518697, 44.006654 ], [ -70.521295, 44.006472 ], [ -70.522845, 44.009514 ], [ -70.522042, 44.013198 ], [ -70.523028, 44.018111 ], [ -70.525655, 44.024475 ], [ -70.534853, 44.015094 ], [ -70.535094, 44.010044 ], [ -70.536326, 44.008702 ], [ -70.539713, 44.006688 ], [ -70.540491, 44.005086 ], [ -70.539184, 44.00353 ], [ -70.540419, 44.002021 ], [ -70.549684, 43.995894 ], [ -70.550792, 43.993997 ], [ -70.549779, 43.991847 ], [ -70.552992, 43.987233 ], [ -70.555029, 43.985771 ] ] ] ] } },
{ "type": "Feature", "properties": { "GEOID": "2301675", "NAME": "Ashland", "NAMELSAD": "Ashland CDP", "STUSPS": "ME", "STATE_NAME": "Maine", "LSAD": "57", "place_type": "CDP", "population": 614.0, "moe": 189.0 }, "geometry": { "type": "MultiPolygon", "coordinates": [ [ [ [ -68.423275, 46.609119 ], [ -68.422426, 46.607055 ], [ -68.420269, 46.60674 ], [ -68.415169, 46.606813 ], [ -68.412388, 46.606168 ], [ -68.410428, 46.604782 ], [ -68.384183, 46.605104 ], [ -68.385634, 46.608 ], [ -68.386518, 46.61279 ], [ -68.388731, 46.616029 ], [ -68.39433, 46.617325 ], [ -68.396247, 46.619993 ], [ -68.382171, 46.620117 ], [ -68.384253, 46.623902 ], [ -68.386502, 46.625835 ], [ -68.386777, 46.627046 ], [ -68.36367, 46.627323 ], [ -68.36296, 46.6287 ], [ -68.363716, 46.629757 ], [ -68.362996, 46.631406 ], [ -68.363026, 46.634956 ], [ -68.365394, 46.636287 ], [ -68.365462, 46.63935 ], [ -68.367789, 46.641907 ], [ -68.369583, 46.644777 ], [ -68.372452, 46.646194 ], [ -68.374212, 46.64367 ], [ -68.379679, 46.639846 ], [ -68.384745, 46.634812 ], [ -68.392211, 46.634666 ], [ -68.392203, 46.639377 ], [ -68.413345, 46.639202 ], [ -68.414, 46.637006 ], [ -68.417185, 46.634417 ], [ -68.418454, 46.631961 ], [ -68.418126, 46.631895 ], [ -68.41468, 46.630442 ], [ -68.419062, 46.62198 ], [ -68.420806, 46.614264 ], [ -68.423137, 46.611116 ], [ -68.423275, 46.609119 ] ] ] ] } },
{ "type": "Feature", "properties": { "GEOID": "2357115", "NAME": "Patten", "NAMELSAD": "Patten CDP", "STUSPS": "ME", "STATE_NAME": "Maine", "LSAD": "57", "place_type": "CDP", "population": 607.0, "moe": 123.0 }, "geometry": { "type": "MultiPolygon", "coordinates": [ [ [ [ -68.460448, 46.012114 ], [ -68.458583, 46.011251 ], [ -68.456226, 46.008305 ], [ -68.453635, 46.006133 ], [ -68.453495, 46.004844 ], [ -68.455024, 46.001371 ], [ -68.455024, 45.997913 ], [ -68.452177, 45.993512 ], [ -68.449172, 45.990027 ], [ -68.432288, 45.989995 ], [ -68.432432, 46.020309 ], [ -68.445546, 46.020119 ], [ -68.446213, 46.011757 ], [ -68.448212, 46.012455 ], [ -68.458958, 46.012523 ], [ -68.460448, 46.012114 ] ] ] ] } },
{ "type": "Feature", "properties": { "GEOID": "2336990", "NAME": "Kingfield", "NAMELSAD": "Kingfield CDP", "STUSPS": "ME", "STATE_NAME": "Maine", "LSAD": "57", "place_type": "CDP", "population": 586.0, "moe": 126.0 }, "geometry": { "type": "MultiPolygon", "coordinates": [ [ [ [ -70.182804, 44.966112 ], [ -70.177848, 44.967329 ], [ -70.176247, 44.961083 ], [ -70.177184, 44.960617 ], [ -70.175544, 44.95507 ], [ -70.173457, 44.955418 ], [ -70.17132, 44.948923 ], [ -70.16881, 44.939713 ], [ -70.15211, 44.941847 ], [ -70.133441, 44.944218 ], [ -70.139039, 44.947504 ], [ -70.146017, 44.953776 ], [ -70.144679, 44.954114 ], [ -70.145288, 44.955331 ], [ -70.139462, 44.955896 ], [ -70.140862, 44.958398 ], [ -70.146418, 44.974328 ], [ -70.151184, 44.973115 ], [ -70.158394, 44.972235 ], [ -70.162037, 44.971468 ], [ -70.162017, 44.973781 ], [ -70.163271, 44.975538 ], [ -70.16537, 44.97516 ], [ -70.166583, 44.974069 ], [ -70.171192, 44.97523 ], [ -70.178217, 44.975075 ], [ -70.177239, 44.971763 ], [ -70.183586, 44.96972 ], [ -70.182804, 44.966112 ] ] ] ] } },
{ "type": "Feature", "properties": { "GEOID": "2335975", "NAME": "Jonesport", "NAMELSAD": "Jonesport CDP", "STUSPS": "ME", "STATE_NAME": "Maine", "LSAD": "57", "place_type": "CDP", "population": 571.0, "moe": 123.0 }, "geometry": { "type": "MultiPolygon", "coordinates": [ [ [ [ -67.641964, 44.52851 ], [ -67.638875, 44.526816 ], [ -67.635072, 44.528002 ], [ -67.631269, 44.527155 ], [ -67.615582, 44.527324 ], [ -67.611541, 44.52851 ], [ -67.606312, 44.529866 ], [ -67.598707, 44.529527 ], [ -67.594428, 44.532238 ], [ -67.59218820000001, 44.5314815 ], [ -67.589128, 44.534512 ], [ -67.588919, 44.536721 ], [ -67.590977, 44.539869 ], [ -67.591912, 44.542159 ], [ -67.597703, 44.540219 ], [ -67.598167, 44.541379 ], [ -67.623345, 44.537358 ], [ -67.624219, 44.540297 ], [ -67.630625, 44.537697 ], [ -67.633351, 44.537388 ], [ -67.638238, 44.535968 ], [ -67.640692, 44.533429 ], [ -67.640126, 44.531586 ], [ -67.6433017, 44.5284506 ], [ -67.641964, 44.52851 ] ] ] ] } },
{ "type": "Feature", "properties": { "GEOID": "2372830", "NAME": "Southwest Harbor", "NAMELSAD": "Southwest Harbor CDP", "STUSPS": "ME", "STATE_NAME": "Maine", "LSAD": "57", "place_type": "CDP", "population": 566.0, "moe": 223.0 }, "geometry": { "type": "MultiPolygon", "coordinates": [ [ [ [ -68.341562, 44.27875 ], [ -68.340039, 44.274985 ], [ -68.338261, 44.272727 ], [ -68.336262, 44.269214 ], [ -68.335501, 44.266452 ], [ -68.333996, 44.264156 ], [ -68.326166, 44.268925 ], [ -68.324882, 44.270567 ], [ -68.325137, 44.272785 ], [ -68.323133, 44.274569 ], [ -68.323069, 44.276878 ], [ -68.323833, 44.277976 ], [ -68.322433, 44.278456 ], [ -68.318836, 44.278342 ], [ -68.315971, 44.276559 ], [ -68.314443, 44.276559 ], [ -68.313532, 44.275201 ], [ -68.3113908, 44.2746373 ], [ -68.310301, 44.275938 ], [ -68.309588, 44.27781 ], [ -68.313866, 44.282744 ], [ -68.3142166, 44.2831083 ], [ -68.3145704, 44.2834759 ], [ -68.317764, 44.286794 ], [ -68.318091, 44.2869695 ], [ -68.323294, 44.286825 ], [ -68.325681, 44.285087 ], [ -68.326668, 44.286139 ], [ -68.326668, 44.288131 ], [ -68.33987, 44.286996 ], [ -68.339604, 44.285461 ], [ -68.336411, 44.282106 ], [ -68.341436, 44.280854 ], [ -68.341562, 44.27875 ] ] ] ] } },
{ "type": "Feature", "properties": { "GEOID": "2304965", "NAME": "Bingham", "NAMELSAD": "Bingham CDP", "STUSPS": "ME", "STATE_NAME": "Maine", "LSAD": "57", "place_type": "CDP", "population": 564.0, "moe": 147.0 }, "geometry": { "type": "MultiPolygon", "coordinates": [ [ [ [ -69.893962, 45.063426 ], [ -69.891054, 45.060366 ], [ -69.890148, 45.060168 ], [ -69.889197, 45.059225 ], [ -69.890295, 45.057282 ], [ -69.887856, 45.054359 ], [ -69.880539, 45.049098 ], [ -69.875534, 45.047217 ], [ -69.873278, 45.045386 ], [ -69.871725, 45.041043 ], [ -69.870433, 45.038551 ], [ -69.868108, 45.036792 ], [ -69.866818, 45.036541 ], [ -69.8674, 45.038415 ], [ -69.865981, 45.037982 ], [ -69.864921, 45.042075 ], [ -69.865986, 45.043126 ], [ -69.866053, 45.045641 ], [ -69.863346, 45.048317 ], [ -69.862867, 45.051123 ], [ -69.861449, 45.053789 ], [ -69.861292, 45.05846 ], [ -69.862615, 45.059826 ], [ -69.862004, 45.061831 ], [ -69.859771, 45.063377 ], [ -69.85608, 45.064791 ], [ -69.855049, 45.068846 ], [ -69.849915, 45.071927 ], [ -69.854287, 45.071312 ], [ -69.857178, 45.071446 ], [ -69.889458, 45.066018 ], [ -69.896505, 45.064958 ], [ -69.893962, 45.063426 ] ] ] ] } },
{ "type": "Feature", "properties": { "GEOID": "2331705", "NAME": "Hartland", "NAMELSAD": "Hartland CDP", "STUSPS": "ME", "STATE_NAME": "Maine", "LSAD": "57", "place_type": "CDP", "population": 561.0, "moe": 173.0 }, "geometry": { "type": "MultiPolygon", "coordinates": [ [ [ [ -69.486782, 44.895553 ], [ -69.482504, 44.892597 ], [ -69.480696, 44.889365 ], [ -69.476639, 44.886865 ], [ -69.474643, 44.883336 ], [ -69.470858, 44.878441 ], [ -69.467752, 44.875575 ], [ -69.466521, 44.872495 ], [ -69.464069, 44.87013 ], [ -69.4604, 44.868961 ], [ -69.459178, 44.869921 ], [ -69.456863, 44.869076 ], [ -69.454162, 44.869396 ], [ -69.452008, 44.868208 ], [ -69.450464, 44.86606 ], [ -69.449178, 44.865465 ], [ -69.445801, 44.860321 ], [ -69.446729, 44.859179 ], [ -69.44361, 44.859402 ], [ -69.444656, 44.862395 ], [ -69.44915, 44.87777 ], [ -69.440164, 44.87885 ], [ -69.444594, 44.893047 ], [ -69.449788, 44.892357 ], [ -69.463, 44.890791 ], [ -69.46248, 44.890018 ], [ -69.464832, 44.889551 ], [ -69.464835, 44.88858 ], [ -69.471105, 44.891329 ], [ -69.480462, 44.894094 ], [ -69.487098, 44.896236 ], [ -69.486782, 44.895553 ] ] ] ] } },
{ "type": "Feature", "properties": { "GEOID": "2304790", "NAME": "Bethel", "NAMELSAD": "Bethel CDP", "STUSPS": "ME", "STATE_NAME": "Maine", "LSAD": "57", "place_type": "CDP", "population": 537.0, "moe": 182.0 }, "geometry": { "type": "MultiPolygon", "coordinates": [ [ [ [ -70.803399, 44.409618 ], [ -70.798836, 44.406399 ], [ -70.79525, 44.402193 ], [ -70.797519, 44.402291 ], [ -70.795803, 44.401166 ], [ -70.794907, 44.398128 ], [ -70.793646, 44.397256 ], [ -70.79064, 44.393141 ], [ -70.788602, 44.392278 ], [ -70.787386, 44.390482 ], [ -70.780842, 44.393535 ], [ -70.771252, 44.397173 ], [ -70.769718, 44.395644 ], [ -70.767389, 44.39412 ], [ -70.771504, 44.39993 ], [ -70.769292, 44.401338 ], [ -70.7721, 44.402929 ], [ -70.774402, 44.405382 ], [ -70.777394, 44.406434 ], [ -70.777354, 44.409158 ], [ -70.780652, 44.4112 ], [ -70.782121, 44.412689 ], [ -70.784089, 44.413056 ], [ -70.784225, 44.414117 ], [ -70.78591, 44.414545 ], [ -70.789753, 44.41397 ], [ -70.794353, 44.416252 ], [ -70.796259, 44.416443 ], [ -70.79851, 44.41557 ], [ -70.799865, 44.41364 ], [ -70.799253, 44.410517 ], [ -70.803761, 44.409636 ], [ -70.803399, 44.409618 ] ] ] ] } },
{ "type": "Feature", "properties": { "GEOID": "2348050", "NAME": "Naples", "NAMELSAD": "Naples CDP", "STUSPS": "ME", "STATE_NAME": "Maine", "LSAD": "57", "place_type": "CDP", "population": 527.0, "moe": 213.0 }, "geometry": { "type": "MultiPolygon", "coordinates": [ [ [ [ -70.628951, 43.962315 ], [ -70.629839, 43.960395 ], [ -70.627593, 43.95925 ], [ -70.628227, 43.957786 ], [ -70.627403, 43.956639 ], [ -70.627464, 43.954507 ], [ -70.625943, 43.952994 ], [ -70.625569, 43.951208 ], [ -70.62166, 43.952628 ], [ -70.617764, 43.952899 ], [ -70.610059, 43.948457 ], [ -70.606996, 43.949726 ], [ -70.603665, 43.9489 ], [ -70.600444, 43.950442 ], [ -70.603145, 43.954709 ], [ -70.601996, 43.954317 ], [ -70.594281, 43.959077 ], [ -70.581095, 43.945748 ], [ -70.577397, 43.949279 ], [ -70.579827, 43.950931 ], [ -70.579482, 43.953097 ], [ -70.580681, 43.954852 ], [ -70.579505, 43.955925 ], [ -70.579601, 43.958326 ], [ -70.580988, 43.959749 ], [ -70.5832, 43.959688 ], [ -70.582059, 43.961543 ], [ -70.581171, 43.964662 ], [ -70.580022, 43.965689 ], [ -70.579913, 43.968352 ], [ -70.581167, 43.969426 ], [ -70.581189, 43.970787 ], [ -70.583533, 43.973553 ], [ -70.583755, 43.975565 ], [ -70.586891, 43.978103 ], [ -70.587664, 43.980521 ], [ -70.59288, 43.977006 ], [ -70.59289, 43.975121 ], [ -70.595081, 43.975024 ], [ -70.594605, 43.973959 ], [ -70.599266, 43.971834 ], [ -70.600888, 43.970401 ], [ -70.604964, 43.970163 ], [ -70.607656, 43.971876 ], [ -70.609684, 43.974299 ], [ -70.611204, 43.974504 ], [ -70.61282, 43.976034 ], [ -70.614973, 43.976515 ], [ -70.616676, 43.974718 ], [ -70.610195, 43.971564 ], [ -70.613725, 43.970225 ], [ -70.618239, 43.969989 ], [ -70.62077, 43.968844 ], [ -70.622837, 43.967212 ], [ -70.625407, 43.96629 ], [ -70.63, 43.966241 ], [ -70.628951, 43.962315 ] ] ] ] } },
{ "type": "Feature", "properties": { "GEOID": "2308360", "NAME": "Brownville Junction", "NAMELSAD": "Brownville Junction CDP", "STUSPS": "ME", "STATE_NAME": "Maine", "LSAD": "57", "place_type": "CDP", "population": 524.0, "moe": 153.0 }, "geometry": { "type": "MultiPolygon", "coordinates": [ [ [ [ -69.062461, 45.35665 ], [ -69.061038, 45.351281 ], [ -69.058764, 45.345471 ], [ -69.058893, 45.342185 ], [ -69.057939, 45.338799 ], [ -69.047287, 45.340272 ], [ -69.045776, 45.342622 ], [ -69.047439, 45.343085 ], [ -69.048904, 45.346959 ], [ -69.053427, 45.35302 ], [ -69.054242, 45.35545 ], [ -69.053293, 45.356881 ], [ -69.054832, 45.358469 ], [ -69.057308, 45.357383 ], [ -69.06059, 45.361837 ], [ -69.062151, 45.361497 ], [ -69.062461, 45.35665 ] ] ] ] } },
{ "type": "Feature", "properties": { "GEOID": "2377765", "NAME": "Turner", "NAMELSAD": "Turner CDP", "STUSPS": "ME", "STATE_NAME": "Maine", "LSAD": "57", "place_type": "CDP", "population": 505.0, "moe": 225.0 }, "geometry": { "type": "MultiPolygon", "coordinates": [ [ [ [ -70.27299, 44.262502 ], [ -70.270932, 44.26084 ], [ -70.272028, 44.258057 ], [ -70.271715, 44.257129 ], [ -70.26696, 44.257033 ], [ -70.267136, 44.25474 ], [ -70.269396, 44.255277 ], [ -70.269024, 44.252738 ], [ -70.26807, 44.251119 ], [ -70.269808, 44.249142 ], [ -70.268961, 44.247868 ], [ -70.265697, 44.249123 ], [ -70.265433, 44.248217 ], [ -70.261667, 44.249597 ], [ -70.25819, 44.248677 ], [ -70.253067, 44.247602 ], [ -70.251867, 44.249164 ], [ -70.251603, 44.251714 ], [ -70.250286, 44.251238 ], [ -70.248821, 44.251823 ], [ -70.248084, 44.253108 ], [ -70.243326, 44.255641 ], [ -70.241526, 44.256016 ], [ -70.241347, 44.256765 ], [ -70.241893, 44.257263 ], [ -70.242188, 44.258057 ], [ -70.241922, 44.25833 ], [ -70.238553, 44.25946 ], [ -70.23782, 44.26072 ], [ -70.243222, 44.263473 ], [ -70.244691, 44.262228 ], [ -70.246103, 44.263082 ], [ -70.252029, 44.264615 ], [ -70.258111, 44.266238 ], [ -70.258517, 44.265052 ], [ -70.266838, 44.267549 ], [ -70.268381, 44.27002 ], [ -70.274342, 44.263233 ], [ -70.27299, 44.262502 ] ] ] ] } },
{ "type": "Feature", "properties": { "GEOID": "2316375", "NAME": "Danforth", "NAMELSAD": "Danforth CDP", "STUSPS": "ME", "STATE_NAME": "Maine", "LSAD": "57", "place_type": "CDP", "population": 452.0, "moe": 120.0 }, "geometry": { "type": "MultiPolygon", "coordinates": [ [ [ [ -67.884767, 45.647358 ], [ -67.870404, 45.650093 ], [ -67.864455, 45.651529 ], [ -67.861294, 45.646371 ], [ -67.852211, 45.648435 ], [ -67.854383, 45.655483 ], [ -67.851602, 45.656092 ], [ -67.851591, 45.656796 ], [ -67.847689, 45.657128 ], [ -67.849818, 45.66352 ], [ -67.853665, 45.672445 ], [ -67.873581, 45.669296 ], [ -67.875996, 45.67084 ], [ -67.878857, 45.667931 ], [ -67.879764, 45.668295 ], [ -67.886324, 45.666941 ], [ -67.884724, 45.66264 ], [ -67.888935, 45.66173 ], [ -67.884767, 45.647358 ] ] ] ] } },
{ "type": "Feature", "properties": { "GEOID": "2354350", "NAME": "Oakfield", "NAMELSAD": "Oakfield CDP", "STUSPS": "ME", "STATE_NAME": "Maine", "LSAD": "57", "place_type": "CDP", "population": 449.0, "moe": 129.0 }, "geometry": { "type": "MultiPolygon", "coordinates": [ [ [ [ -68.167242, 46.08285 ], [ -68.164807, 46.082912 ], [ -68.163251, 46.083899 ], [ -68.161505, 46.081999 ], [ -68.160951, 46.084511 ], [ -68.159309, 46.083939 ], [ -68.160326, 46.08787 ], [ -68.140547, 46.087964 ], [ -68.140709, 46.089035 ], [ -68.136155, 46.089033 ], [ -68.136117, 46.089964 ], [ -68.130558, 46.089983 ], [ -68.130373, 46.110444 ], [ -68.133232, 46.110674 ], [ -68.13435, 46.110035 ], [ -68.139248, 46.10894 ], [ -68.14237, 46.109215 ], [ -68.143423, 46.108759 ], [ -68.147085, 46.108778 ], [ -68.154609, 46.120951 ], [ -68.157958, 46.123454 ], [ -68.16731, 46.123497 ], [ -68.167242, 46.08285 ] ] ] ] } },
{ "type": "Feature", "properties": { "GEOID": "2349975", "NAME": "North Anson", "NAMELSAD": "North Anson CDP", "STUSPS": "ME", "STATE_NAME": "Maine", "LSAD": "57", "place_type": "CDP", "population": 445.0, "moe": 187.0 }, "geometry": { "type": "MultiPolygon", "coordinates": [ [ [ [ -69.914252, 44.859521 ], [ -69.911763, 44.859926 ], [ -69.910259, 44.857882 ], [ -69.912844, 44.854872 ], [ -69.909848, 44.852636 ], [ -69.913829, 44.852123 ], [ -69.912003, 44.850762 ], [ -69.908185, 44.850938 ], [ -69.907827, 44.849882 ], [ -69.901446, 44.850539 ], [ -69.899224, 44.847484 ], [ -69.890877, 44.848749 ], [ -69.887666, 44.84593 ], [ -69.884671, 44.854905 ], [ -69.885886, 44.878057 ], [ -69.898614, 44.876048 ], [ -69.900266, 44.873797 ], [ -69.900729, 44.869205 ], [ -69.899465, 44.869223 ], [ -69.901643, 44.866368 ], [ -69.904213, 44.86445 ], [ -69.905144, 44.865616 ], [ -69.909967, 44.865503 ], [ -69.910511, 44.869962 ], [ -69.915853, 44.868704 ], [ -69.91566, 44.865752 ], [ -69.913364, 44.863341 ], [ -69.916007, 44.862434 ], [ -69.914252, 44.859521 ] ] ] ] } },
{ "type": "Feature", "properties": { "GEOID": "2344235", "NAME": "Mattawamkeag", "NAMELSAD": "Mattawamkeag CDP", "STUSPS": "ME", "STATE_NAME": "Maine", "LSAD": "57", "place_type": "CDP", "population": 436.0, "moe": 169.0 }, "geometry": { "type": "MultiPolygon", "coordinates": [ [ [ [ -68.369394, 45.539782 ], [ -68.368533, 45.535767 ], [ -68.367247, 45.532707 ], [ -68.366675, 45.529398 ], [ -68.365164, 45.525814 ], [ -68.363064, 45.52357 ], [ -68.362292, 45.521881 ], [ -68.36243, 45.518051 ], [ -68.359112, 45.512343 ], [ -68.359156, 45.50696 ], [ -68.357703, 45.504135 ], [ -68.360637, 45.500393 ], [ -68.362887, 45.498412 ], [ -68.363209, 45.495548 ], [ -68.336854, 45.499746 ], [ -68.341212, 45.511488 ], [ -68.342201, 45.51145 ], [ -68.335059, 45.520056 ], [ -68.333037, 45.520621 ], [ -68.336612, 45.528026 ], [ -68.349172, 45.525817 ], [ -68.351667, 45.527646 ], [ -68.353644, 45.53065 ], [ -68.362954, 45.541965 ], [ -68.364764, 45.545943 ], [ -68.371672, 45.54172 ], [ -68.369394, 45.539782 ] ] ] ] } },
{ "type": "Feature", "properties": { "GEOID": "2351095", "NAME": "Northeast Harbor", "NAMELSAD": "Northeast Harbor CDP", "STUSPS": "ME", "STATE_NAME": "Maine", "LSAD": "57", "place_type": "CDP", "population": 419.0, "moe": 221.0 }, "geometry": { "type": "MultiPolygon", "coordinates": [ [ [ [ -68.307586, 44.2963321 ], [ -68.304359, 44.294484 ], [ -68.302172, 44.293701 ], [ -68.300556, 44.294314 ], [ -68.294614, 44.286658 ], [ -68.280237, 44.28645 ], [ -68.279557, 44.287934 ], [ -68.28222, 44.294318 ], [ -68.284949, 44.294929 ], [ -68.286259, 44.296424 ], [ -68.284163, 44.298495 ], [ -68.283958, 44.302005 ], [ -68.2836732, 44.3020226 ], [ -68.284003, 44.30363 ], [ -68.282961, 44.304254 ], [ -68.28441, 44.304894 ], [ -68.285253, 44.303383 ], [ -68.284688, 44.300009 ], [ -68.28519, 44.298311 ], [ -68.288022, 44.297123 ], [ -68.289807, 44.29448 ], [ -68.292048, 44.2948 ], [ -68.293103, 44.296268 ], [ -68.297599, 44.299427 ], [ -68.299652, 44.302293 ], [ -68.301389, 44.301459 ], [ -68.307109, 44.299779 ], [ -68.306954, 44.297951 ], [ -68.307586, 44.2963321 ] ] ] ] } },
{ "type": "Feature", "properties": { "GEOID": "2361805", "NAME": "Rangeley", "NAMELSAD": "Rangeley CDP", "STUSPS": "ME", "STATE_NAME": "Maine", "LSAD": "57", "place_type": "CDP", "population": 407.0, "moe": 145.0 }, "geometry": { "type": "MultiPolygon", "coordinates": [ [ [ [ -70.669885, 44.975035 ], [ -70.668094, 44.973112 ], [ -70.664223, 44.969892 ], [ -70.660285, 44.967484 ], [ -70.659867, 44.966136 ], [ -70.66048, 44.963057 ], [ -70.659608, 44.961715 ], [ -70.651462, 44.958014 ], [ -70.652123, 44.955679 ], [ -70.635884, 44.939085 ], [ -70.628227, 44.939899 ], [ -70.636377, 44.973945 ], [ -70.637839, 44.980207 ], [ -70.639405, 44.979485 ], [ -70.641474, 44.981201 ], [ -70.654015, 44.979573 ], [ -70.652519, 44.98261 ], [ -70.658048, 44.98183 ], [ -70.662583, 44.981512 ], [ -70.664622, 44.980731 ], [ -70.668895, 44.980968 ], [ -70.669208, 44.979177 ], [ -70.670523, 44.977495 ], [ -70.669885, 44.975035 ] ] ] ] } },
{ "type": "Feature", "properties": { "GEOID": "2386620", "NAME": "Winter Harbor", "NAMELSAD": "Winter Harbor CDP", "STUSPS": "ME", "STATE_NAME": "Maine", "LSAD": "57", "place_type": "CDP", "population": 371.0, "moe": 130.0 }, "geometry": { "type": "MultiPolygon", "coordinates": [ [ [ [ -68.1101171, 44.399385 ], [ -68.108748, 44.397997 ], [ -68.105658, 44.395619 ], [ -68.10138, 44.39511 ], [ -68.099954, 44.391883 ], [ -68.100123, 44.3918171 ], [ -68.102569, 44.390864 ], [ -68.104232, 44.388316 ], [ -68.103818, 44.385111 ], [ -68.1025656, 44.3823072 ], [ -68.10138, 44.379653 ], [ -68.0950501, 44.3730917 ], [ -68.0945886, 44.3726133 ], [ -68.092983, 44.370949 ], [ -68.090045, 44.371369 ], [ -68.08807, 44.371838 ], [ -68.087832, 44.376765 ], [ -68.088177, 44.3773311 ], [ -68.09425, 44.387297 ], [ -68.093299, 44.390184 ], [ -68.0849459, 44.3865716 ], [ -68.090772, 44.39101 ], [ -68.084785, 44.388904 ], [ -68.083971, 44.390604 ], [ -68.084583, 44.392622 ], [ -68.083765, 44.3944 ], [ -68.081054, 44.393303 ], [ -68.079905, 44.391383 ], [ -68.079904, 44.388707 ], [ -68.077842, 44.388652 ], [ -68.077481, 44.388456 ], [ -68.077289, 44.388228 ], [ -68.077194, 44.387863 ], [ -68.077162, 44.387383 ], [ -68.077066, 44.387223 ], [ -68.076747, 44.386925 ], [ -68.07646, 44.386514 ], [ -68.076395, 44.383816 ], [ -68.074163, 44.383976 ], [ -68.075025, 44.389829 ], [ -68.076206, 44.39287 ], [ -68.07372, 44.39294 ], [ -68.073519, 44.397401 ], [ -68.076701, 44.397414 ], [ -68.078445, 44.401384 ], [ -68.07908, 44.405308 ], [ -68.083582, 44.405768 ], [ -68.087971, 44.407446 ], [ -68.08746, 44.405613 ], [ -68.091251, 44.404981 ], [ -68.092031, 44.405612 ], [ -68.096207, 44.406651 ], [ -68.098712, 44.406119 ], [ -68.100191, 44.405106 ], [ -68.103152, 44.401933 ], [ -68.110793, 44.400409 ], [ -68.1101171, 44.399385 ] ] ] ] } },
{ "type": "Feature", "properties": { "GEOID": "2319385", "NAME": "Eagle Lake", "NAMELSAD": "Eagle Lake CDP", "STUSPS": "ME", "STATE_NAME": "Maine", "LSAD": "57", "place_type": "CDP", "population": 360.0, "moe": 86.0 }, "geometry": { "type": "MultiPolygon", "coordinates": [ [ [ [ -68.611898, 47.053805 ], [ -68.607527, 47.051386 ], [ -68.608534, 47.050381 ], [ -68.609059, 47.044074 ], [ -68.606255, 47.031889 ], [ -68.606334, 47.016546 ], [ -68.595646, 47.016692 ], [ -68.595279, 47.01421 ], [ -68.593472, 47.013602 ], [ -68.587152, 47.014189 ], [ -68.582375, 47.018967 ], [ -68.576227, 47.024019 ], [ -68.572477, 47.026537 ], [ -68.564745, 47.026816 ], [ -68.563107, 47.028344 ], [ -68.563265, 47.044416 ], [ -68.57125, 47.045695 ], [ -68.576196, 47.045172 ], [ -68.580094, 47.044154 ], [ -68.58309, 47.044357 ], [ -68.585883, 47.046248 ], [ -68.590712, 47.053201 ], [ -68.59461, 47.058321 ], [ -68.596482, 47.057061 ], [ -68.594939, 47.05477 ], [ -68.601122, 47.05377 ], [ -68.606845, 47.053439 ], [ -68.609405, 47.054076 ], [ -68.611898, 47.053805 ] ] ] ] } },
{ "type": "Feature", "properties": { "GEOID": "2373635", "NAME": "Standish", "NAMELSAD": "Standish CDP", "STUSPS": "ME", "STATE_NAME": "Maine", "LSAD": "57", "place_type": "CDP", "population": 360.0, "moe": 157.0 }, "geometry": { "type": "MultiPolygon", "coordinates": [ [ [ [ -70.575148, 43.73255 ], [ -70.566816, 43.733567 ], [ -70.560801, 43.725906 ], [ -70.558943, 43.724691 ], [ -70.558136, 43.722627 ], [ -70.555373, 43.719286 ], [ -70.557094, 43.718112 ], [ -70.553811, 43.716552 ], [ -70.549965, 43.715796 ], [ -70.546605, 43.71316 ], [ -70.539895, 43.720059 ], [ -70.541117, 43.721328 ], [ -70.54386, 43.722732 ], [ -70.537581, 43.729165 ], [ -70.544191, 43.732166 ], [ -70.543313, 43.734594 ], [ -70.545031, 43.737121 ], [ -70.543534, 43.739375 ], [ -70.545414, 43.740991 ], [ -70.537157, 43.749218 ], [ -70.545413, 43.753746 ], [ -70.546607, 43.755484 ], [ -70.55035, 43.754693 ], [ -70.552782, 43.756503 ], [ -70.554568, 43.756034 ], [ -70.555752, 43.757053 ], [ -70.55572, 43.753098 ], [ -70.556319, 43.749221 ], [ -70.557633, 43.747232 ], [ -70.560112, 43.746111 ], [ -70.56253, 43.743668 ], [ -70.561171, 43.742688 ], [ -70.561106, 43.741272 ], [ -70.562432, 43.740379 ], [ -70.56534, 43.740807 ], [ -70.56711, 43.739865 ], [ -70.575141, 43.734545 ], [ -70.575568, 43.733691 ], [ -70.575148, 43.73255 ] ] ] ] } },
{ "type": "Feature", "properties": { "GEOID": "2335030", "NAME": "Island Falls", "NAMELSAD": "Island Falls CDP", "STUSPS": "ME", "STATE_NAME": "Maine", "LSAD": "57", "place_type": "CDP", "population": 359.0, "moe": 86.0 }, "geometry": { "type": "MultiPolygon", "coordinates": [ [ [ [ -68.282784, 46.015488 ], [ -68.27648, 46.012238 ], [ -68.277932, 46.010775 ], [ -68.272319, 46.006801 ], [ -68.271136, 46.006449 ], [ -68.272807, 46.006159 ], [ -68.27192, 46.003708 ], [ -68.270102, 46.001926 ], [ -68.26866, 45.999321 ], [ -68.267466, 45.999631 ], [ -68.261777, 45.997387 ], [ -68.24955, 45.99645 ], [ -68.245521, 45.995915 ], [ -68.241473, 45.993574 ], [ -68.237861, 45.992737 ], [ -68.236485, 45.993207 ], [ -68.240853, 45.994228 ], [ -68.240199, 45.996377 ], [ -68.241907, 45.998205 ], [ -68.247449, 45.99699 ], [ -68.24981, 45.997217 ], [ -68.252665, 46.001014 ], [ -68.25381, 46.003872 ], [ -68.258104, 46.007692 ], [ -68.260499, 46.007876 ], [ -68.26082, 46.010548 ], [ -68.263805, 46.01236 ], [ -68.263476, 46.014139 ], [ -68.264327, 46.016572 ], [ -68.263867, 46.018553 ], [ -68.26544, 46.020149 ], [ -68.266096, 46.02265 ], [ -68.266087, 46.026022 ], [ -68.268447, 46.023128 ], [ -68.270186, 46.022236 ], [ -68.278392, 46.016607 ], [ -68.282784, 46.015488 ] ] ] ] } },
{ "type": "Feature", "properties": { "GEOID": "2378220", "NAME": "Unity", "NAMELSAD": "Unity CDP", "STUSPS": "ME", "STATE_NAME": "Maine", "LSAD": "57", "place_type": "CDP", "population": 333.0, "moe": 112.0 }, "geometry": { "type": "MultiPolygon", "coordinates": [ [ [ [ -69.354895, 44.612341 ], [ -69.352817, 44.611441 ], [ -69.350261, 44.608958 ], [ -69.344987, 44.608804 ], [ -69.342493, 44.607903 ], [ -69.339272, 44.607872 ], [ -69.337106, 44.608407 ], [ -69.334445, 44.608364 ], [ -69.333339, 44.6093 ], [ -69.33318, 44.611152 ], [ -69.331996, 44.611792 ], [ -69.330139, 44.611038 ], [ -69.329179, 44.611793 ], [ -69.327354, 44.611061 ], [ -69.322649, 44.610307 ], [ -69.322297, 44.612114 ], [ -69.319031, 44.607266 ], [ -69.312469, 44.604751 ], [ -69.310485, 44.604408 ], [ -69.308372, 44.60562 ], [ -69.305428, 44.605414 ], [ -69.303552, 44.607461 ], [ -69.305774, 44.608823 ], [ -69.310977, 44.610368 ], [ -69.316417, 44.613436 ], [ -69.319565, 44.616761 ], [ -69.322165, 44.620175 ], [ -69.32378, 44.621607 ], [ -69.326912, 44.622128 ], [ -69.329566, 44.621351 ], [ -69.333824, 44.620847 ], [ -69.340996, 44.622171 ], [ -69.342726, 44.625544 ], [ -69.342503, 44.627716 ], [ -69.341575, 44.629065 ], [ -69.341705, 44.631764 ], [ -69.342666, 44.632427 ], [ -69.343593, 44.629545 ], [ -69.3464, 44.631985 ], [ -69.3483, 44.629772 ], [ -69.347594, 44.628838 ], [ -69.348488, 44.627631 ], [ -69.347972, 44.625785 ], [ -69.348899, 44.624677 ], [ -69.34867, 44.622399 ], [ -69.349854, 44.622036 ], [ -69.352249, 44.619051 ], [ -69.355214, 44.613283 ], [ -69.354895, 44.612341 ] ] ] ] } },
{ "type": "Feature", "properties": { "GEOID": "2345565", "NAME": "Milbridge", "NAMELSAD": "Milbridge CDP", "STUSPS": "ME", "STATE_NAME": "Maine", "LSAD": "57", "place_type": "CDP", "population": 326.0, "moe": 119.0 }, "geometry": { "type": "MultiPolygon", "coordinates": [ [ [ [ -67.899796, 44.51805 ], [ -67.896678, 44.519716 ], [ -67.888806, 44.526075 ], [ -67.885617, 44.526698 ], [ -67.885127, 44.525152 ], [ -67.878981, 44.526208 ], [ -67.878347, 44.526695 ], [ -67.87599, 44.52488 ], [ -67.875537, 44.526017 ], [ -67.872571, 44.528131 ], [ -67.871478, 44.53126 ], [ -67.87325, 44.535596 ], [ -67.877624, 44.54046 ], [ -67.881391, 44.541961 ], [ -67.883655, 44.542295 ], [ -67.889765, 44.547926 ], [ -67.891532, 44.547394 ], [ -67.906129, 44.544014 ], [ -67.899796, 44.51805 ] ] ] ] } },
{ "type": "Feature", "properties": { "GEOID": "2341575", "NAME": "Lubec", "NAMELSAD": "Lubec CDP", "STUSPS": "ME", "STATE_NAME": "Maine", "LSAD": "57", "place_type": "CDP", "population": 277.0, "moe": 109.0 }, "geometry": { "type": "MultiPolygon", "coordinates": [ [ [ [ -67.001576, 44.852496 ], [ -66.999287, 44.849933 ], [ -66.9959189, 44.8454215 ], [ -66.99296, 44.849181 ], [ -66.9866476, 44.8519621 ], [ -66.984067, 44.853099 ], [ -66.980033, 44.85597 ], [ -66.9801817, 44.8563672 ], [ -66.980977, 44.858491 ], [ -66.9819899, 44.8602859 ], [ -66.982044, 44.8603818 ], [ -66.983412, 44.862336 ], [ -66.985654, 44.862763 ], [ -66.989025, 44.862615 ], [ -66.99076, 44.861952 ], [ -66.991886, 44.858623 ], [ -66.993549, 44.857392 ], [ -66.99327, 44.855812 ], [ -66.994925, 44.853753 ], [ -66.996818, 44.852463 ], [ -66.999424, 44.851707 ], [ -67.001576, 44.852496 ] ] ] ] } },
{ "type": "Feature", "properties": { "GEOID": "2328555", "NAME": "Grand Isle", "NAMELSAD": "Grand Isle CDP", "STUSPS": "ME", "STATE_NAME": "Maine", "LSAD": "57", "place_type": "CDP", "population": 243.0, "moe": 72.0 }, "geometry": { "type": "MultiPolygon", "coordinates": [ [ [ [ -68.170395, 47.311823 ], [ -68.165393, 47.30813 ], [ -68.149603, 47.298335 ], [ -68.146164, 47.295721 ], [ -68.1420867, 47.3008753 ], [ -68.145452, 47.304093 ], [ -68.152302, 47.309878 ], [ -68.153275, 47.311729 ], [ -68.1534385, 47.3133426 ], [ -68.155492, 47.313398 ], [ -68.156399, 47.314587 ], [ -68.161173, 47.314181 ], [ -68.165394, 47.3134 ], [ -68.170395, 47.311823 ] ] ] ] } },
{ "type": "Feature", "properties": { "GEOID": "2305350", "NAME": "Blaine", "NAMELSAD": "Blaine CDP", "STUSPS": "ME", "STATE_NAME": "Maine", "LSAD": "57", "place_type": "CDP", "population": 206.0, "moe": 108.0 }, "geometry": { "type": "MultiPolygon", "coordinates": [ [ [ [ -67.898529, 46.502356 ], [ -67.888467, 46.50245 ], [ -67.889796, 46.501143 ], [ -67.889368, 46.499543 ], [ -67.889447, 46.495732 ], [ -67.868497, 46.495789 ], [ -67.868393, 46.481251 ], [ -67.853384, 46.481238 ], [ -67.853829, 46.48469 ], [ -67.852679, 46.488765 ], [ -67.853427, 46.491749 ], [ -67.857358, 46.495688 ], [ -67.844886, 46.495712 ], [ -67.846609, 46.498376 ], [ -67.847558, 46.501516 ], [ -67.850547, 46.505678 ], [ -67.852726, 46.509494 ], [ -67.868354, 46.50938 ], [ -67.874402, 46.509336 ], [ -67.898468, 46.508937 ], [ -67.898933, 46.506348 ], [ -67.898529, 46.502356 ] ] ] ] } },
{ "type": "Feature", "properties": { "GEOID": "2364535", "NAME": "Sabattus", "NAMELSAD": "Sabattus CDP", "STUSPS": "ME", "STATE_NAME": "Maine", "LSAD": "57", "place_type": "CDP", "population": 134.0, "moe": 106.0 }, "geometry": { "type": "MultiPolygon", "coordinates": [ [ [ [ -70.11673, 44.109264 ], [ -70.104034, 44.11496 ], [ -70.098634, 44.117898 ], [ -70.093304, 44.118862 ], [ -70.093605, 44.121919 ], [ -70.098607, 44.12554 ], [ -70.09638, 44.126588 ], [ -70.096185, 44.128413 ], [ -70.099105, 44.131707 ], [ -70.100564, 44.131241 ], [ -70.115252, 44.126237 ], [ -70.115914, 44.12515 ], [ -70.11875, 44.115394 ], [ -70.11673, 44.109264 ] ] ] ] } },
{ "type": "Feature", "properties": { "GEOID": "2378640", "NAME": "Vanceboro", "NAMELSAD": "Vanceboro CDP", "STUSPS": "ME", "STATE_NAME": "Maine", "LSAD": "57", "place_type": "CDP", "population": 122.0, "moe": 54.0 }, "geometry": { "type": "MultiPolygon", "coordinates": [ [ [ [ -67.437007, 45.567566 ], [ -67.433932, 45.561534 ], [ -67.430927, 45.556952 ], [ -67.429174, 45.555519 ], [ -67.427763, 45.555772 ], [ -67.428061, 45.552309 ], [ -67.429258, 45.550475 ], [ -67.4211086, 45.5503503 ], [ -67.422679, 45.554155 ], [ -67.422142, 45.556569 ], [ -67.426603, 45.5606 ], [ -67.428362, 45.568906 ], [ -67.423646, 45.572153 ], [ -67.425452, 45.579086 ], [ -67.429716, 45.583773 ], [ -67.4307405, 45.5845362 ], [ -67.433781, 45.58196 ], [ -67.433463, 45.572016 ], [ -67.433636, 45.569967 ], [ -67.436857, 45.569603 ], [ -67.436027, 45.567906 ], [ -67.437007, 45.567566 ] ] ] ] } },
{ "type": "Feature", "properties": { "GEOID": "2340470", "NAME": "Littlejohn Island", "NAMELSAD": "Littlejohn Island CDP", "STUSPS": "ME", "STATE_NAME": "Maine", "LSAD": "57", "place_type": "CDP", "population": 73.0, "moe": 68.0 }, "geometry": { "type": "MultiPolygon", "coordinates": [ [ [ [ -70.1379297, 43.7544151 ], [ -70.135087, 43.753152 ], [ -70.128432, 43.75504 ], [ -70.123441, 43.757615 ], [ -70.122014, 43.760877 ], [ -70.118212, 43.762079 ], [ -70.115359, 43.764653 ], [ -70.120113, 43.765168 ], [ -70.126768, 43.764825 ], [ -70.1327657, 43.764103299999988 ], [ -70.133241, 43.76353 ], [ -70.136471, 43.758178 ], [ -70.137518, 43.756665 ], [ -70.137809, 43.755937 ], [ -70.1379297, 43.7544151 ] ] ] ] } }
]
}
